Scan;Index;Time (s);WE(1).Potential (V);WE(1).Current (A);Baseline corrected WE(1).Current (A);Current range;Overload
1;1;6.15783398445296;0.0029266357421875;0.0034332275390625;;1 A;
1;2;6.16054398444612;0.00538024902343751;0.00458984375;;1 A;
1;3;6.16325398443928;0.00782470703125;0.005474853515625;;1 A;
1;4;6.16596398443244;0.0102386474609375;0.006396484375;;1 A;
1;5;6.1686739844256;0.0126861572265625;0.0072784423828125;;1 A;
1;6;6.17138398441875;0.0151275634765625;0.00803527832031251;;1 A;
1;7;6.17409398441191;0.0175750732421875;0.008819580078125;;1 A;
1;8;6.17680398440507;0.020013427734375;0.0094940185546875;;1 A;
1;9;6.17951398439823;0.022454833984375;0.0102783203125;;1 A;
1;10;6.18222398439138;0.0248809814453125;0.0110809326171875;;1 A;
1;11;6.18493398438454;0.027337646484375;0.011920166015625;;1 A;
1;12;6.1876439843777;0.0297637939453125;0.0126800537109375;;1 A;
1;13;6.19035398437086;0.03218994140625;0.0135284423828125;;1 A;
1;14;6.19306398436402;0.0346588134765625;0.014306640625;;1 A;
1;15;6.19577398435717;0.0370880126953125;0.0150421142578125;;1 A;
1;16;6.19848398435033;0.03951416015625;0.016015625;;1 A;
1;17;6.20119398434349;0.04195556640625;0.0168212890625;;1 A;
1;18;6.20390398433665;0.04439697265625;0.0177947998046875;;1 A;
1;19;6.20661398432981;0.0468292236328125;0.0186492919921875;;1 A;
1;20;6.20932398432296;0.049261474609375;0.0196136474609375;;1 A;
1;21;6.21203398431612;0.05157470703125;0.0204315185546875;;1 A;
1;22;6.21474398430928;0.054046630859375;0.02152099609375;;1 A;
1;23;6.21745398430244;0.056549072265625;0.0224212646484375;;1 A;
1;24;6.2201639842956;0.0589599609375;0.0236572265625;;1 A;
1;25;6.22287398428875;0.061370849609375;0.02462158203125;;1 A;
1;26;6.22558398428191;0.0638427734375;0.0258392333984375;;1 A;
1;27;6.22829398427507;0.066253662109375;0.0267913818359375;;1 A;
1;28;6.23100398426823;0.06866455078125;0.0280242919921875;;1 A;
1;29;6.23371398426139;0.071136474609375;0.029119873046875;;1 A;
1;30;6.23642398425454;0.073577880859375;0.03050537109375;;1 A;
1;31;6.2391339842477;0.07598876953125;0.03177490234375;;1 A;
1;32;6.24184398424086;0.0784912109375;0.0331695556640625;;1 A;
1;33;6.24455398423402;0.080902099609375;0.0343475341796875;;1 A;
1;34;6.24726398422717;0.08331298828125;0.0357177734375;;1 A;
1;35;6.24997398422033;0.085784912109375;0.037066650390625;;1 A;
1;36;6.25268398421349;0.088226318359375;0.0388092041015625;;1 A;
1;37;6.25539398420665;0.0906982421875;0.040277099609375;;1 A;
1;38;6.25810398419981;0.09307861328125;0.041888427734375;;1 A;
1;39;6.26081398419296;0.095550537109375;0.0433563232421875;;1 A;
1;40;6.26352398418612;0.09796142578125;0.04495849609375;;1 A;
1;41;6.26623398417928;0.100433349609375;0.0466949462890625;;1 A;
1;42;6.26894398417244;0.10284423828125;0.0485137939453125;;1 A;
1;43;6.2716539841656;0.10528564453125;0.05035400390625;;1 A;
1;44;6.27436398415875;0.10772705078125;0.052276611328125;;1 A;
1;45;6.27707398415191;0.110137939453125;0.054107666015625;;1 A;
1;46;6.27978398414507;0.112548828125;0.0560302734375;;1 A;
1;47;6.28249398413823;0.115020751953125;0.058013916015625;;1 A;
1;48;6.28520398413139;0.117401123046875;0.0601806640625;;1 A;
1;49;6.28791398412454;0.119873046875;0.062469482421875;;1 A;
1;50;6.2906239841177;0.122314453125;0.064544677734375;;1 A;
1;51;6.29333398411086;0.124786376953125;0.06671142578125;;1 A;
1;52;6.29604398410402;0.12725830078125;0.0689697265625;;1 A;
1;53;6.29875398409717;0.129638671875;0.071441650390625;;1 A;
1;54;6.30146398409033;0.132080078125;0.07379150390625;;1 A;
1;55;6.30417398408349;0.13446044921875;0.076446533203125;;1 A;
1;56;6.30688398407665;0.13702392578125;0.078887939453125;;1 A;
1;57;6.30959398406981;0.13934326171875;0.081573486328125;;1 A;
1;58;6.31230398406296;0.141845703125;0.0841064453125;;1 A;
1;59;6.31501398405612;0.144287109375;0.08697509765625;;1 A;
1;60;6.31772398404928;0.146728515625;0.0894775390625;;1 A;
1;61;6.32043398404244;0.149139404296875;0.092681884765625;;1 A;
1;62;6.3231439840356;0.151580810546875;0.0953369140625;;1 A;
1;63;6.32585398402875;0.1539306640625;0.098419189453125;;1 A;
1;64;6.32856398402191;0.156524658203125;0.10101318359375;;1 A;
1;65;6.33127398401507;0.15887451171875;0.10394287109375;;1 A;
1;66;6.33398398400823;0.16131591796875;0.10662841796875;;1 A;
1;67;6.33669398400139;0.163787841796875;0.10986328125;;1 A;
1;68;6.33940398399454;0.166259765625;0.11248779296875;;1 A;
1;69;6.3421139839877;0.168670654296875;0.115509033203125;;1 A;
1;70;6.34482398398086;0.171112060546875;0.11785888671875;;1 A;
1;71;6.34753398397402;0.17352294921875;0.12109375;;1 A;
1;72;6.35024398396718;0.17596435546875;0.1241455078125;;1 A;
1;73;6.35295398396033;0.178436279296875;0.1280517578125;;1 A;
1;74;6.35566398395349;0.180816650390625;0.13153076171875;;1 A;
1;75;6.35837398394665;0.183319091796875;0.135345458984375;;1 A;
1;76;6.36108398393981;0.185699462890625;0.138519287109375;;1 A;
1;77;6.36379398393296;0.18817138671875;0.142242431640625;;1 A;
1;78;6.36650398392612;0.19061279296875;0.146148681640625;;1 A;
1;79;6.36921398391928;0.19305419921875;0.150421142578125;;1 A;
1;80;6.37192398391244;0.195465087890625;0.154388427734375;;1 A;
1;81;6.3746339839056;0.197906494140625;0.1583251953125;;1 A;
1;82;6.37734398389875;0.20037841796875;0.162139892578125;;1 A;
1;83;6.38005398389191;0.20281982421875;0.166015625;;1 A;
1;84;6.38276398388507;0.20526123046875;0.170257568359375;;1 A;
1;85;6.38547398387823;0.2076416015625;0.174530029296875;;1 A;
1;86;6.38818398387139;0.210113525390625;0.17889404296875;;1 A;
1;87;6.39089398386454;0.212554931640625;0.1829833984375;;1 A;
1;88;6.3936039838577;0.2149658203125;0.1871337890625;;1 A;
1;89;6.39631398385086;0.2174072265625;0.191162109375;;1 A;
1;90;6.39902398384402;0.219879150390625;0.19573974609375;;1 A;
1;91;6.40173398383718;0.222320556640625;0.19989013671875;;1 A;
1;92;6.40444398383033;0.224761962890625;0.204498291015625;;1 A;
1;93;6.40715398382349;0.2271728515625;0.2086181640625;;1 A;
1;94;6.40986398381665;0.229644775390625;0.21307373046875;;1 A;
1;95;6.41257398380981;0.232025146484375;0.21697998046875;;1 A;
1;96;6.41528398380296;0.23443603515625;0.221405029296875;;1 A;
1;97;6.41799398379612;0.23687744140625;0.225494384765625;;1 A;
1;98;6.42070398378928;0.2393798828125;0.230377197265625;;1 A;
1;99;6.42341398378244;0.24176025390625;0.234375;;1 A;
1;100;6.4261239837756;0.2442626953125;0.238983154296875;;1 A;
1;101;6.42883398376875;0.246673583984375;0.24249267578125;;1 A;
1;102;6.43154398376191;0.2491455078125;0.2469482421875;;1 A;
1;103;6.43425398375507;0.251556396484375;0.250732421875;;1 A;
1;104;6.43696398374823;0.253997802734375;0.25567626953125;;1 A;
1;105;6.43967398374139;0.2564697265625;0.25946044921875;;1 A;
1;106;6.44238398373454;0.25885009765625;0.2637939453125;;1 A;
1;107;6.4450939837277;0.261322021484375;0.26702880859375;;1 A;
1;108;6.44780398372086;0.2637939453125;0.27105712890625;;1 A;
1;109;6.45051398371402;0.266204833984375;0.2747802734375;;1 A;
1;110;6.45322398370718;0.268585205078125;0.279266357421875;;1 A;
1;111;6.45593398370033;0.2711181640625;0.282867431640625;;1 A;
1;112;6.45864398369349;0.273468017578125;0.2867431640625;;1 A;
1;113;6.46135398368665;0.275970458984375;0.28955078125;;1 A;
1;114;6.46406398367981;0.27838134765625;0.29302978515625;;1 A;
1;115;6.46677398367297;0.28082275390625;0.296539306640625;;1 A;
1;116;6.46948398366612;0.283203125;0.300323486328125;;1 A;
1;117;6.47219398365928;0.285675048828125;0.30364990234375;;1 A;
1;118;6.47490398365244;0.28814697265625;0.306793212890625;;1 A;
1;119;6.4776139836456;0.29058837890625;0.309417724609375;;1 A;
1;120;6.48032398363875;0.292999267578125;0.312103271484375;;1 A;
1;121;6.48303398363191;0.29541015625;0.314910888671875;;1 A;
1;122;6.48574398362507;0.29791259765625;0.31817626953125;;1 A;
1;123;6.48845398361823;0.30029296875;0.3206787109375;;1 A;
1;124;6.49116398361139;0.302764892578125;0.323272705078125;;1 A;
1;125;6.49387398360454;0.30523681640625;0.325592041015625;;1 A;
1;126;6.4965839835977;0.30767822265625;0.327484130859375;;1 A;
1;127;6.49929398359086;0.31005859375;0.329742431640625;;1 A;
1;128;6.50200398358402;0.312530517578125;0.331939697265625;;1 A;
1;129;6.50471398357718;0.314971923828125;0.33416748046875;;1 A;
1;130;6.50742398357033;0.3173828125;0.335968017578125;;1 A;
1;131;6.51013398356349;0.319793701171875;0.337615966796875;;1 A;
1;132;6.51284398355665;0.322265625;0.338653564453125;;1 A;
1;133;6.51555398354981;0.324737548828125;0.340423583984375;;1 A;
1;134;6.51826398354297;0.327178955078125;0.341644287109375;;1 A;
1;135;6.52097398353612;0.329620361328125;0.34326171875;;1 A;
1;136;6.52368398352928;0.332000732421875;0.344146728515625;;1 A;
1;137;6.52639398352244;0.334503173828125;0.345367431640625;;1 A;
1;138;6.5291039835156;0.3369140625;0.345794677734375;;1 A;
1;139;6.53181398350875;0.33935546875;0.3466796875;;1 A;
1;140;6.53452398350191;0.341766357421875;0.34716796875;;1 A;
1;141;6.53723398349507;0.344207763671875;0.348236083984375;;1 A;
1;142;6.53994398348823;0.346710205078125;0.348419189453125;;1 A;
1;143;6.54265398348139;0.34912109375;0.348907470703125;;1 A;
1;144;6.54536398347454;0.3515625;0.3486328125;;1 A;
1;145;6.5480739834677;0.353973388671875;0.348846435546875;;1 A;
1;146;6.55078398346086;0.3564453125;0.3487548828125;;1 A;
1;147;6.55349398345402;0.35888671875;0.34912109375;;1 A;
1;148;6.55620398344718;0.361297607421875;0.348785400390625;;1 A;
1;149;6.55891398344033;0.36376953125;0.348785400390625;;1 A;
1;150;6.56162398343349;0.3662109375;0.34783935546875;;1 A;
1;151;6.56433398342665;0.36859130859375;0.347259521484375;;1 A;
1;152;6.56704398341981;0.37109375;0.34674072265625;;1 A;
1;153;6.56975398341297;0.373504638671875;0.346588134765625;;1 A;
1;154;6.57246398340612;0.37591552734375;0.34576416015625;;1 A;
1;155;6.57517398339928;0.378387451171875;0.345062255859375;;1 A;
1;156;6.57788398339244;0.380828857421875;0.343780517578125;;1 A;
1;157;6.5805939833856;0.383270263671875;0.342742919921875;;1 A;
1;158;6.58330398337876;0.3857421875;0.3416748046875;;1 A;
1;159;6.58601398337191;0.388092041015625;0.34100341796875;;1 A;
1;160;6.58872398336507;0.39056396484375;0.33990478515625;;1 A;
1;161;6.59143398335823;0.39300537109375;0.338775634765625;;1 A;
1;162;6.59414398335139;0.395477294921875;0.33721923828125;;1 A;
1;163;6.59685398334454;0.397918701171875;0.3358154296875;;1 A;
1;164;6.5995639833377;0.400299072265625;0.33447265625;;1 A;
1;165;6.60227398333086;0.402740478515625;0.333343505859375;;1 A;
1;166;6.60498398332402;0.405242919921875;0.33197021484375;;1 A;
1;167;6.60769398331718;0.407684326171875;0.330535888671875;;1 A;
1;168;6.61040398331033;0.41009521484375;0.328948974609375;;1 A;
1;169;6.61311398330349;0.412567138671875;0.3272705078125;;1 A;
1;170;6.61582398329665;0.414947509765625;0.325927734375;;1 A;
1;171;6.61853398328981;0.417388916015625;0.324371337890625;;1 A;
1;172;6.62124398328297;0.4197998046875;0.322906494140625;;1 A;
1;173;6.62395398327612;0.4222412109375;0.321197509765625;;1 A;
1;174;6.62666398326928;0.42474365234375;0.319671630859375;;1 A;
1;175;6.62937398326244;0.427093505859375;0.31787109375;;1 A;
1;176;6.6320839832556;0.429534912109375;0.31634521484375;;1 A;
1;177;6.63479398324876;0.432037353515625;0.314697265625;;1 A;
1;178;6.63750398324191;0.434478759765625;0.31317138671875;;1 A;
1;179;6.64021398323507;0.436859130859375;0.311370849609375;;1 A;
1;180;6.64292398322823;0.4393310546875;0.30987548828125;;1 A;
1;181;6.64563398322139;0.441802978515625;0.308135986328125;;1 A;
1;182;6.64834398321455;0.4442138671875;0.306427001953125;;1 A;
1;183;6.6510539832077;0.446746826171875;0.304718017578125;;1 A;
1;184;6.65376398320086;0.4490966796875;0.303253173828125;;1 A;
1;185;6.65647398319402;0.451568603515625;0.30157470703125;;1 A;
1;186;6.65918398318718;0.4539794921875;0.300018310546875;;1 A;
1;187;6.66189398318033;0.456451416015625;0.298309326171875;;1 A;
1;188;6.66460398317349;0.458831787109375;0.29669189453125;;1 A;
1;189;6.66731398316665;0.4613037109375;0.295135498046875;;1 A;
1;190;6.67002398315981;0.463714599609375;0.2935791015625;;1 A;
1;191;6.67273398315297;0.4661865234375;0.291900634765625;;1 A;
1;192;6.67544398314612;0.468597412109375;0.2904052734375;;1 A;
1;193;6.67815398313928;0.471038818359375;0.288665771484375;;1 A;
1;194;6.68086398313244;0.473480224609375;0.287139892578125;;1 A;
1;195;6.6835739831256;0.475982666015625;0.2855224609375;;1 A;
1;196;6.68628398311876;0.4783935546875;0.284088134765625;;1 A;
1;197;6.68899398311191;0.480804443359375;0.282470703125;;1 A;
1;198;6.69170398310507;0.483245849609375;0.281036376953125;;1 A;
1;199;6.69441398309823;0.485626220703125;0.2794189453125;;1 A;
1;200;6.69712398309139;0.48809814453125;0.277923583984375;;1 A;
1;201;6.69983398308455;0.490570068359375;0.276397705078125;;1 A;
1;202;6.7025439830777;0.49298095703125;0.2750244140625;;1 A;
1;203;6.70525398307086;0.49542236328125;0.273590087890625;;1 A;
1;204;6.70796398306402;0.497833251953125;0.27215576171875;;1 A;
1;205;6.71067398305718;0.50030517578125;0.270599365234375;;1 A;
1;206;6.71338398305033;0.50274658203125;0.26922607421875;;1 A;
1;207;6.71609398304349;0.50518798828125;0.267730712890625;;1 A;
1;208;6.71880398303665;0.507598876953125;0.2664794921875;;1 A;
1;209;6.72151398302981;0.510040283203125;0.265106201171875;;1 A;
1;210;6.72422398302297;0.51251220703125;0.26373291015625;;1 A;
1;211;6.72693398301612;0.514923095703125;0.2623291015625;;1 A;
1;212;6.72964398300928;0.517364501953125;0.260986328125;;1 A;
1;213;6.73235398300244;0.519805908203125;0.259674072265625;;1 A;
1;214;6.7350639829956;0.522247314453125;0.2584228515625;;1 A;
1;215;6.73777398298876;0.524658203125;0.25714111328125;;1 A;
1;216;6.74048398298191;0.527130126953125;0.255859375;;1 A;
1;217;6.74319398297507;0.529541015625;0.25457763671875;;1 A;
1;218;6.74590398296823;0.53204345703125;0.253326416015625;;1 A;
1;219;6.74861398296139;0.534454345703125;0.252105712890625;;1 A;
1;220;6.75132398295455;0.536895751953125;0.250946044921875;;1 A;
1;221;6.7540339829477;0.539306640625;0.249755859375;;1 A;
1;222;6.75674398294086;0.541778564453125;0.248565673828125;;1 A;
1;223;6.75945398293402;0.544189453125;0.247406005859375;;1 A;
1;224;6.76216398292718;0.546661376953125;0.246246337890625;;1 A;
1;225;6.76487398292034;0.549072265625;0.24517822265625;;1 A;
1;226;6.76758398291349;0.551544189453125;0.2440185546875;;1 A;
1;227;6.77029398290665;0.55401611328125;0.24298095703125;;1 A;
1;228;6.77300398289981;0.556427001953125;0.241851806640625;;1 A;
1;229;6.77571398289297;0.558837890625;0.24078369140625;;1 A;
1;230;6.77842398288612;0.56134033203125;0.239776611328125;;1 A;
1;231;6.78113398287928;0.563751220703125;0.238739013671875;;1 A;
1;232;6.78384398287244;0.566162109375;0.237701416015625;;1 A;
1;233;6.7865539828656;0.568634033203125;0.2366943359375;;1 A;
1;234;6.78926398285876;0.571044921875;0.235687255859375;;1 A;
1;235;6.79197398285191;0.573455810546875;0.2347412109375;;1 A;
1;236;6.79468398284507;0.575927734375;0.2337646484375;;1 A;
1;237;6.79739398283823;0.578338623046875;0.23284912109375;;1 A;
1;238;6.80010398283139;0.580780029296875;0.23193359375;;1 A;
1;239;6.80281398282455;0.583251953125;0.23101806640625;;1 A;
1;240;6.8055239828177;0.585693359375;0.23004150390625;;1 A;
1;241;6.80823398281086;0.58807373046875;0.229217529296875;;1 A;
1;242;6.81094398280402;0.590545654296875;0.22833251953125;;1 A;
1;243;6.81365398279718;0.592926025390625;0.227447509765625;;1 A;
1;244;6.81636398279034;0.595428466796875;0.226593017578125;;1 A;
1;245;6.81907398278349;0.59783935546875;0.225799560546875;;1 A;
1;246;6.82178398277665;0.60028076171875;0.224945068359375;;1 A;
1;247;6.82449398276981;0.602691650390625;0.224151611328125;;1 A;
1;248;6.82720398276297;0.605133056640625;0.2232666015625;;1 A;
1;249;6.82991398275612;0.607635498046875;0.2225341796875;;1 A;
1;250;6.83262398274928;0.610015869140625;0.22174072265625;;1 A;
1;251;6.83533398274244;0.612457275390625;0.221038818359375;;1 A;
1;252;6.8380439827356;0.61492919921875;0.220245361328125;;1 A;
1;253;6.84075398272876;0.617340087890625;0.219512939453125;;1 A;
1;254;6.84346398272191;0.61981201171875;0.21875;;1 A;
1;255;6.84617398271507;0.62225341796875;0.217987060546875;;1 A;
1;256;6.84888398270823;0.62469482421875;0.217315673828125;;1 A;
1;257;6.85159398270139;0.62713623046875;0.21661376953125;;1 A;
1;258;6.85430398269455;0.629547119140625;0.215972900390625;;1 A;
1;259;6.8570139826877;0.63201904296875;0.21527099609375;;1 A;
1;260;6.85972398268086;0.634429931640625;0.214569091796875;;1 A;
1;261;6.86243398267402;0.63690185546875;0.21392822265625;;1 A;
1;262;6.86514398266718;0.63934326171875;0.213287353515625;;1 A;
1;263;6.86785398266034;0.6417236328125;0.212615966796875;;1 A;
1;264;6.87056398265349;0.644134521484375;0.212005615234375;;1 A;
1;265;6.87327398264665;0.646575927734375;0.211395263671875;;1 A;
1;266;6.87598398263981;0.649017333984375;0.2108154296875;;1 A;
1;267;6.87869398263297;0.651519775390625;0.210205078125;;1 A;
1;268;6.88140398262613;0.65386962890625;0.209625244140625;;1 A;
1;269;6.88411398261928;0.65631103515625;0.209014892578125;;1 A;
1;270;6.88682398261244;0.658782958984375;0.20849609375;;1 A;
1;271;6.8895339826056;0.6612548828125;0.20794677734375;;1 A;
1;272;6.89224398259876;0.6636962890625;0.2073974609375;;1 A;
1;273;6.89495398259191;0.6661376953125;0.206817626953125;;1 A;
1;274;6.89766398258507;0.668548583984375;0.206298828125;;1 A;
1;275;6.90037398257823;0.6710205078125;0.205810546875;;1 A;
1;276;6.90308398257139;0.67340087890625;0.205291748046875;;1 A;
1;277;6.90579398256455;0.675872802734375;0.204803466796875;;1 A;
1;278;6.9085039825577;0.6783447265625;0.20428466796875;;1 A;
1;279;6.91121398255086;0.68072509765625;0.203765869140625;;1 A;
1;280;6.91392398254402;0.683135986328125;0.203338623046875;;1 A;
1;281;6.91663398253718;0.685638427734375;0.202880859375;;1 A;
1;282;6.91934398253034;0.6881103515625;0.202484130859375;;1 A;
1;283;6.92205398252349;0.69049072265625;0.2020263671875;;1 A;
1;284;6.92476398251665;0.69287109375;0.201629638671875;;1 A;
1;285;6.92747398250981;0.69537353515625;0.201202392578125;;1 A;
1;286;6.93018398250297;0.69781494140625;0.20074462890625;;1 A;
1;287;6.93289398249613;0.700286865234375;0.200439453125;;1 A;
1;288;6.93560398248928;0.702667236328125;0.2000732421875;;1 A;
1;289;6.93831398248244;0.705169677734375;0.199737548828125;;1 A;
1;290;6.9410239824756;0.707611083984375;0.199310302734375;;1 A;
1;291;6.94373398246876;0.7099609375;0.198974609375;;1 A;
1;292;6.94644398246191;0.712371826171875;0.19866943359375;;1 A;
1;293;6.94915398245507;0.71490478515625;0.198333740234375;;1 A;
1;294;6.95186398244823;0.717315673828125;0.19805908203125;;1 A;
1;295;6.95457398244139;0.719757080078125;0.19775390625;;1 A;
1;296;6.95728398243455;0.72222900390625;0.197479248046875;;1 A;
1;297;6.9599939824277;0.724609375;0.197235107421875;;1 A;
1;298;6.96270398242086;0.72705078125;0.19696044921875;;1 A;
1;299;6.96541398241402;0.729522705078125;0.196746826171875;;1 A;
1;300;6.96812398240718;0.731964111328125;0.196533203125;;1 A;
1;301;6.97083398240034;0.734405517578125;0.19635009765625;;1 A;
1;302;6.97354398239349;0.736785888671875;0.1961669921875;;1 A;
1;303;6.97625398238665;0.739349365234375;0.19598388671875;;1 A;
1;304;6.97896398237981;0.741729736328125;0.195831298828125;;1 A;
1;305;6.98167398237297;0.744140625;0.1956787109375;;1 A;
1;306;6.98438398236613;0.746551513671875;0.195587158203125;;1 A;
1;307;6.98709398235928;0.748992919921875;0.19549560546875;;1 A;
1;308;6.98980398235244;0.7513427734375;0.195404052734375;;1 A;
1;309;6.9925139823456;0.75408935546875;0.195343017578125;;1 A;
1;310;6.99522398233876;0.7568359375;0.195281982421875;;1 A;
1;311;6.99793398233192;0.75927734375;0.19525146484375;;1 A;
1;312;7.00064398232507;0.76141357421875;0.195220947265625;;1 A;
1;313;7.00335398231823;0.76416015625;0.1951904296875;;1 A;
1;314;7.00606398231139;0.7659912109375;0.1951904296875;;1 A;
1;315;7.00877398230455;0.76873779296875;0.195281982421875;;1 A;
1;316;7.0114839822977;0.771484375;0.195281982421875;;1 A;
1;317;7.01419398229086;0.77362060546875;0.1953125;;1 A;
1;318;7.01690398228402;0.77606201171875;0.195404052734375;;1 A;
1;319;7.01961398227718;0.7781982421875;0.195526123046875;;1 A;
1;320;7.02232398227034;0.78155517578125;0.1956787109375;;1 A;
1;321;7.02503398226349;0.78338623046875;0.19580078125;;1 A;
1;322;7.02774398225665;0.784912109375;0.1959228515625;;1 A;
1;323;7.03045398224981;0.78826904296875;0.196136474609375;;1 A;
1;324;7.03316398224297;0.79071044921875;0.196380615234375;;1 A;
1;325;7.03587398223613;0.79315185546875;0.196563720703125;;1 A;
1;326;7.03858398222928;0.7952880859375;0.196807861328125;;1 A;
1;327;7.04129398222244;0.79742431640625;0.197113037109375;;1 A;
1;328;7.0440039822156;0.7958984375;0.19390869140625;;1 A;
1;329;7.04671398220876;0.79345703125;0.19195556640625;;1 A;
1;330;7.04942398220192;0.79071044921875;0.190185546875;;1 A;
1;331;7.05213398219507;0.78857421875;0.1884765625;;1 A;
1;332;7.05484398218823;0.78643798828125;0.186859130859375;;1 A;
1;333;7.05755398218139;0.78338623046875;0.185302734375;;1 A;
1;334;7.06026398217455;0.78155517578125;0.1837158203125;;1 A;
1;335;7.0629739821677;0.7794189453125;0.182220458984375;;1 A;
1;336;7.06568398216086;0.77667236328125;0.180816650390625;;1 A;
1;337;7.06839398215402;0.77362060546875;0.179443359375;;1 A;
1;338;7.07110398214718;0.771484375;0.178192138671875;;1 A;
1;339;7.07381398214034;0.76934814453125;0.1768798828125;;1 A;
1;340;7.07652398213349;0.7666015625;0.1756591796875;;1 A;
1;341;7.07923398212665;0.76446533203125;0.174468994140625;;1 A;
1;342;7.08194398211981;0.7623291015625;0.17333984375;;1 A;
1;343;7.08465398211297;0.76019287109375;0.172210693359375;;1 A;
1;344;7.08736398210613;0.7574462890625;0.171112060546875;;1 A;
1;345;7.09007398209928;0.75439453125;0.17010498046875;;1 A;
1;346;7.09278398209244;0.75286865234375;0.169036865234375;;1 A;
1;347;7.0954939820856;0.7498779296875;0.16802978515625;;1 A;
1;348;7.09820398207876;0.747406005859375;0.167022705078125;;1 A;
1;349;7.10091398207192;0.744964599609375;0.166046142578125;;1 A;
1;350;7.10362398206507;0.74261474609375;0.165130615234375;;1 A;
1;351;7.10633398205823;0.740081787109375;0.1641845703125;;1 A;
1;352;7.10904398205139;0.7376708984375;0.163299560546875;;1 A;
1;353;7.11175398204455;0.735260009765625;0.16241455078125;;1 A;
1;354;7.11446398203771;0.7327880859375;0.161529541015625;;1 A;
1;355;7.11717398203086;0.73040771484375;0.160675048828125;;1 A;
1;356;7.11988398202402;0.727935791015625;0.1597900390625;;1 A;
1;357;7.12259398201718;0.72552490234375;0.15899658203125;;1 A;
1;358;7.12530398201034;0.723052978515625;0.158233642578125;;1 A;
1;359;7.12801398200349;0.7205810546875;0.15740966796875;;1 A;
1;360;7.13072398199665;0.718170166015625;0.156646728515625;;1 A;
1;361;7.13343398198981;0.715728759765625;0.1558837890625;;1 A;
1;362;7.13614398198297;0.71331787109375;0.1551513671875;;1 A;
1;363;7.13885398197613;0.71087646484375;0.154388427734375;;1 A;
1;364;7.14156398196928;0.7083740234375;0.153656005859375;;1 A;
1;365;7.14427398196244;0.705902099609375;0.152984619140625;;1 A;
1;366;7.1469839819556;0.703521728515625;0.1522216796875;;1 A;
1;367;7.14969398194876;0.70111083984375;0.151519775390625;;1 A;
1;368;7.15240398194192;0.69866943359375;0.15081787109375;;1 A;
1;369;7.15511398193507;0.696258544921875;0.150146484375;;1 A;
1;370;7.15782398192823;0.693817138671875;0.14947509765625;;1 A;
1;371;7.16053398192139;0.69134521484375;0.148712158203125;;1 A;
1;372;7.16324398191455;0.688873291015625;0.148101806640625;;1 A;
1;373;7.16595398190771;0.686431884765625;0.147491455078125;;1 A;
1;374;7.16866398190086;0.68402099609375;0.1468505859375;;1 A;
1;375;7.17137398189402;0.681549072265625;0.146209716796875;;1 A;
1;376;7.17408398188718;0.679107666015625;0.14556884765625;;1 A;
1;377;7.17679398188034;0.67669677734375;0.1448974609375;;1 A;
1;378;7.17950398187349;0.674224853515625;0.144317626953125;;1 A;
1;379;7.18221398186665;0.67181396484375;0.1436767578125;;1 A;
1;380;7.18492398185981;0.66937255859375;0.143157958984375;;1 A;
1;381;7.18763398185297;0.66693115234375;0.14251708984375;;1 A;
1;382;7.19034398184613;0.664520263671875;0.14190673828125;;1 A;
1;383;7.19305398183928;0.66204833984375;0.141387939453125;;1 A;
1;384;7.19576398183244;0.65960693359375;0.1407470703125;;1 A;
1;385;7.1984739818256;0.657196044921875;0.140228271484375;;1 A;
1;386;7.20118398181876;0.65478515625;0.139678955078125;;1 A;
1;387;7.20389398181192;0.652313232421875;0.13909912109375;;1 A;
1;388;7.20660398180507;0.64984130859375;0.138519287109375;;1 A;
1;389;7.20931398179823;0.647369384765625;0.137969970703125;;1 A;
1;390;7.21202398179139;0.645050048828125;0.137359619140625;;1 A;
1;391;7.21473398178455;0.642578125;0.1368408203125;;1 A;
1;392;7.21744398177771;0.640106201171875;0.136260986328125;;1 A;
1;393;7.22015398177086;0.637664794921875;0.13568115234375;;1 A;
1;394;7.22286398176402;0.63525390625;0.135101318359375;;1 A;
1;395;7.22557398175718;0.632781982421875;0.13458251953125;;1 A;
1;396;7.22828398175034;0.630401611328125;0.134002685546875;;1 A;
1;397;7.2309939817435;0.627899169921875;0.13348388671875;;1 A;
1;398;7.23370398173665;0.62548828125;0.132965087890625;;1 A;
1;399;7.23641398172981;0.623046875;0.13238525390625;;1 A;
1;400;7.23912398172297;0.62054443359375;0.1318359375;;1 A;
1;401;7.24183398171613;0.6181640625;0.131317138671875;;1 A;
1;402;7.24454398170928;0.61572265625;0.1307373046875;;1 A;
1;403;7.24725398170244;0.61328125;0.13018798828125;;1 A;
1;404;7.2499639816956;0.610870361328125;0.129608154296875;;1 A;
1;405;7.25267398168876;0.608428955078125;0.129119873046875;;1 A;
1;406;7.25538398168192;0.60601806640625;0.128570556640625;;1 A;
1;407;7.25809398167507;0.603515625;0.12799072265625;;1 A;
1;408;7.26080398166823;0.601104736328125;0.12738037109375;;1 A;
1;409;7.26351398166139;0.598663330078125;0.126861572265625;;1 A;
1;410;7.26622398165455;0.59619140625;0.126312255859375;;1 A;
1;411;7.26893398164771;0.59375;0.12579345703125;;1 A;
1;412;7.27164398164086;0.59136962890625;0.12518310546875;;1 A;
1;413;7.27435398163402;0.58892822265625;0.124603271484375;;1 A;
1;414;7.27706398162718;0.58648681640625;0.124053955078125;;1 A;
1;415;7.27977398162034;0.584014892578125;0.1234130859375;;1 A;
1;416;7.2824839816135;0.58160400390625;0.122833251953125;;1 A;
1;417;7.28519398160665;0.57916259765625;0.12225341796875;;1 A;
1;418;7.28790398159981;0.576751708984375;0.12164306640625;;1 A;
1;419;7.29061398159297;0.57427978515625;0.12109375;;1 A;
1;420;7.29332398158613;0.57183837890625;0.12042236328125;;1 A;
1;421;7.29603398157928;0.56939697265625;0.11981201171875;;1 A;
1;422;7.29874398157244;0.56695556640625;0.11920166015625;;1 A;
1;423;7.3014539815656;0.56451416015625;0.11859130859375;;1 A;
1;424;7.30416398155876;0.562042236328125;0.117919921875;;1 A;
1;425;7.30687398155192;0.55963134765625;0.117279052734375;;1 A;
1;426;7.30958398154507;0.55718994140625;0.11663818359375;;1 A;
1;427;7.31229398153823;0.554718017578125;0.115997314453125;;1 A;
1;428;7.31500398153139;0.55230712890625;0.11529541015625;;1 A;
1;429;7.31771398152455;0.549896240234375;0.11456298828125;;1 A;
1;430;7.32042398151771;0.54742431640625;0.1138916015625;;1 A;
1;431;7.32313398151086;0.544921875;0.113189697265625;;1 A;
1;432;7.32584398150402;0.542572021484375;0.112457275390625;;1 A;
1;433;7.32855398149718;0.540069580078125;0.11163330078125;;1 A;
1;434;7.33126398149034;0.5377197265625;0.11102294921875;;1 A;
1;435;7.3339739814835;0.53521728515625;0.11016845703125;;1 A;
1;436;7.33668398147665;0.532806396484375;0.109527587890625;;1 A;
1;437;7.33939398146981;0.530364990234375;0.108642578125;;1 A;
1;438;7.34210398146297;0.527923583984375;0.10784912109375;;1 A;
1;439;7.34481398145613;0.525482177734375;0.1070556640625;;1 A;
1;440;7.34752398144929;0.5230712890625;0.106201171875;;1 A;
1;441;7.35023398144244;0.52056884765625;0.1053466796875;;1 A;
1;442;7.3529439814356;0.5181884765625;0.104522705078125;;1 A;
1;443;7.35565398142876;0.515716552734375;0.10357666015625;;1 A;
1;444;7.35836398142192;0.51336669921875;0.1026611328125;;1 A;
1;445;7.36107398141507;0.5108642578125;0.1016845703125;;1 A;
1;446;7.36378398140823;0.50836181640625;0.10076904296875;;1 A;
1;447;7.36649398140139;0.5059814453125;0.0997314453125;;1 A;
1;448;7.36920398139455;0.50360107421875;0.09881591796875;;1 A;
1;449;7.37191398138771;0.501129150390625;0.0977783203125;;1 A;
1;450;7.37462398138086;0.498687744140625;0.09674072265625;;1 A;
1;451;7.37733398137402;0.4962158203125;0.0955810546875;;1 A;
1;452;7.38004398136718;0.49383544921875;0.094451904296875;;1 A;
1;453;7.38275398136034;0.4913330078125;0.09332275390625;;1 A;
1;454;7.3854639813535;0.488922119140625;0.092254638671875;;1 A;
1;455;7.38817398134665;0.4864501953125;0.09112548828125;;1 A;
1;456;7.39088398133981;0.48406982421875;0.089874267578125;;1 A;
1;457;7.39359398133297;0.481597900390625;0.08856201171875;;1 A;
1;458;7.39630398132613;0.479156494140625;0.08721923828125;;1 A;
1;459;7.39901398131929;0.47674560546875;0.0859375;;1 A;
1;460;7.40172398131244;0.47430419921875;0.0845947265625;;1 A;
1;461;7.4044339813056;0.471832275390625;0.083282470703125;;1 A;
1;462;7.40714398129876;0.469390869140625;0.0819091796875;;1 A;
1;463;7.40985398129192;0.466949462890625;0.080413818359375;;1 A;
1;464;7.41256398128507;0.464508056640625;0.078826904296875;;1 A;
1;465;7.41527398127823;0.4620361328125;0.07733154296875;;1 A;
1;466;7.41798398127139;0.459625244140625;0.075775146484375;;1 A;
1;467;7.42069398126455;0.45721435546875;0.074188232421875;;1 A;
1;468;7.42340398125771;0.45477294921875;0.072540283203125;;1 A;
1;469;7.42611398125086;0.45233154296875;0.070831298828125;;1 A;
1;470;7.42882398124402;0.44989013671875;0.06903076171875;;1 A;
1;471;7.43153398123718;0.447509765625;0.0672607421875;;1 A;
1;472;7.43424398123034;0.44500732421875;0.0654296875;;1 A;
1;473;7.4369539812235;0.442535400390625;0.063629150390625;;1 A;
1;474;7.43966398121665;0.44012451171875;0.0616455078125;;1 A;
1;475;7.44237398120981;0.43768310546875;0.059722900390625;;1 A;
1;476;7.44508398120297;0.435302734375;0.0576171875;;1 A;
1;477;7.44779398119613;0.432861328125;0.0555419921875;;1 A;
1;478;7.45050398118929;0.430328369140625;0.053314208984375;;1 A;
1;479;7.45321398118244;0.42791748046875;0.0513916015625;;1 A;
1;480;7.4559239811756;0.425537109375;0.0490997314453125;;1 A;
1;481;7.45863398116876;0.42303466796875;0.0468505859375;;1 A;
1;482;7.46134398116192;0.420684814453125;0.0442657470703125;;1 A;
1;483;7.46405398115508;0.418212890625;0.0418304443359375;;1 A;
1;484;7.46676398114823;0.415802001953125;0.0393157958984375;;1 A;
1;485;7.46947398114139;0.413330078125;0.0371826171875;;1 A;
1;486;7.47218398113455;0.410919189453125;0.0344696044921875;;1 A;
1;487;7.47489398112771;0.408416748046875;0.03193359375;;1 A;
1;488;7.47760398112086;0.406005859375;0.02891845703125;;1 A;
1;489;7.48031398111402;0.403564453125;0.0261016845703125;;1 A;
1;490;7.48302398110718;0.401153564453125;0.0231842041015625;;1 A;
1;491;7.48573398110034;0.398712158203125;0.02059326171875;;1 A;
1;492;7.4884439810935;0.396270751953125;0.01768798828125;;1 A;
1;493;7.49115398108665;0.393798828125;0.0146270751953125;;1 A;
1;494;7.49386398107981;0.391448974609375;0.0113861083984375;;1 A;
1;495;7.49657398107297;0.389007568359375;0.00804748535156249;;1 A;
1;496;7.49928398106613;0.386566162109375;0.00488891601562499;;1 A;
1;497;7.50199398105929;0.38409423828125;0.00169982910156249;;1 A;
1;498;7.50470398105244;0.38165283203125;-0.0015106201171875;;1 A;
1;499;7.5074139810456;0.37921142578125;-0.0048675537109375;;1 A;
1;500;7.51012398103876;0.376800537109375;-0.00843200683593751;;1 A;
1;501;7.51283398103192;0.374359130859375;-0.01212158203125;;1 A;
1;502;7.51554398102508;0.37188720703125;-0.0156036376953125;;1 A;
1;503;7.51825398101823;0.369476318359375;-0.019390869140625;;1 A;
1;504;7.52096398101139;0.3670654296875;-0.0228485107421875;;1 A;
1;505;7.52367398100455;0.36456298828125;-0.02677001953125;;1 A;
1;506;7.52638398099771;0.36212158203125;-0.0304962158203125;;1 A;
1;507;7.52909398099087;0.3597412109375;-0.034619140625;;1 A;
1;508;7.53180398098402;0.3572998046875;-0.0383148193359375;;1 A;
1;509;7.53451398097718;0.35479736328125;-0.042340087890625;;1 A;
1;510;7.53722398097034;0.3524169921875;-0.046026611328125;;1 A;
1;511;7.5399339809635;0.349945068359375;-0.050201416015625;;1 A;
1;512;7.54264398095665;0.347503662109375;-0.05389404296875;;1 A;
1;513;7.54535398094981;0.345123291015625;-0.058380126953125;;1 A;
1;514;7.54806398094297;0.3426513671875;-0.062408447265625;;1 A;
1;515;7.55077398093613;0.340240478515625;-0.06658935546875;;1 A;
1;516;7.55348398092929;0.3377685546875;-0.07025146484375;;1 A;
1;517;7.55619398092244;0.335357666015625;-0.07452392578125;;1 A;
1;518;7.5589039809156;0.332855224609375;-0.078338623046875;;1 A;
1;519;7.56161398090876;0.33050537109375;-0.083038330078125;;1 A;
1;520;7.56432398090192;0.327972412109375;-0.087310791015625;;1 A;
1;521;7.56703398089508;0.32562255859375;-0.0916748046875;;1 A;
1;522;7.56974398088823;0.323150634765625;-0.09527587890625;;1 A;
1;523;7.57245398088139;0.320709228515625;-0.099700927734375;;1 A;
1;524;7.57516398087455;0.318267822265625;-0.103851318359375;;1 A;
1;525;7.57787398086771;0.315826416015625;-0.10858154296875;;1 A;
1;526;7.58058398086087;0.31329345703125;-0.112823486328125;;1 A;
1;527;7.58329398085402;0.3109130859375;-0.11724853515625;;1 A;
1;528;7.58600398084718;0.30853271484375;-0.1209716796875;;1 A;
1;529;7.58871398084034;0.306060791015625;-0.125274658203125;;1 A;
1;530;7.5914239808335;0.3035888671875;-0.12945556640625;;1 A;
1;531;7.59413398082665;0.301239013671875;-0.13409423828125;;1 A;
1;532;7.59684398081981;0.29876708984375;-0.13861083984375;;1 A;
1;533;7.59955398081297;0.29638671875;-0.14251708984375;;1 A;
1;534;7.60226398080613;0.293914794921875;-0.146453857421875;;1 A;
1;535;7.60497398079929;0.291412353515625;-0.150360107421875;;1 A;
1;536;7.60768398079244;0.2889404296875;-0.1544189453125;;1 A;
1;537;7.6103939807856;0.28656005859375;-0.158599853515625;;1 A;
1;538;7.61310398077876;0.284149169921875;-0.16278076171875;;1 A;
1;539;7.61581398077192;0.28167724609375;-0.166595458984375;;1 A;
1;540;7.61852398076508;0.279296875;-0.170440673828125;;1 A;
1;541;7.62123398075823;0.27679443359375;-0.173736572265625;;1 A;
1;542;7.62394398075139;0.274383544921875;-0.177581787109375;;1 A;
1;543;7.62665398074455;0.27191162109375;-0.18121337890625;;1 A;
1;544;7.62936398073771;0.269500732421875;-0.18511962890625;;1 A;
1;545;7.63207398073087;0.26702880859375;-0.1884765625;;1 A;
1;546;7.63478398072402;0.264617919921875;-0.191986083984375;;1 A;
1;547;7.63749398071718;0.262176513671875;-0.1947021484375;;1 A;
1;548;7.64020398071034;0.259765625;-0.19818115234375;;1 A;
1;549;7.6429139807035;0.25732421875;-0.200958251953125;;1 A;
1;550;7.64562398069666;0.2548828125;-0.20452880859375;;1 A;
1;551;7.64833398068981;0.252471923828125;-0.207122802734375;;1 A;
1;552;7.65104398068297;0.249908447265625;-0.210235595703125;;1 A;
1;553;7.65375398067613;0.24749755859375;-0.2122802734375;;1 A;
1;554;7.65646398066929;0.24505615234375;-0.21514892578125;;1 A;
1;555;7.65917398066244;0.242706298828125;-0.217254638671875;;1 A;
1;556;7.6618839806556;0.240234375;-0.220306396484375;;1 A;
1;557;7.66459398064876;0.23779296875;-0.222259521484375;;1 A;
1;558;7.66730398064192;0.235321044921875;-0.22467041015625;;1 A;
1;559;7.67001398063508;0.23291015625;-0.226043701171875;;1 A;
1;560;7.67272398062823;0.23046875;-0.22808837890625;;1 A;
1;561;7.67543398062139;0.228057861328125;-0.229583740234375;;1 A;
1;562;7.67814398061455;0.22564697265625;-0.2318115234375;;1 A;
1;563;7.68085398060771;0.223175048828125;-0.233367919921875;;1 A;
1;564;7.68356398060087;0.220703125;-0.234954833984375;;1 A;
1;565;7.68627398059402;0.218231201171875;-0.2357177734375;;1 A;
1;566;7.68898398058718;0.215850830078125;-0.236968994140625;;1 A;
1;567;7.69169398058034;0.21343994140625;-0.23779296875;;1 A;
1;568;7.6944039805735;0.210968017578125;-0.23931884765625;;1 A;
1;569;7.69711398056666;0.20849609375;-0.2401123046875;;1 A;
1;570;7.69982398055981;0.20611572265625;-0.2410888671875;;1 A;
1;571;7.70253398055297;0.203704833984375;-0.24114990234375;;1 A;
1;572;7.70524398054613;0.20123291015625;-0.2418212890625;;1 A;
1;573;7.70795398053929;0.19879150390625;-0.2421875;;1 A;
1;574;7.71066398053244;0.196380615234375;-0.242889404296875;;1 A;
1;575;7.7133739805256;0.193939208984375;-0.243133544921875;;1 A;
1;576;7.71608398051876;0.191497802734375;-0.24334716796875;;1 A;
1;577;7.71879398051192;0.18902587890625;-0.24310302734375;;1 A;
1;578;7.72150398050508;0.18658447265625;-0.242889404296875;;1 A;
1;579;7.72421398049823;0.184173583984375;-0.24285888671875;;1 A;
1;580;7.72692398049139;0.1817626953125;-0.242767333984375;;1 A;
1;581;7.72963398048455;0.17926025390625;-0.242431640625;;1 A;
1;582;7.73234398047771;0.17681884765625;-0.242218017578125;;1 A;
1;583;7.73505398047087;0.174407958984375;-0.2415771484375;;1 A;
1;584;7.73776398046402;0.17193603515625;-0.240875244140625;;1 A;
1;585;7.74047398045718;0.169525146484375;-0.240325927734375;;1 A;
1;586;7.74318398045034;0.1671142578125;-0.239532470703125;;1 A;
1;587;7.7458939804435;0.1646728515625;-0.239013671875;;1 A;
1;588;7.74860398043666;0.1622314453125;-0.23809814453125;;1 A;
1;589;7.75131398042981;0.159759521484375;-0.23724365234375;;1 A;
1;590;7.75402398042297;0.157318115234375;-0.23614501953125;;1 A;
1;591;7.75673398041613;0.154876708984375;-0.235382080078125;;1 A;
1;592;7.75944398040929;0.152496337890625;-0.23419189453125;;1 A;
1;593;7.76215398040245;0.149993896484375;-0.2332763671875;;1 A;
1;594;7.7648639803956;0.14752197265625;-0.2320556640625;;1 A;
1;595;7.76757398038876;0.1451416015625;-0.231048583984375;;1 A;
1;596;7.77028398038192;0.142669677734375;-0.229644775390625;;1 A;
1;597;7.77299398037508;0.140228271484375;-0.228515625;;1 A;
1;598;7.77570398036823;0.1378173828125;-0.227020263671875;;1 A;
1;599;7.77841398036139;0.13543701171875;-0.226043701171875;;1 A;
1;600;7.78112398035455;0.132965087890625;-0.2244873046875;;1 A;
1;601;7.78383398034771;0.130462646484375;-0.22320556640625;;1 A;
1;602;7.78654398034087;0.1280517578125;-0.221588134765625;;1 A;
1;603;7.78925398033402;0.1256103515625;-0.220245361328125;;1 A;
1;604;7.79196398032718;0.123199462890625;-0.218658447265625;;1 A;
1;605;7.79467398032034;0.1207275390625;-0.2174072265625;;1 A;
1;606;7.7973839803135;0.11834716796875;-0.215789794921875;;1 A;
1;607;7.80009398030666;0.11578369140625;-0.214447021484375;;1 A;
1;608;7.80280398029981;0.1134033203125;-0.212677001953125;;1 A;
1;609;7.80551398029297;0.1109619140625;-0.211181640625;;1 A;
1;610;7.80822398028613;0.10858154296875;-0.2095947265625;;1 A;
1;611;7.81093398027929;0.106109619140625;-0.20831298828125;;1 A;
1;612;7.81364398027245;0.103729248046875;-0.2066650390625;;1 A;
1;613;7.8163539802656;0.1011962890625;-0.205230712890625;;1 A;
1;614;7.81906398025876;0.098846435546875;-0.203460693359375;;1 A;
1;615;7.82177398025192;0.096343994140625;-0.201904296875;;1 A;
1;616;7.82448398024508;0.093902587890625;-0.20037841796875;;1 A;
1;617;7.82719398023823;0.09149169921875;-0.198883056640625;;1 A;
1;618;7.82990398023139;0.08905029296875;-0.197357177734375;;1 A;
1;619;7.83261398022455;0.08660888671875;-0.19580078125;;1 A;
1;620;7.83532398021771;0.084136962890625;-0.19415283203125;;1 A;
1;621;7.83803398021087;0.0816650390625;-0.192626953125;;1 A;
1;622;7.84074398020402;0.0792236328125;-0.191070556640625;;1 A;
1;623;7.84345398019718;0.076873779296875;-0.189544677734375;;1 A;
1;624;7.84616398019034;0.07440185546875;-0.1881103515625;;1 A;
1;625;7.8488739801835;0.072021484375;-0.1865234375;;1 A;
1;626;7.85158398017666;0.06951904296875;-0.184967041015625;;1 A;
1;627;7.85429398016981;0.067138671875;-0.183441162109375;;1 A;
1;628;7.85700398016297;0.064666748046875;-0.181976318359375;;1 A;
1;629;7.85971398015613;0.062255859375;-0.1805419921875;;1 A;
1;630;7.86242398014929;0.059844970703125;-0.179107666015625;;1 A;
1;631;7.86513398014245;0.057373046875;-0.177642822265625;;1 A;
1;632;7.8678439801356;0.054901123046875;-0.176239013671875;;1 A;
1;633;7.87055398012876;0.052490234375;-0.174774169921875;;1 A;
1;634;7.87326398012192;0.050018310546875;-0.17340087890625;;1 A;
1;635;7.87597398011508;0.0475738525390625;-0.171966552734375;;1 A;
1;636;7.87868398010824;0.0451385498046875;-0.170745849609375;;1 A;
1;637;7.88139398010139;0.0426849365234375;-0.16925048828125;;1 A;
1;638;7.88410398009455;0.0402618408203125;-0.167999267578125;;1 A;
1;639;7.88681398008771;0.0378143310546875;-0.166595458984375;;1 A;
1;640;7.88952398008087;0.03536376953125;-0.16534423828125;;1 A;
1;641;7.89223398007402;0.032940673828125;-0.1640625;;1 A;
1;642;7.89494398006718;0.0305145263671875;-0.162841796875;;1 A;
1;643;7.89765398006034;0.0280670166015625;-0.161529541015625;;1 A;
1;644;7.9003639800535;0.025628662109375;-0.160308837890625;;1 A;
1;645;7.90307398004666;0.023193359375;-0.159088134765625;;1 A;
1;646;7.90578398003981;0.0207672119140625;-0.15789794921875;;1 A;
1;647;7.90849398003297;0.01832275390625;-0.156646728515625;;1 A;
1;648;7.91120398002613;0.0158782958984375;-0.155609130859375;;1 A;
1;649;7.91391398001929;0.0134307861328125;-0.1544189453125;;1 A;
1;650;7.91662398001245;0.0110015869140625;-0.15338134765625;;1 A;
1;651;7.9193339800056;0.0085723876953125;-0.15216064453125;;1 A;
1;652;7.92204397999876;0.0061370849609375;-0.151123046875;;1 A;
1;653;7.92475397999192;0.003704833984375;-0.149993896484375;;1 A;
1;654;7.92746397998508;0.00127563476562501;-0.149078369140625;;1 A;
1;655;7.93017397997824;-0.0011749267578125;-0.1480712890625;;1 A;
1;656;7.93288397997139;-0.0036163330078125;-0.14703369140625;;1 A;
1;657;7.93559397996455;-0.00604858398437499;-0.146026611328125;;1 A;
1;658;7.93830397995771;-0.00849304199218751;-0.14501953125;;1 A;
1;659;7.94101397995087;-0.0109344482421875;-0.144012451171875;;1 A;
1;660;7.94372397994402;-0.0133758544921875;-0.1431884765625;;1 A;
1;661;7.94643397993718;-0.01580810546875;-0.142242431640625;;1 A;
1;662;7.94914397993034;-0.0182525634765625;-0.141326904296875;;1 A;
1;663;7.9518539799235;-0.0206787109375;-0.14044189453125;;1 A;
1;664;7.95456397991666;-0.0231170654296875;-0.1395263671875;;1 A;
1;665;7.95727397990981;-0.02554931640625;-0.138702392578125;;1 A;
1;666;7.95998397990297;-0.027984619140625;-0.1378173828125;;1 A;
1;667;7.96269397989613;-0.030419921875;-0.136993408203125;;1 A;
1;668;7.96540397988929;-0.032855224609375;-0.136138916015625;;1 A;
1;669;7.96811397988245;-0.03531494140625;-0.135345458984375;;1 A;
1;670;7.9708239798756;-0.0377410888671875;-0.134490966796875;;1 A;
1;671;7.97353397986876;-0.0401824951171875;-0.13372802734375;;1 A;
1;672;7.97624397986192;-0.042620849609375;-0.1329345703125;;1 A;
1;673;7.97895397985508;-0.0450592041015625;-0.132171630859375;;1 A;
1;674;7.98166397984824;-0.0475006103515625;-0.13140869140625;;1 A;
1;675;7.98437397984139;-0.0499267578125;-0.130645751953125;;1 A;
1;676;7.98708397983455;-0.0523681640625;-0.129913330078125;;1 A;
1;677;7.98979397982771;-0.054779052734375;-0.129119873046875;;1 A;
1;678;7.99250397982087;-0.05718994140625;-0.128387451171875;;1 A;
1;679;7.99521397981403;-0.0596923828125;-0.127685546875;;1 A;
1;680;7.99792397980718;-0.0621337890625;-0.126953125;;1 A;
1;681;8.00063397980034;-0.0645751953125;-0.126220703125;;1 A;
1;682;8.0033439797935;-0.066986083984375;-0.12548828125;;1 A;
1;683;8.00605397978666;-0.069427490234375;-0.124725341796875;;1 A;
1;684;8.00876397977981;-0.071807861328125;-0.123992919921875;;1 A;
1;685;8.01147397977297;-0.07427978515625;-0.123291015625;;1 A;
1;686;8.01418397976613;-0.076751708984375;-0.12255859375;;1 A;
1;687;8.01689397975929;-0.079132080078125;-0.121795654296875;;1 A;
1;688;8.01960397975245;-0.08160400390625;-0.12109375;;1 A;
1;689;8.0223139797456;-0.08404541015625;-0.120391845703125;;1 A;
1;690;8.02502397973876;-0.086517333984375;-0.119598388671875;;1 A;
1;691;8.02773397973192;-0.088958740234375;-0.118927001953125;;1 A;
1;692;8.03044397972508;-0.09136962890625;-0.118133544921875;;1 A;
1;693;8.03315397971824;-0.093841552734375;-0.117462158203125;;1 A;
1;694;8.03586397971139;-0.096221923828125;-0.116668701171875;;1 A;
1;695;8.03857397970455;-0.0986328125;-0.115997314453125;;1 A;
1;696;8.04128397969771;-0.101165771484375;-0.115203857421875;;1 A;
1;697;8.04399397969087;-0.103515625;-0.114501953125;;1 A;
1;698;8.04670397968403;-0.10601806640625;-0.113677978515625;;1 A;
1;699;8.04941397967718;-0.10845947265625;-0.113006591796875;;1 A;
1;700;8.05212397967034;-0.11083984375;-0.112213134765625;;1 A;
1;701;8.0548339796635;-0.113311767578125;-0.111541748046875;;1 A;
1;702;8.05754397965666;-0.115753173828125;-0.110748291015625;;1 A;
1;703;8.06025397964981;-0.118194580078125;-0.110107421875;;1 A;
1;704;8.06296397964297;-0.12060546875;-0.109344482421875;;1 A;
1;705;8.06567397963613;-0.123046875;-0.10858154296875;;1 A;
1;706;8.06838397962929;-0.125457763671875;-0.107818603515625;;1 A;
1;707;8.07109397962245;-0.1279296875;-0.10711669921875;;1 A;
1;708;8.0738039796156;-0.13037109375;-0.10638427734375;;1 A;
1;709;8.07651397960876;-0.13275146484375;-0.10565185546875;;1 A;
1;710;8.07922397960192;-0.13531494140625;-0.104949951171875;;1 A;
1;711;8.08193397959508;-0.1376953125;-0.104217529296875;;1 A;
1;712;8.08464397958824;-0.14013671875;-0.103515625;;1 A;
1;713;8.08735397958139;-0.142547607421875;-0.10284423828125;;1 A;
1;714;8.09006397957455;-0.144927978515625;-0.102142333984375;;1 A;
1;715;8.09277397956771;-0.1474609375;-0.101470947265625;;1 A;
1;716;8.09548397956087;-0.149871826171875;-0.100799560546875;;1 A;
1;717;8.09819397955403;-0.152252197265625;-0.100128173828125;;1 A;
1;718;8.10090397954718;-0.154754638671875;-0.099456787109375;;1 A;
1;719;8.10361397954034;-0.1572265625;-0.0987548828125;;1 A;
1;720;8.1063239795335;-0.15966796875;-0.09814453125;;1 A;
1;721;8.10903397952666;-0.162017822265625;-0.097442626953125;;1 A;
1;722;8.11174397951982;-0.16448974609375;-0.09686279296875;;1 A;
1;723;8.11445397951297;-0.16693115234375;-0.096221923828125;;1 A;
1;724;8.11716397950613;-0.16937255859375;-0.095611572265625;;1 A;
1;725;8.11987397949929;-0.171783447265625;-0.094970703125;;1 A;
1;726;8.12258397949245;-0.17425537109375;-0.094390869140625;;1 A;
1;727;8.1252939794856;-0.176727294921875;-0.09375;;1 A;
1;728;8.12800397947876;-0.1790771484375;-0.0931396484375;;1 A;
1;729;8.13071397947192;-0.181549072265625;-0.092559814453125;;1 A;
1;730;8.13342397946508;-0.18402099609375;-0.09197998046875;;1 A;
1;731;8.13613397945824;-0.186431884765625;-0.091400146484375;;1 A;
1;732;8.13884397945139;-0.188873291015625;-0.090850830078125;;1 A;
1;733;8.14155397944455;-0.191314697265625;-0.090301513671875;;1 A;
1;734;8.14426397943771;-0.193756103515625;-0.0897216796875;;1 A;
1;735;8.14697397943087;-0.196258544921875;-0.08917236328125;;1 A;
1;736;8.14968397942403;-0.19866943359375;-0.088653564453125;;1 A;
1;737;8.15239397941718;-0.201080322265625;-0.08807373046875;;1 A;
1;738;8.15510397941034;-0.2034912109375;-0.08758544921875;;1 A;
1;739;8.1578139794035;-0.2059326171875;-0.087066650390625;;1 A;
1;740;8.16052397939666;-0.208343505859375;-0.08660888671875;;1 A;
1;741;8.16323397938982;-0.21087646484375;-0.086090087890625;;1 A;
1;742;8.16594397938297;-0.2132568359375;-0.085601806640625;;1 A;
1;743;8.16865397937613;-0.2156982421875;-0.085052490234375;;1 A;
1;744;8.17136397936929;-0.2181396484375;-0.0845947265625;;1 A;
1;745;8.17407397936245;-0.2205810546875;-0.084136962890625;;1 A;
1;746;8.1767839793556;-0.223052978515625;-0.083648681640625;;1 A;
1;747;8.17949397934876;-0.2254638671875;-0.083160400390625;;1 A;
1;748;8.18220397934192;-0.2279052734375;-0.08270263671875;;1 A;
1;749;8.18491397933508;-0.230377197265625;-0.082275390625;;1 A;
1;750;8.18762397932824;-0.23272705078125;-0.081817626953125;;1 A;
1;751;8.19033397932139;-0.2352294921875;-0.081390380859375;;1 A;
1;752;8.19304397931455;-0.23760986328125;-0.0809326171875;;1 A;
1;753;8.19575397930771;-0.240081787109375;-0.08050537109375;;1 A;
1;754;8.19846397930087;-0.24249267578125;-0.080078125;;1 A;
1;755;8.20117397929403;-0.24493408203125;-0.07965087890625;;1 A;
1;756;8.20388397928718;-0.2474365234375;-0.07928466796875;;1 A;
1;757;8.20659397928034;-0.24981689453125;-0.078887939453125;;1 A;
1;758;8.2093039792735;-0.252227783203125;-0.078521728515625;;1 A;
1;759;8.21201397926666;-0.25469970703125;-0.078155517578125;;1 A;
1;760;8.21472397925982;-0.257110595703125;-0.07769775390625;;1 A;
1;761;8.21743397925297;-0.259613037109375;-0.07733154296875;;1 A;
1;762;8.22014397924613;-0.261993408203125;-0.07696533203125;;1 A;
1;763;8.22285397923929;-0.26446533203125;-0.076568603515625;;1 A;
1;764;8.22556397923245;-0.266876220703125;-0.0762939453125;;1 A;
1;765;8.22827397922561;-0.269317626953125;-0.075897216796875;;1 A;
1;766;8.23098397921876;-0.27178955078125;-0.07550048828125;;1 A;
1;767;8.23369397921192;-0.274200439453125;-0.075164794921875;;1 A;
1;768;8.23640397920508;-0.276641845703125;-0.07476806640625;;1 A;
1;769;8.23911397919824;-0.279083251953125;-0.074462890625;;1 A;
1;770;8.24182397919139;-0.281585693359375;-0.0740966796875;;1 A;
1;771;8.24453397918455;-0.283966064453125;-0.073822021484375;;1 A;
1;772;8.24724397917771;-0.286376953125;-0.07342529296875;;1 A;
1;773;8.24995397917087;-0.28887939453125;-0.073150634765625;;1 A;
1;774;8.25266397916403;-0.291290283203125;-0.07275390625;;1 A;
1;775;8.25537397915718;-0.293670654296875;-0.072509765625;;1 A;
1;776;8.25808397915034;-0.29620361328125;-0.072174072265625;;1 A;
1;777;8.2607939791435;-0.298583984375;-0.071929931640625;;1 A;
1;778;8.26350397913666;-0.30096435546875;-0.071563720703125;;1 A;
1;779;8.26621397912982;-0.30340576171875;-0.0712890625;;1 A;
1;780;8.26892397912297;-0.305938720703125;-0.07086181640625;;1 A;
1;781;8.27163397911613;-0.308319091796875;-0.07061767578125;;1 A;
1;782;8.27434397910929;-0.310760498046875;-0.070343017578125;;1 A;
1;783;8.27705397910245;-0.313232421875;-0.07012939453125;;1 A;
1;784;8.27976397909561;-0.315643310546875;-0.069793701171875;;1 A;
1;785;8.28247397908876;-0.318084716796875;-0.069549560546875;;1 A;
1;786;8.28518397908192;-0.320465087890625;-0.069244384765625;;1 A;
1;787;8.28789397907508;-0.32305908203125;-0.06890869140625;;1 A;
1;788;8.29060397906824;-0.325439453125;-0.068695068359375;;1 A;
1;789;8.2933139790614;-0.327911376953125;-0.068389892578125;;1 A;
1;790;8.29602397905455;-0.330230712890625;-0.068084716796875;;1 A;
1;791;8.29873397904771;-0.332733154296875;-0.06787109375;;1 A;
1;792;8.30144397904087;-0.33514404296875;-0.067626953125;;1 A;
1;793;8.30415397903403;-0.3375244140625;-0.0673828125;;1 A;
1;794;8.30686397902718;-0.339996337890625;-0.06707763671875;;1 A;
1;795;8.30957397902034;-0.342437744140625;-0.066864013671875;;1 A;
1;796;8.3122839790135;-0.34490966796875;-0.06658935546875;;1 A;
1;797;8.31499397900666;-0.347320556640625;-0.066375732421875;;1 A;
1;798;8.31770397899982;-0.3497314453125;-0.06610107421875;;1 A;
1;799;8.32041397899297;-0.352203369140625;-0.06585693359375;;1 A;
1;800;8.32312397898613;-0.354644775390625;-0.06573486328125;;1 A;
1;801;8.32583397897929;-0.35711669921875;-0.0654296875;;1 A;
1;802;8.32854397897245;-0.35955810546875;-0.06524658203125;;1 A;
1;803;8.33125397896561;-0.361968994140625;-0.06494140625;;1 A;
1;804;8.33396397895876;-0.3643798828125;-0.064697265625;;1 A;
1;805;8.33667397895192;-0.3668212890625;-0.064483642578125;;1 A;
1;806;8.33938397894508;-0.369293212890625;-0.064361572265625;;1 A;
1;807;8.34209397893824;-0.3717041015625;-0.064117431640625;;1 A;
1;808;8.3448039789314;-0.374176025390625;-0.063934326171875;;1 A;
1;809;8.34751397892455;-0.376556396484375;-0.063690185546875;;1 A;
1;810;8.35022397891771;-0.379058837890625;-0.063446044921875;;1 A;
1;811;8.35293397891087;-0.38153076171875;-0.063323974609375;;1 A;
1;812;8.35564397890403;-0.383880615234375;-0.0631103515625;;1 A;
1;813;8.35835397889718;-0.3863525390625;-0.062957763671875;;1 A;
1;814;8.36106397889034;-0.388763427734375;-0.06280517578125;;1 A;
1;815;8.3637739788835;-0.391204833984375;-0.0626220703125;;1 A;
1;816;8.36648397887666;-0.393646240234375;-0.062408447265625;;1 A;
1;817;8.36919397886982;-0.396087646484375;-0.06219482421875;;1 A;
1;818;8.37190397886297;-0.39849853515625;-0.062103271484375;;1 A;
1;819;8.37461397885613;-0.40093994140625;-0.0618896484375;;1 A;
1;820;8.37732397884929;-0.403411865234375;-0.061767578125;;1 A;
1;821;8.38003397884245;-0.40582275390625;-0.061614990234375;;1 A;
1;822;8.38274397883561;-0.40826416015625;-0.061431884765625;;1 A;
1;823;8.38545397882876;-0.410736083984375;-0.061187744140625;;1 A;
1;824;8.38816397882192;-0.413116455078125;-0.061126708984375;;1 A;
1;825;8.39087397881508;-0.41558837890625;-0.0609130859375;;1 A;
1;826;8.39358397880824;-0.41802978515625;-0.06085205078125;;1 A;
1;827;8.3962939788014;-0.420501708984375;-0.06072998046875;;1 A;
1;828;8.39900397879455;-0.4228515625;-0.060577392578125;;1 A;
1;829;8.40171397878771;-0.425262451171875;-0.0604248046875;;1 A;
1;830;8.40442397878087;-0.427764892578125;-0.060333251953125;;1 A;
1;831;8.40713397877403;-0.430145263671875;-0.060150146484375;;1 A;
1;832;8.40984397876719;-0.43267822265625;-0.06005859375;;1 A;
1;833;8.41255397876034;-0.435089111328125;-0.059844970703125;;1 A;
1;834;8.4152639787535;-0.437530517578125;-0.059814453125;;1 A;
1;835;8.41797397874666;-0.44000244140625;-0.059661865234375;;1 A;
1;836;8.42068397873982;-0.442413330078125;-0.059539794921875;;1 A;
1;837;8.42339397873297;-0.444854736328125;-0.059417724609375;;1 A;
1;838;8.42610397872613;-0.447265625;-0.0594482421875;;1 A;
1;839;8.42881397871929;-0.44970703125;-0.05926513671875;;1 A;
1;840;8.43152397871245;-0.452178955078125;-0.059173583984375;;1 A;
1;841;8.43423397870561;-0.454559326171875;-0.059112548828125;;1 A;
1;842;8.43694397869876;-0.45709228515625;-0.05902099609375;;1 A;
1;843;8.43965397869192;-0.459503173828125;-0.058868408203125;;1 A;
1;844;8.44236397868508;-0.461883544921875;-0.058807373046875;;1 A;
1;845;8.44507397867824;-0.464324951171875;-0.058746337890625;;1 A;
1;846;8.4477839786714;-0.466766357421875;-0.05865478515625;;1 A;
1;847;8.45049397866455;-0.46923828125;-0.05853271484375;;1 A;
1;848;8.45320397865771;-0.471649169921875;-0.058441162109375;;1 A;
1;849;8.45591397865087;-0.474151611328125;-0.058380126953125;;1 A;
1;850;8.45862397864403;-0.476593017578125;-0.058319091796875;;1 A;
1;851;8.46133397863719;-0.478973388671875;-0.058258056640625;;1 A;
1;852;8.46404397863034;-0.4814453125;-0.05816650390625;;1 A;
1;853;8.4667539786235;-0.48388671875;-0.05810546875;;1 A;
1;854;8.46946397861666;-0.48626708984375;-0.05810546875;;1 A;
1;855;8.47217397860982;-0.48870849609375;-0.058013916015625;;1 A;
1;856;8.47488397860297;-0.49114990234375;-0.0579833984375;;1 A;
1;857;8.47759397859613;-0.49359130859375;-0.057952880859375;;1 A;
1;858;8.48030397858929;-0.49603271484375;-0.05792236328125;;1 A;
1;859;8.48301397858245;-0.498504638671875;-0.057891845703125;;1 A;
1;860;8.48572397857561;-0.5009765625;-0.05780029296875;;1 A;
1;861;8.48843397856876;-0.503326416015625;-0.057861328125;;1 A;
1;862;8.49114397856192;-0.505828857421875;-0.057830810546875;;1 A;
1;863;8.49385397855508;-0.508270263671875;-0.057952880859375;;1 A;
1;864;8.49656397854824;-0.510711669921875;-0.05792236328125;;1 A;
1;865;8.4992739785414;-0.513153076171875;-0.057861328125;;1 A;
1;866;8.50198397853455;-0.51556396484375;-0.057891845703125;;1 A;
1;867;8.50469397852771;-0.517974853515625;-0.057952880859375;;1 A;
1;868;8.50740397852087;-0.520416259765625;-0.057891845703125;;1 A;
1;869;8.51011397851403;-0.5228271484375;-0.05804443359375;;1 A;
1;870;8.51282397850719;-0.525299072265625;-0.058074951171875;;1 A;
1;871;8.51553397850034;-0.527740478515625;-0.058135986328125;;1 A;
1;872;8.5182439784935;-0.530181884765625;-0.058135986328125;;1 A;
1;873;8.52095397848666;-0.53265380859375;-0.05816650390625;;1 A;
1;874;8.52366397847982;-0.535064697265625;-0.058349609375;;1 A;
1;875;8.52637397847298;-0.53753662109375;-0.05841064453125;;1 A;
1;876;8.52908397846613;-0.53997802734375;-0.05853271484375;;1 A;
1;877;8.53179397845929;-0.542388916015625;-0.058685302734375;;1 A;
1;878;8.53450397845245;-0.544830322265625;-0.05877685546875;;1 A;
1;879;8.53721397844561;-0.547210693359375;-0.058929443359375;;1 A;
1;880;8.53992397843876;-0.549652099609375;-0.059051513671875;;1 A;
1;881;8.54263397843192;-0.552154541015625;-0.0592041015625;;1 A;
1;882;8.54534397842508;-0.5545654296875;-0.05950927734375;;1 A;
1;883;8.54805397841824;-0.556976318359375;-0.0595703125;;1 A;
1;884;8.5507639784114;-0.559478759765625;-0.05975341796875;;1 A;
1;885;8.55347397840455;-0.5618896484375;-0.0599365234375;;1 A;
1;886;8.55618397839771;-0.564300537109375;-0.060150146484375;;1 A;
1;887;8.55889397839087;-0.5667724609375;-0.060333251953125;;1 A;
1;888;8.56160397838403;-0.56915283203125;-0.06060791015625;;1 A;
1;889;8.56431397837719;-0.571624755859375;-0.060882568359375;;1 A;
1;890;8.56702397837034;-0.574127197265625;-0.061126708984375;;1 A;
1;891;8.5697339783635;-0.576507568359375;-0.06134033203125;;1 A;
1;892;8.57244397835666;-0.5789794921875;-0.061614990234375;;1 A;
1;893;8.57515397834982;-0.581390380859375;-0.06182861328125;;1 A;
1;894;8.57786397834298;-0.583831787109375;-0.062164306640625;;1 A;
1;895;8.58057397833613;-0.586273193359375;-0.06243896484375;;1 A;
1;896;8.58328397832929;-0.588714599609375;-0.06280517578125;;1 A;
1;897;8.58599397832245;-0.59112548828125;-0.06304931640625;;1 A;
1;898;8.58870397831561;-0.593536376953125;-0.0633544921875;;1 A;
1;899;8.59141397830876;-0.596038818359375;-0.063629150390625;;1 A;
1;900;8.59412397830192;-0.598480224609375;-0.0640869140625;;1 A;
1;901;8.59683397829508;-0.600860595703125;-0.064422607421875;;1 A;
1;902;8.59954397828824;-0.60333251953125;-0.064849853515625;;1 A;
1;903;8.6022539782814;-0.605804443359375;-0.064971923828125;;1 A;
1;904;8.60496397827455;-0.60821533203125;-0.06536865234375;;1 A;
1;905;8.60767397826771;-0.61065673828125;-0.065704345703125;;1 A;
1;906;8.61038397826087;-0.613037109375;-0.066192626953125;;1 A;
1;907;8.61309397825403;-0.615509033203125;-0.06658935546875;;1 A;
1;908;8.61580397824719;-0.61798095703125;-0.06683349609375;;1 A;
1;909;8.61851397824034;-0.620361328125;-0.067169189453125;;1 A;
1;910;8.6212239782335;-0.622772216796875;-0.067413330078125;;1 A;
1;911;8.62393397822666;-0.625274658203125;-0.067718505859375;;1 A;
1;912;8.62664397821982;-0.627685546875;-0.068084716796875;;1 A;
1;913;8.62935397821298;-0.630126953125;-0.068511962890625;;1 A;
1;914;8.63206397820613;-0.632537841796875;-0.06866455078125;;1 A;
1;915;8.63477397819929;-0.634979248046875;-0.068878173828125;;1 A;
1;916;8.63748397819245;-0.637451171875;-0.06915283203125;;1 A;
1;917;8.64019397818561;-0.639892578125;-0.069366455078125;;1 A;
1;918;8.64290397817877;-0.642333984375;-0.06964111328125;;1 A;
1;919;8.64561397817192;-0.644744873046875;-0.07000732421875;;1 A;
1;920;8.64832397816508;-0.647186279296875;-0.0701904296875;;1 A;
1;921;8.65103397815824;-0.649627685546875;-0.07037353515625;;1 A;
1;922;8.6537439781514;-0.652069091796875;-0.07037353515625;;1 A;
1;923;8.65645397814455;-0.65447998046875;-0.070648193359375;;1 A;
1;924;8.65916397813771;-0.656951904296875;-0.07086181640625;;1 A;
1;925;8.66187397813087;-0.659393310546875;-0.071136474609375;;1 A;
1;926;8.66458397812403;-0.66180419921875;-0.071258544921875;;1 A;
1;927;8.66729397811719;-0.6641845703125;-0.071563720703125;;1 A;
1;928;8.67000397811034;-0.666717529296875;-0.07159423828125;;1 A;
1;929;8.6727139781035;-0.669097900390625;-0.07183837890625;;1 A;
1;930;8.67542397809666;-0.67156982421875;-0.071929931640625;;1 A;
1;931;8.67813397808982;-0.674041748046875;-0.072296142578125;;1 A;
1;932;8.68084397808298;-0.6763916015625;-0.072418212890625;;1 A;
1;933;8.68355397807613;-0.678863525390625;-0.07269287109375;;1 A;
1;934;8.68626397806929;-0.681365966796875;-0.07275390625;;1 A;
1;935;8.68897397806245;-0.683746337890625;-0.07305908203125;;1 A;
1;936;8.69168397805561;-0.68621826171875;-0.0732421875;;1 A;
1;937;8.69439397804877;-0.6885986328125;-0.07366943359375;;1 A;
1;938;8.69710397804192;-0.691070556640625;-0.073974609375;;1 A;
1;939;8.69981397803508;-0.693450927734375;-0.074371337890625;;1 A;
1;940;8.70252397802824;-0.69598388671875;-0.074676513671875;;1 A;
1;941;8.7052339780214;-0.698333740234375;-0.0751953125;;1 A;
1;942;8.70794397801455;-0.70086669921875;-0.0755615234375;;1 A;
1;943;8.71065397800771;-0.7032470703125;-0.076324462890625;;1 A;
1;944;8.71336397800087;-0.705657958984375;-0.076812744140625;;1 A;
1;945;8.71607397799403;-0.708099365234375;-0.077423095703125;;1 A;
1;946;8.71878397798719;-0.7105712890625;-0.07794189453125;;1 A;
1;947;8.72149397798034;-0.7130126953125;-0.07855224609375;;1 A;
1;948;8.7242039779735;-0.715362548828125;-0.079376220703125;;1 A;
1;949;8.72691397796666;-0.717864990234375;-0.08038330078125;;1 A;
1;950;8.72962397795982;-0.720245361328125;-0.08148193359375;;1 A;
1;951;8.73233397795298;-0.722686767578125;-0.08251953125;;1 A;
1;952;8.73504397794613;-0.72515869140625;-0.08349609375;;1 A;
1;953;8.73775397793929;-0.72760009765625;-0.084808349609375;;1 A;
1;954;8.74046397793245;-0.73004150390625;-0.086212158203125;;1 A;
1;955;8.74317397792561;-0.73248291015625;-0.087677001953125;;1 A;
1;956;8.74588397791877;-0.734893798828125;-0.08935546875;;1 A;
1;957;8.74859397791192;-0.73736572265625;-0.091064453125;;1 A;
1;958;8.75130397790508;-0.739776611328125;-0.092926025390625;;1 A;
1;959;8.75401397789824;-0.7421875;-0.0948486328125;;1 A;
1;960;8.7567239778914;-0.74462890625;-0.0970458984375;;1 A;
1;961;8.75943397788456;-0.74713134765625;-0.099273681640625;;1 A;
1;962;8.76214397787771;-0.74951171875;-0.102203369140625;;1 A;
1;963;8.76485397787087;-0.75225830078125;-0.104827880859375;;1 A;
1;964;8.76756397786403;-0.75469970703125;-0.108123779296875;;1 A;
1;965;8.77027397785719;-0.7568359375;-0.110992431640625;;1 A;
1;966;8.77298397785034;-0.75897216796875;-0.1148681640625;;1 A;
1;967;8.7756939778435;-0.76171875;-0.118865966796875;;1 A;
1;968;8.77840397783666;-0.76446533203125;-0.12408447265625;;1 A;
1;969;8.78111397782982;-0.76690673828125;-0.129791259765625;;1 A;
1;970;8.78382397782298;-0.76934814453125;-0.13739013671875;;1 A;
1;971;8.78653397781613;-0.7708740234375;-0.146942138671875;;1 A;
1;972;8.78924397780929;-0.77392578125;-0.164825439453125;;1 A;
1;973;8.79195397780245;-0.7757568359375;-0.21417236328125;;1 A;
1;974;8.79466397779561;-0.777587890625;-0.335235595703125;;1 A;
1;975;8.79737397778877;-0.780029296875;-0.51025390625;;1 A;
1;976;8.80008397778192;-0.782470703125;-0.67657470703125;;1 A;
1;977;8.80279397777508;-0.7855224609375;-0.81024169921875;;1 A;
1;978;8.80550397776824;-0.78765869140625;-0.9149169921875;;1 A;
1;979;8.8082139777614;-0.79010009765625;-0.9967041015625;;1 A;
1;980;8.81092397775456;-0.7928466796875;-1.06231689453125;;1 A;
1;981;8.81363397774771;-0.79559326171875;-1.1138916015625;;1 A;
1;982;8.81634397774087;-0.79803466796875;-1.15447998046875;;1 A;
1;983;8.81905397773403;-0.8001708984375;-1.185302734375;;1 A;
1;984;8.82176397772719;-0.8026123046875;-1.20849609375;;1 A;
1;985;8.82447397772034;-0.80535888671875;-1.2255859375;;1 A;
1;986;8.8271839777135;-0.80780029296875;-1.23748779296875;;1 A;
1;987;8.82989397770666;-0.810546875;-1.2451171875;;1 A;
1;988;8.83260397769982;-0.8135986328125;-1.24786376953125;;1 A;
1;989;8.83531397769298;-0.8148193359375;-1.24725341796875;;1 A;
1;990;8.83802397768613;-0.81756591796875;-1.24298095703125;;1 A;
1;991;8.84073397767929;-0.8203125;-1.236572265625;;1 A;
1;992;8.84344397767245;-0.8221435546875;-1.22802734375;;1 A;
1;993;8.84615397766561;-0.82489013671875;-1.21856689453125;;1 A;
1;994;8.84886397765877;-0.82733154296875;-1.2060546875;;1 A;
1;995;8.85157397765192;-0.83038330078125;-1.19293212890625;;1 A;
1;996;8.85428397764508;-0.83251953125;-1.17706298828125;;1 A;
1;997;8.85699397763824;-0.83465576171875;-1.160888671875;;1 A;
1;998;8.8597039776314;-0.83740234375;-1.1431884765625;;1 A;
1;999;8.86241397762456;-0.83984375;-1.12548828125;;1 A;
1;1000;8.86512397761771;-0.84197998046875;-1.10748291015625;;1 A;
1;1001;8.86783397761087;-0.8441162109375;-1.0894775390625;;1 A;
1;1002;8.87054397760403;-0.84716796875;-1.0711669921875;;1 A;
1;1003;8.87325397759719;-0.84930419921875;-1.05438232421875;;1 A;
1;1004;8.87596397759035;-0.85235595703125;-1.03759765625;;1 A;
1;1005;8.8786739775835;-0.8544921875;-1.0223388671875;;1 A;
1;1006;8.88138397757666;-0.85723876953125;-1.00677490234375;;1 A;
1;1007;8.88409397756982;-0.85906982421875;-0.99273681640625;;1 A;
1;1008;8.88680397756298;-0.86212158203125;-0.977783203125;;1 A;
1;1009;8.88951397755613;-0.8642578125;-0.9637451171875;;1 A;
1;1010;8.89222397754929;-0.86669921875;-0.94970703125;;1 A;
1;1011;8.89493397754245;-0.869140625;-0.93658447265625;;1 A;
1;1012;8.89764397753561;-0.87158203125;-0.9234619140625;;1 A;
1;1013;8.90035397752877;-0.87371826171875;-0.91094970703125;;1 A;
1;1014;8.90306397752192;-0.87677001953125;-0.89813232421875;;1 A;
1;1015;8.90577397751508;-0.87860107421875;-0.88623046875;;1 A;
1;1016;8.90848397750824;-0.88134765625;-0.87432861328125;;1 A;
1;1017;8.9111939775014;-0.8837890625;-0.863037109375;;1 A;
1;1018;8.91390397749456;-0.88653564453125;-0.85205078125;;1 A;
1;1019;8.91661397748771;-0.88836669921875;-0.8416748046875;;1 A;
1;1020;8.91932397748087;-0.89111328125;-0.83099365234375;;1 A;
1;1021;8.92203397747403;-0.89324951171875;-0.8209228515625;;1 A;
1;1022;8.92474397746719;-0.89599609375;-0.81085205078125;;1 A;
1;1023;8.92745397746035;-0.8984375;-0.8013916015625;;1 A;
1;1024;8.9301639774535;-0.90087890625;-0.792236328125;;1 A;
1;1025;8.93287397744666;-0.90301513671875;-0.7830810546875;;1 A;
1;1026;8.93558397743982;-0.90576171875;-0.77423095703125;;1 A;
1;1027;8.93829397743298;-0.90789794921875;-0.7659912109375;;1 A;
1;1028;8.94100397742613;-0.91094970703125;-0.7574462890625;;1 A;
1;1029;8.94371397741929;-0.91278076171875;-0.74920654296875;;1 A;
1;1030;8.94642397741245;-0.9149169921875;-0.7415771484375;;1 A;
1;1031;8.94913397740561;-0.91827392578125;-0.73394775390625;;1 A;
1;1032;8.95184397739877;-0.9197998046875;-0.72601318359375;;1 A;
1;1033;8.95455397739192;-0.92254638671875;-0.71868896484375;;1 A;
1;1034;8.95726397738508;-0.92498779296875;-0.711669921875;;1 A;
1;1035;8.95997397737824;-0.92803955078125;-0.7049560546875;;1 A;
1;1036;8.9626839773714;-0.92987060546875;-0.6982421875;;1 A;
1;1037;8.96539397736456;-0.93231201171875;-0.69183349609375;;1 A;
1;1038;8.96810397735771;-0.93505859375;-0.68511962890625;;1 A;
1;1039;8.97081397735087;-0.9375;-0.6787109375;;1 A;
1;1040;8.97352397734403;-0.94024658203125;-0.672607421875;;1 A;
1;1041;8.97623397733719;-0.9417724609375;-0.66680908203125;;1 A;
1;1042;8.97894397733035;-0.94451904296875;-0.6610107421875;;1 A;
1;1043;8.9816539773235;-0.947265625;-0.65521240234375;;1 A;
1;1044;8.98436397731666;-0.9490966796875;-0.64971923828125;;1 A;
1;1045;8.98707397730982;-0.9515380859375;-0.64422607421875;;1 A;
1;1046;8.98978397730298;-0.95458984375;-0.63873291015625;;1 A;
1;1047;8.99249397729614;-0.95703125;-0.633544921875;;1 A;
1;1048;8.99520397728929;-0.95977783203125;-0.62835693359375;;1 A;
1;1049;8.99791397728245;-0.9619140625;-0.62347412109375;;1 A;
1;1050;9.00062397727561;-0.96405029296875;-0.61859130859375;;1 A;
1;1051;9.00333397726877;-0.966796875;-0.614013671875;;1 A;
1;1052;9.00604397726192;-0.96923828125;-0.609130859375;;1 A;
1;1053;9.00875397725508;-0.9710693359375;-0.60455322265625;;1 A;
1;1054;9.01146397724824;-0.97381591796875;-0.60028076171875;;1 A;
1;1055;9.0141739772414;-0.9765625;-0.59600830078125;;1 A;
1;1056;9.01688397723456;-0.97900390625;-0.5914306640625;;1 A;
1;1057;9.01959397722771;-0.9814453125;-0.58746337890625;;1 A;
1;1058;9.02230397722087;-0.98419189453125;-0.58319091796875;;1 A;
1;1059;9.02501397721403;-0.98602294921875;-0.57952880859375;;1 A;
1;1060;9.02772397720719;-0.98846435546875;-0.5755615234375;;1 A;
1;1061;9.03043397720035;-0.9912109375;-0.57159423828125;;1 A;
1;1062;9.0331439771935;-0.99334716796875;-0.56793212890625;;1 A;
1;1063;9.03585397718666;-0.99639892578125;-0.56396484375;;1 A;
1;1064;9.03856397717982;-0.99853515625;-0.560302734375;;1 A;
1;1065;9.04127397717298;-1.0009765625;-0.556640625;;1 A;
1;1066;9.04398397716614;-1.0028076171875;-0.55328369140625;;1 A;
1;1067;9.04669397715929;-1.005859375;-0.5499267578125;;1 A;
1;1068;9.04940397715245;-1.0076904296875;-0.54656982421875;;1 A;
1;1069;9.05211397714561;-1.01104736328125;-0.543212890625;;1 A;
1;1070;9.05482397713877;-1.01287841796875;-0.53985595703125;;1 A;
1;1071;9.05753397713192;-1.01531982421875;-0.53680419921875;;1 A;
1;1072;9.06024397712508;-1.01806640625;-0.53375244140625;;1 A;
1;1073;9.06295397711824;-1.02020263671875;-0.53070068359375;;1 A;
1;1074;9.0656639771114;-1.02264404296875;-0.52764892578125;;1 A;
1;1075;9.06837397710456;-1.025390625;-0.52490234375;;1 A;
1;1076;9.07108397709771;-1.0284423828125;-0.5218505859375;;1 A;
1;1077;9.07379397709087;-1.02874755859375;-0.518798828125;;1 A;
1;1078;9.07650397708403;-1.03271484375;-0.516357421875;;1 A;
1;1079;9.07921397707719;-1.03485107421875;-0.51361083984375;;1 A;
1;1080;9.08192397707035;-1.03729248046875;-0.5108642578125;;1 A;
1;1081;9.0846339770635;-1.0394287109375;-0.50811767578125;;1 A;
1;1082;9.08734397705666;-1.04217529296875;-0.50537109375;;1 A;
1;1083;9.09005397704982;-1.0443115234375;-0.5029296875;;1 A;
1;1084;9.09276397704298;-1.04705810546875;-0.50048828125;;1 A;
1;1085;9.09547397703614;-1.0491943359375;-0.4979248046875;;1 A;
1;1086;9.09818397702929;-1.05194091796875;-0.49554443359375;;1 A;
1;1087;9.10089397702245;-1.0546875;-0.4931640625;;1 A;
1;1088;9.10360397701561;-1.05682373046875;-0.490875244140625;;1 A;
1;1089;9.10631397700877;-1.05926513671875;-0.488494873046875;;1 A;
1;1090;9.10902397700193;-1.06170654296875;-0.486236572265625;;1 A;
1;1091;9.11173397699508;-1.0638427734375;-0.4840087890625;;1 A;
1;1092;9.11444397698824;-1.06597900390625;-0.481842041015625;;1 A;
1;1093;9.1171539769814;-1.06903076171875;-0.479644775390625;;1 A;
1;1094;9.11986397697456;-1.07177734375;-0.477569580078125;;1 A;
1;1095;9.12257397696771;-1.07421875;-0.475494384765625;;1 A;
1;1096;9.12528397696087;-1.07666015625;-0.473480224609375;;1 A;
1;1097;9.12799397695403;-1.07879638671875;-0.471405029296875;;1 A;
1;1098;9.13070397694719;-1.0809326171875;-0.469482421875;;1 A;
1;1099;9.13341397694035;-1.08367919921875;-0.467376708984375;;1 A;
1;1100;9.1361239769335;-1.08642578125;-0.46551513671875;;1 A;
1;1101;9.13883397692666;-1.08856201171875;-0.463592529296875;;1 A;
1;1102;9.14154397691982;-1.09100341796875;-0.461761474609375;;1 A;
1;1103;9.14425397691298;-1.09344482421875;-0.459991455078125;;1 A;
1;1104;9.14696397690614;-1.09527587890625;-0.4581298828125;;1 A;
1;1105;9.14967397689929;-1.09832763671875;-0.456451416015625;;1 A;
1;1106;9.15238397689245;-1.1004638671875;-0.454620361328125;;1 A;
1;1107;9.15509397688561;-1.1029052734375;-0.453033447265625;;1 A;
1;1108;9.15780397687877;-1.10504150390625;-0.45123291015625;;1 A;
1;1109;9.16051397687193;-1.107177734375;-0.44964599609375;;1 A;
1;1110;9.16322397686508;-1.10992431640625;-0.44805908203125;;1 A;
1;1111;9.16593397685824;-1.11236572265625;-0.4464111328125;;1 A;
1;1112;9.1686439768514;-1.1151123046875;-0.44476318359375;;1 A;
1;1113;9.17135397684456;-1.1175537109375;-0.443145751953125;;1 A;
1;1114;9.17406397683772;-1.12030029296875;-0.441650390625;;1 A;
1;1115;9.17677397683087;-1.1224365234375;-0.440277099609375;;1 A;
1;1116;9.17948397682403;-1.12548828125;-0.43878173828125;;1 A;
1;1117;9.18219397681719;-1.12762451171875;-0.437286376953125;;1 A;
1;1118;9.18490397681035;-1.12945556640625;-0.435821533203125;;1 A;
1;1119;9.1876139768035;-1.1328125;-0.43438720703125;;1 A;
1;1120;9.19032397679666;-1.1346435546875;-0.43304443359375;;1 A;
1;1121;9.19303397678982;-1.1376953125;-0.4315185546875;;1 A;
1;1122;9.19574397678298;-1.1395263671875;-0.430206298828125;;1 A;
1;1123;9.19845397677614;-1.14227294921875;-0.428955078125;;1 A;
1;1124;9.20116397676929;-1.1444091796875;-0.427490234375;;1 A;
1;1125;9.20387397676245;-1.1468505859375;-0.42620849609375;;1 A;
1;1126;9.20658397675561;-1.1492919921875;-0.424957275390625;;1 A;
1;1127;9.20929397674877;-1.15203857421875;-0.423675537109375;;1 A;
1;1128;9.21200397674193;-1.1541748046875;-0.422454833984375;;1 A;
1;1129;9.21471397673508;-1.1566162109375;-0.42120361328125;;1 A;
1;1130;9.21742397672824;-1.1590576171875;-0.420013427734375;;1 A;
1;1131;9.2201339767214;-1.162109375;-0.418731689453125;;1 A;
1;1132;9.22284397671456;-1.16363525390625;-0.417572021484375;;1 A;
1;1133;9.22555397670772;-1.16668701171875;-0.416412353515625;;1 A;
1;1134;9.22826397670087;-1.16851806640625;-0.415283203125;;1 A;
1;1135;9.23097397669403;-1.17156982421875;-0.414093017578125;;1 A;
1;1136;9.23368397668719;-1.173095703125;-0.412994384765625;;1 A;
1;1137;9.23639397668035;-1.1767578125;-0.41180419921875;;1 A;
1;1138;9.2391039766735;-1.1785888671875;-0.4107666015625;;1 A;
1;1139;9.24181397666666;-1.18072509765625;-0.40960693359375;;1 A;
1;1140;9.24452397665982;-1.18377685546875;-0.40850830078125;;1 A;
1;1141;9.24723397665298;-1.1859130859375;-0.40740966796875;;1 A;
1;1142;9.24994397664614;-1.18865966796875;-0.406341552734375;;1 A;
1;1143;9.25265397663929;-1.19049072265625;-0.40533447265625;;1 A;
1;1144;9.25536397663245;-1.1932373046875;-0.404327392578125;;1 A;
1;1145;9.25807397662561;-1.1956787109375;-0.4031982421875;;1 A;
1;1146;9.26078397661877;-1.1981201171875;-0.40216064453125;;1 A;
1;1147;9.26349397661193;-1.199951171875;-0.3984375;;1 A;
1;1148;9.26620397660508;-1.1968994140625;-0.396697998046875;;1 A;
1;1149;9.26891397659824;-1.19476318359375;-0.395172119140625;;1 A;
1;1150;9.2716239765914;-1.19232177734375;-0.393798828125;;1 A;
1;1151;9.27433397658456;-1.190185546875;-0.392425537109375;;1 A;
1;1152;9.27704397657772;-1.187744140625;-0.39111328125;;1 A;
1;1153;9.27975397657087;-1.18499755859375;-0.389862060546875;;1 A;
1;1154;9.28246397656403;-1.18194580078125;-0.388641357421875;;1 A;
1;1155;9.28517397655719;-1.18011474609375;-0.387298583984375;;1 A;
1;1156;9.28788397655035;-1.177978515625;-0.386138916015625;;1 A;
1;1157;9.29059397654351;-1.17584228515625;-0.384796142578125;;1 A;
1;1158;9.29330397653666;-1.1724853515625;-0.38360595703125;;1 A;
1;1159;9.29601397652982;-1.170654296875;-0.382537841796875;;1 A;
1;1160;9.29872397652298;-1.16790771484375;-0.38128662109375;;1 A;
1;1161;9.30143397651614;-1.16607666015625;-0.380126953125;;1 A;
1;1162;9.30414397650929;-1.1627197265625;-0.378936767578125;;1 A;
1;1163;9.30685397650245;-1.1602783203125;-0.377838134765625;;1 A;
1;1164;9.30956397649561;-1.15814208984375;-0.376678466796875;;1 A;
1;1165;9.31227397648877;-1.15570068359375;-0.375518798828125;;1 A;
1;1166;9.31498397648193;-1.1529541015625;-0.374359130859375;;1 A;
1;1167;9.31769397647508;-1.151123046875;-0.373321533203125;;1 A;
1;1168;9.32040397646824;-1.148681640625;-0.372161865234375;;1 A;
1;1169;9.3231139764614;-1.14654541015625;-0.37103271484375;;1 A;
1;1170;9.32582397645456;-1.143798828125;-0.369964599609375;;1 A;
1;1171;9.32853397644772;-1.14105224609375;-0.368927001953125;;1 A;
1;1172;9.33124397644087;-1.13861083984375;-0.36785888671875;;1 A;
1;1173;9.33395397643403;-1.136474609375;-0.366729736328125;;1 A;
1;1174;9.33666397642719;-1.13372802734375;-0.365692138671875;;1 A;
1;1175;9.33937397642035;-1.13189697265625;-0.364593505859375;;1 A;
1;1176;9.34208397641351;-1.12884521484375;-0.3636474609375;;1 A;
1;1177;9.34479397640666;-1.12640380859375;-0.362518310546875;;1 A;
1;1178;9.34750397639982;-1.12396240234375;-0.3614501953125;;1 A;
1;1179;9.35021397639298;-1.12152099609375;-0.3604736328125;;1 A;
1;1180;9.35292397638614;-1.1187744140625;-0.35943603515625;;1 A;
1;1181;9.35563397637929;-1.116943359375;-0.358428955078125;;1 A;
1;1182;9.35834397637245;-1.114501953125;-0.357421875;;1 A;
1;1183;9.36105397636561;-1.11175537109375;-0.3564453125;;1 A;
1;1184;9.36376397635877;-1.10992431640625;-0.355438232421875;;1 A;
1;1185;9.36647397635193;-1.107177734375;-0.354461669921875;;1 A;
1;1186;9.36918397634508;-1.104736328125;-0.353424072265625;;1 A;
1;1187;9.37189397633824;-1.1016845703125;-0.35247802734375;;1 A;
1;1188;9.3746039763314;-1.09954833984375;-0.351409912109375;;1 A;
1;1189;9.37731397632456;-1.097412109375;-0.3504638671875;;1 A;
1;1190;9.38002397631772;-1.09466552734375;-0.34942626953125;;1 A;
1;1191;9.38273397631087;-1.09222412109375;-0.3485107421875;;1 A;
1;1192;9.38544397630403;-1.090087890625;-0.347412109375;;1 A;
1;1193;9.38815397629719;-1.08734130859375;-0.346435546875;;1 A;
1;1194;9.39086397629035;-1.085205078125;-0.345550537109375;;1 A;
1;1195;9.39357397628351;-1.0833740234375;-0.3446044921875;;1 A;
1;1196;9.39628397627666;-1.08062744140625;-0.343658447265625;;1 A;
1;1197;9.39899397626982;-1.07757568359375;-0.34271240234375;;1 A;
1;1198;9.40170397626298;-1.075439453125;-0.34173583984375;;1 A;
1;1199;9.40441397625614;-1.0723876953125;-0.340789794921875;;1 A;
1;1200;9.4071239762493;-1.070556640625;-0.33984375;;1 A;
1;1201;9.40983397624245;-1.068115234375;-0.33892822265625;;1 A;
1;1202;9.41254397623561;-1.065673828125;-0.337982177734375;;1 A;
1;1203;9.41525397622877;-1.06353759765625;-0.33709716796875;;1 A;
1;1204;9.41796397622193;-1.060791015625;-0.336151123046875;;1 A;
1;1205;9.42067397621508;-1.05804443359375;-0.335174560546875;;1 A;
1;1206;9.42338397620824;-1.055908203125;-0.334259033203125;;1 A;
1;1207;9.4260939762014;-1.053466796875;-0.33331298828125;;1 A;
1;1208;9.42880397619456;-1.05133056640625;-0.3323974609375;;1 A;
1;1209;9.43151397618772;-1.0479736328125;-0.33154296875;;1 A;
1;1210;9.43422397618087;-1.04522705078125;-0.330596923828125;;1 A;
1;1211;9.43693397617403;-1.043701171875;-0.32965087890625;;1 A;
1;1212;9.43964397616719;-1.04095458984375;-0.32879638671875;;1 A;
1;1213;9.44235397616035;-1.03851318359375;-0.327880859375;;1 A;
1;1214;9.44506397615351;-1.0369873046875;-0.326934814453125;;1 A;
1;1215;9.44777397614666;-1.033935546875;-0.32598876953125;;1 A;
1;1216;9.45048397613982;-1.03118896484375;-0.3250732421875;;1 A;
1;1217;9.45319397613298;-1.02874755859375;-0.32415771484375;;1 A;
1;1218;9.45590397612614;-1.026611328125;-0.32330322265625;;1 A;
1;1219;9.4586139761193;-1.02386474609375;-0.3223876953125;;1 A;
1;1220;9.46132397611245;-1.02142333984375;-0.321502685546875;;1 A;
1;1221;9.46403397610561;-1.0186767578125;-0.320648193359375;;1 A;
1;1222;9.46674397609877;-1.01654052734375;-0.319671630859375;;1 A;
1;1223;9.46945397609193;-1.014404296875;-0.318756103515625;;1 A;
1;1224;9.47216397608508;-1.01165771484375;-0.31781005859375;;1 A;
1;1225;9.47487397607824;-1.009521484375;-0.316986083984375;;1 A;
1;1226;9.4775839760714;-1.00677490234375;-0.316070556640625;;1 A;
1;1227;9.48029397606456;-1.00433349609375;-0.315093994140625;;1 A;
1;1228;9.48300397605772;-1.002197265625;-0.314178466796875;;1 A;
1;1229;9.48571397605087;-1.00006103515625;-0.313232421875;;1 A;
1;1230;9.48842397604403;-0.99700927734375;-0.31231689453125;;1 A;
1;1231;9.49113397603719;-0.994873046875;-0.3114013671875;;1 A;
1;1232;9.49384397603035;-0.992431640625;-0.310516357421875;;1 A;
1;1233;9.49655397602351;-0.99029541015625;-0.30950927734375;;1 A;
1;1234;9.49926397601666;-0.98724365234375;-0.308563232421875;;1 A;
1;1235;9.50197397600982;-0.98541259765625;-0.307586669921875;;1 A;
1;1236;9.50468397600298;-0.98297119140625;-0.30657958984375;;1 A;
1;1237;9.50739397599614;-0.980224609375;-0.30560302734375;;1 A;
1;1238;9.5101039759893;-0.97747802734375;-0.3046875;;1 A;
1;1239;9.51281397598245;-0.97564697265625;-0.3037109375;;1 A;
1;1240;9.51552397597561;-0.97320556640625;-0.30279541015625;;1 A;
1;1241;9.51823397596877;-0.97015380859375;-0.301666259765625;;1 A;
1;1242;9.52094397596193;-0.968017578125;-0.300628662109375;;1 A;
1;1243;9.52365397595509;-0.96527099609375;-0.29962158203125;;1 A;
1;1244;9.52636397594824;-0.96343994140625;-0.298583984375;;1 A;
1;1245;9.5290739759414;-0.960693359375;-0.297607421875;;1 A;
1;1246;9.53178397593456;-0.958251953125;-0.296539306640625;;1 A;
1;1247;9.53449397592772;-0.955810546875;-0.295379638671875;;1 A;
1;1248;9.53720397592087;-0.953369140625;-0.294281005859375;;1 A;
1;1249;9.53991397591403;-0.950927734375;-0.29315185546875;;1 A;
1;1250;9.54262397590719;-0.9490966796875;-0.29205322265625;;1 A;
1;1251;9.54533397590035;-0.94573974609375;-0.29083251953125;;1 A;
1;1252;9.54804397589351;-0.943603515625;-0.289703369140625;;1 A;
1;1253;9.55075397588666;-0.94085693359375;-0.2884521484375;;1 A;
1;1254;9.55346397587982;-0.9381103515625;-0.287200927734375;;1 A;
1;1255;9.55617397587298;-0.936279296875;-0.285888671875;;1 A;
1;1256;9.55888397586614;-0.93353271484375;-0.2845458984375;;1 A;
1;1257;9.5615939758593;-0.93109130859375;-0.28326416015625;;1 A;
1;1258;9.56430397585245;-0.92864990234375;-0.2818603515625;;1 A;
1;1259;9.56701397584561;-0.926513671875;-0.280364990234375;;1 A;
1;1260;9.56972397583877;-0.92376708984375;-0.278900146484375;;1 A;
1;1261;9.57243397583193;-0.921630859375;-0.2774658203125;;1 A;
1;1262;9.57514397582509;-0.91888427734375;-0.275848388671875;;1 A;
1;1263;9.57785397581824;-0.91705322265625;-0.274261474609375;;1 A;
1;1264;9.5805639758114;-0.914306640625;-0.2725830078125;;1 A;
1;1265;9.58327397580456;-0.91156005859375;-0.2708740234375;;1 A;
1;1266;9.58598397579772;-0.90911865234375;-0.2689208984375;;1 A;
1;1267;9.58869397579087;-0.906982421875;-0.267059326171875;;1 A;
1;1268;9.59140397578403;-0.90423583984375;-0.265106201171875;;1 A;
1;1269;9.59411397577719;-0.90240478515625;-0.263153076171875;;1 A;
1;1270;9.59682397577035;-0.899658203125;-0.26104736328125;;1 A;
1;1271;9.59953397576351;-0.89691162109375;-0.258880615234375;;1 A;
1;1272;9.60224397575666;-0.894775390625;-0.256500244140625;;1 A;
1;1273;9.60495397574982;-0.8917236328125;-0.254058837890625;;1 A;
1;1274;9.60766397574298;-0.89019775390625;-0.2515869140625;;1 A;
1;1275;9.61037397573614;-0.88714599609375;-0.2491455078125;;1 A;
1;1276;9.6130839757293;-0.885009765625;-0.24639892578125;;1 A;
1;1277;9.61579397572245;-0.88226318359375;-0.243560791015625;;1 A;
1;1278;9.61850397571561;-0.8795166015625;-0.240478515625;;1 A;
1;1279;9.62121397570877;-0.87738037109375;-0.23724365234375;;1 A;
1;1280;9.62392397570193;-0.87493896484375;-0.233978271484375;;1 A;
1;1281;9.62663397569509;-0.8721923828125;-0.230712890625;;1 A;
1;1282;9.62934397568824;-0.87066650390625;-0.22723388671875;;1 A;
1;1283;9.6320539756814;-0.867919921875;-0.223419189453125;;1 A;
1;1284;9.63476397567456;-0.865478515625;-0.219451904296875;;1 A;
1;1285;9.63747397566772;-0.863037109375;-0.2152099609375;;1 A;
1;1286;9.64018397566088;-0.860595703125;-0.2109375;;1 A;
1;1287;9.64289397565403;-0.85845947265625;-0.206451416015625;;1 A;
1;1288;9.64560397564719;-0.85601806640625;-0.20184326171875;;1 A;
1;1289;9.64831397564035;-0.85296630859375;-0.196807861328125;;1 A;
1;1290;9.65102397563351;-0.850830078125;-0.191680908203125;;1 A;
1;1291;9.65373397562666;-0.84808349609375;-0.18597412109375;;1 A;
1;1292;9.65644397561982;-0.84564208984375;-0.180419921875;;1 A;
1;1293;9.65915397561298;-0.84320068359375;-0.174346923828125;;1 A;
1;1294;9.66186397560614;-0.841064453125;-0.168243408203125;;1 A;
1;1295;9.6645739755993;-0.8380126953125;-0.16162109375;;1 A;
1;1296;9.66728397559245;-0.836181640625;-0.154998779296875;;1 A;
1;1297;9.66999397558561;-0.83343505859375;-0.147491455078125;;1 A;
1;1298;9.67270397557877;-0.831298828125;-0.140380859375;;1 A;
1;1299;9.67541397557193;-0.828857421875;-0.132354736328125;;1 A;
1;1300;9.67812397556509;-0.82611083984375;-0.124908447265625;;1 A;
1;1301;9.68083397555824;-0.82427978515625;-0.11639404296875;;1 A;
1;1302;9.6835439755514;-0.8221435546875;-0.108184814453125;;1 A;
1;1303;9.68625397554456;-0.8184814453125;-0.098846435546875;;1 A;
1;1304;9.68896397553772;-0.81695556640625;-0.089996337890625;;1 A;
1;1305;9.69167397553088;-0.814208984375;-0.080596923828125;;1 A;
1;1306;9.69438397552403;-0.81146240234375;-0.07183837890625;;1 A;
1;1307;9.69709397551719;-0.80902099609375;-0.0623779296875;;1 A;
1;1308;9.69980397551035;-0.80657958984375;-0.052978515625;;1 A;
1;1309;9.70251397550351;-0.804443359375;-0.0429443359375;;1 A;
1;1310;9.70522397549666;-0.80169677734375;-0.033367919921875;;1 A;
1;1311;9.70793397548982;-0.79925537109375;-0.023577880859375;;1 A;
1;1312;9.71064397548298;-0.79742431640625;-0.0143096923828125;;1 A;
1;1313;9.71335397547614;-0.79498291015625;-0.0046112060546875;;1 A;
1;1314;9.7160639754693;-0.79254150390625;0.00560607910156249;;1 A;
1;1315;9.71877397546245;-0.789794921875;0.0167816162109375;;1 A;
1;1316;9.72148397545561;-0.78765869140625;0.028265380859375;;1 A;
1;1317;9.72419397544877;-0.78460693359375;0.040777587890625;;1 A;
1;1318;9.72690397544193;-0.78277587890625;0.05413818359375;;1 A;
1;1319;9.72961397543509;-0.7794189453125;0.06866455078125;;1 A;
1;1320;9.73232397542824;-0.777587890625;0.085113525390625;;1 A;
1;1321;9.7350339754214;-0.7757568359375;0.102935791015625;;1 A;
1;1322;9.73774397541456;-0.77301025390625;0.12286376953125;;1 A;
1;1323;9.74045397540772;-0.770263671875;0.143463134765625;;1 A;
1;1324;9.74316397540088;-0.7684326171875;0.16571044921875;;1 A;
1;1325;9.74587397539403;-0.76568603515625;0.18780517578125;;1 A;
1;1326;9.74858397538719;-0.7635498046875;0.212127685546875;;1 A;
1;1327;9.75129397538035;-0.760498046875;0.236572265625;;1 A;
1;1328;9.75400397537351;-0.75836181640625;0.26263427734375;;1 A;
1;1329;9.75671397536667;-0.75592041015625;0.288116455078125;;1 A;
1;1330;9.75942397535982;-0.75347900390625;0.314453125;;1 A;
1;1331;9.76213397535298;-0.75103759765625;0.33941650390625;;1 A;
1;1332;9.76484397534614;-0.7486572265625;0.364501953125;;1 A;
1;1333;9.7675539753393;-0.7462158203125;0.388580322265625;;1 A;
1;1334;9.77026397533245;-0.7437744140625;0.4111328125;;1 A;
1;1335;9.77297397532561;-0.74127197265625;0.4278564453125;;1 A;
1;1336;9.77568397531877;-0.738861083984375;0.441192626953125;;1 A;
1;1337;9.77839397531193;-0.73638916015625;0.45355224609375;;1 A;
1;1338;9.78110397530509;-0.73406982421875;0.4705810546875;;1 A;
1;1339;9.78381397529824;-0.731597900390625;0.491851806640625;;1 A;
1;1340;9.7865239752914;-0.729217529296875;0.5181884765625;;1 A;
1;1341;9.78923397528456;-0.726837158203125;0.5462646484375;;1 A;
1;1342;9.79194397527772;-0.724395751953125;0.576171875;;1 A;
1;1343;9.79465397527088;-0.721954345703125;0.6060791015625;;1 A;
1;1344;9.79736397526403;-0.7196044921875;0.63751220703125;;1 A;
1;1345;9.80007397525719;-0.717132568359375;0.670166015625;;1 A;
1;1346;9.80278397525035;-0.714691162109375;0.70465087890625;;1 A;
1;1347;9.80549397524351;-0.712249755859375;0.73974609375;;1 A;
1;1348;9.80820397523667;-0.7098388671875;0.77484130859375;;1 A;
1;1349;9.81091397522982;-0.707366943359375;0.80963134765625;;1 A;
1;1350;9.81362397522298;-0.704986572265625;0.8447265625;;1 A;
1;1351;9.81633397521614;-0.702545166015625;0.88104248046875;;1 A;
1;1352;9.8190439752093;-0.700103759765625;0.9185791015625;;1 A;
1;1353;9.82175397520245;-0.697723388671875;0.95703125;;1 A;
1;1354;9.82446397519561;-0.695220947265625;0.9954833984375;;1 A;
1;1355;9.82717397518877;-0.692840576171875;1.033935546875;;1 A;
1;1356;9.82988397518193;-0.690338134765625;1.07177734375;;1 A;
1;1357;9.83259397517509;-0.68798828125;1.1114501953125;;1 A;
1;1358;9.83530397516824;-0.685516357421875;1.15203857421875;;1 A;
1;1359;9.8380139751614;-0.68316650390625;1.1932373046875;;1 A;
1;1360;9.84072397515456;-0.6806640625;1.2347412109375;;1 A;
1;1361;9.84343397514772;-0.678192138671875;1.27716064453125;;1 A;
1;1362;9.84614397514088;-0.675750732421875;1.31927490234375;;1 A;
1;1363;9.84885397513403;-0.673370361328125;1.3629150390625;;1 A;
1;1364;9.85156397512719;-0.670928955078125;1.4068603515625;;1 A;
1;1365;9.85427397512035;-0.668548583984375;1.45263671875;;1 A;
1;1366;9.85698397511351;-0.66607666015625;1.4984130859375;;1 A;
1;1367;9.85969397510667;-0.663665771484375;1.54632568359375;;1 A;
1;1368;9.86240397509982;-0.66119384765625;1.59393310546875;;1 A;
1;1369;9.86511397509298;-0.65887451171875;1.6436767578125;;1 A;
1;1370;9.86782397508614;-0.656402587890625;1.6943359375;;1 A;
1;1371;9.8705339750793;-0.65399169921875;1.746826171875;;1 A;
1;1372;9.87324397507246;-0.651519775390625;1.79901123046875;;1 A;
1;1373;9.87595397506561;-0.649169921875;1.85272216796875;;1 A;
1;1374;9.87866397505877;-0.646759033203125;1.9061279296875;;1 A;
1;1375;9.88137397505193;-0.644378662109375;1.96075439453125;;1 A;
1;1376;9.88408397504509;-0.64202880859375;2.0147705078125;;1 A;Current overload
1;1377;9.88679397503824;-0.639678955078125;2.0684814453125;;1 A;Current overload
1;1378;9.8895039750314;-0.6373291015625;2.1209716796875;;1 A;Current overload
1;1379;9.89221397502456;-0.63507080078125;2.1734619140625;;1 A;Current overload
1;1380;9.89492397501772;-0.63275146484375;2.225341796875;;1 A;Current overload
1;1381;9.89763397501088;-0.6304931640625;2.27783203125;;1 A;Current overload
1;1382;9.90034397500403;-0.628143310546875;2.33154296875;;1 A;Current overload
1;1383;9.90305397499719;-0.626678466796875;2.3406982421875;;1 A;Current overload
1;1384;9.90576397499035;-0.625396728515625;2.34100341796875;;1 A;Current overload
1;1385;9.90847397498351;-0.62420654296875;2.34100341796875;;1 A;Current overload
1;1386;9.91118397497667;-0.62298583984375;2.34130859375;;1 A;Current overload
1;1387;9.91389397496982;-0.62176513671875;2.34130859375;;1 A;Current overload
1;1388;9.91660397496298;-0.62054443359375;2.34130859375;;1 A;Current overload
1;1389;9.91931397495614;-0.619354248046875;2.34130859375;;1 A;Current overload
1;1390;9.9220239749493;-0.618133544921875;2.34161376953125;;1 A;Current overload
1;1391;9.92473397494246;-0.616851806640625;2.34161376953125;;1 A;Current overload
1;1392;9.92744397493561;-0.615509033203125;2.34161376953125;;1 A;Current overload
1;1393;9.93015397492877;-0.614105224609375;2.34161376953125;;1 A;Current overload
1;1394;9.93286397492193;-0.612579345703125;2.34161376953125;;1 A;Current overload
1;1395;9.93557397491509;-0.61102294921875;2.34161376953125;;1 A;Current overload
1;1396;9.93828397490824;-0.60931396484375;2.34161376953125;;1 A;Current overload
1;1397;9.9409939749014;-0.60748291015625;2.34161376953125;;1 A;Current overload
1;1398;9.94370397489456;-0.605499267578125;2.34161376953125;;1 A;Current overload
1;1399;9.94641397488772;-0.60333251953125;2.34161376953125;;1 A;Current overload
1;1400;9.94912397488088;-0.6009521484375;2.34161376953125;;1 A;Current overload
1;1401;9.95183397487403;-0.598297119140625;2.34161376953125;;1 A;Current overload
1;1402;9.95454397486719;-0.59539794921875;2.34130859375;;1 A;Current overload
1;1403;9.95725397486035;-0.592041015625;2.34130859375;;1 A;Current overload
1;1404;9.95996397485351;-0.5882568359375;2.34130859375;;1 A;Current overload
1;1405;9.96267397484667;-0.58380126953125;2.34100341796875;;1 A;Current overload
1;1406;9.96538397483982;-0.5784912109375;2.3406982421875;;1 A;Current overload
1;1407;9.96809397483298;-0.572235107421875;2.34039306640625;;1 A;Current overload
1;1408;9.97080397482614;-0.564849853515625;2.3388671875;;1 A;Current overload
1;1409;9.9735139748193;-0.557586669921875;2.259521484375;;1 A;Current overload
1;1410;9.97622397481246;-0.554718017578125;2.00286865234375;;1 A;Current overload
1;1411;9.97893397480561;-0.55450439453125;1.72637939453125;;1 A;
1;1412;9.98164397479877;-0.55224609375;1.5203857421875;;1 A;
1;1413;9.98435397479193;-0.549957275390625;1.3330078125;;1 A;
1;1414;9.98706397478509;-0.547698974609375;1.168212890625;;1 A;
1;1415;9.98977397477825;-0.545318603515625;1.02508544921875;;1 A;
1;1416;9.9924839747714;-0.543060302734375;0.90118408203125;;1 A;
1;1417;9.99519397476456;-0.540679931640625;0.79559326171875;;1 A;
1;1418;9.99790397475772;-0.538360595703125;0.7086181640625;;1 A;
1;1419;10.0006139747509;-0.53607177734375;0.635986328125;;1 A;
1;1420;10.003323974744;-0.53369140625;0.576171875;;1 A;
1;1421;10.0060339747372;-0.531280517578125;0.52520751953125;;1 A;
1;1422;10.0087439747304;-0.52880859375;0.48199462890625;;1 A;
1;1423;10.0114539747235;-0.5263671875;0.44384765625;;1 A;
1;1424;10.0141639747167;-0.523956298828125;0.41131591796875;;1 A;
1;1425;10.0168739747098;-0.521575927734375;0.38323974609375;;1 A;
1;1426;10.019583974703;-0.51910400390625;0.359619140625;;1 A;
1;1427;10.0222939746961;-0.516693115234375;0.339080810546875;;1 A;
1;1428;10.0250039746893;-0.514251708984375;0.32147216796875;;1 A;
1;1429;10.0277139746825;-0.5118408203125;0.305267333984375;;1 A;
1;1430;10.0304239746756;-0.50946044921875;0.290924072265625;;1 A;
1;1431;10.0331339746688;-0.506988525390625;0.27752685546875;;1 A;
1;1432;10.0358439746619;-0.50457763671875;0.265350341796875;;1 A;
1;1433;10.0385539746551;-0.502105712890625;0.2537841796875;;1 A;
1;1434;10.0412639746482;-0.499603271484375;0.242584228515625;;1 A;
1;1435;10.0439739746414;-0.497283935546875;0.231719970703125;;1 A;
1;1436;10.0466839746346;-0.4947509765625;0.221832275390625;;1 A;
1;1437;10.0493939746277;-0.492279052734375;0.213134765625;;1 A;
1;1438;10.0521039746209;-0.489959716796875;0.20562744140625;;1 A;
1;1439;10.054813974614;-0.48748779296875;0.198760986328125;;1 A;
1;1440;10.0575239746072;-0.48504638671875;0.192352294921875;;1 A;
1;1441;10.0602339746004;-0.482635498046875;0.186004638671875;;1 A;
1;1442;10.0629439745935;-0.480255126953125;0.18023681640625;;1 A;
1;1443;10.0656539745867;-0.47772216796875;0.17474365234375;;1 A;
1;1444;10.0683639745798;-0.475311279296875;0.16973876953125;;1 A;
1;1445;10.071073974573;-0.472900390625;0.16485595703125;;1 A;
1;1446;10.0737839745661;-0.470458984375;0.160064697265625;;1 A;
1;1447;10.0764939745593;-0.468048095703125;0.15557861328125;;1 A;
1;1448;10.0792039745525;-0.465545654296875;0.151214599609375;;1 A;
1;1449;10.0819139745456;-0.463134765625;0.14703369140625;;1 A;
1;1450;10.0846239745388;-0.460693359375;0.142913818359375;;1 A;
1;1451;10.0873339745319;-0.458251953125;0.139129638671875;;1 A;
1;1452;10.0900439745251;-0.45587158203125;0.135223388671875;;1 A;
1;1453;10.0927539745182;-0.453338623046875;0.131622314453125;;1 A;
1;1454;10.0954639745114;-0.450927734375;0.128143310546875;;1 A;
1;1455;10.0981739745046;-0.448486328125;0.124847412109375;;1 A;
1;1456;10.1008839744977;-0.446014404296875;0.1217041015625;;1 A;
1;1457;10.1035939744909;-0.44366455078125;0.1187744140625;;1 A;
1;1458;10.106303974484;-0.44122314453125;0.1160888671875;;1 A;
1;1459;10.1090139744772;-0.438720703125;0.1134033203125;;1 A;
1;1460;10.1117239744704;-0.43634033203125;0.110809326171875;;1 A;
1;1461;10.1144339744635;-0.433868408203125;0.1083984375;;1 A;
1;1462;10.1171439744567;-0.431396484375;0.105987548828125;;1 A;
1;1463;10.1198539744498;-0.42901611328125;0.103668212890625;;1 A;
1;1464;10.122563974443;-0.42657470703125;0.101226806640625;;1 A;
1;1465;10.1252739744361;-0.424072265625;0.09869384765625;;1 A;
1;1466;10.1279839744293;-0.421722412109375;0.096038818359375;;1 A;
1;1467;10.1306939744225;-0.419219970703125;0.093170166015625;;1 A;
1;1468;10.1334039744156;-0.416778564453125;0.08990478515625;;1 A;
1;1469;10.1361139744088;-0.41436767578125;0.085906982421875;;1 A;
1;1470;10.1388239744019;-0.41192626953125;0.081634521484375;;1 A;
1;1471;10.1415339743951;-0.409515380859375;0.0767822265625;;1 A;
1;1472;10.1442439743882;-0.40704345703125;0.071380615234375;;1 A;
1;1473;10.1469539743814;-0.40460205078125;0.065948486328125;;1 A;
1;1474;10.1496639743746;-0.402130126953125;0.060516357421875;;1 A;
1;1475;10.1523739743677;-0.399688720703125;0.055755615234375;;1 A;
1;1476;10.1550839743609;-0.39727783203125;0.052154541015625;;1 A;
1;1477;10.157793974354;-0.394805908203125;0.04892578125;;1 A;
1;1478;10.1605039743472;-0.39239501953125;0.0461517333984375;;1 A;
1;1479;10.1632139743404;-0.389984130859375;0.043548583984375;;1 A;
1;1480;10.1659239743335;-0.387542724609375;0.041436767578125;;1 A;
1;1481;10.1686339743267;-0.3851318359375;0.039691162109375;;1 A;
1;1482;10.1713439743198;-0.3826904296875;0.0381744384765625;;1 A;
1;1483;10.174053974313;-0.380218505859375;0.03680419921875;;1 A;
1;1484;10.1767639743061;-0.377777099609375;0.0355438232421875;;1 A;
1;1485;10.1794739742993;-0.3753662109375;0.0345245361328125;;1 A;
1;1486;10.1821839742925;-0.372894287109375;0.0334930419921875;;1 A;
1;1487;10.1848939742856;-0.3704833984375;0.03267822265625;;1 A;
1;1488;10.1876039742788;-0.3680419921875;0.031854248046875;;1 A;
1;1489;10.1903139742719;-0.365631103515625;0.0310943603515625;;1 A;
1;1490;10.1930239742651;-0.363189697265625;0.0304412841796875;;1 A;
1;1491;10.1957339742582;-0.360748291015625;0.0296844482421875;;1 A;
1;1492;10.1984439742514;-0.3582763671875;0.0291534423828125;;1 A;
1;1493;10.2011539742446;-0.355865478515625;0.0286163330078125;;1 A;
1;1494;10.2038639742377;-0.353424072265625;0.0279998779296875;;1 A;
1;1495;10.2065739742309;-0.350982666015625;0.02757568359375;;1 A;
1;1496;10.209283974224;-0.348480224609375;0.0270355224609375;;1 A;
1;1497;10.2119939742172;-0.34613037109375;0.0265533447265625;;1 A;
1;1498;10.2147039742104;-0.343658447265625;0.0260467529296875;;1 A;
1;1499;10.2174139742035;-0.341217041015625;0.0257110595703125;;1 A;
1;1500;10.2201239741967;-0.338775634765625;0.0253265380859375;;1 A;
1;1501;10.2228339741898;-0.3363037109375;0.0249664306640625;;1 A;
1;1502;10.225543974183;-0.33392333984375;0.024639892578125;;1 A;
1;1503;10.2282539741761;-0.331451416015625;0.024267578125;;1 A;
1;1504;10.2309639741693;-0.3289794921875;0.0239013671875;;1 A;
1;1505;10.2336739741625;-0.3265380859375;0.0235504150390625;;1 A;
1;1506;10.2363839741556;-0.32415771484375;0.02333984375;;1 A;
1;1507;10.2390939741488;-0.321746826171875;0.02305908203125;;1 A;
1;1508;10.2418039741419;-0.31927490234375;0.0227508544921875;;1 A;
1;1509;10.2445139741351;-0.3167724609375;0.0224151611328125;;1 A;
1;1510;10.2472239741282;-0.314361572265625;0.0221771240234375;;1 A;
1;1511;10.2499339741214;-0.312042236328125;0.0218902587890625;;1 A;
1;1512;10.2526439741146;-0.3095703125;0.0216888427734375;;1 A;
1;1513;10.2553539741077;-0.30706787109375;0.0213836669921875;;1 A;
1;1514;10.2580639741009;-0.304656982421875;0.021246337890625;;1 A;
1;1515;10.260773974094;-0.30224609375;0.02098388671875;;1 A;
1;1516;10.2634839740872;-0.29974365234375;0.0207794189453125;;1 A;
1;1517;10.2661939740804;-0.29730224609375;0.0204681396484375;;1 A;
1;1518;10.2689039740735;-0.294891357421875;0.0204254150390625;;1 A;
1;1519;10.2716139740667;-0.292510986328125;0.0202239990234375;;1 A;
1;1520;10.2743239740598;-0.290008544921875;0.019964599609375;;1 A;
1;1521;10.277033974053;-0.28759765625;0.01973876953125;;1 A;
1;1522;10.2797439740461;-0.28509521484375;0.0195220947265625;;1 A;
1;1523;10.2824539740393;-0.28271484375;0.0193939208984375;;1 A;
1;1524;10.2851639740325;-0.280303955078125;0.0193267822265625;;1 A;
1;1525;10.2878739740256;-0.27783203125;0.0191009521484375;;1 A;
1;1526;10.2905839740188;-0.27545166015625;0.0189849853515625;;1 A;
1;1527;10.2932939740119;-0.27294921875;0.018804931640625;;1 A;
1;1528;10.2960039740051;-0.270538330078125;0.018707275390625;;1 A;
1;1529;10.2987139739982;-0.268096923828125;0.018505859375;;1 A;
1;1530;10.3014239739914;-0.265625;0.0184295654296875;;1 A;
1;1531;10.3041339739846;-0.263153076171875;0.0182403564453125;;1 A;
1;1532;10.3068439739777;-0.26080322265625;0.0180938720703125;;1 A;
1;1533;10.3095539739709;-0.25836181640625;0.0178802490234375;;1 A;
1;1534;10.312263973964;-0.255950927734375;0.0177825927734375;;1 A;
1;1535;10.3149739739572;-0.253509521484375;0.0177154541015625;;1 A;
1;1536;10.3176839739504;-0.251007080078125;0.0175811767578125;;1 A;
1;1537;10.3203939739435;-0.24853515625;0.0173980712890625;;1 A;
1;1538;10.3231039739367;-0.246185302734375;0.0173492431640625;;1 A;
1;1539;10.3258139739298;-0.24371337890625;0.017205810546875;;1 A;
1;1540;10.328523973923;-0.2412109375;0.0170684814453125;;1 A;
1;1541;10.3312339739161;-0.23876953125;0.0170440673828125;;1 A;
1;1542;10.3339439739093;-0.236358642578125;0.01690673828125;;1 A;
1;1543;10.3366539739025;-0.233917236328125;0.0167633056640625;;1 A;
1;1544;10.3393639738956;-0.231536865234375;0.0166351318359375;;1 A;
1;1545;10.3420739738888;-0.229095458984375;0.0165557861328125;;1 A;
1;1546;10.3447839738819;-0.22662353515625;0.01639404296875;;1 A;
1;1547;10.3474939738751;-0.22418212890625;0.016302490234375;;1 A;
1;1548;10.3502039738682;-0.221771240234375;0.01612548828125;;1 A;
1;1549;10.3529139738614;-0.219268798828125;0.016046142578125;;1 A;
1;1550;10.3556239738546;-0.216888427734375;0.01591796875;;1 A;
1;1551;10.3583339738477;-0.21441650390625;0.015777587890625;;1 A;
1;1552;10.3610439738409;-0.2119140625;0.015643310546875;;1 A;
1;1553;10.363753973834;-0.20953369140625;0.015509033203125;;1 A;
1;1554;10.3664639738272;-0.207122802734375;0.015380859375;;1 A;
1;1555;10.3691739738204;-0.20465087890625;0.0152587890625;;1 A;
1;1556;10.3718839738135;-0.202301025390625;0.015057373046875;;1 A;
1;1557;10.3745939738067;-0.19976806640625;0.014910888671875;;1 A;
1;1558;10.3773039737998;-0.1973876953125;0.0148284912109375;;1 A;
1;1559;10.380013973793;-0.194976806640625;0.014715576171875;;1 A;
1;1560;10.3827239737861;-0.192474365234375;0.0145721435546875;;1 A;
1;1561;10.3854339737793;-0.190032958984375;0.014556884765625;;1 A;
1;1562;10.3881439737725;-0.1876220703125;0.01441650390625;;1 A;
1;1563;10.3908539737656;-0.18511962890625;0.0142974853515625;;1 A;
1;1564;10.3935639737588;-0.182708740234375;0.014154052734375;;1 A;
1;1565;10.3962739737519;-0.18023681640625;0.0140228271484375;;1 A;
1;1566;10.3989839737451;-0.177825927734375;0.0139556884765625;;1 A;
1;1567;10.4016939737382;-0.17535400390625;0.0138153076171875;;1 A;
1;1568;10.4044039737314;-0.172943115234375;0.0137237548828125;;1 A;
1;1569;10.4071139737246;-0.17059326171875;0.0135589599609375;;1 A;
1;1570;10.4098239737177;-0.168121337890625;0.013421630859375;;1 A;
1;1571;10.4125339737109;-0.165618896484375;0.0132904052734375;;1 A;
1;1572;10.415243973704;-0.1632080078125;0.0131072998046875;;1 A;
1;1573;10.4179539736972;-0.160797119140625;0.012945556640625;;1 A;
1;1574;10.4206639736904;-0.158355712890625;0.0127349853515625;;1 A;
1;1575;10.4233739736835;-0.155914306640625;0.01256103515625;;1 A;
1;1576;10.4260839736767;-0.1534423828125;0.0123199462890625;;1 A;
1;1577;10.4287939736698;-0.150970458984375;0.0121612548828125;;1 A;
1;1578;10.431503973663;-0.148651123046875;0.01195068359375;;1 A;
1;1579;10.4342139736561;-0.146148681640625;0.011749267578125;;1 A;
1;1580;10.4369239736493;-0.14373779296875;0.0116424560546875;;1 A;
1;1581;10.4396339736425;-0.14129638671875;0.011444091796875;;1 A;
1;1582;10.4423439736356;-0.138824462890625;0.011370849609375;;1 A;
1;1583;10.4450539736288;-0.136474609375;0.011285400390625;;1 A;
1;1584;10.4477639736219;-0.133941650390625;0.011083984375;;1 A;
1;1585;10.4504739736151;-0.131500244140625;0.010943603515625;;1 A;
1;1586;10.4531839736082;-0.129119873046875;0.01072998046875;;1 A;
1;1587;10.4558939736014;-0.126617431640625;0.010479736328125;;1 A;
1;1588;10.4586039735946;-0.124176025390625;0.0102935791015625;;1 A;
1;1589;10.4613139735877;-0.12176513671875;0.010040283203125;;1 A;
1;1590;10.4640239735809;-0.11932373046875;0.0098541259765625;;1 A;
1;1591;10.466733973574;-0.116912841796875;0.0096405029296875;;1 A;
1;1592;10.4694439735672;-0.114410400390625;0.00950927734375;;1 A;
1;1593;10.4721539735604;-0.11199951171875;0.0093109130859375;;1 A;
1;1594;10.4748639735535;-0.109588623046875;0.00916442871093751;;1 A;
1;1595;10.4775739735467;-0.107147216796875;0.00897216796875;;1 A;
1;1596;10.4802839735398;-0.104705810546875;0.00881347656250001;;1 A;
1;1597;10.482993973533;-0.102264404296875;0.008587646484375;;1 A;
1;1598;10.4857039735261;-0.099853515625;0.00833740234374999;;1 A;
1;1599;10.4884139735193;-0.09735107421875;0.00810546875;;1 A;
1;1600;10.4911239735125;-0.094970703125;0.008013916015625;;1 A;
1;1601;10.4938339735056;-0.092559814453125;0.0078399658203125;;1 A;
1;1602;10.4965439734988;-0.090118408203125;0.00780639648437501;;1 A;
1;1603;10.4992539734919;-0.087677001953125;0.00775146484375;;1 A;
1;1604;10.5019639734851;-0.085235595703125;0.007708740234375;;1 A;
1;1605;10.5046739734782;-0.082763671875;0.00770263671875;;1 A;
1;1606;10.5073839734714;-0.080322265625;0.0077789306640625;;1 A;
1;1607;10.5100939734646;-0.077850341796875;0.0077789306640625;;1 A;
1;1608;10.5128039734577;-0.075439453125;0.0079620361328125;;1 A;
1;1609;10.5155139734509;-0.073028564453125;0.0080535888671875;;1 A;
1;1610;10.518223973444;-0.070556640625;0.008343505859375;;1 A;
1;1611;10.5209339734372;-0.06817626953125;0.0085296630859375;;1 A;
1;1612;10.5236439734304;-0.065673828125;0.0087005615234375;;1 A;
1;1613;10.5263539734235;-0.06329345703125;0.0088531494140625;;1 A;
1;1614;10.5290639734167;-0.060821533203125;0.00910339355468751;;1 A;
1;1615;10.5317739734098;-0.05841064453125;0.0093841552734375;;1 A;
1;1616;10.534483973403;-0.055877685546875;0.0096893310546875;;1 A;
1;1617;10.5371939733961;-0.05352783203125;0.0099517822265625;;1 A;
1;1618;10.5399039733893;-0.05108642578125;0.01025390625;;1 A;
1;1619;10.5426139733825;-0.048529052734375;0.010595703125;;1 A;
1;1620;10.5453239733756;-0.046075439453125;0.010833740234375;;1 A;
1;1621;10.5480339733688;-0.0436431884765625;0.011224365234375;;1 A;
1;1622;10.5507439733619;-0.0412384033203125;0.0115753173828125;;1 A;
1;1623;10.5534539733551;-0.038787841796875;0.0120147705078125;;1 A;
1;1624;10.5561639733482;-0.0363372802734375;0.0124114990234375;;1 A;
1;1625;10.5588739733414;-0.0339080810546875;0.012811279296875;;1 A;
1;1626;10.5615839733346;-0.031451416015625;0.0131561279296875;;1 A;
1;1627;10.5642939733277;-0.029034423828125;0.013665771484375;;1 A;
1;1628;10.5670039733209;-0.02659912109375;0.014117431640625;;1 A;
1;1629;10.569713973314;-0.024151611328125;0.014593505859375;;1 A;
1;1630;10.5724239733072;-0.021728515625;0.0150726318359375;;1 A;
1;1631;10.5751339733004;-0.0193023681640625;0.015631103515625;;1 A;
1;1632;10.5778439732935;-0.016827392578125;0.0160003662109375;;1 A;
1;1633;10.5805539732867;-0.0144073486328125;0.0166412353515625;;1 A;
1;1634;10.5832639732798;-0.011968994140625;0.0171966552734375;;1 A;
1;1635;10.585973973273;-0.00951232910156249;0.0177215576171875;;1 A;
1;1636;10.5886839732661;-0.00708923339843751;0.0183197021484375;;1 A;
1;1637;10.5913939732593;-0.00465087890625;0.0190185546875;;1 A;
1;1638;10.5941039732525;-0.0022003173828125;0.019525146484375;;1 A;
1;1639;10.5968139732456;0.000219726562499994;0.020220947265625;;1 A;
2;1640;10.5995239732388;0.002655029296875;0.0208526611328125;;1 A;
2;1641;10.6022339732319;0.00511779785156249;0.021612548828125;;1 A;
2;1642;10.6049439732251;0.00755615234375;0.0222625732421875;;1 A;
2;1643;10.6076539732182;0.009979248046875;0.02310791015625;;1 A;
2;1644;10.6103639732114;0.0124237060546875;0.02373046875;;1 A;
2;1645;10.6130739732046;0.0148406982421875;0.02462158203125;;1 A;
2;1646;10.6157839731977;0.01728515625;0.02532958984375;;1 A;
2;1647;10.6184939731909;0.0197357177734375;0.0263336181640625;;1 A;
2;1648;10.621203973184;0.022174072265625;0.0271209716796875;;1 A;
2;1649;10.6239139731772;0.024603271484375;0.0281005859375;;1 A;
2;1650;10.6266239731704;0.0270416259765625;0.029022216796875;;1 A;
2;1651;10.6293339731635;0.0294830322265625;0.0299652099609375;;1 A;
2;1652;10.6320439731567;0.0319091796875;0.0309967041015625;;1 A;
2;1653;10.6347539731498;0.03436279296875;0.031982421875;;1 A;
2;1654;10.637463973143;0.03680419921875;0.0330230712890625;;1 A;
2;1655;10.6401739731361;0.039227294921875;0.0341033935546875;;1 A;
2;1656;10.6428839731293;0.041680908203125;0.0352081298828125;;1 A;
2;1657;10.6455939731225;0.04412841796875;0.0363128662109375;;1 A;
2;1658;10.6483039731156;0.0465728759765625;0.0374847412109375;;1 A;
2;1659;10.6510139731088;0.048974609375;0.0388153076171875;;1 A;
2;1660;10.6537239731019;0.0513916015625;0.0399810791015625;;1 A;
2;1661;10.6564339730951;0.05377197265625;0.0412750244140625;;1 A;
2;1662;10.6591439730882;0.056243896484375;0.042559814453125;;1 A;
2;1663;10.6618539730814;0.05865478515625;0.04378662109375;;1 A;
2;1664;10.6645639730746;0.06109619140625;0.0452911376953125;;1 A;
2;1665;10.6672739730677;0.063507080078125;0.04677734375;;1 A;
2;1666;10.6699839730609;0.06597900390625;0.0481903076171875;;1 A;
2;1667;10.672693973054;0.06842041015625;0.04957275390625;;1 A;
2;1668;10.6754039730472;0.070831298828125;0.051483154296875;;1 A;
2;1669;10.6781139730404;0.07330322265625;0.052734375;;1 A;
2;1670;10.6808239730335;0.07568359375;0.05462646484375;;1 A;
2;1671;10.6835339730267;0.078125;0.05621337890625;;1 A;
2;1672;10.6862439730198;0.08056640625;0.05804443359375;;1 A;
2;1673;10.688953973013;0.0830078125;0.059967041015625;;1 A;
2;1674;10.6916639730061;0.085479736328125;0.061614990234375;;1 A;
2;1675;10.6943739729993;0.087921142578125;0.0634765625;;1 A;
2;1676;10.6970839729925;0.090362548828125;0.0655517578125;;1 A;
2;1677;10.6997939729856;0.09283447265625;0.067352294921875;;1 A;
2;1678;10.7025039729788;0.09515380859375;0.069610595703125;;1 A;
2;1679;10.7052139729719;0.09771728515625;0.0716552734375;;1 A;
2;1680;10.7079239729651;0.10009765625;0.0738525390625;;1 A;
2;1681;10.7106339729582;0.102569580078125;0.07586669921875;;1 A;
2;1682;10.7133439729514;0.10498046875;0.078094482421875;;1 A;
2;1683;10.7160539729446;0.107421875;0.080474853515625;;1 A;
2;1684;10.7187639729377;0.10980224609375;0.083038330078125;;1 A;
2;1685;10.7214739729309;0.1123046875;0.085418701171875;;1 A;
2;1686;10.724183972924;0.11474609375;0.08795166015625;;1 A;
2;1687;10.7268939729172;0.1171875;0.09027099609375;;1 A;
2;1688;10.7296039729104;0.119598388671875;0.092803955078125;;1 A;
2;1689;10.7323139729035;0.1220703125;0.095428466796875;;1 A;
2;1690;10.7350239728967;0.12445068359375;0.098541259765625;;1 A;
2;1691;10.7377339728898;0.126953125;0.10125732421875;;1 A;
2;1692;10.740443972883;0.129364013671875;0.1041259765625;;1 A;
2;1693;10.7431539728761;0.1318359375;0.106903076171875;;1 A;
2;1694;10.7458639728693;0.134307861328125;0.109527587890625;;1 A;
2;1695;10.7485739728625;0.136688232421875;0.11279296875;;1 A;
2;1696;10.7512839728556;0.1390380859375;0.115936279296875;;1 A;
2;1697;10.7539939728488;0.141510009765625;0.11932373046875;;1 A;
2;1698;10.7567039728419;0.14398193359375;0.122406005859375;;1 A;
2;1699;10.7594139728351;0.146392822265625;0.125762939453125;;1 A;
2;1700;10.7621239728282;0.14886474609375;0.12884521484375;;1 A;
2;1701;10.7648339728214;0.1512451171875;0.132293701171875;;1 A;
2;1702;10.7675439728146;0.1536865234375;0.135650634765625;;1 A;
2;1703;10.7702539728077;0.15618896484375;0.139556884765625;;1 A;
2;1704;10.7729639728009;0.158660888671875;0.142913818359375;;1 A;
2;1705;10.775673972794;0.16107177734375;0.146942138671875;;1 A;
2;1706;10.7783839727872;0.1634521484375;0.150115966796875;;1 A;
2;1707;10.7810939727804;0.1658935546875;0.154266357421875;;1 A;
2;1708;10.7838039727735;0.168304443359375;0.157623291015625;;1 A;
2;1709;10.7865139727667;0.1707763671875;0.162078857421875;;1 A;
2;1710;10.7892239727598;0.173187255859375;0.166046142578125;;1 A;
2;1711;10.791933972753;0.17559814453125;0.170257568359375;;1 A;
2;1712;10.7946439727461;0.178070068359375;0.173614501953125;;1 A;
2;1713;10.7973539727393;0.180511474609375;0.1781005859375;;1 A;
2;1714;10.8000639727325;0.1829833984375;0.1820068359375;;1 A;
2;1715;10.8027739727256;0.185394287109375;0.186737060546875;;1 A;
2;1716;10.8054839727188;0.1878662109375;0.190765380859375;;1 A;
2;1717;10.8081939727119;0.190338134765625;0.195556640625;;1 A;
2;1718;10.8109039727051;0.192718505859375;0.19927978515625;;1 A;
2;1719;10.8136139726982;0.195220947265625;0.20367431640625;;1 A;
2;1720;10.8163239726914;0.1976318359375;0.208221435546875;;1 A;
2;1721;10.8190339726846;0.20001220703125;0.21319580078125;;1 A;
2;1722;10.8217439726777;0.202484130859375;0.21759033203125;;1 A;
2;1723;10.8244539726709;0.204925537109375;0.2222900390625;;1 A;
2;1724;10.827163972664;0.207305908203125;0.226348876953125;;1 A;
2;1725;10.8298739726572;0.20977783203125;0.23095703125;;1 A;
2;1726;10.8325839726504;0.2122802734375;0.23565673828125;;1 A;
2;1727;10.8352939726435;0.21466064453125;0.24078369140625;;1 A;
2;1728;10.8380039726367;0.217132568359375;0.245635986328125;;1 A;
2;1729;10.8407139726298;0.2196044921875;0.250274658203125;;1 A;
2;1730;10.843423972623;0.22198486328125;0.254852294921875;;1 A;
2;1731;10.8461339726161;0.22442626953125;0.259033203125;;1 A;
2;1732;10.8488439726093;0.22686767578125;0.263946533203125;;1 A;
2;1733;10.8515539726025;0.22930908203125;0.26861572265625;;1 A;
2;1734;10.8542639725956;0.23175048828125;0.273651123046875;;1 A;
2;1735;10.8569739725888;0.234100341796875;0.278167724609375;;1 A;
2;1736;10.8596839725819;0.236663818359375;0.28289794921875;;1 A;
2;1737;10.8623939725751;0.239013671875;0.287200927734375;;1 A;
2;1738;10.8651039725682;0.24151611328125;0.291839599609375;;1 A;
2;1739;10.8678139725614;0.243865966796875;0.29632568359375;;1 A;
2;1740;10.8705239725546;0.246368408203125;0.301239013671875;;1 A;
2;1741;10.8732339725477;0.248779296875;0.30548095703125;;1 A;
2;1742;10.8759439725409;0.251220703125;0.3101806640625;;1 A;
2;1743;10.878653972534;0.253631591796875;0.313995361328125;;1 A;
2;1744;10.8813639725272;0.256103515625;0.318603515625;;1 A;
2;1745;10.8840739725204;0.25860595703125;0.322357177734375;;1 A;
2;1746;10.8867839725135;0.260986328125;0.3271484375;;1 A;
2;1747;10.8894939725067;0.263458251953125;0.330902099609375;;1 A;
2;1748;10.8922039724998;0.265838623046875;0.335357666015625;;1 A;
2;1749;10.894913972493;0.268310546875;0.33868408203125;;1 A;
2;1750;10.8976239724861;0.270751953125;0.342681884765625;;1 A;
2;1751;10.9003339724793;0.273162841796875;0.346160888671875;;1 A;
2;1752;10.9030439724725;0.275604248046875;0.350341796875;;1 A;
2;1753;10.9057539724656;0.278045654296875;0.35382080078125;;1 A;
2;1754;10.9084639724588;0.280487060546875;0.357696533203125;;1 A;
2;1755;10.9111739724519;0.282928466796875;0.36029052734375;;1 A;
2;1756;10.9138839724451;0.285400390625;0.36376953125;;1 A;
2;1757;10.9165939724382;0.287811279296875;0.366485595703125;;1 A;
2;1758;10.9193039724314;0.290252685546875;0.370147705078125;;1 A;
2;1759;10.9220139724246;0.292694091796875;0.372955322265625;;1 A;
2;1760;10.9247239724177;0.295135498046875;0.37591552734375;;1 A;
2;1761;10.9274339724109;0.297515869140625;0.377960205078125;;1 A;
2;1762;10.930143972404;0.299957275390625;0.380401611328125;;1 A;
2;1763;10.9328539723972;0.302459716796875;0.382843017578125;;1 A;
2;1764;10.9355639723904;0.304901123046875;0.385498046875;;1 A;
2;1765;10.9382739723835;0.307373046875;0.387664794921875;;1 A;
2;1766;10.9409839723767;0.30975341796875;0.38970947265625;;1 A;
2;1767;10.9436939723698;0.31219482421875;0.39111328125;;1 A;
2;1768;10.946403972363;0.3145751953125;0.392608642578125;;1 A;
2;1769;10.9491139723561;0.317108154296875;0.394287109375;;1 A;
2;1770;10.9518239723493;0.31951904296875;0.396087646484375;;1 A;
2;1771;10.9545339723425;0.32196044921875;0.3974609375;;1 A;
2;1772;10.9572439723356;0.32440185546875;0.398468017578125;;1 A;
2;1773;10.9599539723288;0.32684326171875;0.3994140625;;1 A;
2;1774;10.9626639723219;0.32928466796875;0.399993896484375;;1 A;
2;1775;10.9653739723151;0.331695556640625;0.40087890625;;1 A;
2;1776;10.9680839723082;0.334136962890625;0.401611328125;;1 A;
2;1777;10.9707939723014;0.336639404296875;0.402374267578125;;1 A;
2;1778;10.9735039722946;0.339019775390625;0.402557373046875;;1 A;
2;1779;10.9762139722877;0.341461181640625;0.40289306640625;;1 A;
2;1780;10.9789239722809;0.343902587890625;0.402557373046875;;1 A;
2;1781;10.981633972274;0.3463134765625;0.402801513671875;;1 A;
2;1782;10.9843439722672;0.3487548828125;0.402374267578125;;1 A;
2;1783;10.9870539722604;0.35125732421875;0.4024658203125;;1 A;
2;1784;10.9897639722535;0.35369873046875;0.401947021484375;;1 A;
2;1785;10.9924739722467;0.356109619140625;0.4017333984375;;1 A;
2;1786;10.9951839722398;0.35858154296875;0.400665283203125;;1 A;
2;1787;10.997893972233;0.360992431640625;0.400115966796875;;1 A;
2;1788;11.0006039722261;0.363433837890625;0.3990478515625;;1 A;
2;1789;11.0033139722193;0.3658447265625;0.398590087890625;;1 A;
2;1790;11.0060239722125;0.3682861328125;0.397491455078125;;1 A;
2;1791;11.0087339722056;0.370758056640625;0.39666748046875;;1 A;
2;1792;11.0114439721988;0.3731689453125;0.395050048828125;;1 A;
2;1793;11.0141539721919;0.375579833984375;0.39398193359375;;1 A;
2;1794;11.0168639721851;0.378021240234375;0.39227294921875;;1 A;
2;1795;11.0195739721783;0.3804931640625;0.3914794921875;;1 A;
2;1796;11.0222839721714;0.382965087890625;0.389892578125;;1 A;
2;1797;11.0249939721646;0.385345458984375;0.3885498046875;;1 A;
2;1798;11.0277039721577;0.387847900390625;0.386566162109375;;1 A;
2;1799;11.0304139721509;0.3902587890625;0.384918212890625;;1 A;
2;1800;11.033123972144;0.3927001953125;0.3831787109375;;1 A;
2;1801;11.0358339721372;0.3951416015625;0.381744384765625;;1 A;
2;1802;11.0385439721304;0.39752197265625;0.37994384765625;;1 A;
2;1803;11.0412539721235;0.399993896484375;0.37811279296875;;1 A;
2;1804;11.0439639721167;0.402435302734375;0.375885009765625;;1 A;
2;1805;11.0466739721098;0.404937744140625;0.373992919921875;;1 A;
2;1806;11.049383972103;0.407257080078125;0.371917724609375;;1 A;
2;1807;11.0520939720961;0.409759521484375;0.370361328125;;1 A;
2;1808;11.0548039720893;0.41217041015625;0.3682861328125;;1 A;
2;1809;11.0575139720825;0.41461181640625;0.366302490234375;;1 A;
2;1810;11.0602239720756;0.417083740234375;0.363983154296875;;1 A;
2;1811;11.0629339720688;0.419464111328125;0.36181640625;;1 A;
2;1812;11.0656439720619;0.421905517578125;0.35980224609375;;1 A;
2;1813;11.0683539720551;0.42437744140625;0.357818603515625;;1 A;
2;1814;11.0710639720483;0.42681884765625;0.355712890625;;1 A;
2;1815;11.0737739720414;0.429229736328125;0.353607177734375;;1 A;
2;1816;11.0764839720346;0.43170166015625;0.35125732421875;;1 A;
2;1817;11.0791939720277;0.434112548828125;0.349029541015625;;1 A;
2;1818;11.0819039720209;0.43658447265625;0.34698486328125;;1 A;
2;1819;11.084613972014;0.438995361328125;0.34490966796875;;1 A;
2;1820;11.0873239720072;0.441497802734375;0.342681884765625;;1 A;
2;1821;11.0900339720004;0.44390869140625;0.340484619140625;;1 A;
2;1822;11.0927439719935;0.44635009765625;0.33831787109375;;1 A;
2;1823;11.0954539719867;0.44873046875;0.336029052734375;;1 A;
2;1824;11.0981639719798;0.45123291015625;0.333984375;;1 A;
2;1825;11.100873971973;0.453704833984375;0.331756591796875;;1 A;
2;1826;11.1035839719661;0.456024169921875;0.329742431640625;;1 A;
2;1827;11.1062939719593;0.458587646484375;0.3275146484375;;1 A;
2;1828;11.1090039719525;0.460968017578125;0.325408935546875;;1 A;
2;1829;11.1117139719456;0.463348388671875;0.32318115234375;;1 A;
2;1830;11.1144239719388;0.4658203125;0.321197509765625;;1 A;
2;1831;11.1171339719319;0.468231201171875;0.318939208984375;;1 A;
2;1832;11.1198439719251;0.470703125;0.317047119140625;;1 A;
2;1833;11.1225539719183;0.47314453125;0.314971923828125;;1 A;
2;1834;11.1252639719114;0.47552490234375;0.312957763671875;;1 A;
2;1835;11.1279739719046;0.47802734375;0.310791015625;;1 A;
2;1836;11.1306839718977;0.48052978515625;0.308807373046875;;1 A;
2;1837;11.1333939718909;0.482879638671875;0.30682373046875;;1 A;
2;1838;11.136103971884;0.485321044921875;0.304962158203125;;1 A;
2;1839;11.1388139718772;0.487762451171875;0.30291748046875;;1 A;
2;1840;11.1415239718704;0.490203857421875;0.301025390625;;1 A;
2;1841;11.1442339718635;0.492645263671875;0.299072265625;;1 A;
2;1842;11.1469439718567;0.495086669921875;0.297149658203125;;1 A;
2;1843;11.1496539718498;0.49755859375;0.2952880859375;;1 A;
2;1844;11.152363971843;0.499908447265625;0.293548583984375;;1 A;
2;1845;11.1550739718361;0.502410888671875;0.2916259765625;;1 A;
2;1846;11.1577839718293;0.50482177734375;0.2899169921875;;1 A;
2;1847;11.1604939718225;0.50726318359375;0.28802490234375;;1 A;
2;1848;11.1632039718156;0.509735107421875;0.2862548828125;;1 A;
2;1849;11.1659139718088;0.51214599609375;0.2845458984375;;1 A;
2;1850;11.1686239718019;0.51458740234375;0.282928466796875;;1 A;
2;1851;11.1713339717951;0.517059326171875;0.28125;;1 A;
2;1852;11.1740439717883;0.519500732421875;0.279541015625;;1 A;
2;1853;11.1767539717814;0.521942138671875;0.27783203125;;1 A;
2;1854;11.1794639717746;0.5242919921875;0.27618408203125;;1 A;
2;1855;11.1821739717677;0.526824951171875;0.274658203125;;1 A;
2;1856;11.1848839717609;0.529205322265625;0.2730712890625;;1 A;
2;1857;11.187593971754;0.531646728515625;0.271575927734375;;1 A;
2;1858;11.1903039717472;0.534088134765625;0.270050048828125;;1 A;
2;1859;11.1930139717404;0.53656005859375;0.26849365234375;;1 A;
2;1860;11.1957239717335;0.539031982421875;0.26702880859375;;1 A;
2;1861;11.1984339717267;0.541412353515625;0.265533447265625;;1 A;
2;1862;11.2011439717198;0.54388427734375;0.264129638671875;;1 A;
2;1863;11.203853971713;0.546356201171875;0.26275634765625;;1 A;
2;1864;11.2065639717061;0.54864501953125;0.26129150390625;;1 A;
2;1865;11.2092739716993;0.5511474609375;0.259857177734375;;1 A;
2;1866;11.2119839716925;0.553680419921875;0.25848388671875;;1 A;
2;1867;11.2146939716856;0.555999755859375;0.257232666015625;;1 A;
2;1868;11.2174039716788;0.55841064453125;0.255889892578125;;1 A;
2;1869;11.2201139716719;0.560943603515625;0.254608154296875;;1 A;
2;1870;11.2228239716651;0.563323974609375;0.25335693359375;;1 A;
2;1871;11.2255339716583;0.565826416015625;0.25201416015625;;1 A;
2;1872;11.2282439716514;0.568328857421875;0.250762939453125;;1 A;
2;1873;11.2309539716446;0.570709228515625;0.249603271484375;;1 A;
2;1874;11.2336639716377;0.5731201171875;0.24835205078125;;1 A;
2;1875;11.2363739716309;0.575592041015625;0.247161865234375;;1 A;
2;1876;11.239083971624;0.577972412109375;0.24603271484375;;1 A;
2;1877;11.2417939716172;0.580413818359375;0.244873046875;;1 A;
2;1878;11.2445039716104;0.5828857421875;0.24365234375;;1 A;
2;1879;11.2472139716035;0.58526611328125;0.2425537109375;;1 A;
2;1880;11.2499239715967;0.587738037109375;0.241485595703125;;1 A;
2;1881;11.2526339715898;0.5902099609375;0.240447998046875;;1 A;
2;1882;11.255343971583;0.592620849609375;0.239288330078125;;1 A;
2;1883;11.2580539715761;0.5950927734375;0.23828125;;1 A;
2;1884;11.2607639715693;0.597442626953125;0.237213134765625;;1 A;
2;1885;11.2634739715625;0.599945068359375;0.236175537109375;;1 A;
2;1886;11.2661839715556;0.60235595703125;0.2352294921875;;1 A;
2;1887;11.2688939715488;0.60479736328125;0.234283447265625;;1 A;
2;1888;11.2716039715419;0.60723876953125;0.233306884765625;;1 A;
2;1889;11.2743139715351;0.609710693359375;0.232391357421875;;1 A;
2;1890;11.2770239715283;0.612091064453125;0.231353759765625;;1 A;
2;1891;11.2797339715214;0.61456298828125;0.230438232421875;;1 A;
2;1892;11.2824439715146;0.616943359375;0.22955322265625;;1 A;
2;1893;11.2851539715077;0.619415283203125;0.22869873046875;;1 A;
2;1894;11.2878639715009;0.62188720703125;0.227813720703125;;1 A;
2;1895;11.290573971494;0.624359130859375;0.2269287109375;;1 A;
2;1896;11.2932839714872;0.626739501953125;0.22607421875;;1 A;
2;1897;11.2959939714804;0.62921142578125;0.2252197265625;;1 A;
2;1898;11.2987039714735;0.631591796875;0.224365234375;;1 A;
2;1899;11.3014139714667;0.634033203125;0.223602294921875;;1 A;
2;1900;11.3041239714598;0.636505126953125;0.222808837890625;;1 A;
2;1901;11.306833971453;0.63897705078125;0.2220458984375;;1 A;
2;1902;11.3095439714461;0.641387939453125;0.221282958984375;;1 A;
2;1903;11.3122539714393;0.643798828125;0.220489501953125;;1 A;
2;1904;11.3149639714325;0.646240234375;0.219757080078125;;1 A;
2;1905;11.3176739714256;0.64874267578125;0.218994140625;;1 A;
2;1906;11.3203839714188;0.651153564453125;0.21826171875;;1 A;
2;1907;11.3230939714119;0.653594970703125;0.217559814453125;;1 A;
2;1908;11.3258039714051;0.656036376953125;0.216888427734375;;1 A;
2;1909;11.3285139713983;0.65850830078125;0.216217041015625;;1 A;
2;1910;11.3312239713914;0.660858154296875;0.215545654296875;;1 A;
2;1911;11.3339339713846;0.663330078125;0.21484375;;1 A;
2;1912;11.3366439713777;0.66583251953125;0.214202880859375;;1 A;
2;1913;11.3393539713709;0.668243408203125;0.213531494140625;;1 A;
2;1914;11.342063971364;0.67071533203125;0.212890625;;1 A;
2;1915;11.3447739713572;0.673065185546875;0.212249755859375;;1 A;
2;1916;11.3474839713504;0.675537109375;0.211669921875;;1 A;
2;1917;11.3501939713435;0.67791748046875;0.2110595703125;;1 A;
2;1918;11.3529039713367;0.680389404296875;0.21044921875;;1 A;
2;1919;11.3556139713298;0.682830810546875;0.20989990234375;;1 A;
2;1920;11.358323971323;0.68524169921875;0.20928955078125;;1 A;
2;1921;11.3610339713161;0.687713623046875;0.208740234375;;1 A;
2;1922;11.3637439713093;0.690155029296875;0.208251953125;;1 A;
2;1923;11.3664539713025;0.692535400390625;0.20770263671875;;1 A;
2;1924;11.3691639712956;0.69500732421875;0.2071533203125;;1 A;
2;1925;11.3718739712888;0.697479248046875;0.2066650390625;;1 A;
2;1926;11.3745839712819;0.69989013671875;0.206146240234375;;1 A;
2;1927;11.3772939712751;0.702301025390625;0.205657958984375;;1 A;
2;1928;11.3800039712683;0.704803466796875;0.20513916015625;;1 A;
2;1929;11.3827139712614;0.707183837890625;0.204681396484375;;1 A;
2;1930;11.3854239712546;0.709625244140625;0.204254150390625;;1 A;
2;1931;11.3881339712477;0.7120361328125;0.20379638671875;;1 A;
2;1932;11.3908439712409;0.71453857421875;0.203399658203125;;1 A;
2;1933;11.393553971234;0.717010498046875;0.202911376953125;;1 A;
2;1934;11.3962639712272;0.71942138671875;0.202545166015625;;1 A;
2;1935;11.3989739712204;0.72186279296875;0.2021484375;;1 A;
2;1936;11.4016839712135;0.724334716796875;0.201812744140625;;1 A;
2;1937;11.4043939712067;0.726715087890625;0.20147705078125;;1 A;
2;1938;11.4071039711998;0.7291259765625;0.201141357421875;;1 A;
2;1939;11.409813971193;0.731597900390625;0.200836181640625;;1 A;
2;1940;11.4125239711861;0.73406982421875;0.200469970703125;;1 A;
2;1941;11.4152339711793;0.7364501953125;0.2001953125;;1 A;
2;1942;11.4179439711725;0.738922119140625;0.199920654296875;;1 A;
2;1943;11.4206539711656;0.741302490234375;0.19964599609375;;1 A;
2;1944;11.4233639711588;0.743743896484375;0.199432373046875;;1 A;
2;1945;11.4260739711519;0.7462158203125;0.19921875;;1 A;
2;1946;11.4287839711451;0.748626708984375;0.199005126953125;;1 A;
2;1947;11.4314939711383;0.75103759765625;0.198822021484375;;1 A;
2;1948;11.4342039711314;0.75408935546875;0.19866943359375;;1 A;
2;1949;11.4369139711246;0.75592041015625;0.19854736328125;;1 A;
2;1950;11.4396239711177;0.7586669921875;0.198394775390625;;1 A;
2;1951;11.4423339711109;0.7611083984375;0.198333740234375;;1 A;
2;1952;11.445043971104;0.7635498046875;0.19818115234375;;1 A;
2;1953;11.4477539710972;0.76568603515625;0.1981201171875;;1 A;
2;1954;11.4504639710904;0.76873779296875;0.198028564453125;;1 A;
2;1955;11.4531739710835;0.77117919921875;0.198028564453125;;1 A;
2;1956;11.4558839710767;0.7733154296875;0.198028564453125;;1 A;
2;1957;11.4585939710698;0.7757568359375;0.197998046875;;1 A;
2;1958;11.461303971063;0.7781982421875;0.197998046875;;1 A;
2;1959;11.4640139710561;0.7806396484375;0.1981201171875;;1 A;
2;1960;11.4667239710493;0.78277587890625;0.1981201171875;;1 A;
2;1961;11.4694339710425;0.784912109375;0.198211669921875;;1 A;
2;1962;11.4721439710356;0.7879638671875;0.198333740234375;;1 A;
2;1963;11.4748539710288;0.79010009765625;0.198486328125;;1 A;
2;1964;11.4775639710219;0.792236328125;0.1986083984375;;1 A;
2;1965;11.4802739710151;0.794677734375;0.198822021484375;;1 A;
2;1966;11.4829839710083;0.79742431640625;0.198974609375;;1 A;
2;1967;11.4856939710014;0.7977294921875;0.196502685546875;;1 A;
2;1968;11.4884039709946;0.794677734375;0.194549560546875;;1 A;
2;1969;11.4911139709877;0.792236328125;0.19268798828125;;1 A;
2;1970;11.4938239709809;0.789794921875;0.190948486328125;;1 A;
2;1971;11.496533970974;0.78704833984375;0.18927001953125;;1 A;
2;1972;11.4992439709672;0.7855224609375;0.187652587890625;;1 A;
2;1973;11.5019539709604;0.7830810546875;0.1861572265625;;1 A;
2;1974;11.5046639709535;0.7806396484375;0.184661865234375;;1 A;
2;1975;11.5073739709467;0.77789306640625;0.183197021484375;;1 A;
2;1976;11.5100839709398;0.77545166015625;0.181793212890625;;1 A;
2;1977;11.512793970933;0.77239990234375;0.180389404296875;;1 A;
2;1978;11.5155039709261;0.7708740234375;0.1790771484375;;1 A;
2;1979;11.5182139709193;0.767822265625;0.177886962890625;;1 A;
2;1980;11.5209239709125;0.76568603515625;0.176666259765625;;1 A;
2;1981;11.5236339709056;0.7623291015625;0.1754150390625;;1 A;
2;1982;11.5263439708988;0.76080322265625;0.174224853515625;;1 A;
2;1983;11.5290539708919;0.7586669921875;0.173095703125;;1 A;
2;1984;11.5317639708851;0.75592041015625;0.171905517578125;;1 A;
2;1985;11.5344739708783;0.7537841796875;0.170867919921875;;1 A;
2;1986;11.5371839708714;0.750732421875;0.1697998046875;;1 A;
2;1987;11.5398939708646;0.74847412109375;0.168731689453125;;1 A;
2;1988;11.5426039708577;0.746002197265625;0.167724609375;;1 A;
2;1989;11.5453139708509;0.74359130859375;0.166778564453125;;1 A;
2;1990;11.548023970844;0.741180419921875;0.165771484375;;1 A;
2;1991;11.5507339708372;0.738739013671875;0.164794921875;;1 A;
2;1992;11.5534439708304;0.736297607421875;0.163909912109375;;1 A;
2;1993;11.5561539708235;0.73388671875;0.1629638671875;;1 A;
2;1994;11.5588639708167;0.73138427734375;0.162109375;;1 A;
2;1995;11.5615739708098;0.72900390625;0.16119384765625;;1 A;
2;1996;11.564283970803;0.726531982421875;0.16033935546875;;1 A;
2;1997;11.5669939707961;0.724090576171875;0.15948486328125;;1 A;
2;1998;11.5697039707893;0.721649169921875;0.15869140625;;1 A;
2;1999;11.5724139707825;0.71923828125;0.15777587890625;;1 A;
2;2000;11.5751239707756;0.71673583984375;0.15704345703125;;1 A;
2;2001;11.5778339707688;0.714263916015625;0.15618896484375;;1 A;
2;2002;11.5805439707619;0.711883544921875;0.155487060546875;;1 A;
2;2003;11.5832539707551;0.70947265625;0.15472412109375;;1 A;
2;2004;11.5859639707483;0.707061767578125;0.153961181640625;;1 A;
2;2005;11.5886739707414;0.70452880859375;0.153167724609375;;1 A;
2;2006;11.5913839707346;0.702117919921875;0.152435302734375;;1 A;
2;2007;11.5940939707277;0.69976806640625;0.151702880859375;;1 A;
2;2008;11.5968039707209;0.697265625;0.1510009765625;;1 A;
2;2009;11.599513970714;0.694793701171875;0.15032958984375;;1 A;
2;2010;11.6022239707072;0.6923828125;0.14959716796875;;1 A;
2;2011;11.6049339707004;0.68994140625;0.148895263671875;;1 A;
2;2012;11.6076439706935;0.687469482421875;0.148223876953125;;1 A;
2;2013;11.6103539706867;0.685089111328125;0.14752197265625;;1 A;
2;2014;11.6130639706798;0.682586669921875;0.146881103515625;;1 A;
2;2015;11.615773970673;0.68011474609375;0.146209716796875;;1 A;
2;2016;11.6184839706661;0.677764892578125;0.145599365234375;;1 A;
2;2017;11.6211939706593;0.675262451171875;0.14495849609375;;1 A;
2;2018;11.6239039706525;0.6728515625;0.144256591796875;;1 A;
2;2019;11.6266139706456;0.67041015625;0.14361572265625;;1 A;
2;2020;11.6293239706388;0.66796875;0.142974853515625;;1 A;
2;2021;11.6320339706319;0.665496826171875;0.142364501953125;;1 A;
2;2022;11.6347439706251;0.663116455078125;0.141815185546875;;1 A;
2;2023;11.6374539706183;0.660675048828125;0.141143798828125;;1 A;
2;2024;11.6401639706114;0.65826416015625;0.140533447265625;;1 A;
2;2025;11.6428739706046;0.655792236328125;0.13995361328125;;1 A;
2;2026;11.6455839705977;0.65338134765625;0.13934326171875;;1 A;
2;2027;11.6482939705909;0.650909423828125;0.138702392578125;;1 A;
2;2028;11.651003970584;0.6484375;0.13818359375;;1 A;
2;2029;11.6537139705772;0.64599609375;0.137542724609375;;1 A;
2;2030;11.6564239705704;0.64361572265625;0.13690185546875;;1 A;
2;2031;11.6591339705635;0.64117431640625;0.1363525390625;;1 A;
2;2032;11.6618439705567;0.638702392578125;0.1357421875;;1 A;
2;2033;11.6645539705498;0.63623046875;0.135162353515625;;1 A;
2;2034;11.667263970543;0.6337890625;0.134552001953125;;1 A;
2;2035;11.6699739705361;0.63140869140625;0.13397216796875;;1 A;
2;2036;11.6726839705293;0.62896728515625;0.133392333984375;;1 A;
2;2037;11.6753939705225;0.62652587890625;0.1328125;;1 A;
2;2038;11.6781039705156;0.62408447265625;0.13226318359375;;1 A;
2;2039;11.6808139705088;0.62164306640625;0.13165283203125;;1 A;
2;2040;11.6835239705019;0.619232177734375;0.131072998046875;;1 A;
2;2041;11.6862339704951;0.616790771484375;0.130462646484375;;1 A;
2;2042;11.6889439704883;0.61431884765625;0.1298828125;;1 A;
2;2043;11.6916539704814;0.611846923828125;0.12933349609375;;1 A;
2;2044;11.6943639704746;0.609466552734375;0.128692626953125;;1 A;
2;2045;11.6970739704677;0.607025146484375;0.128143310546875;;1 A;
2;2046;11.6997839704609;0.60455322265625;0.127532958984375;;1 A;
2;2047;11.702493970454;0.602142333984375;0.126922607421875;;1 A;
2;2048;11.7052039704472;0.599700927734375;0.1263427734375;;1 A;
2;2049;11.7079139704404;0.597259521484375;0.125762939453125;;1 A;
2;2050;11.7106239704335;0.594818115234375;0.125091552734375;;1 A;
2;2051;11.7133339704267;0.5924072265625;0.124542236328125;;1 A;
2;2052;11.7160439704198;0.589935302734375;0.1239013671875;;1 A;
2;2053;11.718753970413;0.587554931640625;0.12335205078125;;1 A;
2;2054;11.7214639704061;0.5850830078125;0.1226806640625;;1 A;
2;2055;11.7241739703993;0.5826416015625;0.1220703125;;1 A;
2;2056;11.7268839703925;0.580169677734375;0.12139892578125;;1 A;
2;2057;11.7295939703856;0.5777587890625;0.120758056640625;;1 A;
2;2058;11.7323039703788;0.575347900390625;0.1201171875;;1 A;
2;2059;11.7350139703719;0.5728759765625;0.119537353515625;;1 A;
2;2060;11.7377239703651;0.570465087890625;0.118896484375;;1 A;
2;2061;11.7404339703583;0.568023681640625;0.118194580078125;;1 A;
2;2062;11.7431439703514;0.56561279296875;0.117462158203125;;1 A;
2;2063;11.7458539703446;0.56317138671875;0.1168212890625;;1 A;
2;2064;11.7485639703377;0.5606689453125;0.11614990234375;;1 A;
2;2065;11.7512739703309;0.558258056640625;0.115447998046875;;1 A;
2;2066;11.753983970324;0.555816650390625;0.114776611328125;;1 A;
2;2067;11.7566939703172;0.553314208984375;0.114044189453125;;1 A;
2;2068;11.7594039703104;0.550933837890625;0.11328125;;1 A;
2;2069;11.7621139703035;0.548492431640625;0.112518310546875;;1 A;
2;2070;11.7648239702967;0.5460205078125;0.111785888671875;;1 A;
2;2071;11.7675339702898;0.54364013671875;0.11102294921875;;1 A;
2;2072;11.770243970283;0.5411376953125;0.110260009765625;;1 A;
2;2073;11.7729539702761;0.53875732421875;0.109466552734375;;1 A;
2;2074;11.7756639702693;0.536285400390625;0.108673095703125;;1 A;
2;2075;11.7783739702625;0.53387451171875;0.10784912109375;;1 A;
2;2076;11.7810839702556;0.531402587890625;0.10699462890625;;1 A;
2;2077;11.7837939702488;0.52899169921875;0.1060791015625;;1 A;
2;2078;11.7865039702419;0.526519775390625;0.10528564453125;;1 A;
2;2079;11.7892139702351;0.52410888671875;0.1043701171875;;1 A;
2;2080;11.7919239702283;0.5216064453125;0.103515625;;1 A;
2;2081;11.7946339702214;0.51922607421875;0.10247802734375;;1 A;
2;2082;11.7973439702146;0.5167236328125;0.10162353515625;;1 A;
2;2083;11.8000539702077;0.514373779296875;0.1005859375;;1 A;
2;2084;11.8027639702009;0.511932373046875;0.099700927734375;;1 A;
2;2085;11.805473970194;0.509429931640625;0.098602294921875;;1 A;
2;2086;11.8081839701872;0.506988525390625;0.09765625;;1 A;
2;2087;11.8108939701804;0.504608154296875;0.09649658203125;;1 A;
2;2088;11.8136039701735;0.502166748046875;0.095458984375;;1 A;
2;2089;11.8163139701667;0.49969482421875;0.094268798828125;;1 A;
2;2090;11.8190239701598;0.497222900390625;0.09326171875;;1 A;
2;2091;11.821733970153;0.494842529296875;0.092132568359375;;1 A;
2;2092;11.8244439701461;0.492340087890625;0.0909423828125;;1 A;
2;2093;11.8271539701393;0.489959716796875;0.089569091796875;;1 A;
2;2094;11.8298639701325;0.48748779296875;0.08831787109375;;1 A;
2;2095;11.8325739701256;0.485107421875;0.086944580078125;;1 A;
2;2096;11.8352839701188;0.482635498046875;0.085845947265625;;1 A;
2;2097;11.8379939701119;0.48016357421875;0.08447265625;;1 A;
2;2098;11.8407039701051;0.477691650390625;0.083099365234375;;1 A;
2;2099;11.8434139700983;0.475311279296875;0.081573486328125;;1 A;
2;2100;11.8461239700914;0.472869873046875;0.08013916015625;;1 A;
2;2101;11.8488339700846;0.470428466796875;0.07855224609375;;1 A;
2;2102;11.8515439700777;0.46795654296875;0.077178955078125;;1 A;
2;2103;11.8542539700709;0.465545654296875;0.075653076171875;;1 A;
2;2104;11.856963970064;0.463104248046875;0.074066162109375;;1 A;
2;2105;11.8596739700572;0.46075439453125;0.07232666015625;;1 A;
2;2106;11.8623839700504;0.458251953125;0.07049560546875;;1 A;
2;2107;11.8650939700435;0.455780029296875;0.06890869140625;;1 A;
2;2108;11.8678039700367;0.453369140625;0.06707763671875;;1 A;
2;2109;11.8705139700298;0.450927734375;0.0653076171875;;1 A;
2;2110;11.873223970023;0.448455810546875;0.063446044921875;;1 A;
2;2111;11.8759339700161;0.446014404296875;0.0614013671875;;1 A;
2;2112;11.8786439700093;0.443603515625;0.05938720703125;;1 A;
2;2113;11.8813539700025;0.441162109375;0.057373046875;;1 A;
2;2114;11.8840639699956;0.438720703125;0.055328369140625;;1 A;
2;2115;11.8867739699888;0.436370849609375;0.05322265625;;1 A;
2;2116;11.8894839699819;0.433837890625;0.051025390625;;1 A;
2;2117;11.8921939699751;0.431427001953125;0.0488800048828125;;1 A;
2;2118;11.8949039699683;0.42901611328125;0.0463958740234375;;1 A;
2;2119;11.8976139699614;0.42657470703125;0.04417724609375;;1 A;
2;2120;11.9003239699546;0.424072265625;0.0415771484375;;1 A;
2;2121;11.9030339699477;0.421722412109375;0.0392791748046875;;1 A;
2;2122;11.9057439699409;0.419281005859375;0.0366851806640625;;1 A;
2;2123;11.908453969934;0.41680908203125;0.0343505859375;;1 A;
2;2124;11.9111639699272;0.414398193359375;0.0312591552734375;;1 A;
2;2125;11.9138739699204;0.411895751953125;0.0286285400390625;;1 A;
2;2126;11.9165839699135;0.40948486328125;0.0256866455078125;;1 A;
2;2127;11.9192939699067;0.40704345703125;0.0232025146484375;;1 A;
2;2128;11.9220039698998;0.404541015625;0.0201446533203125;;1 A;
2;2129;11.924713969893;0.40216064453125;0.0173858642578125;;1 A;
2;2130;11.9274239698861;0.39971923828125;0.0139312744140625;;1 A;
2;2131;11.9301339698793;0.397247314453125;0.0108612060546875;;1 A;
2;2132;11.9328439698725;0.394866943359375;0.0075225830078125;;1 A;
2;2133;11.9355539698656;0.39239501953125;0.00467529296874999;;1 A;
2;2134;11.9382639698588;0.3900146484375;0.001300048828125;;1 A;
2;2135;11.9409739698519;0.387542724609375;-0.0019805908203125;;1 A;
2;2136;11.9436839698451;0.385101318359375;-0.00580444335937499;;1 A;
2;2137;11.9463939698383;0.3826904296875;-0.0094146728515625;;1 A;
2;2138;11.9491039698314;0.380218505859375;-0.0129486083984375;;1 A;
2;2139;11.9518139698246;0.3778076171875;-0.0163818359375;;1 A;
2;2140;11.9545239698177;0.3753662109375;-0.0199493408203125;;1 A;
2;2141;11.9572339698109;0.3729248046875;-0.0237823486328125;;1 A;
2;2142;11.959943969804;0.370452880859375;-0.0278167724609375;;1 A;
2;2143;11.9626539697972;0.368072509765625;-0.0319000244140625;;1 A;
2;2144;11.9653639697904;0.365631103515625;-0.0356292724609375;;1 A;
2;2145;11.9680739697835;0.3631591796875;-0.03953857421875;;1 A;
2;2146;11.9707839697767;0.3607177734375;-0.043402099609375;;1 A;
2;2147;11.9734939697698;0.3582763671875;-0.047515869140625;;1 A;
2;2148;11.976203969763;0.3558349609375;-0.051727294921875;;1 A;
2;2149;11.9789139697561;0.353424072265625;-0.0560302734375;;1 A;
2;2150;11.9816239697493;0.3509521484375;-0.06005859375;;1 A;
2;2151;11.9843339697425;0.348541259765625;-0.064453125;;1 A;
2;2152;11.9870439697356;0.346099853515625;-0.06817626953125;;1 A;
2;2153;11.9897539697288;0.34368896484375;-0.0726318359375;;1 A;
2;2154;11.9924639697219;0.34130859375;-0.076812744140625;;1 A;
2;2155;11.9951739697151;0.33880615234375;-0.081512451171875;;1 A;
2;2156;11.9978839697083;0.336334228515625;-0.085662841796875;;1 A;
2;2157;12.0005939697014;0.333953857421875;-0.090179443359375;;1 A;
2;2158;12.0033039696946;0.33148193359375;-0.09423828125;;1 A;
2;2159;12.0060139696877;0.32904052734375;-0.09881591796875;;1 A;
2;2160;12.0087239696809;0.32666015625;-0.10302734375;;1 A;
2;2161;12.011433969674;0.324188232421875;-0.108154296875;;1 A;
2;2162;12.0141439696672;0.32171630859375;-0.1124267578125;;1 A;
2;2163;12.0168539696604;0.31927490234375;-0.117279052734375;;1 A;
2;2164;12.0195639696535;0.31689453125;-0.121124267578125;;1 A;
2;2165;12.0222739696467;0.31439208984375;-0.12591552734375;;1 A;
2;2166;12.0249839696398;0.31201171875;-0.1302490234375;;1 A;
2;2167;12.027693969633;0.309600830078125;-0.13543701171875;;1 A;
2;2168;12.0304039696261;0.307098388671875;-0.139862060546875;;1 A;
2;2169;12.0331139696193;0.304718017578125;-0.144500732421875;;1 A;
2;2170;12.0358239696125;0.302215576171875;-0.14849853515625;;1 A;
2;2171;12.0385339696056;0.29974365234375;-0.152923583984375;;1 A;
2;2172;12.0412439695988;0.297271728515625;-0.157318115234375;;1 A;
2;2173;12.0439539695919;0.29486083984375;-0.162261962890625;;1 A;
2;2174;12.0466639695851;0.292388916015625;-0.166748046875;;1 A;
2;2175;12.0493739695783;0.290008544921875;-0.17108154296875;;1 A;
2;2176;12.0520839695714;0.287567138671875;-0.1748046875;;1 A;
2;2177;12.0547939695646;0.285186767578125;-0.17889404296875;;1 A;
2;2178;12.0575039695577;0.282745361328125;-0.18316650390625;;1 A;
2;2179;12.0602139695509;0.280303955078125;-0.187652587890625;;1 A;
2;2180;12.062923969544;0.27789306640625;-0.191925048828125;;1 A;
2;2181;12.0656339695372;0.27545166015625;-0.195709228515625;;1 A;
2;2182;12.0683439695304;0.272979736328125;-0.199432373046875;;1 A;
2;2183;12.0710539695235;0.270538330078125;-0.202911376953125;;1 A;
2;2184;12.0737639695167;0.26806640625;-0.206787109375;;1 A;
2;2185;12.0764739695098;0.265716552734375;-0.210479736328125;;1 A;
2;2186;12.079183969503;0.263275146484375;-0.21441650390625;;1 A;
2;2187;12.0818939694962;0.26080322265625;-0.21759033203125;;1 A;
2;2188;12.0846039694893;0.25830078125;-0.220977783203125;;1 A;
2;2189;12.0873139694825;0.255889892578125;-0.22381591796875;;1 A;
2;2190;12.0900239694756;0.25341796875;-0.227142333984375;;1 A;
2;2191;12.0927339694688;0.25103759765625;-0.230010986328125;;1 A;
2;2192;12.0954439694619;0.24859619140625;-0.2333984375;;1 A;
2;2193;12.0981539694551;0.246124267578125;-0.235992431640625;;1 A;
2;2194;12.1008639694483;0.24371337890625;-0.238861083984375;;1 A;
2;2195;12.1035739694414;0.24127197265625;-0.240875244140625;;1 A;
2;2196;12.1062839694346;0.238800048828125;-0.2435302734375;;1 A;
2;2197;12.1089939694277;0.236419677734375;-0.245635986328125;;1 A;
2;2198;12.1117039694209;0.2340087890625;-0.24835205078125;;1 A;
2;2199;12.114413969414;0.231475830078125;-0.250274658203125;;1 A;
2;2200;12.1171239694072;0.229034423828125;-0.252410888671875;;1 A;
2;2201;12.1198339694004;0.226654052734375;-0.25360107421875;;1 A;
2;2202;12.1225439693935;0.2242431640625;-0.255645751953125;;1 A;
2;2203;12.1252539693867;0.221771240234375;-0.2569580078125;;1 A;
2;2204;12.1279639693798;0.219329833984375;-0.259033203125;;1 A;
2;2205;12.130673969373;0.21685791015625;-0.260223388671875;;1 A;
2;2206;12.1333839693662;0.21441650390625;-0.26153564453125;;1 A;
2;2207;12.1360939693593;0.21197509765625;-0.262115478515625;;1 A;
2;2208;12.1388039693525;0.209564208984375;-0.26324462890625;;1 A;
2;2209;12.1415139693456;0.207122802734375;-0.26385498046875;;1 A;
2;2210;12.1442239693388;0.204620361328125;-0.265106201171875;;1 A;
2;2211;12.1469339693319;0.20220947265625;-0.2657470703125;;1 A;
2;2212;12.1496439693251;0.1998291015625;-0.266326904296875;;1 A;
2;2213;12.1523539693183;0.197296142578125;-0.266204833984375;;1 A;
2;2214;12.1550639693114;0.194915771484375;-0.266510009765625;;1 A;
2;2215;12.1577739693046;0.192474365234375;-0.266754150390625;;1 A;
2;2216;12.1604839692977;0.1900634765625;-0.2672119140625;;1 A;
2;2217;12.1631939692909;0.187591552734375;-0.267303466796875;;1 A;
2;2218;12.165903969284;0.185211181640625;-0.26715087890625;;1 A;
2;2219;12.1686139692772;0.182708740234375;-0.26654052734375;;1 A;
2;2220;12.1713239692704;0.18023681640625;-0.26629638671875;;1 A;
2;2221;12.1740339692635;0.177947998046875;-0.265960693359375;;1 A;
2;2222;12.1767439692567;0.175445556640625;-0.26568603515625;;1 A;
2;2223;12.1794539692498;0.172943115234375;-0.26531982421875;;1 A;
2;2224;12.182163969243;0.1705322265625;-0.26458740234375;;1 A;
2;2225;12.1848739692362;0.1680908203125;-0.263702392578125;;1 A;
2;2226;12.1875839692293;0.1656494140625;-0.26287841796875;;1 A;
2;2227;12.1902939692225;0.163177490234375;-0.262115478515625;;1 A;
2;2228;12.1930039692156;0.160797119140625;-0.261199951171875;;1 A;
2;2229;12.1957139692088;0.158355712890625;-0.26031494140625;;1 A;
2;2230;12.1984239692019;0.1558837890625;-0.25927734375;;1 A;
2;2231;12.2011339691951;0.153411865234375;-0.258087158203125;;1 A;
2;2232;12.2038439691883;0.151031494140625;-0.2568359375;;1 A;
2;2233;12.2065539691814;0.14862060546875;-0.255767822265625;;1 A;
2;2234;12.2092639691746;0.14617919921875;-0.25457763671875;;1 A;
2;2235;12.2119739691677;0.143707275390625;-0.253387451171875;;1 A;
2;2236;12.2146839691609;0.141326904296875;-0.251983642578125;;1 A;
2;2237;12.217393969154;0.138824462890625;-0.250732421875;;1 A;
2;2238;12.2201039691472;0.136383056640625;-0.249114990234375;;1 A;
2;2239;12.2228139691404;0.133941650390625;-0.247772216796875;;1 A;
2;2240;12.2255239691335;0.13153076171875;-0.2462158203125;;1 A;
2;2241;12.2282339691267;0.12908935546875;-0.244903564453125;;1 A;
2;2242;12.2309439691198;0.126617431640625;-0.24334716796875;;1 A;
2;2243;12.233653969113;0.124267578125;-0.24188232421875;;1 A;
2;2244;12.2363639691062;0.12176513671875;-0.240081787109375;;1 A;
2;2245;12.2390739690993;0.11932373046875;-0.23858642578125;;1 A;
2;2246;12.2417839690925;0.11688232421875;-0.236907958984375;;1 A;
2;2247;12.2444939690856;0.11444091796875;-0.235504150390625;;1 A;
2;2248;12.2472039690788;0.11199951171875;-0.233734130859375;;1 A;
2;2249;12.2499139690719;0.109588623046875;-0.23223876953125;;1 A;
2;2250;12.2526239690651;0.10711669921875;-0.230377197265625;;1 A;
2;2251;12.2553339690583;0.104766845703125;-0.228759765625;;1 A;
2;2252;12.2580439690514;0.10223388671875;-0.226959228515625;;1 A;
2;2253;12.2607539690446;0.099853515625;-0.22564697265625;;1 A;
2;2254;12.2634639690377;0.09735107421875;-0.223846435546875;;1 A;
2;2255;12.2661739690309;0.094940185546875;-0.222198486328125;;1 A;
2;2256;12.268883969024;0.092498779296875;-0.220306396484375;;1 A;
2;2257;12.2715939690172;0.090057373046875;-0.218658447265625;;1 A;
2;2258;12.2743039690104;0.087615966796875;-0.216949462890625;;1 A;
2;2259;12.2770139690035;0.085174560546875;-0.215545654296875;;1 A;
2;2260;12.2797239689967;0.082763671875;-0.213836669921875;;1 A;
2;2261;12.2824339689898;0.080291748046875;-0.212127685546875;;1 A;
2;2262;12.285143968983;0.077911376953125;-0.210357666015625;;1 A;
2;2263;12.2878539689762;0.075439453125;-0.208648681640625;;1 A;
2;2264;12.2905639689693;0.072998046875;-0.207061767578125;;1 A;
2;2265;12.2932739689625;0.070556640625;-0.205474853515625;;1 A;
2;2266;12.2959839689556;0.068115234375;-0.203887939453125;;1 A;
2;2267;12.2986939689488;0.065673828125;-0.202301025390625;;1 A;
2;2268;12.3014039689419;0.063232421875;-0.200592041015625;;1 A;
2;2269;12.3041139689351;0.060882568359375;-0.199005126953125;;1 A;
2;2270;12.3068239689283;0.05841064453125;-0.197479248046875;;1 A;
2;2271;12.3095339689214;0.05596923828125;-0.19598388671875;;1 A;
2;2272;12.3122439689146;0.053497314453125;-0.19439697265625;;1 A;
2;2273;12.3149539689077;0.051025390625;-0.192901611328125;;1 A;
2;2274;12.3176639689009;0.048583984375;-0.19134521484375;;1 A;
2;2275;12.320373968894;0.0461517333984375;-0.189849853515625;;1 A;
2;2276;12.3230839688872;0.0437255859375;-0.18841552734375;;1 A;
2;2277;12.3257939688804;0.0412933349609375;-0.1868896484375;;1 A;
2;2278;12.3285039688735;0.0388275146484375;-0.18548583984375;;1 A;
2;2279;12.3312139688667;0.0363983154296875;-0.184051513671875;;1 A;
2;2280;12.3339239688598;0.0339599609375;-0.18267822265625;;1 A;
2;2281;12.336633968853;0.0315338134765625;-0.18121337890625;;1 A;
2;2282;12.3393439688462;0.0290771484375;-0.17987060546875;;1 A;
2;2283;12.3420539688393;0.0266632080078125;-0.1785888671875;;1 A;
2;2284;12.3447639688325;0.02420654296875;-0.177276611328125;;1 A;
2;2285;12.3474739688256;0.0217803955078125;-0.175933837890625;;1 A;
2;2286;12.3501839688188;0.0193450927734375;-0.1746826171875;;1 A;
2;2287;12.3528939688119;0.01690673828125;-0.17333984375;;1 A;
2;2288;12.3556039688051;0.01446533203125;-0.172149658203125;;1 A;
2;2289;12.3583139687983;0.0120086669921875;-0.1708984375;;1 A;
2;2290;12.3610239687914;0.00960388183593749;-0.16973876953125;;1 A;
2;2291;12.3637339687846;0.0071533203125;-0.168548583984375;;1 A;
2;2292;12.3664439687777;0.00473632812499999;-0.167388916015625;;1 A;
2;2293;12.3691539687709;0.00229492187499999;-0.166168212890625;;1 A;
2;2294;12.371863968764;-0.000149536132812503;-0.16510009765625;;1 A;
2;2295;12.3745739687572;-0.00261535644531249;-0.16400146484375;;1 A;
2;2296;12.3772839687504;-0.0050201416015625;-0.16290283203125;;1 A;
2;2297;12.3799939687435;-0.00748291015624999;-0.161834716796875;;1 A;
2;2298;12.3827039687367;-0.009918212890625;-0.16082763671875;;1 A;
2;2299;12.3854139687298;-0.0123504638671875;-0.159759521484375;;1 A;
2;2300;12.388123968723;-0.0148040771484375;-0.158721923828125;;1 A;
2;2301;12.3908339687162;-0.0172210693359375;-0.15771484375;;1 A;
2;2302;12.3935439687093;-0.019671630859375;-0.156768798828125;;1 A;
2;2303;12.3962539687025;-0.0220947265625;-0.15582275390625;;1 A;
2;2304;12.3989639686956;-0.0245269775390625;-0.15484619140625;;1 A;
2;2305;12.4016739686888;-0.0269622802734375;-0.153839111328125;;1 A;
2;2306;12.4043839686819;-0.0294281005859375;-0.15289306640625;;1 A;
2;2307;12.4070939686751;-0.0318359375;-0.152099609375;;1 A;
2;2308;12.4098039686683;-0.0342864990234375;-0.151153564453125;;1 A;
2;2309;12.4125139686614;-0.036737060546875;-0.15032958984375;;1 A;
2;2310;12.4152239686546;-0.0391510009765625;-0.149444580078125;;1 A;
2;2311;12.4179339686477;-0.0416290283203125;-0.1485595703125;;1 A;
2;2312;12.4206439686409;-0.044061279296875;-0.147705078125;;1 A;
2;2313;12.423353968634;-0.0464813232421875;-0.146881103515625;;1 A;
2;2314;12.4260639686272;-0.04892578125;-0.146087646484375;;1 A;
2;2315;12.4287739686204;-0.05133056640625;-0.145355224609375;;1 A;
2;2316;12.4314839686135;-0.05377197265625;-0.144439697265625;;1 A;
2;2317;12.4341939686067;-0.05621337890625;-0.1436767578125;;1 A;
2;2318;12.4369039685998;-0.05865478515625;-0.142852783203125;;1 A;
2;2319;12.439613968593;-0.061065673828125;-0.14208984375;;1 A;
2;2320;12.4423239685862;-0.06353759765625;-0.14129638671875;;1 A;
2;2321;12.4450339685793;-0.06597900390625;-0.140533447265625;;1 A;
2;2322;12.4477439685725;-0.06842041015625;-0.1397705078125;;1 A;
2;2323;12.4504539685656;-0.07086181640625;-0.138946533203125;;1 A;
2;2324;12.4531639685588;-0.07330322265625;-0.13818359375;;1 A;
2;2325;12.4558739685519;-0.075714111328125;-0.137420654296875;;1 A;
2;2326;12.4585839685451;-0.078094482421875;-0.136627197265625;;1 A;
2;2327;12.4612939685383;-0.080535888671875;-0.1358642578125;;1 A;
2;2328;12.4640039685314;-0.083038330078125;-0.13507080078125;;1 A;
2;2329;12.4667139685246;-0.08544921875;-0.13433837890625;;1 A;
2;2330;12.4694239685177;-0.087890625;-0.133514404296875;;1 A;
2;2331;12.4721339685109;-0.090362548828125;-0.132781982421875;;1 A;
2;2332;12.474843968504;-0.0927734375;-0.1319580078125;;1 A;
2;2333;12.4775539684972;-0.095306396484375;-0.131195068359375;;1 A;
2;2334;12.4802639684904;-0.0977783203125;-0.13043212890625;;1 A;
2;2335;12.4829739684835;-0.10009765625;-0.129638671875;;1 A;
2;2336;12.4856839684767;-0.102508544921875;-0.12884521484375;;1 A;
2;2337;12.4883939684698;-0.105010986328125;-0.1280517578125;;1 A;
2;2338;12.491103968463;-0.107452392578125;-0.12725830078125;;1 A;
2;2339;12.4938139684562;-0.10986328125;-0.12646484375;;1 A;
2;2340;12.4965239684493;-0.112274169921875;-0.125640869140625;;1 A;
2;2341;12.4992339684425;-0.11480712890625;-0.124908447265625;;1 A;
2;2342;12.5019439684356;-0.1171875;-0.12408447265625;;1 A;
2;2343;12.5046539684288;-0.11962890625;-0.123260498046875;;1 A;
2;2344;12.5073639684219;-0.1220703125;-0.1224365234375;;1 A;
2;2345;12.5100739684151;-0.12451171875;-0.121734619140625;;1 A;
2;2346;12.5127839684083;-0.12689208984375;-0.120941162109375;;1 A;
2;2347;12.5154939684014;-0.129364013671875;-0.120147705078125;;1 A;
2;2348;12.5182039683946;-0.13177490234375;-0.11932373046875;;1 A;
2;2349;12.5209139683877;-0.13427734375;-0.1185302734375;;1 A;
2;2350;12.5236239683809;-0.13671875;-0.1177978515625;;1 A;
2;2351;12.526333968374;-0.139129638671875;-0.117034912109375;;1 A;
2;2352;12.5290439683672;-0.14154052734375;-0.116241455078125;;1 A;
2;2353;12.5317539683604;-0.1439208984375;-0.115509033203125;;1 A;
2;2354;12.5344639683535;-0.146392822265625;-0.11474609375;;1 A;
2;2355;12.5371739683467;-0.14886474609375;-0.114013671875;;1 A;
2;2356;12.5398839683398;-0.151275634765625;-0.11328125;;1 A;
2;2357;12.542593968333;-0.1536865234375;-0.112548828125;;1 A;
2;2358;12.5453039683262;-0.156158447265625;-0.11181640625;;1 A;
2;2359;12.5480139683193;-0.158538818359375;-0.111083984375;;1 A;
2;2360;12.5507239683125;-0.161102294921875;-0.11041259765625;;1 A;
2;2361;12.5534339683056;-0.163482666015625;-0.109710693359375;;1 A;
2;2362;12.5561439682988;-0.1658935546875;-0.109039306640625;;1 A;
2;2363;12.5588539682919;-0.168365478515625;-0.108367919921875;;1 A;
2;2364;12.5615639682851;-0.170806884765625;-0.107666015625;;1 A;
2;2365;12.5642739682783;-0.1732177734375;-0.10693359375;;1 A;
2;2366;12.5669839682714;-0.1756591796875;-0.106292724609375;;1 A;
2;2367;12.5696939682646;-0.1781005859375;-0.10565185546875;;1 A;
2;2368;12.5724039682577;-0.180572509765625;-0.105010986328125;;1 A;
2;2369;12.5751139682509;-0.182952880859375;-0.1043701171875;;1 A;
2;2370;12.577823968244;-0.1854248046875;-0.103759765625;;1 A;
2;2371;12.5805339682372;-0.18780517578125;-0.1031494140625;;1 A;
2;2372;12.5832439682304;-0.19024658203125;-0.102447509765625;;1 A;
2;2373;12.5859539682235;-0.1927490234375;-0.101898193359375;;1 A;
2;2374;12.5886639682167;-0.1951904296875;-0.101318359375;;1 A;
2;2375;12.5913739682098;-0.197601318359375;-0.1007080078125;;1 A;
2;2376;12.594083968203;-0.200103759765625;-0.10015869140625;;1 A;
2;2377;12.5967939681962;-0.20245361328125;-0.099609375;;1 A;
2;2378;12.5995039681893;-0.20489501953125;-0.0989990234375;;1 A;
2;2379;12.6022139681825;-0.207366943359375;-0.098419189453125;;1 A;
2;2380;12.6049239681756;-0.20977783203125;-0.097869873046875;;1 A;
2;2381;12.6076339681688;-0.21221923828125;-0.09735107421875;;1 A;
2;2382;12.6103439681619;-0.21466064453125;-0.096771240234375;;1 A;
2;2383;12.6130539681551;-0.21710205078125;-0.09625244140625;;1 A;
2;2384;12.6157639681483;-0.21954345703125;-0.095794677734375;;1 A;
2;2385;12.6184739681414;-0.221954345703125;-0.095184326171875;;1 A;
2;2386;12.6211839681346;-0.2244873046875;-0.09466552734375;;1 A;
2;2387;12.6238939681277;-0.22686767578125;-0.094207763671875;;1 A;
2;2388;12.6266039681209;-0.229278564453125;-0.093719482421875;;1 A;
2;2389;12.629313968114;-0.2318115234375;-0.093231201171875;;1 A;
2;2390;12.6320239681072;-0.23419189453125;-0.092742919921875;;1 A;
2;2391;12.6347339681004;-0.23663330078125;-0.092254638671875;;1 A;
2;2392;12.6374439680935;-0.23907470703125;-0.091796875;;1 A;
2;2393;12.6401539680867;-0.24151611328125;-0.091339111328125;;1 A;
2;2394;12.6428639680798;-0.243896484375;-0.09088134765625;;1 A;
2;2395;12.645573968073;-0.246368408203125;-0.090423583984375;;1 A;
2;2396;12.6482839680662;-0.24884033203125;-0.09002685546875;;1 A;
2;2397;12.6509939680593;-0.251251220703125;-0.089569091796875;;1 A;
2;2398;12.6537039680525;-0.253692626953125;-0.089141845703125;;1 A;
2;2399;12.6564139680456;-0.256134033203125;-0.088653564453125;;1 A;
2;2400;12.6591239680388;-0.258636474609375;-0.088287353515625;;1 A;
2;2401;12.6618339680319;-0.26104736328125;-0.08782958984375;;1 A;
2;2402;12.6645439680251;-0.263458251953125;-0.08740234375;;1 A;
2;2403;12.6672539680183;-0.265869140625;-0.087005615234375;;1 A;
2;2404;12.6699639680114;-0.268280029296875;-0.086639404296875;;1 A;
2;2405;12.6726739680046;-0.270751953125;-0.086212158203125;;1 A;
2;2406;12.6753839679977;-0.273193359375;-0.0858154296875;;1 A;
2;2407;12.6780939679909;-0.275634765625;-0.08544921875;;1 A;
2;2408;12.680803967984;-0.278045654296875;-0.085113525390625;;1 A;
2;2409;12.6835139679772;-0.280517578125;-0.084686279296875;;1 A;
2;2410;12.6862239679704;-0.28289794921875;-0.084381103515625;;1 A;
2;2411;12.6889339679635;-0.285369873046875;-0.083984375;;1 A;
2;2412;12.6916439679567;-0.287841796875;-0.0836181640625;;1 A;
2;2413;12.6943539679498;-0.290283203125;-0.083221435546875;;1 A;
2;2414;12.697063967943;-0.29266357421875;-0.0828857421875;;1 A;
2;2415;12.6997739679362;-0.295135498046875;-0.082550048828125;;1 A;
2;2416;12.7024839679293;-0.297515869140625;-0.082183837890625;;1 A;
2;2417;12.7051939679225;-0.29998779296875;-0.081878662109375;;1 A;
2;2418;12.7079039679156;-0.302459716796875;-0.081512451171875;;1 A;
2;2419;12.7106139679088;-0.30487060546875;-0.0811767578125;;1 A;
2;2420;12.7133239679019;-0.307281494140625;-0.080841064453125;;1 A;
2;2421;12.7160339678951;-0.309783935546875;-0.08050537109375;;1 A;
2;2422;12.7187439678883;-0.312164306640625;-0.080169677734375;;1 A;
2;2423;12.7214539678814;-0.3145751953125;-0.07989501953125;;1 A;
2;2424;12.7241639678746;-0.317108154296875;-0.07958984375;;1 A;
2;2425;12.7268739678677;-0.31951904296875;-0.079315185546875;;1 A;
2;2426;12.7295839678609;-0.321929931640625;-0.07904052734375;;1 A;
2;2427;12.732293967854;-0.32440185546875;-0.07867431640625;;1 A;
2;2428;12.7350039678472;-0.326812744140625;-0.078338623046875;;1 A;
2;2429;12.7377139678404;-0.329254150390625;-0.078033447265625;;1 A;
2;2430;12.7404239678335;-0.331695556640625;-0.0777587890625;;1 A;
2;2431;12.7431339678267;-0.33416748046875;-0.077545166015625;;1 A;
2;2432;12.7458439678198;-0.33660888671875;-0.0772705078125;;1 A;
2;2433;12.748553967813;-0.33892822265625;-0.076995849609375;;1 A;
2;2434;12.7512639678062;-0.3414306640625;-0.07666015625;;1 A;
2;2435;12.7539739677993;-0.34393310546875;-0.076416015625;;1 A;
2;2436;12.7566839677925;-0.346343994140625;-0.07611083984375;;1 A;
2;2437;12.7593939677856;-0.348785400390625;-0.075897216796875;;1 A;
2;2438;12.7621039677788;-0.351226806640625;-0.07562255859375;;1 A;
2;2439;12.7648139677719;-0.353668212890625;-0.075408935546875;;1 A;
2;2440;12.7675239677651;-0.356109619140625;-0.075103759765625;;1 A;
2;2441;12.7702339677583;-0.358489990234375;-0.07489013671875;;1 A;
2;2442;12.7729439677514;-0.3609619140625;-0.07464599609375;;1 A;
2;2443;12.7756539677446;-0.3634033203125;-0.07440185546875;;1 A;
2;2444;12.7783639677377;-0.36590576171875;-0.074127197265625;;1 A;
2;2445;12.7810739677309;-0.3682861328125;-0.07391357421875;;1 A;
2;2446;12.783783967724;-0.370635986328125;-0.073760986328125;;1 A;
2;2447;12.7864939677172;-0.3731689453125;-0.073486328125;;1 A;
2;2448;12.7892039677104;-0.3756103515625;-0.073211669921875;;1 A;
2;2449;12.7919139677035;-0.3780517578125;-0.073028564453125;;1 A;
2;2450;12.7946239676967;-0.380462646484375;-0.07281494140625;;1 A;
2;2451;12.7973339676898;-0.382904052734375;-0.07257080078125;;1 A;
2;2452;12.800043967683;-0.38531494140625;-0.072418212890625;;1 A;
2;2453;12.8027539676762;-0.38775634765625;-0.072174072265625;;1 A;
2;2454;12.8054639676693;-0.390228271484375;-0.071990966796875;;1 A;
2;2455;12.8081739676625;-0.39263916015625;-0.071807861328125;;1 A;
2;2456;12.8108839676556;-0.39508056640625;-0.071563720703125;;1 A;
2;2457;12.8135939676488;-0.397491455078125;-0.071380615234375;;1 A;
2;2458;12.8163039676419;-0.39996337890625;-0.071258544921875;;1 A;
2;2459;12.8190139676351;-0.40240478515625;-0.071075439453125;;1 A;
2;2460;12.8217239676283;-0.40484619140625;-0.070831298828125;;1 A;
2;2461;12.8244339676214;-0.407257080078125;-0.07061767578125;;1 A;
2;2462;12.8271439676146;-0.409759521484375;-0.070556640625;;1 A;
2;2463;12.8298539676077;-0.41217041015625;-0.070281982421875;;1 A;
2;2464;12.8325639676009;-0.41461181640625;-0.070220947265625;;1 A;
2;2465;12.835273967594;-0.41705322265625;-0.069915771484375;;1 A;
2;2466;12.8379839675872;-0.419464111328125;-0.06982421875;;1 A;
2;2467;12.8406939675804;-0.421905517578125;-0.069671630859375;;1 A;
2;2468;12.8434039675735;-0.424346923828125;-0.069610595703125;;1 A;
2;2469;12.8461139675667;-0.426788330078125;-0.069427490234375;;1 A;
2;2470;12.8488239675598;-0.42919921875;-0.069244384765625;;1 A;
2;2471;12.851533967553;-0.431640625;-0.06903076171875;;1 A;
2;2472;12.8542439675462;-0.434112548828125;-0.068878173828125;;1 A;
2;2473;12.8569539675393;-0.436553955078125;-0.068756103515625;;1 A;
2;2474;12.8596639675325;-0.438934326171875;-0.068695068359375;;1 A;
2;2475;12.8623739675256;-0.44140625;-0.068572998046875;;1 A;
2;2476;12.8650839675188;-0.443817138671875;-0.06842041015625;;1 A;
2;2477;12.8677939675119;-0.446258544921875;-0.068267822265625;;1 A;
2;2478;12.8705039675051;-0.448699951171875;-0.068115234375;;1 A;
2;2479;12.8732139674983;-0.451202392578125;-0.0679931640625;;1 A;
2;2480;12.8759239674914;-0.45361328125;-0.067901611328125;;1 A;
2;2481;12.8786339674846;-0.4560546875;-0.0677490234375;;1 A;
2;2482;12.8813439674777;-0.458465576171875;-0.067626953125;;1 A;
2;2483;12.8840539674709;-0.46087646484375;-0.0675048828125;;1 A;
2;2484;12.886763967464;-0.463348388671875;-0.067413330078125;;1 A;
2;2485;12.8894739674572;-0.46575927734375;-0.067413330078125;;1 A;
2;2486;12.8921839674504;-0.46820068359375;-0.0672607421875;;1 A;
2;2487;12.8948939674435;-0.47064208984375;-0.067138671875;;1 A;
2;2488;12.8976039674367;-0.473052978515625;-0.06707763671875;;1 A;
2;2489;12.9003139674298;-0.475555419921875;-0.0670166015625;;1 A;
2;2490;12.903023967423;-0.477935791015625;-0.066864013671875;;1 A;
2;2491;12.9057339674162;-0.480438232421875;-0.06689453125;;1 A;
2;2492;12.9084439674093;-0.48284912109375;-0.066802978515625;;1 A;
2;2493;12.9111539674025;-0.485321044921875;-0.06671142578125;;1 A;
2;2494;12.9138639673956;-0.4876708984375;-0.066650390625;;1 A;
2;2495;12.9165739673888;-0.49017333984375;-0.066650390625;;1 A;
2;2496;12.9192839673819;-0.4925537109375;-0.0665283203125;;1 A;
2;2497;12.9219939673751;-0.4949951171875;-0.066558837890625;;1 A;
2;2498;12.9247039673683;-0.497467041015625;-0.066436767578125;;1 A;
2;2499;12.9274139673614;-0.499908447265625;-0.0665283203125;;1 A;
2;2500;12.9301239673546;-0.502410888671875;-0.06640625;;1 A;
2;2501;12.9328339673477;-0.504791259765625;-0.06640625;;1 A;
2;2502;12.9355439673409;-0.507293701171875;-0.06634521484375;;1 A;
2;2503;12.938253967334;-0.509674072265625;-0.066436767578125;;1 A;
2;2504;12.9409639673272;-0.5120849609375;-0.06634521484375;;1 A;
2;2505;12.9436739673204;-0.514495849609375;-0.066436767578125;;1 A;
2;2506;12.9463839673135;-0.516937255859375;-0.06646728515625;;1 A;
2;2507;12.9490939673067;-0.5194091796875;-0.066497802734375;;1 A;
2;2508;12.9518039672998;-0.521881103515625;-0.06646728515625;;1 A;
2;2509;12.954513967293;-0.52435302734375;-0.06640625;;1 A;
2;2510;12.9572239672862;-0.5267333984375;-0.0665283203125;;1 A;
2;2511;12.9599339672793;-0.529266357421875;-0.066619873046875;;1 A;
2;2512;12.9626439672725;-0.5316162109375;-0.066741943359375;;1 A;
2;2513;12.9653539672656;-0.5340576171875;-0.066741943359375;;1 A;
2;2514;12.9680639672588;-0.5364990234375;-0.0667724609375;;1 A;
2;2515;12.9707739672519;-0.5389404296875;-0.066802978515625;;1 A;
2;2516;12.9734839672451;-0.5413818359375;-0.066925048828125;;1 A;
2;2517;12.9761939672383;-0.543792724609375;-0.067138671875;;1 A;
2;2518;12.9789039672314;-0.5462646484375;-0.067138671875;;1 A;
2;2519;12.9816139672246;-0.548675537109375;-0.0672607421875;;1 A;
2;2520;12.9843239672177;-0.55108642578125;-0.0673828125;;1 A;
2;2521;12.9870339672109;-0.55352783203125;-0.067596435546875;;1 A;
2;2522;12.989743967204;-0.555999755859375;-0.067718505859375;;1 A;
2;2523;12.9924539671972;-0.558380126953125;-0.067901611328125;;1 A;
2;2524;12.9951639671904;-0.560821533203125;-0.06817626953125;;1 A;
2;2525;12.9978739671835;-0.563262939453125;-0.06829833984375;;1 A;
2;2526;13.0005839671767;-0.565704345703125;-0.0684814453125;;1 A;
2;2527;13.0032939671698;-0.56817626953125;-0.068634033203125;;1 A;
2;2528;13.006003967163;-0.570587158203125;-0.06884765625;;1 A;
2;2529;13.0087139671562;-0.572998046875;-0.069061279296875;;1 A;
2;2530;13.0114239671493;-0.575469970703125;-0.069305419921875;;1 A;
2;2531;13.0141339671425;-0.57794189453125;-0.069671630859375;;1 A;
2;2532;13.0168439671356;-0.580322265625;-0.069915771484375;;1 A;
2;2533;13.0195539671288;-0.582794189453125;-0.070098876953125;;1 A;
2;2534;13.0222639671219;-0.585235595703125;-0.07037353515625;;1 A;
2;2535;13.0249739671151;-0.587646484375;-0.07061767578125;;1 A;
2;2536;13.0276839671083;-0.590057373046875;-0.07098388671875;;1 A;
2;2537;13.0303939671014;-0.592559814453125;-0.07110595703125;;1 A;
2;2538;13.0331039670946;-0.594970703125;-0.071624755859375;;1 A;
2;2539;13.0358139670877;-0.597381591796875;-0.071868896484375;;1 A;
2;2540;13.0385239670809;-0.599884033203125;-0.072235107421875;;1 A;
2;2541;13.041233967074;-0.602264404296875;-0.072418212890625;;1 A;
2;2542;13.0439439670672;-0.60479736328125;-0.072906494140625;;1 A;
2;2543;13.0466539670604;-0.60711669921875;-0.073272705078125;;1 A;
2;2544;13.0493639670535;-0.609619140625;-0.0736083984375;;1 A;
2;2545;13.0520739670467;-0.611968994140625;-0.073760986328125;;1 A;
2;2546;13.0547839670398;-0.614471435546875;-0.074127197265625;;1 A;
2;2547;13.057493967033;-0.616943359375;-0.074493408203125;;1 A;
2;2548;13.0602039670262;-0.619384765625;-0.074981689453125;;1 A;
2;2549;13.0629139670193;-0.621826171875;-0.075286865234375;;1 A;
2;2550;13.0656239670125;-0.624237060546875;-0.075469970703125;;1 A;
2;2551;13.0683339670056;-0.626678466796875;-0.075653076171875;;1 A;
2;2552;13.0710439669988;-0.62908935546875;-0.075897216796875;;1 A;
2;2553;13.0737539669919;-0.631561279296875;-0.076202392578125;;1 A;
2;2554;13.0764639669851;-0.633941650390625;-0.07647705078125;;1 A;
2;2555;13.0791739669783;-0.63641357421875;-0.076751708984375;;1 A;
2;2556;13.0818839669714;-0.6387939453125;-0.076904296875;;1 A;
2;2557;13.0845939669646;-0.641326904296875;-0.077056884765625;;1 A;
2;2558;13.0873039669577;-0.643768310546875;-0.07720947265625;;1 A;
2;2559;13.0900139669509;-0.64617919921875;-0.07745361328125;;1 A;
2;2560;13.092723966944;-0.648651123046875;-0.077606201171875;;1 A;
2;2561;13.0954339669372;-0.65106201171875;-0.077789306640625;;1 A;
2;2562;13.0981439669304;-0.653472900390625;-0.0780029296875;;1 A;
2;2563;13.1008539669235;-0.655914306640625;-0.078155517578125;;1 A;
2;2564;13.1035639669167;-0.658447265625;-0.078216552734375;;1 A;
2;2565;13.1062739669098;-0.660888671875;-0.078399658203125;;1 A;
2;2566;13.108983966903;-0.663238525390625;-0.078643798828125;;1 A;
2;2567;13.1116939668962;-0.665679931640625;-0.078857421875;;1 A;
2;2568;13.1144039668893;-0.66815185546875;-0.07891845703125;;1 A;
2;2569;13.1171139668825;-0.67059326171875;-0.07916259765625;;1 A;
2;2570;13.1198239668756;-0.6729736328125;-0.079193115234375;;1 A;
2;2571;13.1225339668688;-0.6754150390625;-0.079376220703125;;1 A;
2;2572;13.1252439668619;-0.67779541015625;-0.079498291015625;;1 A;
2;2573;13.1279539668551;-0.68035888671875;-0.07977294921875;;1 A;
2;2574;13.1306639668483;-0.68280029296875;-0.079986572265625;;1 A;
2;2575;13.1333739668414;-0.685211181640625;-0.080291748046875;;1 A;
2;2576;13.1360839668346;-0.6876220703125;-0.0804443359375;;1 A;
2;2577;13.1387939668277;-0.690093994140625;-0.080718994140625;;1 A;
2;2578;13.1415039668209;-0.692474365234375;-0.081024169921875;;1 A;
2;2579;13.144213966814;-0.6949462890625;-0.081573486328125;;1 A;
2;2580;13.1469239668072;-0.6973876953125;-0.081939697265625;;1 A;
2;2581;13.1496339668004;-0.69976806640625;-0.08258056640625;;1 A;
2;2582;13.1523439667935;-0.70220947265625;-0.082794189453125;;1 A;
2;2583;13.1550539667867;-0.704681396484375;-0.083404541015625;;1 A;
2;2584;13.1577639667798;-0.70721435546875;-0.083953857421875;;1 A;
2;2585;13.160473966773;-0.709503173828125;-0.08489990234375;;1 A;
2;2586;13.1631839667662;-0.711944580078125;-0.085693359375;;1 A;
2;2587;13.1658939667593;-0.71435546875;-0.086578369140625;;1 A;
2;2588;13.1686039667525;-0.716827392578125;-0.087249755859375;;1 A;
2;2589;13.1713139667456;-0.719329833984375;-0.088226318359375;;1 A;
2;2590;13.1740239667388;-0.721710205078125;-0.089324951171875;;1 A;
2;2591;13.1767339667319;-0.72412109375;-0.0906982421875;;1 A;
2;2592;13.1794439667251;-0.726654052734375;-0.092010498046875;;1 A;
2;2593;13.1821539667183;-0.729034423828125;-0.093414306640625;;1 A;
2;2594;13.1848639667114;-0.7314453125;-0.094757080078125;;1 A;
2;2595;13.1875739667046;-0.73394775390625;-0.09637451171875;;1 A;
2;2596;13.1902839666977;-0.736328125;-0.098175048828125;;1 A;
2;2597;13.1929939666909;-0.73876953125;-0.100311279296875;;1 A;
2;2598;13.1957039666841;-0.741119384765625;-0.10247802734375;;1 A;
2;2599;13.1984139666772;-0.74365234375;-0.104827880859375;;1 A;
2;2600;13.2011239666704;-0.74603271484375;-0.10711669921875;;1 A;
2;2601;13.2038339666635;-0.74853515625;-0.109619140625;;1 A;
2;2602;13.2065439666567;-0.75103759765625;-0.1126708984375;;1 A;
2;2603;13.2092539666498;-0.75347900390625;-0.115814208984375;;1 A;
2;2604;13.211963966643;-0.7562255859375;-0.119415283203125;;1 A;
2;2605;13.2146739666362;-0.75836181640625;-0.12310791015625;;1 A;
2;2606;13.2173839666293;-0.76080322265625;-0.127685546875;;1 A;
2;2607;13.2200939666225;-0.76324462890625;-0.13226318359375;;1 A;
2;2608;13.2228039666156;-0.76629638671875;-0.138275146484375;;1 A;
2;2609;13.2255139666088;-0.7684326171875;-0.14569091796875;;1 A;
2;2610;13.2282239666019;-0.770263671875;-0.15679931640625;;1 A;
2;2611;13.2309339665951;-0.772705078125;-0.1759033203125;;1 A;
2;2612;13.2336439665883;-0.77484130859375;-0.2257080078125;;1 A;
2;2613;13.2363539665814;-0.7769775390625;-0.33831787109375;;1 A;
2;2614;13.2390639665746;-0.77911376953125;-0.5059814453125;;1 A;
2;2615;13.2417739665677;-0.78125;-0.67474365234375;;1 A;
2;2616;13.2444839665609;-0.78369140625;-0.8148193359375;;1 A;
2;2617;13.2471939665541;-0.7867431640625;-0.92620849609375;;1 A;
2;2618;13.2499039665472;-0.7891845703125;-1.0150146484375;;1 A;
2;2619;13.2526139665404;-0.7916259765625;-1.08489990234375;;1 A;
2;2620;13.2553239665335;-0.7940673828125;-1.1407470703125;;1 A;
2;2621;13.2580339665267;-0.79681396484375;-1.18499755859375;;1 A;
2;2622;13.2607439665198;-0.79986572265625;-1.22039794921875;;1 A;
2;2623;13.263453966513;-0.802001953125;-1.24725341796875;;1 A;
2;2624;13.2661639665062;-0.8050537109375;-1.26678466796875;;1 A;
2;2625;13.2688739664993;-0.80718994140625;-1.28021240234375;;1 A;
2;2626;13.2715839664925;-0.809326171875;-1.2884521484375;;1 A;
2;2627;13.2742939664856;-0.81146240234375;-1.292724609375;;1 A;
2;2628;13.2770039664788;-0.81451416015625;-1.29302978515625;;1 A;
2;2629;13.2797139664719;-0.81695556640625;-1.28997802734375;;1 A;
2;2630;13.2824239664651;-0.819091796875;-1.2835693359375;;1 A;
2;2631;13.2851339664583;-0.8221435546875;-1.2744140625;;1 A;
2;2632;13.2878439664514;-0.82427978515625;-1.263427734375;;1 A;
2;2633;13.2905539664446;-0.82611083984375;-1.25152587890625;;1 A;
2;2634;13.2932639664377;-0.828857421875;-1.2384033203125;;1 A;
2;2635;13.2959739664309;-0.831298828125;-1.2237548828125;;1 A;
2;2636;13.2986839664241;-0.8343505859375;-1.2078857421875;;1 A;
2;2637;13.3013939664172;-0.83587646484375;-1.19171142578125;;1 A;
2;2638;13.3041039664104;-0.83892822265625;-1.1749267578125;;1 A;
2;2639;13.3068139664035;-0.841064453125;-1.158447265625;;1 A;
2;2640;13.3095239663967;-0.843505859375;-1.14166259765625;;1 A;
2;2641;13.3122339663898;-0.84625244140625;-1.12548828125;;1 A;
2;2642;13.314943966383;-0.84869384765625;-1.1083984375;;1 A;
2;2643;13.3176539663762;-0.85113525390625;-1.09222412109375;;1 A;
2;2644;13.3203639663693;-0.85357666015625;-1.07513427734375;;1 A;
2;2645;13.3230739663625;-0.85601806640625;-1.05926513671875;;1 A;
2;2646;13.3257839663556;-0.85784912109375;-1.04339599609375;;1 A;
2;2647;13.3284939663488;-0.8612060546875;-1.0284423828125;;1 A;
2;2648;13.3312039663419;-0.863037109375;-1.01318359375;;1 A;
2;2649;13.3339139663351;-0.86578369140625;-0.99853515625;;1 A;
2;2650;13.3366239663283;-0.867919921875;-0.98388671875;;1 A;
2;2651;13.3393339663214;-0.870361328125;-0.9698486328125;;1 A;
2;2652;13.3420439663146;-0.87249755859375;-0.95611572265625;;1 A;
2;2653;13.3447539663077;-0.875244140625;-0.94329833984375;;1 A;
2;2654;13.3474639663009;-0.877685546875;-0.93048095703125;;1 A;
2;2655;13.3501739662941;-0.880126953125;-0.91796875;;1 A;
2;2656;13.3528839662872;-0.88226318359375;-0.90545654296875;;1 A;
2;2657;13.3555939662804;-0.885009765625;-0.89385986328125;;1 A;
2;2658;13.3583039662735;-0.887451171875;-0.88226318359375;;1 A;
2;2659;13.3610139662667;-0.889892578125;-0.87158203125;;1 A;
2;2660;13.3637239662598;-0.892333984375;-0.860595703125;;1 A;
2;2661;13.366433966253;-0.89508056640625;-0.85052490234375;;1 A;
2;2662;13.3691439662462;-0.89752197265625;-0.84014892578125;;1 A;
2;2663;13.3718539662393;-0.899658203125;-0.83038330078125;;1 A;
2;2664;13.3745639662325;-0.9027099609375;-0.82061767578125;;1 A;
2;2665;13.3772739662256;-0.90423583984375;-0.81146240234375;;1 A;
2;2666;13.3799839662188;-0.90728759765625;-0.8026123046875;;1 A;
2;2667;13.3826939662119;-0.909423828125;-0.79376220703125;;1 A;
2;2668;13.3854039662051;-0.91217041015625;-0.784912109375;;1 A;
2;2669;13.3881139661983;-0.91400146484375;-0.77667236328125;;1 A;
2;2670;13.3908239661914;-0.916748046875;-0.7684326171875;;1 A;
2;2671;13.3935339661846;-0.91888427734375;-0.76080322265625;;1 A;
2;2672;13.3962439661777;-0.92132568359375;-0.753173828125;;1 A;
2;2673;13.3989539661709;-0.924072265625;-0.74554443359375;;1 A;
2;2674;13.4016639661641;-0.92681884765625;-0.73822021484375;;1 A;
2;2675;13.4043739661572;-0.928955078125;-0.73089599609375;;1 A;
2;2676;13.4070839661504;-0.93109130859375;-0.723876953125;;1 A;
2;2677;13.4097939661435;-0.933837890625;-0.71746826171875;;1 A;
2;2678;13.4125039661367;-0.93597412109375;-0.71075439453125;;1 A;
2;2679;13.4152139661298;-0.93841552734375;-0.704345703125;;1 A;
2;2680;13.417923966123;-0.941162109375;-0.69793701171875;;1 A;
2;2681;13.4206339661162;-0.943603515625;-0.692138671875;;1 A;
2;2682;13.4233439661093;-0.94635009765625;-0.68603515625;;1 A;
2;2683;13.4260539661025;-0.948486328125;-0.68023681640625;;1 A;
2;2684;13.4287639660956;-0.9515380859375;-0.6744384765625;;1 A;
2;2685;13.4314739660888;-0.953369140625;-0.66864013671875;;1 A;
2;2686;13.4341839660819;-0.955810546875;-0.66314697265625;;1 A;
2;2687;13.4368939660751;-0.95855712890625;-0.657958984375;;1 A;
2;2688;13.4396039660683;-0.960693359375;-0.6524658203125;;1 A;
2;2689;13.4423139660614;-0.963134765625;-0.64727783203125;;1 A;
2;2690;13.4450239660546;-0.965576171875;-0.64239501953125;;1 A;
2;2691;13.4477339660477;-0.968017578125;-0.63751220703125;;1 A;
2;2692;13.4504439660409;-0.97076416015625;-0.6329345703125;;1 A;
2;2693;13.4531539660341;-0.97259521484375;-0.6280517578125;;1 A;
2;2694;13.4558639660272;-0.97564697265625;-0.62347412109375;;1 A;
2;2695;13.4585739660204;-0.9783935546875;-0.618896484375;;1 A;
2;2696;13.4612839660135;-0.98052978515625;-0.6146240234375;;1 A;
2;2697;13.4639939660067;-0.98236083984375;-0.6103515625;;1 A;
2;2698;13.4667039659998;-0.985107421875;-0.60638427734375;;1 A;
2;2699;13.469413965993;-0.98724365234375;-0.601806640625;;1 A;
2;2700;13.4721239659862;-0.99029541015625;-0.59814453125;;1 A;
2;2701;13.4748339659793;-0.992431640625;-0.59417724609375;;1 A;
2;2702;13.4775439659725;-0.99456787109375;-0.5902099609375;;1 A;
2;2703;13.4802539659656;-0.997314453125;-0.58624267578125;;1 A;
2;2704;13.4829639659588;-0.99945068359375;-0.58258056640625;;1 A;
2;2705;13.4856739659519;-1.002197265625;-0.57861328125;;1 A;
2;2706;13.4883839659451;-1.004638671875;-0.574951171875;;1 A;
2;2707;13.4910939659383;-1.0064697265625;-0.57159423828125;;1 A;
2;2708;13.4938039659314;-1.0101318359375;-0.5682373046875;;1 A;
2;2709;13.4965139659246;-1.011962890625;-0.56488037109375;;1 A;
2;2710;13.4992239659177;-1.01409912109375;-0.5615234375;;1 A;
2;2711;13.5019339659109;-1.016845703125;-0.55816650390625;;1 A;
2;2712;13.5046439659041;-1.019287109375;-0.5548095703125;;1 A;
2;2713;13.5073539658972;-1.0211181640625;-0.5517578125;;1 A;
2;2714;13.5100639658904;-1.0235595703125;-0.5487060546875;;1 A;
2;2715;13.5127739658835;-1.02630615234375;-0.545654296875;;1 A;
2;2716;13.5154839658767;-1.02874755859375;-0.5426025390625;;1 A;
2;2717;13.5181939658698;-1.03118896484375;-0.53955078125;;1 A;
2;2718;13.520903965863;-1.03363037109375;-0.53680419921875;;1 A;
2;2719;13.5236139658562;-1.03607177734375;-0.5340576171875;;1 A;
2;2720;13.5263239658493;-1.03851318359375;-0.53131103515625;;1 A;
2;2721;13.5290339658425;-1.041259765625;-0.528564453125;;1 A;
2;2722;13.5317439658356;-1.0430908203125;-0.52581787109375;;1 A;
2;2723;13.5344539658288;-1.04644775390625;-0.5230712890625;;1 A;
2;2724;13.5371639658219;-1.048583984375;-0.5206298828125;;1 A;
2;2725;13.5398739658151;-1.05072021484375;-0.51788330078125;;1 A;
2;2726;13.5425839658083;-1.0528564453125;-0.51544189453125;;1 A;
2;2727;13.5452939658014;-1.0552978515625;-0.51300048828125;;1 A;
2;2728;13.5480039657946;-1.05804443359375;-0.51055908203125;;1 A;
2;2729;13.5507139657877;-1.06048583984375;-0.50811767578125;;1 A;
2;2730;13.5534239657809;-1.063232421875;-0.50567626953125;;1 A;
2;2731;13.5561339657741;-1.06597900390625;-0.5035400390625;;1 A;
2;2732;13.5588439657672;-1.06781005859375;-0.5010986328125;;1 A;
2;2733;13.5615539657604;-1.070556640625;-0.498870849609375;;1 A;
2;2734;13.5642639657535;-1.07269287109375;-0.4967041015625;;1 A;
2;2735;13.5669739657467;-1.07513427734375;-0.494537353515625;;1 A;
2;2736;13.5696839657398;-1.077880859375;-0.492401123046875;;1 A;
2;2737;13.572393965733;-1.08001708984375;-0.490325927734375;;1 A;
2;2738;13.5751039657262;-1.08245849609375;-0.488311767578125;;1 A;
2;2739;13.5778139657193;-1.085205078125;-0.486236572265625;;1 A;
2;2740;13.5805239657125;-1.08734130859375;-0.4842529296875;;1 A;
2;2741;13.5832339657056;-1.090087890625;-0.4822998046875;;1 A;
2;2742;13.5859439656988;-1.09222412109375;-0.4803466796875;;1 A;
2;2743;13.5886539656919;-1.09466552734375;-0.47845458984375;;1 A;
2;2744;13.5913639656851;-1.09649658203125;-0.476593017578125;;1 A;
2;2745;13.5940739656783;-1.099853515625;-0.474822998046875;;1 A;
2;2746;13.5967839656714;-1.10198974609375;-0.472930908203125;;1 A;
2;2747;13.5994939656646;-1.104736328125;-0.471160888671875;;1 A;
2;2748;13.6022039656577;-1.1065673828125;-0.469451904296875;;1 A;
2;2749;13.6049139656509;-1.10931396484375;-0.4677734375;;1 A;
2;2750;13.6076239656441;-1.11175537109375;-0.466064453125;;1 A;
2;2751;13.6103339656372;-1.11419677734375;-0.46435546875;;1 A;
2;2752;13.6130439656304;-1.11663818359375;-0.462677001953125;;1 A;
2;2753;13.6157539656235;-1.11907958984375;-0.46112060546875;;1 A;
2;2754;13.6184639656167;-1.121826171875;-0.45947265625;;1 A;
2;2755;13.6211739656098;-1.12396240234375;-0.4578857421875;;1 A;
2;2756;13.623883965603;-1.12640380859375;-0.456390380859375;;1 A;
2;2757;13.6265939655962;-1.12884521484375;-0.45501708984375;;1 A;
2;2758;13.6293039655893;-1.13067626953125;-0.45343017578125;;1 A;
2;2759;13.6320139655825;-1.134033203125;-0.451934814453125;;1 A;
2;2760;13.6347239655756;-1.136474609375;-0.450439453125;;1 A;
2;2761;13.6374339655688;-1.13861083984375;-0.449066162109375;;1 A;
2;2762;13.6401439655619;-1.14105224609375;-0.4476318359375;;1 A;
2;2763;13.6428539655551;-1.14349365234375;-0.4461669921875;;1 A;
2;2764;13.6455639655483;-1.14593505859375;-0.444915771484375;;1 A;
2;2765;13.6482739655414;-1.1480712890625;-0.443511962890625;;1 A;
2;2766;13.6509839655346;-1.15081787109375;-0.442108154296875;;1 A;
2;2767;13.6536939655277;-1.1529541015625;-0.440826416015625;;1 A;
2;2768;13.6564039655209;-1.1553955078125;-0.4395751953125;;1 A;
2;2769;13.6591139655141;-1.1578369140625;-0.438323974609375;;1 A;
2;2770;13.6618239655072;-1.1602783203125;-0.436981201171875;;1 A;
2;2771;13.6645339655004;-1.16302490234375;-0.435699462890625;;1 A;
2;2772;13.6672439654935;-1.165771484375;-0.4344482421875;;1 A;
2;2773;13.6699539654867;-1.16790771484375;-0.433258056640625;;1 A;
2;2774;13.6726639654798;-1.17034912109375;-0.4320068359375;;1 A;
2;2775;13.675373965473;-1.17279052734375;-0.43084716796875;;1 A;
2;2776;13.6780839654662;-1.1749267578125;-0.42962646484375;;1 A;
2;2777;13.6807939654593;-1.1773681640625;-0.428466796875;;1 A;
2;2778;13.6835039654525;-1.18011474609375;-0.427337646484375;;1 A;
2;2779;13.6862139654456;-1.18255615234375;-0.426239013671875;;1 A;
2;2780;13.6889239654388;-1.18499755859375;-0.425079345703125;;1 A;
2;2781;13.6916339654319;-1.1871337890625;-0.423919677734375;;1 A;
2;2782;13.6943439654251;-1.1895751953125;-0.422882080078125;;1 A;
2;2783;13.6970539654183;-1.19232177734375;-0.4217529296875;;1 A;
2;2784;13.6997639654114;-1.195068359375;-0.420623779296875;;1 A;
2;2785;13.7024739654046;-1.19720458984375;-0.419525146484375;;1 A;
2;2786;13.7051839653977;-1.199951171875;-0.418426513671875;;1 A;
2;2787;13.7078939653909;-1.19873046875;-0.41412353515625;;1 A;
2;2788;13.7106039653841;-1.19598388671875;-0.41253662109375;;1 A;
2;2789;13.7133139653772;-1.19384765625;-0.41107177734375;;1 A;
2;2790;13.7160239653704;-1.19110107421875;-0.40960693359375;;1 A;
2;2791;13.7187339653635;-1.18896484375;-0.408203125;;1 A;
2;2792;13.7214439653567;-1.18621826171875;-0.4068603515625;;1 A;
2;2793;13.7241539653498;-1.18377685546875;-0.405487060546875;;1 A;
2;2794;13.726863965343;-1.18133544921875;-0.404296875;;1 A;
2;2795;13.7295739653362;-1.1785888671875;-0.402862548828125;;1 A;
2;2796;13.7322839653293;-1.17645263671875;-0.401641845703125;;1 A;
2;2797;13.7349939653225;-1.17431640625;-0.40032958984375;;1 A;
2;2798;13.7377039653156;-1.171875;-0.39910888671875;;1 A;
2;2799;13.7404139653088;-1.16943359375;-0.397735595703125;;1 A;
2;2800;13.7431239653019;-1.1669921875;-0.3966064453125;;1 A;
2;2801;13.7458339652951;-1.16424560546875;-0.395355224609375;;1 A;
2;2802;13.7485439652883;-1.16180419921875;-0.394195556640625;;1 A;
2;2803;13.7512539652814;-1.15936279296875;-0.39288330078125;;1 A;
2;2804;13.7539639652746;-1.15692138671875;-0.391754150390625;;1 A;
2;2805;13.7566739652677;-1.15478515625;-0.390625;;1 A;
2;2806;13.7593839652609;-1.15203857421875;-0.38946533203125;;1 A;
2;2807;13.7620939652541;-1.14959716796875;-0.38824462890625;;1 A;
2;2808;13.7648039652472;-1.14715576171875;-0.387176513671875;;1 A;
2;2809;13.7675139652404;-1.14471435546875;-0.38592529296875;;1 A;
2;2810;13.7702239652335;-1.14227294921875;-0.384735107421875;;1 A;
2;2811;13.7729339652267;-1.14044189453125;-0.383697509765625;;1 A;
2;2812;13.7756439652198;-1.13739013671875;-0.382537841796875;;1 A;
2;2813;13.778353965213;-1.13494873046875;-0.38140869140625;;1 A;
2;2814;13.7810639652062;-1.13311767578125;-0.380279541015625;;1 A;
2;2815;13.7837739651993;-1.1297607421875;-0.379241943359375;;1 A;
2;2816;13.7864839651925;-1.1279296875;-0.378082275390625;;1 A;
2;2817;13.7891939651856;-1.1248779296875;-0.37701416015625;;1 A;
2;2818;13.7919039651788;-1.12274169921875;-0.376007080078125;;1 A;
2;2819;13.7946139651719;-1.12030029296875;-0.374847412109375;;1 A;
2;2820;13.7973239651651;-1.1175537109375;-0.373779296875;;1 A;
2;2821;13.8000339651583;-1.11541748046875;-0.372772216796875;;1 A;
2;2822;13.8027439651514;-1.1126708984375;-0.371673583984375;;1 A;
2;2823;13.8054539651446;-1.11083984375;-0.37060546875;;1 A;
2;2824;13.8081639651377;-1.1083984375;-0.369537353515625;;1 A;
2;2825;13.8108739651309;-1.10565185546875;-0.36859130859375;;1 A;
2;2826;13.8135839651241;-1.103515625;-0.367523193359375;;1 A;
2;2827;13.8162939651172;-1.10076904296875;-0.366485595703125;;1 A;
2;2828;13.8190039651104;-1.09832763671875;-0.365509033203125;;1 A;
2;2829;13.8217139651035;-1.0955810546875;-0.36444091796875;;1 A;
2;2830;13.8244239650967;-1.09344482421875;-0.363372802734375;;1 A;
2;2831;13.8271339650898;-1.09100341796875;-0.3624267578125;;1 A;
2;2832;13.829843965083;-1.0888671875;-0.361328125;;1 A;
2;2833;13.8325539650762;-1.08612060546875;-0.3603515625;;1 A;
2;2834;13.8352639650693;-1.083984375;-0.359344482421875;;1 A;
2;2835;13.8379739650625;-1.0809326171875;-0.358428955078125;;1 A;
2;2836;13.8406839650556;-1.07879638671875;-0.35736083984375;;1 A;
2;2837;13.8433939650488;-1.07666015625;-0.3564453125;;1 A;
2;2838;13.8461039650419;-1.07452392578125;-0.355438232421875;;1 A;
2;2839;13.8488139650351;-1.07147216796875;-0.3544921875;;1 A;
2;2840;13.8515239650283;-1.06903076171875;-0.353363037109375;;1 A;
2;2841;13.8542339650214;-1.06689453125;-0.3524169921875;;1 A;
2;2842;13.8569439650146;-1.064453125;-0.35150146484375;;1 A;
2;2843;13.8596539650077;-1.06231689453125;-0.3504638671875;;1 A;
2;2844;13.8623639650009;-1.0595703125;-0.349517822265625;;1 A;
2;2845;13.8650739649941;-1.05712890625;-0.348541259765625;;1 A;
2;2846;13.8677839649872;-1.0540771484375;-0.347503662109375;;1 A;
2;2847;13.8704939649804;-1.05194091796875;-0.3465576171875;;1 A;
2;2848;13.8732039649735;-1.04949951171875;-0.345672607421875;;1 A;
2;2849;13.8759139649667;-1.04736328125;-0.3447265625;;1 A;
2;2850;13.8786239649598;-1.04461669921875;-0.34375;;1 A;
2;2851;13.881333964953;-1.04217529296875;-0.3427734375;;1 A;
2;2852;13.8840439649462;-1.0400390625;-0.341796875;;1 A;
2;2853;13.8867539649393;-1.0369873046875;-0.340911865234375;;1 A;
2;2854;13.8894639649325;-1.03546142578125;-0.33990478515625;;1 A;
2;2855;13.8921739649256;-1.03240966796875;-0.338897705078125;;1 A;
2;2856;13.8948839649188;-1.02996826171875;-0.33795166015625;;1 A;
2;2857;13.8975939649119;-1.0272216796875;-0.33709716796875;;1 A;
2;2858;13.9003039649051;-1.02508544921875;-0.336181640625;;1 A;
2;2859;13.9030139648983;-1.02203369140625;-0.335113525390625;;1 A;
2;2860;13.9057239648914;-1.02020263671875;-0.334259033203125;;1 A;
2;2861;13.9084339648846;-1.01776123046875;-0.333343505859375;;1 A;
2;2862;13.9111439648777;-1.01531982421875;-0.332366943359375;;1 A;
2;2863;13.9138539648709;-1.01318359375;-0.3314208984375;;1 A;
2;2864;13.9165639648641;-1.01043701171875;-0.3304443359375;;1 A;
2;2865;13.9192739648572;-1.00830078125;-0.3294677734375;;1 A;
2;2866;13.9219839648504;-1.005859375;-0.328460693359375;;1 A;
2;2867;13.9246939648435;-1.00311279296875;-0.3275146484375;;1 A;
2;2868;13.9274039648367;-1.0009765625;-0.32666015625;;1 A;
2;2869;13.9301139648298;-0.99822998046875;-0.325531005859375;;1 A;
2;2870;13.932823964823;-0.99609375;-0.324798583984375;;1 A;
2;2871;13.9355339648162;-0.99395751953125;-0.323760986328125;;1 A;
2;2872;13.9382439648093;-0.9912109375;-0.322845458984375;;1 A;
2;2873;13.9409539648025;-0.98907470703125;-0.321746826171875;;1 A;
2;2874;13.9436639647956;-0.986328125;-0.320831298828125;;1 A;
2;2875;13.9463739647888;-0.9844970703125;-0.31976318359375;;1 A;
2;2876;13.9490839647819;-0.98114013671875;-0.31884765625;;1 A;
2;2877;13.9517939647751;-0.97869873046875;-0.31781005859375;;1 A;
2;2878;13.9545039647683;-0.97625732421875;-0.316680908203125;;1 A;
2;2879;13.9572139647614;-0.97412109375;-0.31573486328125;;1 A;
2;2880;13.9599239647546;-0.97137451171875;-0.314697265625;;1 A;
2;2881;13.9626339647477;-0.96893310546875;-0.313720703125;;1 A;
2;2882;13.9653439647409;-0.966796875;-0.312591552734375;;1 A;
2;2883;13.9680539647341;-0.96435546875;-0.31146240234375;;1 A;
2;2884;13.9707639647272;-0.9619140625;-0.310394287109375;;1 A;
2;2885;13.9734739647204;-0.95916748046875;-0.30926513671875;;1 A;
2;2886;13.9761839647135;-0.95703125;-0.308135986328125;;1 A;
2;2887;13.9788939647067;-0.95489501953125;-0.30706787109375;;1 A;
2;2888;13.9816039646998;-0.95184326171875;-0.305877685546875;;1 A;
2;2889;13.984313964693;-0.95001220703125;-0.304656982421875;;1 A;
2;2890;13.9870239646862;-0.94696044921875;-0.303436279296875;;1 A;
2;2891;13.9897339646793;-0.94451904296875;-0.30224609375;;1 A;
2;2892;13.9924439646725;-0.94207763671875;-0.300933837890625;;1 A;
2;2893;13.9951539646656;-0.9393310546875;-0.299713134765625;;1 A;
2;2894;13.9978639646588;-0.93780517578125;-0.298309326171875;;1 A;
2;2895;14.0005739646519;-0.93505859375;-0.296905517578125;;1 A;
2;2896;14.0032839646451;-0.93231201171875;-0.29547119140625;;1 A;
2;2897;14.0059939646383;-0.92987060546875;-0.2940673828125;;1 A;
2;2898;14.0087039646314;-0.92803955078125;-0.292572021484375;;1 A;
2;2899;14.0114139646246;-0.92529296875;-0.291107177734375;;1 A;
2;2900;14.0141239646177;-0.92254638671875;-0.28948974609375;;1 A;
2;2901;14.0168339646109;-0.92010498046875;-0.287994384765625;;1 A;
2;2902;14.0195439646041;-0.91766357421875;-0.286224365234375;;1 A;
2;2903;14.0222539645972;-0.91552734375;-0.2845458984375;;1 A;
2;2904;14.0249639645904;-0.91339111328125;-0.28265380859375;;1 A;
2;2905;14.0276739645835;-0.909423828125;-0.2808837890625;;1 A;
2;2906;14.0303839645767;-0.90789794921875;-0.2789306640625;;1 A;
2;2907;14.0330939645698;-0.90545654296875;-0.276947021484375;;1 A;
2;2908;14.035803964563;-0.90301513671875;-0.274749755859375;;1 A;
2;2909;14.0385139645562;-0.90087890625;-0.27264404296875;;1 A;
2;2910;14.0412239645493;-0.89874267578125;-0.270233154296875;;1 A;
2;2911;14.0439339645425;-0.8953857421875;-0.268096923828125;;1 A;
2;2912;14.0466439645356;-0.89385986328125;-0.265625;;1 A;
2;2913;14.0493539645288;-0.89141845703125;-0.263092041015625;;1 A;
2;2914;14.0520639645219;-0.888671875;-0.260223388671875;;1 A;
2;2915;14.0547739645151;-0.88592529296875;-0.257476806640625;;1 A;
2;2916;14.0574839645083;-0.88348388671875;-0.254547119140625;;1 A;
2;2917;14.0601939645014;-0.88134765625;-0.25177001953125;;1 A;
2;2918;14.0629039644946;-0.87890625;-0.248565673828125;;1 A;
2;2919;14.0656139644877;-0.8758544921875;-0.245208740234375;;1 A;
2;2920;14.0683239644809;-0.8740234375;-0.2415771484375;;1 A;
2;2921;14.0710339644741;-0.87127685546875;-0.237884521484375;;1 A;
2;2922;14.0737439644672;-0.86883544921875;-0.2340087890625;;1 A;
2;2923;14.0764539644604;-0.86700439453125;-0.23028564453125;;1 A;
2;2924;14.0791639644535;-0.86395263671875;-0.226165771484375;;1 A;
2;2925;14.0818739644467;-0.86181640625;-0.22174072265625;;1 A;
2;2926;14.0845839644398;-0.859375;-0.217041015625;;1 A;
2;2927;14.087293964433;-0.8563232421875;-0.21209716796875;;1 A;
2;2928;14.0900039644262;-0.8544921875;-0.20709228515625;;1 A;
2;2929;14.0927139644193;-0.85205078125;-0.201934814453125;;1 A;
2;2930;14.0954239644125;-0.84991455078125;-0.19647216796875;;1 A;
2;2931;14.0981339644056;-0.84686279296875;-0.190673828125;;1 A;
2;2932;14.1008439643988;-0.8447265625;-0.18463134765625;;1 A;
2;2933;14.1035539643919;-0.84228515625;-0.178131103515625;;1 A;
2;2934;14.1062639643851;-0.83953857421875;-0.1715087890625;;1 A;
2;2935;14.1089739643783;-0.83740234375;-0.164581298828125;;1 A;
2;2936;14.1116839643714;-0.8349609375;-0.15771484375;;1 A;
2;2937;14.1143939643646;-0.83251953125;-0.150115966796875;;1 A;
2;2938;14.1171039643577;-0.82977294921875;-0.142608642578125;;1 A;
2;2939;14.1198139643509;-0.82763671875;-0.13409423828125;;1 A;
2;2940;14.1225239643441;-0.82489013671875;-0.12591552734375;;1 A;
2;2941;14.1252339643372;-0.8221435546875;-0.117034912109375;;1 A;
2;2942;14.1279439643304;-0.8203125;-0.108734130859375;;1 A;
2;2943;14.1306539643235;-0.81817626953125;-0.099517822265625;;1 A;
2;2944;14.1333639643167;-0.81512451171875;-0.090606689453125;;1 A;
2;2945;14.1360739643098;-0.8123779296875;-0.080810546875;;1 A;
2;2946;14.138783964303;-0.810546875;-0.07147216796875;;1 A;
2;2947;14.1414939642962;-0.80810546875;-0.06158447265625;;1 A;
2;2948;14.1442039642893;-0.80596923828125;-0.052734375;;1 A;
2;2949;14.1469139642825;-0.80322265625;-0.04329833984375;;1 A;
2;2950;14.1496239642756;-0.80047607421875;-0.0341827392578125;;1 A;
2;2951;14.1523339642688;-0.79803466796875;-0.024053955078125;;1 A;
2;2952;14.1550439642619;-0.79559326171875;-0.0145233154296875;;1 A;
2;2953;14.1577539642551;-0.79345703125;-0.00487060546875;;1 A;
2;2954;14.1604639642483;-0.79132080078125;0.00476684570312499;;1 A;
2;2955;14.1631739642414;-0.78857421875;0.015106201171875;;1 A;
2;2956;14.1658839642346;-0.7861328125;0.026385498046875;;1 A;
2;2957;14.1685939642277;-0.78399658203125;0.0392791748046875;;1 A;
2;2958;14.1713039642209;-0.78155517578125;0.053314208984375;;1 A;
2;2959;14.1740139642141;-0.77880859375;0.068328857421875;;1 A;
2;2960;14.1767239642072;-0.7763671875;0.0848388671875;;1 A;
2;2961;14.1794339642004;-0.7745361328125;0.102386474609375;;1 A;
2;2962;14.1821439641935;-0.7720947265625;0.1220703125;;1 A;
2;2963;14.1848539641867;-0.7696533203125;0.1429443359375;;1 A;
2;2964;14.1875639641798;-0.76751708984375;0.16552734375;;1 A;
2;2965;14.190273964173;-0.76446533203125;0.18841552734375;;1 A;
2;2966;14.1929839641662;-0.76171875;0.212432861328125;;1 A;
2;2967;14.1956939641593;-0.7598876953125;0.23565673828125;;1 A;
2;2968;14.1984039641525;-0.75714111328125;0.26019287109375;;1 A;
2;2969;14.2011139641456;-0.75531005859375;0.28460693359375;;1 A;
2;2970;14.2038239641388;-0.751953125;0.30950927734375;;1 A;
2;2971;14.2065339641319;-0.749847412109375;0.33184814453125;;1 A;
2;2972;14.2092439641251;-0.74737548828125;0.3514404296875;;1 A;
2;2973;14.2119539641183;-0.74493408203125;0.36444091796875;;1 A;
2;2974;14.2146639641114;-0.74249267578125;0.375457763671875;;1 A;
2;2975;14.2173739641046;-0.740020751953125;0.388641357421875;;1 A;
2;2976;14.2200839640977;-0.737640380859375;0.4083251953125;;1 A;
2;2977;14.2227939640909;-0.7352294921875;0.430816650390625;;1 A;
2;2978;14.2255039640841;-0.732879638671875;0.4561767578125;;1 A;
2;2979;14.2282139640772;-0.7303466796875;0.48223876953125;;1 A;
2;2980;14.2309239640704;-0.727935791015625;0.51055908203125;;1 A;
2;2981;14.2336339640635;-0.725616455078125;0.53924560546875;;1 A;
2;2982;14.2363439640567;-0.72320556640625;0.57037353515625;;1 A;
2;2983;14.2390539640498;-0.72076416015625;0.6011962890625;;1 A;
2;2984;14.241763964043;-0.718292236328125;0.6329345703125;;1 A;
2;2985;14.2444739640362;-0.71588134765625;0.66375732421875;;1 A;
2;2986;14.2471839640293;-0.71343994140625;0.69580078125;;1 A;
2;2987;14.2498939640225;-0.71099853515625;0.7281494140625;;1 A;
2;2988;14.2526039640156;-0.708648681640625;0.7623291015625;;1 A;
2;2989;14.2553139640088;-0.7060546875;0.79620361328125;;1 A;
2;2990;14.2580239640019;-0.703704833984375;0.8306884765625;;1 A;
2;2991;14.2607339639951;-0.701263427734375;0.86456298828125;;1 A;
2;2992;14.2634439639883;-0.6988525390625;0.8984375;;1 A;
2;2993;14.2661539639814;-0.6964111328125;0.933837890625;;1 A;
2;2994;14.2688639639746;-0.694000244140625;0.970458984375;;1 A;
2;2995;14.2715739639677;-0.691619873046875;1.00830078125;;1 A;
2;2996;14.2742839639609;-0.689117431640625;1.0455322265625;;1 A;
2;2997;14.2769939639541;-0.686676025390625;1.08306884765625;;1 A;
2;2998;14.2797039639472;-0.68426513671875;1.11968994140625;;1 A;
2;2999;14.2824139639404;-0.681793212890625;1.158447265625;;1 A;
2;3000;14.2851239639335;-0.679412841796875;1.1981201171875;;1 A;
2;3001;14.2878339639267;-0.677001953125;1.23992919921875;;1 A;
2;3002;14.2905439639198;-0.674560546875;1.2811279296875;;1 A;
2;3003;14.293253963913;-0.672119140625;1.3232421875;;1 A;
2;3004;14.2959639639062;-0.669677734375;1.36474609375;;1 A;
2;3005;14.2986739638993;-0.667266845703125;1.40869140625;;1 A;
2;3006;14.3013839638925;-0.664825439453125;1.453857421875;;1 A;
2;3007;14.3040939638856;-0.662445068359375;1.50146484375;;1 A;
2;3008;14.3068039638788;-0.65997314453125;1.5496826171875;;1 A;
2;3009;14.309513963872;-0.657562255859375;1.59912109375;;1 A;
2;3010;14.3122239638651;-0.65509033203125;1.64794921875;;1 A;
2;3011;14.3149339638583;-0.652740478515625;1.69830322265625;;1 A;
2;3012;14.3176439638514;-0.650238037109375;1.74896240234375;;1 A;
2;3013;14.3203539638446;-0.647918701171875;1.802978515625;;1 A;
2;3014;14.3230639638377;-0.645416259765625;1.85699462890625;;1 A;
2;3015;14.3257739638309;-0.64300537109375;1.91131591796875;;1 A;
2;3016;14.3284839638241;-0.640594482421875;1.96319580078125;;1 A;
2;3017;14.3311939638172;-0.638275146484375;2.015380859375;;1 A;Current overload
2;3018;14.3339039638104;-0.63592529296875;2.066650390625;;1 A;Current overload
2;3019;14.3366139638035;-0.633636474609375;2.11883544921875;;1 A;Current overload
2;3020;14.3393239637967;-0.63134765625;2.17041015625;;1 A;Current overload
2;3021;14.3420339637898;-0.6290283203125;2.2222900390625;;1 A;Current overload
2;3022;14.344743963783;-0.626708984375;2.27294921875;;1 A;Current overload
2;3023;14.3474539637762;-0.624420166015625;2.3236083984375;;1 A;Current overload
2;3024;14.3501639637693;-0.622650146484375;2.34039306640625;;1 A;Current overload
2;3025;14.3528739637625;-0.621368408203125;2.3406982421875;;1 A;Current overload
2;3026;14.3555839637556;-0.620208740234375;2.34100341796875;;1 A;Current overload
2;3027;14.3582939637488;-0.61895751953125;2.34100341796875;;1 A;Current overload
2;3028;14.361003963742;-0.617706298828125;2.34130859375;;1 A;Current overload
2;3029;14.3637139637351;-0.616424560546875;2.34130859375;;1 A;Current overload
2;3030;14.3664239637283;-0.615203857421875;2.34130859375;;1 A;Current overload
2;3031;14.3691339637214;-0.61395263671875;2.34130859375;;1 A;Current overload
2;3032;14.3718439637146;-0.612640380859375;2.34161376953125;;1 A;Current overload
2;3033;14.3745539637077;-0.611297607421875;2.34161376953125;;1 A;Current overload
2;3034;14.3772639637009;-0.609832763671875;2.34130859375;;1 A;Current overload
2;3035;14.3799739636941;-0.60845947265625;2.34161376953125;;1 A;Current overload
2;3036;14.3826839636872;-0.60687255859375;2.34161376953125;;1 A;Current overload
2;3037;14.3853939636804;-0.60528564453125;2.34161376953125;;1 A;Current overload
2;3038;14.3881039636735;-0.603546142578125;2.34161376953125;;1 A;Current overload
2;3039;14.3908139636667;-0.601806640625;2.34161376953125;;1 A;Current overload
2;3040;14.3935239636598;-0.599822998046875;2.34161376953125;;1 A;Current overload
2;3041;14.396233963653;-0.59765625;2.34130859375;;1 A;Current overload
2;3042;14.3989439636462;-0.595306396484375;2.34161376953125;;1 A;Current overload
2;3043;14.4016539636393;-0.592803955078125;2.34161376953125;;1 A;Current overload
2;3044;14.4043639636325;-0.59002685546875;2.34130859375;;1 A;Current overload
2;3045;14.4070739636256;-0.58685302734375;2.34130859375;;1 A;Current overload
2;3046;14.4097839636188;-0.58319091796875;2.34100341796875;;1 A;Current overload
2;3047;14.412493963612;-0.57891845703125;2.34130859375;;1 A;Current overload
2;3048;14.4152039636051;-0.5738525390625;2.34100341796875;;1 A;Current overload
2;3049;14.4179139635983;-0.5677490234375;2.3406982421875;;1 A;Current overload
2;3050;14.4206239635914;-0.56072998046875;2.33978271484375;;1 A;Current overload
2;3051;14.4233339635846;-0.552886962890625;2.310791015625;;1 A;Current overload
2;3052;14.4260439635777;-0.548187255859375;2.12890625;;1 A;Current overload
2;3053;14.4287539635709;-0.54791259765625;1.8389892578125;;1 A;
2;3054;14.4314639635641;-0.546142578125;1.62811279296875;;1 A;
2;3055;14.4341739635572;-0.543792724609375;1.4373779296875;;1 A;
2;3056;14.4368839635504;-0.54144287109375;1.26251220703125;;1 A;
2;3057;14.4395939635435;-0.5391845703125;1.11053466796875;;1 A;
2;3058;14.4423039635367;-0.53680419921875;0.98175048828125;;1 A;
2;3059;14.4450139635298;-0.534576416015625;0.87249755859375;;1 A;
2;3060;14.447723963523;-0.5322265625;0.78338623046875;;1 A;
2;3061;14.4504339635162;-0.52984619140625;0.70953369140625;;1 A;
2;3062;14.4531439635093;-0.52752685546875;0.64910888671875;;1 A;
2;3063;14.4558539635025;-0.525146484375;0.59722900390625;;1 A;
2;3064;14.4585639634956;-0.522674560546875;0.552978515625;;1 A;
2;3065;14.4612739634888;-0.52032470703125;0.51361083984375;;1 A;
2;3066;14.463983963482;-0.517913818359375;0.479522705078125;;1 A;
2;3067;14.4666939634751;-0.515380859375;0.44842529296875;;1 A;
2;3068;14.4694039634683;-0.51300048828125;0.42047119140625;;1 A;
2;3069;14.4721139634614;-0.51055908203125;0.394744873046875;;1 A;
2;3070;14.4748239634546;-0.50811767578125;0.37200927734375;;1 A;
2;3071;14.4775339634477;-0.505706787109375;0.3511962890625;;1 A;
2;3072;14.4802439634409;-0.50323486328125;0.332489013671875;;1 A;
2;3073;14.4829539634341;-0.50079345703125;0.3153076171875;;1 A;
2;3074;14.4856639634272;-0.49835205078125;0.299591064453125;;1 A;
2;3075;14.4883739634204;-0.495941162109375;0.28466796875;;1 A;
2;3076;14.4910839634135;-0.493560791015625;0.27099609375;;1 A;
2;3077;14.4937939634067;-0.4910888671875;0.257659912109375;;1 A;
2;3078;14.4965039633998;-0.488677978515625;0.244903564453125;;1 A;
2;3079;14.499213963393;-0.4862060546875;0.233154296875;;1 A;
2;3080;14.5019239633862;-0.4837646484375;0.22344970703125;;1 A;
2;3081;14.5046339633793;-0.481353759765625;0.214874267578125;;1 A;
2;3082;14.5073439633725;-0.478912353515625;0.207122802734375;;1 A;
2;3083;14.5100539633656;-0.4764404296875;0.19976806640625;;1 A;
2;3084;14.5127639633588;-0.4739990234375;0.193115234375;;1 A;
2;3085;14.515473963352;-0.471588134765625;0.18682861328125;;1 A;
2;3086;14.5181839633451;-0.469207763671875;0.181060791015625;;1 A;
2;3087;14.5208939633383;-0.466644287109375;0.1754150390625;;1 A;
2;3088;14.5236039633314;-0.464324951171875;0.170074462890625;;1 A;
2;3089;14.5263139633246;-0.4619140625;0.164764404296875;;1 A;
2;3090;14.5290239633177;-0.4593505859375;0.159759521484375;;1 A;
2;3091;14.5317339633109;-0.45697021484375;0.154998779296875;;1 A;
2;3092;14.5344439633041;-0.4544677734375;0.150482177734375;;1 A;
2;3093;14.5371539632972;-0.452117919921875;0.146026611328125;;1 A;
2;3094;14.5398639632904;-0.449676513671875;0.141937255859375;;1 A;
2;3095;14.5425739632835;-0.447235107421875;0.137908935546875;;1 A;
2;3096;14.5452839632767;-0.444854736328125;0.1339111328125;;1 A;
2;3097;14.5479939632698;-0.4423828125;0.13031005859375;;1 A;
2;3098;14.550703963263;-0.43988037109375;0.12677001953125;;1 A;
2;3099;14.5534139632562;-0.4375;0.123504638671875;;1 A;
2;3100;14.5561239632493;-0.435028076171875;0.120361328125;;1 A;
2;3101;14.5588339632425;-0.432586669921875;0.117401123046875;;1 A;
2;3102;14.5615439632356;-0.43017578125;0.1143798828125;;1 A;
2;3103;14.5642539632288;-0.427703857421875;0.1114501953125;;1 A;
2;3104;14.566963963222;-0.425262451171875;0.10870361328125;;1 A;
2;3105;14.5696739632151;-0.422821044921875;0.105865478515625;;1 A;
2;3106;14.5723839632083;-0.42047119140625;0.10296630859375;;1 A;
2;3107;14.5750939632014;-0.417999267578125;0.099761962890625;;1 A;
2;3108;14.5778039631946;-0.41552734375;0.096282958984375;;1 A;
2;3109;14.5805139631877;-0.413055419921875;0.092071533203125;;1 A;
2;3110;14.5832239631809;-0.41064453125;0.0872802734375;;1 A;
2;3111;14.5859339631741;-0.408172607421875;0.082061767578125;;1 A;
2;3112;14.5886439631672;-0.405670166015625;0.075927734375;;1 A;
2;3113;14.5913539631604;-0.403350830078125;0.069671630859375;;1 A;
2;3114;14.5940639631535;-0.400909423828125;0.0633544921875;;1 A;
2;3115;14.5967739631467;-0.3984375;0.05743408203125;;1 A;
2;3116;14.5994839631398;-0.39605712890625;0.052947998046875;;1 A;
2;3117;14.602193963133;-0.39361572265625;0.0492431640625;;1 A;
2;3118;14.6049039631262;-0.39111328125;0.045916748046875;;1 A;
2;3119;14.6076139631193;-0.38873291015625;0.0432342529296875;;1 A;
2;3120;14.6103239631125;-0.38623046875;0.04085693359375;;1 A;
2;3121;14.6130339631056;-0.383819580078125;0.038916015625;;1 A;
2;3122;14.6157439630988;-0.381378173828125;0.037042236328125;;1 A;
2;3123;14.618453963092;-0.37896728515625;0.0355133056640625;;1 A;
2;3124;14.6211639630851;-0.376556396484375;0.034210205078125;;1 A;
2;3125;14.6238739630783;-0.37408447265625;0.032904052734375;;1 A;
2;3126;14.6265839630714;-0.371612548828125;0.03175048828125;;1 A;
2;3127;14.6292939630646;-0.36920166015625;0.03076171875;;1 A;
2;3128;14.6320039630577;-0.366729736328125;0.02987060546875;;1 A;
2;3129;14.6347139630509;-0.3643798828125;0.0290863037109375;;1 A;
2;3130;14.6374239630441;-0.361907958984375;0.028289794921875;;1 A;
2;3131;14.6401339630372;-0.359466552734375;0.0277008056640625;;1 A;
2;3132;14.6428439630304;-0.35699462890625;0.026898193359375;;1 A;
2;3133;14.6455539630235;-0.35455322265625;0.0262908935546875;;1 A;
2;3134;14.6482639630167;-0.352142333984375;0.025750732421875;;1 A;
2;3135;14.6509739630098;-0.3497314453125;0.025244140625;;1 A;
2;3136;14.653683963003;-0.34722900390625;0.0246978759765625;;1 A;
2;3137;14.6563939629962;-0.344879150390625;0.0242645263671875;;1 A;
2;3138;14.6591039629893;-0.342437744140625;0.0237579345703125;;1 A;
2;3139;14.6618139629825;-0.3399658203125;0.023345947265625;;1 A;
2;3140;14.6645239629756;-0.337554931640625;0.022930908203125;;1 A;
2;3141;14.6672339629688;-0.335052490234375;0.0224639892578125;;1 A;
2;3142;14.669943962962;-0.33258056640625;0.0221282958984375;;1 A;
2;3143;14.6726539629551;-0.3302001953125;0.0217529296875;;1 A;
2;3144;14.6753639629483;-0.327789306640625;0.0214111328125;;1 A;
2;3145;14.6780739629414;-0.325286865234375;0.021026611328125;;1 A;
2;3146;14.6807839629346;-0.322906494140625;0.02081298828125;;1 A;
2;3147;14.6834939629277;-0.320404052734375;0.020404052734375;;1 A;
2;3148;14.6862039629209;-0.3179931640625;0.02015380859375;;1 A;
2;3149;14.6889139629141;-0.3155517578125;0.0198333740234375;;1 A;
2;3150;14.6916239629072;-0.3131103515625;0.019512939453125;;1 A;
2;3151;14.6943339629004;-0.31072998046875;0.01932373046875;;1 A;
2;3152;14.6970439628935;-0.308258056640625;0.0190032958984375;;1 A;
2;3153;14.6997539628867;-0.305877685546875;0.0188140869140625;;1 A;
2;3154;14.7024639628798;-0.303375244140625;0.018560791015625;;1 A;
2;3155;14.705173962873;-0.300933837890625;0.0182891845703125;;1 A;
2;3156;14.7078839628662;-0.298492431640625;0.0181121826171875;;1 A;
2;3157;14.7105939628593;-0.29608154296875;0.0178924560546875;;1 A;
2;3158;14.7133039628525;-0.293731689453125;0.017718505859375;;1 A;
2;3159;14.7160139628456;-0.29119873046875;0.01744384765625;;1 A;
2;3160;14.7187239628388;-0.288726806640625;0.017364501953125;;1 A;
2;3161;14.721433962832;-0.286346435546875;0.017108154296875;;1 A;
2;3162;14.7241439628251;-0.28387451171875;0.01695556640625;;1 A;
2;3163;14.7268539628183;-0.28143310546875;0.0166656494140625;;1 A;
2;3164;14.7295639628114;-0.279022216796875;0.0165985107421875;;1 A;
2;3165;14.7322739628046;-0.27655029296875;0.0163543701171875;;1 A;
2;3166;14.7349839627977;-0.27410888671875;0.016259765625;;1 A;
2;3167;14.7376939627909;-0.271697998046875;0.016180419921875;;1 A;
2;3168;14.7404039627841;-0.26922607421875;0.0160003662109375;;1 A;
2;3169;14.7431139627772;-0.2667236328125;0.0157440185546875;;1 A;
2;3170;14.7458239627704;-0.26434326171875;0.01553955078125;;1 A;
2;3171;14.7485339627635;-0.261993408203125;0.0155059814453125;;1 A;
2;3172;14.7512439627567;-0.25946044921875;0.0154296875;;1 A;
2;3173;14.7539539627498;-0.257049560546875;0.0152801513671875;;1 A;
2;3174;14.756663962743;-0.254638671875;0.01517333984375;;1 A;
2;3175;14.7593739627362;-0.252197265625;0.0150146484375;;1 A;
2;3176;14.7620839627293;-0.249755859375;0.01485595703125;;1 A;
2;3177;14.7647939627225;-0.247344970703125;0.0147430419921875;;1 A;
2;3178;14.7675039627156;-0.244781494140625;0.01470947265625;;1 A;
2;3179;14.7702139627088;-0.242401123046875;0.0144775390625;;1 A;
2;3180;14.772923962702;-0.239959716796875;0.0143798828125;;1 A;
2;3181;14.7756339626951;-0.237548828125;0.014178466796875;;1 A;
2;3182;14.7783439626883;-0.235107421875;0.014141845703125;;1 A;
2;3183;14.7810539626814;-0.232666015625;0.0140167236328125;;1 A;
2;3184;14.7837639626746;-0.230194091796875;0.0138946533203125;;1 A;
2;3185;14.7864739626677;-0.22784423828125;0.01383056640625;;1 A;
2;3186;14.7891839626609;-0.225372314453125;0.013714599609375;;1 A;
2;3187;14.7918939626541;-0.222900390625;0.0134979248046875;;1 A;
2;3188;14.7946039626472;-0.220458984375;0.01343994140625;;1 A;
2;3189;14.7973139626404;-0.21807861328125;0.013311767578125;;1 A;
2;3190;14.8000239626335;-0.215576171875;0.0132415771484375;;1 A;
2;3191;14.8027339626267;-0.213134765625;0.013067626953125;;1 A;
2;3192;14.8054439626198;-0.210693359375;0.012933349609375;;1 A;
2;3193;14.808153962613;-0.208282470703125;0.0127960205078125;;1 A;
2;3194;14.8108639626062;-0.205841064453125;0.0125946044921875;;1 A;
2;3195;14.8135739625993;-0.203369140625;0.0124725341796875;;1 A;
2;3196;14.8162839625925;-0.200927734375;0.012353515625;;1 A;
2;3197;14.8189939625856;-0.198516845703125;0.0122039794921875;;1 A;
2;3198;14.8217039625788;-0.196075439453125;0.012091064453125;;1 A;
2;3199;14.824413962572;-0.193634033203125;0.0119873046875;;1 A;
2;3200;14.8271239625651;-0.191162109375;0.0118316650390625;;1 A;
2;3201;14.8298339625583;-0.18878173828125;0.01171875;;1 A;
2;3202;14.8325439625514;-0.186309814453125;0.0115997314453125;;1 A;
2;3203;14.8352539625446;-0.183929443359375;0.011590576171875;;1 A;
2;3204;14.8379639625377;-0.18145751953125;0.011480712890625;;1 A;
2;3205;14.8406739625309;-0.179046630859375;0.0113861083984375;;1 A;
2;3206;14.8433839625241;-0.176483154296875;0.0112060546875;;1 A;
2;3207;14.8460939625172;-0.17413330078125;0.011102294921875;;1 A;
2;3208;14.8488039625104;-0.171661376953125;0.0109283447265625;;1 A;
2;3209;14.8515139625035;-0.1693115234375;0.0109130859375;;1 A;
2;3210;14.8542239624967;-0.166839599609375;0.0107177734375;;1 A;
2;3211;14.8569339624898;-0.16436767578125;0.010516357421875;;1 A;
2;3212;14.859643962483;-0.161956787109375;0.0102691650390625;;1 A;
2;3213;14.8623539624762;-0.15948486328125;0.010101318359375;;1 A;
2;3214;14.8650639624693;-0.15704345703125;0.0099212646484375;;1 A;
2;3215;14.8677739624625;-0.154632568359375;0.0097991943359375;;1 A;
2;3216;14.8704839624556;-0.152069091796875;0.00957336425781249;;1 A;
2;3217;14.8731939624488;-0.1497802734375;0.009442138671875;;1 A;
2;3218;14.875903962442;-0.147369384765625;0.00925292968749999;;1 A;
2;3219;14.8786139624351;-0.144927978515625;0.00904235839843751;;1 A;
2;3220;14.8813239624283;-0.142486572265625;0.0088958740234375;;1 A;
2;3221;14.8840339624214;-0.1400146484375;0.0088043212890625;;1 A;
2;3222;14.8867439624146;-0.1375732421875;0.0087127685546875;;1 A;
2;3223;14.8894539624077;-0.1351318359375;0.0084991455078125;;1 A;
2;3224;14.8921639624009;-0.132720947265625;0.00838317871093749;;1 A;
2;3225;14.8948739623941;-0.1302490234375;0.00816955566406249;;1 A;
2;3226;14.8975839623872;-0.127838134765625;0.00800170898437499;;1 A;
2;3227;14.9002939623804;-0.1253662109375;0.00777587890625001;;1 A;
2;3228;14.9030039623735;-0.1229248046875;0.0075347900390625;;1 A;
2;3229;14.9057139623667;-0.1204833984375;0.007354736328125;;1 A;
2;3230;14.9084239623598;-0.1180419921875;0.007122802734375;;1 A;
2;3231;14.911133962353;-0.115692138671875;0.0068817138671875;;1 A;
2;3232;14.9138439623462;-0.113189697265625;0.00675048828124999;;1 A;
2;3233;14.9165539623393;-0.1107177734375;0.00655212402343749;;1 A;
2;3234;14.9192639623325;-0.1082763671875;0.0063812255859375;;1 A;
2;3235;14.9219739623256;-0.105865478515625;0.0061370849609375;;1 A;
2;3236;14.9246839623188;-0.103424072265625;0.0059539794921875;;1 A;
2;3237;14.927393962312;-0.101043701171875;0.005755615234375;;1 A;
2;3238;14.9301039623051;-0.098541259765625;0.00544128417968751;;1 A;
2;3239;14.9328139622983;-0.096099853515625;0.0053375244140625;;1 A;
2;3240;14.9355239622914;-0.093658447265625;0.0052978515625;;1 A;
2;3241;14.9382339622846;-0.09124755859375;0.00518798828125;;1 A;
2;3242;14.9409439622777;-0.088775634765625;0.00507507324218751;;1 A;
2;3243;14.9436539622709;-0.0863037109375;0.00494995117187499;;1 A;
2;3244;14.9463639622641;-0.083953857421875;0.0050048828125;;1 A;
2;3245;14.9490739622572;-0.081512451171875;0.00499877929687501;;1 A;
2;3246;14.9517839622504;-0.07904052734375;0.00513610839843751;;1 A;
2;3247;14.9544939622435;-0.07659912109375;0.00527343750000001;;1 A;
2;3248;14.9572039622367;-0.07415771484375;0.0053863525390625;;1 A;
2;3249;14.9599139622298;-0.07177734375;0.0054595947265625;;1 A;
2;3250;14.962623962223;-0.06927490234375;0.00559082031249999;;1 A;
2;3251;14.9653339622162;-0.06683349609375;0.0057861328125;;1 A;
2;3252;14.9680439622093;-0.06439208984375;0.006085205078125;;1 A;
2;3253;14.9707539622025;-0.06195068359375;0.00635375976562499;;1 A;
2;3254;14.9734639621956;-0.05950927734375;0.00665893554687499;;1 A;
2;3255;14.9761739621888;-0.05706787109375;0.00684814453125;;1 A;
2;3256;14.978883962182;-0.0546875;0.00708618164062499;;1 A;
2;3257;14.9815939621751;-0.05224609375;0.007366943359375;;1 A;
2;3258;14.9843039621683;-0.04974365234375;0.0076873779296875;;1 A;
2;3259;14.9870139621614;-0.047259521484375;0.0080291748046875;;1 A;
2;3260;14.9897239621546;-0.0448211669921875;0.0083160400390625;;1 A;
2;3261;14.9924339621477;-0.042376708984375;0.0086822509765625;;1 A;
2;3262;14.9951439621409;-0.0399505615234375;0.0089874267578125;;1 A;
2;3263;14.9978539621341;-0.0375244140625;0.0094024658203125;;1 A;
2;3264;15.0005639621272;-0.0350677490234375;0.0098846435546875;;1 A;
2;3265;15.0032739621204;-0.0326385498046875;0.0103302001953125;;1 A;
2;3266;15.0059839621135;-0.030206298828125;0.0107574462890625;;1 A;
2;3267;15.0086939621067;-0.0277740478515625;0.011181640625;;1 A;
2;3268;15.0114039620998;-0.0253143310546875;0.0116302490234375;;1 A;
2;3269;15.014113962093;-0.022882080078125;0.012042236328125;;1 A;
2;3270;15.0168239620862;-0.0204498291015625;0.012530517578125;;1 A;
2;3271;15.0195339620793;-0.018023681640625;0.013067626953125;;1 A;
2;3272;15.0222439620725;-0.0155731201171875;0.0135772705078125;;1 A;
2;3273;15.0249539620656;-0.0131317138671875;0.0141845703125;;1 A;
2;3274;15.0276639620588;-0.010699462890625;0.0146331787109375;;1 A;
2;3275;15.030373962052;-0.008258056640625;0.0152587890625;;1 A;
2;3276;15.0330839620451;-0.0058135986328125;0.0158782958984375;;1 A;
2;3277;15.0357939620383;-0.0033843994140625;0.01650390625;;1 A;
2;3278;15.0385039620314;-0.000946044921875;0.0171478271484375;;1 A;
3;3279;15.0412139620246;0.001495361328125;0.017901611328125;;1 A;
3;3280;15.0439239620177;0.0039398193359375;0.018487548828125;;1 A;
3;3281;15.0466339620109;0.006396484375;0.01920166015625;;1 A;
3;3282;15.0493439620041;0.008807373046875;0.0199371337890625;;1 A;
3;3283;15.0520539619972;0.0112518310546875;0.02081298828125;;1 A;
3;3284;15.0547639619904;0.013690185546875;0.0216094970703125;;1 A;
3;3285;15.0574739619835;0.0161346435546875;0.0225189208984375;;1 A;
3;3286;15.0601839619767;0.0185821533203125;0.023162841796875;;1 A;
3;3287;15.0628939619698;0.021014404296875;0.02412109375;;1 A;
3;3288;15.065603961963;0.023443603515625;0.0248687744140625;;1 A;
3;3289;15.0683139619562;0.02587890625;0.025970458984375;;1 A;
3;3290;15.0710239619493;0.0283111572265625;0.02696533203125;;1 A;
3;3291;15.0737339619425;0.0307403564453125;0.0279937744140625;;1 A;
3;3292;15.0764439619356;0.033184814453125;0.0287445068359375;;1 A;
3;3293;15.0791539619288;0.0356048583984375;0.02977294921875;;1 A;
3;3294;15.081863961922;0.0380584716796875;0.030853271484375;;1 A;
3;3295;15.0845739619151;0.040484619140625;0.0321136474609375;;1 A;
3;3296;15.0872839619083;0.0429443359375;0.0332183837890625;;1 A;
3;3297;15.0899939619014;0.04537353515625;0.0344818115234375;;1 A;
3;3298;15.0927039618946;0.0478424072265625;0.0355133056640625;;1 A;
3;3299;15.0954139618877;0.0501708984375;0.036724853515625;;1 A;
3;3300;15.0981239618809;0.052642822265625;0.0381317138671875;;1 A;
3;3301;15.1008339618741;0.055023193359375;0.039434814453125;;1 A;
3;3302;15.1035439618672;0.05743408203125;0.0408416748046875;;1 A;
3;3303;15.1062539618604;0.059967041015625;0.042169189453125;;1 A;
3;3304;15.1089639618535;0.0623779296875;0.0435760498046875;;1 A;
3;3305;15.1116739618467;0.064849853515625;0.045062255859375;;1 A;
3;3306;15.1143839618398;0.0672607421875;0.0465911865234375;;1 A;
3;3307;15.117093961833;0.06964111328125;0.0480194091796875;;1 A;
3;3308;15.1198039618262;0.07208251953125;0.049755859375;;1 A;
3;3309;15.1225139618193;0.074554443359375;0.051361083984375;;1 A;
3;3310;15.1252239618125;0.076995849609375;0.0531005859375;;1 A;
3;3311;15.1279339618056;0.079437255859375;0.05474853515625;;1 A;
3;3312;15.1306439617988;0.08184814453125;0.0565185546875;;1 A;
3;3313;15.133353961792;0.084320068359375;0.05828857421875;;1 A;
3;3314;15.1360639617851;0.08673095703125;0.06048583984375;;1 A;
3;3315;15.1387739617783;0.089141845703125;0.062225341796875;;1 A;
3;3316;15.1414839617714;0.09161376953125;0.06427001953125;;1 A;
3;3317;15.1441939617646;0.094085693359375;0.06610107421875;;1 A;
3;3318;15.1469039617577;0.09649658203125;0.06842041015625;;1 A;
3;3319;15.1496139617509;0.09893798828125;0.070343017578125;;1 A;
3;3320;15.1523239617441;0.101348876953125;0.07305908203125;;1 A;
3;3321;15.1550339617372;0.103790283203125;0.0750732421875;;1 A;
3;3322;15.1577439617304;0.10626220703125;0.07757568359375;;1 A;
3;3323;15.1604539617235;0.10870361328125;0.0794677734375;;1 A;
3;3324;15.1631639617167;0.111114501953125;0.08197021484375;;1 A;
3;3325;15.1658739617098;0.113616943359375;0.084259033203125;;1 A;
3;3326;15.168583961703;0.115997314453125;0.087188720703125;;1 A;
3;3327;15.1712939616962;0.118408203125;0.08990478515625;;1 A;
3;3328;15.1740039616893;0.120849609375;0.092559814453125;;1 A;
3;3329;15.1767139616825;0.123291015625;0.094970703125;;1 A;
3;3330;15.1794239616756;0.125732421875;0.09771728515625;;1 A;
3;3331;15.1821339616688;0.128204345703125;0.10052490234375;;1 A;
3;3332;15.184843961662;0.130615234375;0.103851318359375;;1 A;
3;3333;15.1875539616551;0.133087158203125;0.106719970703125;;1 A;
3;3334;15.1902639616483;0.135498046875;0.109619140625;;1 A;
3;3335;15.1929739616414;0.137969970703125;0.11248779296875;;1 A;
3;3336;15.1956839616346;0.140380859375;0.11572265625;;1 A;
3;3337;15.1983939616277;0.142822265625;0.118927001953125;;1 A;
3;3338;15.2011039616209;0.14520263671875;0.122528076171875;;1 A;
3;3339;15.2038139616141;0.147674560546875;0.12603759765625;;1 A;
3;3340;15.2065239616072;0.150115966796875;0.1292724609375;;1 A;
3;3341;15.2092339616004;0.15252685546875;0.13287353515625;;1 A;
3;3342;15.2119439615935;0.15496826171875;0.136260986328125;;1 A;
3;3343;15.2146539615867;0.157470703125;0.13995361328125;;1 A;
3;3344;15.2173639615798;0.159820556640625;0.143585205078125;;1 A;
3;3345;15.220073961573;0.16229248046875;0.1475830078125;;1 A;
3;3346;15.2227839615662;0.16473388671875;0.151275634765625;;1 A;
3;3347;15.2254939615593;0.16717529296875;0.15545654296875;;1 A;
3;3348;15.2282039615525;0.169647216796875;0.159088134765625;;1 A;
3;3349;15.2309139615456;0.17205810546875;0.163360595703125;;1 A;
3;3350;15.2336239615388;0.1744384765625;0.167144775390625;;1 A;
3;3351;15.236333961532;0.176910400390625;0.171844482421875;;1 A;
3;3352;15.2390439615251;0.17938232421875;0.17584228515625;;1 A;
3;3353;15.2417539615183;0.18182373046875;0.18048095703125;;1 A;
3;3354;15.2444639615114;0.18426513671875;0.18408203125;;1 A;
3;3355;15.2471739615046;0.186676025390625;0.18865966796875;;1 A;
3;3356;15.2498839614977;0.189056396484375;0.19287109375;;1 A;
3;3357;15.2525939614909;0.1915283203125;0.1981201171875;;1 A;
3;3358;15.2553039614841;0.19403076171875;0.202545166015625;;1 A;
3;3359;15.2580139614772;0.196441650390625;0.207244873046875;;1 A;
3;3360;15.2607239614704;0.198883056640625;0.21148681640625;;1 A;
3;3361;15.2634339614635;0.201324462890625;0.216156005859375;;1 A;
3;3362;15.2661439614567;0.203704833984375;0.220550537109375;;1 A;
3;3363;15.2688539614498;0.206146240234375;0.2259521484375;;1 A;
3;3364;15.271563961443;0.2086181640625;0.23077392578125;;1 A;
3;3365;15.2742739614362;0.211090087890625;0.235595703125;;1 A;
3;3366;15.2769839614293;0.2135009765625;0.23992919921875;;1 A;
3;3367;15.2796939614225;0.2159423828125;0.24468994140625;;1 A;
3;3368;15.2824039614156;0.218353271484375;0.24945068359375;;1 A;
3;3369;15.2851139614088;0.220794677734375;0.254974365234375;;1 A;
3;3370;15.287823961402;0.2232666015625;0.2598876953125;;1 A;
3;3371;15.2905339613951;0.22564697265625;0.264678955078125;;1 A;
3;3372;15.2932439613883;0.228118896484375;0.269256591796875;;1 A;
3;3373;15.2959539613814;0.2305908203125;0.27386474609375;;1 A;
3;3374;15.2986639613746;0.23297119140625;0.27874755859375;;1 A;
3;3375;15.3013739613677;0.23541259765625;0.2838134765625;;1 A;
3;3376;15.3040839613609;0.2379150390625;0.28887939453125;;1 A;
3;3377;15.3067939613541;0.24029541015625;0.29339599609375;;1 A;
3;3378;15.3095039613472;0.24273681640625;0.298187255859375;;1 A;
3;3379;15.3122139613404;0.24517822265625;0.3023681640625;;1 A;
3;3380;15.3149239613335;0.247589111328125;0.307373046875;;1 A;
3;3381;15.3176339613267;0.25006103515625;0.311737060546875;;1 A;
3;3382;15.3203439613198;0.252471923828125;0.31695556640625;;1 A;
3;3383;15.323053961313;0.25494384765625;0.3211669921875;;1 A;
3;3384;15.3257639613062;0.257354736328125;0.32586669921875;;1 A;
3;3385;15.3284739612993;0.259765625;0.329498291015625;;1 A;
3;3386;15.3311839612925;0.262237548828125;0.334075927734375;;1 A;
3;3387;15.3338939612856;0.26470947265625;0.338104248046875;;1 A;
3;3388;15.3366039612788;0.26715087890625;0.342803955078125;;1 A;
3;3389;15.339313961272;0.26959228515625;0.3466796875;;1 A;
3;3390;15.3420239612651;0.272003173828125;0.350982666015625;;1 A;
3;3391;15.3447339612583;0.2744140625;0.35400390625;;1 A;
3;3392;15.3474439612514;0.276824951171875;0.358001708984375;;1 A;
3;3393;15.3501539612446;0.279327392578125;0.361236572265625;;1 A;
3;3394;15.3528639612377;0.281768798828125;0.365509033203125;;1 A;
3;3395;15.3555739612309;0.284210205078125;0.36871337890625;;1 A;
3;3396;15.3582839612241;0.286651611328125;0.372314453125;;1 A;
3;3397;15.3609939612172;0.289031982421875;0.374847412109375;;1 A;
3;3398;15.3637039612104;0.29150390625;0.377960205078125;;1 A;
3;3399;15.3664139612035;0.293975830078125;0.380767822265625;;1 A;
3;3400;15.3691239611967;0.29638671875;0.3841552734375;;1 A;
3;3401;15.3718339611899;0.298828125;0.386871337890625;;1 A;
3;3402;15.374543961183;0.30126953125;0.38946533203125;;1 A;
3;3403;15.3772539611762;0.303741455078125;0.39129638671875;;1 A;
3;3404;15.3799639611693;0.30615234375;0.39349365234375;;1 A;
3;3405;15.3826739611625;0.30859375;0.3955078125;;1 A;
3;3406;15.3853839611556;0.311065673828125;0.398193359375;;1 A;
3;3407;15.3880939611488;0.3134765625;0.4000244140625;;1 A;
3;3408;15.390803961142;0.31591796875;0.401641845703125;;1 A;
3;3409;15.3935139611351;0.318389892578125;0.40277099609375;;1 A;
3;3410;15.3962239611283;0.32080078125;0.40399169921875;;1 A;
3;3411;15.3989339611214;0.323211669921875;0.4053955078125;;1 A;
3;3412;15.4016439611146;0.32562255859375;0.40679931640625;;1 A;
3;3413;15.4043539611077;0.328094482421875;0.407958984375;;1 A;
3;3414;15.4070639611009;0.330535888671875;0.408721923828125;;1 A;
3;3415;15.4097739610941;0.3330078125;0.409332275390625;;1 A;
3;3416;15.4124839610872;0.33538818359375;0.40948486328125;;1 A;
3;3417;15.4151939610804;0.33782958984375;0.4100341796875;;1 A;
3;3418;15.4179039610735;0.340240478515625;0.41058349609375;;1 A;
3;3419;15.4206139610667;0.342742919921875;0.410888671875;;1 A;
3;3420;15.4233239610599;0.34515380859375;0.410919189453125;;1 A;
3;3421;15.426033961053;0.347625732421875;0.410797119140625;;1 A;
3;3422;15.4287439610462;0.35003662109375;0.41015625;;1 A;
3;3423;15.4314539610393;0.352447509765625;0.40997314453125;;1 A;
3;3424;15.4341639610325;0.35491943359375;0.409515380859375;;1 A;
3;3425;15.4368739610256;0.357421875;0.409454345703125;;1 A;
3;3426;15.4395839610188;0.35980224609375;0.4085693359375;;1 A;
3;3427;15.442293961012;0.36224365234375;0.407928466796875;;1 A;
3;3428;15.4450039610051;0.364654541015625;0.40655517578125;;1 A;
3;3429;15.4477139609983;0.367034912109375;0.40576171875;;1 A;
3;3430;15.4504239609914;0.36956787109375;0.404571533203125;;1 A;
3;3431;15.4531339609846;0.371978759765625;0.40386962890625;;1 A;
3;3432;15.4558439609777;0.37445068359375;0.40234375;;1 A;
3;3433;15.4585539609709;0.376861572265625;0.401153564453125;;1 A;
3;3434;15.4612639609641;0.379302978515625;0.399383544921875;;1 A;
3;3435;15.4639739609572;0.381744384765625;0.398162841796875;;1 A;
3;3436;15.4666839609504;0.3841552734375;0.39630126953125;;1 A;
3;3437;15.4693939609435;0.38653564453125;0.395172119140625;;1 A;
3;3438;15.4721039609367;0.389068603515625;0.39337158203125;;1 A;
3;3439;15.4748139609299;0.3914794921875;0.391845703125;;1 A;
3;3440;15.477523960923;0.393951416015625;0.389556884765625;;1 A;
3;3441;15.4802339609162;0.3963623046875;0.38775634765625;;1 A;
3;3442;15.4829439609093;0.398773193359375;0.38568115234375;;1 A;
3;3443;15.4856539609025;0.401214599609375;0.384368896484375;;1 A;
3;3444;15.4883639608956;0.403656005859375;0.382293701171875;;1 A;
3;3445;15.4910739608888;0.4061279296875;0.380462646484375;;1 A;
3;3446;15.493783960882;0.408538818359375;0.37799072265625;;1 A;
3;3447;15.4964939608751;0.410980224609375;0.376007080078125;;1 A;
3;3448;15.4992039608683;0.413482666015625;0.373809814453125;;1 A;
3;3449;15.5019139608614;0.4158935546875;0.3719482421875;;1 A;
3;3450;15.5046239608546;0.418304443359375;0.369781494140625;;1 A;
3;3451;15.5073339608477;0.42083740234375;0.36773681640625;;1 A;
3;3452;15.5100439608409;0.423187255859375;0.36529541015625;;1 A;
3;3453;15.5127539608341;0.4256591796875;0.363067626953125;;1 A;
3;3454;15.5154639608272;0.428070068359375;0.360931396484375;;1 A;
3;3455;15.5181739608204;0.430511474609375;0.358978271484375;;1 A;
3;3456;15.5208839608135;0.4329833984375;0.356781005859375;;1 A;
3;3457;15.5235939608067;0.4354248046875;0.3544921875;;1 A;
3;3458;15.5263039607999;0.437835693359375;0.35211181640625;;1 A;
3;3459;15.529013960793;0.4403076171875;0.349822998046875;;1 A;
3;3460;15.5317239607862;0.44268798828125;0.347747802734375;;1 A;
3;3461;15.5344339607793;0.44512939453125;0.345611572265625;;1 A;
3;3462;15.5371439607725;0.44757080078125;0.343475341796875;;1 A;
3;3463;15.5398539607656;0.450042724609375;0.3411865234375;;1 A;
3;3464;15.5425639607588;0.45245361328125;0.338958740234375;;1 A;
3;3465;15.545273960752;0.454864501953125;0.336669921875;;1 A;
3;3466;15.5479839607451;0.45733642578125;0.33447265625;;1 A;
3;3467;15.5506939607383;0.459808349609375;0.3323974609375;;1 A;
3;3468;15.5534039607314;0.46221923828125;0.330352783203125;;1 A;
3;3469;15.5561139607246;0.464630126953125;0.328094482421875;;1 A;
3;3470;15.5588239607177;0.467041015625;0.326019287109375;;1 A;
3;3471;15.5615339607109;0.46954345703125;0.32373046875;;1 A;
3;3472;15.5642439607041;0.47198486328125;0.321685791015625;;1 A;
3;3473;15.5669539606972;0.474395751953125;0.319549560546875;;1 A;
3;3474;15.5696639606904;0.476806640625;0.317657470703125;;1 A;
3;3475;15.5723739606835;0.47930908203125;0.3155517578125;;1 A;
3;3476;15.5750839606767;0.481719970703125;0.313568115234375;;1 A;
3;3477;15.5777939606699;0.484161376953125;0.3114013671875;;1 A;
3;3478;15.580503960663;0.486602783203125;0.3094482421875;;1 A;
3;3479;15.5832139606562;0.48907470703125;0.30743408203125;;1 A;
3;3480;15.5859239606493;0.491455078125;0.3055419921875;;1 A;
3;3481;15.5886339606425;0.493896484375;0.30352783203125;;1 A;
3;3482;15.5913439606356;0.496307373046875;0.301727294921875;;1 A;
3;3483;15.5940539606288;0.498779296875;0.2996826171875;;1 A;
3;3484;15.596763960622;0.501251220703125;0.297821044921875;;1 A;
3;3485;15.5994739606151;0.503662109375;0.295867919921875;;1 A;
3;3486;15.6021839606083;0.50616455078125;0.294219970703125;;1 A;
3;3487;15.6048939606014;0.50860595703125;0.2923583984375;;1 A;
3;3488;15.6076039605946;0.510986328125;0.2906494140625;;1 A;
3;3489;15.6103139605877;0.513427734375;0.288818359375;;1 A;
3;3490;15.6130239605809;0.51580810546875;0.287017822265625;;1 A;
3;3491;15.6157339605741;0.518341064453125;0.285308837890625;;1 A;
3;3492;15.6184439605672;0.520751953125;0.283660888671875;;1 A;
3;3493;15.6211539605604;0.523162841796875;0.282012939453125;;1 A;
3;3494;15.6238639605535;0.52557373046875;0.280364990234375;;1 A;
3;3495;15.6265739605467;0.528076171875;0.2786865234375;;1 A;
3;3496;15.6292839605399;0.53045654296875;0.277008056640625;;1 A;
3;3497;15.631993960533;0.532958984375;0.27545166015625;;1 A;
3;3498;15.6347039605262;0.535430908203125;0.273956298828125;;1 A;
3;3499;15.6374139605193;0.537841796875;0.272430419921875;;1 A;
3;3500;15.6401239605125;0.540252685546875;0.2708740234375;;1 A;
3;3501;15.6428339605056;0.542694091796875;0.269317626953125;;1 A;
3;3502;15.6455439604988;0.545135498046875;0.26788330078125;;1 A;
3;3503;15.648253960492;0.547576904296875;0.266387939453125;;1 A;
3;3504;15.6509639604851;0.550018310546875;0.2650146484375;;1 A;
3;3505;15.6536739604783;0.552490234375;0.263580322265625;;1 A;
3;3506;15.6563839604714;0.55487060546875;0.262176513671875;;1 A;
3;3507;15.6590939604646;0.557342529296875;0.26080322265625;;1 A;
3;3508;15.6618039604577;0.559722900390625;0.259429931640625;;1 A;
3;3509;15.6645139604509;0.56219482421875;0.25811767578125;;1 A;
3;3510;15.6672239604441;0.564605712890625;0.2568359375;;1 A;
3;3511;15.6699339604372;0.567169189453125;0.255462646484375;;1 A;
3;3512;15.6726439604304;0.56951904296875;0.2542724609375;;1 A;
3;3513;15.6753539604235;0.571990966796875;0.253021240234375;;1 A;
3;3514;15.6780639604167;0.57440185546875;0.251739501953125;;1 A;
3;3515;15.6807739604099;0.576812744140625;0.250518798828125;;1 A;
3;3516;15.683483960403;0.57928466796875;0.249298095703125;;1 A;
3;3517;15.6861939603962;0.581695556640625;0.248199462890625;;1 A;
3;3518;15.6889039603893;0.584136962890625;0.247039794921875;;1 A;
3;3519;15.6916139603825;0.586578369140625;0.245849609375;;1 A;
3;3520;15.6943239603756;0.58905029296875;0.24468994140625;;1 A;
3;3521;15.6970339603688;0.591461181640625;0.24359130859375;;1 A;
3;3522;15.699743960362;0.59393310546875;0.24249267578125;;1 A;
3;3523;15.7024539603551;0.596343994140625;0.241455078125;;1 A;
3;3524;15.7051639603483;0.598785400390625;0.240386962890625;;1 A;
3;3525;15.7078739603414;0.601165771484375;0.239349365234375;;1 A;
3;3526;15.7105839603346;0.603668212890625;0.238311767578125;;1 A;
3;3527;15.7132939603277;0.606048583984375;0.237335205078125;;1 A;
3;3528;15.7160039603209;0.6085205078125;0.236297607421875;;1 A;
3;3529;15.7187139603141;0.6109619140625;0.2353515625;;1 A;
3;3530;15.7214239603072;0.613372802734375;0.234344482421875;;1 A;
3;3531;15.7241339603004;0.615875244140625;0.23345947265625;;1 A;
3;3532;15.7268439602935;0.6182861328125;0.232513427734375;;1 A;
3;3533;15.7295539602867;0.6207275390625;0.23150634765625;;1 A;
3;3534;15.7322639602799;0.623138427734375;0.230621337890625;;1 A;
3;3535;15.734973960273;0.625579833984375;0.229766845703125;;1 A;
3;3536;15.7376839602662;0.627960205078125;0.2288818359375;;1 A;
3;3537;15.7403939602593;0.6304931640625;0.227996826171875;;1 A;
3;3538;15.7431039602525;0.632904052734375;0.227081298828125;;1 A;
3;3539;15.7458139602456;0.635345458984375;0.22625732421875;;1 A;
3;3540;15.7485239602388;0.637786865234375;0.225433349609375;;1 A;
3;3541;15.751233960232;0.640167236328125;0.22467041015625;;1 A;
3;3542;15.7539439602251;0.642669677734375;0.223846435546875;;1 A;
3;3543;15.7566539602183;0.645111083984375;0.223052978515625;;1 A;
3;3544;15.7593639602114;0.647491455078125;0.222259521484375;;1 A;
3;3545;15.7620739602046;0.649932861328125;0.22149658203125;;1 A;
3;3546;15.7647839601977;0.652435302734375;0.220703125;;1 A;
3;3547;15.7674939601909;0.654815673828125;0.219970703125;;1 A;
3;3548;15.7702039601841;0.657318115234375;0.219268798828125;;1 A;
3;3549;15.7729139601772;0.65972900390625;0.218505859375;;1 A;
3;3550;15.7756239601704;0.662200927734375;0.21783447265625;;1 A;
3;3551;15.7783339601635;0.66461181640625;0.217132568359375;;1 A;
3;3552;15.7810439601567;0.667022705078125;0.2164306640625;;1 A;
3;3553;15.7837539601499;0.669464111328125;0.215728759765625;;1 A;
3;3554;15.786463960143;0.671905517578125;0.215087890625;;1 A;
3;3555;15.7891739601362;0.67437744140625;0.21441650390625;;1 A;
3;3556;15.7918839601293;0.67681884765625;0.213775634765625;;1 A;
3;3557;15.7945939601225;0.67919921875;0.213134765625;;1 A;
3;3558;15.7973039601156;0.681640625;0.2125244140625;;1 A;
3;3559;15.8000139601088;0.68408203125;0.211883544921875;;1 A;
3;3560;15.802723960102;0.68658447265625;0.211273193359375;;1 A;
3;3561;15.8054339600951;0.68896484375;0.210693359375;;1 A;
3;3562;15.8081439600883;0.69140625;0.210113525390625;;1 A;
3;3563;15.8108539600814;0.69384765625;0.2095947265625;;1 A;
3;3564;15.8135639600746;0.696319580078125;0.20904541015625;;1 A;
3;3565;15.8162739600677;0.69873046875;0.208526611328125;;1 A;
3;3566;15.8189839600609;0.701202392578125;0.207977294921875;;1 A;
3;3567;15.8216939600541;0.70361328125;0.207427978515625;;1 A;
3;3568;15.8244039600472;0.7060546875;0.206939697265625;;1 A;
3;3569;15.8271139600404;0.708465576171875;0.2064208984375;;1 A;
3;3570;15.8298239600335;0.7109375;0.206024169921875;;1 A;
3;3571;15.8325339600267;0.713348388671875;0.20556640625;;1 A;
3;3572;15.8352439600199;0.715789794921875;0.20513916015625;;1 A;
3;3573;15.837953960013;0.71820068359375;0.204681396484375;;1 A;
3;3574;15.8406639600062;0.720672607421875;0.20428466796875;;1 A;
3;3575;15.8433739599993;0.72320556640625;0.203857421875;;1 A;
3;3576;15.8460839599925;0.725555419921875;0.203460693359375;;1 A;
3;3577;15.8487939599856;0.7279052734375;0.203094482421875;;1 A;
3;3578;15.8515039599788;0.730499267578125;0.20281982421875;;1 A;
3;3579;15.854213959972;0.732818603515625;0.202484130859375;;1 A;
3;3580;15.8569239599651;0.73529052734375;0.202178955078125;;1 A;
3;3581;15.8596339599583;0.73773193359375;0.201812744140625;;1 A;
3;3582;15.8623439599514;0.74017333984375;0.2015380859375;;1 A;
3;3583;15.8650539599446;0.742584228515625;0.2012939453125;;1 A;
3;3584;15.8677639599377;0.74505615234375;0.20098876953125;;1 A;
3;3585;15.8704739599309;0.7474365234375;0.200775146484375;;1 A;
3;3586;15.8731839599241;0.749908447265625;0.200531005859375;;1 A;
3;3587;15.8758939599172;0.7525634765625;0.20037841796875;;1 A;
3;3588;15.8786039599104;0.75531005859375;0.20013427734375;;1 A;
3;3589;15.8813139599035;0.7574462890625;0.20001220703125;;1 A;
3;3590;15.8840239598967;0.7598876953125;0.199859619140625;;1 A;
3;3591;15.8867339598899;0.76263427734375;0.19970703125;;1 A;
3;3592;15.889443959883;0.7647705078125;0.19964599609375;;1 A;
3;3593;15.8921539598762;0.7672119140625;0.199554443359375;;1 A;
3;3594;15.8948639598693;0.76995849609375;0.19952392578125;;1 A;
3;3595;15.8975739598625;0.77239990234375;0.199371337890625;;1 A;
3;3596;15.9002839598556;0.7745361328125;0.1993408203125;;1 A;
3;3597;15.9029939598488;0.7769775390625;0.1993408203125;;1 A;
3;3598;15.905703959842;0.77911376953125;0.199310302734375;;1 A;
3;3599;15.9084139598351;0.7818603515625;0.19940185546875;;1 A;
3;3600;15.9111239598283;0.7843017578125;0.199310302734375;;1 A;
3;3601;15.9138339598214;0.7867431640625;0.199432373046875;;1 A;
3;3602;15.9165439598146;0.7891845703125;0.199493408203125;;1 A;
3;3603;15.9192539598077;0.79132080078125;0.199615478515625;;1 A;
3;3604;15.9219639598009;0.79345703125;0.19970703125;;1 A;
3;3605;15.9246739597941;0.79620361328125;0.199859619140625;;1 A;
3;3606;15.9273839597872;0.79803466796875;0.198516845703125;;1 A;
3;3607;15.9300939597804;0.7958984375;0.196258544921875;;1 A;
3;3608;15.9328039597735;0.79376220703125;0.194366455078125;;1 A;
3;3609;15.9355139597667;0.79071044921875;0.192596435546875;;1 A;
3;3610;15.9382239597599;0.78857421875;0.19085693359375;;1 A;
3;3611;15.940933959753;0.78582763671875;0.18927001953125;;1 A;
3;3612;15.9436439597462;0.78338623046875;0.1876220703125;;1 A;
3;3613;15.9463539597393;0.78125;0.186187744140625;;1 A;
3;3614;15.9490639597325;0.77911376953125;0.184722900390625;;1 A;
3;3615;15.9517739597256;0.77667236328125;0.183319091796875;;1 A;
3;3616;15.9544839597188;0.77423095703125;0.181915283203125;;1 A;
3;3617;15.957193959712;0.771484375;0.180633544921875;;1 A;
3;3618;15.9599039597051;0.76904296875;0.179290771484375;;1 A;
3;3619;15.9626139596983;0.76629638671875;0.178009033203125;;1 A;
3;3620;15.9653239596914;0.76416015625;0.17681884765625;;1 A;
3;3621;15.9680339596846;0.76171875;0.1756591796875;;1 A;
3;3622;15.9707439596777;0.75958251953125;0.174560546875;;1 A;
3;3623;15.9734539596709;0.7562255859375;0.17340087890625;;1 A;
3;3624;15.9761639596641;0.75531005859375;0.172271728515625;;1 A;
3;3625;15.9788739596572;0.751953125;0.17120361328125;;1 A;
3;3626;15.9815839596504;0.749359130859375;0.17022705078125;;1 A;
3;3627;15.9842939596435;0.7469482421875;0.169219970703125;;1 A;
3;3628;15.9870039596367;0.744476318359375;0.168212890625;;1 A;
3;3629;15.9897139596299;0.7420654296875;0.167236328125;;1 A;
3;3630;15.992423959623;0.739654541015625;0.16632080078125;;1 A;
3;3631;15.9951339596162;0.7371826171875;0.165374755859375;;1 A;
3;3632;15.9978439596093;0.7347412109375;0.164459228515625;;1 A;
3;3633;16.0005539596025;0.732330322265625;0.163604736328125;;1 A;
3;3634;16.0032639595956;0.7298583984375;0.16265869140625;;1 A;
3;3635;16.0059739595888;0.7274169921875;0.161834716796875;;1 A;
3;3636;16.008683959582;0.725006103515625;0.160980224609375;;1 A;
3;3637;16.0113939595751;0.722503662109375;0.16015625;;1 A;
3;3638;16.0141039595683;0.720123291015625;0.159271240234375;;1 A;
3;3639;16.0168139595614;0.717742919921875;0.15850830078125;;1 A;
3;3640;16.0195239595546;0.715179443359375;0.157684326171875;;1 A;
3;3641;16.0222339595477;0.7127685546875;0.156890869140625;;1 A;
3;3642;16.0249439595409;0.7103271484375;0.1561279296875;;1 A;
3;3643;16.0276539595341;0.7078857421875;0.155364990234375;;1 A;
3;3644;16.0303639595272;0.70550537109375;0.154571533203125;;1 A;
3;3645;16.0330739595204;0.7030029296875;0.15386962890625;;1 A;
3;3646;16.0357839595135;0.70062255859375;0.15313720703125;;1 A;
3;3647;16.0384939595067;0.6981201171875;0.15240478515625;;1 A;
3;3648;16.0412039594999;0.695709228515625;0.151702880859375;;1 A;
3;3649;16.043913959493;0.693267822265625;0.151031494140625;;1 A;
3;3650;16.0466239594862;0.690826416015625;0.150299072265625;;1 A;
3;3651;16.0493339594793;0.688385009765625;0.149627685546875;;1 A;
3;3652;16.0520439594725;0.685943603515625;0.148956298828125;;1 A;
3;3653;16.0547539594656;0.683502197265625;0.148284912109375;;1 A;
3;3654;16.0574639594588;0.68109130859375;0.147613525390625;;1 A;
3;3655;16.060173959452;0.67864990234375;0.14691162109375;;1 A;
3;3656;16.0628839594451;0.67620849609375;0.14630126953125;;1 A;
3;3657;16.0655939594383;0.673797607421875;0.1456298828125;;1 A;
3;3658;16.0683039594314;0.671356201171875;0.14501953125;;1 A;
3;3659;16.0710139594246;0.66888427734375;0.14434814453125;;1 A;
3;3660;16.0737239594177;0.666473388671875;0.14373779296875;;1 A;
3;3661;16.0764339594109;0.663970947265625;0.143096923828125;;1 A;
3;3662;16.0791439594041;0.66156005859375;0.1424560546875;;1 A;
3;3663;16.0818539593972;0.6590576171875;0.141815185546875;;1 A;
3;3664;16.0845639593904;0.65667724609375;0.141326904296875;;1 A;
3;3665;16.0872739593835;0.654266357421875;0.14068603515625;;1 A;
3;3666;16.0899839593767;0.65185546875;0.14007568359375;;1 A;
3;3667;16.0926939593699;0.6494140625;0.139434814453125;;1 A;
3;3668;16.095403959363;0.646881103515625;0.138885498046875;;1 A;
3;3669;16.0981139593562;0.644500732421875;0.13824462890625;;1 A;
3;3670;16.1008239593493;0.642059326171875;0.1376953125;;1 A;
3;3671;16.1035339593425;0.63958740234375;0.1370849609375;;1 A;
3;3672;16.1062439593356;0.637176513671875;0.136474609375;;1 A;
3;3673;16.1089539593288;0.634735107421875;0.1358642578125;;1 A;
3;3674;16.111663959322;0.63226318359375;0.135284423828125;;1 A;
3;3675;16.1143739593151;0.62982177734375;0.134674072265625;;1 A;
3;3676;16.1170839593083;0.627471923828125;0.134124755859375;;1 A;
3;3677;16.1197939593014;0.624969482421875;0.133544921875;;1 A;
3;3678;16.1225039592946;0.622528076171875;0.1329345703125;;1 A;
3;3679;16.1252139592877;0.620086669921875;0.132354736328125;;1 A;
3;3680;16.1279239592809;0.617706298828125;0.13177490234375;;1 A;
3;3681;16.1306339592741;0.615234375;0.131195068359375;;1 A;
3;3682;16.1333439592672;0.612762451171875;0.130584716796875;;1 A;
3;3683;16.1360539592604;0.610321044921875;0.130035400390625;;1 A;
3;3684;16.1387639592535;0.60797119140625;0.12939453125;;1 A;
3;3685;16.1414739592467;0.605499267578125;0.128814697265625;;1 A;
3;3686;16.1441839592399;0.603057861328125;0.128204345703125;;1 A;
3;3687;16.146893959233;0.60064697265625;0.127655029296875;;1 A;
3;3688;16.1496039592262;0.598114013671875;0.12701416015625;;1 A;
3;3689;16.1523139592193;0.595703125;0.126434326171875;;1 A;
3;3690;16.1550239592125;0.593292236328125;0.125762939453125;;1 A;
3;3691;16.1577339592056;0.5908203125;0.12518310546875;;1 A;
3;3692;16.1604439591988;0.58843994140625;0.1246337890625;;1 A;
3;3693;16.163153959192;0.585906982421875;0.123931884765625;;1 A;
3;3694;16.1658639591851;0.58349609375;0.123260498046875;;1 A;
3;3695;16.1685739591783;0.581085205078125;0.122711181640625;;1 A;
3;3696;16.1712839591714;0.578643798828125;0.122039794921875;;1 A;
3;3697;16.1739939591646;0.576141357421875;0.1214599609375;;1 A;
3;3698;16.1767039591577;0.573760986328125;0.1207275390625;;1 A;
3;3699;16.1794139591509;0.5712890625;0.120025634765625;;1 A;
3;3700;16.1821239591441;0.568878173828125;0.119415283203125;;1 A;
3;3701;16.1848339591372;0.56646728515625;0.118804931640625;;1 A;
3;3702;16.1875439591304;0.56402587890625;0.118072509765625;;1 A;
3;3703;16.1902539591235;0.561614990234375;0.11737060546875;;1 A;
3;3704;16.1929639591167;0.559173583984375;0.116668701171875;;1 A;
3;3705;16.1956739591099;0.556640625;0.11590576171875;;1 A;
3;3706;16.198383959103;0.554229736328125;0.115203857421875;;1 A;
3;3707;16.2010939590962;0.551849365234375;0.114501953125;;1 A;
3;3708;16.2038039590893;0.549407958984375;0.113739013671875;;1 A;
3;3709;16.2065139590825;0.5469970703125;0.113006591796875;;1 A;
3;3710;16.2092239590756;0.54449462890625;0.112213134765625;;1 A;
3;3711;16.2119339590688;0.5421142578125;0.111358642578125;;1 A;
3;3712;16.214643959062;0.53961181640625;0.110595703125;;1 A;
3;3713;16.2173539590551;0.537139892578125;0.109832763671875;;1 A;
3;3714;16.2200639590483;0.534759521484375;0.1090087890625;;1 A;
3;3715;16.2227739590414;0.53228759765625;0.108123779296875;;1 A;
3;3716;16.2254839590346;0.529876708984375;0.107330322265625;;1 A;
3;3717;16.2281939590277;0.527435302734375;0.10638427734375;;1 A;
3;3718;16.2309039590209;0.524993896484375;0.105499267578125;;1 A;
3;3719;16.2336139590141;0.522552490234375;0.10455322265625;;1 A;
3;3720;16.2363239590072;0.52008056640625;0.1036376953125;;1 A;
3;3721;16.2390339590004;0.51763916015625;0.1026611328125;;1 A;
3;3722;16.2417439589935;0.5152587890625;0.101715087890625;;1 A;
3;3723;16.2444539589867;0.51275634765625;0.100677490234375;;1 A;
3;3724;16.2471639589799;0.51043701171875;0.09967041015625;;1 A;
3;3725;16.249873958973;0.507965087890625;0.09857177734375;;1 A;
3;3726;16.2525839589662;0.505462646484375;0.09759521484375;;1 A;
3;3727;16.2552939589593;0.50311279296875;0.096435546875;;1 A;
3;3728;16.2580039589525;0.5006103515625;0.09539794921875;;1 A;
3;3729;16.2607139589456;0.498138427734375;0.0941162109375;;1 A;
3;3730;16.2634239589388;0.4957275390625;0.092987060546875;;1 A;
3;3731;16.266133958932;0.493255615234375;0.091766357421875;;1 A;
3;3732;16.2688439589251;0.490875244140625;0.090545654296875;;1 A;
3;3733;16.2715539589183;0.48846435546875;0.089263916015625;;1 A;
3;3734;16.2742639589114;0.4859619140625;0.0880126953125;;1 A;
3;3735;16.2769739589046;0.4835205078125;0.0865478515625;;1 A;
3;3736;16.2796839588977;0.481048583984375;0.08526611328125;;1 A;
3;3737;16.2823939588909;0.478668212890625;0.083831787109375;;1 A;
3;3738;16.2851039588841;0.476226806640625;0.08251953125;;1 A;
3;3739;16.2878139588772;0.47381591796875;0.081024169921875;;1 A;
3;3740;16.2905239588704;0.471282958984375;0.07958984375;;1 A;
3;3741;16.2932339588635;0.468902587890625;0.077850341796875;;1 A;
3;3742;16.2959439588567;0.466461181640625;0.07623291015625;;1 A;
3;3743;16.2986539588499;0.464019775390625;0.074615478515625;;1 A;
3;3744;16.301363958843;0.461578369140625;0.07305908203125;;1 A;
3;3745;16.3040739588362;0.459136962890625;0.0714111328125;;1 A;
3;3746;16.3067839588293;0.456695556640625;0.069671630859375;;1 A;
3;3747;16.3094939588225;0.454254150390625;0.067779541015625;;1 A;
3;3748;16.3122039588156;0.45184326171875;0.0657958984375;;1 A;
3;3749;16.3149139588088;0.44940185546875;0.063873291015625;;1 A;
3;3750;16.317623958802;0.446990966796875;0.062042236328125;;1 A;
3;3751;16.3203339587951;0.444488525390625;0.060028076171875;;1 A;
3;3752;16.3230439587883;0.442108154296875;0.05792236328125;;1 A;
3;3753;16.3257539587814;0.439605712890625;0.05584716796875;;1 A;
3;3754;16.3284639587746;0.43719482421875;0.0535888671875;;1 A;
3;3755;16.3311739587677;0.43475341796875;0.051513671875;;1 A;
3;3756;16.3338839587609;0.432342529296875;0.0491455078125;;1 A;
3;3757;16.3365939587541;0.42987060546875;0.0470458984375;;1 A;
3;3758;16.3393039587472;0.42742919921875;0.044561767578125;;1 A;
3;3759;16.3420139587404;0.425018310546875;0.042138671875;;1 A;
3;3760;16.3447239587335;0.422576904296875;0.039404296875;;1 A;
3;3761;16.3474339587267;0.420135498046875;0.036993408203125;;1 A;
3;3762;16.3501439587199;0.417694091796875;0.034228515625;;1 A;
3;3763;16.352853958713;0.415283203125;0.031787109375;;1 A;
3;3764;16.3555639587062;0.412811279296875;0.0288970947265625;;1 A;
3;3765;16.3582739586993;0.410400390625;0.0262359619140625;;1 A;
3;3766;16.3609839586925;0.407928466796875;0.02303466796875;;1 A;
3;3767;16.3636939586856;0.405487060546875;0.0202301025390625;;1 A;
3;3768;16.3664039586788;0.403045654296875;0.016998291015625;;1 A;
3;3769;16.369113958672;0.40057373046875;0.01427001953125;;1 A;
3;3770;16.3718239586651;0.398193359375;0.0108673095703125;;1 A;
3;3771;16.3745339586583;0.395751953125;0.0078460693359375;;1 A;
3;3772;16.3772439586514;0.393310546875;0.00416259765625;;1 A;
3;3773;16.3799539586446;0.390899658203125;0.000820922851562503;;1 A;
3;3774;16.3826639586377;0.388458251953125;-0.00270690917968749;;1 A;
3;3775;16.3853739586309;0.386016845703125;-0.00583496093749999;;1 A;
3;3776;16.3880839586241;0.383575439453125;-0.0094329833984375;;1 A;
3;3777;16.3907939586172;0.381134033203125;-0.0130401611328125;;1 A;
3;3778;16.3935039586104;0.37872314453125;-0.0172210693359375;;1 A;
3;3779;16.3962139586035;0.37628173828125;-0.0208526611328125;;1 A;
3;3780;16.3989239585967;0.373870849609375;-0.024786376953125;;1 A;
3;3781;16.4016339585899;0.371429443359375;-0.0282958984375;;1 A;
3;3782;16.404343958583;0.36895751953125;-0.0321990966796875;;1 A;
3;3783;16.4070539585762;0.36651611328125;-0.03619384765625;;1 A;
3;3784;16.4097639585693;0.364044189453125;-0.0404266357421875;;1 A;
3;3785;16.4124739585625;0.361724853515625;-0.0447052001953125;;1 A;
3;3786;16.4151839585556;0.35919189453125;-0.0487091064453125;;1 A;
3;3787;16.4178939585488;0.356781005859375;-0.052703857421875;;1 A;
3;3788;16.420603958542;0.35430908203125;-0.0567626953125;;1 A;
3;3789;16.4233139585351;0.351898193359375;-0.0611572265625;;1 A;
3;3790;16.4260239585283;0.3494873046875;-0.0654296875;;1 A;
3;3791;16.4287339585214;0.34698486328125;-0.069976806640625;;1 A;
3;3792;16.4314439585146;0.3446044921875;-0.07421875;;1 A;
3;3793;16.4341539585077;0.34210205078125;-0.07855224609375;;1 A;
3;3794;16.4368639585009;0.3397216796875;-0.08258056640625;;1 A;
3;3795;16.4395739584941;0.3372802734375;-0.087158203125;;1 A;
3;3796;16.4422839584872;0.334808349609375;-0.09149169921875;;1 A;
3;3797;16.4449939584804;0.3323974609375;-0.096435546875;;1 A;
3;3798;16.4477039584735;0.329925537109375;-0.10076904296875;;1 A;
3;3799;16.4504139584667;0.327545166015625;-0.105560302734375;;1 A;
3;3800;16.4531239584599;0.325164794921875;-0.109588623046875;;1 A;
3;3801;16.455833958453;0.3226318359375;-0.11444091796875;;1 A;
3;3802;16.4585439584462;0.32025146484375;-0.11883544921875;;1 A;
3;3803;16.4612539584393;0.317779541015625;-0.1241455078125;;1 A;
3;3804;16.4639639584325;0.3153076171875;-0.128448486328125;;1 A;
3;3805;16.4666739584256;0.3128662109375;-0.133392333984375;;1 A;
3;3806;16.4693839584188;0.31048583984375;-0.13739013671875;;1 A;
3;3807;16.472093958412;0.308013916015625;-0.142242431640625;;1 A;
3;3808;16.4748039584051;0.30560302734375;-0.14642333984375;;1 A;
3;3809;16.4775139583983;0.303192138671875;-0.15179443359375;;1 A;
3;3810;16.4802239583914;0.300628662109375;-0.1563720703125;;1 A;
3;3811;16.4829339583846;0.298187255859375;-0.161163330078125;;1 A;
3;3812;16.4856439583778;0.295806884765625;-0.164886474609375;;1 A;
3;3813;16.4883539583709;0.29339599609375;-0.16949462890625;;1 A;
3;3814;16.4910639583641;0.290924072265625;-0.173675537109375;;1 A;
3;3815;16.4937739583572;0.28851318359375;-0.178741455078125;;1 A;
3;3816;16.4964839583504;0.286041259765625;-0.183135986328125;;1 A;
3;3817;16.4991939583435;0.28363037109375;-0.18743896484375;;1 A;
3;3818;16.5019039583367;0.281158447265625;-0.191162109375;;1 A;
3;3819;16.5046139583299;0.278778076171875;-0.195281982421875;;1 A;
3;3820;16.507323958323;0.276336669921875;-0.19915771484375;;1 A;
3;3821;16.5100339583162;0.273895263671875;-0.203643798828125;;1 A;
3;3822;16.5127439583093;0.27142333984375;-0.207733154296875;;1 A;
3;3823;16.5154539583025;0.2689208984375;-0.211517333984375;;1 A;
3;3824;16.5181639582956;0.26654052734375;-0.2149658203125;;1 A;
3;3825;16.5208739582888;0.264190673828125;-0.218353271484375;;1 A;
3;3826;16.523583958282;0.261627197265625;-0.2220458984375;;1 A;
3;3827;16.5262939582751;0.259246826171875;-0.225616455078125;;1 A;
3;3828;16.5290039582683;0.25677490234375;-0.2293701171875;;1 A;
3;3829;16.5317139582614;0.254425048828125;-0.232330322265625;;1 A;
3;3830;16.5344239582546;0.251922607421875;-0.235443115234375;;1 A;
3;3831;16.5371339582478;0.24951171875;-0.238128662109375;;1 A;
3;3832;16.5398439582409;0.247039794921875;-0.241180419921875;;1 A;
3;3833;16.5425539582341;0.24456787109375;-0.24383544921875;;1 A;
3;3834;16.5452639582272;0.242156982421875;-0.246917724609375;;1 A;
3;3835;16.5479739582204;0.239715576171875;-0.249267578125;;1 A;
3;3836;16.5506839582135;0.237213134765625;-0.2518310546875;;1 A;
3;3837;16.5533939582067;0.23486328125;-0.25347900390625;;1 A;
3;3838;16.5561039581999;0.232452392578125;-0.25604248046875;;1 A;
3;3839;16.558813958193;0.229949951171875;-0.257781982421875;;1 A;
3;3840;16.5615239581862;0.227569580078125;-0.260284423828125;;1 A;
3;3841;16.5642339581793;0.22509765625;-0.261810302734375;;1 A;
3;3842;16.5669439581725;0.222625732421875;-0.263702392578125;;1 A;
3;3843;16.5696539581656;0.22021484375;-0.2646484375;;1 A;
3;3844;16.5723639581588;0.2177734375;-0.266357421875;;1 A;
3;3845;16.575073958152;0.21533203125;-0.267364501953125;;1 A;
3;3846;16.5777839581451;0.212860107421875;-0.269012451171875;;1 A;
3;3847;16.5804939581383;0.21051025390625;-0.270050048828125;;1 A;
3;3848;16.5832039581314;0.2080078125;-0.271240234375;;1 A;
3;3849;16.5859139581246;0.20556640625;-0.271331787109375;;1 A;
3;3850;16.5886239581178;0.203155517578125;-0.272216796875;;1 A;
3;3851;16.5913339581109;0.20068359375;-0.272369384765625;;1 A;
3;3852;16.5940439581041;0.198272705078125;-0.273468017578125;;1 A;
3;3853;16.5967539580972;0.195831298828125;-0.273773193359375;;1 A;
3;3854;16.5994639580904;0.193359375;-0.274169921875;;1 A;
3;3855;16.6021739580835;0.19091796875;-0.273773193359375;;1 A;
3;3856;16.6048839580767;0.18853759765625;-0.27374267578125;;1 A;
3;3857;16.6075939580699;0.18603515625;-0.273529052734375;;1 A;
3;3858;16.610303958063;0.18365478515625;-0.273895263671875;;1 A;
3;3859;16.6130139580562;0.18121337890625;-0.273590087890625;;1 A;
3;3860;16.6157239580493;0.178802490234375;-0.273284912109375;;1 A;
3;3861;16.6184339580425;0.176361083984375;-0.2724609375;;1 A;
3;3862;16.6211439580356;0.173828125;-0.27191162109375;;1 A;
3;3863;16.6238539580288;0.171417236328125;-0.271270751953125;;1 A;
3;3864;16.626563958022;0.16900634765625;-0.270965576171875;;1 A;
3;3865;16.6292739580151;0.166595458984375;-0.27032470703125;;1 A;
3;3866;16.6319839580083;0.164093017578125;-0.26934814453125;;1 A;
3;3867;16.6346939580014;0.16168212890625;-0.268280029296875;;1 A;
3;3868;16.6374039579946;0.15924072265625;-0.267242431640625;;1 A;
3;3869;16.6401139579878;0.156829833984375;-0.266143798828125;;1 A;
3;3870;16.6428239579809;0.154327392578125;-0.2652587890625;;1 A;
3;3871;16.6455339579741;0.15191650390625;-0.264251708984375;;1 A;
3;3872;16.6482439579672;0.149444580078125;-0.26287841796875;;1 A;
3;3873;16.6509539579604;0.1470947265625;-0.261566162109375;;1 A;
3;3874;16.6536639579535;0.1446533203125;-0.260101318359375;;1 A;
3;3875;16.6563739579467;0.142181396484375;-0.25885009765625;;1 A;
3;3876;16.6590839579399;0.1397705078125;-0.25750732421875;;1 A;
3;3877;16.661793957933;0.137359619140625;-0.25628662109375;;1 A;
3;3878;16.6645039579262;0.1348876953125;-0.25482177734375;;1 A;
3;3879;16.6672139579193;0.1324462890625;-0.253326416015625;;1 A;
3;3880;16.6699239579125;0.1300048828125;-0.251678466796875;;1 A;
3;3881;16.6726339579056;0.12750244140625;-0.25018310546875;;1 A;
3;3882;16.6753439578988;0.1251220703125;-0.24859619140625;;1 A;
3;3883;16.678053957892;0.122650146484375;-0.2471923828125;;1 A;
3;3884;16.6807639578851;0.120208740234375;-0.245513916015625;;1 A;
3;3885;16.6834739578783;0.117828369140625;-0.243896484375;;1 A;
3;3886;16.6861839578714;0.115386962890625;-0.24212646484375;;1 A;
3;3887;16.6888939578646;0.112884521484375;-0.240570068359375;;1 A;
3;3888;16.6916039578578;0.110504150390625;-0.23870849609375;;1 A;
3;3889;16.6943139578509;0.108062744140625;-0.237152099609375;;1 A;
3;3890;16.6970239578441;0.1055908203125;-0.235382080078125;;1 A;
3;3891;16.6997339578372;0.103179931640625;-0.233917236328125;;1 A;
3;3892;16.7024439578304;0.1007080078125;-0.231964111328125;;1 A;
3;3893;16.7051539578235;0.098297119140625;-0.230377197265625;;1 A;
3;3894;16.7078639578167;0.0958251953125;-0.228546142578125;;1 A;
3;3895;16.7105739578099;0.093475341796875;-0.227081298828125;;1 A;
3;3896;16.713283957803;0.090972900390625;-0.225250244140625;;1 A;
3;3897;16.7159939577962;0.08856201171875;-0.223663330078125;;1 A;
3;3898;16.7187039577893;0.086029052734375;-0.22174072265625;;1 A;
3;3899;16.7214139577825;0.083648681640625;-0.220062255859375;;1 A;
3;3900;16.7241239577756;0.081207275390625;-0.218353271484375;;1 A;
3;3901;16.7268339577688;0.078765869140625;-0.216796875;;1 A;
3;3902;16.729543957762;0.076324462890625;-0.214996337890625;;1 A;
3;3903;16.7322539577551;0.073944091796875;-0.21343994140625;;1 A;
3;3904;16.7349639577483;0.071441650390625;-0.21160888671875;;1 A;
3;3905;16.7376739577414;0.06903076171875;-0.21002197265625;;1 A;
3;3906;16.7403839577346;0.06658935546875;-0.208282470703125;;1 A;
3;3907;16.7430939577278;0.064178466796875;-0.206787109375;;1 A;
3;3908;16.7458039577209;0.061767578125;-0.20526123046875;;1 A;
3;3909;16.7485139577141;0.05926513671875;-0.203582763671875;;1 A;
3;3910;16.7512239577072;0.056793212890625;-0.201904296875;;1 A;
3;3911;16.7539339577004;0.05438232421875;-0.20025634765625;;1 A;
3;3912;16.7566439576935;0.052001953125;-0.19873046875;;1 A;
3;3913;16.7593539576867;0.0494842529296875;-0.197265625;;1 A;
3;3914;16.7620639576799;0.0470672607421875;-0.195709228515625;;1 A;
3;3915;16.764773957673;0.0446075439453125;-0.1942138671875;;1 A;
3;3916;16.7674839576662;0.0421844482421875;-0.192626953125;;1 A;
3;3917;16.7701939576593;0.0397247314453125;-0.191131591796875;;1 A;
3;3918;16.7729039576525;0.037310791015625;-0.189666748046875;;1 A;
3;3919;16.7756139576456;0.034893798828125;-0.188201904296875;;1 A;
3;3920;16.7783239576388;0.032427978515625;-0.186859130859375;;1 A;
3;3921;16.781033957632;0.0299774169921875;-0.18548583984375;;1 A;
3;3922;16.7837439576251;0.0275543212890625;-0.18402099609375;;1 A;
3;3923;16.7864539576183;0.0251190185546875;-0.182647705078125;;1 A;
3;3924;16.7891639576114;0.0226837158203125;-0.181365966796875;;1 A;
3;3925;16.7918739576046;0.0202392578125;-0.17999267578125;;1 A;
3;3926;16.7945839575978;0.0177978515625;-0.178741455078125;;1 A;
3;3927;16.7972939575909;0.01536865234375;-0.1773681640625;;1 A;
3;3928;16.8000039575841;0.012921142578125;-0.176177978515625;;1 A;
3;3929;16.8027139575772;0.01048583984375;-0.174896240234375;;1 A;
3;3930;16.8054239575704;0.00804443359375;-0.17364501953125;;1 A;
3;3931;16.8081339575635;0.0056182861328125;-0.172454833984375;;1 A;
3;3932;16.8108439575567;0.0031890869140625;-0.17132568359375;;1 A;
3;3933;16.8135539575499;0.0007171630859375;-0.170166015625;;1 A;
3;3934;16.816263957543;-0.0017059326171875;-0.169036865234375;;1 A;
3;3935;16.8189739575362;-0.0041351318359375;-0.16778564453125;;1 A;
3;3936;16.8216839575293;-0.0065765380859375;-0.166778564453125;;1 A;
3;3937;16.8243939575225;-0.00899658203125001;-0.165618896484375;;1 A;
3;3938;16.8271039575156;-0.0114593505859375;-0.1646728515625;;1 A;
3;3939;16.8298139575088;-0.0139007568359375;-0.163604736328125;;1 A;
3;3940;16.832523957502;-0.0163177490234375;-0.16259765625;;1 A;
3;3941;16.8352339574951;-0.0187408447265625;-0.161529541015625;;1 A;
3;3942;16.8379439574883;-0.0212005615234375;-0.1605224609375;;1 A;
3;3943;16.8406539574814;-0.0236236572265625;-0.1595458984375;;1 A;
3;3944;16.8433639574746;-0.02608642578125;-0.158599853515625;;1 A;
3;3945;16.8460739574678;-0.0285247802734375;-0.15765380859375;;1 A;
3;3946;16.8487839574609;-0.030926513671875;-0.15673828125;;1 A;
3;3947;16.8514939574541;-0.0333831787109375;-0.155792236328125;;1 A;
3;3948;16.8542039574472;-0.035845947265625;-0.154815673828125;;1 A;
3;3949;16.8569139574404;-0.0382781982421875;-0.153961181640625;;1 A;
3;3950;16.8596239574335;-0.0406982421875;-0.153167724609375;;1 A;
3;3951;16.8623339574267;-0.0431427001953125;-0.152313232421875;;1 A;
3;3952;16.8650439574199;-0.045562744140625;-0.15142822265625;;1 A;
3;3953;16.867753957413;-0.048016357421875;-0.150543212890625;;1 A;
3;3954;16.8704639574062;-0.050445556640625;-0.149749755859375;;1 A;
3;3955;16.8731739573993;-0.052886962890625;-0.148895263671875;;1 A;
3;3956;16.8758839573925;-0.055267333984375;-0.148101806640625;;1 A;
3;3957;16.8785939573856;-0.0577392578125;-0.147308349609375;;1 A;
3;3958;16.8813039573788;-0.0601806640625;-0.146453857421875;;1 A;
3;3959;16.884013957372;-0.06268310546875;-0.145660400390625;;1 A;
3;3960;16.8867239573651;-0.065032958984375;-0.144805908203125;;1 A;
3;3961;16.8894339573583;-0.06744384765625;-0.14404296875;;1 A;
3;3962;16.8921439573514;-0.069976806640625;-0.14324951171875;;1 A;
3;3963;16.8948539573446;-0.0723876953125;-0.142486572265625;;1 A;
3;3964;16.8975639573378;-0.07489013671875;-0.1417236328125;;1 A;
3;3965;16.9002739573309;-0.077239990234375;-0.140899658203125;;1 A;
3;3966;16.9029839573241;-0.079681396484375;-0.14013671875;;1 A;
3;3967;16.9056939573172;-0.08209228515625;-0.13934326171875;;1 A;
3;3968;16.9084039573104;-0.084564208984375;-0.138519287109375;;1 A;
3;3969;16.9111139573035;-0.087005615234375;-0.137786865234375;;1 A;
3;3970;16.9138239572967;-0.0894775390625;-0.136962890625;;1 A;
3;3971;16.9165339572899;-0.091888427734375;-0.136138916015625;;1 A;
3;3972;16.919243957283;-0.0943603515625;-0.1353759765625;;1 A;
3;3973;16.9219539572762;-0.09674072265625;-0.134521484375;;1 A;
3;3974;16.9246639572693;-0.0992431640625;-0.13372802734375;;1 A;
3;3975;16.9273739572625;-0.101654052734375;-0.132965087890625;;1 A;
3;3976;16.9300839572556;-0.10406494140625;-0.132171630859375;;1 A;
3;3977;16.9327939572488;-0.1065673828125;-0.131317138671875;;1 A;
3;3978;16.935503957242;-0.108917236328125;-0.1304931640625;;1 A;
3;3979;16.9382139572351;-0.11138916015625;-0.12969970703125;;1 A;
3;3980;16.9409239572283;-0.11383056640625;-0.128875732421875;;1 A;
3;3981;16.9436339572214;-0.116241455078125;-0.12811279296875;;1 A;
3;3982;16.9463439572146;-0.11871337890625;-0.127288818359375;;1 A;
3;3983;16.9490539572078;-0.12115478515625;-0.126495361328125;;1 A;
3;3984;16.9517639572009;-0.12359619140625;-0.125640869140625;;1 A;
3;3985;16.9544739571941;-0.12603759765625;-0.124847412109375;;1 A;
3;3986;16.9571839571872;-0.12847900390625;-0.124053955078125;;1 A;
3;3987;16.9598939571804;-0.130859375;-0.123291015625;;1 A;
3;3988;16.9626039571735;-0.13330078125;-0.122528076171875;;1 A;
3;3989;16.9653139571667;-0.1357421875;-0.1217041015625;;1 A;
3;3990;16.9680239571599;-0.13824462890625;-0.120880126953125;;1 A;
3;3991;16.970733957153;-0.140625;-0.120086669921875;;1 A;
3;3992;16.9734439571462;-0.143035888671875;-0.119293212890625;;1 A;
3;3993;16.9761539571393;-0.1455078125;-0.118621826171875;;1 A;
3;3994;16.9788639571325;-0.147979736328125;-0.117828369140625;;1 A;
3;3995;16.9815739571256;-0.150360107421875;-0.1170654296875;;1 A;
3;3996;16.9842839571188;-0.15283203125;-0.11627197265625;;1 A;
3;3997;16.986993957112;-0.1552734375;-0.115570068359375;;1 A;
3;3998;16.9897039571051;-0.157684326171875;-0.114776611328125;;1 A;
3;3999;16.9924139570983;-0.160125732421875;-0.114105224609375;;1 A;
3;4000;16.9951239570914;-0.162628173828125;-0.11334228515625;;1 A;
3;4001;16.9978339570846;-0.165008544921875;-0.112640380859375;;1 A;
3;4002;17.0005439570778;-0.16748046875;-0.1119384765625;;1 A;
3;4003;17.0032539570709;-0.169830322265625;-0.11126708984375;;1 A;
3;4004;17.0059639570641;-0.17230224609375;-0.110565185546875;;1 A;
3;4005;17.0086739570572;-0.1748046875;-0.109893798828125;;1 A;
3;4006;17.0113839570504;-0.17718505859375;-0.1092529296875;;1 A;
3;4007;17.0140939570435;-0.17962646484375;-0.108612060546875;;1 A;
3;4008;17.0168039570367;-0.182098388671875;-0.107940673828125;;1 A;
3;4009;17.0195139570299;-0.1845703125;-0.1072998046875;;1 A;
3;4010;17.022223957023;-0.18695068359375;-0.10662841796875;;1 A;
3;4011;17.0249339570162;-0.189361572265625;-0.10601806640625;;1 A;
3;4012;17.0276439570093;-0.19183349609375;-0.105377197265625;;1 A;
3;4013;17.0303539570025;-0.194305419921875;-0.104705810546875;;1 A;
3;4014;17.0330639569956;-0.19671630859375;-0.1041259765625;;1 A;
3;4015;17.0357739569888;-0.19915771484375;-0.103546142578125;;1 A;
3;4016;17.038483956982;-0.20159912109375;-0.102935791015625;;1 A;
3;4017;17.0411939569751;-0.204010009765625;-0.102325439453125;;1 A;
3;4018;17.0439039569683;-0.2064208984375;-0.101776123046875;;1 A;
3;4019;17.0466139569614;-0.208892822265625;-0.1011962890625;;1 A;
3;4020;17.0493239569546;-0.21136474609375;-0.100677490234375;;1 A;
3;4021;17.0520339569478;-0.213775634765625;-0.100067138671875;;1 A;
3;4022;17.0547439569409;-0.216217041015625;-0.09954833984375;;1 A;
3;4023;17.0574539569341;-0.218597412109375;-0.098968505859375;;1 A;
3;4024;17.0601639569272;-0.221099853515625;-0.098480224609375;;1 A;
3;4025;17.0628739569204;-0.223541259765625;-0.09796142578125;;1 A;
3;4026;17.0655839569135;-0.225982666015625;-0.097442626953125;;1 A;
3;4027;17.0682939569067;-0.2283935546875;-0.096893310546875;;1 A;
3;4028;17.0710039568999;-0.230865478515625;-0.096405029296875;;1 A;
3;4029;17.073713956893;-0.2332763671875;-0.09588623046875;;1 A;
3;4030;17.0764239568862;-0.2357177734375;-0.09539794921875;;1 A;
3;4031;17.0791339568793;-0.2381591796875;-0.09490966796875;;1 A;
3;4032;17.0818439568725;-0.24066162109375;-0.09442138671875;;1 A;
3;4033;17.0845539568656;-0.243072509765625;-0.09393310546875;;1 A;
3;4034;17.0872639568588;-0.245513916015625;-0.09344482421875;;1 A;
3;4035;17.089973956852;-0.2479248046875;-0.09295654296875;;1 A;
3;4036;17.0926839568451;-0.2503662109375;-0.09259033203125;;1 A;
3;4037;17.0953939568383;-0.252777099609375;-0.092071533203125;;1 A;
3;4038;17.0981039568314;-0.255279541015625;-0.091644287109375;;1 A;
3;4039;17.1008139568246;-0.257720947265625;-0.0911865234375;;1 A;
3;4040;17.1035239568178;-0.26007080078125;-0.090789794921875;;1 A;
3;4041;17.1062339568109;-0.2625732421875;-0.09039306640625;;1 A;
3;4042;17.1089439568041;-0.264984130859375;-0.08990478515625;;1 A;
3;4043;17.1116539567972;-0.2674560546875;-0.0894775390625;;1 A;
3;4044;17.1143639567904;-0.269866943359375;-0.089111328125;;1 A;
3;4045;17.1170739567835;-0.272247314453125;-0.0887451171875;;1 A;
3;4046;17.1197839567767;-0.274658203125;-0.08837890625;;1 A;
3;4047;17.1224939567699;-0.277191162109375;-0.087921142578125;;1 A;
3;4048;17.125203956763;-0.279632568359375;-0.0875244140625;;1 A;
3;4049;17.1279139567562;-0.282073974609375;-0.087158203125;;1 A;
3;4050;17.1306239567493;-0.284423828125;-0.0867919921875;;1 A;
3;4051;17.1333339567425;-0.28692626953125;-0.08642578125;;1 A;
3;4052;17.1360439567356;-0.289337158203125;-0.0860595703125;;1 A;
3;4053;17.1387539567288;-0.29180908203125;-0.085693359375;;1 A;
3;4054;17.141463956722;-0.29425048828125;-0.085357666015625;;1 A;
3;4055;17.1441739567151;-0.296661376953125;-0.0849609375;;1 A;
3;4056;17.1468839567083;-0.299072265625;-0.084625244140625;;1 A;
3;4057;17.1495939567014;-0.301513671875;-0.08428955078125;;1 A;
3;4058;17.1523039566946;-0.303985595703125;-0.083892822265625;;1 A;
3;4059;17.1550139566878;-0.306427001953125;-0.083587646484375;;1 A;
3;4060;17.1577239566809;-0.308868408203125;-0.083221435546875;;1 A;
3;4061;17.1604339566741;-0.311309814453125;-0.082977294921875;;1 A;
3;4062;17.1631439566672;-0.313690185546875;-0.082611083984375;;1 A;
3;4063;17.1658539566604;-0.316162109375;-0.082305908203125;;1 A;
3;4064;17.1685639566535;-0.318572998046875;-0.081939697265625;;1 A;
3;4065;17.1712739566467;-0.321044921875;-0.0816650390625;;1 A;
3;4066;17.1739839566399;-0.323516845703125;-0.081329345703125;;1 A;
3;4067;17.176693956633;-0.325927734375;-0.081085205078125;;1 A;
3;4068;17.1794039566262;-0.328338623046875;-0.08074951171875;;1 A;
3;4069;17.1821139566193;-0.330841064453125;-0.080474853515625;;1 A;
3;4070;17.1848239566125;-0.333251953125;-0.080169677734375;;1 A;
3;4071;17.1875339566056;-0.335693359375;-0.079833984375;;1 A;
3;4072;17.1902439565988;-0.33807373046875;-0.07952880859375;;1 A;
3;4073;17.192953956592;-0.340545654296875;-0.07928466796875;;1 A;
3;4074;17.1956639565851;-0.343017578125;-0.079071044921875;;1 A;
3;4075;17.1983739565783;-0.345428466796875;-0.0787353515625;;1 A;
3;4076;17.2010839565714;-0.34796142578125;-0.07843017578125;;1 A;
3;4077;17.2037939565646;-0.350311279296875;-0.078155517578125;;1 A;
3;4078;17.2065039565578;-0.352691650390625;-0.07794189453125;;1 A;
3;4079;17.2092139565509;-0.355224609375;-0.07769775390625;;1 A;
3;4080;17.2119239565441;-0.357635498046875;-0.07745361328125;;1 A;
3;4081;17.2146339565372;-0.360015869140625;-0.07720947265625;;1 A;
3;4082;17.2173439565304;-0.36248779296875;-0.076934814453125;;1 A;
3;4083;17.2200539565235;-0.364898681640625;-0.076690673828125;;1 A;
3;4084;17.2227639565167;-0.36737060546875;-0.076507568359375;;1 A;
3;4085;17.2254739565099;-0.36981201171875;-0.07623291015625;;1 A;
3;4086;17.228183956503;-0.37225341796875;-0.075927734375;;1 A;
3;4087;17.2308939564962;-0.3746337890625;-0.07574462890625;;1 A;
3;4088;17.2336039564893;-0.37713623046875;-0.0755615234375;;1 A;
3;4089;17.2363139564825;-0.3795166015625;-0.07525634765625;;1 A;
3;4090;17.2390239564756;-0.381988525390625;-0.075042724609375;;1 A;
3;4091;17.2417339564688;-0.3843994140625;-0.0748291015625;;1 A;
3;4092;17.244443956462;-0.38690185546875;-0.0745849609375;;1 A;
3;4093;17.2471539564551;-0.3892822265625;-0.07440185546875;;1 A;
3;4094;17.2498639564483;-0.3917236328125;-0.074249267578125;;1 A;
3;4095;17.2525739564414;-0.3941650390625;-0.073974609375;;1 A;
3;4096;17.2552839564346;-0.3966064453125;-0.073760986328125;;1 A;
3;4097;17.2579939564278;-0.3990478515625;-0.0736083984375;;1 A;
3;4098;17.2607039564209;-0.4014892578125;-0.0733642578125;;1 A;
3;4099;17.2634139564141;-0.4039306640625;-0.07318115234375;;1 A;
3;4100;17.2661239564072;-0.4063720703125;-0.072998046875;;1 A;
3;4101;17.2688339564004;-0.4088134765625;-0.072845458984375;;1 A;
3;4102;17.2715439563935;-0.411224365234375;-0.072662353515625;;1 A;
3;4103;17.2742539563867;-0.4136962890625;-0.072509765625;;1 A;
3;4104;17.2769639563799;-0.416168212890625;-0.07232666015625;;1 A;
3;4105;17.279673956373;-0.418609619140625;-0.0721435546875;;1 A;
3;4106;17.2823839563662;-0.420989990234375;-0.071990966796875;;1 A;
3;4107;17.2850939563593;-0.4234619140625;-0.071746826171875;;1 A;
3;4108;17.2878039563525;-0.42584228515625;-0.0716552734375;;1 A;
3;4109;17.2905139563456;-0.428253173828125;-0.07147216796875;;1 A;
3;4110;17.2932239563388;-0.430694580078125;-0.0714111328125;;1 A;
3;4111;17.295933956332;-0.43316650390625;-0.071197509765625;;1 A;
3;4112;17.2986439563251;-0.435638427734375;-0.071044921875;;1 A;
3;4113;17.3013539563183;-0.43804931640625;-0.070831298828125;;1 A;
3;4114;17.3040639563114;-0.44049072265625;-0.07073974609375;;1 A;
3;4115;17.3067739563046;-0.442901611328125;-0.07061767578125;;1 A;
3;4116;17.3094839562978;-0.445404052734375;-0.07049560546875;;1 A;
3;4117;17.3121939562909;-0.447784423828125;-0.070404052734375;;1 A;
3;4118;17.3149039562841;-0.450286865234375;-0.070159912109375;;1 A;
3;4119;17.3176139562772;-0.4527587890625;-0.07012939453125;;1 A;
3;4120;17.3203239562704;-0.455108642578125;-0.0699462890625;;1 A;
3;4121;17.3230339562635;-0.457550048828125;-0.069854736328125;;1 A;
3;4122;17.3257439562567;-0.460052490234375;-0.06982421875;;1 A;
3;4123;17.3284539562499;-0.462432861328125;-0.069732666015625;;1 A;
3;4124;17.331163956243;-0.464813232421875;-0.069549560546875;;1 A;
3;4125;17.3338739562362;-0.467254638671875;-0.069488525390625;;1 A;
3;4126;17.3365839562293;-0.469757080078125;-0.069427490234375;;1 A;
3;4127;17.3392939562225;-0.47222900390625;-0.06927490234375;;1 A;
3;4128;17.3420039562156;-0.474578857421875;-0.0692138671875;;1 A;
3;4129;17.3447139562088;-0.477020263671875;-0.069183349609375;;1 A;
3;4130;17.347423956202;-0.479522705078125;-0.069183349609375;;1 A;
3;4131;17.3501339561951;-0.48199462890625;-0.069000244140625;;1 A;
3;4132;17.3528439561883;-0.484344482421875;-0.06890869140625;;1 A;
3;4133;17.3555539561814;-0.48681640625;-0.06890869140625;;1 A;
3;4134;17.3582639561746;-0.4892578125;-0.068817138671875;;1 A;
3;4135;17.3609739561678;-0.491668701171875;-0.06884765625;;1 A;
3;4136;17.3636839561609;-0.49407958984375;-0.068756103515625;;1 A;
3;4137;17.3663939561541;-0.496551513671875;-0.068695068359375;;1 A;
3;4138;17.3691039561472;-0.4990234375;-0.068634033203125;;1 A;
3;4139;17.3718139561404;-0.501434326171875;-0.068634033203125;;1 A;
3;4140;17.3745239561335;-0.503814697265625;-0.068634033203125;;1 A;
3;4141;17.3772339561267;-0.506317138671875;-0.068603515625;;1 A;
3;4142;17.3799439561199;-0.5087890625;-0.06854248046875;;1 A;
3;4143;17.382653956113;-0.511199951171875;-0.068450927734375;;1 A;
3;4144;17.3853639561062;-0.513641357421875;-0.068450927734375;;1 A;
3;4145;17.3880739560993;-0.516082763671875;-0.068511962890625;;1 A;
3;4146;17.3907839560925;-0.51849365234375;-0.06854248046875;;1 A;
3;4147;17.3934939560856;-0.5208740234375;-0.068603515625;;1 A;
3;4148;17.3962039560788;-0.52337646484375;-0.068603515625;;1 A;
3;4149;17.398913956072;-0.525787353515625;-0.068603515625;;1 A;
3;4150;17.4016239560651;-0.52825927734375;-0.068634033203125;;1 A;
3;4151;17.4043339560583;-0.53070068359375;-0.068603515625;;1 A;
3;4152;17.4070439560514;-0.533111572265625;-0.06866455078125;;1 A;
3;4153;17.4097539560446;-0.535614013671875;-0.068817138671875;;1 A;
3;4154;17.4124639560378;-0.53802490234375;-0.06890869140625;;1 A;
3;4155;17.4151739560309;-0.54046630859375;-0.0689697265625;;1 A;
3;4156;17.4178839560241;-0.542877197265625;-0.0689697265625;;1 A;
3;4157;17.4205939560172;-0.54534912109375;-0.069061279296875;;1 A;
3;4158;17.4233039560104;-0.547760009765625;-0.06915283203125;;1 A;
3;4159;17.4260139560035;-0.5501708984375;-0.0693359375;;1 A;
3;4160;17.4287239559967;-0.55267333984375;-0.069488525390625;;1 A;
3;4161;17.4314339559899;-0.5550537109375;-0.06964111328125;;1 A;
3;4162;17.434143955983;-0.557525634765625;-0.0697021484375;;1 A;
3;4163;17.4368539559762;-0.55987548828125;-0.0699462890625;;1 A;
3;4164;17.4395639559693;-0.56231689453125;-0.07012939453125;;1 A;
3;4165;17.4422739559625;-0.5648193359375;-0.07025146484375;;1 A;
3;4166;17.4449839559556;-0.567291259765625;-0.070556640625;;1 A;
3;4167;17.4476939559488;-0.569671630859375;-0.0706787109375;;1 A;
3;4168;17.450403955942;-0.572174072265625;-0.07098388671875;;1 A;
3;4169;17.4531139559351;-0.574615478515625;-0.071075439453125;;1 A;
3;4170;17.4558239559283;-0.57696533203125;-0.071380615234375;;1 A;
3;4171;17.4585339559214;-0.579437255859375;-0.071685791015625;;1 A;
3;4172;17.4612439559146;-0.5819091796875;-0.072021484375;;1 A;
3;4173;17.4639539559078;-0.5843505859375;-0.072235107421875;;1 A;
3;4174;17.4666639559009;-0.5867919921875;-0.072509765625;;1 A;
3;4175;17.4693739558941;-0.589202880859375;-0.07281494140625;;1 A;
3;4176;17.4720839558872;-0.59161376953125;-0.07305908203125;;1 A;
3;4177;17.4747939558804;-0.5941162109375;-0.0733642578125;;1 A;
3;4178;17.4775039558735;-0.59649658203125;-0.073822021484375;;1 A;
3;4179;17.4802139558667;-0.599029541015625;-0.07403564453125;;1 A;
3;4180;17.4829239558599;-0.6014404296875;-0.074493408203125;;1 A;
3;4181;17.485633955853;-0.603851318359375;-0.07476806640625;;1 A;
3;4182;17.4883439558462;-0.60626220703125;-0.0751953125;;1 A;
3;4183;17.4910539558393;-0.60870361328125;-0.075408935546875;;1 A;
3;4184;17.4937639558325;-0.611083984375;-0.075897216796875;;1 A;
3;4185;17.4964739558256;-0.613555908203125;-0.076202392578125;;1 A;
3;4186;17.4991839558188;-0.616058349609375;-0.07659912109375;;1 A;
3;4187;17.501893955812;-0.618438720703125;-0.076751708984375;;1 A;
3;4188;17.5046039558051;-0.62091064453125;-0.0771484375;;1 A;
3;4189;17.5073139557983;-0.62335205078125;-0.077362060546875;;1 A;
3;4190;17.5100239557914;-0.625762939453125;-0.07781982421875;;1 A;
3;4191;17.5127339557846;-0.628204345703125;-0.078094482421875;;1 A;
3;4192;17.5154439557778;-0.63067626953125;-0.078369140625;;1 A;
3;4193;17.5181539557709;-0.633087158203125;-0.078369140625;;1 A;
3;4194;17.5208639557641;-0.635467529296875;-0.07855224609375;;1 A;
3;4195;17.5235739557572;-0.637939453125;-0.078765869140625;;1 A;
3;4196;17.5262839557504;-0.640380859375;-0.07916259765625;;1 A;
3;4197;17.5289939557435;-0.642791748046875;-0.07940673828125;;1 A;
3;4198;17.5317039557367;-0.645233154296875;-0.079559326171875;;1 A;
3;4199;17.5344139557299;-0.647705078125;-0.07965087890625;;1 A;
3;4200;17.537123955723;-0.650115966796875;-0.0797119140625;;1 A;
3;4201;17.5398339557162;-0.652557373046875;-0.079803466796875;;1 A;
3;4202;17.5425439557093;-0.655059814453125;-0.080078125;;1 A;
3;4203;17.5452539557025;-0.657440185546875;-0.08026123046875;;1 A;
3;4204;17.5479639556956;-0.659912109375;-0.080352783203125;;1 A;
3;4205;17.5506739556888;-0.662353515625;-0.080474853515625;;1 A;
3;4206;17.553383955682;-0.664764404296875;-0.08050537109375;;1 A;
3;4207;17.5560939556751;-0.667266845703125;-0.08056640625;;1 A;
3;4208;17.5588039556683;-0.66961669921875;-0.080810546875;;1 A;
3;4209;17.5615139556614;-0.672119140625;-0.081024169921875;;1 A;
3;4210;17.5642239556546;-0.674468994140625;-0.081146240234375;;1 A;
3;4211;17.5669339556478;-0.67694091796875;-0.08123779296875;;1 A;
3;4212;17.5696439556409;-0.679412841796875;-0.0811767578125;;1 A;
3;4213;17.5723539556341;-0.681854248046875;-0.0814208984375;;1 A;
3;4214;17.5750639556272;-0.684234619140625;-0.0816650390625;;1 A;
3;4215;17.5777739556204;-0.686676025390625;-0.082000732421875;;1 A;
3;4216;17.5804839556135;-0.6890869140625;-0.0821533203125;;1 A;
3;4217;17.5831939556067;-0.691619873046875;-0.08258056640625;;1 A;
3;4218;17.5859039555999;-0.69403076171875;-0.08282470703125;;1 A;
3;4219;17.588613955593;-0.696441650390625;-0.083251953125;;1 A;
3;4220;17.5913239555862;-0.698944091796875;-0.08355712890625;;1 A;
3;4221;17.5940339555793;-0.701385498046875;-0.084320068359375;;1 A;
3;4222;17.5967439555725;-0.703765869140625;-0.08477783203125;;1 A;
3;4223;17.5994539555657;-0.70623779296875;-0.08551025390625;;1 A;
3;4224;17.6021639555588;-0.708648681640625;-0.08599853515625;;1 A;
3;4225;17.604873955552;-0.71112060546875;-0.086761474609375;;1 A;
3;4226;17.6075839555451;-0.713531494140625;-0.08740234375;;1 A;
3;4227;17.6102939555383;-0.715850830078125;-0.088592529296875;;1 A;
3;4228;17.6130039555314;-0.7183837890625;-0.0894775390625;;1 A;
3;4229;17.6157139555246;-0.720855712890625;-0.090789794921875;;1 A;
3;4230;17.6184239555178;-0.723236083984375;-0.091644287109375;;1 A;
3;4231;17.6211339555109;-0.7257080078125;-0.092926025390625;;1 A;
3;4232;17.6238439555041;-0.728118896484375;-0.094329833984375;;1 A;
3;4233;17.6265539554972;-0.730560302734375;-0.096221923828125;;1 A;
3;4234;17.6292639554904;-0.73297119140625;-0.097991943359375;;1 A;
3;4235;17.6319739554835;-0.735443115234375;-0.09991455078125;;1 A;
3;4236;17.6346839554767;-0.737884521484375;-0.1015625;;1 A;
3;4237;17.6373939554699;-0.74029541015625;-0.10357666015625;;1 A;
3;4238;17.640103955463;-0.74273681640625;-0.105865478515625;;1 A;
3;4239;17.6428139554562;-0.74517822265625;-0.10858154296875;;1 A;
3;4240;17.6455239554493;-0.7476806640625;-0.11138916015625;;1 A;
3;4241;17.6482339554425;-0.75006103515625;-0.114288330078125;;1 A;
3;4242;17.6509439554357;-0.75225830078125;-0.117340087890625;;1 A;
3;4243;17.6536539554288;-0.75469970703125;-0.12066650390625;;1 A;
3;4244;17.656363955422;-0.75714111328125;-0.124664306640625;;1 A;
3;4245;17.6590739554151;-0.75958251953125;-0.128936767578125;;1 A;
3;4246;17.6617839554083;-0.76202392578125;-0.13433837890625;;1 A;
3;4247;17.6644939554014;-0.76446533203125;-0.14044189453125;;1 A;
3;4248;17.6672039553946;-0.76690673828125;-0.1483154296875;;1 A;
3;4249;17.6699139553878;-0.7696533203125;-0.158843994140625;;1 A;
3;4250;17.6726239553809;-0.771484375;-0.177398681640625;;1 A;
3;4251;17.6753339553741;-0.77392578125;-0.221527099609375;;1 A;
3;4252;17.6780439553672;-0.77545166015625;-0.32647705078125;;1 A;
3;4253;17.6807539553604;-0.77850341796875;-0.4888916015625;;1 A;
3;4254;17.6834639553535;-0.7806396484375;-0.662841796875;;1 A;
3;4255;17.6861739553467;-0.78338623046875;-0.80841064453125;;1 A;
3;4256;17.6888839553399;-0.7861328125;-0.92498779296875;;1 A;
3;4257;17.691593955333;-0.78857421875;-1.01806640625;;1 A;
3;4258;17.6943039553262;-0.79071044921875;-1.09283447265625;;1 A;
3;4259;17.6970139553193;-0.79345703125;-1.1529541015625;;1 A;
3;4260;17.6997239553125;-0.7952880859375;-1.2005615234375;;1 A;
3;4261;17.7024339553057;-0.79864501953125;-1.2371826171875;;1 A;
3;4262;17.7051439552988;-0.80047607421875;-1.2652587890625;;1 A;
3;4263;17.707853955292;-0.80352783203125;-1.28662109375;;1 A;
3;4264;17.7105639552851;-0.8062744140625;-1.302490234375;;1 A;
3;4265;17.7132739552783;-0.80841064453125;-1.3128662109375;;1 A;
3;4266;17.7159839552714;-0.8111572265625;-1.318359375;;1 A;
3;4267;17.7186939552646;-0.81268310546875;-1.3189697265625;;1 A;
3;4268;17.7214039552578;-0.81573486328125;-1.31622314453125;;1 A;
3;4269;17.7241139552509;-0.81878662109375;-1.3104248046875;;1 A;
3;4270;17.7268239552441;-0.8209228515625;-1.30279541015625;;1 A;
3;4271;17.7295339552372;-0.8233642578125;-1.29302978515625;;1 A;
3;4272;17.7322439552304;-0.8258056640625;-1.2811279296875;;1 A;
3;4273;17.7349539552235;-0.828857421875;-1.26708984375;;1 A;
3;4274;17.7376639552167;-0.8306884765625;-1.2518310546875;;1 A;
3;4275;17.7403739552099;-0.8331298828125;-1.236572265625;;1 A;
3;4276;17.743083955203;-0.83526611328125;-1.22039794921875;;1 A;
3;4277;17.7457939551962;-0.83770751953125;-1.2042236328125;;1 A;
3;4278;17.7485039551893;-0.8404541015625;-1.18743896484375;;1 A;
3;4279;17.7512139551825;-0.8428955078125;-1.1700439453125;;1 A;
3;4280;17.7539239551757;-0.84503173828125;-1.15234375;;1 A;
3;4281;17.7566339551688;-0.8477783203125;-1.13525390625;;1 A;
3;4282;17.759343955162;-0.84991455078125;-1.11846923828125;;1 A;
3;4283;17.7620539551551;-0.8526611328125;-1.10198974609375;;1 A;
3;4284;17.7647639551483;-0.85479736328125;-1.0858154296875;;1 A;
3;4285;17.7674739551414;-0.8575439453125;-1.0693359375;;1 A;
3;4286;17.7701839551346;-0.85968017578125;-1.0528564453125;;1 A;
3;4287;17.7728939551278;-0.86212158203125;-1.03790283203125;;1 A;
3;4288;17.7756039551209;-0.8648681640625;-1.02264404296875;;1 A;
3;4289;17.7783139551141;-0.86700439453125;-1.00830078125;;1 A;
3;4290;17.7810239551072;-0.86944580078125;-0.99365234375;;1 A;
3;4291;17.7837339551004;-0.87158203125;-0.97991943359375;;1 A;
3;4292;17.7864439550935;-0.8746337890625;-0.96588134765625;;1 A;
3;4293;17.7891539550867;-0.8770751953125;-0.9527587890625;;1 A;
3;4294;17.7918639550799;-0.87890625;-0.93994140625;;1 A;
3;4295;17.794573955073;-0.88165283203125;-0.92742919921875;;1 A;
3;4296;17.7972839550662;-0.8843994140625;-0.91552734375;;1 A;
3;4297;17.7999939550593;-0.88714599609375;-0.90362548828125;;1 A;
3;4298;17.8027039550525;-0.888671875;-0.89202880859375;;1 A;
3;4299;17.8054139550457;-0.89141845703125;-0.88104248046875;;1 A;
3;4300;17.8081239550388;-0.89324951171875;-0.87005615234375;;1 A;
3;4301;17.810833955032;-0.89599609375;-0.8599853515625;;1 A;
3;4302;17.8135439550251;-0.89874267578125;-0.84991455078125;;1 A;
3;4303;17.8162539550183;-0.90118408203125;-0.84014892578125;;1 A;
3;4304;17.8189639550114;-0.904541015625;-0.83038330078125;;1 A;
3;4305;17.8216739550046;-0.90606689453125;-0.8209228515625;;1 A;
3;4306;17.8243839549978;-0.90850830078125;-0.811767578125;;1 A;
3;4307;17.8270939549909;-0.91064453125;-0.80322265625;;1 A;
3;4308;17.8298039549841;-0.91339111328125;-0.794677734375;;1 A;
3;4309;17.8325139549772;-0.9161376953125;-0.78643798828125;;1 A;
3;4310;17.8352239549704;-0.91827392578125;-0.7781982421875;;1 A;
3;4311;17.8379339549635;-0.92071533203125;-0.77056884765625;;1 A;
3;4312;17.8406439549567;-0.92315673828125;-0.76263427734375;;1 A;
3;4313;17.8433539549499;-0.92559814453125;-0.75531005859375;;1 A;
3;4314;17.846063954943;-0.9283447265625;-0.74798583984375;;1 A;
3;4315;17.8487739549362;-0.93048095703125;-0.74066162109375;;1 A;
3;4316;17.8514839549293;-0.93292236328125;-0.733642578125;;1 A;
3;4317;17.8541939549225;-0.93536376953125;-0.7269287109375;;1 A;
3;4318;17.8569039549157;-0.93719482421875;-0.72021484375;;1 A;
3;4319;17.8596139549088;-0.93994140625;-0.714111328125;;1 A;
3;4320;17.862323954902;-0.9429931640625;-0.70770263671875;;1 A;
3;4321;17.8650339548951;-0.94512939453125;-0.70159912109375;;1 A;
3;4322;17.8677439548883;-0.94818115234375;-0.69549560546875;;1 A;
3;4323;17.8704539548814;-0.95001220703125;-0.689697265625;;1 A;
3;4324;17.8731639548746;-0.95245361328125;-0.68389892578125;;1 A;
3;4325;17.8758739548678;-0.95550537109375;-0.67840576171875;;1 A;
3;4326;17.8785839548609;-0.95703125;-0.67291259765625;;1 A;
3;4327;17.8812939548541;-0.95977783203125;-0.66741943359375;;1 A;
3;4328;17.8840039548472;-0.9619140625;-0.6622314453125;;1 A;
3;4329;17.8867139548404;-0.9649658203125;-0.65704345703125;;1 A;
3;4330;17.8894239548335;-0.96710205078125;-0.65216064453125;;1 A;
3;4331;17.8921339548267;-0.96954345703125;-0.64727783203125;;1 A;
3;4332;17.8948439548199;-0.9722900390625;-0.64239501953125;;1 A;
3;4333;17.897553954813;-0.97412109375;-0.63751220703125;;1 A;
3;4334;17.9002639548062;-0.9765625;-0.63323974609375;;1 A;
3;4335;17.9029739547993;-0.9796142578125;-0.62835693359375;;1 A;
3;4336;17.9056839547925;-0.98175048828125;-0.62408447265625;;1 A;
3;4337;17.9083939547857;-0.98419189453125;-0.61981201171875;;1 A;
3;4338;17.9111039547788;-0.98602294921875;-0.61553955078125;;1 A;
3;4339;17.913813954772;-0.9893798828125;-0.61126708984375;;1 A;
3;4340;17.9165239547651;-0.99151611328125;-0.6072998046875;;1 A;
3;4341;17.9192339547583;-0.99365234375;-0.60333251953125;;1 A;
3;4342;17.9219439547514;-0.99639892578125;-0.599365234375;;1 A;
3;4343;17.9246539547446;-0.99884033203125;-0.595703125;;1 A;
3;4344;17.9273639547378;-1.00128173828125;-0.59173583984375;;1 A;
3;4345;17.9300739547309;-1.0040283203125;-0.58807373046875;;1 A;
3;4346;17.9327839547241;-1.00616455078125;-0.58441162109375;;1 A;
3;4347;17.9354939547172;-1.00830078125;-0.58074951171875;;1 A;
3;4348;17.9382039547104;-1.01165771484375;-0.577392578125;;1 A;
3;4349;17.9409139547035;-1.01318359375;-0.57403564453125;;1 A;
3;4350;17.9436239546967;-1.0162353515625;-0.57037353515625;;1 A;
3;4351;17.9463339546899;-1.01806640625;-0.56732177734375;;1 A;
3;4352;17.949043954683;-1.02020263671875;-0.56396484375;;1 A;
3;4353;17.9517539546762;-1.02325439453125;-0.56060791015625;;1 A;
3;4354;17.9544639546693;-1.025390625;-0.55755615234375;;1 A;
3;4355;17.9571739546625;-1.0284423828125;-0.55450439453125;;1 A;
3;4356;17.9598839546557;-1.03057861328125;-0.55145263671875;;1 A;
3;4357;17.9625939546488;-1.0333251953125;-0.54840087890625;;1 A;
3;4358;17.965303954642;-1.03485107421875;-0.545654296875;;1 A;
3;4359;17.9680139546351;-1.03759765625;-0.54290771484375;;1 A;
3;4360;17.9707239546283;-1.03973388671875;-0.53985595703125;;1 A;
3;4361;17.9734339546214;-1.04217529296875;-0.537109375;;1 A;
3;4362;17.9761439546146;-1.044921875;-0.53436279296875;;1 A;
3;4363;17.9788539546078;-1.04736328125;-0.53192138671875;;1 A;
3;4364;17.9815639546009;-1.0504150390625;-0.5291748046875;;1 A;
3;4365;17.9842739545941;-1.05224609375;-0.52642822265625;;1 A;
3;4366;17.9869839545872;-1.05499267578125;-0.52398681640625;;1 A;
3;4367;17.9896939545804;-1.05712890625;-0.521240234375;;1 A;
3;4368;17.9924039545735;-1.06048583984375;-0.51910400390625;;1 A;
3;4369;17.9951139545667;-1.06231689453125;-0.51666259765625;;1 A;
3;4370;17.9978239545599;-1.06475830078125;-0.51422119140625;;1 A;
3;4371;18.000533954553;-1.0675048828125;-0.5120849609375;;1 A;
3;4372;18.0032439545462;-1.06964111328125;-0.5096435546875;;1 A;
3;4373;18.0059539545393;-1.07208251953125;-0.5072021484375;;1 A;
3;4374;18.0086639545325;-1.07452392578125;-0.50537109375;;1 A;
3;4375;18.0113739545257;-1.07666015625;-0.5029296875;;1 A;
3;4376;18.0140839545188;-1.0797119140625;-0.50079345703125;;1 A;
3;4377;18.016793954512;-1.08154296875;-0.498687744140625;;1 A;
3;4378;18.0195039545051;-1.083984375;-0.49664306640625;;1 A;
3;4379;18.0222139544983;-1.08734130859375;-0.494659423828125;;1 A;
3;4380;18.0249239544914;-1.08917236328125;-0.49261474609375;;1 A;
3;4381;18.0276339544846;-1.09130859375;-0.490631103515625;;1 A;
3;4382;18.0303439544778;-1.09405517578125;-0.4886474609375;;1 A;
3;4383;18.0330539544709;-1.09649658203125;-0.48675537109375;;1 A;
3;4384;18.0357639544641;-1.09893798828125;-0.484832763671875;;1 A;
3;4385;18.0384739544572;-1.10107421875;-0.4830322265625;;1 A;
3;4386;18.0411839544504;-1.103515625;-0.481231689453125;;1 A;
3;4387;18.0438939544435;-1.10595703125;-0.4793701171875;;1 A;
3;4388;18.0466039544367;-1.10809326171875;-0.477508544921875;;1 A;
3;4389;18.0493139544299;-1.11083984375;-0.47589111328125;;1 A;
3;4390;18.052023954423;-1.11328125;-0.474090576171875;;1 A;
3;4391;18.0547339544162;-1.11541748046875;-0.472442626953125;;1 A;
3;4392;18.0574439544093;-1.11785888671875;-0.47076416015625;;1 A;
3;4393;18.0601539544025;-1.12091064453125;-0.469207763671875;;1 A;
3;4394;18.0628639543957;-1.12335205078125;-0.467529296875;;1 A;
3;4395;18.0655739543888;-1.12548828125;-0.4659423828125;;1 A;
3;4396;18.068283954382;-1.1279296875;-0.464324951171875;;1 A;
3;4397;18.0709939543751;-1.13006591796875;-0.46282958984375;;1 A;
3;4398;18.0737039543683;-1.13250732421875;-0.461334228515625;;1 A;
3;4399;18.0764139543614;-1.13525390625;-0.459747314453125;;1 A;
3;4400;18.0791239543546;-1.1376953125;-0.458251953125;;1 A;
3;4401;18.0818339543478;-1.1395263671875;-0.45684814453125;;1 A;
3;4402;18.0845439543409;-1.14288330078125;-0.45538330078125;;1 A;
3;4403;18.0872539543341;-1.14471435546875;-0.45391845703125;;1 A;
3;4404;18.0899639543272;-1.1474609375;-0.452484130859375;;1 A;
3;4405;18.0926739543204;-1.15020751953125;-0.451202392578125;;1 A;
3;4406;18.0953839543135;-1.1529541015625;-0.44976806640625;;1 A;
3;4407;18.0980939543067;-1.15478515625;-0.44842529296875;;1 A;
3;4408;18.1008039542999;-1.1572265625;-0.447174072265625;;1 A;
3;4409;18.103513954293;-1.15966796875;-0.44580078125;;1 A;
3;4410;18.1062239542862;-1.16241455078125;-0.444549560546875;;1 A;
3;4411;18.1089339542793;-1.1639404296875;-0.443267822265625;;1 A;
3;4412;18.1116439542725;-1.1676025390625;-0.44195556640625;;1 A;
3;4413;18.1143539542657;-1.16973876953125;-0.44073486328125;;1 A;
3;4414;18.1170639542588;-1.17156982421875;-0.43939208984375;;1 A;
3;4415;18.119773954252;-1.17462158203125;-0.438232421875;;1 A;
3;4416;18.1224839542451;-1.1767578125;-0.437103271484375;;1 A;
3;4417;18.1251939542383;-1.17950439453125;-0.43585205078125;;1 A;
3;4418;18.1279039542314;-1.181640625;-0.434722900390625;;1 A;
3;4419;18.1306139542246;-1.18408203125;-0.4334716796875;;1 A;
3;4420;18.1333239542178;-1.1865234375;-0.4322509765625;;1 A;
3;4421;18.1360339542109;-1.18865966796875;-0.431182861328125;;1 A;
3;4422;18.1387439542041;-1.1907958984375;-0.430023193359375;;1 A;
3;4423;18.1414539541972;-1.19415283203125;-0.428863525390625;;1 A;
3;4424;18.1441639541904;-1.1962890625;-0.42779541015625;;1 A;
3;4425;18.1468739541835;-1.19903564453125;-0.4266357421875;;1 A;
3;4426;18.1495839541767;-1.19873046875;-0.422271728515625;;1 A;
3;4427;18.1522939541699;-1.1956787109375;-0.420745849609375;;1 A;
3;4428;18.155003954163;-1.19384765625;-0.419158935546875;;1 A;
3;4429;18.1577139541562;-1.19140625;-0.417816162109375;;1 A;
3;4430;18.1604239541493;-1.18927001953125;-0.416351318359375;;1 A;
3;4431;18.1631339541425;-1.1865234375;-0.414947509765625;;1 A;
3;4432;18.1658439541357;-1.18408203125;-0.413604736328125;;1 A;
3;4433;18.1685539541288;-1.181640625;-0.412261962890625;;1 A;
3;4434;18.171263954122;-1.17889404296875;-0.410980224609375;;1 A;
3;4435;18.1739739541151;-1.17706298828125;-0.409576416015625;;1 A;
3;4436;18.1766839541083;-1.17431640625;-0.408233642578125;;1 A;
3;4437;18.1793939541014;-1.17156982421875;-0.4068603515625;;1 A;
3;4438;18.1821039540946;-1.16973876953125;-0.4056396484375;;1 A;
3;4439;18.1848139540878;-1.1669921875;-0.404296875;;1 A;
3;4440;18.1875239540809;-1.16455078125;-0.403106689453125;;1 A;
3;4441;18.1902339540741;-1.162109375;-0.401824951171875;;1 A;
3;4442;18.1929439540672;-1.15936279296875;-0.400726318359375;;1 A;
3;4443;18.1956539540604;-1.15753173828125;-0.3994140625;;1 A;
3;4444;18.1983639540535;-1.15478515625;-0.398223876953125;;1 A;
3;4445;18.2010739540467;-1.15203857421875;-0.39703369140625;;1 A;
3;4446;18.2037839540399;-1.14959716796875;-0.395721435546875;;1 A;
3;4447;18.206493954033;-1.1474609375;-0.3946533203125;;1 A;
3;4448;18.2092039540262;-1.14532470703125;-0.39349365234375;;1 A;
3;4449;18.2119139540193;-1.142578125;-0.392242431640625;;1 A;
3;4450;18.2146239540125;-1.14013671875;-0.391082763671875;;1 A;
3;4451;18.2173339540057;-1.1376953125;-0.389984130859375;;1 A;
3;4452;18.2200439539988;-1.13525390625;-0.388702392578125;;1 A;
3;4453;18.222753953992;-1.1328125;-0.38763427734375;;1 A;
3;4454;18.2254639539851;-1.13037109375;-0.386474609375;;1 A;
3;4455;18.2281739539783;-1.1273193359375;-0.385467529296875;;1 A;
3;4456;18.2308839539714;-1.12579345703125;-0.3843994140625;;1 A;
3;4457;18.2335939539646;-1.123046875;-0.383209228515625;;1 A;
3;4458;18.2363039539578;-1.12091064453125;-0.382049560546875;;1 A;
3;4459;18.2390139539509;-1.1175537109375;-0.380950927734375;;1 A;
3;4460;18.2417239539441;-1.1151123046875;-0.3798828125;;1 A;
3;4461;18.2444339539372;-1.11328125;-0.37884521484375;;1 A;
3;4462;18.2471439539304;-1.11114501953125;-0.377716064453125;;1 A;
3;4463;18.2498539539235;-1.10870361328125;-0.376708984375;;1 A;
3;4464;18.2525639539167;-1.10626220703125;-0.37554931640625;;1 A;
3;4465;18.2552739539099;-1.10382080078125;-0.37451171875;;1 A;
3;4466;18.257983953903;-1.10107421875;-0.373504638671875;;1 A;
3;4467;18.2606939538962;-1.0980224609375;-0.372467041015625;;1 A;
3;4468;18.2634039538893;-1.09588623046875;-0.371337890625;;1 A;
3;4469;18.2661139538825;-1.09405517578125;-0.37030029296875;;1 A;
3;4470;18.2688239538757;-1.09130859375;-0.36920166015625;;1 A;
3;4471;18.2715339538688;-1.0888671875;-0.3682861328125;;1 A;
3;4472;18.274243953862;-1.0870361328125;-0.367156982421875;;1 A;
3;4473;18.2769539538551;-1.083984375;-0.366241455078125;;1 A;
3;4474;18.2796639538483;-1.08154296875;-0.36517333984375;;1 A;
3;4475;18.2823739538414;-1.0791015625;-0.364105224609375;;1 A;
3;4476;18.2850839538346;-1.07666015625;-0.363037109375;;1 A;
3;4477;18.2877939538278;-1.07421875;-0.362091064453125;;1 A;
3;4478;18.2905039538209;-1.0723876953125;-0.361114501953125;;1 A;
3;4479;18.2932139538141;-1.0687255859375;-0.360107421875;;1 A;
3;4480;18.2959239538072;-1.06658935546875;-0.35906982421875;;1 A;
3;4481;18.2986339538004;-1.064453125;-0.358123779296875;;1 A;
3;4482;18.3013439537935;-1.0626220703125;-0.3570556640625;;1 A;
3;4483;18.3040539537867;-1.0589599609375;-0.3560791015625;;1 A;
3;4484;18.3067639537799;-1.05712890625;-0.355133056640625;;1 A;
3;4485;18.309473953773;-1.05438232421875;-0.3541259765625;;1 A;
3;4486;18.3121839537662;-1.05255126953125;-0.353179931640625;;1 A;
3;4487;18.3148939537593;-1.0498046875;-0.352142333984375;;1 A;
3;4488;18.3176039537525;-1.04736328125;-0.351104736328125;;1 A;
3;4489;18.3203139537457;-1.044921875;-0.350128173828125;;1 A;
3;4490;18.3230239537388;-1.04248046875;-0.3492431640625;;1 A;
3;4491;18.325733953732;-1.03973388671875;-0.348297119140625;;1 A;
3;4492;18.3284439537251;-1.03759765625;-0.347259521484375;;1 A;
3;4493;18.3311539537183;-1.03515625;-0.3463134765625;;1 A;
3;4494;18.3338639537114;-1.03302001953125;-0.34527587890625;;1 A;
3;4495;18.3365739537046;-1.0302734375;-0.3443603515625;;1 A;
3;4496;18.3392839536978;-1.02783203125;-0.34332275390625;;1 A;
3;4497;18.3419939536909;-1.025390625;-0.3424072265625;;1 A;
3;4498;18.3447039536841;-1.0223388671875;-0.341522216796875;;1 A;
3;4499;18.3474139536772;-1.0205078125;-0.3404541015625;;1 A;
3;4500;18.3501239536704;-1.01806640625;-0.339508056640625;;1 A;
3;4501;18.3528339536635;-1.015625;-0.338623046875;;1 A;
3;4502;18.3555439536567;-1.0137939453125;-0.337646484375;;1 A;
3;4503;18.3582539536499;-1.01104736328125;-0.336669921875;;1 A;
3;4504;18.360963953643;-1.00830078125;-0.335723876953125;;1 A;
3;4505;18.3636739536362;-1.005859375;-0.334625244140625;;1 A;
3;4506;18.3663839536293;-1.00311279296875;-0.333740234375;;1 A;
3;4507;18.3690939536225;-1.00128173828125;-0.332733154296875;;1 A;
3;4508;18.3718039536157;-0.99853515625;-0.331756591796875;;1 A;
3;4509;18.3745139536088;-0.99609375;-0.33074951171875;;1 A;
3;4510;18.377223953602;-0.99334716796875;-0.32977294921875;;1 A;
3;4511;18.3799339535951;-0.9912109375;-0.328826904296875;;1 A;
3;4512;18.3826439535883;-0.98907470703125;-0.3277587890625;;1 A;
3;4513;18.3853539535814;-0.98663330078125;-0.326812744140625;;1 A;
3;4514;18.3880639535746;-0.98419189453125;-0.325836181640625;;1 A;
3;4515;18.3907739535678;-0.9814453125;-0.32476806640625;;1 A;
3;4516;18.3934839535609;-0.97930908203125;-0.323822021484375;;1 A;
3;4517;18.3961939535541;-0.97686767578125;-0.322723388671875;;1 A;
3;4518;18.3989039535472;-0.9747314453125;-0.321624755859375;;1 A;
3;4519;18.4016139535404;-0.97137451171875;-0.320556640625;;1 A;
3;4520;18.4043239535335;-0.9686279296875;-0.31951904296875;;1 A;
3;4521;18.4070339535267;-0.96710205078125;-0.318511962890625;;1 A;
3;4522;18.4097439535199;-0.9649658203125;-0.31732177734375;;1 A;
3;4523;18.412453953513;-0.96160888671875;-0.316314697265625;;1 A;
3;4524;18.4151639535062;-0.95947265625;-0.31512451171875;;1 A;
3;4525;18.4178739534993;-0.95703125;-0.31390380859375;;1 A;
3;4526;18.4205839534925;-0.95489501953125;-0.31280517578125;;1 A;
3;4527;18.4232939534857;-0.9521484375;-0.311553955078125;;1 A;
3;4528;18.4260039534788;-0.94970703125;-0.310455322265625;;1 A;
3;4529;18.428713953472;-0.947265625;-0.30926513671875;;1 A;
3;4530;18.4314239534651;-0.94512939453125;-0.307952880859375;;1 A;
3;4531;18.4341339534583;-0.9423828125;-0.306671142578125;;1 A;
3;4532;18.4368439534514;-0.93994140625;-0.30535888671875;;1 A;
3;4533;18.4395539534446;-0.9375;-0.303955078125;;1 A;
3;4534;18.4422639534378;-0.93536376953125;-0.3026123046875;;1 A;
3;4535;18.4449739534309;-0.93292236328125;-0.301177978515625;;1 A;
3;4536;18.4476839534241;-0.92987060546875;-0.299774169921875;;1 A;
3;4537;18.4503939534172;-0.927734375;-0.298187255859375;;1 A;
3;4538;18.4531039534104;-0.92529296875;-0.296630859375;;1 A;
3;4539;18.4558139534035;-0.92315673828125;-0.2950439453125;;1 A;
3;4540;18.4585239533967;-0.92041015625;-0.29345703125;;1 A;
3;4541;18.4612339533899;-0.91827392578125;-0.291748046875;;1 A;
3;4542;18.463943953383;-0.91552734375;-0.289947509765625;;1 A;
3;4543;18.4666539533762;-0.91278076171875;-0.2882080078125;;1 A;
3;4544;18.4693639533693;-0.91094970703125;-0.286224365234375;;1 A;
3;4545;18.4720739533625;-0.90850830078125;-0.28436279296875;;1 A;
3;4546;18.4747839533557;-0.90576171875;-0.282257080078125;;1 A;
3;4547;18.4774939533488;-0.90362548828125;-0.2802734375;;1 A;
3;4548;18.480203953342;-0.90087890625;-0.277984619140625;;1 A;
3;4549;18.4829139533351;-0.8984375;-0.275787353515625;;1 A;
3;4550;18.4856239533283;-0.89599609375;-0.273284912109375;;1 A;
3;4551;18.4883339533214;-0.89447021484375;-0.27093505859375;;1 A;
3;4552;18.4910439533146;-0.89080810546875;-0.26824951171875;;1 A;
3;4553;18.4937539533078;-0.888671875;-0.2657470703125;;1 A;
3;4554;18.4964639533009;-0.88653564453125;-0.262908935546875;;1 A;
3;4555;18.4991739532941;-0.8837890625;-0.259979248046875;;1 A;
3;4556;18.5018839532872;-0.88165283203125;-0.256866455078125;;1 A;
3;4557;18.5045939532804;-0.87890625;-0.25360107421875;;1 A;
3;4558;18.5073039532735;-0.87677001953125;-0.25018310546875;;1 A;
3;4559;18.5100139532667;-0.87371826171875;-0.2469482421875;;1 A;
3;4560;18.5127239532599;-0.87158203125;-0.243133544921875;;1 A;
3;4561;18.515433953253;-0.86944580078125;-0.239501953125;;1 A;
3;4562;18.5181439532462;-0.86669921875;-0.2352294921875;;1 A;
3;4563;18.5208539532393;-0.8648681640625;-0.231170654296875;;1 A;
3;4564;18.5235639532325;-0.8624267578125;-0.2265625;;1 A;
3;4565;18.5262739532257;-0.859375;-0.22216796875;;1 A;
3;4566;18.5289839532188;-0.85662841796875;-0.217437744140625;;1 A;
3;4567;18.531693953212;-0.8544921875;-0.212432861328125;;1 A;
3;4568;18.5344039532051;-0.8526611328125;-0.20697021484375;;1 A;
3;4569;18.5371139531983;-0.84991455078125;-0.201263427734375;;1 A;
3;4570;18.5398239531914;-0.84747314453125;-0.195526123046875;;1 A;
3;4571;18.5425339531846;-0.8447265625;-0.189666748046875;;1 A;
3;4572;18.5452439531778;-0.84228515625;-0.18328857421875;;1 A;
3;4573;18.5479539531709;-0.8404541015625;-0.176605224609375;;1 A;
3;4574;18.5506639531641;-0.83740234375;-0.169586181640625;;1 A;
3;4575;18.5533739531572;-0.83526611328125;-0.162322998046875;;1 A;
3;4576;18.5560839531504;-0.83251953125;-0.15478515625;;1 A;
3;4577;18.5587939531435;-0.83099365234375;-0.14691162109375;;1 A;
3;4578;18.5615039531367;-0.82763671875;-0.13909912109375;;1 A;
3;4579;18.5642139531299;-0.82550048828125;-0.130615234375;;1 A;
3;4580;18.566923953123;-0.82305908203125;-0.12200927734375;;1 A;
3;4581;18.5696339531162;-0.8203125;-0.11273193359375;;1 A;
3;4582;18.5723439531093;-0.8184814453125;-0.103851318359375;;1 A;
3;4583;18.5750539531025;-0.81512451171875;-0.09429931640625;;1 A;
3;4584;18.5777639530957;-0.81268310546875;-0.085205078125;;1 A;
3;4585;18.5804739530888;-0.810546875;-0.075653076171875;;1 A;
3;4586;18.583183953082;-0.80780029296875;-0.066253662109375;;1 A;
3;4587;18.5858939530751;-0.80535888671875;-0.056182861328125;;1 A;
3;4588;18.5886039530683;-0.80322265625;-0.0467926025390625;;1 A;
3;4589;18.5913139530614;-0.80078125;-0.037066650390625;;1 A;
3;4590;18.5940239530546;-0.79864501953125;-0.028228759765625;;1 A;
3;4591;18.5967339530478;-0.7958984375;-0.0186309814453125;;1 A;
3;4592;18.5994439530409;-0.79345703125;-0.00926513671875;;1 A;
3;4593;18.6021539530341;-0.791015625;0.00113525390624999;;1 A;
3;4594;18.6048639530272;-0.7891845703125;0.0114501953125;;1 A;
3;4595;18.6075739530204;-0.7861328125;0.0227142333984375;;1 A;
3;4596;18.6102839530135;-0.7843017578125;0.034326171875;;1 A;
3;4597;18.6129939530067;-0.78155517578125;0.047528076171875;;1 A;
3;4598;18.6157039529999;-0.77911376953125;0.062286376953125;;1 A;
3;4599;18.618413952993;-0.77728271484375;0.07916259765625;;1 A;
3;4600;18.6211239529862;-0.77423095703125;0.097442626953125;;1 A;
3;4601;18.6238339529793;-0.77178955078125;0.116912841796875;;1 A;
3;4602;18.6265439529725;-0.76995849609375;0.13739013671875;;1 A;
3;4603;18.6292539529657;-0.7672119140625;0.158782958984375;;1 A;
3;4604;18.6319639529588;-0.76446533203125;0.181671142578125;;1 A;
3;4605;18.634673952952;-0.76202392578125;0.20550537109375;;1 A;
3;4606;18.6373839529451;-0.75958251953125;0.23004150390625;;1 A;
3;4607;18.6400939529383;-0.75775146484375;0.25396728515625;;1 A;
3;4608;18.6428039529314;-0.7550048828125;0.277801513671875;;1 A;
3;4609;18.6455139529246;-0.75225830078125;0.299407958984375;;1 A;
3;4610;18.6482239529178;-0.749969482421875;0.318267822265625;;1 A;
3;4611;18.6509339529109;-0.747467041015625;0.331451416015625;;1 A;
3;4612;18.6536439529041;-0.7451171875;0.34320068359375;;1 A;
3;4613;18.6563539528972;-0.742645263671875;0.357421875;;1 A;
3;4614;18.6590639528904;-0.740264892578125;0.376922607421875;;1 A;
3;4615;18.6617739528836;-0.737884521484375;0.398681640625;;1 A;
3;4616;18.6644839528767;-0.7354736328125;0.423828125;;1 A;
3;4617;18.6671939528699;-0.733001708984375;0.4503173828125;;1 A;
3;4618;18.669903952863;-0.73065185546875;0.479248046875;;1 A;
3;4619;18.6726139528562;-0.728179931640625;0.50811767578125;;1 A;
3;4620;18.6753239528493;-0.725799560546875;0.538330078125;;1 A;
3;4621;18.6780339528425;-0.723358154296875;0.567626953125;;1 A;
3;4622;18.6807439528357;-0.720947265625;0.59783935546875;;1 A;
3;4623;18.6834539528288;-0.718536376953125;0.6280517578125;;1 A;
3;4624;18.686163952822;-0.716033935546875;0.660400390625;;1 A;
3;4625;18.6888739528151;-0.713653564453125;0.69244384765625;;1 A;
3;4626;18.6915839528083;-0.71124267578125;0.72540283203125;;1 A;
3;4627;18.6942939528014;-0.708740234375;0.7574462890625;;1 A;
3;4628;18.6970039527946;-0.706298828125;0.789794921875;;1 A;
3;4629;18.6997139527878;-0.703948974609375;0.82275390625;;1 A;
3;4630;18.7024239527809;-0.70147705078125;0.85723876953125;;1 A;
3;4631;18.7051339527741;-0.69903564453125;0.8917236328125;;1 A;
3;4632;18.7078439527672;-0.696563720703125;0.9271240234375;;1 A;
3;4633;18.7105539527604;-0.6942138671875;0.96221923828125;;1 A;
3;4634;18.7132639527536;-0.6917724609375;0.99761962890625;;1 A;
3;4635;18.7159739527467;-0.689300537109375;1.03363037109375;;1 A;
3;4636;18.7186839527399;-0.686859130859375;1.0711669921875;;1 A;
3;4637;18.721393952733;-0.6844482421875;1.10931396484375;;1 A;
3;4638;18.7241039527262;-0.682037353515625;1.1480712890625;;1 A;
3;4639;18.7268139527193;-0.679595947265625;1.18682861328125;;1 A;
3;4640;18.7295239527125;-0.6771240234375;1.2261962890625;;1 A;
3;4641;18.7322339527057;-0.67474365234375;1.2664794921875;;1 A;
3;4642;18.7349439526988;-0.672271728515625;1.30889892578125;;1 A;
3;4643;18.737653952692;-0.669830322265625;1.35223388671875;;1 A;
3;4644;18.7403639526851;-0.66741943359375;1.39617919921875;;1 A;
3;4645;18.7430739526783;-0.6650390625;1.441650390625;;1 A;
3;4646;18.7457839526714;-0.662628173828125;1.48681640625;;1 A;
3;4647;18.7484939526646;-0.66015625;1.53411865234375;;1 A;
3;4648;18.7512039526578;-0.657745361328125;1.5826416015625;;1 A;
3;4649;18.7539139526509;-0.655303955078125;1.63299560546875;;1 A;
3;4650;18.7566239526441;-0.652862548828125;1.68426513671875;;1 A;
3;4651;18.7593339526372;-0.650421142578125;1.73614501953125;;1 A;
3;4652;18.7620439526304;-0.648040771484375;1.787109375;;1 A;
3;4653;18.7647539526236;-0.645599365234375;1.839599609375;;1 A;
3;4654;18.7674639526167;-0.64324951171875;1.89178466796875;;1 A;
3;4655;18.7701739526099;-0.64080810546875;1.94549560546875;;1 A;
3;4656;18.772883952603;-0.638458251953125;1.99798583984375;;1 A;
3;4657;18.7755939525962;-0.636138916015625;2.05047607421875;;1 A;Current overload
3;4658;18.7783039525893;-0.633758544921875;2.10052490234375;;1 A;Current overload
3;4659;18.7810139525825;-0.631439208984375;2.1502685546875;;1 A;Current overload
3;4660;18.7837239525757;-0.629119873046875;2.1990966796875;;1 A;Current overload
3;4661;18.7864339525688;-0.626861572265625;2.2491455078125;;1 A;Current overload
3;4662;18.789143952562;-0.62451171875;2.2991943359375;;1 A;Current overload
3;4663;18.7918539525551;-0.622314453125;2.34039306640625;;1 A;Current overload
3;4664;18.7945639525483;-0.620941162109375;2.3406982421875;;1 A;Current overload
3;4665;18.7972739525414;-0.61962890625;2.34100341796875;;1 A;Current overload
3;4666;18.7999839525346;-0.61834716796875;2.34100341796875;;1 A;Current overload
3;4667;18.8026939525278;-0.6170654296875;2.34130859375;;1 A;Current overload
3;4668;18.8054039525209;-0.61578369140625;2.34130859375;;1 A;Current overload
3;4669;18.8081139525141;-0.614593505859375;2.34130859375;;1 A;Current overload
3;4670;18.8108239525072;-0.613250732421875;2.34161376953125;;1 A;Current overload
3;4671;18.8135339525004;-0.611968994140625;2.34161376953125;;1 A;Current overload
3;4672;18.8162439524936;-0.61053466796875;2.34161376953125;;1 A;Current overload
3;4673;18.8189539524867;-0.609222412109375;2.34161376953125;;1 A;Current overload
3;4674;18.8216639524799;-0.607757568359375;2.34161376953125;;1 A;Current overload
3;4675;18.824373952473;-0.606353759765625;2.34161376953125;;1 A;Current overload
3;4676;18.8270839524662;-0.60467529296875;2.34161376953125;;1 A;Current overload
3;4677;18.8297939524593;-0.603057861328125;2.34161376953125;;1 A;Current overload
3;4678;18.8325039524525;-0.601287841796875;2.34161376953125;;1 A;Current overload
3;4679;18.8352139524457;-0.599395751953125;2.34161376953125;;1 A;Current overload
3;4680;18.8379239524388;-0.59747314453125;2.34161376953125;;1 A;Current overload
3;4681;18.840633952432;-0.5953369140625;2.34161376953125;;1 A;Current overload
3;4682;18.8433439524251;-0.592987060546875;2.34161376953125;;1 A;Current overload
3;4683;18.8460539524183;-0.59051513671875;2.34161376953125;;1 A;Current overload
3;4684;18.8487639524114;-0.587738037109375;2.34161376953125;;1 A;Current overload
3;4685;18.8514739524046;-0.584716796875;2.34130859375;;1 A;Current overload
3;4686;18.8541839523978;-0.5811767578125;2.34130859375;;1 A;Current overload
3;4687;18.8568939523909;-0.577178955078125;2.34100341796875;;1 A;Current overload
3;4688;18.8596039523841;-0.572418212890625;2.34100341796875;;1 A;Current overload
3;4689;18.8623139523772;-0.5667724609375;2.3406982421875;;1 A;Current overload
3;4690;18.8650239523704;-0.560333251953125;2.34039306640625;;1 A;Current overload
3;4691;18.8677339523636;-0.55303955078125;2.33734130859375;;1 A;Current overload
3;4692;18.8704439523567;-0.546722412109375;2.2418212890625;;1 A;Current overload
3;4693;18.8731539523499;-0.544281005859375;1.99615478515625;;1 A;
3;4694;18.875863952343;-0.543670654296875;1.7352294921875;;1 A;
3;4695;18.8785739523362;-0.541473388671875;1.52984619140625;;1 A;
3;4696;18.8812839523293;-0.539215087890625;1.34674072265625;;1 A;
3;4697;18.8839939523225;-0.53692626953125;1.18988037109375;;1 A;
3;4698;18.8867039523157;-0.534637451171875;1.05712890625;;1 A;
3;4699;18.8894139523088;-0.53228759765625;0.943603515625;;1 A;
3;4700;18.892123952302;-0.52996826171875;0.84869384765625;;1 A;
3;4701;18.8948339522951;-0.527557373046875;0.76934814453125;;1 A;
3;4702;18.8975439522883;-0.52520751953125;0.70220947265625;;1 A;
3;4703;18.9002539522814;-0.5228271484375;0.64361572265625;;1 A;
3;4704;18.9029639522746;-0.520416259765625;0.59234619140625;;1 A;
3;4705;18.9056739522678;-0.517974853515625;0.54656982421875;;1 A;
3;4706;18.9083839522609;-0.515594482421875;0.50628662109375;;1 A;
3;4707;18.9110939522541;-0.51312255859375;0.470733642578125;;1 A;
3;4708;18.9138039522472;-0.51068115234375;0.43853759765625;;1 A;
3;4709;18.9165139522404;-0.50830078125;0.409332275390625;;1 A;
3;4710;18.9192239522336;-0.505828857421875;0.38409423828125;;1 A;
3;4711;18.9219339522267;-0.50341796875;0.36163330078125;;1 A;
3;4712;18.9246439522199;-0.501007080078125;0.34173583984375;;1 A;
3;4713;18.927353952213;-0.49853515625;0.3232421875;;1 A;
3;4714;18.9300639522062;-0.496124267578125;0.306060791015625;;1 A;
3;4715;18.9327739521993;-0.493682861328125;0.28973388671875;;1 A;
3;4716;18.9354839521925;-0.491241455078125;0.27490234375;;1 A;
3;4717;18.9381939521857;-0.48876953125;0.26092529296875;;1 A;
3;4718;18.9409039521788;-0.486358642578125;0.248199462890625;;1 A;
3;4719;18.943613952172;-0.48394775390625;0.237060546875;;1 A;
3;4720;18.9463239521651;-0.4815673828125;0.22760009765625;;1 A;
3;4721;18.9490339521583;-0.4791259765625;0.2188720703125;;1 A;
3;4722;18.9517439521514;-0.47662353515625;0.2110595703125;;1 A;
3;4723;18.9544539521446;-0.474273681640625;0.20367431640625;;1 A;
3;4724;18.9571639521378;-0.471771240234375;0.19696044921875;;1 A;
3;4725;18.9598739521309;-0.4693603515625;0.190216064453125;;1 A;
3;4726;18.9625839521241;-0.4669189453125;0.1842041015625;;1 A;
3;4727;18.9652939521172;-0.464508056640625;0.178314208984375;;1 A;
3;4728;18.9680039521104;-0.4620361328125;0.1727294921875;;1 A;
3;4729;18.9707139521036;-0.459564208984375;0.167449951171875;;1 A;
3;4730;18.9734239520967;-0.45721435546875;0.162200927734375;;1 A;
3;4731;18.9761339520899;-0.4547119140625;0.1572265625;;1 A;
3;4732;18.978843952083;-0.452362060546875;0.152557373046875;;1 A;
3;4733;18.9815539520762;-0.449859619140625;0.148101806640625;;1 A;
3;4734;18.9842639520693;-0.4473876953125;0.143829345703125;;1 A;
3;4735;18.9869739520625;-0.445037841796875;0.1397705078125;;1 A;
3;4736;18.9896839520557;-0.442596435546875;0.1357421875;;1 A;
3;4737;18.9923939520488;-0.4400634765625;0.131866455078125;;1 A;
3;4738;18.995103952042;-0.4376220703125;0.12823486328125;;1 A;
3;4739;18.9978139520351;-0.43524169921875;0.124755859375;;1 A;
3;4740;19.0005239520283;-0.432830810546875;0.12139892578125;;1 A;
3;4741;19.0032339520214;-0.43035888671875;0.1181640625;;1 A;
3;4742;19.0059439520146;-0.4278564453125;0.114837646484375;;1 A;
3;4743;19.0086539520078;-0.425506591796875;0.11175537109375;;1 A;
3;4744;19.0113639520009;-0.42303466796875;0.1085205078125;;1 A;
3;4745;19.0140739519941;-0.420654296875;0.10516357421875;;1 A;
3;4746;19.0167839519872;-0.41815185546875;0.101593017578125;;1 A;
3;4747;19.0194939519804;-0.41571044921875;0.0977783203125;;1 A;
3;4748;19.0222039519736;-0.413238525390625;0.09332275390625;;1 A;
3;4749;19.0249139519667;-0.410888671875;0.08819580078125;;1 A;
3;4750;19.0276239519599;-0.40838623046875;0.08245849609375;;1 A;
3;4751;19.030333951953;-0.40594482421875;0.0762939453125;;1 A;
3;4752;19.0330439519462;-0.403533935546875;0.069549560546875;;1 A;
3;4753;19.0357539519393;-0.40106201171875;0.06298828125;;1 A;
3;4754;19.0384639519325;-0.39862060546875;0.057037353515625;;1 A;
3;4755;19.0411739519257;-0.396148681640625;0.052398681640625;;1 A;
3;4756;19.0438839519188;-0.393768310546875;0.0485382080078125;;1 A;
3;4757;19.046593951912;-0.391326904296875;0.04521484375;;1 A;
3;4758;19.0493039519051;-0.388916015625;0.0425262451171875;;1 A;
3;4759;19.0520139518983;-0.386444091796875;0.0402008056640625;;1 A;
3;4760;19.0547239518914;-0.384063720703125;0.03809814453125;;1 A;
3;4761;19.0574339518846;-0.381622314453125;0.036285400390625;;1 A;
3;4762;19.0601439518778;-0.379180908203125;0.034649658203125;;1 A;
3;4763;19.0628539518709;-0.376739501953125;0.033172607421875;;1 A;
3;4764;19.0655639518641;-0.374298095703125;0.0318511962890625;;1 A;
3;4765;19.0682739518572;-0.37188720703125;0.0308502197265625;;1 A;
3;4766;19.0709839518504;-0.369384765625;0.02972412109375;;1 A;
3;4767;19.0736939518436;-0.36700439453125;0.0288055419921875;;1 A;
3;4768;19.0764039518367;-0.364532470703125;0.027862548828125;;1 A;
3;4769;19.0791139518299;-0.36212158203125;0.0271728515625;;1 A;
3;4770;19.081823951823;-0.35968017578125;0.02642822265625;;1 A;
3;4771;19.0845339518162;-0.35723876953125;0.025860595703125;;1 A;
3;4772;19.0872439518093;-0.354766845703125;0.0252349853515625;;1 A;
3;4773;19.0899539518025;-0.352325439453125;0.0246337890625;;1 A;
3;4774;19.0926639517957;-0.34991455078125;0.0240234375;;1 A;
3;4775;19.0953739517888;-0.347412109375;0.0235198974609375;;1 A;
3;4776;19.098083951782;-0.34503173828125;0.023077392578125;;1 A;
3;4777;19.1007939517751;-0.34259033203125;0.0226837158203125;;1 A;
3;4778;19.1035039517683;-0.34014892578125;0.02215576171875;;1 A;
3;4779;19.1062139517614;-0.33770751953125;0.0218292236328125;;1 A;
3;4780;19.1089239517546;-0.33526611328125;0.0213653564453125;;1 A;
3;4781;19.1116339517478;-0.33282470703125;0.0210205078125;;1 A;
3;4782;19.1143439517409;-0.330352783203125;0.020623779296875;;1 A;
3;4783;19.1170539517341;-0.3280029296875;0.02027587890625;;1 A;
3;4784;19.1197639517272;-0.32550048828125;0.0198760986328125;;1 A;
3;4785;19.1224739517204;-0.32305908203125;0.019561767578125;;1 A;
3;4786;19.1251839517136;-0.320648193359375;0.01922607421875;;1 A;
3;4787;19.1278939517067;-0.31817626953125;0.0189544677734375;;1 A;
3;4788;19.1306039516999;-0.31573486328125;0.0186248779296875;;1 A;
3;4789;19.133313951693;-0.31329345703125;0.0183990478515625;;1 A;
3;4790;19.1360239516862;-0.310882568359375;0.0180908203125;;1 A;
3;4791;19.1387339516793;-0.30841064453125;0.0178558349609375;;1 A;
3;4792;19.1414439516725;-0.305999755859375;0.017620849609375;;1 A;
3;4793;19.1441539516657;-0.30352783203125;0.017327880859375;;1 A;
3;4794;19.1468639516588;-0.301116943359375;0.01717529296875;;1 A;
3;4795;19.149573951652;-0.29864501953125;0.0168701171875;;1 A;
3;4796;19.1522839516451;-0.296295166015625;0.0167236328125;;1 A;
3;4797;19.1549939516383;-0.293792724609375;0.0164398193359375;;1 A;
3;4798;19.1577039516314;-0.2913818359375;0.0163177490234375;;1 A;
3;4799;19.1604139516246;-0.288909912109375;0.0160430908203125;;1 A;
3;4800;19.1631239516178;-0.286529541015625;0.0158782958984375;;1 A;
3;4801;19.1658339516109;-0.2840576171875;0.0157012939453125;;1 A;
3;4802;19.1685439516041;-0.2816162109375;0.0155303955078125;;1 A;
3;4803;19.1712539515972;-0.2791748046875;0.01539306640625;;1 A;
3;4804;19.1739639515904;-0.27667236328125;0.0152496337890625;;1 A;
3;4805;19.1766739515836;-0.2742919921875;0.0150665283203125;;1 A;
3;4806;19.1793839515767;-0.27178955078125;0.0149139404296875;;1 A;
3;4807;19.1820939515699;-0.269439697265625;0.0147247314453125;;1 A;
3;4808;19.184803951563;-0.266998291015625;0.01461181640625;;1 A;
3;4809;19.1875139515562;-0.26458740234375;0.014459228515625;;1 A;
3;4810;19.1902239515493;-0.2620849609375;0.0143035888671875;;1 A;
3;4811;19.1929339515425;-0.2596435546875;0.014141845703125;;1 A;
3;4812;19.1956439515357;-0.2572021484375;0.014044189453125;;1 A;
3;4813;19.1983539515288;-0.25482177734375;0.0138702392578125;;1 A;
3;4814;19.201063951522;-0.252349853515625;0.013800048828125;;1 A;
3;4815;19.2037739515151;-0.249908447265625;0.0136749267578125;;1 A;
3;4816;19.2064839515083;-0.24749755859375;0.0135894775390625;;1 A;
3;4817;19.2091939515014;-0.245025634765625;0.0134033203125;;1 A;
3;4818;19.2119039514946;-0.242584228515625;0.013214111328125;;1 A;
3;4819;19.2146139514878;-0.240203857421875;0.013189697265625;;1 A;
3;4820;19.2173239514809;-0.237762451171875;0.013116455078125;;1 A;
3;4821;19.2200339514741;-0.2353515625;0.01295166015625;;1 A;
3;4822;19.2227439514672;-0.23284912109375;0.0128570556640625;;1 A;
3;4823;19.2254539514604;-0.23040771484375;0.0127410888671875;;1 A;
3;4824;19.2281639514536;-0.227935791015625;0.012591552734375;;1 A;
3;4825;19.2308739514467;-0.22552490234375;0.01246337890625;;1 A;
3;4826;19.2335839514399;-0.22308349609375;0.01234130859375;;1 A;
3;4827;19.236293951433;-0.220703125;0.0122711181640625;;1 A;
3;4828;19.2390039514262;-0.218231201171875;0.0121826171875;;1 A;
3;4829;19.2417139514193;-0.215789794921875;0.0120819091796875;;1 A;
3;4830;19.2444239514125;-0.21331787109375;0.011895751953125;;1 A;
3;4831;19.2471339514057;-0.21087646484375;0.011785888671875;;1 A;
3;4832;19.2498439513988;-0.208465576171875;0.01168212890625;;1 A;
3;4833;19.252553951392;-0.206085205078125;0.0114990234375;;1 A;
3;4834;19.2552639513851;-0.203582763671875;0.011328125;;1 A;
3;4835;19.2579739513783;-0.20111083984375;0.011126708984375;;1 A;
3;4836;19.2606839513714;-0.198699951171875;0.0110198974609375;;1 A;
3;4837;19.2633939513646;-0.1962890625;0.010980224609375;;1 A;
3;4838;19.2661039513578;-0.19390869140625;0.0108001708984375;;1 A;
3;4839;19.2688139513509;-0.191436767578125;0.0106658935546875;;1 A;
3;4840;19.2715239513441;-0.18890380859375;0.0105499267578125;;1 A;
3;4841;19.2742339513372;-0.186553955078125;0.0104644775390625;;1 A;
3;4842;19.2769439513304;-0.18408203125;0.0102569580078125;;1 A;
3;4843;19.2796539513236;-0.181640625;0.0101959228515625;;1 A;
3;4844;19.2823639513167;-0.179229736328125;0.0101043701171875;;1 A;
3;4845;19.2850739513099;-0.1767578125;0.0100799560546875;;1 A;
3;4846;19.287783951303;-0.174285888671875;0.0098541259765625;;1 A;
3;4847;19.2904939512962;-0.171844482421875;0.00979003906250001;;1 A;
3;4848;19.2932039512893;-0.16943359375;0.009613037109375;;1 A;
3;4849;19.2959139512825;-0.1669921875;0.00948181152343749;;1 A;
3;4850;19.2986239512757;-0.164581298828125;0.00927734375;;1 A;
3;4851;19.3013339512688;-0.162139892578125;0.0091400146484375;;1 A;
3;4852;19.304043951262;-0.159698486328125;0.0089111328125;;1 A;
3;4853;19.3067539512551;-0.157257080078125;0.0087249755859375;;1 A;
3;4854;19.3094639512483;-0.15484619140625;0.00848388671875;;1 A;
3;4855;19.3121739512414;-0.15240478515625;0.00831298828125;;1 A;
3;4856;19.3148839512346;-0.149993896484375;0.00821533203124999;;1 A;
3;4857;19.3175939512278;-0.14752197265625;0.0080535888671875;;1 A;
3;4858;19.3203039512209;-0.14508056640625;0.007855224609375;;1 A;
3;4859;19.3230139512141;-0.14263916015625;0.00774230957031249;;1 A;
3;4860;19.3257239512072;-0.140228271484375;0.0075653076171875;;1 A;
3;4861;19.3284339512004;-0.137725830078125;0.0074493408203125;;1 A;
3;4862;19.3311439511936;-0.135345458984375;0.0072662353515625;;1 A;
3;4863;19.3338539511867;-0.1329345703125;0.007183837890625;;1 A;
3;4864;19.3365639511799;-0.130462646484375;0.00699768066406251;;1 A;
3;4865;19.339273951173;-0.128082275390625;0.0068023681640625;;1 A;
3;4866;19.3419839511662;-0.12554931640625;0.006573486328125;;1 A;
3;4867;19.3446939511593;-0.123138427734375;0.0063446044921875;;1 A;
3;4868;19.3474039511525;-0.120697021484375;0.00610961914062499;;1 A;
3;4869;19.3501139511457;-0.118194580078125;0.00589904785156251;;1 A;
3;4870;19.3528239511388;-0.1158447265625;0.00567626953125;;1 A;
3;4871;19.355533951132;-0.1134033203125;0.0055572509765625;;1 A;
3;4872;19.3582439511251;-0.1109619140625;0.00541076660156251;;1 A;
3;4873;19.3609539511183;-0.1085205078125;0.0052642822265625;;1 A;
3;4874;19.3636639511114;-0.1060791015625;0.0050384521484375;;1 A;
3;4875;19.3663739511046;-0.103607177734375;0.0048095703125;;1 A;
3;4876;19.3690839510978;-0.101165771484375;0.0045501708984375;;1 A;
3;4877;19.3717939510909;-0.0987548828125;0.0043792724609375;;1 A;
3;4878;19.3745039510841;-0.0963134765625;0.00419921875;;1 A;
3;4879;19.3772139510772;-0.0938720703125;0.00411376953125001;;1 A;
3;4880;19.3799239510704;-0.0914306640625;0.0040130615234375;;1 A;
3;4881;19.3826339510636;-0.089019775390625;0.00386657714843749;;1 A;
3;4882;19.3853439510567;-0.086517333984375;0.00382080078124999;;1 A;
3;4883;19.3880539510499;-0.084136962890625;0.0038177490234375;;1 A;
3;4884;19.390763951043;-0.0816650390625;0.003936767578125;;1 A;
3;4885;19.3934739510362;-0.079254150390625;0.0038909912109375;;1 A;
3;4886;19.3961839510293;-0.07684326171875;0.0039947509765625;;1 A;
3;4887;19.3988939510225;-0.07440185546875;0.00409851074218751;;1 A;
3;4888;19.4016039510157;-0.071868896484375;0.004315185546875;;1 A;
3;4889;19.4043139510088;-0.06951904296875;0.0043792724609375;;1 A;
3;4890;19.407023951002;-0.06707763671875;0.00465087890625;;1 A;
3;4891;19.4097339509951;-0.064544677734375;0.004791259765625;;1 A;
3;4892;19.4124439509883;-0.062164306640625;0.005078125;;1 A;
3;4893;19.4151539509814;-0.05963134765625;0.0053436279296875;;1 A;
3;4894;19.4178639509746;-0.057281494140625;0.00569763183593749;;1 A;
3;4895;19.4205739509678;-0.05487060546875;0.00594177246093749;;1 A;
3;4896;19.4232839509609;-0.052398681640625;0.00615539550781249;;1 A;
3;4897;19.4259939509541;-0.050018310546875;0.0064666748046875;;1 A;
3;4898;19.4287039509472;-0.0474639892578125;0.0067718505859375;;1 A;
3;4899;19.4314139509404;-0.0449981689453125;0.00708923339843751;;1 A;
3;4900;19.4341239509336;-0.04256591796875;0.007489013671875;;1 A;
3;4901;19.4368339509267;-0.0401458740234375;0.0078887939453125;;1 A;
3;4902;19.4395439509199;-0.0376953125;0.0082275390625;;1 A;
3;4903;19.442253950913;-0.0352325439453125;0.0085601806640625;;1 A;
3;4904;19.4449639509062;-0.032818603515625;0.0089599609375;;1 A;
3;4905;19.4476739508993;-0.0303924560546875;0.009417724609375;;1 A;
3;4906;19.4503839508925;-0.0279388427734375;0.0099029541015625;;1 A;
3;4907;19.4530939508857;-0.02550048828125;0.0103240966796875;;1 A;
3;4908;19.4558039508788;-0.0230621337890625;0.0108734130859375;;1 A;
3;4909;19.458513950872;-0.0206268310546875;0.0113128662109375;;1 A;
3;4910;19.4612239508651;-0.018182373046875;0.011810302734375;;1 A;
3;4911;19.4639339508583;-0.0157501220703125;0.01236572265625;;1 A;
3;4912;19.4666439508514;-0.01331787109375;0.0128936767578125;;1 A;
3;4913;19.4693539508446;-0.010888671875;0.0135223388671875;;1 A;
3;4914;19.4720639508378;-0.0084259033203125;0.0140289306640625;;1 A;
3;4915;19.4747739508309;-0.00598754882812499;0.0147216796875;;1 A;
3;4916;19.4774839508241;-0.00353393554687501;0.0153228759765625;;1 A;
3;4917;19.4801939508172;-0.0011138916015625;0.0161102294921875;;1 A;
4;4918;19.4829039508104;0.001324462890625;0.016748046875;;1 A;
4;4919;19.4856139508036;0.00375976562499999;0.0174652099609375;;1 A;
4;4920;19.4883239507967;0.0061767578125;0.018182373046875;;1 A;
4;4921;19.4910339507899;0.0086212158203125;0.01890869140625;;1 A;
4;4922;19.493743950783;0.0110595703125;0.01964111328125;;1 A;
4;4923;19.4964539507762;0.0134918212890625;0.0204620361328125;;1 A;
4;4924;19.4991639507693;0.0159210205078125;0.0213043212890625;;1 A;
4;4925;19.5018739507625;0.0183868408203125;0.0221466064453125;;1 A;
4;4926;19.5045839507557;0.0208160400390625;0.023095703125;;1 A;
4;4927;19.5072939507488;0.0232666015625;0.0239837646484375;;1 A;
4;4928;19.510003950742;0.0256866455078125;0.024871826171875;;1 A;
4;4929;19.5127139507351;0.0281280517578125;0.0258453369140625;;1 A;
4;4930;19.5154239507283;0.03056640625;0.0268096923828125;;1 A;
4;4931;19.5181339507214;0.0329925537109375;0.0280029296875;;1 A;
4;4932;19.5208439507146;0.035455322265625;0.0289520263671875;;1 A;
4;4933;19.5235539507078;0.0379058837890625;0.03013916015625;;1 A;
4;4934;19.5262639507009;0.0403167724609375;0.031036376953125;;1 A;
4;4935;19.5289739506941;0.042767333984375;0.0322784423828125;;1 A;
4;4936;19.5316839506872;0.0451904296875;0.0334686279296875;;1 A;
4;4937;19.5343939506804;0.0476348876953125;0.0347686767578125;;1 A;
4;4938;19.5371039506736;0.050048828125;0.0361053466796875;;1 A;
4;4939;19.5398139506667;0.052490234375;0.037420654296875;;1 A;
4;4940;19.5425239506599;0.054901123046875;0.038677978515625;;1 A;
4;4941;19.545233950653;0.057342529296875;0.040008544921875;;1 A;
4;4942;19.5479439506462;0.05975341796875;0.0412994384765625;;1 A;
4;4943;19.5506539506393;0.062164306640625;0.0429046630859375;;1 A;
4;4944;19.5533639506325;0.06463623046875;0.0442596435546875;;1 A;
4;4945;19.5560739506257;0.06707763671875;0.045916748046875;;1 A;
4;4946;19.5587839506188;0.0694580078125;0.0474822998046875;;1 A;
4;4947;19.561493950612;0.071929931640625;0.0490509033203125;;1 A;
4;4948;19.5642039506051;0.074371337890625;0.050811767578125;;1 A;
4;4949;19.5669139505983;0.076812744140625;0.052520751953125;;1 A;
4;4950;19.5696239505914;0.0792236328125;0.054443359375;;1 A;
4;4951;19.5723339505846;0.0816650390625;0.05609130859375;;1 A;
4;4952;19.5750439505778;0.084136962890625;0.05804443359375;;1 A;
4;4953;19.5777539505709;0.086517333984375;0.05975341796875;;1 A;
4;4954;19.5804639505641;0.089019775390625;0.06182861328125;;1 A;
4;4955;19.5831739505572;0.091461181640625;0.063751220703125;;1 A;
4;4956;19.5858839505504;0.093902587890625;0.066162109375;;1 A;
4;4957;19.5885939505436;0.096343994140625;0.06817626953125;;1 A;
4;4958;19.5913039505367;0.098724365234375;0.070220947265625;;1 A;
4;4959;19.5940139505299;0.1011962890625;0.072418212890625;;1 A;
4;4960;19.596723950523;0.10369873046875;0.074859619140625;;1 A;
4;4961;19.5994339505162;0.1060791015625;0.077056884765625;;1 A;
4;4962;19.6021439505093;0.108551025390625;0.07958984375;;1 A;
4;4963;19.6048539505025;0.1109619140625;0.08203125;;1 A;
4;4964;19.6075639504957;0.113372802734375;0.0848388671875;;1 A;
4;4965;19.6102739504888;0.115814208984375;0.086883544921875;;1 A;
4;4966;19.612983950482;0.118255615234375;0.089752197265625;;1 A;
4;4967;19.6156939504751;0.120697021484375;0.092254638671875;;1 A;
4;4968;19.6184039504683;0.12310791015625;0.09539794921875;;1 A;
4;4969;19.6211139504614;0.12554931640625;0.098236083984375;;1 A;
4;4970;19.6238239504546;0.128021240234375;0.101531982421875;;1 A;
4;4971;19.6265339504478;0.130401611328125;0.10394287109375;;1 A;
4;4972;19.6292439504409;0.132843017578125;0.10699462890625;;1 A;
4;4973;19.6319539504341;0.13531494140625;0.109893798828125;;1 A;
4;4974;19.6346639504272;0.137786865234375;0.1134033203125;;1 A;
4;4975;19.6373739504204;0.14019775390625;0.116790771484375;;1 A;
4;4976;19.6400839504136;0.142608642578125;0.12005615234375;;1 A;
4;4977;19.6427939504067;0.14508056640625;0.123077392578125;;1 A;
4;4978;19.6455039503999;0.147552490234375;0.126373291015625;;1 A;
4;4979;19.648213950393;0.149932861328125;0.129852294921875;;1 A;
4;4980;19.6509239503862;0.15240478515625;0.133697509765625;;1 A;
4;4981;19.6536339503793;0.15484619140625;0.137451171875;;1 A;
4;4982;19.6563439503725;0.157257080078125;0.14117431640625;;1 A;
4;4983;19.6590539503657;0.159759521484375;0.144866943359375;;1 A;
4;4984;19.6617639503588;0.162109375;0.14849853515625;;1 A;
4;4985;19.664473950352;0.16455078125;0.152435302734375;;1 A;
4;4986;19.6671839503451;0.1669921875;0.156524658203125;;1 A;
4;4987;19.6698939503383;0.169464111328125;0.16082763671875;;1 A;
4;4988;19.6726039503314;0.171844482421875;0.164703369140625;;1 A;
4;4989;19.6753139503246;0.174285888671875;0.168975830078125;;1 A;
4;4990;19.6780239503178;0.1767578125;0.173095703125;;1 A;
4;4991;19.6807339503109;0.179168701171875;0.177459716796875;;1 A;
4;4992;19.6834439503041;0.18157958984375;0.18157958984375;;1 A;
4;4993;19.6861539502972;0.18408203125;0.186431884765625;;1 A;
4;4994;19.6888639502904;0.1865234375;0.1904296875;;1 A;
4;4995;19.6915739502836;0.188995361328125;0.195465087890625;;1 A;
4;4996;19.6942839502767;0.191375732421875;0.199462890625;;1 A;
4;4997;19.6969939502699;0.19378662109375;0.204132080078125;;1 A;
4;4998;19.699703950263;0.196258544921875;0.208465576171875;;1 A;
4;4999;19.7024139502562;0.198699951171875;0.21356201171875;;1 A;
4;5000;19.7051239502493;0.201202392578125;0.218353271484375;;1 A;
4;5001;19.7078339502425;0.20355224609375;0.223297119140625;;1 A;
4;5002;19.7105439502357;0.20599365234375;0.22772216796875;;1 A;
4;5003;19.7132539502288;0.208404541015625;0.23272705078125;;1 A;
4;5004;19.715963950222;0.21087646484375;0.237152099609375;;1 A;
4;5005;19.7186739502151;0.213287353515625;0.24285888671875;;1 A;
4;5006;19.7213839502083;0.215789794921875;0.247589111328125;;1 A;
4;5007;19.7240939502014;0.218170166015625;0.252960205078125;;1 A;
4;5008;19.7268039501946;0.22064208984375;0.256927490234375;;1 A;
4;5009;19.7295139501878;0.223052978515625;0.261871337890625;;1 A;
4;5010;19.7322239501809;0.22552490234375;0.266632080078125;;1 A;
4;5011;19.7349339501741;0.227935791015625;0.272216796875;;1 A;
4;5012;19.7376439501672;0.230438232421875;0.27716064453125;;1 A;
4;5013;19.7403539501604;0.232818603515625;0.28216552734375;;1 A;
4;5014;19.7430639501536;0.235260009765625;0.286590576171875;;1 A;
4;5015;19.7457739501467;0.2376708984375;0.291168212890625;;1 A;
4;5016;19.7484839501399;0.240142822265625;0.296112060546875;;1 A;
4;5017;19.751193950133;0.242523193359375;0.3013916015625;;1 A;
4;5018;19.7539039501262;0.2449951171875;0.30645751953125;;1 A;
4;5019;19.7566139501193;0.247467041015625;0.310943603515625;;1 A;
4;5020;19.7593239501125;0.249847412109375;0.315216064453125;;1 A;
4;5021;19.7620339501057;0.252288818359375;0.319671630859375;;1 A;
4;5022;19.7647439500988;0.254730224609375;0.324310302734375;;1 A;
4;5023;19.767453950092;0.2572021484375;0.328948974609375;;1 A;
4;5024;19.7701639500851;0.2596435546875;0.33367919921875;;1 A;
4;5025;19.7728739500783;0.262054443359375;0.337799072265625;;1 A;
4;5026;19.7755839500715;0.264556884765625;0.34210205078125;;1 A;
4;5027;19.7782939500646;0.2669677734375;0.345977783203125;;1 A;
4;5028;19.7810039500578;0.269317626953125;0.350128173828125;;1 A;
4;5029;19.7837139500509;0.271820068359375;0.353973388671875;;1 A;
4;5030;19.7864239500441;0.274200439453125;0.3585205078125;;1 A;
4;5031;19.7891339500372;0.27667236328125;0.361968994140625;;1 A;
4;5032;19.7918439500304;0.279144287109375;0.366058349609375;;1 A;
4;5033;19.7945539500236;0.281524658203125;0.368896484375;;1 A;
4;5034;19.7972639500167;0.2840576171875;0.3724365234375;;1 A;
4;5035;19.7999739500099;0.286529541015625;0.37548828125;;1 A;
4;5036;19.802683950003;0.28887939453125;0.37957763671875;;1 A;
4;5037;19.8053939499962;0.2913818359375;0.38232421875;;1 A;
4;5038;19.8081039499893;0.293792724609375;0.38568115234375;;1 A;
4;5039;19.8108139499825;0.296295166015625;0.3878173828125;;1 A;
4;5040;19.8135239499757;0.29864501953125;0.390625;;1 A;
4;5041;19.8162339499688;0.301116943359375;0.39276123046875;;1 A;
4;5042;19.818943949962;0.30352783203125;0.396087646484375;;1 A;
4;5043;19.8216539499551;0.30596923828125;0.398162841796875;;1 A;
4;5044;19.8243639499483;0.308380126953125;0.400604248046875;;1 A;
4;5045;19.8270739499415;0.310821533203125;0.401947021484375;;1 A;
4;5046;19.8297839499346;0.313323974609375;0.403900146484375;;1 A;
4;5047;19.8324939499278;0.315704345703125;0.40533447265625;;1 A;
4;5048;19.8352039499209;0.318206787109375;0.407623291015625;;1 A;
4;5049;19.8379139499141;0.32061767578125;0.409027099609375;;1 A;
4;5050;19.8406239499072;0.322998046875;0.410491943359375;;1 A;
4;5051;19.8433339499004;0.32550048828125;0.4110107421875;;1 A;
4;5052;19.8460439498936;0.32794189453125;0.4119873046875;;1 A;
4;5053;19.8487539498867;0.330352783203125;0.4127197265625;;1 A;
4;5054;19.8514639498799;0.332763671875;0.414093017578125;;1 A;
4;5055;19.854173949873;0.335235595703125;0.41455078125;;1 A;
4;5056;19.8568839498662;0.337677001953125;0.415069580078125;;1 A;
4;5057;19.8595939498593;0.340118408203125;0.41497802734375;;1 A;
4;5058;19.8623039498525;0.342559814453125;0.415008544921875;;1 A;
4;5059;19.8650139498457;0.345001220703125;0.415130615234375;;1 A;
4;5060;19.8677239498388;0.347412109375;0.415496826171875;;1 A;
4;5061;19.870433949832;0.349884033203125;0.41534423828125;;1 A;
4;5062;19.8731439498251;0.352264404296875;0.414886474609375;;1 A;
4;5063;19.8758539498183;0.354736328125;0.41436767578125;;1 A;
4;5064;19.8785639498115;0.357177734375;0.41351318359375;;1 A;
4;5065;19.8812739498046;0.35968017578125;0.41302490234375;;1 A;
4;5066;19.8839839497978;0.362030029296875;0.41229248046875;;1 A;
4;5067;19.8866939497909;0.364532470703125;0.4114990234375;;1 A;
4;5068;19.8894039497841;0.3668212890625;0.41046142578125;;1 A;
4;5069;19.8921139497772;0.369354248046875;0.4093017578125;;1 A;
4;5070;19.8948239497704;0.371795654296875;0.407928466796875;;1 A;
4;5071;19.8975339497636;0.374237060546875;0.406768798828125;;1 A;
4;5072;19.9002439497567;0.376678466796875;0.4052734375;;1 A;
4;5073;19.9029539497499;0.379150390625;0.4041748046875;;1 A;
4;5074;19.905663949743;0.381591796875;0.4024658203125;;1 A;
4;5075;19.9083739497362;0.384033203125;0.401092529296875;;1 A;
4;5076;19.9110839497293;0.38641357421875;0.39910888671875;;1 A;
4;5077;19.9137939497225;0.38885498046875;0.397491455078125;;1 A;
4;5078;19.9165039497157;0.39129638671875;0.395477294921875;;1 A;
4;5079;19.9192139497088;0.393768310546875;0.394073486328125;;1 A;
4;5080;19.921923949702;0.396148681640625;0.392059326171875;;1 A;
4;5081;19.9246339496951;0.398590087890625;0.390411376953125;;1 A;
4;5082;19.9273439496883;0.401031494140625;0.388153076171875;;1 A;
4;5083;19.9300539496815;0.403472900390625;0.386199951171875;;1 A;
4;5084;19.9327639496746;0.405975341796875;0.383941650390625;;1 A;
4;5085;19.9354739496678;0.408447265625;0.38226318359375;;1 A;
4;5086;19.9381839496609;0.410797119140625;0.38006591796875;;1 A;
4;5087;19.9408939496541;0.41326904296875;0.378082275390625;;1 A;
4;5088;19.9436039496472;0.415679931640625;0.375640869140625;;1 A;
4;5089;19.9463139496404;0.41815185546875;0.37347412109375;;1 A;
4;5090;19.9490239496336;0.42059326171875;0.37109375;;1 A;
4;5091;19.9517339496267;0.423004150390625;0.36932373046875;;1 A;
4;5092;19.9544439496199;0.42547607421875;0.366973876953125;;1 A;
4;5093;19.957153949613;0.42791748046875;0.36492919921875;;1 A;
4;5094;19.9598639496062;0.430328369140625;0.362335205078125;;1 A;
4;5095;19.9625739495993;0.4327392578125;0.360137939453125;;1 A;
4;5096;19.9652839495925;0.43524169921875;0.35784912109375;;1 A;
4;5097;19.9679939495857;0.437591552734375;0.3558349609375;;1 A;
4;5098;19.9707039495788;0.44012451171875;0.353607177734375;;1 A;
4;5099;19.973413949572;0.442535400390625;0.35137939453125;;1 A;
4;5100;19.9761239495651;0.445037841796875;0.348876953125;;1 A;
4;5101;19.9788339495583;0.44744873046875;0.3466796875;;1 A;
4;5102;19.9815439495515;0.449798583984375;0.3443603515625;;1 A;
4;5103;19.9842539495446;0.452301025390625;0.3424072265625;;1 A;
4;5104;19.9869639495378;0.454742431640625;0.340179443359375;;1 A;
4;5105;19.9896739495309;0.4571533203125;0.337982177734375;;1 A;
4;5106;19.9923839495241;0.4595947265625;0.335693359375;;1 A;
4;5107;19.9950939495172;0.462005615234375;0.33349609375;;1 A;
4;5108;19.9978039495104;0.464508056640625;0.331329345703125;;1 A;
4;5109;20.0005139495036;0.46685791015625;0.329193115234375;;1 A;
4;5110;20.0032239494967;0.469390869140625;0.327056884765625;;1 A;
4;5111;20.0059339494899;0.471771240234375;0.324859619140625;;1 A;
4;5112;20.008643949483;0.4742431640625;0.322723388671875;;1 A;
4;5113;20.0113539494762;0.4766845703125;0.320587158203125;;1 A;
4;5114;20.0140639494693;0.47906494140625;0.31854248046875;;1 A;
4;5115;20.0167739494625;0.4815673828125;0.31640625;;1 A;
4;5116;20.0194839494557;0.4840087890625;0.314544677734375;;1 A;
4;5117;20.0221939494488;0.4864501953125;0.31243896484375;;1 A;
4;5118;20.024903949442;0.4888916015625;0.310516357421875;;1 A;
4;5119;20.0276139494351;0.49127197265625;0.308349609375;;1 A;
4;5120;20.0303239494283;0.49371337890625;0.306396484375;;1 A;
4;5121;20.0330339494215;0.496185302734375;0.304473876953125;;1 A;
4;5122;20.0357439494146;0.4986572265625;0.302642822265625;;1 A;
4;5123;20.0384539494078;0.5010986328125;0.300689697265625;;1 A;
4;5124;20.0411639494009;0.50347900390625;0.298797607421875;;1 A;
4;5125;20.0438739493941;0.50592041015625;0.296905517578125;;1 A;
4;5126;20.0465839493872;0.508392333984375;0.295135498046875;;1 A;
4;5127;20.0492939493804;0.510833740234375;0.293212890625;;1 A;
4;5128;20.0520039493736;0.51324462890625;0.29150390625;;1 A;
4;5129;20.0547139493667;0.515655517578125;0.289703369140625;;1 A;
4;5130;20.0574239493599;0.51812744140625;0.28802490234375;;1 A;
4;5131;20.060133949353;0.520599365234375;0.28619384765625;;1 A;
4;5132;20.0628439493462;0.5230712890625;0.28448486328125;;1 A;
4;5133;20.0655539493393;0.525421142578125;0.28277587890625;;1 A;
4;5134;20.0682639493325;0.52783203125;0.28118896484375;;1 A;
4;5135;20.0709739493257;0.530364990234375;0.279510498046875;;1 A;
4;5136;20.0736839493188;0.532745361328125;0.2779541015625;;1 A;
4;5137;20.076393949312;0.535247802734375;0.276275634765625;;1 A;
4;5138;20.0791039493051;0.537689208984375;0.274749755859375;;1 A;
4;5139;20.0818139492983;0.5400390625;0.27313232421875;;1 A;
4;5140;20.0845239492915;0.54254150390625;0.271697998046875;;1 A;
4;5141;20.0872339492846;0.544952392578125;0.270233154296875;;1 A;
4;5142;20.0899439492778;0.54736328125;0.268707275390625;;1 A;
4;5143;20.0926539492709;0.5498046875;0.2672119140625;;1 A;
4;5144;20.0953639492641;0.552276611328125;0.26568603515625;;1 A;
4;5145;20.0980739492572;0.554718017578125;0.26434326171875;;1 A;
4;5146;20.1007839492504;0.557159423828125;0.26300048828125;;1 A;
4;5147;20.1034939492436;0.559539794921875;0.261627197265625;;1 A;
4;5148;20.1062039492367;0.56207275390625;0.26019287109375;;1 A;
4;5149;20.1089139492299;0.564483642578125;0.258880615234375;;1 A;
4;5150;20.111623949223;0.566925048828125;0.257568359375;;1 A;
4;5151;20.1143339492162;0.5693359375;0.256256103515625;;1 A;
4;5152;20.1170439492093;0.571807861328125;0.255035400390625;;1 A;
4;5153;20.1197539492025;0.574249267578125;0.25372314453125;;1 A;
4;5154;20.1224639491957;0.576629638671875;0.25250244140625;;1 A;
4;5155;20.1251739491888;0.579132080078125;0.251251220703125;;1 A;
4;5156;20.127883949182;0.58160400390625;0.250030517578125;;1 A;
4;5157;20.1305939491751;0.58392333984375;0.248809814453125;;1 A;
4;5158;20.1333039491683;0.58642578125;0.2476806640625;;1 A;
4;5159;20.1360139491615;0.5888671875;0.24652099609375;;1 A;
4;5160;20.1387239491546;0.591278076171875;0.245452880859375;;1 A;
4;5161;20.1414339491478;0.59368896484375;0.244293212890625;;1 A;
4;5162;20.1441439491409;0.59619140625;0.2431640625;;1 A;
4;5163;20.1468539491341;0.5986328125;0.242095947265625;;1 A;
4;5164;20.1495639491272;0.601043701171875;0.24102783203125;;1 A;
4;5165;20.1522739491204;0.60345458984375;0.239990234375;;1 A;
4;5166;20.1549839491136;0.60589599609375;0.238983154296875;;1 A;
4;5167;20.1576939491067;0.608367919921875;0.237945556640625;;1 A;
4;5168;20.1604039490999;0.61077880859375;0.236907958984375;;1 A;
4;5169;20.163113949093;0.613189697265625;0.2359619140625;;1 A;
4;5170;20.1658239490862;0.615692138671875;0.2349853515625;;1 A;
4;5171;20.1685339490793;0.618133544921875;0.23406982421875;;1 A;
4;5172;20.1712439490725;0.62054443359375;0.233123779296875;;1 A;
4;5173;20.1739539490657;0.62298583984375;0.232177734375;;1 A;
4;5174;20.1766639490588;0.625396728515625;0.23126220703125;;1 A;
4;5175;20.179373949052;0.627838134765625;0.230377197265625;;1 A;
4;5176;20.1820839490451;0.630340576171875;0.22943115234375;;1 A;
4;5177;20.1847939490383;0.63275146484375;0.22857666015625;;1 A;
4;5178;20.1875039490315;0.63519287109375;0.227691650390625;;1 A;
4;5179;20.1902139490246;0.637603759765625;0.226837158203125;;1 A;
4;5180;20.1929239490178;0.640045166015625;0.225982666015625;;1 A;
4;5181;20.1956339490109;0.642486572265625;0.225128173828125;;1 A;
4;5182;20.1983439490041;0.6448974609375;0.224334716796875;;1 A;
4;5183;20.2010539489972;0.6473388671875;0.223541259765625;;1 A;
4;5184;20.2037639489904;0.6497802734375;0.2227783203125;;1 A;
4;5185;20.2064739489836;0.652252197265625;0.22198486328125;;1 A;
4;5186;20.2091839489767;0.6546630859375;0.221160888671875;;1 A;
4;5187;20.2118939489699;0.6571044921875;0.22039794921875;;1 A;
4;5188;20.214603948963;0.659576416015625;0.219635009765625;;1 A;
4;5189;20.2173139489562;0.661956787109375;0.21893310546875;;1 A;
4;5190;20.2200239489493;0.664398193359375;0.218231201171875;;1 A;
4;5191;20.2227339489425;0.6668701171875;0.217529296875;;1 A;
4;5192;20.2254439489357;0.6693115234375;0.216796875;;1 A;
4;5193;20.2281539489288;0.6717529296875;0.216094970703125;;1 A;
4;5194;20.230863948922;0.6741943359375;0.2154541015625;;1 A;
4;5195;20.2335739489151;0.676605224609375;0.2147216796875;;1 A;
4;5196;20.2362839489083;0.679046630859375;0.214111328125;;1 A;
4;5197;20.2389939489015;0.68145751953125;0.2135009765625;;1 A;
4;5198;20.2417039488946;0.683990478515625;0.212799072265625;;1 A;
4;5199;20.2444139488878;0.6864013671875;0.21221923828125;;1 A;
4;5200;20.2471239488809;0.68878173828125;0.211578369140625;;1 A;
4;5201;20.2498339488741;0.691253662109375;0.21099853515625;;1 A;
4;5202;20.2525439488672;0.69366455078125;0.210418701171875;;1 A;
4;5203;20.2552539488604;0.696136474609375;0.2098388671875;;1 A;
4;5204;20.2579639488536;0.69854736328125;0.20928955078125;;1 A;
4;5205;20.2606739488467;0.70098876953125;0.208709716796875;;1 A;
4;5206;20.2633839488399;0.703460693359375;0.208221435546875;;1 A;
4;5207;20.266093948833;0.705902099609375;0.2076416015625;;1 A;
4;5208;20.2688039488262;0.70831298828125;0.20721435546875;;1 A;
4;5209;20.2715139488193;0.710693359375;0.206695556640625;;1 A;
4;5210;20.2742239488125;0.71319580078125;0.206207275390625;;1 A;
4;5211;20.2769339488057;0.715606689453125;0.205780029296875;;1 A;
4;5212;20.2796439487988;0.718048095703125;0.20538330078125;;1 A;
4;5213;20.282353948792;0.720489501953125;0.20489501953125;;1 A;
4;5214;20.2850639487851;0.722930908203125;0.204498291015625;;1 A;
4;5215;20.2877739487783;0.725372314453125;0.20404052734375;;1 A;
4;5216;20.2904839487715;0.727783203125;0.203704833984375;;1 A;
4;5217;20.2931939487646;0.730224609375;0.203277587890625;;1 A;
4;5218;20.2959039487578;0.732666015625;0.202972412109375;;1 A;
4;5219;20.2986139487509;0.735137939453125;0.20263671875;;1 A;
4;5220;20.3013239487441;0.73760986328125;0.202301025390625;;1 A;
4;5221;20.3040339487372;0.740020751953125;0.201934814453125;;1 A;
4;5222;20.3067439487304;0.742462158203125;0.20166015625;;1 A;
4;5223;20.3094539487236;0.744903564453125;0.20135498046875;;1 A;
4;5224;20.3121639487167;0.747314453125;0.201141357421875;;1 A;
4;5225;20.3148739487099;0.749755859375;0.200897216796875;;1 A;
4;5226;20.317583948703;0.751953125;0.200775146484375;;1 A;
4;5227;20.3202939486962;0.75531005859375;0.200592041015625;;1 A;
4;5228;20.3230039486893;0.7574462890625;0.200286865234375;;1 A;
4;5229;20.3257139486825;0.75958251953125;0.200164794921875;;1 A;
4;5230;20.3284239486757;0.76171875;0.200042724609375;;1 A;
4;5231;20.3311339486688;0.76446533203125;0.199951171875;;1 A;
4;5232;20.333843948662;0.76690673828125;0.199859619140625;;1 A;
4;5233;20.3365539486551;0.76934814453125;0.19970703125;;1 A;
4;5234;20.3392639486483;0.77178955078125;0.199615478515625;;1 A;
4;5235;20.3419739486415;0.7745361328125;0.199493408203125;;1 A;
4;5236;20.3446839486346;0.77667236328125;0.199462890625;;1 A;
4;5237;20.3473939486278;0.7794189453125;0.199432373046875;;1 A;
4;5238;20.3501039486209;0.7818603515625;0.199432373046875;;1 A;
4;5239;20.3528139486141;0.78399658203125;0.199493408203125;;1 A;
4;5240;20.3555239486072;0.7867431640625;0.199493408203125;;1 A;
4;5241;20.3582339486004;0.78857421875;0.199493408203125;;1 A;
4;5242;20.3609439485936;0.791015625;0.1995849609375;;1 A;
4;5243;20.3636539485867;0.79376220703125;0.199676513671875;;1 A;
4;5244;20.3663639485799;0.7958984375;0.199859619140625;;1 A;
4;5245;20.369073948573;0.79864501953125;0.1993408203125;;1 A;
4;5246;20.3717839485662;0.79620361328125;0.19659423828125;;1 A;
4;5247;20.3744939485593;0.79376220703125;0.194732666015625;;1 A;
4;5248;20.3772039485525;0.79193115234375;0.192901611328125;;1 A;
4;5249;20.3799139485457;0.7891845703125;0.191192626953125;;1 A;
4;5250;20.3826239485388;0.7867431640625;0.189605712890625;;1 A;
4;5251;20.385333948532;0.78399658203125;0.188018798828125;;1 A;
4;5252;20.3880439485251;0.78155517578125;0.186492919921875;;1 A;
4;5253;20.3907539485183;0.7794189453125;0.185028076171875;;1 A;
4;5254;20.3934639485115;0.7769775390625;0.183563232421875;;1 A;
4;5255;20.3961739485046;0.775146484375;0.1822509765625;;1 A;
4;5256;20.3988839484978;0.77239990234375;0.180877685546875;;1 A;
4;5257;20.4015939484909;0.7696533203125;0.17962646484375;;1 A;
4;5258;20.4043039484841;0.767822265625;0.1783447265625;;1 A;
4;5259;20.4070139484772;0.7647705078125;0.177093505859375;;1 A;
4;5260;20.4097239484704;0.7623291015625;0.1759033203125;;1 A;
4;5261;20.4124339484636;0.76019287109375;0.1748046875;;1 A;
4;5262;20.4151439484567;0.758056640625;0.173614501953125;;1 A;
4;5263;20.4178539484499;0.75531005859375;0.17254638671875;;1 A;
4;5264;20.420563948443;0.75286865234375;0.17144775390625;;1 A;
4;5265;20.4232739484362;0.75042724609375;0.170501708984375;;1 A;
4;5266;20.4259839484293;0.74774169921875;0.16943359375;;1 A;
4;5267;20.4286939484225;0.74530029296875;0.168487548828125;;1 A;
4;5268;20.4314039484157;0.7427978515625;0.167510986328125;;1 A;
4;5269;20.4341139484088;0.740386962890625;0.16656494140625;;1 A;
4;5270;20.436823948402;0.737945556640625;0.1656494140625;;1 A;
4;5271;20.4395339483951;0.73553466796875;0.164703369140625;;1 A;
4;5272;20.4422439483883;0.733062744140625;0.163787841796875;;1 A;
4;5273;20.4449539483815;0.730743408203125;0.16290283203125;;1 A;
4;5274;20.4476639483746;0.72821044921875;0.162017822265625;;1 A;
4;5275;20.4503739483678;0.7257080078125;0.161224365234375;;1 A;
4;5276;20.4530839483609;0.72332763671875;0.16033935546875;;1 A;
4;5277;20.4557939483541;0.72088623046875;0.1595458984375;;1 A;
4;5278;20.4585039483472;0.718475341796875;0.158721923828125;;1 A;
4;5279;20.4612139483404;0.71600341796875;0.157928466796875;;1 A;
4;5280;20.4639239483336;0.713592529296875;0.157135009765625;;1 A;
4;5281;20.4666339483267;0.711090087890625;0.1563720703125;;1 A;
4;5282;20.4693439483199;0.708709716796875;0.15557861328125;;1 A;
4;5283;20.472053948313;0.7061767578125;0.154815673828125;;1 A;
4;5284;20.4747639483062;0.703857421875;0.154052734375;;1 A;
4;5285;20.4774739482993;0.701385498046875;0.15338134765625;;1 A;
4;5286;20.4801839482925;0.69891357421875;0.152618408203125;;1 A;
4;5287;20.4828939482857;0.696533203125;0.15191650390625;;1 A;
4;5288;20.4856039482788;0.694061279296875;0.151214599609375;;1 A;
4;5289;20.488313948272;0.69158935546875;0.1505126953125;;1 A;
4;5290;20.4910239482651;0.68914794921875;0.149810791015625;;1 A;
4;5291;20.4937339482583;0.686737060546875;0.149139404296875;;1 A;
4;5292;20.4964439482515;0.684356689453125;0.148468017578125;;1 A;
4;5293;20.4991539482446;0.681854248046875;0.1478271484375;;1 A;
4;5294;20.5018639482378;0.679412841796875;0.147186279296875;;1 A;
4;5295;20.5045739482309;0.67694091796875;0.146514892578125;;1 A;
4;5296;20.5072839482241;0.674591064453125;0.145904541015625;;1 A;
4;5297;20.5099939482172;0.672088623046875;0.14520263671875;;1 A;
4;5298;20.5127039482104;0.669647216796875;0.14459228515625;;1 A;
4;5299;20.5154139482036;0.667236328125;0.143951416015625;;1 A;
4;5300;20.5181239481967;0.664764404296875;0.143341064453125;;1 A;
4;5301;20.5208339481899;0.662353515625;0.142730712890625;;1 A;
4;5302;20.523543948183;0.659881591796875;0.142120361328125;;1 A;
4;5303;20.5262539481762;0.657470703125;0.1414794921875;;1 A;
4;5304;20.5289639481693;0.655029296875;0.140899658203125;;1 A;
4;5305;20.5316739481625;0.652618408203125;0.140289306640625;;1 A;
4;5306;20.5343839481557;0.650146484375;0.13970947265625;;1 A;
4;5307;20.5370939481488;0.647705078125;0.139068603515625;;1 A;
4;5308;20.539803948142;0.645294189453125;0.138458251953125;;1 A;
4;5309;20.5425139481351;0.642822265625;0.137908935546875;;1 A;
4;5310;20.5452239481283;0.640380859375;0.137298583984375;;1 A;
4;5311;20.5479339481215;0.637908935546875;0.13671875;;1 A;
4;5312;20.5506439481146;0.635528564453125;0.136138916015625;;1 A;
4;5313;20.5533539481078;0.633056640625;0.135528564453125;;1 A;
4;5314;20.5560639481009;0.63067626953125;0.13494873046875;;1 A;
4;5315;20.5587739480941;0.628204345703125;0.13433837890625;;1 A;
4;5316;20.5614839480872;0.625762939453125;0.133758544921875;;1 A;
4;5317;20.5641939480804;0.623321533203125;0.133209228515625;;1 A;
4;5318;20.5669039480736;0.620880126953125;0.132659912109375;;1 A;
4;5319;20.5696139480667;0.618438720703125;0.132049560546875;;1 A;
4;5320;20.5723239480599;0.61602783203125;0.131439208984375;;1 A;
4;5321;20.575033948053;0.613555908203125;0.130859375;;1 A;
4;5322;20.5777439480462;0.61114501953125;0.1302490234375;;1 A;
4;5323;20.5804539480393;0.608642578125;0.129669189453125;;1 A;
4;5324;20.5831639480325;0.606292724609375;0.12908935546875;;1 A;
4;5325;20.5858739480257;0.6038818359375;0.128448486328125;;1 A;
4;5326;20.5885839480188;0.601348876953125;0.12786865234375;;1 A;
4;5327;20.591293948012;0.59893798828125;0.127288818359375;;1 A;
4;5328;20.5940039480051;0.596466064453125;0.126678466796875;;1 A;
4;5329;20.5967139479983;0.59405517578125;0.1260986328125;;1 A;
4;5330;20.5994239479915;0.5916748046875;0.125457763671875;;1 A;
4;5331;20.6021339479846;0.5892333984375;0.124847412109375;;1 A;
4;5332;20.6048439479778;0.5867919921875;0.124267578125;;1 A;
4;5333;20.6075539479709;0.584320068359375;0.12359619140625;;1 A;
4;5334;20.6102639479641;0.581878662109375;0.122955322265625;;1 A;
4;5335;20.6129739479572;0.5794677734375;0.122314453125;;1 A;
4;5336;20.6156839479504;0.576934814453125;0.12164306640625;;1 A;
4;5337;20.6183939479436;0.574554443359375;0.121063232421875;;1 A;
4;5338;20.6211039479367;0.57208251953125;0.12030029296875;;1 A;
4;5339;20.6238139479299;0.569671630859375;0.11968994140625;;1 A;
4;5340;20.626523947923;0.56732177734375;0.118988037109375;;1 A;
4;5341;20.6292339479162;0.564788818359375;0.118316650390625;;1 A;
4;5342;20.6319439479093;0.5623779296875;0.1175537109375;;1 A;
4;5343;20.6346539479025;0.559906005859375;0.116943359375;;1 A;
4;5344;20.6373639478957;0.557464599609375;0.1162109375;;1 A;
4;5345;20.6400739478888;0.5550537109375;0.115478515625;;1 A;
4;5346;20.642783947882;0.552642822265625;0.11468505859375;;1 A;
4;5347;20.6454939478751;0.5501708984375;0.114013671875;;1 A;
4;5348;20.6482039478683;0.547698974609375;0.11322021484375;;1 A;
4;5349;20.6509139478615;0.54534912109375;0.112518310546875;;1 A;
4;5350;20.6536239478546;0.542877197265625;0.1116943359375;;1 A;
4;5351;20.6563339478478;0.5404052734375;0.11090087890625;;1 A;
4;5352;20.6590439478409;0.5379638671875;0.110107421875;;1 A;
4;5353;20.6617539478341;0.5355224609375;0.10919189453125;;1 A;
4;5354;20.6644639478272;0.533050537109375;0.108428955078125;;1 A;
4;5355;20.6671739478204;0.53070068359375;0.10760498046875;;1 A;
4;5356;20.6698839478136;0.528228759765625;0.106658935546875;;1 A;
4;5357;20.6725939478067;0.525726318359375;0.105712890625;;1 A;
4;5358;20.6753039477999;0.52337646484375;0.10479736328125;;1 A;
4;5359;20.678013947793;0.520843505859375;0.1038818359375;;1 A;
4;5360;20.6807239477862;0.51849365234375;0.1029052734375;;1 A;
4;5361;20.6834339477793;0.516021728515625;0.102020263671875;;1 A;
4;5362;20.6861439477725;0.5135498046875;0.100921630859375;;1 A;
4;5363;20.6888539477657;0.51116943359375;0.0999755859375;;1 A;
4;5364;20.6915639477588;0.50872802734375;0.09893798828125;;1 A;
4;5365;20.694273947752;0.50628662109375;0.097808837890625;;1 A;
4;5366;20.6969839477451;0.5037841796875;0.09674072265625;;1 A;
4;5367;20.6996939477383;0.501434326171875;0.09564208984375;;1 A;
4;5368;20.7024039477315;0.4989013671875;0.094573974609375;;1 A;
4;5369;20.7051139477246;0.4964599609375;0.093292236328125;;1 A;
4;5370;20.7078239477178;0.4940185546875;0.09210205078125;;1 A;
4;5371;20.7105339477109;0.491607666015625;0.0908203125;;1 A;
4;5372;20.7132439477041;0.489166259765625;0.08953857421875;;1 A;
4;5373;20.7159539476972;0.48675537109375;0.08819580078125;;1 A;
4;5374;20.7186639476904;0.48431396484375;0.08697509765625;;1 A;
4;5375;20.7213739476836;0.48187255859375;0.0855712890625;;1 A;
4;5376;20.7240839476767;0.4793701171875;0.08428955078125;;1 A;
4;5377;20.7267939476699;0.477020263671875;0.082672119140625;;1 A;
4;5378;20.729503947663;0.474517822265625;0.08123779296875;;1 A;
4;5379;20.7322139476562;0.472137451171875;0.07965087890625;;1 A;
4;5380;20.7349239476493;0.469696044921875;0.0782470703125;;1 A;
4;5381;20.7376339476425;0.46722412109375;0.07666015625;;1 A;
4;5382;20.7403439476357;0.46478271484375;0.0750732421875;;1 A;
4;5383;20.7430539476288;0.46234130859375;0.07318115234375;;1 A;
4;5384;20.745763947622;0.459930419921875;0.071502685546875;;1 A;
4;5385;20.7484739476151;0.457489013671875;0.0697021484375;;1 A;
4;5386;20.7511839476083;0.455047607421875;0.068115234375;;1 A;
4;5387;20.7538939476015;0.452606201171875;0.0662841796875;;1 A;
4;5388;20.7566039475946;0.450164794921875;0.064422607421875;;1 A;
4;5389;20.7593139475878;0.447723388671875;0.0621337890625;;1 A;
4;5390;20.7620239475809;0.44525146484375;0.060211181640625;;1 A;
4;5391;20.7647339475741;0.442840576171875;0.05810546875;;1 A;
4;5392;20.7674439475672;0.440460205078125;0.056121826171875;;1 A;
4;5393;20.7701539475604;0.43798828125;0.053985595703125;;1 A;
4;5394;20.7728639475536;0.43548583984375;0.05181884765625;;1 A;
4;5395;20.7755739475467;0.433135986328125;0.0494415283203125;;1 A;
4;5396;20.7782839475399;0.430694580078125;0.0470733642578125;;1 A;
4;5397;20.780993947533;0.42822265625;0.04468994140625;;1 A;
4;5398;20.7837039475262;0.42578125;0.042242431640625;;1 A;
4;5399;20.7864139475193;0.423370361328125;0.0398529052734375;;1 A;
4;5400;20.7891239475125;0.420928955078125;0.0372314453125;;1 A;
4;5401;20.7918339475057;0.418487548828125;0.034552001953125;;1 A;
4;5402;20.7945439474988;0.416015625;0.031689453125;;1 A;
4;5403;20.797253947492;0.413604736328125;0.02906494140625;;1 A;
4;5404;20.7999639474851;0.411163330078125;0.0261962890625;;1 A;
4;5405;20.8026739474783;0.408721923828125;0.0234222412109375;;1 A;
4;5406;20.8053839474715;0.406280517578125;0.02041015625;;1 A;
4;5407;20.8080939474646;0.403900146484375;0.0174835205078125;;1 A;
4;5408;20.8108039474578;0.40142822265625;0.014129638671875;;1 A;
4;5409;20.8135139474509;0.39898681640625;0.0110809326171875;;1 A;
4;5410;20.8162239474441;0.396514892578125;0.00762023925781249;;1 A;
4;5411;20.8189339474372;0.394073486328125;0.0046661376953125;;1 A;
4;5412;20.8216439474304;0.391693115234375;0.0010955810546875;;1 A;
4;5413;20.8243539474236;0.38922119140625;-0.00217285156249999;;1 A;
4;5414;20.8270639474167;0.38677978515625;-0.006072998046875;;1 A;
4;5415;20.8297739474099;0.38433837890625;-0.00955810546874999;;1 A;
4;5416;20.832483947403;0.381927490234375;-0.013409423828125;;1 A;
4;5417;20.8351939473962;0.37945556640625;-0.0166473388671875;;1 A;
4;5418;20.8379039473893;0.3770751953125;-0.0205718994140625;;1 A;
4;5419;20.8406139473825;0.374603271484375;-0.0242279052734375;;1 A;
4;5420;20.8433239473757;0.3721923828125;-0.0285888671875;;1 A;
4;5421;20.8460339473688;0.3697509765625;-0.0325103759765625;;1 A;
4;5422;20.848743947362;0.3673095703125;-0.036590576171875;;1 A;
4;5423;20.8514539473551;0.364898681640625;-0.040191650390625;;1 A;
4;5424;20.8541639473483;0.362457275390625;-0.0444305419921875;;1 A;
4;5425;20.8568739473415;0.3599853515625;-0.04842529296875;;1 A;
4;5426;20.8595839473346;0.3575439453125;-0.053131103515625;;1 A;
4;5427;20.8622939473278;0.3551025390625;-0.057281494140625;;1 A;
4;5428;20.8650039473209;0.352630615234375;-0.06158447265625;;1 A;
4;5429;20.8677139473141;0.3502197265625;-0.065460205078125;;1 A;
4;5430;20.8704239473072;0.347747802734375;-0.069793701171875;;1 A;
4;5431;20.8731339473004;0.345367431640625;-0.0740966796875;;1 A;
4;5432;20.8758439472936;0.34295654296875;-0.0787353515625;;1 A;
4;5433;20.8785539472867;0.340423583984375;-0.0833740234375;;1 A;
4;5434;20.8812639472799;0.3380126953125;-0.087615966796875;;1 A;
4;5435;20.883973947273;0.335662841796875;-0.09210205078125;;1 A;
4;5436;20.8866839472662;0.33319091796875;-0.096435546875;;1 A;
4;5437;20.8893939472594;0.330718994140625;-0.10113525390625;;1 A;
4;5438;20.8921039472525;0.328338623046875;-0.105743408203125;;1 A;
4;5439;20.8948139472457;0.32586669921875;-0.110595703125;;1 A;
4;5440;20.8975239472388;0.323333740234375;-0.115081787109375;;1 A;
4;5441;20.900233947232;0.320953369140625;-0.11981201171875;;1 A;
4;5442;20.9029439472251;0.318511962890625;-0.12420654296875;;1 A;
4;5443;20.9056539472183;0.31610107421875;-0.129058837890625;;1 A;
4;5444;20.9083639472115;0.313629150390625;-0.13348388671875;;1 A;
4;5445;20.9110739472046;0.31121826171875;-0.138702392578125;;1 A;
4;5446;20.9137839471978;0.308746337890625;-0.143218994140625;;1 A;
4;5447;20.9164939471909;0.306365966796875;-0.148284912109375;;1 A;
4;5448;20.9192039471841;0.30401611328125;-0.152252197265625;;1 A;
4;5449;20.9219139471772;0.30145263671875;-0.157196044921875;;1 A;
4;5450;20.9246239471704;0.299072265625;-0.16156005859375;;1 A;
4;5451;20.9273339471636;0.296661376953125;-0.166748046875;;1 A;
4;5452;20.9300439471567;0.294158935546875;-0.17108154296875;;1 A;
4;5453;20.9327539471499;0.291748046875;-0.17584228515625;;1 A;
4;5454;20.935463947143;0.289337158203125;-0.179595947265625;;1 A;
4;5455;20.9381739471362;0.286895751953125;-0.18438720703125;;1 A;
4;5456;20.9408839471294;0.28436279296875;-0.1883544921875;;1 A;
4;5457;20.9435939471225;0.282012939453125;-0.193389892578125;;1 A;
4;5458;20.9463039471157;0.279541015625;-0.1973876953125;;1 A;
4;5459;20.9490139471088;0.277069091796875;-0.201751708984375;;1 A;
4;5460;20.951723947102;0.274688720703125;-0.205047607421875;;1 A;
4;5461;20.9544339470951;0.272216796875;-0.209136962890625;;1 A;
4;5462;20.9571439470883;0.26971435546875;-0.21295166015625;;1 A;
4;5463;20.9598539470815;0.267303466796875;-0.217315673828125;;1 A;
4;5464;20.9625639470746;0.264862060546875;-0.2210693359375;;1 A;
4;5465;20.9652739470678;0.26251220703125;-0.22467041015625;;1 A;
4;5466;20.9679839470609;0.260040283203125;-0.227783203125;;1 A;
4;5467;20.9706939470541;0.257598876953125;-0.231109619140625;;1 A;
4;5468;20.9734039470472;0.255157470703125;-0.234466552734375;;1 A;
4;5469;20.9761139470404;0.252716064453125;-0.238037109375;;1 A;
4;5470;20.9788239470336;0.25030517578125;-0.241455078125;;1 A;
4;5471;20.9815339470267;0.247802734375;-0.24420166015625;;1 A;
4;5472;20.9842439470199;0.245330810546875;-0.246612548828125;;1 A;
4;5473;20.986953947013;0.242950439453125;-0.249267578125;;1 A;
4;5474;20.9896639470062;0.240447998046875;-0.2520751953125;;1 A;
4;5475;20.9923739469994;0.238128662109375;-0.254730224609375;;1 A;
4;5476;20.9950839469925;0.235595703125;-0.25738525390625;;1 A;
4;5477;20.9977939469857;0.23321533203125;-0.25933837890625;;1 A;
4;5478;21.0005039469788;0.230712890625;-0.261474609375;;1 A;
4;5479;21.003213946972;0.22833251953125;-0.26318359375;;1 A;
4;5480;21.0059239469651;0.225860595703125;-0.265106201171875;;1 A;
4;5481;21.0086339469583;0.223419189453125;-0.2667236328125;;1 A;
4;5482;21.0113439469515;0.22100830078125;-0.2686767578125;;1 A;
4;5483;21.0140539469446;0.218536376953125;-0.27001953125;;1 A;
4;5484;21.0167639469378;0.216094970703125;-0.271575927734375;;1 A;
4;5485;21.0194739469309;0.21368408203125;-0.272369384765625;;1 A;
4;5486;21.0221839469241;0.21124267578125;-0.27362060546875;;1 A;
4;5487;21.0248939469172;0.20880126953125;-0.27435302734375;;1 A;
4;5488;21.0276039469104;0.20635986328125;-0.275787353515625;;1 A;
4;5489;21.0303139469036;0.20391845703125;-0.276092529296875;;1 A;
4;5490;21.0330239468967;0.201507568359375;-0.27703857421875;;1 A;
4;5491;21.0357339468899;0.19903564453125;-0.27703857421875;;1 A;
4;5492;21.038443946883;0.1966552734375;-0.2777099609375;;1 A;
4;5493;21.0411539468762;0.194183349609375;-0.277740478515625;;1 A;
4;5494;21.0438639468694;0.19171142578125;-0.278411865234375;;1 A;
4;5495;21.0465739468625;0.1893310546875;-0.278228759765625;;1 A;
4;5496;21.0492839468557;0.186859130859375;-0.278411865234375;;1 A;
4;5497;21.0519939468488;0.184417724609375;-0.277801513671875;;1 A;
4;5498;21.054703946842;0.18194580078125;-0.277801513671875;;1 A;
4;5499;21.0574139468351;0.17950439453125;-0.2772216796875;;1 A;
4;5500;21.0601239468283;0.177093505859375;-0.277191162109375;;1 A;
4;5501;21.0628339468215;0.174713134765625;-0.276641845703125;;1 A;
4;5502;21.0655439468146;0.172210693359375;-0.2762451171875;;1 A;
4;5503;21.0682539468078;0.169830322265625;-0.275054931640625;;1 A;
4;5504;21.0709639468009;0.1673583984375;-0.274444580078125;;1 A;
4;5505;21.0736739467941;0.164886474609375;-0.273590087890625;;1 A;
4;5506;21.0763839467872;0.1624755859375;-0.27301025390625;;1 A;
4;5507;21.0790939467804;0.160003662109375;-0.272003173828125;;1 A;
4;5508;21.0818039467736;0.157623291015625;-0.271026611328125;;1 A;
4;5509;21.0845139467667;0.155120849609375;-0.269561767578125;;1 A;
4;5510;21.0872239467599;0.1527099609375;-0.2684326171875;;1 A;
4;5511;21.089933946753;0.150299072265625;-0.267333984375;;1 A;
4;5512;21.0926439467462;0.147857666015625;-0.266326904296875;;1 A;
4;5513;21.0953539467394;0.1453857421875;-0.2650146484375;;1 A;
4;5514;21.0980639467325;0.142913818359375;-0.26373291015625;;1 A;
4;5515;21.1007739467257;0.140533447265625;-0.262176513671875;;1 A;
4;5516;21.1034839467188;0.13812255859375;-0.260589599609375;;1 A;
4;5517;21.106193946712;0.1356201171875;-0.25921630859375;;1 A;
4;5518;21.1089039467051;0.13323974609375;-0.257843017578125;;1 A;
4;5519;21.1116139466983;0.1307373046875;-0.256439208984375;;1 A;
4;5520;21.1143239466915;0.128326416015625;-0.254852294921875;;1 A;
4;5521;21.1170339466846;0.1258544921875;-0.253204345703125;;1 A;
4;5522;21.1197439466778;0.123443603515625;-0.25146484375;;1 A;
4;5523;21.1224539466709;0.12103271484375;-0.24993896484375;;1 A;
4;5524;21.1251639466641;0.11859130859375;-0.248291015625;;1 A;
4;5525;21.1278739466572;0.11614990234375;-0.246795654296875;;1 A;
4;5526;21.1305839466504;0.113677978515625;-0.2449951171875;;1 A;
4;5527;21.1332939466436;0.111297607421875;-0.243408203125;;1 A;
4;5528;21.1360039466367;0.10882568359375;-0.241607666015625;;1 A;
4;5529;21.1387139466299;0.106414794921875;-0.23992919921875;;1 A;
4;5530;21.141423946623;0.103973388671875;-0.238128662109375;;1 A;
4;5531;21.1441339466162;0.101531982421875;-0.236541748046875;;1 A;
4;5532;21.1468439466094;0.09912109375;-0.23480224609375;;1 A;
4;5533;21.1495539466025;0.096649169921875;-0.233123779296875;;1 A;
4;5534;21.1522639465957;0.09423828125;-0.231170654296875;;1 A;
4;5535;21.1549739465888;0.091766357421875;-0.22955322265625;;1 A;
4;5536;21.157683946582;0.089385986328125;-0.22772216796875;;1 A;
4;5537;21.1603939465751;0.086883544921875;-0.226226806640625;;1 A;
4;5538;21.1631039465683;0.08441162109375;-0.224273681640625;;1 A;
4;5539;21.1658139465615;0.08203125;-0.222686767578125;;1 A;
4;5540;21.1685239465546;0.07958984375;-0.220855712890625;;1 A;
4;5541;21.1712339465478;0.0771484375;-0.21923828125;;1 A;
4;5542;21.1739439465409;0.07470703125;-0.21746826171875;;1 A;
4;5543;21.1766539465341;0.07220458984375;-0.215850830078125;;1 A;
4;5544;21.1793639465272;0.069793701171875;-0.214141845703125;;1 A;
4;5545;21.1820739465204;0.067413330078125;-0.21258544921875;;1 A;
4;5546;21.1847839465136;0.064971923828125;-0.210723876953125;;1 A;
4;5547;21.1874939465067;0.06256103515625;-0.209136962890625;;1 A;
4;5548;21.1902039464999;0.06005859375;-0.20745849609375;;1 A;
4;5549;21.192913946493;0.0576171875;-0.20599365234375;;1 A;
4;5550;21.1956239464862;0.055206298828125;-0.204315185546875;;1 A;
4;5551;21.1983339464794;0.052703857421875;-0.202789306640625;;1 A;
4;5552;21.2010439464725;0.05029296875;-0.201080322265625;;1 A;
4;5553;21.2037539464657;0.0478271484375;-0.199493408203125;;1 A;
4;5554;21.2064639464588;0.045379638671875;-0.197967529296875;;1 A;
4;5555;21.209173946452;0.042950439453125;-0.196533203125;;1 A;
4;5556;21.2118839464451;0.0405059814453125;-0.195068359375;;1 A;
4;5557;21.2145939464383;0.03807373046875;-0.193572998046875;;1 A;
4;5558;21.2173039464315;0.03563232421875;-0.191986083984375;;1 A;
4;5559;21.2200139464246;0.0332122802734375;-0.1905517578125;;1 A;
4;5560;21.2227239464178;0.03076171875;-0.189117431640625;;1 A;
4;5561;21.2254339464109;0.0283294677734375;-0.187744140625;;1 A;
4;5562;21.2281439464041;0.0258941650390625;-0.1864013671875;;1 A;
4;5563;21.2308539463972;0.023480224609375;-0.18505859375;;1 A;
4;5564;21.2335639463904;0.02100830078125;-0.18359375;;1 A;
4;5565;21.2362739463836;0.018585205078125;-0.1822509765625;;1 A;
4;5566;21.2389839463767;0.01614990234375;-0.18096923828125;;1 A;
4;5567;21.2416939463699;0.013714599609375;-0.179718017578125;;1 A;
4;5568;21.244403946363;0.0112823486328125;-0.178466796875;;1 A;
4;5569;21.2471139463562;0.00884094238281249;-0.17718505859375;;1 A;
4;5570;21.2498239463494;0.00638427734374999;-0.175933837890625;;1 A;
4;5571;21.2525339463425;0.00397644042968751;-0.1748046875;;1 A;
4;5572;21.2552439463357;0.0015228271484375;-0.173553466796875;;1 A;
4;5573;21.2579539463288;-0.00091552734375;-0.172393798828125;;1 A;
4;5574;21.260663946322;-0.00334777832031249;-0.1712646484375;;1 A;
4;5575;21.2633739463151;-0.00579833984375;-0.170135498046875;;1 A;
4;5576;21.2660839463083;-0.0082366943359375;-0.169036865234375;;1 A;
4;5577;21.2687939463015;-0.01065673828125;-0.16790771484375;;1 A;
4;5578;21.2715039462946;-0.0131317138671875;-0.166839599609375;;1 A;
4;5579;21.2742139462878;-0.0155487060546875;-0.165802001953125;;1 A;
4;5580;21.2769239462809;-0.01798095703125;-0.164794921875;;1 A;
4;5581;21.2796339462741;-0.02042236328125;-0.163787841796875;;1 A;
4;5582;21.2823439462672;-0.022857666015625;-0.162811279296875;;1 A;
4;5583;21.2850539462604;-0.02528076171875;-0.161773681640625;;1 A;
4;5584;21.2877639462536;-0.027728271484375;-0.160858154296875;;1 A;
4;5585;21.2904739462467;-0.030169677734375;-0.15985107421875;;1 A;
4;5586;21.2931839462399;-0.0326080322265625;-0.15899658203125;;1 A;
4;5587;21.295893946233;-0.0350372314453125;-0.15802001953125;;1 A;
4;5588;21.2986039462262;-0.0374664306640625;-0.157135009765625;;1 A;
4;5589;21.3013139462194;-0.0399139404296875;-0.15618896484375;;1 A;
4;5590;21.3040239462125;-0.0423492431640625;-0.15533447265625;;1 A;
4;5591;21.3067339462057;-0.0447845458984375;-0.154449462890625;;1 A;
4;5592;21.3094439461988;-0.047247314453125;-0.15362548828125;;1 A;
4;5593;21.312153946192;-0.0496612548828125;-0.152740478515625;;1 A;
4;5594;21.3148639461851;-0.052154541015625;-0.1519775390625;;1 A;
4;5595;21.3175739461783;-0.05450439453125;-0.15106201171875;;1 A;
4;5596;21.3202839461715;-0.0570068359375;-0.150238037109375;;1 A;
4;5597;21.3229939461646;-0.0594482421875;-0.149444580078125;;1 A;
4;5598;21.3257039461578;-0.061798095703125;-0.148681640625;;1 A;
4;5599;21.3284139461509;-0.064239501953125;-0.147857666015625;;1 A;
4;5600;21.3311239461441;-0.066741943359375;-0.147064208984375;;1 A;
4;5601;21.3338339461372;-0.06915283203125;-0.146209716796875;;1 A;
4;5602;21.3365439461304;-0.0716552734375;-0.145416259765625;;1 A;
4;5603;21.3392539461236;-0.074005126953125;-0.14459228515625;;1 A;
4;5604;21.3419639461167;-0.076507568359375;-0.143798828125;;1 A;
4;5605;21.3446739461099;-0.07891845703125;-0.14306640625;;1 A;
4;5606;21.347383946103;-0.08135986328125;-0.1422119140625;;1 A;
4;5607;21.3500939460962;-0.08380126953125;-0.14141845703125;;1 A;
4;5608;21.3528039460894;-0.086212158203125;-0.140594482421875;;1 A;
4;5609;21.3555139460825;-0.088653564453125;-0.13983154296875;;1 A;
4;5610;21.3582239460757;-0.09112548828125;-0.139007568359375;;1 A;
4;5611;21.3609339460688;-0.09356689453125;-0.138214111328125;;1 A;
4;5612;21.363643946062;-0.09600830078125;-0.137420654296875;;1 A;
4;5613;21.3663539460551;-0.098480224609375;-0.136627197265625;;1 A;
4;5614;21.3690639460483;-0.100830078125;-0.13580322265625;;1 A;
4;5615;21.3717739460415;-0.103363037109375;-0.135009765625;;1 A;
4;5616;21.3744839460346;-0.10577392578125;-0.134185791015625;;1 A;
4;5617;21.3771939460278;-0.108154296875;-0.133392333984375;;1 A;
4;5618;21.3799039460209;-0.110595703125;-0.132568359375;;1 A;
4;5619;21.3826139460141;-0.11309814453125;-0.131744384765625;;1 A;
4;5620;21.3853239460072;-0.115509033203125;-0.13092041015625;;1 A;
4;5621;21.3880339460004;-0.117889404296875;-0.130096435546875;;1 A;
4;5622;21.3907439459936;-0.120361328125;-0.1292724609375;;1 A;
4;5623;21.3934539459867;-0.122802734375;-0.128448486328125;;1 A;
4;5624;21.3961639459799;-0.125244140625;-0.12762451171875;;1 A;
4;5625;21.398873945973;-0.127685546875;-0.126800537109375;;1 A;
4;5626;21.4015839459662;-0.130126953125;-0.126007080078125;;1 A;
4;5627;21.4042939459594;-0.13250732421875;-0.125213623046875;;1 A;
4;5628;21.4070039459525;-0.135009765625;-0.124359130859375;;1 A;
4;5629;21.4097139459457;-0.137420654296875;-0.12359619140625;;1 A;
4;5630;21.4124239459388;-0.139862060546875;-0.122802734375;;1 A;
4;5631;21.415133945932;-0.142333984375;-0.122039794921875;;1 A;
4;5632;21.4178439459251;-0.14471435546875;-0.121246337890625;;1 A;
4;5633;21.4205539459183;-0.14715576171875;-0.120513916015625;;1 A;
4;5634;21.4232639459115;-0.149566650390625;-0.11968994140625;;1 A;
4;5635;21.4259739459046;-0.15203857421875;-0.118927001953125;;1 A;
4;5636;21.4286839458978;-0.154510498046875;-0.118194580078125;;1 A;
4;5637;21.4313939458909;-0.156982421875;-0.117431640625;;1 A;
4;5638;21.4341039458841;-0.15936279296875;-0.11663818359375;;1 A;
4;5639;21.4368139458772;-0.16180419921875;-0.11590576171875;;1 A;
4;5640;21.4395239458704;-0.164215087890625;-0.11517333984375;;1 A;
4;5641;21.4422339458636;-0.16668701171875;-0.11444091796875;;1 A;
4;5642;21.4449439458567;-0.169158935546875;-0.11370849609375;;1 A;
4;5643;21.4476539458499;-0.1715087890625;-0.113037109375;;1 A;
4;5644;21.450363945843;-0.173980712890625;-0.112335205078125;;1 A;
4;5645;21.4530739458362;-0.176422119140625;-0.1116943359375;;1 A;
4;5646;21.4557839458294;-0.17889404296875;-0.11102294921875;;1 A;
4;5647;21.4584939458225;-0.1812744140625;-0.110321044921875;;1 A;
4;5648;21.4612039458157;-0.1837158203125;-0.109649658203125;;1 A;
4;5649;21.4639139458088;-0.18621826171875;-0.109039306640625;;1 A;
4;5650;21.466623945802;-0.188568115234375;-0.10833740234375;;1 A;
4;5651;21.4693339457951;-0.1910400390625;-0.107757568359375;;1 A;
4;5652;21.4720439457883;-0.1934814453125;-0.10711669921875;;1 A;
4;5653;21.4747539457815;-0.195953369140625;-0.106536865234375;;1 A;
4;5654;21.4774639457746;-0.19842529296875;-0.10589599609375;;1 A;
4;5655;21.4801739457678;-0.200836181640625;-0.105255126953125;;1 A;
4;5656;21.4828839457609;-0.203277587890625;-0.104644775390625;;1 A;
4;5657;21.4855939457541;-0.2056884765625;-0.10406494140625;;1 A;
4;5658;21.4883039457472;-0.20806884765625;-0.103546142578125;;1 A;
4;5659;21.4910139457404;-0.210540771484375;-0.102874755859375;;1 A;
4;5660;21.4937239457336;-0.21295166015625;-0.102325439453125;;1 A;
4;5661;21.4964339457267;-0.215423583984375;-0.101776123046875;;1 A;
4;5662;21.4991439457199;-0.217864990234375;-0.101226806640625;;1 A;
4;5663;21.501853945713;-0.220306396484375;-0.100677490234375;;1 A;
4;5664;21.5045639457062;-0.22283935546875;-0.10015869140625;;1 A;
4;5665;21.5072739456994;-0.22515869140625;-0.099578857421875;;1 A;
4;5666;21.5099839456925;-0.227630615234375;-0.09912109375;;1 A;
4;5667;21.5126939456857;-0.230010986328125;-0.09857177734375;;1 A;
4;5668;21.5154039456788;-0.23248291015625;-0.0980224609375;;1 A;
4;5669;21.518113945672;-0.234954833984375;-0.097564697265625;;1 A;
4;5670;21.5208239456651;-0.237396240234375;-0.0970458984375;;1 A;
4;5671;21.5235339456583;-0.239776611328125;-0.09661865234375;;1 A;
4;5672;21.5262439456515;-0.24224853515625;-0.096099853515625;;1 A;
4;5673;21.5289539456446;-0.24468994140625;-0.0955810546875;;1 A;
4;5674;21.5316639456378;-0.247100830078125;-0.09515380859375;;1 A;
4;5675;21.5343739456309;-0.249603271484375;-0.094696044921875;;1 A;
4;5676;21.5370839456241;-0.25201416015625;-0.094207763671875;;1 A;
4;5677;21.5397939456172;-0.25445556640625;-0.093780517578125;;1 A;
4;5678;21.5425039456104;-0.25689697265625;-0.093353271484375;;1 A;
4;5679;21.5452139456036;-0.25933837890625;-0.092926025390625;;1 A;
4;5680;21.5479239455967;-0.26177978515625;-0.092437744140625;;1 A;
4;5681;21.5506339455899;-0.26416015625;-0.092010498046875;;1 A;
4;5682;21.553343945583;-0.266632080078125;-0.091552734375;;1 A;
4;5683;21.5560539455762;-0.269073486328125;-0.091156005859375;;1 A;
4;5684;21.5587639455694;-0.271484375;-0.090789794921875;;1 A;
4;5685;21.5614739455625;-0.273956298828125;-0.09033203125;;1 A;
4;5686;21.5641839455557;-0.276397705078125;-0.0899658203125;;1 A;
4;5687;21.5668939455488;-0.27880859375;-0.08953857421875;;1 A;
4;5688;21.569603945542;-0.281280517578125;-0.08917236328125;;1 A;
4;5689;21.5723139455351;-0.28369140625;-0.08880615234375;;1 A;
4;5690;21.5750239455283;-0.286163330078125;-0.08843994140625;;1 A;
4;5691;21.5777339455215;-0.288604736328125;-0.088104248046875;;1 A;
4;5692;21.5804439455146;-0.291015625;-0.08770751953125;;1 A;
4;5693;21.5831539455078;-0.293487548828125;-0.0872802734375;;1 A;
4;5694;21.5858639455009;-0.295989990234375;-0.0869140625;;1 A;
4;5695;21.5885739454941;-0.29827880859375;-0.086578369140625;;1 A;
4;5696;21.5912839454872;-0.30078125;-0.086151123046875;;1 A;
4;5697;21.5939939454804;-0.30322265625;-0.0858154296875;;1 A;
4;5698;21.5967039454736;-0.3056640625;-0.085479736328125;;1 A;
4;5699;21.5994139454667;-0.30804443359375;-0.085174560546875;;1 A;
4;5700;21.6021239454599;-0.310455322265625;-0.084808349609375;;1 A;
4;5701;21.604833945453;-0.31298828125;-0.084442138671875;;1 A;
4;5702;21.6075439454462;-0.315399169921875;-0.08416748046875;;1 A;
4;5703;21.6102539454394;-0.31781005859375;-0.0838623046875;;1 A;
4;5704;21.6129639454325;-0.32025146484375;-0.083526611328125;;1 A;
4;5705;21.6156739454257;-0.32275390625;-0.08319091796875;;1 A;
4;5706;21.6183839454188;-0.325164794921875;-0.082855224609375;;1 A;
4;5707;21.621093945412;-0.32757568359375;-0.08258056640625;;1 A;
4;5708;21.6238039454051;-0.329986572265625;-0.082275390625;;1 A;
4;5709;21.6265139453983;-0.332489013671875;-0.082061767578125;;1 A;
4;5710;21.6292239453915;-0.334930419921875;-0.081787109375;;1 A;
4;5711;21.6319339453846;-0.337310791015625;-0.081390380859375;;1 A;
4;5712;21.6346439453778;-0.339752197265625;-0.081085205078125;;1 A;
4;5713;21.6373539453709;-0.342193603515625;-0.080810546875;;1 A;
4;5714;21.6400639453641;-0.34466552734375;-0.080474853515625;;1 A;
4;5715;21.6427739453572;-0.347076416015625;-0.080230712890625;;1 A;
4;5716;21.6454839453504;-0.349517822265625;-0.079925537109375;;1 A;
4;5717;21.6481939453436;-0.351959228515625;-0.0797119140625;;1 A;
4;5718;21.6509039453367;-0.3543701171875;-0.07940673828125;;1 A;
4;5719;21.6536139453299;-0.356842041015625;-0.079132080078125;;1 A;
4;5720;21.656323945323;-0.35931396484375;-0.078887939453125;;1 A;
4;5721;21.6590339453162;-0.361724853515625;-0.078704833984375;;1 A;
4;5722;21.6617439453094;-0.364166259765625;-0.078460693359375;;1 A;
4;5723;21.6644539453025;-0.3665771484375;-0.07818603515625;;1 A;
4;5724;21.6671639452957;-0.369049072265625;-0.077880859375;;1 A;
4;5725;21.6698739452888;-0.371490478515625;-0.077667236328125;;1 A;
4;5726;21.672583945282;-0.3739013671875;-0.077423095703125;;1 A;
4;5727;21.6752939452751;-0.376312255859375;-0.0772705078125;;1 A;
4;5728;21.6780039452683;-0.378753662109375;-0.076995849609375;;1 A;
4;5729;21.6807139452615;-0.381256103515625;-0.076751708984375;;1 A;
4;5730;21.6834239452546;-0.383636474609375;-0.076507568359375;;1 A;
4;5731;21.6861339452478;-0.386077880859375;-0.07635498046875;;1 A;
4;5732;21.6888439452409;-0.3885498046875;-0.076141357421875;;1 A;
4;5733;21.6915539452341;-0.390869140625;-0.075897216796875;;1 A;
4;5734;21.6942639452272;-0.393402099609375;-0.07568359375;;1 A;
4;5735;21.6969739452204;-0.39581298828125;-0.075439453125;;1 A;
4;5736;21.6996839452136;-0.398223876953125;-0.075225830078125;;1 A;
4;5737;21.7023939452067;-0.400726318359375;-0.07501220703125;;1 A;
4;5738;21.7051039451999;-0.40313720703125;-0.074859619140625;;1 A;
4;5739;21.707813945193;-0.40557861328125;-0.074676513671875;;1 A;
4;5740;21.7105239451862;-0.40802001953125;-0.074493408203125;;1 A;
4;5741;21.7132339451794;-0.41046142578125;-0.0743408203125;;1 A;
4;5742;21.7159439451725;-0.41290283203125;-0.07415771484375;;1 A;
4;5743;21.7186539451657;-0.415283203125;-0.074005126953125;;1 A;
4;5744;21.7213639451588;-0.41778564453125;-0.07379150390625;;1 A;
4;5745;21.724073945152;-0.420166015625;-0.07366943359375;;1 A;
4;5746;21.7267839451451;-0.42266845703125;-0.073486328125;;1 A;
4;5747;21.7294939451383;-0.425048828125;-0.07342529296875;;1 A;
4;5748;21.7322039451315;-0.42742919921875;-0.0732421875;;1 A;
4;5749;21.7349139451246;-0.42987060546875;-0.07293701171875;;1 A;
4;5750;21.7376239451178;-0.432403564453125;-0.072784423828125;;1 A;
4;5751;21.7403339451109;-0.434814453125;-0.07257080078125;;1 A;
4;5752;21.7430439451041;-0.43731689453125;-0.072540283203125;;1 A;
4;5753;21.7457539450972;-0.439666748046875;-0.072265625;;1 A;
4;5754;21.7484639450904;-0.442138671875;-0.072235107421875;;1 A;
4;5755;21.7511739450836;-0.444580078125;-0.072021484375;;1 A;
4;5756;21.7538839450767;-0.447052001953125;-0.0718994140625;;1 A;
4;5757;21.7565939450699;-0.449493408203125;-0.07171630859375;;1 A;
4;5758;21.759303945063;-0.451904296875;-0.07171630859375;;1 A;
4;5759;21.7620139450562;-0.454315185546875;-0.07159423828125;;1 A;
4;5760;21.7647239450494;-0.456787109375;-0.071441650390625;;1 A;
4;5761;21.7674339450425;-0.459228515625;-0.07122802734375;;1 A;
4;5762;21.7701439450357;-0.461669921875;-0.071136474609375;;1 A;
4;5763;21.7728539450288;-0.464111328125;-0.07110595703125;;1 A;
4;5764;21.775563945022;-0.466522216796875;-0.071014404296875;;1 A;
4;5765;21.7782739450151;-0.46893310546875;-0.070953369140625;;1 A;
4;5766;21.7809839450083;-0.471343994140625;-0.07086181640625;;1 A;
4;5767;21.7836939450015;-0.473876953125;-0.070709228515625;;1 A;
4;5768;21.7864039449946;-0.476226806640625;-0.070556640625;;1 A;
4;5769;21.7891139449878;-0.478729248046875;-0.07049560546875;;1 A;
4;5770;21.7918239449809;-0.481109619140625;-0.070404052734375;;1 A;
4;5771;21.7945339449741;-0.48358154296875;-0.070404052734375;;1 A;
4;5772;21.7972439449672;-0.485992431640625;-0.07025146484375;;1 A;
4;5773;21.7999539449604;-0.488494873046875;-0.0701904296875;;1 A;
4;5774;21.8026639449536;-0.49090576171875;-0.07012939453125;;1 A;
4;5775;21.8053739449467;-0.493316650390625;-0.07012939453125;;1 A;
4;5776;21.8080839449399;-0.4957275390625;-0.070037841796875;;1 A;
4;5777;21.810793944933;-0.49822998046875;-0.070068359375;;1 A;
4;5778;21.8135039449262;-0.50067138671875;-0.07000732421875;;1 A;
4;5779;21.8162139449194;-0.503143310546875;-0.07000732421875;;1 A;
4;5780;21.8189239449125;-0.50555419921875;-0.069915771484375;;1 A;
4;5781;21.8216339449057;-0.508026123046875;-0.06988525390625;;1 A;
4;5782;21.8243439448988;-0.510406494140625;-0.0699462890625;;1 A;
4;5783;21.827053944892;-0.5128173828125;-0.0699462890625;;1 A;
4;5784;21.8297639448851;-0.5152587890625;-0.069976806640625;;1 A;
4;5785;21.8324739448783;-0.5177001953125;-0.069915771484375;;1 A;
4;5786;21.8351839448715;-0.52008056640625;-0.0699462890625;;1 A;
4;5787;21.8378939448646;-0.522552490234375;-0.0699462890625;;1 A;
4;5788;21.8406039448578;-0.5250244140625;-0.069915771484375;;1 A;
4;5789;21.8433139448509;-0.52752685546875;-0.0699462890625;;1 A;
4;5790;21.8460239448441;-0.5299072265625;-0.0699462890625;;1 A;
4;5791;21.8487339448372;-0.532379150390625;-0.070037841796875;;1 A;
4;5792;21.8514439448304;-0.534820556640625;-0.070098876953125;;1 A;
4;5793;21.8541539448236;-0.5372314453125;-0.0701904296875;;1 A;
4;5794;21.8568639448167;-0.5396728515625;-0.070281982421875;;1 A;
4;5795;21.8595739448099;-0.5421142578125;-0.07037353515625;;1 A;
4;5796;21.862283944803;-0.544586181640625;-0.0704345703125;;1 A;
4;5797;21.8649939447962;-0.5469970703125;-0.070556640625;;1 A;
4;5798;21.8677039447894;-0.54937744140625;-0.0706787109375;;1 A;
4;5799;21.8704139447825;-0.551849365234375;-0.07080078125;;1 A;
4;5800;21.8731239447757;-0.554290771484375;-0.070892333984375;;1 A;
4;5801;21.8758339447688;-0.55670166015625;-0.071319580078125;;1 A;
4;5802;21.878543944762;-0.559173583984375;-0.0714111328125;;1 A;
4;5803;21.8812539447551;-0.56158447265625;-0.07159423828125;;1 A;
4;5804;21.8839639447483;-0.563995361328125;-0.071685791015625;;1 A;
4;5805;21.8866739447415;-0.566436767578125;-0.07183837890625;;1 A;
4;5806;21.8893839447346;-0.5689697265625;-0.072052001953125;;1 A;
4;5807;21.8920939447278;-0.57135009765625;-0.072235107421875;;1 A;
4;5808;21.8948039447209;-0.57379150390625;-0.072540283203125;;1 A;
4;5809;21.8975139447141;-0.5762939453125;-0.0728759765625;;1 A;
4;5810;21.9002239447072;-0.57867431640625;-0.072906494140625;;1 A;
4;5811;21.9029339447004;-0.58111572265625;-0.07318115234375;;1 A;
4;5812;21.9056439446936;-0.583465576171875;-0.073394775390625;;1 A;
4;5813;21.9083539446867;-0.585968017578125;-0.073760986328125;;1 A;
4;5814;21.9110639446799;-0.58837890625;-0.074188232421875;;1 A;
4;5815;21.913773944673;-0.590850830078125;-0.074462890625;;1 A;
4;5816;21.9164839446662;-0.59332275390625;-0.0748291015625;;1 A;
4;5817;21.9191939446594;-0.59576416015625;-0.07501220703125;;1 A;
4;5818;21.9219039446525;-0.59820556640625;-0.075439453125;;1 A;
4;5819;21.9246139446457;-0.600677490234375;-0.07574462890625;;1 A;
4;5820;21.9273239446388;-0.603057861328125;-0.076080322265625;;1 A;
4;5821;21.930033944632;-0.605499267578125;-0.076416015625;;1 A;
4;5822;21.9327439446251;-0.60797119140625;-0.076812744140625;;1 A;
4;5823;21.9354539446183;-0.610382080078125;-0.07708740234375;;1 A;
4;5824;21.9381639446115;-0.612762451171875;-0.077423095703125;;1 A;
4;5825;21.9408739446046;-0.615203857421875;-0.07769775390625;;1 A;
4;5826;21.9435839445978;-0.61767578125;-0.078155517578125;;1 A;
4;5827;21.9462939445909;-0.620086669921875;-0.07830810546875;;1 A;
4;5828;21.9490039445841;-0.622528076171875;-0.07867431640625;;1 A;
4;5829;21.9517139445773;-0.625030517578125;-0.078887939453125;;1 A;
4;5830;21.9544239445704;-0.62738037109375;-0.079193115234375;;1 A;
4;5831;21.9571339445636;-0.629791259765625;-0.079376220703125;;1 A;
4;5832;21.9598439445567;-0.63226318359375;-0.07977294921875;;1 A;
4;5833;21.9625539445499;-0.634735107421875;-0.07989501953125;;1 A;
4;5834;21.965263944543;-0.637237548828125;-0.080230712890625;;1 A;
4;5835;21.9679739445362;-0.63958740234375;-0.080230712890625;;1 A;
4;5836;21.9706839445294;-0.642059326171875;-0.080413818359375;;1 A;
4;5837;21.9733939445225;-0.64447021484375;-0.080596923828125;;1 A;
4;5838;21.9761039445157;-0.646881103515625;-0.0809326171875;;1 A;
4;5839;21.9788139445088;-0.64935302734375;-0.08111572265625;;1 A;
4;5840;21.981523944502;-0.65179443359375;-0.081390380859375;;1 A;
4;5841;21.9842339444951;-0.654205322265625;-0.081329345703125;;1 A;
4;5842;21.9869439444883;-0.65667724609375;-0.081329345703125;;1 A;
4;5843;21.9896539444815;-0.65911865234375;-0.081390380859375;;1 A;
4;5844;21.9923639444746;-0.66156005859375;-0.08172607421875;;1 A;
4;5845;21.9950739444678;-0.66400146484375;-0.081817626953125;;1 A;
4;5846;21.9977839444609;-0.666412353515625;-0.081939697265625;;1 A;
4;5847;22.0004939444541;-0.66888427734375;-0.081939697265625;;1 A;
4;5848;22.0032039444473;-0.67132568359375;-0.082000732421875;;1 A;
4;5849;22.0059139444404;-0.673675537109375;-0.082122802734375;;1 A;
4;5850;22.0086239444336;-0.6761474609375;-0.08233642578125;;1 A;
4;5851;22.0113339444267;-0.6785888671875;-0.08251953125;;1 A;
4;5852;22.0140439444199;-0.681060791015625;-0.082672119140625;;1 A;
4;5853;22.016753944413;-0.6834716796875;-0.082916259765625;;1 A;
4;5854;22.0194639444062;-0.685943603515625;-0.0831298828125;;1 A;
4;5855;22.0221739443994;-0.6883544921875;-0.083251953125;;1 A;
4;5856;22.0248839443925;-0.6907958984375;-0.083587646484375;;1 A;
4;5857;22.0275939443857;-0.693267822265625;-0.083984375;;1 A;
4;5858;22.0303039443788;-0.695648193359375;-0.084320068359375;;1 A;
4;5859;22.033013944372;-0.6981201171875;-0.0848388671875;;1 A;
4;5860;22.0357239443651;-0.700469970703125;-0.085205078125;;1 A;
4;5861;22.0384339443583;-0.703033447265625;-0.085784912109375;;1 A;
4;5862;22.0411439443515;-0.7054443359375;-0.086181640625;;1 A;
4;5863;22.0438539443446;-0.707855224609375;-0.08697509765625;;1 A;
4;5864;22.0465639443378;-0.710235595703125;-0.08770751953125;;1 A;
4;5865;22.0492739443309;-0.712738037109375;-0.088623046875;;1 A;
4;5866;22.0519839443241;-0.715118408203125;-0.089324951171875;;1 A;
4;5867;22.0546939443173;-0.7176513671875;-0.09039306640625;;1 A;
4;5868;22.0574039443104;-0.72003173828125;-0.0911865234375;;1 A;
4;5869;22.0601139443036;-0.72247314453125;-0.092681884765625;;1 A;
4;5870;22.0628239442967;-0.72491455078125;-0.09393310546875;;1 A;
4;5871;22.0655339442899;-0.727325439453125;-0.095489501953125;;1 A;
4;5872;22.068243944283;-0.72979736328125;-0.0968017578125;;1 A;
4;5873;22.0709539442762;-0.73223876953125;-0.0985107421875;;1 A;
4;5874;22.0736639442694;-0.734619140625;-0.100128173828125;;1 A;
4;5875;22.0763739442625;-0.737091064453125;-0.10247802734375;;1 A;
4;5876;22.0790839442557;-0.739532470703125;-0.104583740234375;;1 A;
4;5877;22.0817939442488;-0.741973876953125;-0.107025146484375;;1 A;
4;5878;22.084503944242;-0.744384765625;-0.108978271484375;;1 A;
4;5879;22.0872139442351;-0.74688720703125;-0.111663818359375;;1 A;
4;5880;22.0899239442283;-0.749237060546875;-0.114501953125;;1 A;
4;5881;22.0926339442215;-0.75164794921875;-0.11798095703125;;1 A;
4;5882;22.0953439442146;-0.75469970703125;-0.121551513671875;;1 A;
4;5883;22.0980539442078;-0.7568359375;-0.125457763671875;;1 A;
4;5884;22.1007639442009;-0.7586669921875;-0.12939453125;;1 A;
4;5885;22.1034739441941;-0.7611083984375;-0.134246826171875;;1 A;
4;5886;22.1061839441873;-0.76416015625;-0.14007568359375;;1 A;
4;5887;22.1088939441804;-0.7672119140625;-0.147735595703125;;1 A;
4;5888;22.1116039441736;-0.76904296875;-0.158294677734375;;1 A;
4;5889;22.1143139441667;-0.77117919921875;-0.17449951171875;;1 A;
4;5890;22.1170239441599;-0.77362060546875;-0.21112060546875;;1 A;
4;5891;22.119733944153;-0.7757568359375;-0.30419921875;;1 A;
4;5892;22.1224439441462;-0.7769775390625;-0.461273193359375;;1 A;
4;5893;22.1251539441394;-0.780029296875;-0.6365966796875;;1 A;
4;5894;22.1278639441325;-0.7830810546875;-0.7891845703125;;1 A;
4;5895;22.1305739441257;-0.784912109375;-0.9124755859375;;1 A;
4;5896;22.1332839441188;-0.787353515625;-1.01165771484375;;1 A;
4;5897;22.135993944112;-0.7904052734375;-1.0888671875;;1 A;
4;5898;22.1387039441051;-0.79254150390625;-1.15142822265625;;1 A;
4;5899;22.1414139440983;-0.79559326171875;-1.2005615234375;;1 A;
4;5900;22.1441239440915;-0.79742431640625;-1.2408447265625;;1 A;
4;5901;22.1468339440846;-0.8001708984375;-1.27197265625;;1 A;
4;5902;22.1495439440778;-0.8026123046875;-1.29608154296875;;1 A;
4;5903;22.1522539440709;-0.8050537109375;-1.312255859375;;1 A;
4;5904;22.1549639440641;-0.8074951171875;-1.3232421875;;1 A;
4;5905;22.1576739440573;-0.810546875;-1.32904052734375;;1 A;
4;5906;22.1603839440504;-0.8123779296875;-1.331787109375;;1 A;
4;5907;22.1630939440436;-0.8148193359375;-1.33056640625;;1 A;
4;5908;22.1658039440367;-0.8172607421875;-1.3262939453125;;1 A;
4;5909;22.1685139440299;-0.8197021484375;-1.31805419921875;;1 A;
4;5910;22.171223944023;-0.82244873046875;-1.30828857421875;;1 A;
4;5911;22.1739339440162;-0.8251953125;-1.29638671875;;1 A;
4;5912;22.1766439440094;-0.8270263671875;-1.28326416015625;;1 A;
4;5913;22.1793539440025;-0.830078125;-1.2689208984375;;1 A;
4;5914;22.1820639439957;-0.83221435546875;-1.25396728515625;;1 A;
4;5915;22.1847739439888;-0.8343505859375;-1.23779296875;;1 A;
4;5916;22.187483943982;-0.83740234375;-1.220703125;;1 A;
4;5917;22.1901939439751;-0.83953857421875;-1.20361328125;;1 A;
4;5918;22.1929039439683;-0.84259033203125;-1.1865234375;;1 A;
4;5919;22.1956139439615;-0.84442138671875;-1.16912841796875;;1 A;
4;5920;22.1983239439546;-0.84747314453125;-1.15234375;;1 A;
4;5921;22.2010339439478;-0.84930419921875;-1.13494873046875;;1 A;
4;5922;22.2037439439409;-0.85174560546875;-1.11785888671875;;1 A;
4;5923;22.2064539439341;-0.85418701171875;-1.10107421875;;1 A;
4;5924;22.2091639439273;-0.85662841796875;-1.08489990234375;;1 A;
4;5925;22.2118739439204;-0.859375;-1.06903076171875;;1 A;
4;5926;22.2145839439136;-0.86181640625;-1.05316162109375;;1 A;
4;5927;22.2172939439067;-0.86395263671875;-1.03759765625;;1 A;
4;5928;22.2200039438999;-0.86639404296875;-1.02264404296875;;1 A;
4;5929;22.222713943893;-0.867919921875;-1.00799560546875;;1 A;
4;5930;22.2254239438862;-0.87127685546875;-0.99395751953125;;1 A;
4;5931;22.2281339438794;-0.87371826171875;-0.98052978515625;;1 A;
4;5932;22.2308439438725;-0.87677001953125;-0.966796875;;1 A;
4;5933;22.2335539438657;-0.87860107421875;-0.95367431640625;;1 A;
4;5934;22.2362639438588;-0.88104248046875;-0.94085693359375;;1 A;
4;5935;22.238973943852;-0.8837890625;-0.92864990234375;;1 A;
4;5936;22.2416839438451;-0.88592529296875;-0.91644287109375;;1 A;
4;5937;22.2443939438383;-0.88836669921875;-0.9051513671875;;1 A;
4;5938;22.2471039438315;-0.89019775390625;-0.8935546875;;1 A;
4;5939;22.2498139438246;-0.89324951171875;-0.88287353515625;;1 A;
4;5940;22.2525239438178;-0.8953857421875;-0.8721923828125;;1 A;
4;5941;22.2552339438109;-0.8978271484375;-0.86181640625;;1 A;
4;5942;22.2579439438041;-0.90057373046875;-0.85174560546875;;1 A;
4;5943;22.2606539437973;-0.90301513671875;-0.84228515625;;1 A;
4;5944;22.2633639437904;-0.9051513671875;-0.83251953125;;1 A;
4;5945;22.2660739437836;-0.90789794921875;-0.8233642578125;;1 A;
4;5946;22.2687839437767;-0.91064453125;-0.81451416015625;;1 A;
4;5947;22.2714939437699;-0.9124755859375;-0.8056640625;;1 A;
4;5948;22.274203943763;-0.91461181640625;-0.797119140625;;1 A;
4;5949;22.2769139437562;-0.9173583984375;-0.78887939453125;;1 A;
4;5950;22.2796239437494;-0.91949462890625;-0.78125;;1 A;
4;5951;22.2823339437425;-0.9222412109375;-0.7733154296875;;1 A;
4;5952;22.2850439437357;-0.9246826171875;-0.76568603515625;;1 A;
4;5953;22.2877539437288;-0.927734375;-0.758056640625;;1 A;
4;5954;22.290463943722;-0.92987060546875;-0.75103759765625;;1 A;
4;5955;22.2931739437151;-0.9320068359375;-0.7440185546875;;1 A;
4;5956;22.2958839437083;-0.93475341796875;-0.73699951171875;;1 A;
4;5957;22.2985939437015;-0.93719482421875;-0.73028564453125;;1 A;
4;5958;22.3013039436946;-0.9393310546875;-0.72357177734375;;1 A;
4;5959;22.3040139436878;-0.9417724609375;-0.71685791015625;;1 A;
4;5960;22.3067239436809;-0.94451904296875;-0.71075439453125;;1 A;
4;5961;22.3094339436741;-0.94696044921875;-0.70465087890625;;1 A;
4;5962;22.3121439436673;-0.94940185546875;-0.69854736328125;;1 A;
4;5963;22.3148539436604;-0.9515380859375;-0.6927490234375;;1 A;
4;5964;22.3175639436536;-0.95428466796875;-0.687255859375;;1 A;
4;5965;22.3202739436467;-0.95733642578125;-0.68145751953125;;1 A;
4;5966;22.3229839436399;-0.9588623046875;-0.67626953125;;1 A;
4;5967;22.325693943633;-0.96099853515625;-0.6707763671875;;1 A;
4;5968;22.3284039436262;-0.96343994140625;-0.66558837890625;;1 A;
4;5969;22.3311139436194;-0.9661865234375;-0.66070556640625;;1 A;
4;5970;22.3338239436125;-0.9686279296875;-0.655517578125;;1 A;
4;5971;22.3365339436057;-0.9710693359375;-0.650634765625;;1 A;
4;5972;22.3392439435988;-0.9735107421875;-0.64605712890625;;1 A;
4;5973;22.341953943592;-0.97625732421875;-0.64117431640625;;1 A;
4;5974;22.3446639435851;-0.97869873046875;-0.6365966796875;;1 A;
4;5975;22.3473739435783;-0.98114013671875;-0.63201904296875;;1 A;
4;5976;22.3500839435715;-0.9832763671875;-0.62774658203125;;1 A;
4;5977;22.3527939435646;-0.98602294921875;-0.62347412109375;;1 A;
4;5978;22.3555039435578;-0.9881591796875;-0.61920166015625;;1 A;
4;5979;22.3582139435509;-0.99090576171875;-0.61492919921875;;1 A;
4;5980;22.3609239435441;-0.9930419921875;-0.6109619140625;;1 A;
4;5981;22.3636339435373;-0.9954833984375;-0.60699462890625;;1 A;
4;5982;22.3663439435304;-0.99822998046875;-0.60302734375;;1 A;
4;5983;22.3690539435236;-1.00006103515625;-0.59906005859375;;1 A;
4;5984;22.3717639435167;-1.00311279296875;-0.59539794921875;;1 A;
4;5985;22.3744739435099;-1.0052490234375;-0.59173583984375;;1 A;
4;5986;22.377183943503;-1.00860595703125;-0.58837890625;;1 A;
4;5987;22.3798939434962;-1.0101318359375;-0.584716796875;;1 A;
4;5988;22.3826039434894;-1.0125732421875;-0.58135986328125;;1 A;
4;5989;22.3853139434825;-1.0150146484375;-0.5780029296875;;1 A;
4;5990;22.3880239434757;-1.01715087890625;-0.5743408203125;;1 A;
4;5991;22.3907339434688;-1.01959228515625;-0.57098388671875;;1 A;
4;5992;22.393443943462;-1.0223388671875;-0.56793212890625;;1 A;
4;5993;22.3961539434551;-1.02508544921875;-0.5645751953125;;1 A;
4;5994;22.3988639434483;-1.0272216796875;-0.5615234375;;1 A;
4;5995;22.4015739434415;-1.02996826171875;-0.5584716796875;;1 A;
4;5996;22.4042839434346;-1.03179931640625;-0.55511474609375;;1 A;
4;5997;22.4069939434278;-1.0345458984375;-0.5523681640625;;1 A;
4;5998;22.4097039434209;-1.03729248046875;-0.54962158203125;;1 A;
4;5999;22.4124139434141;-1.03912353515625;-0.54656982421875;;1 A;
4;6000;22.4151239434073;-1.041259765625;-0.5438232421875;;1 A;
4;6001;22.4178339434004;-1.0443115234375;-0.54107666015625;;1 A;
4;6002;22.4205439433936;-1.0467529296875;-0.53863525390625;;1 A;
4;6003;22.4232539433867;-1.0491943359375;-0.53558349609375;;1 A;
4;6004;22.4259639433799;-1.05133056640625;-0.53314208984375;;1 A;
4;6005;22.428673943373;-1.0540771484375;-0.5303955078125;;1 A;
4;6006;22.4313839433662;-1.0565185546875;-0.5279541015625;;1 A;
4;6007;22.4340939433594;-1.05926513671875;-0.5255126953125;;1 A;
4;6008;22.4368039433525;-1.0614013671875;-0.5230712890625;;1 A;
4;6009;22.4395139433457;-1.06353759765625;-0.5206298828125;;1 A;
4;6010;22.4422239433388;-1.0662841796875;-0.5181884765625;;1 A;
4;6011;22.444933943332;-1.06842041015625;-0.51605224609375;;1 A;
4;6012;22.4476439433251;-1.07086181640625;-0.51361083984375;;1 A;
4;6013;22.4503539433183;-1.0736083984375;-0.511474609375;;1 A;
4;6014;22.4530639433115;-1.0760498046875;-0.509033203125;;1 A;
4;6015;22.4557739433046;-1.07818603515625;-0.50689697265625;;1 A;
4;6016;22.4584839432978;-1.0809326171875;-0.5047607421875;;1 A;
4;6017;22.4611939432909;-1.0833740234375;-0.5029296875;;1 A;
4;6018;22.4639039432841;-1.08612060546875;-0.50048828125;;1 A;
4;6019;22.4666139432773;-1.08795166015625;-0.49853515625;;1 A;
4;6020;22.4693239432704;-1.0906982421875;-0.49652099609375;;1 A;
4;6021;22.4720339432636;-1.09283447265625;-0.49456787109375;;1 A;
4;6022;22.4747439432567;-1.0955810546875;-0.49261474609375;;1 A;
4;6023;22.4774539432499;-1.0980224609375;-0.490692138671875;;1 A;
4;6024;22.480163943243;-1.10015869140625;-0.48883056640625;;1 A;
4;6025;22.4828739432362;-1.1029052734375;-0.486968994140625;;1 A;
4;6026;22.4855839432294;-1.10504150390625;-0.48516845703125;;1 A;
4;6027;22.4882939432225;-1.10809326171875;-0.4833984375;;1 A;
4;6028;22.4910039432157;-1.11053466796875;-0.481597900390625;;1 A;
4;6029;22.4937139432088;-1.1126708984375;-0.4798583984375;;1 A;
4;6030;22.496423943202;-1.11480712890625;-0.478118896484375;;1 A;
4;6031;22.4991339431951;-1.11663818359375;-0.476409912109375;;1 A;
4;6032;22.5018439431883;-1.1199951171875;-0.47479248046875;;1 A;
4;6033;22.5045539431815;-1.1224365234375;-0.473114013671875;;1 A;
4;6034;22.5072639431746;-1.1248779296875;-0.471466064453125;;1 A;
4;6035;22.5099739431678;-1.12701416015625;-0.469940185546875;;1 A;
4;6036;22.5126839431609;-1.1297607421875;-0.46826171875;;1 A;
4;6037;22.5153939431541;-1.13189697265625;-0.466766357421875;;1 A;
4;6038;22.5181039431473;-1.13433837890625;-0.46527099609375;;1 A;
4;6039;22.5208139431404;-1.1370849609375;-0.463775634765625;;1 A;
4;6040;22.5235239431336;-1.1395263671875;-0.46234130859375;;1 A;
4;6041;22.5262339431267;-1.1419677734375;-0.460845947265625;;1 A;
4;6042;22.5289439431199;-1.1444091796875;-0.4593505859375;;1 A;
4;6043;22.531653943113;-1.1468505859375;-0.457977294921875;;1 A;
4;6044;22.5343639431062;-1.1492919921875;-0.45648193359375;;1 A;
4;6045;22.5370739430994;-1.1517333984375;-0.455108642578125;;1 A;
4;6046;22.5397839430925;-1.15386962890625;-0.453857421875;;1 A;
4;6047;22.5424939430857;-1.15631103515625;-0.45257568359375;;1 A;
4;6048;22.5452039430788;-1.15814208984375;-0.451202392578125;;1 A;
4;6049;22.547913943072;-1.16180419921875;-0.449859619140625;;1 A;
4;6050;22.5506239430651;-1.16363525390625;-0.448455810546875;;1 A;
4;6051;22.5533339430583;-1.16607666015625;-0.44720458984375;;1 A;
4;6052;22.5560439430515;-1.16851806640625;-0.4459228515625;;1 A;
4;6053;22.5587539430446;-1.1712646484375;-0.4447021484375;;1 A;
4;6054;22.5614639430378;-1.17401123046875;-0.44342041015625;;1 A;
4;6055;22.5641739430309;-1.17584228515625;-0.44219970703125;;1 A;
4;6056;22.5668839430241;-1.1785888671875;-0.441009521484375;;1 A;
4;6057;22.5695939430173;-1.18072509765625;-0.439727783203125;;1 A;
4;6058;22.5723039430104;-1.182861328125;-0.438507080078125;;1 A;
4;6059;22.5750139430036;-1.18560791015625;-0.437347412109375;;1 A;
4;6060;22.5777239429967;-1.18804931640625;-0.436065673828125;;1 A;
4;6061;22.5804339429899;-1.190185546875;-0.435028076171875;;1 A;
4;6062;22.583143942983;-1.1932373046875;-0.433807373046875;;1 A;
4;6063;22.5858539429762;-1.19537353515625;-0.4327392578125;;1 A;
4;6064;22.5885639429694;-1.197509765625;-0.43157958984375;;1 A;
4;6065;22.5912739429625;-1.19903564453125;-0.4281005859375;;1 A;
4;6066;22.5939839429557;-1.1968994140625;-0.425811767578125;;1 A;
4;6067;22.5966939429488;-1.1944580078125;-0.424285888671875;;1 A;
4;6068;22.599403942942;-1.19232177734375;-0.422760009765625;;1 A;
4;6069;22.6021139429351;-1.1895751953125;-0.421295166015625;;1 A;
4;6070;22.6048239429283;-1.18743896484375;-0.41986083984375;;1 A;
4;6071;22.6075339429215;-1.1846923828125;-0.418426513671875;;1 A;
4;6072;22.6102439429146;-1.18255615234375;-0.417083740234375;;1 A;
4;6073;22.6129539429078;-1.1798095703125;-0.41583251953125;;1 A;
4;6074;22.6156639429009;-1.17767333984375;-0.414398193359375;;1 A;
4;6075;22.6183739428941;-1.175537109375;-0.413055419921875;;1 A;
4;6076;22.6210839428873;-1.17279052734375;-0.4117431640625;;1 A;
4;6077;22.6237939428804;-1.16973876953125;-0.41046142578125;;1 A;
4;6078;22.6265039428736;-1.1676025390625;-0.409210205078125;;1 A;
4;6079;22.6292139428667;-1.16546630859375;-0.4078369140625;;1 A;
4;6080;22.6319239428599;-1.16241455078125;-0.406585693359375;;1 A;
4;6081;22.634633942853;-1.1602783203125;-0.40533447265625;;1 A;
4;6082;22.6373439428462;-1.15753173828125;-0.404144287109375;;1 A;
4;6083;22.6400539428394;-1.15570068359375;-0.40289306640625;;1 A;
4;6084;22.6427639428325;-1.1529541015625;-0.401641845703125;;1 A;
4;6085;22.6454739428257;-1.15081787109375;-0.400421142578125;;1 A;
4;6086;22.6481839428188;-1.14776611328125;-0.399261474609375;;1 A;
4;6087;22.650893942812;-1.14532470703125;-0.39801025390625;;1 A;
4;6088;22.6536039428051;-1.1431884765625;-0.396820068359375;;1 A;
4;6089;22.6563139427983;-1.14044189453125;-0.3956298828125;;1 A;
4;6090;22.6590239427915;-1.13800048828125;-0.394500732421875;;1 A;
4;6091;22.6617339427846;-1.1358642578125;-0.393310546875;;1 A;
4;6092;22.6644439427778;-1.1334228515625;-0.39215087890625;;1 A;
4;6093;22.6671539427709;-1.1309814453125;-0.39093017578125;;1 A;
4;6094;22.6698639427641;-1.12823486328125;-0.389892578125;;1 A;
4;6095;22.6725739427573;-1.12640380859375;-0.3887939453125;;1 A;
4;6096;22.6752839427504;-1.12335205078125;-0.3876953125;;1 A;
4;6097;22.6779939427436;-1.12152099609375;-0.386474609375;;1 A;
4;6098;22.6807039427367;-1.1187744140625;-0.385406494140625;;1 A;
4;6099;22.6834139427299;-1.1163330078125;-0.384246826171875;;1 A;
4;6100;22.686123942723;-1.11358642578125;-0.3831787109375;;1 A;
4;6101;22.6888339427162;-1.11114501953125;-0.382080078125;;1 A;
4;6102;22.6915439427094;-1.10870361328125;-0.3809814453125;;1 A;
4;6103;22.6942539427025;-1.1065673828125;-0.37994384765625;;1 A;
4;6104;22.6969639426957;-1.10382080078125;-0.37884521484375;;1 A;
4;6105;22.6996739426888;-1.10137939453125;-0.377685546875;;1 A;
4;6106;22.702383942682;-1.0992431640625;-0.376708984375;;1 A;
4;6107;22.7050939426751;-1.0968017578125;-0.37567138671875;;1 A;
4;6108;22.7078039426683;-1.09375;-0.374603271484375;;1 A;
4;6109;22.7105139426615;-1.09161376953125;-0.37347412109375;;1 A;
4;6110;22.7132239426546;-1.08917236328125;-0.37249755859375;;1 A;
4;6111;22.7159339426478;-1.08734130859375;-0.371429443359375;;1 A;
4;6112;22.7186439426409;-1.08551025390625;-0.370391845703125;;1 A;
4;6113;22.7213539426341;-1.08245849609375;-0.369384765625;;1 A;
4;6114;22.7240639426273;-1.08001708984375;-0.368377685546875;;1 A;
4;6115;22.7267739426204;-1.07757568359375;-0.3673095703125;;1 A;
4;6116;22.7294839426136;-1.0748291015625;-0.36627197265625;;1 A;
4;6117;22.7321939426067;-1.07208251953125;-0.36529541015625;;1 A;
4;6118;22.7349039425999;-1.06964111328125;-0.3642578125;;1 A;
4;6119;22.737613942593;-1.06781005859375;-0.36322021484375;;1 A;
4;6120;22.7403239425862;-1.06475830078125;-0.36224365234375;;1 A;
4;6121;22.7430339425794;-1.06292724609375;-0.3612060546875;;1 A;
4;6122;22.7457439425725;-1.060791015625;-0.360107421875;;1 A;
4;6123;22.7484539425657;-1.05712890625;-0.35931396484375;;1 A;
4;6124;22.7511639425588;-1.05560302734375;-0.358154296875;;1 A;
4;6125;22.753873942552;-1.05316162109375;-0.35723876953125;;1 A;
4;6126;22.7565839425451;-1.0504150390625;-0.356201171875;;1 A;
4;6127;22.7592939425383;-1.0479736328125;-0.355224609375;;1 A;
4;6128;22.7620039425315;-1.04522705078125;-0.354248046875;;1 A;
4;6129;22.7647139425246;-1.04339599609375;-0.353302001953125;;1 A;
4;6130;22.7674239425178;-1.0406494140625;-0.352264404296875;;1 A;
4;6131;22.7701339425109;-1.0382080078125;-0.35125732421875;;1 A;
4;6132;22.7728439425041;-1.0357666015625;-0.350250244140625;;1 A;
4;6133;22.7755539424973;-1.0333251953125;-0.349365234375;;1 A;
4;6134;22.7782639424904;-1.03057861328125;-0.348419189453125;;1 A;
4;6135;22.7809739424836;-1.02813720703125;-0.347412109375;;1 A;
4;6136;22.7836839424767;-1.02569580078125;-0.346405029296875;;1 A;
4;6137;22.7863939424699;-1.0235595703125;-0.345489501953125;;1 A;
4;6138;22.789103942463;-1.0211181640625;-0.344451904296875;;1 A;
4;6139;22.7918139424562;-1.0186767578125;-0.343536376953125;;1 A;
4;6140;22.7945239424494;-1.01593017578125;-0.342559814453125;;1 A;
4;6141;22.7972339424425;-1.0137939453125;-0.34161376953125;;1 A;
4;6142;22.7999439424357;-1.01104736328125;-0.340545654296875;;1 A;
4;6143;22.8026539424288;-1.009521484375;-0.33966064453125;;1 A;
4;6144;22.805363942422;-1.007080078125;-0.338623046875;;1 A;
4;6145;22.8080739424151;-1.00433349609375;-0.337677001953125;;1 A;
4;6146;22.8107839424083;-1.00189208984375;-0.336700439453125;;1 A;
4;6147;22.8134939424015;-0.99853515625;-0.33563232421875;;1 A;
4;6148;22.8162039423946;-0.9967041015625;-0.334747314453125;;1 A;
4;6149;22.8189139423878;-0.99365234375;-0.33367919921875;;1 A;
4;6150;22.8216239423809;-0.99151611328125;-0.332794189453125;;1 A;
4;6151;22.8243339423741;-0.9893798828125;-0.331756591796875;;1 A;
4;6152;22.8270439423673;-0.98724365234375;-0.3306884765625;;1 A;
4;6153;22.8297539423604;-0.98419189453125;-0.3297119140625;;1 A;
4;6154;22.8324639423536;-0.9820556640625;-0.328704833984375;;1 A;
4;6155;22.8351739423467;-0.9796142578125;-0.32769775390625;;1 A;
4;6156;22.8378839423399;-0.97686767578125;-0.32666015625;;1 A;
4;6157;22.840593942333;-0.97442626953125;-0.325531005859375;;1 A;
4;6158;22.8433039423262;-0.97198486328125;-0.324462890625;;1 A;
4;6159;22.8460139423194;-0.9698486328125;-0.323455810546875;;1 A;
4;6160;22.8487239423125;-0.9674072265625;-0.32232666015625;;1 A;
4;6161;22.8514339423057;-0.96466064453125;-0.3212890625;;1 A;
4;6162;22.8541439422988;-0.9625244140625;-0.3201904296875;;1 A;
4;6163;22.856853942292;-0.9600830078125;-0.31903076171875;;1 A;
4;6164;22.8595639422851;-0.95794677734375;-0.31787109375;;1 A;
4;6165;22.8622739422783;-0.955810546875;-0.316741943359375;;1 A;
4;6166;22.8649839422715;-0.9527587890625;-0.3155517578125;;1 A;
4;6167;22.8676939422646;-0.95001220703125;-0.31427001953125;;1 A;
4;6168;22.8704039422578;-0.9478759765625;-0.313140869140625;;1 A;
4;6169;22.8731139422509;-0.94573974609375;-0.31182861328125;;1 A;
4;6170;22.8758239422441;-0.9429931640625;-0.310638427734375;;1 A;
4;6171;22.8785339422373;-0.94024658203125;-0.309326171875;;1 A;
4;6172;22.8812439422304;-0.93841552734375;-0.3079833984375;;1 A;
4;6173;22.8839539422236;-0.9356689453125;-0.30645751953125;;1 A;
4;6174;22.8866639422167;-0.93353271484375;-0.305023193359375;;1 A;
4;6175;22.8893739422099;-0.931396484375;-0.3035888671875;;1 A;
4;6176;22.892083942203;-0.9283447265625;-0.3021240234375;;1 A;
4;6177;22.8947939421962;-0.926513671875;-0.30059814453125;;1 A;
4;6178;22.8975039421894;-0.9234619140625;-0.29901123046875;;1 A;
4;6179;22.9002139421825;-0.92132568359375;-0.297332763671875;;1 A;
4;6180;22.9029239421757;-0.9185791015625;-0.29559326171875;;1 A;
4;6181;22.9056339421688;-0.9161376953125;-0.2939453125;;1 A;
4;6182;22.908343942162;-0.9136962890625;-0.292083740234375;;1 A;
4;6183;22.9110539421551;-0.91094970703125;-0.290313720703125;;1 A;
4;6184;22.9137639421483;-0.9088134765625;-0.288360595703125;;1 A;
4;6185;22.9164739421415;-0.90667724609375;-0.286285400390625;;1 A;
4;6186;22.9191839421346;-0.9039306640625;-0.284149169921875;;1 A;
4;6187;22.9218939421278;-0.9014892578125;-0.281951904296875;;1 A;
4;6188;22.9246039421209;-0.8990478515625;-0.279754638671875;;1 A;
4;6189;22.9273139421141;-0.8966064453125;-0.27734375;;1 A;
4;6190;22.9300239421073;-0.89447021484375;-0.274932861328125;;1 A;
4;6191;22.9327339421004;-0.89141845703125;-0.272491455078125;;1 A;
4;6192;22.9354439420936;-0.8892822265625;-0.269683837890625;;1 A;
4;6193;22.9381539420867;-0.88653564453125;-0.2669677734375;;1 A;
4;6194;22.9408639420799;-0.8843994140625;-0.263916015625;;1 A;
4;6195;22.943573942073;-0.8819580078125;-0.261138916015625;;1 A;
4;6196;22.9462839420662;-0.87921142578125;-0.25787353515625;;1 A;
4;6197;22.9489939420594;-0.877685546875;-0.254669189453125;;1 A;
4;6198;22.9517039420525;-0.87493896484375;-0.251068115234375;;1 A;
4;6199;22.9544139420457;-0.87188720703125;-0.247467041015625;;1 A;
4;6200;22.9571239420388;-0.86944580078125;-0.243682861328125;;1 A;
4;6201;22.959833942032;-0.8673095703125;-0.239837646484375;;1 A;
4;6202;22.9625439420251;-0.8648681640625;-0.23577880859375;;1 A;
4;6203;22.9652539420183;-0.8624267578125;-0.23150634765625;;1 A;
4;6204;22.9679639420115;-0.860595703125;-0.226593017578125;;1 A;
4;6205;22.9706739420046;-0.8575439453125;-0.2218017578125;;1 A;
4;6206;22.9733839419978;-0.8551025390625;-0.216796875;;1 A;
4;6207;22.9760939419909;-0.85235595703125;-0.211761474609375;;1 A;
4;6208;22.9788039419841;-0.8502197265625;-0.2064208984375;;1 A;
4;6209;22.9815139419773;-0.8477783203125;-0.20068359375;;1 A;
4;6210;22.9842239419704;-0.8453369140625;-0.19427490234375;;1 A;
4;6211;22.9869339419636;-0.8428955078125;-0.18798828125;;1 A;
4;6212;22.9896439419567;-0.84014892578125;-0.181365966796875;;1 A;
4;6213;22.9923539419499;-0.8380126953125;-0.174652099609375;;1 A;
4;6214;22.995063941943;-0.836181640625;-0.167633056640625;;1 A;
4;6215;22.9977739419362;-0.83343505859375;-0.160125732421875;;1 A;
4;6216;23.0004839419294;-0.83099365234375;-0.152130126953125;;1 A;
4;6217;23.0031939419225;-0.8282470703125;-0.14385986328125;;1 A;
4;6218;23.0059039419157;-0.82550048828125;-0.13555908203125;;1 A;
4;6219;23.0086139419088;-0.8233642578125;-0.126953125;;1 A;
4;6220;23.011323941902;-0.8209228515625;-0.118255615234375;;1 A;
4;6221;23.0140339418951;-0.81878662109375;-0.109039306640625;;1 A;
4;6222;23.0167439418883;-0.8160400390625;-0.0997314453125;;1 A;
4;6223;23.0194539418815;-0.81390380859375;-0.0899658203125;;1 A;
4;6224;23.0221639418746;-0.8111572265625;-0.08050537109375;;1 A;
4;6225;23.0248739418678;-0.80841064453125;-0.07049560546875;;1 A;
4;6226;23.0275839418609;-0.8062744140625;-0.061309814453125;;1 A;
4;6227;23.0302939418541;-0.80352783203125;-0.051513671875;;1 A;
4;6228;23.0330039418473;-0.802001953125;-0.0421295166015625;;1 A;
4;6229;23.0357139418404;-0.7989501953125;-0.0322235107421875;;1 A;
4;6230;23.0384239418336;-0.7965087890625;-0.023028564453125;;1 A;
4;6231;23.0411339418267;-0.79437255859375;-0.013128662109375;;1 A;
4;6232;23.0438439418199;-0.79132080078125;-0.0039794921875;;1 A;
4;6233;23.046553941813;-0.78948974609375;0.0061492919921875;;1 A;
4;6234;23.0492639418062;-0.78643798828125;0.0166473388671875;;1 A;
4;6235;23.0519739417994;-0.78399658203125;0.028997802734375;;1 A;
4;6236;23.0546839417925;-0.78216552734375;0.0416961669921875;;1 A;
4;6237;23.0573939417857;-0.7794189453125;0.056304931640625;;1 A;
4;6238;23.0601039417788;-0.77728271484375;0.0716552734375;;1 A;
4;6239;23.062813941772;-0.7745361328125;0.089019775390625;;1 A;
4;6240;23.0655239417652;-0.7720947265625;0.107940673828125;;1 A;
4;6241;23.0682339417583;-0.76995849609375;0.128997802734375;;1 A;
4;6242;23.0709439417515;-0.76751708984375;0.15093994140625;;1 A;
4;6243;23.0736539417446;-0.765380859375;0.173675537109375;;1 A;
4;6244;23.0763639417378;-0.76263427734375;0.19671630859375;;1 A;
4;6245;23.0790739417309;-0.7598876953125;0.219970703125;;1 A;
4;6246;23.0817839417241;-0.75836181640625;0.24371337890625;;1 A;
4;6247;23.0844939417173;-0.755615234375;0.267791748046875;;1 A;
4;6248;23.0872039417104;-0.7537841796875;0.290069580078125;;1 A;
4;6249;23.0899139417036;-0.7501220703125;0.30731201171875;;1 A;
4;6250;23.0926239416967;-0.74810791015625;0.3187255859375;;1 A;
4;6251;23.0953339416899;-0.745635986328125;0.329559326171875;;1 A;
4;6252;23.098043941683;-0.7432861328125;0.345733642578125;;1 A;
4;6253;23.1007539416762;-0.740875244140625;0.366668701171875;;1 A;
4;6254;23.1034639416694;-0.73846435546875;0.391204833984375;;1 A;
4;6255;23.1061739416625;-0.736053466796875;0.41680908203125;;1 A;
4;6256;23.1088839416557;-0.73358154296875;0.444244384765625;;1 A;
4;6257;23.1115939416488;-0.731109619140625;0.471343994140625;;1 A;
4;6258;23.114303941642;-0.728729248046875;0.49957275390625;;1 A;
4;6259;23.1170139416352;-0.726409912109375;0.5291748046875;;1 A;
4;6260;23.1197239416283;-0.72393798828125;0.5596923828125;;1 A;
4;6261;23.1224339416215;-0.721527099609375;0.5902099609375;;1 A;
4;6262;23.1251439416146;-0.7191162109375;0.621337890625;;1 A;
4;6263;23.1278539416078;-0.716644287109375;0.65185546875;;1 A;
4;6264;23.1305639416009;-0.71429443359375;0.68328857421875;;1 A;
4;6265;23.1332739415941;-0.71173095703125;0.7147216796875;;1 A;
4;6266;23.1359839415873;-0.709320068359375;0.7476806640625;;1 A;
4;6267;23.1386939415804;-0.706878662109375;0.780029296875;;1 A;
4;6268;23.1414039415736;-0.70452880859375;0.8135986328125;;1 A;
4;6269;23.1441139415667;-0.702056884765625;0.84625244140625;;1 A;
4;6270;23.1468239415599;-0.69970703125;0.87982177734375;;1 A;
4;6271;23.149533941553;-0.697235107421875;0.91400146484375;;1 A;
4;6272;23.1522439415462;-0.694793701171875;0.94940185546875;;1 A;
4;6273;23.1549539415394;-0.692352294921875;0.9844970703125;;1 A;
4;6274;23.1576639415325;-0.68994140625;1.0211181640625;;1 A;
4;6275;23.1603739415257;-0.687469482421875;1.05712890625;;1 A;
4;6276;23.1630839415188;-0.68505859375;1.0943603515625;;1 A;
4;6277;23.165793941512;-0.682586669921875;1.13189697265625;;1 A;
4;6278;23.1685039415052;-0.680206298828125;1.1712646484375;;1 A;
4;6279;23.1712139414983;-0.677734375;1.21124267578125;;1 A;
4;6280;23.1739239414915;-0.67535400390625;1.25152587890625;;1 A;
4;6281;23.1766339414846;-0.672882080078125;1.2921142578125;;1 A;
4;6282;23.1793439414778;-0.67041015625;1.334228515625;;1 A;
4;6283;23.1820539414709;-0.66802978515625;1.378173828125;;1 A;
4;6284;23.1847639414641;-0.6656494140625;1.42364501953125;;1 A;
4;6285;23.1874739414573;-0.663177490234375;1.4703369140625;;1 A;
4;6286;23.1901839414504;-0.6607666015625;1.51702880859375;;1 A;
4;6287;23.1928939414436;-0.6583251953125;1.56463623046875;;1 A;
4;6288;23.1956039414367;-0.655914306640625;1.61346435546875;;1 A;
4;6289;23.1983139414299;-0.653472900390625;1.663818359375;;1 A;
4;6290;23.201023941423;-0.65106201171875;1.71600341796875;;1 A;
4;6291;23.2037339414162;-0.64862060546875;1.76910400390625;;1 A;
4;6292;23.2064439414094;-0.646240234375;1.8212890625;;1 A;
4;6293;23.2091539414025;-0.643798828125;1.873779296875;;1 A;
4;6294;23.2118639413957;-0.641387939453125;1.92535400390625;;1 A;
4;6295;23.2145739413888;-0.639007568359375;1.97784423828125;;1 A;
4;6296;23.217283941382;-0.636688232421875;2.0294189453125;;1 A;Current overload
4;6297;23.2199939413752;-0.634307861328125;2.08099365234375;;1 A;Current overload
4;6298;23.2227039413683;-0.6319580078125;2.13134765625;;1 A;Current overload
4;6299;23.2254139413615;-0.6297607421875;2.18109130859375;;1 A;Current overload
4;6300;23.2281239413546;-0.62738037109375;2.22930908203125;;1 A;Current overload
4;6301;23.2308339413478;-0.625091552734375;2.27813720703125;;1 A;Current overload
4;6302;23.2335439413409;-0.62274169921875;2.32696533203125;;1 A;Current overload
4;6303;23.2362539413341;-0.62103271484375;2.3406982421875;;1 A;Current overload
4;6304;23.2389639413273;-0.61962890625;2.34130859375;;1 A;Current overload
4;6305;23.2416739413204;-0.618377685546875;2.34130859375;;1 A;Current overload
4;6306;23.2443839413136;-0.617034912109375;2.34130859375;;1 A;Current overload
4;6307;23.2470939413067;-0.61578369140625;2.34161376953125;;1 A;Current overload
4;6308;23.2498039412999;-0.6143798828125;2.34161376953125;;1 A;Current overload
4;6309;23.252513941293;-0.6131591796875;2.34161376953125;;1 A;Current overload
4;6310;23.2552239412862;-0.611846923828125;2.34161376953125;;1 A;Current overload
4;6311;23.2579339412794;-0.6104736328125;2.34161376953125;;1 A;Current overload
4;6312;23.2606439412725;-0.609100341796875;2.3419189453125;;1 A;Current overload
4;6313;23.2633539412657;-0.607666015625;2.3419189453125;;1 A;Current overload
4;6314;23.2660639412588;-0.606201171875;2.3419189453125;;1 A;Current overload
4;6315;23.268773941252;-0.60467529296875;2.3419189453125;;1 A;Current overload
4;6316;23.2714839412452;-0.60302734375;2.3419189453125;;1 A;Current overload
4;6317;23.2741939412383;-0.60150146484375;2.3419189453125;;1 A;Current overload
4;6318;23.2769039412315;-0.5997314453125;2.3419189453125;;1 A;Current overload
4;6319;23.2796139412246;-0.597747802734375;2.3419189453125;;1 A;Current overload
4;6320;23.2823239412178;-0.595733642578125;2.3419189453125;;1 A;Current overload
4;6321;23.2850339412109;-0.593536376953125;2.3419189453125;;1 A;Current overload
4;6322;23.2877439412041;-0.591156005859375;2.3419189453125;;1 A;Current overload
4;6323;23.2904539411973;-0.58843994140625;2.34161376953125;;1 A;Current overload
4;6324;23.2931639411904;-0.5855712890625;2.34161376953125;;1 A;Current overload
4;6325;23.2958739411836;-0.58233642578125;2.34161376953125;;1 A;Current overload
4;6326;23.2985839411767;-0.578582763671875;2.34161376953125;;1 A;Current overload
4;6327;23.3012939411699;-0.574371337890625;2.34130859375;;1 A;Current overload
4;6328;23.304003941163;-0.56964111328125;2.34130859375;;1 A;Current overload
4;6329;23.3067139411562;-0.564300537109375;2.34100341796875;;1 A;Current overload
4;6330;23.3094239411494;-0.558319091796875;2.34039306640625;;1 A;Current overload
4;6331;23.3121339411425;-0.55157470703125;2.33856201171875;;1 A;Current overload
4;6332;23.3148439411357;-0.545318603515625;2.2613525390625;;1 A;Current overload
4;6333;23.3175539411288;-0.542266845703125;2.04315185546875;;1 A;Current overload
4;6334;23.320263941122;-0.5418701171875;1.77764892578125;;1 A;
4;6335;23.3229739411152;-0.53961181640625;1.5716552734375;;1 A;
4;6336;23.3256839411083;-0.537384033203125;1.3873291015625;;1 A;
4;6337;23.3283939411015;-0.53509521484375;1.229248046875;;1 A;
4;6338;23.3311039410946;-0.532806396484375;1.097412109375;;1 A;
4;6339;23.3338139410878;-0.530426025390625;0.985107421875;;1 A;
4;6340;23.3365239410809;-0.528106689453125;0.887451171875;;1 A;
4;6341;23.3392339410741;-0.525726318359375;0.8026123046875;;1 A;
4;6342;23.3419439410673;-0.523345947265625;0.7269287109375;;1 A;
4;6343;23.3446539410604;-0.52093505859375;0.6597900390625;;1 A;
4;6344;23.3473639410536;-0.518524169921875;0.60150146484375;;1 A;
4;6345;23.3500739410467;-0.516143798828125;0.5511474609375;;1 A;
4;6346;23.3527839410399;-0.5137939453125;0.5078125;;1 A;
4;6347;23.355493941033;-0.5113525390625;0.470672607421875;;1 A;
4;6348;23.3582039410262;-0.508880615234375;0.43701171875;;1 A;
4;6349;23.3609139410194;-0.50640869140625;0.407257080078125;;1 A;
4;6350;23.3636239410125;-0.503997802734375;0.38153076171875;;1 A;
4;6351;23.3663339410057;-0.5015869140625;0.358734130859375;;1 A;
4;6352;23.3690439409988;-0.499176025390625;0.338653564453125;;1 A;
4;6353;23.371753940992;-0.49676513671875;0.32037353515625;;1 A;
4;6354;23.3744639409852;-0.494293212890625;0.30322265625;;1 A;
4;6355;23.3771739409783;-0.491851806640625;0.287017822265625;;1 A;
4;6356;23.3798839409715;-0.48944091796875;0.27178955078125;;1 A;
4;6357;23.3825939409646;-0.487030029296875;0.257720947265625;;1 A;
4;6358;23.3853039409578;-0.48455810546875;0.2454833984375;;1 A;
4;6359;23.3880139409509;-0.482147216796875;0.235015869140625;;1 A;
4;6360;23.3907239409441;-0.47967529296875;0.225830078125;;1 A;
4;6361;23.3934339409373;-0.47723388671875;0.21746826171875;;1 A;
4;6362;23.3961439409304;-0.47479248046875;0.20989990234375;;1 A;
4;6363;23.3988539409236;-0.472412109375;0.202728271484375;;1 A;
4;6364;23.4015639409167;-0.470001220703125;0.196014404296875;;1 A;
4;6365;23.4042739409099;-0.46759033203125;0.18963623046875;;1 A;
4;6366;23.406983940903;-0.465087890625;0.18359375;;1 A;
4;6367;23.4096939408962;-0.462615966796875;0.177703857421875;;1 A;
4;6368;23.4124039408894;-0.460296630859375;0.17230224609375;;1 A;
4;6369;23.4151139408825;-0.45782470703125;0.16693115234375;;1 A;
4;6370;23.4178239408757;-0.455322265625;0.162200927734375;;1 A;
4;6371;23.4205339408688;-0.452911376953125;0.1573486328125;;1 A;
4;6372;23.423243940862;-0.450469970703125;0.1527099609375;;1 A;
4;6373;23.4259539408552;-0.44805908203125;0.14813232421875;;1 A;
4;6374;23.4286639408483;-0.445587158203125;0.14385986328125;;1 A;
4;6375;23.4313739408415;-0.443115234375;0.139892578125;;1 A;
4;6376;23.4340839408346;-0.440704345703125;0.136077880859375;;1 A;
4;6377;23.4367939408278;-0.438323974609375;0.132354736328125;;1 A;
4;6378;23.4395039408209;-0.43585205078125;0.128662109375;;1 A;
4;6379;23.4422139408141;-0.433380126953125;0.125030517578125;;1 A;
4;6380;23.4449239408073;-0.430999755859375;0.12152099609375;;1 A;
4;6381;23.4476339408004;-0.42852783203125;0.11810302734375;;1 A;
4;6382;23.4503439407936;-0.426116943359375;0.114837646484375;;1 A;
4;6383;23.4530539407867;-0.423614501953125;0.111358642578125;;1 A;
4;6384;23.4557639407799;-0.42120361328125;0.107696533203125;;1 A;
4;6385;23.458473940773;-0.418792724609375;0.103912353515625;;1 A;
4;6386;23.4611839407662;-0.416351318359375;0.0997314453125;;1 A;
4;6387;23.4638939407594;-0.41387939453125;0.09503173828125;;1 A;
4;6388;23.4666039407525;-0.411468505859375;0.08978271484375;;1 A;
4;6389;23.4693139407457;-0.408966064453125;0.083953857421875;;1 A;
4;6390;23.4720239407388;-0.40655517578125;0.077606201171875;;1 A;
4;6391;23.474733940732;-0.404144287109375;0.070953369140625;;1 A;
4;6392;23.4774439407252;-0.401641845703125;0.064361572265625;;1 A;
4;6393;23.4801539407183;-0.3992919921875;0.05810546875;;1 A;
4;6394;23.4828639407115;-0.396820068359375;0.053070068359375;;1 A;
4;6395;23.4855739407046;-0.394317626953125;0.0491180419921875;;1 A;
4;6396;23.4882839406978;-0.391937255859375;0.045697021484375;;1 A;
4;6397;23.4909939406909;-0.389556884765625;0.0428802490234375;;1 A;
4;6398;23.4937039406841;-0.38702392578125;0.0404449462890625;;1 A;
4;6399;23.4964139406773;-0.38470458984375;0.0382476806640625;;1 A;
4;6400;23.4991239406704;-0.3822021484375;0.0363555908203125;;1 A;
4;6401;23.5018339406636;-0.3797607421875;0.03463134765625;;1 A;
4;6402;23.5045439406567;-0.377349853515625;0.0331878662109375;;1 A;
4;6403;23.5072539406499;-0.37493896484375;0.031939697265625;;1 A;
4;6404;23.509963940643;-0.3724365234375;0.0306427001953125;;1 A;
4;6405;23.5126739406362;-0.3699951171875;0.029608154296875;;1 A;
4;6406;23.5153839406294;-0.367523193359375;0.0285797119140625;;1 A;
4;6407;23.5180939406225;-0.3651123046875;0.027838134765625;;1 A;
4;6408;23.5208039406157;-0.362640380859375;0.0269500732421875;;1 A;
4;6409;23.5235139406088;-0.360260009765625;0.026324462890625;;1 A;
4;6410;23.526223940602;-0.3577880859375;0.0255615234375;;1 A;
4;6411;23.5289339405952;-0.35540771484375;0.0250244140625;;1 A;
4;6412;23.5316439405883;-0.35296630859375;0.0243743896484375;;1 A;
4;6413;23.5343539405815;-0.350494384765625;0.023809814453125;;1 A;
4;6414;23.5370639405746;-0.348114013671875;0.023291015625;;1 A;
4;6415;23.5397739405678;-0.3455810546875;0.022833251953125;;1 A;
4;6416;23.5424839405609;-0.343170166015625;0.022271728515625;;1 A;
4;6417;23.5451939405541;-0.34075927734375;0.02188720703125;;1 A;
4;6418;23.5479039405473;-0.338287353515625;0.0214202880859375;;1 A;
4;6419;23.5506139405404;-0.335906982421875;0.0210723876953125;;1 A;
4;6420;23.5533239405336;-0.333465576171875;0.020721435546875;;1 A;
4;6421;23.5560339405267;-0.331024169921875;0.0202972412109375;;1 A;
4;6422;23.5587439405199;-0.328582763671875;0.0199554443359375;;1 A;
4;6423;23.561453940513;-0.326080322265625;0.019598388671875;;1 A;
4;6424;23.5641639405062;-0.323699951171875;0.01927490234375;;1 A;
4;6425;23.5668739404994;-0.32122802734375;0.018975830078125;;1 A;
4;6426;23.5695839404925;-0.318817138671875;0.0186767578125;;1 A;
4;6427;23.5722939404857;-0.316375732421875;0.0183746337890625;;1 A;
4;6428;23.5750039404788;-0.31396484375;0.0180694580078125;;1 A;
4;6429;23.577713940472;-0.3115234375;0.017791748046875;;1 A;
4;6430;23.5804239404652;-0.30914306640625;0.017486572265625;;1 A;
4;6431;23.5831339404583;-0.306549072265625;0.017291259765625;;1 A;
4;6432;23.5858439404515;-0.304229736328125;0.01702880859375;;1 A;
4;6433;23.5885539404446;-0.3017578125;0.01678466796875;;1 A;
4;6434;23.5912639404378;-0.29931640625;0.0165557861328125;;1 A;
4;6435;23.5939739404309;-0.296844482421875;0.0163177490234375;;1 A;
4;6436;23.5966839404241;-0.294464111328125;0.016070556640625;;1 A;
4;6437;23.5993939404173;-0.2919921875;0.0159027099609375;;1 A;
4;6438;23.6021039404104;-0.28961181640625;0.015716552734375;;1 A;
4;6439;23.6048139404036;-0.287078857421875;0.0155548095703125;;1 A;
4;6440;23.6075239403967;-0.284698486328125;0.015234375;;1 A;
4;6441;23.6102339403899;-0.282257080078125;0.0151336669921875;;1 A;
4;6442;23.612943940383;-0.27978515625;0.0149871826171875;;1 A;
4;6443;23.6156539403762;-0.277313232421875;0.0147613525390625;;1 A;
4;6444;23.6183639403694;-0.274871826171875;0.0145904541015625;;1 A;
4;6445;23.6210739403625;-0.272491455078125;0.0144775390625;;1 A;
4;6446;23.6237839403557;-0.270050048828125;0.0143798828125;;1 A;
4;6447;23.6264939403488;-0.267608642578125;0.0141845703125;;1 A;
4;6448;23.629203940342;-0.265167236328125;0.0140869140625;;1 A;
4;6449;23.6319139403352;-0.26275634765625;0.013934326171875;;1 A;
4;6450;23.6346239403283;-0.26031494140625;0.013800048828125;;1 A;
4;6451;23.6373339403215;-0.257843017578125;0.0136199951171875;;1 A;
4;6452;23.6400439403146;-0.25543212890625;0.013519287109375;;1 A;
4;6453;23.6427539403078;-0.252960205078125;0.01337890625;;1 A;
4;6454;23.6454639403009;-0.250518798828125;0.0132843017578125;;1 A;
4;6455;23.6481739402941;-0.24810791015625;0.0131072998046875;;1 A;
4;6456;23.6508839402873;-0.24566650390625;0.0130645751953125;;1 A;
4;6457;23.6535939402804;-0.24322509765625;0.0129302978515625;;1 A;
4;6458;23.6563039402736;-0.24078369140625;0.012835693359375;;1 A;
4;6459;23.6590139402667;-0.238311767578125;0.0126678466796875;;1 A;
4;6460;23.6617239402599;-0.23590087890625;0.0125732421875;;1 A;
4;6461;23.664433940253;-0.23345947265625;0.012493896484375;;1 A;
4;6462;23.6671439402462;-0.23101806640625;0.0123809814453125;;1 A;
4;6463;23.6698539402394;-0.22857666015625;0.0123046875;;1 A;
4;6464;23.6725639402325;-0.226165771484375;0.01220703125;;1 A;
4;6465;23.6752739402257;-0.223663330078125;0.01217041015625;;1 A;
4;6466;23.6779839402188;-0.22125244140625;0.0120391845703125;;1 A;
4;6467;23.680693940212;-0.21881103515625;0.0118865966796875;;1 A;
4;6468;23.6834039402052;-0.21636962890625;0.0117950439453125;;1 A;
4;6469;23.6861139401983;-0.213958740234375;0.0117095947265625;;1 A;
4;6470;23.6888239401915;-0.21148681640625;0.0115692138671875;;1 A;
4;6471;23.6915339401846;-0.209075927734375;0.011468505859375;;1 A;
4;6472;23.6942439401778;-0.2066650390625;0.011273193359375;;1 A;
4;6473;23.6969539401709;-0.204193115234375;0.0111541748046875;;1 A;
4;6474;23.6996639401641;-0.2017822265625;0.01097412109375;;1 A;
4;6475;23.7023739401573;-0.199310302734375;0.0108612060546875;;1 A;
4;6476;23.7050839401504;-0.196868896484375;0.0106903076171875;;1 A;
4;6477;23.7077939401436;-0.194427490234375;0.010601806640625;;1 A;
4;6478;23.7105039401367;-0.1920166015625;0.0104736328125;;1 A;
4;6479;23.7132139401299;-0.189544677734375;0.0103271484375;;1 A;
4;6480;23.715923940123;-0.1871337890625;0.0101898193359375;;1 A;
4;6481;23.7186339401162;-0.184661865234375;0.0101226806640625;;1 A;
4;6482;23.7213439401094;-0.182220458984375;0.00997314453125001;;1 A;
4;6483;23.7240539401025;-0.1798095703125;0.0098602294921875;;1 A;
4;6484;23.7267639400957;-0.1773681640625;0.0097381591796875;;1 A;
4;6485;23.7294739400888;-0.174957275390625;0.009613037109375;;1 A;
4;6486;23.732183940082;-0.17254638671875;0.0095367431640625;;1 A;
4;6487;23.7348939400752;-0.1700439453125;0.0093536376953125;;1 A;
4;6488;23.7376039400683;-0.167633056640625;0.00921630859375;;1 A;
4;6489;23.7403139400615;-0.165191650390625;0.009112548828125;;1 A;
4;6490;23.7430239400546;-0.162811279296875;0.00885009765625;;1 A;
4;6491;23.7457339400478;-0.16033935546875;0.0086090087890625;;1 A;
4;6492;23.7484439400409;-0.15789794921875;0.00841064453125;;1 A;
4;6493;23.7511539400341;-0.155517578125;0.0082855224609375;;1 A;
4;6494;23.7538639400273;-0.15301513671875;0.00809326171874999;;1 A;
4;6495;23.7565739400204;-0.150543212890625;0.007952880859375;;1 A;
4;6496;23.7592839400136;-0.148101806640625;0.00771484375000001;;1 A;
4;6497;23.7619939400067;-0.145721435546875;0.007537841796875;;1 A;
4;6498;23.7647039399999;-0.143341064453125;0.007427978515625;;1 A;
4;6499;23.767413939993;-0.14080810546875;0.0073089599609375;;1 A;
4;6500;23.7701239399862;-0.138427734375;0.0071380615234375;;1 A;
4;6501;23.7728339399794;-0.13592529296875;0.00698242187500001;;1 A;
4;6502;23.7755439399725;-0.133514404296875;0.0067413330078125;;1 A;
4;6503;23.7782539399657;-0.131134033203125;0.0066253662109375;;1 A;
4;6504;23.7809639399588;-0.128662109375;0.006451416015625;;1 A;
4;6505;23.783673939952;-0.126190185546875;0.0062896728515625;;1 A;
4;6506;23.7863839399452;-0.123687744140625;0.00600585937500001;;1 A;
4;6507;23.7890939399383;-0.12127685546875;0.0058441162109375;;1 A;
4;6508;23.7918039399315;-0.118865966796875;0.0056915283203125;;1 A;
4;6509;23.7945139399246;-0.116455078125;0.0054290771484375;;1 A;
4;6510;23.7972239399178;-0.114013671875;0.005340576171875;;1 A;
4;6511;23.7999339399109;-0.11151123046875;0.00517883300781249;;1 A;
4;6512;23.8026439399041;-0.109161376953125;0.0050689697265625;;1 A;
4;6513;23.8053539398973;-0.106597900390625;0.0048675537109375;;1 A;
4;6514;23.8080639398904;-0.104248046875;0.00469360351562501;;1 A;
4;6515;23.8107739398836;-0.10186767578125;0.0044830322265625;;1 A;
4;6516;23.8134839398767;-0.099365234375;0.00432434082031249;;1 A;
4;6517;23.8161939398699;-0.096923828125;0.00403747558593751;;1 A;
4;6518;23.818903939863;-0.09454345703125;0.00393066406250001;;1 A;
4;6519;23.8216139398562;-0.092041015625;0.003857421875;;1 A;
4;6520;23.8243239398494;-0.089599609375;0.0037841796875;;1 A;
4;6521;23.8270339398425;-0.087127685546875;0.0037078857421875;;1 A;
4;6522;23.8297439398357;-0.084686279296875;0.00361022949218751;;1 A;
4;6523;23.8324539398288;-0.082275390625;0.00366821289062499;;1 A;
4;6524;23.835163939822;-0.079864501953125;0.003753662109375;;1 A;
4;6525;23.8378739398152;-0.077392578125;0.0037994384765625;;1 A;
4;6526;23.8405839398083;-0.074951171875;0.0040008544921875;;1 A;
4;6527;23.8432939398015;-0.072509765625;0.00404968261718749;;1 A;
4;6528;23.8460039397946;-0.070098876953125;0.0042877197265625;;1 A;
4;6529;23.8487139397878;-0.067657470703125;0.0044708251953125;;1 A;
4;6530;23.8514239397809;-0.065216064453125;0.00470581054687499;;1 A;
4;6531;23.8541339397741;-0.06280517578125;0.0048828125;;1 A;
4;6532;23.8568439397673;-0.06036376953125;0.0051300048828125;;1 A;
4;6533;23.8595539397604;-0.057952880859375;0.00534973144531251;;1 A;
4;6534;23.8622639397536;-0.055419921875;0.00562438964843751;;1 A;
4;6535;23.8649739397467;-0.053070068359375;0.00579223632812501;;1 A;
4;6536;23.8676839397399;-0.050567626953125;0.0062225341796875;;1 A;
4;6537;23.870393939733;-0.04805908203125;0.0065643310546875;;1 A;
4;6538;23.8731039397262;-0.0456329345703125;0.00694580078125;;1 A;
4;6539;23.8758139397194;-0.0431854248046875;0.0071380615234375;;1 A;
4;6540;23.8785239397125;-0.040728759765625;0.0075531005859375;;1 A;
4;6541;23.8812339397057;-0.038311767578125;0.00792236328125;;1 A;
4;6542;23.8839439396988;-0.0358734130859375;0.00835266113281249;;1 A;
4;6543;23.886653939692;-0.0334564208984375;0.00873413085937499;;1 A;
4;6544;23.8893639396852;-0.0309906005859375;0.0091888427734375;;1 A;
4;6545;23.8920739396783;-0.0285675048828125;0.009625244140625;;1 A;
4;6546;23.8947839396715;-0.0261199951171875;0.01007080078125;;1 A;
4;6547;23.8974939396646;-0.0236907958984375;0.01058349609375;;1 A;
4;6548;23.9002039396578;-0.0212738037109375;0.0111846923828125;;1 A;
4;6549;23.9029139396509;-0.0188201904296875;0.01163330078125;;1 A;
4;6550;23.9056239396441;-0.0163818359375;0.0121551513671875;;1 A;
4;6551;23.9083339396373;-0.013946533203125;0.01268310546875;;1 A;
4;6552;23.9110439396304;-0.011492919921875;0.0132171630859375;;1 A;
4;6553;23.9137539396236;-0.0090606689453125;0.0138885498046875;;1 A;
4;6554;23.9164639396167;-0.0066070556640625;0.0145233154296875;;1 A;
4;6555;23.9191739396099;-0.004168701171875;0.015142822265625;;1 A;
4;6556;23.921883939603;-0.00176086425781249;0.0157073974609375;;1 A;
4;6557;23.9245939395962;0.000720214843749997;0.016461181640625;;1 A;
