Time (s);WE(1).Potential (V);WE(1).Current (A);Corrected time (s);Index;Current range;Overload
76.4019148071037;0.4967041015625;0.517364501953125;0;1;100 mA;Current overload
76.4119148070785;0.450653076171875;0.214874267578125;0.00999999997475243;2;100 mA;
76.4219148070532;0.450531005859375;0.146240234375;0.0199999999495049;3;100 mA;
76.431914807028;0.450408935546875;0.110443115234375;0.0299999999242573;4;100 mA;
76.4419148070027;0.450531005859375;0.0880126953125;0.0399999998990097;5;100 mA;
76.4519148069775;0.4505615234375;0.071868896484375;0.0499999998737621;6;100 mA;
76.4619148069522;0.450531005859375;0.06011962890625;0.0599999998485146;7;100 mA;
76.471914806927;0.450408935546875;0.051025390625;0.069999999823267;8;100 mA;
76.4819148069017;0.45050048828125;0.0434112548828125;0.0799999997980194;9;100 mA;
76.4919148068765;0.450653076171875;0.0377105712890625;0.0899999997727718;10;100 mA;
76.5019148068512;0.450714111328125;0.0328338623046875;0.0999999997475243;11;100 mA;
76.511914806826;0.450592041015625;0.029058837890625;0.109999999722277;12;100 mA;
76.5219148068007;0.450531005859375;0.0256500244140625;0.119999999697029;13;100 mA;
76.5319148067755;0.450531005859375;0.0226776123046875;0.129999999671782;14;100 mA;
76.5419148067502;0.45062255859375;0.020367431640625;0.139999999646534;15;100 mA;
76.551914806725;0.450714111328125;0.018267822265625;0.149999999621286;16;100 mA;
76.5619148066997;0.45068359375;0.0166412353515625;0.159999999596039;17;100 mA;
76.5719148066745;0.45068359375;0.015045166015625;0.169999999570791;18;100 mA;
76.5819148066493;0.450714111328125;0.0138519287109375;0.179999999545544;19;100 mA;
76.591914806624;0.45062255859375;0.012689208984375;0.189999999520296;20;100 mA;
76.6019148065988;0.450439453125;0.0116424560546875;0.199999999495049;21;100 mA;
76.6119148065735;0.45062255859375;0.01092529296875;0.209999999469801;22;100 mA;
76.6219148065483;0.45074462890625;0.0101593017578125;0.219999999444553;23;100 mA;
76.631914806523;0.45074462890625;0.0097381591796875;0.229999999419306;24;100 mA;
76.6419148064978;0.45068359375;0.0091552734375;0.239999999394058;25;100 mA;
76.6519148064725;0.4505615234375;0.0087371826171875;0.249999999368811;26;100 mA;
76.6619148064473;0.4508056640625;0.0094512939453125;0.259999999343563;27;100 mA;
76.671914806422;0.450592041015625;0.008160400390625;0.269999999318316;28;100 mA;
76.6819148063968;0.450439453125;0.007440185546875;0.279999999293068;29;100 mA;
76.6919148063715;0.45037841796875;0.007281494140625;0.28999999926782;30;100 mA;
76.7019148063463;0.450592041015625;0.0069580078125;0.299999999242573;31;100 mA;
76.711914806321;0.45068359375;0.0068267822265625;0.309999999217325;32;100 mA;
76.7219148062958;0.450714111328125;0.0065582275390625;0.319999999192078;33;100 mA;
76.7319148062705;0.45050048828125;0.0062103271484375;0.32999999916683;34;100 mA;
76.7419148062453;0.450531005859375;0.0060516357421875;0.339999999141583;35;100 mA;
76.75191480622;0.450592041015625;0.00574951171875;0.349999999116335;36;100 mA;
76.7619148061948;0.4505615234375;0.0058349609375;0.359999999091087;37;100 mA;
76.7719148061695;0.45068359375;0.0055450439453125;0.36999999906584;38;100 mA;
76.7819148061443;0.450714111328125;0.0054962158203125;0.379999999040592;39;100 mA;
76.7919148061191;0.450714111328125;0.005157470703125;0.389999999015345;40;100 mA;
76.8019148060938;0.450592041015625;0.0051116943359375;0.399999998990097;41;100 mA;
76.8119148060686;0.450531005859375;0.005010986328125;0.40999999896485;42;100 mA;
76.8219148060433;0.45062255859375;0.0048431396484375;0.419999998939602;43;100 mA;
76.8319148060181;0.450592041015625;0.0048065185546875;0.429999998914354;44;100 mA;
76.8419148059928;0.45068359375;0.004620361328125;0.439999998889107;45;100 mA;
76.8519148059676;0.450714111328125;0.00465087890625;0.449999998863859;46;100 mA;
76.8619148059423;0.4505615234375;0.004486083984375;0.459999998838612;47;100 mA;
76.8719148059171;0.45062255859375;0.0045135498046875;0.469999998813364;48;100 mA;
76.8819148058918;0.450653076171875;0.004302978515625;0.479999998788116;49;100 mA;
76.8919148058666;0.450653076171875;0.0043304443359375;0.489999998762869;50;100 mA;
76.9019148058413;0.450592041015625;0.00411376953125;0.499999998737621;51;100 mA;
76.9119148058161;0.450439453125;0.0042266845703125;0.509999998712374;52;100 mA;
76.9219148057908;0.450653076171875;0.0040435791015625;0.519999998687126;53;100 mA;
76.9319148057656;0.450653076171875;0.00401611328125;0.529999998661879;54;100 mA;
76.9419148057403;0.450531005859375;0.003936767578125;0.539999998636631;55;100 mA;
76.9519148057151;0.450469970703125;0.00390411376953125;0.549999998611383;56;100 mA;
76.9619148056898;0.450653076171875;0.00391693115234375;0.559999998586136;57;100 mA;
76.9719148056646;0.45086669921875;0.00382659912109375;0.569999998560888;58;100 mA;
76.9819148056393;0.450714111328125;0.0038177490234375;0.579999998535641;59;100 mA;
76.9919148056141;0.4505615234375;0.003681640625;0.589999998510393;60;100 mA;
77.0019148055889;0.450531005859375;0.00371490478515625;0.599999998485146;61;100 mA;
77.0119148055636;0.45062255859375;0.00355682373046875;0.609999998459898;62;100 mA;
77.0219148055384;0.450775146484375;0.0036322021484375;0.61999999843465;63;100 mA;
77.0319148055131;0.4508056640625;0.003494873046875;0.629999998409403;64;100 mA;
77.0419148054879;0.45068359375;0.0036041259765625;0.639999998384155;65;100 mA;
77.0519148054626;0.45068359375;0.00341949462890625;0.649999998358908;66;100 mA;
77.0619148054374;0.45062255859375;0.00347564697265625;0.65999999833366;67;100 mA;
77.0719148054121;0.450653076171875;0.00351715087890625;0.669999998308413;68;100 mA;
77.0819148053869;0.45050048828125;0.00336517333984375;0.679999998283165;69;100 mA;
77.0919148053616;0.450653076171875;0.0035003662109375;0.689999998257917;70;100 mA;
77.1019148053364;0.450775146484375;0.003367919921875;0.69999999823267;71;100 mA;
77.1119148053111;0.45074462890625;0.00348602294921875;0.709999998207422;72;100 mA;
77.1219148052859;0.450653076171875;0.0032568359375;0.719999998182175;73;100 mA;
77.1319148052606;0.450531005859375;0.0033831787109375;0.729999998156927;74;100 mA;
77.1419148052354;0.4505615234375;0.003260498046875;0.73999999813168;75;100 mA;
77.1519148052101;0.450531005859375;0.0033203125;0.749999998106432;76;100 mA;
77.1619148051849;0.450592041015625;0.0031951904296875;0.759999998081184;77;100 mA;
77.1719148051596;0.45074462890625;0.00329864501953125;0.769999998055937;78;100 mA;
77.1819148051344;0.45074462890625;0.00323883056640625;0.779999998030689;79;100 mA;
77.1919148051091;0.450592041015625;0.0032647705078125;0.789999998005442;80;100 mA;
77.2019148050839;0.450653076171875;0.00325836181640625;0.799999997980194;81;100 mA;
77.2119148050587;0.45050048828125;0.00314697265625;0.809999997954947;82;100 mA;
77.2219148050334;0.450592041015625;0.00320709228515625;0.819999997929699;83;100 mA;
77.2319148050082;0.45074462890625;0.0030615234375;0.829999997904451;84;100 mA;
77.2419148049829;0.450653076171875;0.00315673828125;0.839999997879204;85;100 mA;
77.2519148049577;0.450653076171875;0.00295074462890625;0.849999997853956;86;100 mA;
77.2619148049324;0.450775146484375;0.0029864501953125;0.859999997828709;87;100 mA;
77.2719148049072;0.45074462890625;0.00288482666015625;0.869999997803461;88;100 mA;
77.2819148048819;0.45062255859375;0.0029840087890625;0.879999997778214;89;100 mA;
77.2919148048567;0.450592041015625;0.00293060302734375;0.889999997752966;90;100 mA;
77.3019148048314;0.45068359375;0.00290252685546875;0.899999997727718;91;100 mA;
77.3119148048062;0.45074462890625;0.0028961181640625;0.909999997702471;92;100 mA;
77.3219148047809;0.4508056640625;0.0028570556640625;0.919999997677223;93;100 mA;
77.3319148047557;0.450592041015625;0.0029107666015625;0.929999997651976;94;100 mA;
77.3419148047304;0.45050048828125;0.0028778076171875;0.939999997626728;95;100 mA;
77.3519148047052;0.450592041015625;0.002935791015625;0.949999997601481;96;100 mA;
77.3619148046799;0.450836181640625;0.00279022216796875;0.959999997576233;97;100 mA;
77.3719148046547;0.450775146484375;0.00287322998046875;0.969999997550985;98;100 mA;
77.3819148046294;0.450531005859375;0.0027264404296875;0.979999997525738;99;100 mA;
77.3919148046042;0.45050048828125;0.00288116455078125;0.98999999750049;100;100 mA;
77.401914804579;0.450714111328125;0.00278045654296875;0.999999997475243;101;100 mA;
77.4119148045537;0.45062255859375;0.00282440185546875;1.00999999745;102;100 mA;
77.4219148045285;0.4505615234375;0.0027301025390625;1.01999999742475;103;100 mA;
77.4319148045032;0.4505615234375;0.00273468017578125;1.0299999973995;104;100 mA;
77.441914804478;0.45074462890625;0.0027435302734375;1.03999999737425;105;100 mA;
77.4519148044527;0.450714111328125;0.00273468017578125;1.049999997349;106;100 mA;
77.4619148044275;0.4508056640625;0.00278289794921875;1.05999999732376;107;100 mA;
77.4719148044022;0.4505615234375;0.00268585205078125;1.06999999729851;108;100 mA;
77.481914804377;0.45050048828125;0.00277679443359375;1.07999999727326;109;100 mA;
77.4919148043517;0.450653076171875;0.0026556396484375;1.08999999724801;110;100 mA;
77.5019148043265;0.4508056640625;0.0027532958984375;1.09999999722277;111;100 mA;
77.5119148043012;0.45074462890625;0.00264801025390625;1.10999999719752;112;100 mA;
77.521914804276;0.45074462890625;0.00272674560546875;1.11999999717227;113;100 mA;
77.5319148042507;0.45074462890625;0.00261505126953125;1.12999999714702;114;100 mA;
77.5419148042255;0.45068359375;0.00266448974609375;1.13999999712178;115;100 mA;
77.5519148042002;0.45062255859375;0.0026690673828125;1.14999999709653;116;100 mA;
77.561914804175;0.45062255859375;0.002662353515625;1.15999999707128;117;100 mA;
77.5719148041497;0.450653076171875;0.0027099609375;1.16999999704603;118;100 mA;
77.5819148041245;0.450775146484375;0.002620849609375;1.17999999702079;119;100 mA;
77.5919148040992;0.4508056640625;0.0026995849609375;1.18999999699554;120;100 mA;
77.601914804074;0.450653076171875;0.0025909423828125;1.19999999697029;121;100 mA;
77.6119148040488;0.45050048828125;0.00270477294921875;1.20999999694504;122;100 mA;
77.6219148040235;0.450653076171875;0.00256866455078125;1.2199999969198;123;100 mA;
77.6319148039983;0.45068359375;0.00265960693359375;1.22999999689455;124;100 mA;
77.641914803973;0.450592041015625;0.002564697265625;1.2399999968693;125;100 mA;
77.6519148039478;0.450653076171875;0.002626953125;1.24999999684405;126;100 mA;
77.6619148039225;0.45074462890625;0.002593994140625;1.25999999681881;127;100 mA;
77.6719148038973;0.45074462890625;0.002613525390625;1.26999999679356;128;100 mA;
77.681914803872;0.450531005859375;0.00259613037109375;1.27999999676831;129;100 mA;
77.6919148038468;0.4505615234375;0.00260467529296875;1.28999999674306;130;100 mA;
77.7019148038215;0.45074462890625;0.00262237548828125;1.29999999671782;131;100 mA;
77.7119148037963;0.45074462890625;0.0025457763671875;1.30999999669257;132;100 mA;
77.721914803771;0.45062255859375;0.00264556884765625;1.31999999666732;133;100 mA;
77.7319148037458;0.450714111328125;0.002525634765625;1.32999999664207;134;100 mA;
77.7419148037205;0.45068359375;0.002607421875;1.33999999661683;135;100 mA;
77.7519148036953;0.45068359375;0.0024822998046875;1.34999999659158;136;100 mA;
77.76191480367;0.45068359375;0.00267333984375;1.35999999656633;137;100 mA;
77.7719148036448;0.45068359375;0.00265411376953125;1.36999999654108;138;100 mA;
77.7819148036195;0.450653076171875;0.00264434814453125;1.37999999651583;139;100 mA;
77.7919148035943;0.45074462890625;0.00268280029296875;1.38999999649059;140;100 mA;
77.801914803569;0.450714111328125;0.00261016845703125;1.39999999646534;141;100 mA;
77.8119148035438;0.450531005859375;0.00266326904296875;1.40999999644009;142;100 mA;
77.8219148035186;0.450592041015625;0.0025921630859375;1.41999999641484;143;100 mA;
77.8319148034933;0.450714111328125;0.0026409912109375;1.4299999963896;144;100 mA;
77.8419148034681;0.450775146484375;0.002564697265625;1.43999999636435;145;100 mA;
77.8519148034428;0.4505615234375;0.0026068115234375;1.4499999963391;146;100 mA;
77.8619148034176;0.45050048828125;0.00256103515625;1.45999999631385;147;100 mA;
77.8719148033923;0.4505615234375;0.00263519287109375;1.46999999628861;148;100 mA;
77.8819148033671;0.450653076171875;0.00256256103515625;1.47999999626336;149;100 mA;
77.8919148033418;0.45062255859375;0.0026214599609375;1.48999999623811;150;100 mA;
77.9019148033166;0.450531005859375;0.002584228515625;1.49999999621286;151;100 mA;
77.9119148032913;0.450592041015625;0.00257781982421875;1.50999999618762;152;100 mA;
77.9219148032661;0.4508056640625;0.00259368896484375;1.51999999616237;153;100 mA;
77.9319148032408;0.45074462890625;0.00253387451171875;1.52999999613712;154;100 mA;
77.9419148032156;0.45062255859375;0.0025421142578125;1.53999999611187;155;100 mA;
77.9519148031903;0.45050048828125;0.002452392578125;1.54999999608663;156;100 mA;
77.9619148031651;0.450653076171875;0.0025457763671875;1.55999999606138;157;100 mA;
77.9719148031398;0.4508056640625;0.0023968505859375;1.56999999603613;158;100 mA;
77.9819148031146;0.45074462890625;0.00249237060546875;1.57999999601088;159;100 mA;
77.9919148030893;0.45068359375;0.00241668701171875;1.58999999598564;160;100 mA;
78.0019148030641;0.45068359375;0.002496337890625;1.59999999596039;161;100 mA;
78.0119148030388;0.45074462890625;0.00247467041015625;1.60999999593514;162;100 mA;
78.0219148030136;0.45074462890625;0.00247100830078125;1.61999999590989;163;100 mA;
78.0319148029884;0.450592041015625;0.00243988037109375;1.62999999588465;164;100 mA;
78.0419148029631;0.45068359375;0.0024560546875;1.6399999958594;165;100 mA;
78.0519148029379;0.45068359375;0.0025146484375;1.64999999583415;166;100 mA;
78.0619148029126;0.450775146484375;0.00247039794921875;1.6599999958089;167;100 mA;
78.0719148028874;0.45074462890625;0.0025146484375;1.66999999578366;168;100 mA;
78.0819148028621;0.4505615234375;0.0024041748046875;1.67999999575841;169;100 mA;
78.0919148028369;0.45062255859375;0.0024932861328125;1.68999999573316;170;100 mA;
78.1019148028116;0.45062255859375;0.00236572265625;1.69999999570791;171;100 mA;
78.1119148027864;0.4505615234375;0.00248992919921875;1.70999999568267;172;100 mA;
78.1219148027611;0.450714111328125;0.00241912841796875;1.71999999565742;173;100 mA;
78.1319148027359;0.450714111328125;0.0024481201171875;1.72999999563217;174;100 mA;
78.1419148027106;0.45068359375;0.002415771484375;1.73999999560692;175;100 mA;
78.1519148026854;0.4505615234375;0.00243682861328125;1.74999999558167;176;100 mA;
78.1619148026601;0.450592041015625;0.0024090576171875;1.75999999555643;177;100 mA;
78.1719148026349;0.4505615234375;0.0023980712890625;1.76999999553118;178;100 mA;
78.1819148026096;0.450653076171875;0.00241729736328125;1.77999999550593;179;100 mA;
78.1919148025844;0.4508056640625;0.0023614501953125;1.78999999548068;180;100 mA;
78.2019148025591;0.45062255859375;0.00244842529296875;1.79999999545544;181;100 mA;
78.2119148025339;0.45068359375;0.0023614501953125;1.80999999543019;182;100 mA;
78.2219148025086;0.4508056640625;0.00241180419921875;1.81999999540494;183;100 mA;
78.2319148024834;0.45074462890625;0.00232025146484375;1.82999999537969;184;100 mA;
78.2419148024582;0.4505615234375;0.00245208740234375;1.83999999535445;185;100 mA;
78.2519148024329;0.4505615234375;0.0023516845703125;1.8499999953292;186;100 mA;
78.2619148024077;0.4508056640625;0.00240966796875;1.85999999530395;187;100 mA;
78.2719148023824;0.450836181640625;0.00236328125;1.8699999952787;188;100 mA;
78.2819148023572;0.450592041015625;0.00236480712890625;1.87999999525346;189;100 mA;
78.2919148023319;0.450531005859375;0.0024017333984375;1.88999999522821;190;100 mA;
78.3019148023067;0.45050048828125;0.00233978271484375;1.89999999520296;191;100 mA;
78.3119148022814;0.45068359375;0.00242218017578125;1.90999999517771;192;100 mA;
78.3219148022562;0.450714111328125;0.00233154296875;1.91999999515247;193;100 mA;
78.3319148022309;0.45062255859375;0.00239227294921875;1.92999999512722;194;100 mA;
78.3419148022057;0.450592041015625;0.00235504150390625;1.93999999510197;195;100 mA;
78.3519148021804;0.4505615234375;0.00245269775390625;1.94999999507672;196;100 mA;
78.3619148021552;0.450653076171875;0.0023406982421875;1.95999999505148;197;100 mA;
78.3719148021299;0.450592041015625;0.00238525390625;1.96999999502623;198;100 mA;
78.3819148021047;0.45050048828125;0.002359619140625;1.97999999500098;199;100 mA;
78.3919148020794;0.45062255859375;0.0023779296875;1.98999999497573;200;100 mA;
78.4019148020542;0.4508056640625;0.002313232421875;1.99999999495049;201;100 mA;
78.4119148020289;0.450653076171875;0.00231109619140625;2.00999999492524;202;100 mA;
78.4219148020037;0.450653076171875;0.002333984375;2.01999999489999;203;100 mA;
78.4319148019785;0.45050048828125;0.00224273681640625;2.02999999487474;204;100 mA;
78.4419148019532;0.45062255859375;0.00237152099609375;2.0399999948495;205;100 mA;
78.451914801928;0.450714111328125;0.002325439453125;2.04999999482425;206;100 mA;
78.4619148019027;0.4508056640625;0.00235992431640625;2.059999994799;207;100 mA;
78.4719148018775;0.45074462890625;0.00225189208984375;2.06999999477375;208;100 mA;
78.4819148018522;0.45074462890625;0.0023602294921875;2.0799999947485;209;100 mA;
78.491914801827;0.45074462890625;0.0022515869140625;2.08999999472326;210;100 mA;
78.5019148018017;0.45068359375;0.0022662353515625;2.09999999469801;211;100 mA;
78.5119148017765;0.4505615234375;0.002286376953125;2.10999999467276;212;100 mA;
78.5219148017512;0.45074462890625;0.00231414794921875;2.11999999464751;213;100 mA;
78.531914801726;0.450714111328125;0.0023223876953125;2.12999999462227;214;100 mA;
78.5419148017007;0.450775146484375;0.0023114013671875;2.13999999459702;215;100 mA;
78.5519148016755;0.4505615234375;0.002340087890625;2.14999999457177;216;100 mA;
78.5619148016502;0.45062255859375;0.0022454833984375;2.15999999454652;217;100 mA;
78.571914801625;0.45068359375;0.002310791015625;2.16999999452128;218;100 mA;
78.5819148015997;0.4505615234375;0.00222808837890625;2.17999999449603;219;100 mA;
78.5919148015745;0.45062255859375;0.00234832763671875;2.18999999447078;220;100 mA;
78.6019148015492;0.45062255859375;0.00224578857421875;2.19999999444553;221;100 mA;
78.611914801524;0.45074462890625;0.0022894287109375;2.20999999442029;222;100 mA;
78.6219148014987;0.45068359375;0.00228057861328125;2.21999999439504;223;100 mA;
78.6319148014735;0.450592041015625;0.00228271484375;2.22999999436979;224;100 mA;
78.6419148014483;0.4505615234375;0.00229339599609375;2.23999999434454;225;100 mA;
78.651914801423;0.4505615234375;0.00225341796875;2.2499999943193;226;100 mA;
78.6619148013978;0.450714111328125;0.0022979736328125;2.25999999429405;227;100 mA;
78.6719148013725;0.450836181640625;0.00221282958984375;2.2699999942688;228;100 mA;
78.6819148013473;0.45062255859375;0.00232147216796875;2.27999999424355;229;100 mA;
78.691914801322;0.450653076171875;0.0022125244140625;2.28999999421831;230;100 mA;
78.7019148012968;0.450775146484375;0.00228240966796875;2.29999999419306;231;100 mA;
78.7119148012715;0.45074462890625;0.00217132568359375;2.30999999416781;232;100 mA;
78.7219148012463;0.45062255859375;0.0022967529296875;2.31999999414256;233;100 mA;
78.731914801221;0.45068359375;0.0022381591796875;2.32999999411732;234;100 mA;
78.7419148011958;0.45074462890625;0.0022802734375;2.33999999409207;235;100 mA;
78.7519148011705;0.450775146484375;0.0022344970703125;2.34999999406682;236;100 mA;
78.7619148011453;0.45068359375;0.0022576904296875;2.35999999404157;237;100 mA;
78.77191480112;0.450592041015625;0.00226715087890625;2.36999999401633;238;100 mA;
78.7819148010948;0.450592041015625;0.0022442626953125;2.37999999399108;239;100 mA;
78.7919148010695;0.450775146484375;0.0023321533203125;2.38999999396583;240;100 mA;
78.8019148010443;0.45074462890625;0.002259521484375;2.39999999394058;241;100 mA;
78.811914801019;0.450592041015625;0.00230438232421875;2.40999999391533;242;100 mA;
78.8219148009938;0.4505615234375;0.002208251953125;2.41999999389009;243;100 mA;
78.8319148009685;0.4505615234375;0.0023004150390625;2.42999999386484;244;100 mA;
78.8419148009433;0.45062255859375;0.00220001220703125;2.43999999383959;245;100 mA;
78.8519148009181;0.450469970703125;0.0022406005859375;2.44999999381434;246;100 mA;
78.8619148008928;0.450531005859375;0.00223663330078125;2.4599999937891;247;100 mA;
78.8719148008676;0.450714111328125;0.0022479248046875;2.46999999376385;248;100 mA;
78.8819148008423;0.450775146484375;0.002235107421875;2.4799999937386;249;100 mA;
78.8919148008171;0.450653076171875;0.0022430419921875;2.48999999371335;250;100 mA;
78.9019148007918;0.450531005859375;0.00225433349609375;2.49999999368811;251;100 mA;
78.9119148007666;0.450531005859375;0.00220855712890625;2.50999999366286;252;100 mA;
78.9219148007413;0.450653076171875;0.00230072021484375;2.51999999363761;253;100 mA;
78.9319148007161;0.450775146484375;0.0021807861328125;2.52999999361236;254;100 mA;
78.9419148006908;0.450714111328125;0.0022869873046875;2.53999999358712;255;100 mA;
78.9519148006656;0.450653076171875;0.0021673583984375;2.54999999356187;256;100 mA;
78.9619148006403;0.45074462890625;0.0022955322265625;2.55999999353662;257;100 mA;
78.9719148006151;0.450775146484375;0.00218292236328125;2.56999999351137;258;100 mA;
78.9819148005898;0.4505615234375;0.00223541259765625;2.57999999348613;259;100 mA;
78.9919148005646;0.450592041015625;0.00223876953125;2.58999999346088;260;100 mA;
79.0019148005393;0.45068359375;0.00221282958984375;2.59999999343563;261;100 mA;
79.0119148005141;0.45068359375;0.002275390625;2.60999999341038;262;100 mA;
79.0219148004888;0.45074462890625;0.00223175048828125;2.61999999338514;263;100 mA;
79.0319148004636;0.450592041015625;0.002265625;2.62999999335989;264;100 mA;
79.0419148004383;0.450592041015625;0.0022088623046875;2.63999999333464;265;100 mA;
79.0519148004131;0.45062255859375;0.0023150634765625;2.64999999330939;266;100 mA;
79.0619148003879;0.45062255859375;0.00219085693359375;2.65999999328415;267;100 mA;
79.0719148003626;0.4505615234375;0.00228607177734375;2.6699999932589;268;100 mA;
79.0819148003374;0.45068359375;0.0021759033203125;2.67999999323365;269;100 mA;
79.0919148003121;0.450714111328125;0.00227325439453125;2.6899999932084;270;100 mA;
79.1019148002869;0.450714111328125;0.00218658447265625;2.69999999318316;271;100 mA;
79.1119148002616;0.4505615234375;0.00225311279296875;2.70999999315791;272;100 mA;
79.1219148002364;0.450531005859375;0.00226043701171875;2.71999999313266;273;100 mA;
79.1319148002111;0.4505615234375;0.0022296142578125;2.72999999310741;274;100 mA;
79.1419148001859;0.450714111328125;0.00227386474609375;2.73999999308217;275;100 mA;
79.1519148001606;0.450714111328125;0.00215911865234375;2.74999999305692;276;100 mA;
79.1619148001354;0.450653076171875;0.00228790283203125;2.75999999303167;277;100 mA;
79.1719148001101;0.450714111328125;0.0021551513671875;2.76999999300642;278;100 mA;
79.1819148000849;0.450714111328125;0.00224029541015625;2.77999999298117;279;100 mA;
79.1919148000596;0.450836181640625;0.00214996337890625;2.78999999295593;280;100 mA;
79.2019148000344;0.450592041015625;0.00225860595703125;2.79999999293068;281;100 mA;
79.2119148000091;0.45068359375;0.0022161865234375;2.80999999290543;282;100 mA;
79.2219147999839;0.4508056640625;0.0022393798828125;2.81999999288018;283;100 mA;
79.2319147999586;0.450775146484375;0.00223388671875;2.82999999285494;284;100 mA;
79.2419147999334;0.450653076171875;0.0022821044921875;2.83999999282969;285;100 mA;
79.2519147999081;0.450531005859375;0.0022796630859375;2.84999999280444;286;100 mA;
79.2619147998829;0.450531005859375;0.002255859375;2.85999999277919;287;100 mA;
79.2719147998577;0.4508056640625;0.00231597900390625;2.86999999275395;288;100 mA;
79.2819147998324;0.45074462890625;0.00220794677734375;2.8799999927287;289;100 mA;
79.2919147998072;0.45062255859375;0.0023345947265625;2.88999999270345;290;100 mA;
79.3019147997819;0.450592041015625;0.00224090576171875;2.8999999926782;291;100 mA;
79.3119147997567;0.450531005859375;0.00234649658203125;2.90999999265296;292;100 mA;
79.3219147997314;0.450592041015625;0.00225433349609375;2.91999999262771;293;100 mA;
79.3319147997062;0.450531005859375;0.002286376953125;2.92999999260246;294;100 mA;
79.3419147996809;0.450592041015625;0.00228424072265625;2.93999999257721;295;100 mA;
79.3519147996557;0.45062255859375;0.00226593017578125;2.94999999255197;296;100 mA;
79.3619147996304;0.45074462890625;0.0022686767578125;2.95999999252672;297;100 mA;
79.3719147996052;0.450653076171875;0.00223388671875;2.96999999250147;298;100 mA;
79.3819147995799;0.450592041015625;0.0022442626953125;2.97999999247622;299;100 mA;
79.3919147995547;0.450531005859375;0.00219635009765625;2.98999999245098;300;100 mA;
79.4019147995294;0.45062255859375;0.002265625;2.99999999242573;301;100 mA;
79.4119147995042;0.450775146484375;0.00215728759765625;3.00999999240048;302;100 mA;
79.4219147994789;0.450775146484375;0.00228271484375;3.01999999237523;303;100 mA;
79.4319147994537;0.4508056640625;0.002152099609375;3.02999999234999;304;100 mA;
79.4419147994284;0.45062255859375;0.002301025390625;3.03999999232474;305;100 mA;
79.4519147994032;0.45068359375;0.00222137451171875;3.04999999229949;306;100 mA;
79.461914799378;0.450592041015625;0.00227508544921875;3.05999999227424;307;100 mA;
79.4719147993527;0.45062255859375;0.0022552490234375;3.069999992249;308;100 mA;
79.4819147993275;0.45068359375;0.00224212646484375;3.07999999222375;309;100 mA;
79.4919147993022;0.450714111328125;0.00230194091796875;3.0899999921985;310;100 mA;
79.501914799277;0.45074462890625;0.0022174072265625;3.09999999217325;311;100 mA;
79.5119147992517;0.45062255859375;0.0022821044921875;3.109999992148;312;100 mA;
79.5219147992265;0.450531005859375;0.0021563720703125;3.11999999212276;313;100 mA;
79.5319147992012;0.450592041015625;0.0022454833984375;3.12999999209751;314;100 mA;
79.541914799176;0.450653076171875;0.0021893310546875;3.13999999207226;315;100 mA;
79.5519147991507;0.45050048828125;0.00223724365234375;3.14999999204701;316;100 mA;
79.5619147991255;0.450592041015625;0.00218353271484375;3.15999999202177;317;100 mA;
79.5719147991002;0.450775146484375;0.00223297119140625;3.16999999199652;318;100 mA;
79.581914799075;0.450714111328125;0.0021661376953125;3.17999999197127;319;100 mA;
79.5919147990497;0.4505615234375;0.002235107421875;3.18999999194602;320;100 mA;
79.6019147990245;0.450531005859375;0.00217864990234375;3.19999999192078;321;100 mA;
79.6119147989992;0.4505615234375;0.00216064453125;3.20999999189553;322;100 mA;
79.621914798974;0.4508056640625;0.00218505859375;3.21999999187028;323;100 mA;
79.6319147989487;0.450775146484375;0.002113037109375;3.22999999184503;324;100 mA;
79.6419147989235;0.45062255859375;0.0022430419921875;3.23999999181979;325;100 mA;
79.6519147988982;0.4505615234375;0.00210784912109375;3.24999999179454;326;100 mA;
79.661914798873;0.45074462890625;0.002227783203125;3.25999999176929;327;100 mA;
79.6719147988478;0.450775146484375;0.00214630126953125;3.26999999174404;328;100 mA;
79.6819147988225;0.45050048828125;0.00227386474609375;3.2799999917188;329;100 mA;
79.6919147987973;0.45068359375;0.0022052001953125;3.28999999169355;330;100 mA;
79.701914798772;0.4508056640625;0.0022210693359375;3.2999999916683;331;100 mA;
79.7119147987468;0.4508056640625;0.00220489501953125;3.30999999164305;332;100 mA;
79.7219147987215;0.45068359375;0.00222625732421875;3.31999999161781;333;100 mA;
79.7319147986963;0.4505615234375;0.00224151611328125;3.32999999159256;334;100 mA;
79.741914798671;0.450592041015625;0.0022344970703125;3.33999999156731;335;100 mA;
79.7519147986458;0.45074462890625;0.0022900390625;3.34999999154206;336;100 mA;
79.7619147986205;0.45074462890625;0.00222686767578125;3.35999999151682;337;100 mA;
79.7719147985953;0.450653076171875;0.00229705810546875;3.36999999149157;338;100 mA;
79.78191479857;0.4505615234375;0.0022027587890625;3.37999999146632;339;100 mA;
79.7919147985448;0.4505615234375;0.00231536865234375;3.38999999144107;340;100 mA;
79.8019147985195;0.45068359375;0.00221221923828125;3.39999999141583;341;100 mA;
79.8119147984943;0.45050048828125;0.00229949951171875;3.40999999139058;342;100 mA;
79.821914798469;0.450592041015625;0.00224853515625;3.41999999136533;343;100 mA;
79.8319147984438;0.45062255859375;0.00226959228515625;3.42999999134008;344;100 mA;
79.8419147984185;0.4508056640625;0.00226959228515625;3.43999999131483;345;100 mA;
79.8519147983933;0.450653076171875;0.00222686767578125;3.44999999128959;346;100 mA;
79.861914798368;0.450469970703125;0.00229522705078125;3.45999999126434;347;100 mA;
79.8719147983428;0.450592041015625;0.00221710205078125;3.46999999123909;348;100 mA;
79.8819147983176;0.45062255859375;0.002296142578125;3.47999999121384;349;100 mA;
79.8919147982923;0.450775146484375;0.00221832275390625;3.4899999911886;350;100 mA;
79.9019147982671;0.450775146484375;0.0022930908203125;3.49999999116335;351;100 mA;
79.9119147982418;0.45068359375;0.002178955078125;3.5099999911381;352;100 mA;
79.9219147982166;0.45074462890625;0.0023419189453125;3.51999999111285;353;100 mA;
79.9319147981913;0.45074462890625;0.00222930908203125;3.52999999108761;354;100 mA;
79.9419147981661;0.45068359375;0.00228912353515625;3.53999999106236;355;100 mA;
79.9519147981408;0.45062255859375;0.002210693359375;3.54999999103711;356;100 mA;
79.9619147981156;0.450653076171875;0.002225341796875;3.55999999101186;357;100 mA;
79.9719147980903;0.4508056640625;0.0022406005859375;3.56999999098662;358;100 mA;
79.9819147980651;0.450714111328125;0.00220916748046875;3.57999999096137;359;100 mA;
79.9919147980398;0.45062255859375;0.00231719970703125;3.58999999093612;360;100 mA;
80.0019147980146;0.4505615234375;0.00222991943359375;3.59999999091087;361;100 mA;
80.0119147979893;0.450592041015625;0.00228973388671875;3.60999999088563;362;100 mA;
80.0219147979641;0.45062255859375;0.00221099853515625;3.61999999086038;363;100 mA;
80.0319147979388;0.450531005859375;0.0022943115234375;3.62999999083513;364;100 mA;
80.0419147979136;0.450592041015625;0.00222503662109375;3.63999999080988;365;100 mA;
80.0519147978883;0.450653076171875;0.002259521484375;3.64999999078464;366;100 mA;
80.0619147978631;0.45062255859375;0.0022265625;3.65999999075939;367;100 mA;
80.0719147978378;0.4505615234375;0.00226837158203125;3.66999999073414;368;100 mA;
80.0819147978126;0.45050048828125;0.0022186279296875;3.67999999070889;369;100 mA;
80.0919147977874;0.4505615234375;0.00223876953125;3.68999999068365;370;100 mA;
80.1019147977621;0.450775146484375;0.002239990234375;3.6999999906584;371;100 mA;
80.1119147977369;0.45074462890625;0.00216766357421875;3.70999999063315;372;100 mA;
80.1219147977116;0.45068359375;0.00228515625;3.7199999906079;373;100 mA;
80.1319147976864;0.450714111328125;0.00213653564453125;3.72999999058266;374;100 mA;
80.1419147976611;0.450714111328125;0.0022711181640625;3.73999999055741;375;100 mA;
80.1519147976359;0.450653076171875;0.00212158203125;3.74999999053216;376;100 mA;
80.1619147976106;0.4505615234375;0.002281494140625;3.75999999050691;377;100 mA;
80.1719147975854;0.450714111328125;0.00218902587890625;3.76999999048167;378;100 mA;
80.1819147975601;0.4508056640625;0.0022528076171875;3.77999999045642;379;100 mA;
80.1919147975349;0.4508056640625;0.00223175048828125;3.78999999043117;380;100 mA;
80.2019147975096;0.450714111328125;0.0022125244140625;3.79999999040592;381;100 mA;
80.2119147974844;0.4505615234375;0.002283935546875;3.80999999038067;382;100 mA;
80.2219147974591;0.45068359375;0.0022552490234375;3.81999999035543;383;100 mA;
80.2319147974339;0.450714111328125;0.0022772216796875;3.82999999033018;384;100 mA;
80.2419147974086;0.450714111328125;0.00225738525390625;3.83999999030493;385;100 mA;
80.2519147973834;0.450653076171875;0.002281494140625;3.84999999027968;386;100 mA;
80.2619147973581;0.450439453125;0.00220733642578125;3.85999999025444;387;100 mA;
80.2719147973329;0.450653076171875;0.00228759765625;3.86999999022919;388;100 mA;
80.2819147973076;0.450653076171875;0.0021856689453125;3.87999999020394;389;100 mA;
80.2919147972824;0.45050048828125;0.002271728515625;3.88999999017869;390;100 mA;
80.3019147972572;0.450592041015625;0.002213134765625;3.89999999015345;391;100 mA;
80.3119147972319;0.450592041015625;0.00225494384765625;3.9099999901282;392;100 mA;
80.3219147972067;0.4508056640625;0.00223541259765625;3.91999999010295;393;100 mA;
80.3319147971814;0.45068359375;0.00219757080078125;3.9299999900777;394;100 mA;
80.3419147971562;0.4505615234375;0.0022625732421875;3.93999999005246;395;100 mA;
80.3519147971309;0.450531005859375;0.00216766357421875;3.94999999002721;396;100 mA;
80.3619147971057;0.450592041015625;0.002288818359375;3.95999999000196;397;100 mA;
80.3719147970804;0.45074462890625;0.0021844482421875;3.96999998997671;398;100 mA;
80.3819147970552;0.45068359375;0.00226104736328125;3.97999998995147;399;100 mA;
80.3919147970299;0.450714111328125;0.0021905517578125;3.98999998992622;400;100 mA;
80.4019147970047;0.450775146484375;0.0022607421875;3.99999998990097;401;100 mA;
80.4119147969794;0.45068359375;0.00218292236328125;4.00999998987572;402;100 mA;
80.4219147969542;0.45062255859375;0.00223052978515625;4.01999998985048;403;100 mA;
80.4319147969289;0.45062255859375;0.0021514892578125;4.02999998982523;404;100 mA;
80.4419147969037;0.45068359375;0.00218841552734375;4.03999998979998;405;100 mA;
80.4519147968784;0.4508056640625;0.00220550537109375;4.04999998977473;406;100 mA;
80.4619147968532;0.450653076171875;0.0022064208984375;4.05999998974949;407;100 mA;
80.4719147968279;0.450653076171875;0.00225921630859375;4.06999998972424;408;100 mA;
80.4819147968027;0.4505615234375;0.0021624755859375;4.07999998969899;409;100 mA;
80.4919147967775;0.45068359375;0.0022601318359375;4.08999998967374;410;100 mA;
80.5019147967522;0.4505615234375;0.0021771240234375;4.0999999896485;411;100 mA;
80.511914796727;0.4505615234375;0.0022857666015625;4.10999998962325;412;100 mA;
80.5219147967017;0.45062255859375;0.00216888427734375;4.119999989598;413;100 mA;
80.5319147966765;0.450714111328125;0.0022393798828125;4.12999998957275;414;100 mA;
80.5419147966512;0.45068359375;0.00221221923828125;4.1399999895475;415;100 mA;
80.551914796626;0.4505615234375;0.00222747802734375;4.14999998952226;416;100 mA;
80.5619147966007;0.450439453125;0.00221832275390625;4.15999998949701;417;100 mA;
80.5719147965755;0.450653076171875;0.00221466064453125;4.16999998947176;418;100 mA;
80.5819147965502;0.450714111328125;0.00222137451171875;4.17999998944651;419;100 mA;
80.591914796525;0.45074462890625;0.00216217041015625;4.18999998942127;420;100 mA;
80.6019147964997;0.45062255859375;0.0022509765625;4.19999998939602;421;100 mA;
80.6119147964745;0.450653076171875;0.0021575927734375;4.20999998937077;422;100 mA;
80.6219147964492;0.450714111328125;0.00225982666015625;4.21999998934552;423;100 mA;
80.631914796424;0.4508056640625;0.00213836669921875;4.22999998932028;424;100 mA;
80.6419147963987;0.450592041015625;0.002279052734375;4.23999998929503;425;100 mA;
80.6519147963735;0.450714111328125;0.00217071533203125;4.24999998926978;426;100 mA;
80.6619147963482;0.450653076171875;0.00222991943359375;4.25999998924453;427;100 mA;
80.671914796323;0.450775146484375;0.00221038818359375;4.26999998921929;428;100 mA;
80.6819147962977;0.45068359375;0.00219329833984375;4.27999998919404;429;100 mA;
80.6919147962725;0.450469970703125;0.00225830078125;4.28999998916879;430;100 mA;
80.7019147962473;0.45050048828125;0.00218963623046875;4.29999998914354;431;100 mA;
80.711914796222;0.450714111328125;0.00225250244140625;4.3099999891183;432;100 mA;
80.7219147961968;0.450775146484375;0.002152099609375;4.31999998909305;433;100 mA;
80.7319147961715;0.45068359375;0.002227783203125;4.3299999890678;434;100 mA;
80.7419147961463;0.450531005859375;0.00217041015625;4.33999998904255;435;100 mA;
80.751914796121;0.450592041015625;0.002261962890625;4.34999998901731;436;100 mA;
80.7619147960958;0.4505615234375;0.00217010498046875;4.35999998899206;437;100 mA;
80.7719147960705;0.450531005859375;0.00224090576171875;4.36999998896681;438;100 mA;
80.7819147960453;0.4505615234375;0.00217071533203125;4.37999998894156;439;100 mA;
80.79191479602;0.450653076171875;0.00225982666015625;4.38999998891632;440;100 mA;
80.8019147959948;0.450836181640625;0.0022314453125;4.39999998889107;441;100 mA;
80.8119147959695;0.450653076171875;0.00220855712890625;4.40999998886582;442;100 mA;
80.8219147959443;0.450592041015625;0.00224700927734375;4.41999998884057;443;100 mA;
80.831914795919;0.450531005859375;0.00214202880859375;4.42999998881533;444;100 mA;
80.8419147958938;0.450592041015625;0.00226715087890625;4.43999998879008;445;100 mA;
80.8519147958685;0.450714111328125;0.00214630126953125;4.44999998876483;446;100 mA;
80.8619147958433;0.450592041015625;0.002261962890625;4.45999998873958;447;100 mA;
80.871914795818;0.450714111328125;0.00217041015625;4.46999998871433;448;100 mA;
80.8819147957928;0.4508056640625;0.0022454833984375;4.47999998868909;449;100 mA;
80.8919147957675;0.45068359375;0.00220733642578125;4.48999998866384;450;100 mA;
80.9019147957423;0.450653076171875;0.00224456787109375;4.49999998863859;451;100 mA;
80.9119147957171;0.450592041015625;0.0022174072265625;4.50999998861334;452;100 mA;
80.9219147956918;0.450653076171875;0.00224578857421875;4.5199999885881;453;100 mA;
80.9319147956666;0.450775146484375;0.002244873046875;4.52999998856285;454;100 mA;
80.9419147956413;0.45074462890625;0.00222900390625;4.5399999885376;455;100 mA;
80.9519147956161;0.450653076171875;0.00227569580078125;4.54999998851235;456;100 mA;
80.9619147955908;0.4505615234375;0.00218963623046875;4.55999998848711;457;100 mA;
80.9719147955656;0.450714111328125;0.0023046875;4.56999998846186;458;100 mA;
80.9819147955403;0.450592041015625;0.0022052001953125;4.57999998843661;459;100 mA;
80.9919147955151;0.450469970703125;0.002333984375;4.58999998841136;460;100 mA;
81.0019147954898;0.450653076171875;0.00222198486328125;4.59999998838612;461;100 mA;
81.0119147954646;0.450653076171875;0.0022943115234375;4.60999998836087;462;100 mA;
81.0219147954393;0.450714111328125;0.0022503662109375;4.61999998833562;463;100 mA;
81.0319147954141;0.45062255859375;0.00227264404296875;4.62999998831037;464;100 mA;
81.0419147953888;0.450439453125;0.002281494140625;4.63999998828513;465;100 mA;
81.0519147953636;0.450653076171875;0.0022589111328125;4.64999998825988;466;100 mA;
81.0619147953383;0.45062255859375;0.002310791015625;4.65999998823463;467;100 mA;
81.0719147953131;0.450836181640625;0.00224151611328125;4.66999998820938;468;100 mA;
81.0819147952878;0.450714111328125;0.0023291015625;4.67999998818414;469;100 mA;
81.0919147952626;0.450653076171875;0.00223876953125;4.68999998815889;470;100 mA;
81.1019147952373;0.450714111328125;0.002335205078125;4.69999998813364;471;100 mA;
81.1119147952121;0.450775146484375;0.0022149658203125;4.70999998810839;472;100 mA;
81.1219147951869;0.450592041015625;0.00234100341796875;4.71999998808315;473;100 mA;
81.1319147951616;0.450653076171875;0.00226531982421875;4.7299999880579;474;100 mA;
81.1419147951364;0.450775146484375;0.00230072021484375;4.73999998803265;475;100 mA;
81.1519147951111;0.4508056640625;0.00225372314453125;4.7499999880074;476;100 mA;
81.1619147950859;0.45062255859375;0.00225830078125;4.75999998798216;477;100 mA;
81.1719147950606;0.450531005859375;0.0022894287109375;4.76999998795691;478;100 mA;
81.1819147950354;0.45050048828125;0.00220123291015625;4.77999998793166;479;100 mA;
81.1919147950101;0.450653076171875;0.0023211669921875;4.78999998790641;480;100 mA;
81.2019147949849;0.45074462890625;0.0022076416015625;4.79999998788116;481;100 mA;
81.2119147949596;0.45062255859375;0.00229339599609375;4.80999998785592;482;100 mA;
81.2219147949344;0.4505615234375;0.0022119140625;4.81999998783067;483;100 mA;
81.2319147949091;0.4505615234375;0.00229461669921875;4.82999998780542;484;100 mA;
81.2419147948839;0.450714111328125;0.00219512939453125;4.83999998778017;485;100 mA;
81.2519147948586;0.450531005859375;0.00226318359375;4.84999998775493;486;100 mA;
81.2619147948334;0.4505615234375;0.00221221923828125;4.85999998772968;487;100 mA;
81.2719147948081;0.4505615234375;0.00227203369140625;4.86999998770443;488;100 mA;
81.2819147947829;0.4508056640625;0.00221160888671875;4.87999998767918;489;100 mA;
81.2919147947576;0.450714111328125;0.0022088623046875;4.88999998765394;490;100 mA;
81.3019147947324;0.45062255859375;0.0022332763671875;4.89999998762869;491;100 mA;
81.3119147947071;0.4505615234375;0.0021343994140625;4.90999998760344;492;100 mA;
81.3219147946819;0.450653076171875;0.002265625;4.91999998757819;493;100 mA;
81.3319147946567;0.450775146484375;0.00212738037109375;4.92999998755295;494;100 mA;
81.3419147946314;0.450653076171875;0.00226226806640625;4.9399999875277;495;100 mA;
81.3519147946062;0.4508056640625;0.00213348388671875;4.94999998750245;496;100 mA;
81.3619147945809;0.450653076171875;0.00226531982421875;4.9599999874772;497;100 mA;
81.3719147945557;0.45074462890625;0.00219696044921875;4.96999998745196;498;100 mA;
81.3819147945304;0.45074462890625;0.002197265625;4.97999998742671;499;100 mA;
81.3919147945052;0.450531005859375;0.00222015380859375;4.98999998740146;500;100 mA;
81.4019147944799;0.450592041015625;0.0022015380859375;4.99999998737621;501;100 mA;
81.4119147944547;0.45074462890625;0.002235107421875;5.00999998735097;502;100 mA;
81.4219147944294;0.450714111328125;0.002193603515625;5.01999998732572;503;100 mA;
81.4319147944042;0.45068359375;0.0022674560546875;5.02999998730047;504;100 mA;
81.4419147943789;0.4505615234375;0.00218231201171875;5.03999998727522;505;100 mA;
81.4519147943537;0.450653076171875;0.00226654052734375;5.04999998724998;506;100 mA;
81.4619147943284;0.450531005859375;0.00218017578125;5.05999998722473;507;100 mA;
81.4719147943032;0.4505615234375;0.00229278564453125;5.06999998719948;508;100 mA;
81.4819147942779;0.45068359375;0.002191162109375;5.07999998717423;509;100 mA;
81.4919147942527;0.450714111328125;0.00227874755859375;5.08999998714899;510;100 mA;
81.5019147942274;0.450714111328125;0.00223541259765625;5.09999998712374;511;100 mA;
81.5119147942022;0.450653076171875;0.00225189208984375;5.10999998709849;512;100 mA;
81.521914794177;0.45050048828125;0.00225067138671875;5.11999998707324;513;100 mA;
81.5319147941517;0.4505615234375;0.00220794677734375;5.129999987048;514;100 mA;
81.5419147941265;0.45068359375;0.002269287109375;5.13999998702275;515;100 mA;
81.5519147941012;0.450836181640625;0.00218231201171875;5.1499999869975;516;100 mA;
81.561914794076;0.450592041015625;0.002293701171875;5.15999998697225;517;100 mA;
81.5719147940507;0.45062255859375;0.002197265625;5.169999986947;518;100 mA;
81.5819147940255;0.45074462890625;0.0022454833984375;5.17999998692176;519;100 mA;
81.5919147940002;0.450714111328125;0.00218658447265625;5.18999998689651;520;100 mA;
81.601914793975;0.450653076171875;0.00228973388671875;5.19999998687126;521;100 mA;
81.6119147939497;0.450653076171875;0.00221710205078125;5.20999998684601;522;100 mA;
81.6219147939245;0.450714111328125;0.00225677490234375;5.21999998682077;523;100 mA;
81.6319147938992;0.450836181640625;0.00223785400390625;5.22999998679552;524;100 mA;
81.641914793874;0.45074462890625;0.00225433349609375;5.23999998677027;525;100 mA;
81.6519147938487;0.45068359375;0.0022772216796875;5.24999998674502;526;100 mA;
81.6619147938235;0.450439453125;0.00224761962890625;5.25999998671978;527;100 mA;
81.6719147937982;0.450653076171875;0.002340087890625;5.26999998669453;528;100 mA;
81.681914793773;0.450714111328125;0.00225830078125;5.27999998666928;529;100 mA;
81.6919147937477;0.450714111328125;0.00235382080078125;5.28999998664403;530;100 mA;
81.7019147937225;0.450592041015625;0.00229278564453125;5.29999998661879;531;100 mA;
81.7119147936972;0.4505615234375;0.0023443603515625;5.30999998659354;532;100 mA;
81.721914793672;0.45068359375;0.00226806640625;5.31999998656829;533;100 mA;
81.7319147936468;0.4505615234375;0.00229705810546875;5.32999998654304;534;100 mA;
81.7419147936215;0.450531005859375;0.0022662353515625;5.3399999865178;535;100 mA;
81.7519147935963;0.45062255859375;0.00230438232421875;5.34999998649255;536;100 mA;
81.761914793571;0.45074462890625;0.002261962890625;5.3599999864673;537;100 mA;
81.7719147935458;0.45074462890625;0.0022442626953125;5.36999998644205;538;100 mA;
81.7819147935205;0.45068359375;0.00226226806640625;5.37999998641681;539;100 mA;
81.7919147934953;0.450531005859375;0.0021942138671875;5.38999998639156;540;100 mA;
81.80191479347;0.450592041015625;0.00230743408203125;5.39999998636631;541;100 mA;
81.8119147934448;0.450775146484375;0.0021673583984375;5.40999998634106;542;100 mA;
81.8219147934195;0.450775146484375;0.00229156494140625;5.41999998631582;543;100 mA;
81.8319147933943;0.450775146484375;0.00216033935546875;5.42999998629057;544;100 mA;
81.841914793369;0.450714111328125;0.0023016357421875;5.43999998626532;545;100 mA;
81.8519147933438;0.4508056640625;0.00220367431640625;5.44999998624007;546;100 mA;
81.8619147933185;0.45068359375;0.002235107421875;5.45999998621483;547;100 mA;
81.8719147932933;0.450592041015625;0.00221282958984375;5.46999998618958;548;100 mA;
81.881914793268;0.450592041015625;0.0021856689453125;5.47999998616433;549;100 mA;
81.8919147932428;0.45068359375;0.0022601318359375;5.48999998613908;550;100 mA;
81.9019147932175;0.4508056640625;0.00220733642578125;5.49999998611383;551;100 mA;
81.9119147931923;0.45068359375;0.00227874755859375;5.50999998608859;552;100 mA;
81.921914793167;0.450592041015625;0.0022088623046875;5.51999998606334;553;100 mA;
81.9319147931418;0.450592041015625;0.00224273681640625;5.52999998603809;554;100 mA;
81.9419147931166;0.450592041015625;0.0021673583984375;5.53999998601284;555;100 mA;
81.9519147930913;0.45062255859375;0.0022650146484375;5.5499999859876;556;100 mA;
81.9619147930661;0.450592041015625;0.002138671875;5.55999998596235;557;100 mA;
81.9719147930408;0.45062255859375;0.0022564697265625;5.5699999859371;558;100 mA;
81.9819147930156;0.450714111328125;0.00218536376953125;5.57999998591185;559;100 mA;
81.9919147929903;0.45062255859375;0.00226104736328125;5.58999998588661;560;100 mA;
82.0019147929651;0.45062255859375;0.0022021484375;5.59999998586136;561;100 mA;
82.0119147929398;0.45050048828125;0.00218902587890625;5.60999998583611;562;100 mA;
82.0219147929146;0.45062255859375;0.00221893310546875;5.61999998581086;563;100 mA;
82.0319147928893;0.45074462890625;0.00212158203125;5.62999998578562;564;100 mA;
82.0419147928641;0.45062255859375;0.00226654052734375;5.63999998576037;565;100 mA;
82.0519147928388;0.45074462890625;0.00216461181640625;5.64999998573512;566;100 mA;
82.0619147928136;0.45068359375;0.00225799560546875;5.65999998570987;567;100 mA;
82.0719147927883;0.450714111328125;0.0021759033203125;5.66999998568463;568;100 mA;
82.0819147927631;0.450653076171875;0.00226715087890625;5.67999998565938;569;100 mA;
82.0919147927378;0.450592041015625;0.00221893310546875;5.68999998563413;570;100 mA;
82.1019147927126;0.450653076171875;0.00229339599609375;5.69999998560888;571;100 mA;
82.1119147926873;0.45086669921875;0.00224273681640625;5.70999998558364;572;100 mA;
82.1219147926621;0.450714111328125;0.002254638671875;5.71999998555839;573;100 mA;
82.1319147926368;0.450653076171875;0.002274169921875;5.72999998553314;574;100 mA;
82.1419147926116;0.450469970703125;0.0022216796875;5.73999998550789;575;100 mA;
82.1519147925864;0.45068359375;0.002294921875;5.74999998548265;576;100 mA;
82.1619147925611;0.450714111328125;0.00218658447265625;5.7599999854574;577;100 mA;
82.1719147925359;0.45062255859375;0.00232269287109375;5.76999998543215;578;100 mA;
82.1819147925106;0.450592041015625;0.002213134765625;5.7799999854069;579;100 mA;
82.1919147924854;0.450469970703125;0.00235015869140625;5.78999998538166;580;100 mA;
82.2019147924601;0.450714111328125;0.0022283935546875;5.79999998535641;581;100 mA;
82.2119147924349;0.450592041015625;0.00230010986328125;5.80999998533116;582;100 mA;
82.2219147924096;0.450531005859375;0.00225067138671875;5.81999998530591;583;100 mA;
82.2319147923844;0.450531005859375;0.00229339599609375;5.82999998528066;584;100 mA;
82.2419147923591;0.45074462890625;0.002255859375;5.83999998525542;585;100 mA;
82.2519147923339;0.4508056640625;0.00226531982421875;5.84999998523017;586;100 mA;
82.2619147923086;0.450714111328125;0.002283935546875;5.85999998520492;587;100 mA;
82.2719147922834;0.450531005859375;0.00221466064453125;5.86999998517967;588;100 mA;
82.2819147922581;0.450653076171875;0.0023065185546875;5.87999998515443;589;100 mA;
82.2919147922329;0.45074462890625;0.0021759033203125;5.88999998512918;590;100 mA;
82.3019147922076;0.45068359375;0.0022894287109375;5.89999998510393;591;100 mA;
82.3119147921824;0.450775146484375;0.00215789794921875;5.90999998507868;592;100 mA;
82.3219147921571;0.450775146484375;0.0022735595703125;5.91999998505344;593;100 mA;
82.3319147921319;0.45074462890625;0.00220916748046875;5.92999998502819;594;100 mA;
82.3419147921066;0.450714111328125;0.002236328125;5.93999998500294;595;100 mA;
82.3519147920814;0.45068359375;0.0022357177734375;5.94999998497769;596;100 mA;
82.3619147920562;0.4505615234375;0.0021990966796875;5.95999998495245;597;100 mA;
82.3719147920309;0.450592041015625;0.00225616455078125;5.9699999849272;598;100 mA;
82.3819147920057;0.45074462890625;0.002197265625;5.97999998490195;599;100 mA;
82.3919147919804;0.450775146484375;0.0022979736328125;5.9899999848767;600;100 mA;
82.4019147919552;0.45068359375;0.002210693359375;5.99999998485146;601;100 mA;
82.4119147919299;0.45068359375;0.00228515625;6.00999998482621;602;100 mA;
82.4219147919047;0.450531005859375;0.0022235107421875;6.01999998480096;603;100 mA;
82.4319147918794;0.45062255859375;0.002313232421875;6.02999998477571;604;100 mA;
82.4419147918542;0.450592041015625;0.0022088623046875;6.03999998475047;605;100 mA;
82.4519147918289;0.450714111328125;0.0022845458984375;6.04999998472522;606;100 mA;
82.4619147918037;0.45068359375;0.00220611572265625;6.05999998469997;607;100 mA;
82.4719147917784;0.450592041015625;0.002259521484375;6.06999998467472;608;100 mA;
82.4819147917532;0.450653076171875;0.00220489501953125;6.07999998464948;609;100 mA;
82.4919147917279;0.450531005859375;0.0022003173828125;6.08999998462423;610;100 mA;
82.5019147917027;0.450531005859375;0.00220672607421875;6.09999998459898;611;100 mA;
82.5119147916774;0.4508056640625;0.00212188720703125;6.10999998457373;612;100 mA;
82.5219147916522;0.45062255859375;0.00222930908203125;6.11999998454849;613;100 mA;
82.5319147916269;0.45074462890625;0.00210968017578125;6.12999998452324;614;100 mA;
82.5419147916017;0.450714111328125;0.00221588134765625;6.13999998449799;615;100 mA;
82.5519147915765;0.450775146484375;0.00212738037109375;6.14999998447274;616;100 mA;
82.5619147915512;0.450592041015625;0.002232666015625;6.1599999844475;617;100 mA;
82.571914791526;0.4505615234375;0.00218414306640625;6.16999998442225;618;100 mA;
82.5819147915007;0.45068359375;0.00221832275390625;6.179999984397;619;100 mA;
82.5919147914755;0.450714111328125;0.00224578857421875;6.18999998437175;620;100 mA;
82.6019147914502;0.450775146484375;0.00221588134765625;6.1999999843465;621;100 mA;
82.611914791425;0.45074462890625;0.002265625;6.20999998432126;622;100 mA;
82.6219147913997;0.4505615234375;0.00222259521484375;6.21999998429601;623;100 mA;
82.6319147913745;0.450592041015625;0.00228118896484375;6.22999998427076;624;100 mA;
82.6419147913492;0.450592041015625;0.0022021484375;6.23999998424551;625;100 mA;
82.651914791324;0.450714111328125;0.0022967529296875;6.24999998422027;626;100 mA;
82.6619147912987;0.45068359375;0.0021917724609375;6.25999998419502;627;100 mA;
82.6719147912735;0.450531005859375;0.00233367919921875;6.26999998416977;628;100 mA;
82.6819147912482;0.45068359375;0.0021966552734375;6.27999998414452;629;100 mA;
82.691914791223;0.45062255859375;0.00228515625;6.28999998411928;630;100 mA;
82.7019147911977;0.450592041015625;0.00222259521484375;6.29999998409403;631;100 mA;
82.7119147911725;0.450469970703125;0.00224945068359375;6.30999998406878;632;100 mA;
82.7219147911472;0.450592041015625;0.00222808837890625;6.31999998404353;633;100 mA;
82.731914791122;0.450775146484375;0.00217926025390625;6.32999998401829;634;100 mA;
82.7419147910967;0.45068359375;0.0022137451171875;6.33999998399304;635;100 mA;
82.7519147910715;0.450653076171875;0.00215423583984375;6.34999998396779;636;100 mA;
82.7619147910463;0.450592041015625;0.002249755859375;6.35999998394254;637;100 mA;
82.771914791021;0.450653076171875;0.002159423828125;6.3699999839173;638;100 mA;
82.7819147909958;0.450775146484375;0.002237548828125;6.37999998389205;639;100 mA;
82.7919147909705;0.4508056640625;0.0021356201171875;6.3899999838668;640;100 mA;
82.8019147909453;0.45062255859375;0.00227142333984375;6.39999998384155;641;100 mA;
82.81191479092;0.45074462890625;0.002191162109375;6.40999998381631;642;100 mA;
82.8219147908948;0.450775146484375;0.002236328125;6.41999998379106;643;100 mA;
82.8319147908695;0.450653076171875;0.00220611572265625;6.42999998376581;644;100 mA;
82.8419147908443;0.45050048828125;0.00219635009765625;6.43999998374056;645;100 mA;
82.851914790819;0.45068359375;0.00224945068359375;6.44999998371532;646;100 mA;
82.8619147907938;0.4508056640625;0.002169189453125;6.45999998369007;647;100 mA;
82.8719147907685;0.450714111328125;0.0022540283203125;6.46999998366482;648;100 mA;
82.8819147907433;0.45074462890625;0.00215179443359375;6.47999998363957;649;100 mA;
82.891914790718;0.45062255859375;0.0022576904296875;6.48999998361433;650;100 mA;
82.9019147906928;0.450531005859375;0.00215728759765625;6.49999998358908;651;100 mA;
82.9119147906675;0.450592041015625;0.0022491455078125;6.50999998356383;652;100 mA;
82.9219147906423;0.45062255859375;0.00213104248046875;6.51999998353858;653;100 mA;
82.931914790617;0.450592041015625;0.002200927734375;6.52999998351333;654;100 mA;
82.9419147905918;0.45068359375;0.0021685791015625;6.53999998348809;655;100 mA;
82.9519147905665;0.45062255859375;0.0022332763671875;6.54999998346284;656;100 mA;
82.9619147905413;0.450714111328125;0.00221038818359375;6.55999998343759;657;100 mA;
82.9719147905161;0.450592041015625;0.0021771240234375;6.56999998341234;658;100 mA;
82.9819147904908;0.450531005859375;0.0022015380859375;6.5799999833871;659;100 mA;
82.9919147904656;0.450714111328125;0.00212310791015625;6.58999998336185;660;100 mA;
83.0019147904403;0.450592041015625;0.00222808837890625;6.5999999833366;661;100 mA;
83.0119147904151;0.45074462890625;0.00210845947265625;6.60999998331135;662;100 mA;
83.0219147903898;0.45068359375;0.0022125244140625;6.61999998328611;663;100 mA;
83.0319147903646;0.45062255859375;0.00210296630859375;6.62999998326086;664;100 mA;
83.0419147903393;0.450653076171875;0.00220611572265625;6.63999998323561;665;100 mA;
83.0519147903141;0.45062255859375;0.00217376708984375;6.64999998321036;666;100 mA;
83.0619147902888;0.450653076171875;0.00219573974609375;6.65999998318512;667;100 mA;
83.0719147902636;0.45068359375;0.00221343994140625;6.66999998315987;668;100 mA;
83.0819147902383;0.4508056640625;0.0022113037109375;6.67999998313462;669;100 mA;
83.0919147902131;0.4508056640625;0.00226348876953125;6.68999998310937;670;100 mA;
83.1019147901878;0.45062255859375;0.00220245361328125;6.69999998308413;671;100 mA;
83.1119147901626;0.450592041015625;0.0022747802734375;6.70999998305888;672;100 mA;
83.1219147901373;0.450653076171875;0.00218292236328125;6.71999998303363;673;100 mA;
83.1319147901121;0.45068359375;0.0023016357421875;6.72999998300838;674;100 mA;
83.1419147900868;0.45062255859375;0.00222198486328125;6.73999998298314;675;100 mA;
83.1519147900616;0.4505615234375;0.0023223876953125;6.74999998295789;676;100 mA;
83.1619147900363;0.45068359375;0.0022125244140625;6.75999998293264;677;100 mA;
83.1719147900111;0.450714111328125;0.00227569580078125;6.76999998290739;678;100 mA;
83.1819147899859;0.450592041015625;0.00222320556640625;6.77999998288215;679;100 mA;
83.1919147899606;0.450531005859375;0.00228179931640625;6.7899999828569;680;100 mA;
83.2019147899354;0.450531005859375;0.00222198486328125;6.79999998283165;681;100 mA;
83.2119147899101;0.45068359375;0.00221038818359375;6.8099999828064;682;100 mA;
83.2219147898849;0.4508056640625;0.00222381591796875;6.81999998278116;683;100 mA;
83.2319147898596;0.45062255859375;0.00216156005859375;6.82999998275591;684;100 mA;
83.2419147898344;0.450592041015625;0.002261962890625;6.83999998273066;685;100 mA;
83.2519147898091;0.45062255859375;0.0021917724609375;6.84999998270541;686;100 mA;
83.2619147897839;0.450775146484375;0.0022607421875;6.85999998268016;687;100 mA;
83.2719147897586;0.4508056640625;0.002158203125;6.86999998265492;688;100 mA;
83.2819147897334;0.450653076171875;0.00226898193359375;6.87999998262967;689;100 mA;
83.2919147897081;0.450653076171875;0.00222381591796875;6.88999998260442;690;100 mA;
83.3019147896829;0.4508056640625;0.00224365234375;6.89999998257917;691;100 mA;
83.3119147896576;0.4508056640625;0.00220001220703125;6.90999998255393;692;100 mA;
83.3219147896324;0.4505615234375;0.00218963623046875;6.91999998252868;693;100 mA;
83.3319147896071;0.4505615234375;0.00223846435546875;6.92999998250343;694;100 mA;
83.3419147895819;0.450653076171875;0.00216033935546875;6.93999998247818;695;100 mA;
83.3519147895566;0.45074462890625;0.0022564697265625;6.94999998245294;696;100 mA;
83.3619147895314;0.450775146484375;0.002139892578125;6.95999998242769;697;100 mA;
83.3719147895061;0.45062255859375;0.00224578857421875;6.96999998240244;698;100 mA;
83.3819147894809;0.4505615234375;0.002169189453125;6.97999998237719;699;100 mA;
83.3919147894557;0.450592041015625;0.002274169921875;6.98999998235195;700;100 mA;
83.4019147894304;0.450592041015625;0.0021807861328125;6.9999999823267;701;100 mA;
83.4119147894052;0.4505615234375;0.00223358154296875;7.00999998230145;702;100 mA;
83.4219147893799;0.450592041015625;0.00219970703125;7.0199999822762;703;100 mA;
83.4319147893547;0.450714111328125;0.00224700927734375;7.02999998225096;704;100 mA;
83.4419147893294;0.450775146484375;0.00218780517578125;7.03999998222571;705;100 mA;
83.4519147893042;0.450592041015625;0.00219970703125;7.04999998220046;706;100 mA;
83.4619147892789;0.450592041015625;0.00220367431640625;7.05999998217521;707;100 mA;
83.4719147892537;0.450531005859375;0.0021258544921875;7.06999998214997;708;100 mA;
83.4819147892284;0.45062255859375;0.00221466064453125;7.07999998212472;709;100 mA;
83.4919147892032;0.450775146484375;0.0021337890625;7.08999998209947;710;100 mA;
83.5019147891779;0.45068359375;0.00222381591796875;7.09999998207422;711;100 mA;
83.5119147891527;0.450714111328125;0.00212066650390625;7.10999998204898;712;100 mA;
83.5219147891274;0.4508056640625;0.00223602294921875;7.11999998202373;713;100 mA;
83.5319147891022;0.45062255859375;0.00214874267578125;7.12999998199848;714;100 mA;
83.5419147890769;0.45068359375;0.00216461181640625;7.13999998197323;715;100 mA;
83.5519147890517;0.45062255859375;0.0021905517578125;7.14999998194799;716;100 mA;
83.5619147890264;0.4508056640625;0.0021588134765625;7.15999998192274;717;100 mA;
83.5719147890012;0.4508056640625;0.0021929931640625;7.16999998189749;718;100 mA;
83.581914788976;0.450714111328125;0.00215789794921875;7.17999998187224;719;100 mA;
83.5919147889507;0.450653076171875;0.00223052978515625;7.189999981847;720;100 mA;
83.6019147889255;0.450592041015625;0.0021624755859375;7.19999998182175;721;100 mA;
83.6119147889002;0.45074462890625;0.00224334716796875;7.2099999817965;722;100 mA;
83.621914788875;0.45062255859375;0.00216064453125;7.21999998177125;723;100 mA;
83.6319147888497;0.450531005859375;0.00224609375;7.229999981746;724;100 mA;
83.6419147888245;0.45068359375;0.00212310791015625;7.23999998172076;725;100 mA;
83.6519147887992;0.450714111328125;0.0021929931640625;7.24999998169551;726;100 mA;
83.661914788774;0.45074462890625;0.0021014404296875;7.25999998167026;727;100 mA;
83.6719147887487;0.450531005859375;0.002132568359375;7.26999998164501;728;100 mA;
83.6819147887235;0.45050048828125;0.00209747314453125;7.27999998161977;729;100 mA;
83.6919147886982;0.450653076171875;0.00207366943359375;7.28999998159452;730;100 mA;
83.701914788673;0.45074462890625;0.002105712890625;7.29999998156927;731;100 mA;
83.7119147886477;0.45074462890625;0.002034912109375;7.30999998154402;732;100 mA;
83.7219147886225;0.450592041015625;0.0021466064453125;7.31999998151878;733;100 mA;
83.7319147885972;0.450592041015625;0.0020703125;7.32999998149353;734;100 mA;
83.741914788572;0.450775146484375;0.00215484619140625;7.33999998146828;735;100 mA;
83.7519147885467;0.450714111328125;0.002086181640625;7.34999998144303;736;100 mA;
83.7619147885215;0.450714111328125;0.00218536376953125;7.35999998141779;737;100 mA;
83.7719147884962;0.450653076171875;0.00212493896484375;7.36999998139254;738;100 mA;
83.781914788471;0.4508056640625;0.002152099609375;7.37999998136729;739;100 mA;
83.7919147884458;0.450836181640625;0.00215484619140625;7.38999998134204;740;100 mA;
83.8019147884205;0.450714111328125;0.00215118408203125;7.3999999813168;741;100 mA;
83.8119147883953;0.4505615234375;0.0022015380859375;7.40999998129155;742;100 mA;
83.82191478837;0.4505615234375;0.0021630859375;7.4199999812663;743;100 mA;
83.8319147883448;0.450714111328125;0.00222076416015625;7.42999998124105;744;100 mA;
83.8419147883195;0.4508056640625;0.002117919921875;7.43999998121581;745;100 mA;
83.8519147882943;0.450592041015625;0.0022381591796875;7.44999998119056;746;100 mA;
83.861914788269;0.450592041015625;0.0021356201171875;7.45999998116531;747;100 mA;
83.8719147882438;0.450531005859375;0.0022503662109375;7.46999998114006;748;100 mA;
83.8819147882185;0.450714111328125;0.00211700439453125;7.47999998111482;749;100 mA;
83.8919147881933;0.4505615234375;0.0021759033203125;7.48999998108957;750;100 mA;
83.901914788168;0.450531005859375;0.00213104248046875;7.49999998106432;751;100 mA;
83.9119147881428;0.45062255859375;0.00216033935546875;7.50999998103907;752;100 mA;
83.9219147881175;0.45074462890625;0.0021337890625;7.51999998101383;753;100 mA;
83.9319147880923;0.450714111328125;0.0021258544921875;7.52999998098858;754;100 mA;
83.941914788067;0.450592041015625;0.00212982177734375;7.53999998096333;755;100 mA;
83.9519147880418;0.450469970703125;0.002080078125;7.54999998093808;756;100 mA;
83.9619147880165;0.45068359375;0.00215789794921875;7.55999998091283;757;100 mA;
83.9719147879913;0.450714111328125;0.002049560546875;7.56999998088759;758;100 mA;
83.981914787966;0.45068359375;0.0021856689453125;7.57999998086234;759;100 mA;
83.9919147879408;0.45074462890625;0.002061767578125;7.58999998083709;760;100 mA;
84.0019147879156;0.450714111328125;0.00218536376953125;7.59999998081184;761;100 mA;
84.0119147878903;0.450714111328125;0.0021331787109375;7.6099999807866;762;100 mA;
84.0219147878651;0.45068359375;0.002188720703125;7.61999998076135;763;100 mA;
84.0319147878398;0.450531005859375;0.00217010498046875;7.6299999807361;764;100 mA;
84.0419147878146;0.45068359375;0.00219268798828125;7.63999998071085;765;100 mA;
84.0519147877893;0.45068359375;0.0022418212890625;7.64999998068561;766;100 mA;
84.0619147877641;0.45086669921875;0.002188720703125;7.65999998066036;767;100 mA;
84.0719147877388;0.45062255859375;0.0022735595703125;7.66999998063511;768;100 mA;
84.0819147877136;0.45062255859375;0.00215789794921875;7.67999998060986;769;100 mA;
84.0919147876883;0.45068359375;0.00226806640625;7.68999998058462;770;100 mA;
84.1019147876631;0.45062255859375;0.00215789794921875;7.69999998055937;771;100 mA;
84.1119147876378;0.450469970703125;0.002286376953125;7.70999998053412;772;100 mA;
84.1219147876126;0.450592041015625;0.00217071533203125;7.71999998050887;773;100 mA;
84.1319147875873;0.450653076171875;0.00225433349609375;7.72999998048363;774;100 mA;
84.1419147875621;0.45068359375;0.0022027587890625;7.73999998045838;775;100 mA;
84.1519147875368;0.450531005859375;0.002274169921875;7.74999998043313;776;100 mA;
84.1619147875116;0.450592041015625;0.00220916748046875;7.75999998040788;777;100 mA;
84.1719147874863;0.450531005859375;0.0021942138671875;7.76999998038264;778;100 mA;
84.1819147874611;0.450714111328125;0.00220458984375;7.77999998035739;779;100 mA;
84.1919147874358;0.450836181640625;0.00213165283203125;7.78999998033214;780;100 mA;
84.2019147874106;0.45062255859375;0.00221893310546875;7.79999998030689;781;100 mA;
84.2119147873854;0.45068359375;0.0021221923828125;7.80999998028165;782;100 mA;
84.2219147873601;0.450775146484375;0.002215576171875;7.8199999802564;783;100 mA;
84.2319147873349;0.450714111328125;0.00209259033203125;7.82999998023115;784;100 mA;
84.2419147873096;0.450592041015625;0.00223052978515625;7.8399999802059;785;100 mA;
84.2519147872844;0.4505615234375;0.00217315673828125;7.84999998018066;786;100 mA;
84.2619147872591;0.45086669921875;0.00219757080078125;7.85999998015541;787;100 mA;
84.2719147872339;0.4508056640625;0.002193603515625;7.86999998013016;788;100 mA;
84.2819147872086;0.45086669921875;0.00218658447265625;7.87999998010491;789;100 mA;
84.2919147871834;0.450592041015625;0.0022503662109375;7.88999998007966;790;100 mA;
84.3019147871581;0.45050048828125;0.00218414306640625;7.89999998005442;791;100 mA;
84.3119147871329;0.450592041015625;0.00229278564453125;7.90999998002917;792;100 mA;
84.3219147871076;0.450714111328125;0.00218414306640625;7.91999998000392;793;100 mA;
84.3319147870824;0.450653076171875;0.0022894287109375;7.92999997997867;794;100 mA;
84.3419147870571;0.450592041015625;0.002213134765625;7.93999997995343;795;100 mA;
84.3519147870319;0.45050048828125;0.00233551025390625;7.94999997992818;796;100 mA;
84.3619147870066;0.45074462890625;0.00222564697265625;7.95999997990293;797;100 mA;
84.3719147869814;0.4505615234375;0.00228515625;7.96999997987768;798;100 mA;
84.3819147869561;0.450469970703125;0.002232666015625;7.97999997985244;799;100 mA;
84.3919147869309;0.45062255859375;0.002283935546875;7.98999997982719;800;100 mA;
84.4019147869056;0.45074462890625;0.002237548828125;7.99999997980194;801;100 mA;
84.4119147868804;0.450836181640625;0.00222747802734375;8.00999997977669;802;100 mA;
84.4219147868552;0.45068359375;0.00226409912109375;8.01999997975145;803;100 mA;
84.4319147868299;0.450653076171875;0.00215728759765625;8.0299999797262;804;100 mA;
84.4419147868047;0.45062255859375;0.0022540283203125;8.03999997970095;805;100 mA;
84.4519147867794;0.45062255859375;0.00213714599609375;8.0499999796757;806;100 mA;
84.4619147867542;0.45086669921875;0.00223724365234375;8.05999997965046;807;100 mA;
84.4719147867289;0.450775146484375;0.00214447021484375;8.06999997962521;808;100 mA;
84.4819147867037;0.45074462890625;0.0022528076171875;8.07999997959996;809;100 mA;
84.4919147866784;0.450775146484375;0.00221343994140625;8.08999997957471;810;100 mA;
84.5019147866532;0.45074462890625;0.0022222900390625;8.09999997954947;811;100 mA;
84.5119147866279;0.45062255859375;0.002183837890625;8.10999997952422;812;100 mA;
84.5219147866027;0.450531005859375;0.00220001220703125;8.11999997949897;813;100 mA;
84.5319147865774;0.45062255859375;0.0022283935546875;8.12999997947372;814;100 mA;
84.5419147865522;0.450775146484375;0.0021929931640625;8.13999997944848;815;100 mA;
84.5519147865269;0.450775146484375;0.00225830078125;8.14999997942323;816;100 mA;
84.5619147865017;0.450714111328125;0.0021942138671875;8.15999997939798;817;100 mA;
84.5719147864764;0.45062255859375;0.00228424072265625;8.16999997937273;818;100 mA;
84.5819147864512;0.450531005859375;0.00220001220703125;8.17999997934749;819;100 mA;
84.5919147864259;0.450592041015625;0.0023095703125;8.18999997932224;820;100 mA;
84.6019147864007;0.450653076171875;0.00218109130859375;8.19999997929699;821;100 mA;
84.6119147863755;0.45062255859375;0.0022515869140625;8.20999997927174;822;100 mA;
84.6219147863502;0.45074462890625;0.00217987060546875;8.2199999792465;823;100 mA;
84.631914786325;0.45062255859375;0.00219818115234375;8.22999997922125;824;100 mA;
84.6419147862997;0.450714111328125;0.00217437744140625;8.239999979196;825;100 mA;
84.6519147862745;0.45050048828125;0.00214202880859375;8.24999997917075;826;100 mA;
84.6619147862492;0.4505615234375;0.0021710205078125;8.2599999791455;827;100 mA;
84.671914786224;0.450836181640625;0.00210174560546875;8.26999997912026;828;100 mA;
84.6819147861987;0.450592041015625;0.00220703125;8.27999997909501;829;100 mA;
84.6919147861735;0.450714111328125;0.00210845947265625;8.28999997906976;830;100 mA;
84.7019147861482;0.450714111328125;0.002186279296875;8.29999997904451;831;100 mA;
84.711914786123;0.450714111328125;0.00206298828125;8.30999997901927;832;100 mA;
84.7219147860977;0.45062255859375;0.00219207763671875;8.31999997899402;833;100 mA;
84.7319147860725;0.450653076171875;0.0020806884765625;8.32999997896877;834;100 mA;
84.7419147860472;0.45068359375;0.0021466064453125;8.33999997894352;835;100 mA;
84.751914786022;0.45068359375;0.0021173095703125;8.34999997891828;836;100 mA;
84.7619147859967;0.450897216796875;0.0021246337890625;8.35999997889303;837;100 mA;
84.7719147859715;0.450775146484375;0.0021728515625;8.36999997886778;838;100 mA;
84.7819147859462;0.45062255859375;0.00210906982421875;8.37999997884253;839;100 mA;
84.791914785921;0.45062255859375;0.00221710205078125;8.38999997881729;840;100 mA;
84.8019147858957;0.450714111328125;0.002122802734375;8.39999997879204;841;100 mA;
84.8119147858705;0.450653076171875;0.0021966552734375;8.40999997876679;842;100 mA;
84.8219147858453;0.450653076171875;0.0021282958984375;8.41999997874154;843;100 mA;
84.83191478582;0.45050048828125;0.0022161865234375;8.4299999787163;844;100 mA;
84.8419147857948;0.45074462890625;0.00208587646484375;8.43999997869105;845;100 mA;
84.8519147857695;0.45062255859375;0.00213592529296875;8.4499999786658;846;100 mA;
84.8619147857443;0.450592041015625;0.002100830078125;8.45999997864055;847;100 mA;
84.871914785719;0.450592041015625;0.00213623046875;8.46999997861531;848;100 mA;
84.8819147856938;0.450592041015625;0.00210052490234375;8.47999997859006;849;100 mA;
84.8919147856685;0.4508056640625;0.00210540771484375;8.48999997856481;850;100 mA;
84.9019147856433;0.450775146484375;0.00213043212890625;8.49999997853956;851;100 mA;
84.911914785618;0.450653076171875;0.002083740234375;8.50999997851432;852;100 mA;
84.9219147855928;0.450592041015625;0.0021844482421875;8.51999997848907;853;100 mA;
84.9319147855675;0.450653076171875;0.00206817626953125;8.52999997846382;854;100 mA;
84.9419147855423;0.450714111328125;0.00219818115234375;8.53999997843857;855;100 mA;
84.951914785517;0.450775146484375;0.0020758056640625;8.54999997841333;856;100 mA;
84.9619147854918;0.450653076171875;0.00218414306640625;8.55999997838808;857;100 mA;
84.9719147854665;0.450714111328125;0.00212371826171875;8.56999997836283;858;100 mA;
84.9819147854413;0.4508056640625;0.0021484375;8.57999997833758;859;100 mA;
84.991914785416;0.450714111328125;0.0021563720703125;8.58999997831233;860;100 mA;
85.0019147853908;0.450653076171875;0.00213531494140625;8.59999997828709;861;100 mA;
85.0119147853655;0.450531005859375;0.00218902587890625;8.60999997826184;862;100 mA;
85.0219147853403;0.45074462890625;0.00215240478515625;8.61999997823659;863;100 mA;
85.0319147853151;0.450775146484375;0.0021893310546875;8.62999997821134;864;100 mA;
85.0419147852898;0.450714111328125;0.002139892578125;8.6399999781861;865;100 mA;
85.0519147852646;0.4505615234375;0.0022015380859375;8.64999997816085;866;100 mA;
85.0619147852393;0.450531005859375;0.002117919921875;8.6599999781356;867;100 mA;
85.0719147852141;0.450592041015625;0.00221527099609375;8.66999997811035;868;100 mA;
85.0819147851888;0.4505615234375;0.0021044921875;8.67999997808511;869;100 mA;
85.0919147851636;0.450531005859375;0.00220001220703125;8.68999997805986;870;100 mA;
85.1019147851383;0.450592041015625;0.00212158203125;8.69999997803461;871;100 mA;
85.1119147851131;0.45068359375;0.00217315673828125;8.70999997800936;872;100 mA;
85.1219147850878;0.45068359375;0.00214996337890625;8.71999997798412;873;100 mA;
85.1319147850626;0.45062255859375;0.0021392822265625;8.72999997795887;874;100 mA;
85.1419147850373;0.450531005859375;0.002181396484375;8.73999997793362;875;100 mA;
85.1519147850121;0.4505615234375;0.002103271484375;8.74999997790837;876;100 mA;
85.1619147849868;0.450592041015625;0.002230224609375;8.75999997788313;877;100 mA;
85.1719147849616;0.4508056640625;0.00213958740234375;8.76999997785788;878;100 mA;
85.1819147849363;0.45068359375;0.0022491455078125;8.77999997783263;879;100 mA;
85.1919147849111;0.450653076171875;0.0021527099609375;8.78999997780738;880;100 mA;
85.2019147848858;0.4508056640625;0.00223541259765625;8.79999997778214;881;100 mA;
85.2119147848606;0.450653076171875;0.00216705322265625;8.80999997775689;882;100 mA;
85.2219147848353;0.45062255859375;0.00223236083984375;8.81999997773164;883;100 mA;
85.2319147848101;0.450592041015625;0.00218536376953125;8.82999997770639;884;100 mA;
85.2419147847849;0.45074462890625;0.00219940185546875;8.83999997768115;885;100 mA;
85.2519147847596;0.4508056640625;0.0022265625;8.8499999776559;886;100 mA;
85.2619147847344;0.450653076171875;0.00219818115234375;8.85999997763065;887;100 mA;
85.2719147847091;0.4505615234375;0.002259521484375;8.8699999776054;888;100 mA;
85.2819147846839;0.4505615234375;0.00217041015625;8.87999997758016;889;100 mA;
85.2919147846586;0.45074462890625;0.002269287109375;8.88999997755491;890;100 mA;
85.3019147846334;0.450653076171875;0.00216583251953125;8.89999997752966;891;100 mA;
85.3119147846081;0.4505615234375;0.0022772216796875;8.90999997750441;892;100 mA;
85.3219147845829;0.450714111328125;0.002174072265625;8.91999997747916;893;100 mA;
85.3319147845576;0.450714111328125;0.0022320556640625;8.92999997745392;894;100 mA;
85.3419147845324;0.45068359375;0.00218109130859375;8.93999997742867;895;100 mA;
85.3519147845071;0.450531005859375;0.0021990966796875;8.94999997740342;896;100 mA;
85.3619147844819;0.450469970703125;0.002176513671875;8.95999997737817;897;100 mA;
85.3719147844566;0.45062255859375;0.00218963623046875;8.96999997735293;898;100 mA;
85.3819147844314;0.450714111328125;0.00219451904296875;8.97999997732768;899;100 mA;
85.3919147844061;0.450775146484375;0.0021453857421875;8.98999997730243;900;100 mA;
85.4019147843809;0.4505615234375;0.00222381591796875;8.99999997727718;901;100 mA;
85.4119147843556;0.45068359375;0.00209136962890625;9.00999997725194;902;100 mA;
85.4219147843304;0.45074462890625;0.0022100830078125;9.01999997722669;903;100 mA;
85.4319147843051;0.450775146484375;0.00206573486328125;9.02999997720144;904;100 mA;
85.4419147842799;0.450592041015625;0.00222503662109375;9.03999997717619;905;100 mA;
85.4519147842547;0.45062255859375;0.00212005615234375;9.04999997715095;906;100 mA;
85.4619147842294;0.450775146484375;0.002171630859375;9.0599999771257;907;100 mA;
85.4719147842042;0.450836181640625;0.00213653564453125;9.06999997710045;908;100 mA;
85.4819147841789;0.4505615234375;0.00213043212890625;9.0799999770752;909;100 mA;
85.4919147841537;0.4505615234375;0.0021917724609375;9.08999997704996;910;100 mA;
85.5019147841284;0.450592041015625;0.00212982177734375;9.09999997702471;911;100 mA;
85.5119147841032;0.45068359375;0.0022186279296875;9.10999997699946;912;100 mA;
85.5219147840779;0.4508056640625;0.002099609375;9.11999997697421;913;100 mA;
85.5319147840527;0.450714111328125;0.0021795654296875;9.12999997694897;914;100 mA;
85.5419147840274;0.450531005859375;0.00210693359375;9.13999997692372;915;100 mA;
85.5519147840022;0.450592041015625;0.0021923828125;9.14999997689847;916;100 mA;
85.5619147839769;0.45068359375;0.00209075927734375;9.15999997687322;917;100 mA;
85.5719147839517;0.450531005859375;0.00217376708984375;9.16999997684798;918;100 mA;
85.5819147839264;0.4505615234375;0.00212127685546875;9.17999997682273;919;100 mA;
85.5919147839012;0.45062255859375;0.0022076416015625;9.18999997679748;920;100 mA;
85.6019147838759;0.450775146484375;0.00215667724609375;9.19999997677223;921;100 mA;
85.6119147838507;0.450714111328125;0.0021466064453125;9.20999997674699;922;100 mA;
85.6219147838254;0.45062255859375;0.0021807861328125;9.21999997672174;923;100 mA;
85.6319147838002;0.450531005859375;0.00207275390625;9.22999997669649;924;100 mA;
85.641914783775;0.4505615234375;0.002218017578125;9.23999997667124;925;100 mA;
85.6519147837497;0.450714111328125;0.00207183837890625;9.249999976646;926;100 mA;
85.6619147837245;0.450653076171875;0.00219512939453125;9.25999997662075;927;100 mA;
85.6719147836992;0.450775146484375;0.00207305908203125;9.2699999765955;928;100 mA;
85.681914783674;0.45068359375;0.00218902587890625;9.27999997657025;929;100 mA;
85.6919147836487;0.450714111328125;0.00215179443359375;9.289999976545;930;100 mA;
85.7019147836235;0.45074462890625;0.0021630859375;9.29999997651976;931;100 mA;
85.7119147835982;0.450592041015625;0.0021417236328125;9.30999997649451;932;100 mA;
85.721914783573;0.450653076171875;0.00214874267578125;9.31999997646926;933;100 mA;
85.7319147835477;0.45068359375;0.00220611572265625;9.32999997644401;934;100 mA;
85.7419147835225;0.4508056640625;0.00216644287109375;9.33999997641877;935;100 mA;
85.7519147834972;0.45068359375;0.00222442626953125;9.34999997639352;936;100 mA;
85.761914783472;0.450592041015625;0.0021417236328125;9.35999997636827;937;100 mA;
85.7719147834467;0.45068359375;0.002236328125;9.36999997634302;938;100 mA;
85.7819147834215;0.4505615234375;0.00212921142578125;9.37999997631778;939;100 mA;
85.7919147833962;0.450531005859375;0.0022607421875;9.38999997629253;940;100 mA;
85.801914783371;0.45068359375;0.002156982421875;9.39999997626728;941;100 mA;
85.8119147833457;0.45068359375;0.002198486328125;9.40999997624203;942;100 mA;
85.8219147833205;0.450714111328125;0.00214935302734375;9.41999997621679;943;100 mA;
85.8319147832952;0.45062255859375;0.0021441650390625;9.42999997619154;944;100 mA;
85.84191478327;0.4505615234375;0.00215606689453125;9.43999997616629;945;100 mA;
85.8519147832448;0.45050048828125;0.0021124267578125;9.44999997614104;946;100 mA;
85.8619147832195;0.4505615234375;0.00216094970703125;9.4599999761158;947;100 mA;
85.8719147831943;0.4508056640625;0.00208740234375;9.46999997609055;948;100 mA;
85.881914783169;0.4505615234375;0.00216461181640625;9.4799999760653;949;100 mA;
85.8919147831438;0.45062255859375;0.00208221435546875;9.48999997604005;950;100 mA;
85.9019147831185;0.45068359375;0.0021942138671875;9.49999997601481;951;100 mA;
85.9119147830933;0.450653076171875;0.00207916259765625;9.50999997598956;952;100 mA;
85.921914783068;0.450592041015625;0.0022015380859375;9.51999997596431;953;100 mA;
85.9319147830428;0.450653076171875;0.00211090087890625;9.52999997593906;954;100 mA;
85.9419147830175;0.45074462890625;0.0021868896484375;9.53999997591382;955;100 mA;
85.9519147829923;0.4508056640625;0.002152099609375;9.54999997588857;956;100 mA;
85.961914782967;0.450775146484375;0.0021771240234375;9.55999997586332;957;100 mA;
85.9719147829418;0.45068359375;0.00220916748046875;9.56999997583807;958;100 mA;
85.9819147829165;0.450469970703125;0.00212921142578125;9.57999997581283;959;100 mA;
85.9919147828913;0.450531005859375;0.002255859375;9.58999997578758;960;100 mA;
86.001914782866;0.450653076171875;0.00216064453125;9.59999997576233;961;100 mA;
86.0119147828408;0.450714111328125;0.002244873046875;9.60999997573708;962;100 mA;
86.0219147828155;0.45068359375;0.002158203125;9.61999997571183;963;100 mA;
86.0319147827903;0.450469970703125;0.0022235107421875;9.62999997568659;964;100 mA;
86.041914782765;0.45074462890625;0.00213714599609375;9.63999997566134;965;100 mA;
86.0519147827398;0.45062255859375;0.0021942138671875;9.64999997563609;966;100 mA;
86.0619147827146;0.450592041015625;0.00215911865234375;9.65999997561084;967;100 mA;
86.0719147826893;0.4505615234375;0.00220855712890625;9.6699999755856;968;100 mA;
86.0819147826641;0.450714111328125;0.00216522216796875;9.67999997556035;969;100 mA;
86.0919147826388;0.450775146484375;0.00216156005859375;9.6899999755351;970;100 mA;
86.1019147826136;0.450775146484375;0.00217254638671875;9.69999997550985;971;100 mA;
86.1119147825883;0.450531005859375;0.00210662841796875;9.70999997548461;972;100 mA;
86.1219147825631;0.450531005859375;0.00222381591796875;9.71999997545936;973;100 mA;
86.1319147825378;0.450592041015625;0.00209014892578125;9.72999997543411;974;100 mA;
86.1419147825126;0.450714111328125;0.0022412109375;9.73999997540886;975;100 mA;
86.1519147824873;0.450775146484375;0.0020916748046875;9.74999997538362;976;100 mA;
86.1619147824621;0.4505615234375;0.00225006103515625;9.75999997535837;977;100 mA;
86.1719147824368;0.45074462890625;0.00216644287109375;9.76999997533312;978;100 mA;
86.1819147824116;0.450836181640625;0.00218505859375;9.77999997530787;979;100 mA;
86.1919147823863;0.450653076171875;0.00217315673828125;9.78999997528263;980;100 mA;
86.2019147823611;0.450653076171875;0.002177734375;9.79999997525738;981;100 mA;
86.2119147823358;0.450592041015625;0.002200927734375;9.80999997523213;982;100 mA;
86.2219147823106;0.45074462890625;0.0021746826171875;9.81999997520688;983;100 mA;
86.2319147822853;0.4508056640625;0.00222381591796875;9.82999997518164;984;100 mA;
86.2419147822601;0.450653076171875;0.00217620849609375;9.83999997515639;985;100 mA;
86.2519147822348;0.45062255859375;0.00223052978515625;9.84999997513114;986;100 mA;
86.2619147822096;0.450531005859375;0.002161865234375;9.85999997510589;987;100 mA;
86.2719147821844;0.450653076171875;0.00227081298828125;9.86999997508065;988;100 mA;
86.2819147821591;0.450592041015625;0.00213287353515625;9.8799999750554;989;100 mA;
86.2919147821339;0.450592041015625;0.00223724365234375;9.88999997503015;990;100 mA;
86.3019147821086;0.45062255859375;0.00217071533203125;9.8999999750049;991;100 mA;
86.3119147820834;0.450714111328125;0.0022210693359375;9.90999997497966;992;100 mA;
86.3219147820581;0.45074462890625;0.0022320556640625;9.91999997495441;993;100 mA;
86.3319147820329;0.450592041015625;0.0021978759765625;9.92999997492916;994;100 mA;
86.3419147820076;0.450531005859375;0.002244873046875;9.93999997490391;995;100 mA;
86.3519147819824;0.45074462890625;0.002138671875;9.94999997487866;996;100 mA;
86.3619147819571;0.4505615234375;0.0022637939453125;9.95999997485342;997;100 mA;
86.3719147819319;0.45074462890625;0.002139892578125;9.96999997482817;998;100 mA;
86.3819147819066;0.45068359375;0.00222869873046875;9.97999997480292;999;100 mA;
86.3919147818814;0.450653076171875;0.0021051025390625;9.98999997477767;1000;100 mA;
86.4019147818561;0.450653076171875;0.00223602294921875;9.99999997475243;1001;100 mA;
86.4119147818309;0.450653076171875;0.00211456298828125;10.0099999747272;1002;100 mA;
86.4219147818056;0.4505615234375;0.00218048095703125;10.0199999747019;1003;100 mA;
86.4319147817804;0.450653076171875;0.0021063232421875;10.0299999746767;1004;100 mA;
86.4419147817551;0.4508056640625;0.00215423583984375;10.0399999746514;1005;100 mA;
86.4519147817299;0.450836181640625;0.002169189453125;10.0499999746262;1006;100 mA;
86.4619147817046;0.450592041015625;0.00208831787109375;10.0599999746009;1007;100 mA;
86.4719147816794;0.4505615234375;0.00218048095703125;10.0699999745757;1008;100 mA;
86.4819147816542;0.450653076171875;0.0020733642578125;10.0799999745504;1009;100 mA;
86.4919147816289;0.450653076171875;0.00217864990234375;10.0899999745252;1010;100 mA;
86.5019147816037;0.450653076171875;0.00209320068359375;10.0999999745;1011;100 mA;
86.5119147815784;0.450592041015625;0.00219482421875;10.1099999744747;1012;100 mA;
86.5219147815532;0.450714111328125;0.002109375;10.1199999744495;1013;100 mA;
86.5319147815279;0.450775146484375;0.0021624755859375;10.1299999744242;1014;100 mA;
86.5419147815027;0.45074462890625;0.00212432861328125;10.139999974399;1015;100 mA;
86.5519147814774;0.450531005859375;0.00216339111328125;10.1499999743737;1016;100 mA;
86.5619147814522;0.450531005859375;0.0021453857421875;10.1599999743485;1017;100 mA;
86.5719147814269;0.450592041015625;0.00215179443359375;10.1699999743232;1018;100 mA;
86.5819147814017;0.4508056640625;0.002158203125;10.179999974298;1019;100 mA;
86.5919147813764;0.450775146484375;0.00209808349609375;10.1899999742727;1020;100 mA;
86.6019147813512;0.450592041015625;0.00221038818359375;10.1999999742475;1021;100 mA;
86.6119147813259;0.450592041015625;0.00208221435546875;10.2099999742222;1022;100 mA;
86.6219147813007;0.45068359375;0.00221282958984375;10.219999974197;1023;100 mA;
86.6319147812754;0.450775146484375;0.00207061767578125;10.2299999741717;1024;100 mA;
86.6419147812502;0.450531005859375;0.0022357177734375;10.2399999741465;1025;100 mA;
86.6519147812249;0.450714111328125;0.00213134765625;10.2499999741212;1026;100 mA;
86.6619147811997;0.45074462890625;0.00217193603515625;10.259999974096;1027;100 mA;
86.6719147811745;0.4508056640625;0.0021575927734375;10.2699999740707;1028;100 mA;
86.6819147811492;0.450714111328125;0.00213165283203125;10.2799999740455;1029;100 mA;
86.691914781124;0.450531005859375;0.0021771240234375;10.2899999740202;1030;100 mA;
86.7019147810987;0.4505615234375;0.00213348388671875;10.299999973995;1031;100 mA;
86.7119147810735;0.450775146484375;0.00220001220703125;10.3099999739698;1032;100 mA;
86.7219147810482;0.450775146484375;0.002137451171875;10.3199999739445;1033;100 mA;
86.731914781023;0.450714111328125;0.00220428466796875;10.3299999739193;1034;100 mA;
86.7419147809977;0.45062255859375;0.00214202880859375;10.339999973894;1035;100 mA;
86.7519147809725;0.450592041015625;0.00223114013671875;10.3499999738688;1036;100 mA;
86.7619147809472;0.45062255859375;0.00210723876953125;10.3599999738435;1037;100 mA;
86.771914780922;0.450531005859375;0.00219757080078125;10.3699999738183;1038;100 mA;
86.7819147808967;0.4505615234375;0.0021246337890625;10.379999973793;1039;100 mA;
86.7919147808715;0.45062255859375;0.00217132568359375;10.3899999737678;1040;100 mA;
86.8019147808462;0.45068359375;0.0021630859375;10.3999999737425;1041;100 mA;
86.811914780821;0.450714111328125;0.002135009765625;10.4099999737173;1042;100 mA;
86.8219147807957;0.45062255859375;0.00219512939453125;10.419999973692;1043;100 mA;
86.8319147807705;0.450531005859375;0.002088623046875;10.4299999736668;1044;100 mA;
86.8419147807452;0.450592041015625;0.002220458984375;10.4399999736415;1045;100 mA;
86.85191478072;0.45074462890625;0.0020867919921875;10.4499999736163;1046;100 mA;
86.8619147806947;0.450653076171875;0.0022039794921875;10.459999973591;1047;100 mA;
86.8719147806695;0.45068359375;0.0020880126953125;10.4699999735658;1048;100 mA;
86.8819147806443;0.4508056640625;0.0021826171875;10.4799999735405;1049;100 mA;
86.891914780619;0.450653076171875;0.0021148681640625;10.4899999735153;1050;100 mA;
86.9019147805938;0.450714111328125;0.0021612548828125;10.49999997349;1051;100 mA;
86.9119147805685;0.45062255859375;0.00212677001953125;10.5099999734648;1052;100 mA;
86.9219147805433;0.450592041015625;0.00215179443359375;10.5199999734396;1053;100 mA;
86.931914780518;0.450775146484375;0.00216522216796875;10.5299999734143;1054;100 mA;
86.9419147804928;0.4508056640625;0.00214385986328125;10.5399999733891;1055;100 mA;
86.9519147804675;0.450775146484375;0.0022247314453125;10.5499999733638;1056;100 mA;
86.9619147804423;0.45068359375;0.002125244140625;10.5599999733386;1057;100 mA;
86.971914780417;0.4505615234375;0.00225372314453125;10.5699999733133;1058;100 mA;
86.9819147803918;0.4505615234375;0.00213531494140625;10.5799999732881;1059;100 mA;
86.9919147803665;0.450531005859375;0.0022491455078125;10.5899999732628;1060;100 mA;
87.0019147803413;0.450592041015625;0.0021478271484375;10.5999999732376;1061;100 mA;
87.011914780316;0.45062255859375;0.00222137451171875;10.6099999732123;1062;100 mA;
87.0219147802908;0.45068359375;0.0021942138671875;10.6199999731871;1063;100 mA;
87.0319147802655;0.45062255859375;0.0021990966796875;10.6299999731618;1064;100 mA;
87.0419147802403;0.450531005859375;0.00217132568359375;10.6399999731366;1065;100 mA;
87.051914780215;0.450531005859375;0.00216400146484375;10.6499999731113;1066;100 mA;
87.0619147801898;0.45062255859375;0.0022064208984375;10.6599999730861;1067;100 mA;
87.0719147801645;0.45074462890625;0.0021429443359375;10.6699999730608;1068;100 mA;
87.0819147801393;0.450714111328125;0.00222076416015625;10.6799999730356;1069;100 mA;
87.0919147801141;0.45068359375;0.0021112060546875;10.6899999730103;1070;100 mA;
87.1019147800888;0.450592041015625;0.00224639892578125;10.6999999729851;1071;100 mA;
87.1119147800636;0.450714111328125;0.0020989990234375;10.7099999729598;1072;100 mA;
87.1219147800383;0.450653076171875;0.00222930908203125;10.7199999729346;1073;100 mA;
87.1319147800131;0.450653076171875;0.00214141845703125;10.7299999729094;1074;100 mA;
87.1419147799878;0.45068359375;0.0022125244140625;10.7399999728841;1075;100 mA;
87.1519147799626;0.450775146484375;0.00218719482421875;10.7499999728589;1076;100 mA;
87.1619147799373;0.4508056640625;0.00218017578125;10.7599999728336;1077;100 mA;
87.1719147799121;0.450592041015625;0.00224853515625;10.7699999728084;1078;100 mA;
87.1819147798868;0.45062255859375;0.00217437744140625;10.7799999727831;1079;100 mA;
87.1919147798616;0.450531005859375;0.002281494140625;10.7899999727579;1080;100 mA;
87.2019147798363;0.45074462890625;0.002183837890625;10.7999999727326;1081;100 mA;
87.2119147798111;0.45068359375;0.0022552490234375;10.8099999727074;1082;100 mA;
87.2219147797858;0.450592041015625;0.00217864990234375;10.8199999726821;1083;100 mA;
87.2319147797606;0.450531005859375;0.00225555419921875;10.8299999726569;1084;100 mA;
87.2419147797353;0.45074462890625;0.00214630126953125;10.8399999726316;1085;100 mA;
87.2519147797101;0.450653076171875;0.0022412109375;10.8499999726064;1086;100 mA;
87.2619147796848;0.4505615234375;0.00215667724609375;10.8599999725811;1087;100 mA;
87.2719147796596;0.450531005859375;0.00221527099609375;10.8699999725559;1088;100 mA;
87.2819147796343;0.45068359375;0.00215179443359375;10.8799999725306;1089;100 mA;
87.2919147796091;0.45074462890625;0.00215484619140625;10.8899999725054;1090;100 mA;
87.3019147795839;0.4508056640625;0.00217926025390625;10.8999999724801;1091;100 mA;
87.3119147795586;0.45062255859375;0.00210540771484375;10.9099999724549;1092;100 mA;
87.3219147795334;0.45050048828125;0.00220367431640625;10.9199999724297;1093;100 mA;
87.3319147795081;0.45062255859375;0.0020745849609375;10.9299999724044;1094;100 mA;
87.3419147794829;0.450714111328125;0.00220703125;10.9399999723792;1095;100 mA;
87.3519147794576;0.4508056640625;0.0020697021484375;10.9499999723539;1096;100 mA;
87.3619147794324;0.45062255859375;0.00218780517578125;10.9599999723287;1097;100 mA;
87.3719147794071;0.450714111328125;0.00212005615234375;10.9699999723034;1098;100 mA;
87.3819147793819;0.450775146484375;0.00214874267578125;10.9799999722782;1099;100 mA;
87.3919147793566;0.45074462890625;0.00213165283203125;10.9899999722529;1100;100 mA;
87.4019147793314;0.4505615234375;0.00215087890625;10.9999999722277;1101;100 mA;
87.4119147793061;0.4505615234375;0.00216796875;11.0099999722024;1102;100 mA;
87.4219147792809;0.45074462890625;0.0021240234375;11.0199999721772;1103;100 mA;
87.4319147792556;0.4508056640625;0.00217559814453125;11.0299999721519;1104;100 mA;
87.4419147792304;0.45074462890625;0.002110595703125;11.0399999721267;1105;100 mA;
87.4519147792051;0.45074462890625;0.00221649169921875;11.0499999721014;1106;100 mA;
87.4619147791799;0.4505615234375;0.00210174560546875;11.0599999720762;1107;100 mA;
87.4719147791546;0.4505615234375;0.002236328125;11.0699999720509;1108;100 mA;
87.4819147791294;0.450653076171875;0.00210906982421875;11.0799999720257;1109;100 mA;
87.4919147791041;0.4505615234375;0.00221405029296875;11.0899999720004;1110;100 mA;
87.5019147790789;0.450592041015625;0.0021636962890625;11.0999999719752;1111;100 mA;
87.5119147790537;0.45074462890625;0.00220489501953125;11.1099999719499;1112;100 mA;
87.5219147790284;0.45068359375;0.00219451904296875;11.1199999719247;1113;100 mA;
87.5319147790032;0.450531005859375;0.00218475341796875;11.1299999718995;1114;100 mA;
87.5419147789779;0.4505615234375;0.00221771240234375;11.1399999718742;1115;100 mA;
87.5519147789527;0.450714111328125;0.002154541015625;11.149999971849;1116;100 mA;
87.5619147789274;0.450592041015625;0.00223236083984375;11.1599999718237;1117;100 mA;
87.5719147789022;0.45068359375;0.0021441650390625;11.1699999717985;1118;100 mA;
87.5819147788769;0.450714111328125;0.002242431640625;11.1799999717732;1119;100 mA;
87.5919147788517;0.45068359375;0.002125244140625;11.189999971748;1120;100 mA;
87.6019147788264;0.45062255859375;0.00225372314453125;11.1999999717227;1121;100 mA;
87.6119147788012;0.45068359375;0.00215545654296875;11.2099999716975;1122;100 mA;
87.6219147787759;0.45062255859375;0.00221435546875;11.2199999716722;1123;100 mA;
87.6319147787507;0.45068359375;0.00216949462890625;11.229999971647;1124;100 mA;
87.6419147787254;0.45074462890625;0.00217193603515625;11.2399999716217;1125;100 mA;
87.6519147787002;0.450836181640625;0.0022100830078125;11.2499999715965;1126;100 mA;
87.6619147786749;0.450653076171875;0.002127685546875;11.2599999715712;1127;100 mA;
87.6719147786497;0.4505615234375;0.0022198486328125;11.269999971546;1128;100 mA;
87.6819147786244;0.450592041015625;0.0021173095703125;11.2799999715207;1129;100 mA;
87.6919147785992;0.45068359375;0.00218353271484375;11.2899999714955;1130;100 mA;
87.701914778574;0.450653076171875;0.00209747314453125;11.2999999714702;1131;100 mA;
87.7119147785487;0.45050048828125;0.00220947265625;11.309999971445;1132;100 mA;
87.7219147785235;0.450714111328125;0.00212615966796875;11.3199999714197;1133;100 mA;
87.7319147784982;0.450714111328125;0.00218475341796875;11.3299999713945;1134;100 mA;
87.741914778473;0.45074462890625;0.00214385986328125;11.3399999713693;1135;100 mA;
87.7519147784477;0.450653076171875;0.00219818115234375;11.349999971344;1136;100 mA;
87.7619147784225;0.4505615234375;0.00216033935546875;11.3599999713188;1137;100 mA;
87.7719147783972;0.4505615234375;0.00217071533203125;11.3699999712935;1138;100 mA;
87.781914778372;0.450775146484375;0.0021807861328125;11.3799999712683;1139;100 mA;
87.7919147783467;0.450836181640625;0.002105712890625;11.389999971243;1140;100 mA;
87.8019147783215;0.450592041015625;0.0022247314453125;11.3999999712178;1141;100 mA;
87.8119147782962;0.450653076171875;0.0020989990234375;11.4099999711925;1142;100 mA;
87.821914778271;0.45074462890625;0.00221588134765625;11.4199999711673;1143;100 mA;
87.8319147782457;0.4508056640625;0.002081298828125;11.429999971142;1144;100 mA;
87.8419147782205;0.450592041015625;0.00220703125;11.4399999711168;1145;100 mA;
87.8519147781952;0.450653076171875;0.00214111328125;11.4499999710915;1146;100 mA;
87.86191477817;0.4508056640625;0.00215087890625;11.4599999710663;1147;100 mA;
87.8719147781447;0.450775146484375;0.00215972900390625;11.469999971041;1148;100 mA;
87.8819147781195;0.450714111328125;0.0021234130859375;11.4799999710158;1149;100 mA;
87.8919147780942;0.450531005859375;0.0021783447265625;11.4899999709905;1150;100 mA;
87.901914778069;0.4505615234375;0.0021173095703125;11.4999999709653;1151;100 mA;
87.9119147780438;0.450714111328125;0.002176513671875;11.50999997094;1152;100 mA;
87.9219147780185;0.450775146484375;0.00210052490234375;11.5199999709148;1153;100 mA;
87.9319147779933;0.450714111328125;0.00219146728515625;11.5299999708895;1154;100 mA;
87.941914777968;0.450592041015625;0.00209930419921875;11.5399999708643;1155;100 mA;
87.9519147779428;0.450531005859375;0.0022393798828125;11.5499999708391;1156;100 mA;
87.9619147779175;0.45074462890625;0.002105712890625;11.5599999708138;1157;100 mA;
87.9719147778923;0.45050048828125;0.002198486328125;11.5699999707886;1158;100 mA;
87.981914777867;0.450592041015625;0.00212066650390625;11.5799999707633;1159;100 mA;
87.9919147778418;0.4505615234375;0.00216705322265625;11.5899999707381;1160;100 mA;
88.0019147778165;0.450714111328125;0.002135009765625;11.5999999707128;1161;100 mA;
88.0119147777913;0.45074462890625;0.00211090087890625;11.6099999706876;1162;100 mA;
88.021914777766;0.45062255859375;0.0021624755859375;11.6199999706623;1163;100 mA;
88.0319147777408;0.45050048828125;0.00207000732421875;11.6299999706371;1164;100 mA;
88.0419147777155;0.450592041015625;0.0021612548828125;11.6399999706118;1165;100 mA;
88.0519147776903;0.450653076171875;0.0020770263671875;11.6499999705866;1166;100 mA;
88.061914777665;0.450714111328125;0.00215576171875;11.6599999705613;1167;100 mA;
88.0719147776398;0.45068359375;0.00205322265625;11.6699999705361;1168;100 mA;
88.0819147776145;0.450653076171875;0.002164306640625;11.6799999705108;1169;100 mA;
88.0919147775893;0.45074462890625;0.0020947265625;11.6899999704856;1170;100 mA;
88.101914777564;0.45074462890625;0.00213409423828125;11.6999999704603;1171;100 mA;
88.1119147775388;0.45062255859375;0.00209442138671875;11.7099999704351;1172;100 mA;
88.1219147775136;0.4505615234375;0.00209625244140625;11.7199999704098;1173;100 mA;
88.1319147774883;0.450653076171875;0.00212677001953125;11.7299999703846;1174;100 mA;
88.1419147774631;0.450836181640625;0.00206817626953125;11.7399999703593;1175;100 mA;
88.1519147774378;0.45074462890625;0.00217498779296875;11.7499999703341;1176;100 mA;
88.1619147774126;0.450653076171875;0.0020684814453125;11.7599999703089;1177;100 mA;
88.1719147773873;0.450653076171875;0.00217926025390625;11.7699999702836;1178;100 mA;
88.1819147773621;0.4505615234375;0.00208251953125;11.7799999702584;1179;100 mA;
88.1919147773368;0.45062255859375;0.00217742919921875;11.7899999702331;1180;100 mA;
88.2019147773116;0.4505615234375;0.002091064453125;11.7999999702079;1181;100 mA;
88.2119147772863;0.450653076171875;0.002152099609375;11.8099999701826;1182;100 mA;
88.2219147772611;0.45068359375;0.0020965576171875;11.8199999701574;1183;100 mA;
88.2319147772358;0.450653076171875;0.00213348388671875;11.8299999701321;1184;100 mA;
88.2419147772106;0.450653076171875;0.00209259033203125;11.8399999701069;1185;100 mA;
88.2519147771853;0.450531005859375;0.00209320068359375;11.8499999700816;1186;100 mA;
88.2619147771601;0.45062255859375;0.00210357666015625;11.8599999700564;1187;100 mA;
88.2719147771348;0.45074462890625;0.00203643798828125;11.8699999700311;1188;100 mA;
88.2819147771096;0.450592041015625;0.00212371826171875;11.8799999700059;1189;100 mA;
88.2919147770843;0.45068359375;0.00204132080078125;11.8899999699806;1190;100 mA;
88.3019147770591;0.45068359375;0.00216705322265625;11.8999999699554;1191;100 mA;
88.3119147770338;0.45068359375;0.00204833984375;11.9099999699301;1192;100 mA;
88.3219147770086;0.450653076171875;0.00217437744140625;11.9199999699049;1193;100 mA;
88.3319147769834;0.45062255859375;0.00207244873046875;11.9299999698796;1194;100 mA;
88.3419147769581;0.45068359375;0.002099609375;11.9399999698544;1195;100 mA;
88.3519147769329;0.45068359375;0.00208587646484375;11.9499999698292;1196;100 mA;
88.3619147769076;0.450836181640625;0.0020672607421875;11.9599999698039;1197;100 mA;
88.3719147768824;0.45068359375;0.00213348388671875;11.9699999697787;1198;100 mA;
88.3819147768571;0.450592041015625;0.00206756591796875;11.9799999697534;1199;100 mA;
88.3919147768319;0.450592041015625;0.002156982421875;11.9899999697282;1200;100 mA;
88.4019147768066;0.450592041015625;0.00208282470703125;11.9999999697029;1201;100 mA;
88.4119147767814;0.45074462890625;0.0021453857421875;12.0099999696777;1202;100 mA;
88.4219147767561;0.450653076171875;0.0020745849609375;12.0199999696524;1203;100 mA;
88.4319147767309;0.450592041015625;0.00217437744140625;12.0299999696272;1204;100 mA;
88.4419147767056;0.450775146484375;0.0020587158203125;12.0399999696019;1205;100 mA;
88.4519147766804;0.450714111328125;0.0021600341796875;12.0499999695767;1206;100 mA;
88.4619147766551;0.450653076171875;0.002080078125;12.0599999695514;1207;100 mA;
88.4719147766299;0.45050048828125;0.00215057373046875;12.0699999695262;1208;100 mA;
88.4819147766046;0.450592041015625;0.002108154296875;12.0799999695009;1209;100 mA;
88.4919147765794;0.45068359375;0.0021307373046875;12.0899999694757;1210;100 mA;
88.5019147765541;0.450775146484375;0.0021673583984375;12.0999999694504;1211;100 mA;
88.5119147765289;0.45074462890625;0.00210113525390625;12.1099999694252;1212;100 mA;
88.5219147765036;0.4505615234375;0.0022222900390625;12.1199999693999;1213;100 mA;
88.5319147764784;0.45062255859375;0.002091064453125;12.1299999693747;1214;100 mA;
88.5419147764532;0.45068359375;0.0022113037109375;12.1399999693494;1215;100 mA;
88.5519147764279;0.450775146484375;0.00208740234375;12.1499999693242;1216;100 mA;
88.5619147764027;0.450653076171875;0.002186279296875;12.159999969299;1217;100 mA;
88.5719147763774;0.45062255859375;0.002122802734375;12.1699999692737;1218;100 mA;
88.5819147763522;0.450836181640625;0.00215789794921875;12.1799999692485;1219;100 mA;
88.5919147763269;0.450836181640625;0.0021185302734375;12.1899999692232;1220;100 mA;
88.6019147763017;0.450592041015625;0.00213470458984375;12.199999969198;1221;100 mA;
88.6119147762764;0.4505615234375;0.00216094970703125;12.2099999691727;1222;100 mA;
88.6219147762512;0.45062255859375;0.00213775634765625;12.2199999691475;1223;100 mA;
88.6319147762259;0.450775146484375;0.00217193603515625;12.2299999691222;1224;100 mA;
88.6419147762007;0.4508056640625;0.00209869384765625;12.239999969097;1225;100 mA;
88.6519147761754;0.450714111328125;0.00219818115234375;12.2499999690717;1226;100 mA;
88.6619147761502;0.4505615234375;0.0020977783203125;12.2599999690465;1227;100 mA;
88.6719147761249;0.4505615234375;0.00222137451171875;12.2699999690212;1228;100 mA;
88.6819147760997;0.450653076171875;0.0020867919921875;12.279999968996;1229;100 mA;
88.6919147760744;0.45050048828125;0.002169189453125;12.2899999689707;1230;100 mA;
88.7019147760492;0.450531005859375;0.00211639404296875;12.2999999689455;1231;100 mA;
88.7119147760239;0.450653076171875;0.00216461181640625;12.3099999689202;1232;100 mA;
88.7219147759987;0.450775146484375;0.0021337890625;12.319999968895;1233;100 mA;
88.7319147759735;0.45068359375;0.00211517333984375;12.3299999688697;1234;100 mA;
88.7419147759482;0.450592041015625;0.002132568359375;12.3399999688445;1235;100 mA;
88.751914775923;0.4505615234375;0.002103271484375;12.3499999688192;1236;100 mA;
88.7619147758977;0.450653076171875;0.002174072265625;12.359999968794;1237;100 mA;
88.7719147758725;0.450714111328125;0.00206085205078125;12.3699999687688;1238;100 mA;
88.7819147758472;0.450714111328125;0.00217742919921875;12.3799999687435;1239;100 mA;
88.791914775822;0.450775146484375;0.0020574951171875;12.3899999687183;1240;100 mA;
88.8019147757967;0.450653076171875;0.0022052001953125;12.399999968693;1241;100 mA;
88.8119147757715;0.450775146484375;0.00211273193359375;12.4099999686678;1242;100 mA;
88.8219147757462;0.450653076171875;0.00216888427734375;12.4199999686425;1243;100 mA;
88.831914775721;0.450592041015625;0.002120361328125;12.4299999686173;1244;100 mA;
88.8419147756957;0.45074462890625;0.00211578369140625;12.439999968592;1245;100 mA;
88.8519147756705;0.45068359375;0.00217437744140625;12.4499999685668;1246;100 mA;
88.8619147756452;0.45086669921875;0.002103271484375;12.4599999685415;1247;100 mA;
88.87191477562;0.45062255859375;0.00220977783203125;12.4699999685163;1248;100 mA;
88.8819147755947;0.45068359375;0.00208526611328125;12.479999968491;1249;100 mA;
88.8919147755695;0.450714111328125;0.0021844482421875;12.4899999684658;1250;100 mA;
88.9019147755442;0.45062255859375;0.00207427978515625;12.4999999684405;1251;100 mA;
88.911914775519;0.4505615234375;0.0021893310546875;12.5099999684153;1252;100 mA;
88.9219147754937;0.450592041015625;0.00209259033203125;12.51999996839;1253;100 mA;
88.9319147754685;0.45074462890625;0.00215301513671875;12.5299999683648;1254;100 mA;
88.9419147754433;0.450714111328125;0.002093505859375;12.5399999683395;1255;100 mA;
88.951914775418;0.450531005859375;0.00217864990234375;12.5499999683143;1256;100 mA;
88.9619147753928;0.45068359375;0.002125244140625;12.559999968289;1257;100 mA;
88.9719147753675;0.450531005859375;0.00212127685546875;12.5699999682638;1258;100 mA;
88.9819147753423;0.450653076171875;0.00214599609375;12.5799999682386;1259;100 mA;
88.991914775317;0.45086669921875;0.00206939697265625;12.5899999682133;1260;100 mA;
89.0019147752918;0.450653076171875;0.00218109130859375;12.5999999681881;1261;100 mA;
89.0119147752665;0.450714111328125;0.0020684814453125;12.6099999681628;1262;100 mA;
89.0219147752413;0.45068359375;0.00220245361328125;12.6199999681376;1263;100 mA;
89.031914775216;0.45074462890625;0.002061767578125;12.6299999681123;1264;100 mA;
89.0419147751908;0.450592041015625;0.0021826171875;12.6399999680871;1265;100 mA;
89.0519147751655;0.45062255859375;0.00210723876953125;12.6499999680618;1266;100 mA;
89.0619147751403;0.45068359375;0.0021466064453125;12.6599999680366;1267;100 mA;
89.071914775115;0.4508056640625;0.00212890625;12.6699999680113;1268;100 mA;
89.0819147750898;0.45086669921875;0.00210662841796875;12.6799999679861;1269;100 mA;
89.0919147750645;0.45068359375;0.00215667724609375;12.6899999679608;1270;100 mA;
89.1019147750393;0.4505615234375;0.002100830078125;12.6999999679356;1271;100 mA;
89.111914775014;0.450653076171875;0.00217498779296875;12.7099999679103;1272;100 mA;
89.1219147749888;0.45074462890625;0.00210052490234375;12.7199999678851;1273;100 mA;
89.1319147749635;0.450714111328125;0.00218414306640625;12.7299999678598;1274;100 mA;
89.1419147749383;0.450653076171875;0.00208892822265625;12.7399999678346;1275;100 mA;
89.1519147749131;0.4505615234375;0.00223846435546875;12.7499999678093;1276;100 mA;
89.1619147748878;0.45074462890625;0.0021221923828125;12.7599999677841;1277;100 mA;
89.1719147748626;0.45062255859375;0.00221160888671875;12.7699999677588;1278;100 mA;
89.1819147748373;0.450592041015625;0.0021453857421875;12.7799999677336;1279;100 mA;
89.1919147748121;0.45050048828125;0.0021917724609375;12.7899999677084;1280;100 mA;
89.2019147747868;0.45062255859375;0.0021734619140625;12.7999999676831;1281;100 mA;
89.2119147747616;0.45074462890625;0.0021502685546875;12.8099999676579;1282;100 mA;
89.2219147747363;0.450714111328125;0.00220733642578125;12.8199999676326;1283;100 mA;
89.2319147747111;0.450592041015625;0.00212615966796875;12.8299999676074;1284;100 mA;
89.2419147746858;0.4505615234375;0.00221099853515625;12.8399999675821;1285;100 mA;
89.2519147746606;0.45062255859375;0.0021319580078125;12.8499999675569;1286;100 mA;
89.2619147746353;0.4508056640625;0.00220550537109375;12.8599999675316;1287;100 mA;
89.2719147746101;0.450775146484375;0.002113037109375;12.8699999675064;1288;100 mA;
89.2819147745848;0.45068359375;0.00222259521484375;12.8799999674811;1289;100 mA;
89.2919147745596;0.450714111328125;0.002166748046875;12.8899999674559;1290;100 mA;
89.3019147745343;0.450836181640625;0.00220123291015625;12.8999999674306;1291;100 mA;
89.3119147745091;0.450653076171875;0.00217010498046875;12.9099999674054;1292;100 mA;
89.3219147744838;0.4505615234375;0.0021966552734375;12.9199999673801;1293;100 mA;
89.3319147744586;0.4505615234375;0.0022247314453125;12.9299999673549;1294;100 mA;
89.3419147744333;0.450714111328125;0.00215576171875;12.9399999673296;1295;100 mA;
89.3519147744081;0.450775146484375;0.0022607421875;12.9499999673044;1296;100 mA;
89.3619147743829;0.45086669921875;0.002154541015625;12.9599999672791;1297;100 mA;
89.3719147743576;0.4505615234375;0.00226409912109375;12.9699999672539;1298;100 mA;
89.3819147743324;0.450592041015625;0.0021514892578125;12.9799999672287;1299;100 mA;
89.3919147743071;0.450592041015625;0.00226165771484375;12.9899999672034;1300;100 mA;
89.4019147742819;0.45062255859375;0.00215972900390625;12.9999999671782;1301;100 mA;
89.4119147742566;0.4505615234375;0.00221832275390625;13.0099999671529;1302;100 mA;
89.4219147742314;0.450592041015625;0.0021685791015625;13.0199999671277;1303;100 mA;
89.4319147742061;0.45068359375;0.0021832275390625;13.0299999671024;1304;100 mA;
89.4419147741809;0.450775146484375;0.00215545654296875;13.0399999670772;1305;100 mA;
89.4519147741556;0.450592041015625;0.00215484619140625;13.0499999670519;1306;100 mA;
89.4619147741304;0.45062255859375;0.00216461181640625;13.0599999670267;1307;100 mA;
89.4719147741051;0.4505615234375;0.00211151123046875;13.0699999670014;1308;100 mA;
89.4819147740799;0.45068359375;0.002200927734375;13.0799999669762;1309;100 mA;
89.4919147740546;0.45074462890625;0.00211181640625;13.0899999669509;1310;100 mA;
89.5019147740294;0.45062255859375;0.002210693359375;13.0999999669257;1311;100 mA;
89.5119147740041;0.45068359375;0.00208953857421875;13.1099999669004;1312;100 mA;
89.5219147739789;0.450714111328125;0.002205810546875;13.1199999668752;1313;100 mA;
89.5319147739536;0.45062255859375;0.00211456298828125;13.1299999668499;1314;100 mA;
89.5419147739284;0.450653076171875;0.0021673583984375;13.1399999668247;1315;100 mA;
89.5519147739031;0.450592041015625;0.00215789794921875;13.1499999667994;1316;100 mA;
89.5619147738779;0.450775146484375;0.00215423583984375;13.1599999667742;1317;100 mA;
89.5719147738527;0.45074462890625;0.00220123291015625;13.1699999667489;1318;100 mA;
89.5819147738274;0.45074462890625;0.00215240478515625;13.1799999667237;1319;100 mA;
89.5919147738022;0.45068359375;0.002227783203125;13.1899999666985;1320;100 mA;
89.6019147737769;0.450592041015625;0.00216644287109375;13.1999999666732;1321;100 mA;
89.6119147737517;0.45074462890625;0.00223846435546875;13.209999966648;1322;100 mA;
89.6219147737264;0.450653076171875;0.00217559814453125;13.2199999666227;1323;100 mA;
89.6319147737012;0.450531005859375;0.00226226806640625;13.2299999665975;1324;100 mA;
89.6419147736759;0.450653076171875;0.00214385986328125;13.2399999665722;1325;100 mA;
89.6519147736507;0.45068359375;0.0022369384765625;13.249999966547;1326;100 mA;
89.6619147736254;0.45074462890625;0.00215301513671875;13.2599999665217;1327;100 mA;
89.6719147736002;0.45062255859375;0.00218994140625;13.2699999664965;1328;100 mA;
89.6819147735749;0.4505615234375;0.00214691162109375;13.2799999664712;1329;100 mA;
89.6919147735497;0.45050048828125;0.0021405029296875;13.289999966446;1330;100 mA;
89.7019147735244;0.45068359375;0.00216552734375;13.2999999664207;1331;100 mA;
89.7119147734992;0.45074462890625;0.0020977783203125;13.3099999663955;1332;100 mA;
89.7219147734739;0.450653076171875;0.0021929931640625;13.3199999663702;1333;100 mA;
89.7319147734487;0.45062255859375;0.00207427978515625;13.329999966345;1334;100 mA;
89.7419147734234;0.450653076171875;0.00218414306640625;13.3399999663197;1335;100 mA;
89.7519147733982;0.450714111328125;0.0020611572265625;13.3499999662945;1336;100 mA;
89.761914773373;0.45062255859375;0.00218841552734375;13.3599999662692;1337;100 mA;
89.7719147733477;0.45062255859375;0.0021246337890625;13.369999966244;1338;100 mA;
89.7819147733225;0.450714111328125;0.00218719482421875;13.3799999662187;1339;100 mA;
89.7919147732972;0.4508056640625;0.00217742919921875;13.3899999661935;1340;100 mA;
89.801914773272;0.450836181640625;0.002169189453125;13.3999999661683;1341;100 mA;
89.8119147732467;0.450653076171875;0.002208251953125;13.409999966143;1342;100 mA;
89.8219147732215;0.450531005859375;0.0021661376953125;13.4199999661178;1343;100 mA;
89.8319147731962;0.4505615234375;0.002205810546875;13.4299999660925;1344;100 mA;
89.841914773171;0.450775146484375;0.0021258544921875;13.4399999660673;1345;100 mA;
89.8519147731457;0.450714111328125;0.0022216796875;13.449999966042;1346;100 mA;
89.8619147731205;0.45062255859375;0.00212860107421875;13.4599999660168;1347;100 mA;
89.8719147730952;0.45062255859375;0.00224151611328125;13.4699999659915;1348;100 mA;
89.88191477307;0.45074462890625;0.002125244140625;13.4799999659663;1349;100 mA;
89.8919147730447;0.450653076171875;0.0021856689453125;13.489999965941;1350;100 mA;
89.9019147730195;0.45062255859375;0.002127685546875;13.4999999659158;1351;100 mA;
89.9119147729942;0.450469970703125;0.00217498779296875;13.5099999658905;1352;100 mA;
89.921914772969;0.45068359375;0.00213897705078125;13.5199999658653;1353;100 mA;
89.9319147729437;0.450775146484375;0.00212188720703125;13.52999996584;1354;100 mA;
89.9419147729185;0.45074462890625;0.00214324951171875;13.5399999658148;1355;100 mA;
89.9519147728932;0.4505615234375;0.00208984375;13.5499999657895;1356;100 mA;
89.961914772868;0.45062255859375;0.00215728759765625;13.5599999657643;1357;100 mA;
89.9719147728428;0.45062255859375;0.00208770751953125;13.569999965739;1358;100 mA;
89.9819147728175;0.45068359375;0.00216796875;13.5799999657138;1359;100 mA;
89.9919147727923;0.4508056640625;0.002049560546875;13.5899999656885;1360;100 mA;
90.001914772767;0.45068359375;0.002169189453125;13.5999999656633;1361;100 mA;
90.0119147727418;0.450714111328125;0.0020794677734375;13.6099999656381;1362;100 mA;
90.0219147727165;0.4508056640625;0.00214874267578125;13.6199999656128;1363;100 mA;
90.0319147726913;0.45068359375;0.0020977783203125;13.6299999655876;1364;100 mA;
90.041914772666;0.4505615234375;0.00210296630859375;13.6399999655623;1365;100 mA;
90.0519147726408;0.450592041015625;0.002149658203125;13.6499999655371;1366;100 mA;
90.0619147726155;0.4508056640625;0.00209930419921875;13.6599999655118;1367;100 mA;
90.0719147725903;0.45074462890625;0.002181396484375;13.6699999654866;1368;100 mA;
90.081914772565;0.45074462890625;0.0020947265625;13.6799999654613;1369;100 mA;
90.0919147725398;0.450714111328125;0.00218231201171875;13.6899999654361;1370;100 mA;
90.1019147725145;0.450531005859375;0.00207672119140625;13.6999999654108;1371;100 mA;
90.1119147724893;0.450592041015625;0.0021942138671875;13.7099999653856;1372;100 mA;
90.121914772464;0.45062255859375;0.0020806884765625;13.7199999653603;1373;100 mA;
90.1319147724388;0.450531005859375;0.00216278076171875;13.7299999653351;1374;100 mA;
90.1419147724135;0.45068359375;0.00210296630859375;13.7399999653098;1375;100 mA;
90.1519147723883;0.45068359375;0.00215606689453125;13.7499999652846;1376;100 mA;
90.161914772363;0.450714111328125;0.0021142578125;13.7599999652593;1377;100 mA;
90.1719147723378;0.45062255859375;0.002108154296875;13.7699999652341;1378;100 mA;
90.1819147723126;0.4505615234375;0.0021337890625;13.7799999652088;1379;100 mA;
90.1919147722873;0.450592041015625;0.002078857421875;13.7899999651836;1380;100 mA;
90.2019147722621;0.45068359375;0.00215240478515625;13.7999999651583;1381;100 mA;
90.2119147722368;0.450653076171875;0.0020440673828125;13.8099999651331;1382;100 mA;
90.2219147722116;0.450714111328125;0.00215057373046875;13.8199999651079;1383;100 mA;
90.2319147721863;0.450653076171875;0.0020172119140625;13.8299999650826;1384;100 mA;
90.2419147721611;0.450714111328125;0.00214263916015625;13.8399999650574;1385;100 mA;
90.2519147721358;0.45062255859375;0.0020574951171875;13.8499999650321;1386;100 mA;
90.2619147721106;0.45068359375;0.0021014404296875;13.8599999650069;1387;100 mA;
90.2719147720853;0.45062255859375;0.00208648681640625;13.8699999649816;1388;100 mA;
90.2819147720601;0.45074462890625;0.00207977294921875;13.8799999649564;1389;100 mA;
90.2919147720348;0.450775146484375;0.00212615966796875;13.8899999649311;1390;100 mA;
90.3019147720096;0.45074462890625;0.00207672119140625;13.8999999649059;1391;100 mA;
90.3119147719843;0.450531005859375;0.00216033935546875;13.9099999648806;1392;100 mA;
90.3219147719591;0.450592041015625;0.00209014892578125;13.9199999648554;1393;100 mA;
90.3319147719338;0.45062255859375;0.00216156005859375;13.9299999648301;1394;100 mA;
90.3419147719086;0.450653076171875;0.00207672119140625;13.9399999648049;1395;100 mA;
90.3519147718833;0.45050048828125;0.00218048095703125;13.9499999647796;1396;100 mA;
90.3619147718581;0.45068359375;0.0020697021484375;13.9599999647544;1397;100 mA;
90.3719147718328;0.450714111328125;0.00213897705078125;13.9699999647291;1398;100 mA;
90.3819147718076;0.45068359375;0.002066650390625;13.9799999647039;1399;100 mA;
90.3919147717824;0.450469970703125;0.00214111328125;13.9899999646786;1400;100 mA;
90.4019147717571;0.450469970703125;0.0021014404296875;13.9999999646534;1401;100 mA;
90.4119147717319;0.450469970703125;0.002115478515625;14.0099999646282;1402;100 mA;
90.4219147717066;0.45074462890625;0.00214935302734375;14.0199999646029;1403;100 mA;
90.4319147716814;0.450775146484375;0.00207794189453125;14.0299999645777;1404;100 mA;
90.4419147716561;0.45062255859375;0.0021826171875;14.0399999645524;1405;100 mA;
90.4519147716309;0.45062255859375;0.002059326171875;14.0499999645272;1406;100 mA;
90.4619147716056;0.450653076171875;0.0021728515625;14.0599999645019;1407;100 mA;
90.4719147715804;0.45074462890625;0.0020538330078125;14.0699999644767;1408;100 mA;
90.4819147715551;0.450592041015625;0.0021710205078125;14.0799999644514;1409;100 mA;
90.4919147715299;0.450653076171875;0.0020794677734375;14.0899999644262;1410;100 mA;
90.5019147715046;0.450714111328125;0.00213165283203125;14.0999999644009;1411;100 mA;
90.5119147714794;0.4508056640625;0.00210174560546875;14.1099999643757;1412;100 mA;
90.5219147714541;0.45074462890625;0.0020947265625;14.1199999643504;1413;100 mA;
90.5319147714289;0.4505615234375;0.0021173095703125;14.1299999643252;1414;100 mA;
90.5419147714036;0.450592041015625;0.0020611572265625;14.1399999642999;1415;100 mA;
90.5519147713784;0.4505615234375;0.00213775634765625;14.1499999642747;1416;100 mA;
90.5619147713531;0.4508056640625;0.00205047607421875;14.1599999642494;1417;100 mA;
90.5719147713279;0.450714111328125;0.002154541015625;14.1699999642242;1418;100 mA;
90.5819147713026;0.450592041015625;0.00205047607421875;14.1799999641989;1419;100 mA;
90.5919147712774;0.4505615234375;0.002156982421875;14.1899999641737;1420;100 mA;
90.6019147712522;0.450714111328125;0.002056884765625;14.1999999641484;1421;100 mA;
90.6119147712269;0.45062255859375;0.00212890625;14.2099999641232;1422;100 mA;
90.6219147712017;0.4505615234375;0.00208465576171875;14.219999964098;1423;100 mA;
90.6319147711764;0.45050048828125;0.0021221923828125;14.2299999640727;1424;100 mA;
90.6419147711512;0.450714111328125;0.00208953857421875;14.2399999640475;1425;100 mA;
90.6519147711259;0.45074462890625;0.00208465576171875;14.2499999640222;1426;100 mA;
90.6619147711007;0.45074462890625;0.00211029052734375;14.259999963997;1427;100 mA;
90.6719147710754;0.4505615234375;0.0020465087890625;14.2699999639717;1428;100 mA;
90.6819147710502;0.450531005859375;0.0021478271484375;14.2799999639465;1429;100 mA;
90.6919147710249;0.45068359375;0.00205047607421875;14.2899999639212;1430;100 mA;
90.7019147709997;0.45074462890625;0.0021600341796875;14.299999963896;1431;100 mA;
90.7119147709744;0.450714111328125;0.00204315185546875;14.3099999638707;1432;100 mA;
90.7219147709492;0.45074462890625;0.00218170166015625;14.3199999638455;1433;100 mA;
90.7319147709239;0.45074462890625;0.0020916748046875;14.3299999638202;1434;100 mA;
90.7419147708987;0.450775146484375;0.00216278076171875;14.339999963795;1435;100 mA;
90.7519147708734;0.45074462890625;0.0021307373046875;14.3499999637697;1436;100 mA;
90.7619147708482;0.4505615234375;0.0021478271484375;14.3599999637445;1437;100 mA;
90.7719147708229;0.45068359375;0.00219207763671875;14.3699999637192;1438;100 mA;
90.7819147707977;0.45074462890625;0.002113037109375;14.379999963694;1439;100 mA;
90.7919147707725;0.4508056640625;0.0022021484375;14.3899999636687;1440;100 mA;
90.8019147707472;0.45068359375;0.00211456298828125;14.3999999636435;1441;100 mA;
90.811914770722;0.45068359375;0.0021893310546875;14.4099999636182;1442;100 mA;
90.8219147706967;0.4505615234375;0.00211395263671875;14.419999963593;1443;100 mA;
90.8319147706715;0.450531005859375;0.002186279296875;14.4299999635678;1444;100 mA;
90.8419147706462;0.450592041015625;0.00207672119140625;14.4399999635425;1445;100 mA;
90.851914770621;0.450592041015625;0.0021380615234375;14.4499999635173;1446;100 mA;
90.8619147705957;0.450592041015625;0.0020806884765625;14.459999963492;1447;100 mA;
90.8719147705705;0.450714111328125;0.00212188720703125;14.4699999634668;1448;100 mA;
90.8819147705452;0.450714111328125;0.00207000732421875;14.4799999634415;1449;100 mA;
90.89191477052;0.450531005859375;0.0020819091796875;14.4899999634163;1450;100 mA;
90.9019147704947;0.4505615234375;0.00210235595703125;14.499999963391;1451;100 mA;
90.9119147704695;0.45062255859375;0.00204986572265625;14.5099999633658;1452;100 mA;
90.9219147704442;0.4505615234375;0.00214447021484375;14.5199999633405;1453;100 mA;
90.931914770419;0.450714111328125;0.00203704833984375;14.5299999633153;1454;100 mA;
90.9419147703937;0.45068359375;0.00214874267578125;14.53999996329;1455;100 mA;
90.9519147703685;0.45062255859375;0.00199981689453125;14.5499999632648;1456;100 mA;
90.9619147703432;0.450714111328125;0.0021234130859375;14.5599999632395;1457;100 mA;
90.971914770318;0.45062255859375;0.0020587158203125;14.5699999632143;1458;100 mA;
90.9819147702927;0.4505615234375;0.0021026611328125;14.579999963189;1459;100 mA;
90.9919147702675;0.450653076171875;0.002078857421875;14.5899999631638;1460;100 mA;
91.0019147702423;0.45074462890625;0.0020989990234375;14.5999999631385;1461;100 mA;
91.011914770217;0.450775146484375;0.0021270751953125;14.6099999631133;1462;100 mA;
91.0219147701918;0.450714111328125;0.00209564208984375;14.619999963088;1463;100 mA;
91.0319147701665;0.450592041015625;0.00214508056640625;14.6299999630628;1464;100 mA;
91.0419147701413;0.45062255859375;0.002061767578125;14.6399999630376;1465;100 mA;
91.051914770116;0.45062255859375;0.0021435546875;14.6499999630123;1466;100 mA;
91.0619147700908;0.450714111328125;0.00204315185546875;14.6599999629871;1467;100 mA;
91.0719147700655;0.450592041015625;0.00216644287109375;14.6699999629618;1468;100 mA;
91.0819147700403;0.45068359375;0.0020635986328125;14.6799999629366;1469;100 mA;
91.091914770015;0.450775146484375;0.002158203125;14.6899999629113;1470;100 mA;
91.1019147699898;0.450775146484375;0.00210052490234375;14.6999999628861;1471;100 mA;
91.1119147699645;0.45050048828125;0.00215301513671875;14.7099999628608;1472;100 mA;
91.1219147699393;0.450531005859375;0.00213592529296875;14.7199999628356;1473;100 mA;
91.131914769914;0.450531005859375;0.00211761474609375;14.7299999628103;1474;100 mA;
91.1419147698888;0.450775146484375;0.0021734619140625;14.7399999627851;1475;100 mA;
91.1519147698635;0.45074462890625;0.00210296630859375;14.7499999627598;1476;100 mA;
91.1619147698383;0.4505615234375;0.00220977783203125;14.7599999627346;1477;100 mA;
91.171914769813;0.45068359375;0.00210479736328125;14.7699999627093;1478;100 mA;
91.1819147697878;0.45068359375;0.00221099853515625;14.7799999626841;1479;100 mA;
91.1919147697625;0.45074462890625;0.00210174560546875;14.7899999626588;1480;100 mA;
91.2019147697373;0.450653076171875;0.00221282958984375;14.7999999626336;1481;100 mA;
91.2119147697121;0.450592041015625;0.00213836669921875;14.8099999626083;1482;100 mA;
91.2219147696868;0.450775146484375;0.00221893310546875;14.8199999625831;1483;100 mA;
91.2319147696616;0.450775146484375;0.0021771240234375;14.8299999625578;1484;100 mA;
91.2419147696363;0.4508056640625;0.00220794677734375;14.8399999625326;1485;100 mA;
91.2519147696111;0.45062255859375;0.0022320556640625;14.8499999625074;1486;100 mA;
91.2619147695858;0.450531005859375;0.00220458984375;14.8599999624821;1487;100 mA;
91.2719147695606;0.450653076171875;0.002288818359375;14.8699999624569;1488;100 mA;
91.2819147695353;0.45074462890625;0.00217315673828125;14.8799999624316;1489;100 mA;
91.2919147695101;0.450714111328125;0.002298583984375;14.8899999624064;1490;100 mA;
91.3019147694848;0.45068359375;0.00218719482421875;14.8999999623811;1491;100 mA;
91.3119147694596;0.450531005859375;0.002294921875;14.9099999623559;1492;100 mA;
91.3219147694343;0.450714111328125;0.00221771240234375;14.9199999623306;1493;100 mA;
91.3319147694091;0.45062255859375;0.002247314453125;14.9299999623054;1494;100 mA;
91.3419147693838;0.450592041015625;0.0022198486328125;14.9399999622801;1495;100 mA;
91.3519147693586;0.450439453125;0.00225494384765625;14.9499999622549;1496;100 mA;
91.3619147693333;0.450714111328125;0.00220916748046875;14.9599999622296;1497;100 mA;
91.3719147693081;0.45074462890625;0.002218017578125;14.9699999622044;1498;100 mA;
91.3819147692828;0.45068359375;0.00222137451171875;14.9799999621791;1499;100 mA;
91.3919147692576;0.450531005859375;0.00216400146484375;14.9899999621539;1500;100 mA;
