Scan;Index;Time (s);WE(1).Potential (V);WE(1).Current (A)
4;8835;113.693097712953;0.00159301757812499;0.00548095703125
4;8836;113.705297712922;0.0041015625;0.00542297363281249
4;8837;113.717497712891;0.0065032958984375;0.00542602539062501
4;8838;113.72969771286;0.0089874267578125;0.005413818359375
4;8839;113.741897712829;0.01143798828125;0.0053863525390625
4;8840;113.754097712799;0.0139007568359375;0.00536499023437501
4;8841;113.766297712768;0.0163299560546875;0.00534667968749999
4;8842;113.778497712737;0.0188201904296875;0.0053436279296875
4;8843;113.790697712706;0.021258544921875;0.005328369140625
4;8844;113.802897712675;0.02374267578125;0.00531921386718751
4;8845;113.815097712645;0.0261993408203125;0.00530395507812501
4;8846;113.827297712614;0.0286529541015625;0.005267333984375
4;8847;113.839497712583;0.0310821533203125;0.00524291992187501
4;8848;113.851697712552;0.033538818359375;0.0052642822265625
4;8849;113.863897712521;0.03603515625;0.00522766113281251
4;8850;113.87609771249;0.0384674072265625;0.0052215576171875
4;8851;113.88829771246;0.040924072265625;0.005206298828125
4;8852;113.900497712429;0.043377685546875;0.00519409179687499
4;8853;113.912697712398;0.045867919921875;0.0051910400390625
4;8854;113.924897712367;0.0483001708984375;0.00517578125
4;8855;113.937097712336;0.050689697265625;0.00517883300781249
4;8856;113.949297712306;0.053192138671875;0.005157470703125
4;8857;113.961497712275;0.055633544921875;0.00513305664062499
4;8858;113.973697712244;0.058074951171875;0.0051116943359375
4;8859;113.985897712213;0.060577392578125;0.00508728027343749
4;8860;113.998097712182;0.063018798828125;0.00510559082031251
4;8861;114.010297712152;0.065399169921875;0.0050628662109375
4;8862;114.022497712121;0.06793212890625;0.005047607421875
4;8863;114.03469771209;0.07037353515625;0.00504455566406251
4;8864;114.046897712059;0.072845458984375;0.0050506591796875
4;8865;114.059097712028;0.0753173828125;0.00501098632812499
4;8866;114.071297711998;0.0777587890625;0.0050079345703125
4;8867;114.083497711967;0.08026123046875;0.0050018310546875
4;8868;114.095697711936;0.082672119140625;0.00499572753906249
4;8869;114.107897711905;0.085113525390625;0.0049713134765625
4;8870;114.120097711874;0.08758544921875;0.00494995117187499
4;8871;114.132297711844;0.090118408203125;0.0049560546875
4;8872;114.144497711813;0.092559814453125;0.00493774414062501
4;8873;114.156697711782;0.095001220703125;0.004925537109375
4;8874;114.168897711751;0.097442626953125;0.004913330078125
4;8875;114.18109771172;0.099884033203125;0.00490722656250001
4;8876;114.19329771169;0.102386474609375;0.00488891601562499
4;8877;114.205497711659;0.104766845703125;0.00487670898437501
4;8878;114.217697711628;0.1072998046875;0.00487060546875
4;8879;114.229897711597;0.109710693359375;0.00485839843749999
4;8880;114.242097711566;0.11212158203125;0.00484313964843749
4;8881;114.254297711536;0.114654541015625;0.00485839843749999
4;8882;114.266497711505;0.11712646484375;0.0048553466796875
4;8883;114.278697711474;0.11956787109375;0.00482177734375
4;8884;114.290897711443;0.121978759765625;0.00481262207031249
4;8885;114.303097711412;0.12445068359375;0.0048095703125
4;8886;114.315297711382;0.126953125;0.004779052734375
4;8887;114.327497711351;0.129425048828125;0.00476989746093751
4;8888;114.33969771132;0.1318359375;0.00475463867187501
4;8889;114.351897711289;0.13427734375;0.0047576904296875
4;8890;114.364097711258;0.136749267578125;0.004742431640625
4;8891;114.376297711228;0.13922119140625;0.0047271728515625
4;8892;114.388497711197;0.14166259765625;0.00473632812499999
4;8893;114.400697711166;0.144195556640625;0.00473632812499999
4;8894;114.412897711135;0.146575927734375;0.0047119140625
4;8895;114.425097711104;0.149017333984375;0.004718017578125
4;8896;114.437297711074;0.1514892578125;0.0046966552734375
4;8897;114.449497711043;0.15399169921875;0.0046661376953125
4;8898;114.461697711012;0.156402587890625;0.00466003417968749
4;8899;114.473897710981;0.158843994140625;0.00464782714843751
4;8900;114.48609771095;0.161285400390625;0.004638671875
4;8901;114.49829771092;0.163787841796875;0.00462646484375
4;8902;114.510497710889;0.16619873046875;0.004638671875
4;8903;114.522697710858;0.168731689453125;0.00461730957031251
4;8904;114.534897710827;0.171173095703125;0.0046112060546875
4;8905;114.547097710796;0.173614501953125;0.00463256835937501
4;8906;114.559297710766;0.17608642578125;0.004595947265625
4;8907;114.571497710735;0.17852783203125;0.0045745849609375
4;8908;114.583697710704;0.18096923828125;0.00455627441406251
4;8909;114.595897710673;0.1834716796875;0.00455322265624999
4;8910;114.608097710642;0.1859130859375;0.004534912109375
4;8911;114.620297710612;0.18841552734375;0.00452880859375
4;8912;114.632497710581;0.190826416015625;0.00451049804687501
4;8913;114.64469771055;0.193328857421875;0.00450439453125
4;8914;114.656897710519;0.195770263671875;0.00449523925781251
4;8915;114.669097710488;0.19818115234375;0.00451049804687501
4;8916;114.681297710458;0.200714111328125;0.00452270507812499
4;8917;114.693497710427;0.203125;0.0045013427734375
4;8918;114.705697710396;0.20556640625;0.00447998046875001
4;8919;114.717897710365;0.20806884765625;0.0044586181640625
4;8920;114.730097710334;0.210479736328125;0.0044586181640625
4;8921;114.742297710304;0.21295166015625;0.0044403076171875
4;8922;114.754497710273;0.2154541015625;0.0044281005859375
4;8923;114.766697710242;0.217864990234375;0.00443115234374999
4;8924;114.778897710211;0.2203369140625;0.0044097900390625
4;8925;114.79109771018;0.222747802734375;0.0043914794921875
4;8926;114.80329771015;0.225189208984375;0.00438537597656249
4;8927;114.815497710119;0.227691650390625;0.00438232421875
4;8928;114.827697710088;0.23016357421875;0.0043792724609375
4;8929;114.839897710057;0.232666015625;0.00437011718749999
4;8930;114.852097710026;0.2349853515625;0.00437316894531251
4;8931;114.864297709996;0.23748779296875;0.004351806640625
4;8932;114.876497709965;0.239959716796875;0.00434265136718751
4;8933;114.888697709934;0.242431640625;0.004315185546875
4;8934;114.900897709903;0.244903564453125;0.0043182373046875
4;8935;114.913097709872;0.24737548828125;0.00432739257812501
4;8936;114.925297709842;0.24981689453125;0.0042724609375
4;8937;114.937497709811;0.252227783203125;0.0042572021484375
4;8938;114.94969770978;0.254791259765625;0.00426330566406249
4;8939;114.961897709749;0.2572021484375;0.00424804687499999
4;8940;114.974097709718;0.2596435546875;0.00426025390625
4;8941;114.986297709688;0.262176513671875;0.0042388916015625
4;8942;114.998497709657;0.26458740234375;0.00424804687499999
4;8943;115.010697709626;0.26702880859375;0.004229736328125
4;8944;115.022897709595;0.269561767578125;0.00423583984375001
4;8945;115.035097709564;0.27191162109375;0.0042144775390625
4;8946;115.047297709533;0.2744140625;0.0042236328125
4;8947;115.059497709503;0.27685546875;0.00418701171874999
4;8948;115.071697709472;0.279327392578125;0.004180908203125
4;8949;115.083897709441;0.281768798828125;0.00419006347656251
4;8950;115.09609770941;0.284210205078125;0.00416259765625
4;8951;115.108297709379;0.286590576171875;0.0041778564453125
4;8952;115.120497709349;0.28912353515625;0.00415649414062499
4;8953;115.132697709318;0.291595458984375;0.00417480468750001
4;8954;115.144897709287;0.294036865234375;0.0041656494140625
4;8955;115.157097709256;0.296600341796875;0.00413818359375
4;8956;115.169297709225;0.298980712890625;0.0041473388671875
4;8957;115.181497709195;0.30145263671875;0.004168701171875
4;8958;115.193697709164;0.303863525390625;0.00412902832031251
4;8959;115.205897709133;0.306365966796875;0.0041046142578125
4;8960;115.218097709102;0.308837890625;0.00412902832031251
4;8961;115.230297709071;0.31121826171875;0.00408935546875
4;8962;115.242497709041;0.313751220703125;0.00409545898437499
4;8963;115.25469770901;0.316162109375;0.0040924072265625
4;8964;115.266897708979;0.31866455078125;0.00409851074218751
4;8965;115.279097708948;0.321075439453125;0.004071044921875
4;8966;115.291297708917;0.3236083984375;0.00408020019531249
4;8967;115.303497708887;0.326080322265625;0.0040771484375
4;8968;115.315697708856;0.3284912109375;0.004058837890625
4;8969;115.327897708825;0.33087158203125;0.00405273437500001
4;8970;115.340097708794;0.3333740234375;0.00404968261718749
4;8971;115.352297708763;0.3358154296875;0.00404968261718749
4;8972;115.364497708733;0.338348388671875;0.0040283203125
4;8973;115.376697708702;0.340789794921875;0.00400695800781251
4;8974;115.388897708671;0.34326171875;0.0040252685546875
4;8975;115.40109770864;0.34564208984375;0.0040252685546875
4;8976;115.413297708609;0.34820556640625;0.0039947509765625
4;8977;115.425497708579;0.3505859375;0.00400695800781251
4;8978;115.437697708548;0.35308837890625;0.00402221679687501
4;8979;115.449897708517;0.355499267578125;0.0040008544921875
4;8980;115.462097708486;0.35797119140625;0.00399169921875001
4;8981;115.474297708455;0.36041259765625;0.0039947509765625
4;8982;115.486497708425;0.362823486328125;0.00400390624999999
4;8983;115.498697708394;0.365325927734375;0.0039825439453125
4;8984;115.510897708363;0.367767333984375;0.0039794921875
4;8985;115.523097708332;0.37030029296875;0.0039703369140625
4;8986;115.535297708301;0.372772216796875;0.00396118164062501
4;8987;115.547497708271;0.375213623046875;0.00397338867187499
4;8988;115.55969770824;0.377655029296875;0.00397338867187499
4;8989;115.571897708209;0.38006591796875;0.0039703369140625
4;8990;115.584097708178;0.382568359375;0.0039642333984375
4;8991;115.596297708147;0.385009765625;0.003985595703125
4;8992;115.608497708117;0.38751220703125;0.00396118164062501
4;8993;115.620697708086;0.389923095703125;0.0039642333984375
4;8994;115.632897708055;0.39239501953125;0.00395812988281249
4;8995;115.645097708024;0.39483642578125;0.00395812988281249
4;8996;115.657297707993;0.397308349609375;0.0039337158203125
4;8997;115.669497707963;0.3997802734375;0.0039520263671875
4;8998;115.681697707932;0.4022216796875;0.0039398193359375
4;8999;115.693897707901;0.4046630859375;0.003936767578125
4;9000;115.70609770787;0.4071044921875;0.00390625
4;9001;115.718297707839;0.40960693359375;0.003924560546875
4;9002;115.730497707809;0.41204833984375;0.00394592285156251
4;9003;115.742697707778;0.41448974609375;0.0039337158203125
4;9004;115.754897707747;0.416961669921875;0.00390625
4;9005;115.767097707716;0.419403076171875;0.00391540527343751
4;9006;115.779297707685;0.421875;0.00391235351562499
4;9007;115.791497707655;0.42431640625;0.00389709472656249
4;9008;115.803697707624;0.426727294921875;0.00391540527343751
4;9009;115.815897707593;0.429290771484375;0.0038909912109375
4;9010;115.828097707562;0.431610107421875;0.00388488769531251
4;9011;115.840297707531;0.43414306640625;0.0038787841796875
4;9012;115.852497707501;0.4366455078125;0.0038909912109375
4;9013;115.86469770747;0.4390869140625;0.00390014648437501
4;9014;115.876897707439;0.4415283203125;0.00388488769531251
4;9015;115.889097707408;0.44403076171875;0.0038909912109375
4;9016;115.901297707377;0.446502685546875;0.00389404296875
4;9017;115.913497707347;0.44891357421875;0.0038787841796875
4;9018;115.925697707316;0.451416015625;0.0038604736328125
4;9019;115.937897707285;0.453826904296875;0.00388488769531251
4;9020;115.950097707254;0.456268310546875;0.00389404296875
4;9021;115.962297707223;0.458740234375;0.00389709472656249
4;9022;115.974497707193;0.461181640625;0.003887939453125
4;9023;115.986697707162;0.463653564453125;0.0039031982421875
4;9024;115.998897707131;0.46612548828125;0.00391235351562499
4;9025;116.0110977071;0.46856689453125;0.00390625
4;9026;116.023297707069;0.471038818359375;0.00391235351562499
4;9027;116.035497707039;0.4735107421875;0.0038909912109375
4;9028;116.047697707008;0.4759521484375;0.0039093017578125
4;9029;116.059897706977;0.478424072265625;0.00391235351562499
4;9030;116.072097706946;0.480865478515625;0.003924560546875
4;9031;116.084297706915;0.483306884765625;0.0039642333984375
4;9032;116.096497706885;0.485748291015625;0.0039093017578125
4;9033;116.108697706854;0.488311767578125;0.003924560546875
4;9034;116.120897706823;0.490692138671875;0.00394592285156251
4;9035;116.133097706792;0.493194580078125;0.0039093017578125
4;9036;116.145297706761;0.495574951171875;0.00390625
4;9037;116.157497706731;0.498077392578125;0.0039093017578125
4;9038;116.1696977067;0.500518798828125;0.00391540527343751
4;9039;116.181897706669;0.50299072265625;0.0039215087890625
4;9040;116.194097706638;0.50543212890625;0.00393066406250001
4;9041;116.206297706607;0.507904052734375;0.00391235351562499
4;9042;116.218497706576;0.5103759765625;0.0039337158203125
4;9043;116.230697706546;0.5128173828125;0.00394592285156251
4;9044;116.242897706515;0.5152587890625;0.0039337158203125
4;9045;116.255097706484;0.517730712890625;0.00394287109374999
4;9046;116.267297706453;0.520233154296875;0.0039520263671875
4;9047;116.279497706422;0.5225830078125;0.003955078125
4;9048;116.291697706392;0.525115966796875;0.0039642333984375
4;9049;116.303897706361;0.527557373046875;0.00396728515625
4;9050;116.31609770633;0.530029296875;0.003948974609375
4;9051;116.328297706299;0.532440185546875;0.00395812988281249
4;9052;116.340497706268;0.534912109375;0.0039642333984375
4;9053;116.352697706238;0.537353515625;0.00397644042968751
4;9054;116.364897706207;0.53985595703125;0.00397644042968751
4;9055;116.377097706176;0.5423583984375;0.0039794921875
4;9056;116.389297706145;0.544708251953125;0.00400695800781251
4;9057;116.401497706114;0.54718017578125;0.00401611328125
4;9058;116.413697706084;0.549652099609375;0.0040008544921875
4;9059;116.425897706053;0.5521240234375;0.0040130615234375
4;9060;116.438097706022;0.55462646484375;0.00402221679687501
4;9061;116.450297705991;0.557037353515625;0.00403747558593751
4;9062;116.46249770596;0.559478759765625;0.00403442382812499
4;9063;116.47469770593;0.561981201171875;0.00402221679687501
4;9064;116.486897705899;0.564453125;0.00406494140624999
4;9065;116.499097705868;0.566864013671875;0.00411071777343749
4;9066;116.511297705837;0.5693359375;0.004107666015625
4;9067;116.523497705806;0.57183837890625;0.004132080078125
4;9068;116.535697705776;0.57427978515625;0.0041351318359375
4;9069;116.547897705745;0.576751708984375;0.004132080078125
4;9070;116.560097705714;0.5792236328125;0.004150390625
4;9071;116.572297705683;0.581634521484375;0.00416259765625
4;9072;116.584497705652;0.5841064453125;0.004180908203125
4;9073;116.596697705622;0.586578369140625;0.004193115234375
4;9074;116.608897705591;0.5889892578125;0.0042236328125
4;9075;116.62109770556;0.591461181640625;0.00421142578125
4;9076;116.633297705529;0.5938720703125;0.00422058105468751
4;9077;116.645497705498;0.596343994140625;0.00423583984375001
4;9078;116.657697705468;0.598785400390625;0.00425109863281251
4;9079;116.669897705437;0.60125732421875;0.0042877197265625
4;9080;116.682097705406;0.603790283203125;0.0042877197265625
4;9081;116.694297705375;0.606201171875;0.00430908203124999
4;9082;116.706497705344;0.608673095703125;0.004351806640625
4;9083;116.718697705314;0.61114501953125;0.004351806640625
4;9084;116.730897705283;0.61358642578125;0.004376220703125
4;9085;116.743097705252;0.615997314453125;0.00440368652343751
4;9086;116.755297705221;0.618560791015625;0.00443115234374999
4;9087;116.76749770519;0.620941162109375;0.0044586181640625
4;9088;116.77969770516;0.623382568359375;0.004473876953125
4;9089;116.791897705129;0.625946044921875;0.004498291015625
4;9090;116.804097705098;0.628326416015625;0.004534912109375
4;9091;116.816297705067;0.630767822265625;0.0045654296875
4;9092;116.828497705036;0.63330078125;0.00458984375
4;9093;116.840697705006;0.63568115234375;0.0046112060546875
4;9094;116.852897704975;0.63812255859375;0.0046539306640625
4;9095;116.865097704944;0.640625;0.00467834472656251
4;9096;116.877297704913;0.64306640625;0.0047027587890625
4;9097;116.889497704882;0.645538330078125;0.0047332763671875
4;9098;116.901697704852;0.64801025390625;0.00478515625000001
4;9099;116.913897704821;0.65045166015625;0.00482177734375
4;9100;116.92609770479;0.652923583984375;0.0048492431640625
4;9101;116.938297704759;0.655426025390625;0.00487670898437501
4;9102;116.950497704728;0.657806396484375;0.00492248535156251
4;9103;116.962697704698;0.660186767578125;0.0049591064453125
4;9104;116.974897704667;0.66265869140625;0.0049896240234375
4;9105;116.987097704636;0.665130615234375;0.00502929687500001
4;9106;116.999297704605;0.667633056640625;0.0050811767578125
4;9107;117.011497704574;0.67010498046875;0.005108642578125
4;9108;117.023697704544;0.672576904296875;0.005157470703125
4;9109;117.035897704513;0.67498779296875;0.0052154541015625
4;9110;117.048097704482;0.677490234375;0.00523986816406249
4;9111;117.060297704451;0.679901123046875;0.00528564453124999
4;9112;117.07249770442;0.682373046875;0.0053436279296875
4;9113;117.08469770439;0.684814453125;0.005389404296875
4;9114;117.096897704359;0.687286376953125;0.00545654296875001
4;9115;117.109097704328;0.68975830078125;0.00548400878906249
4;9116;117.121297704297;0.692230224609375;0.0055511474609375
4;9117;117.133497704266;0.694732666015625;0.0056182861328125
4;9118;117.145697704236;0.697113037109375;0.0056793212890625
4;9119;117.157897704205;0.6995849609375;0.00572509765625
4;9120;117.170097704174;0.702056884765625;0.00579223632812501
4;9121;117.182297704143;0.70452880859375;0.00584716796875
4;9122;117.194497704112;0.70697021484375;0.005908203125
4;9123;117.206697704082;0.70947265625;0.00595703124999999
4;9124;117.218897704051;0.711883544921875;0.0060272216796875
4;9125;117.23109770402;0.71435546875;0.00609436035156249
4;9126;117.243297703989;0.71685791015625;0.00616455078125
4;9127;117.255497703958;0.71923828125;0.00623168945312499
4;9128;117.267697703928;0.721649169921875;0.00629577636718751
4;9129;117.279897703897;0.724151611328125;0.00636901855468749
4;9130;117.292097703866;0.726654052734375;0.00643005371093749
4;9131;117.304297703835;0.729095458984375;0.006488037109375
4;9132;117.316497703804;0.73150634765625;0.00657043457031251
4;9133;117.328697703774;0.734039306640625;0.00662841796874999
4;9134;117.340897703743;0.736480712890625;0.0066986083984375
4;9135;117.353097703712;0.7388916015625;0.0067626953125
4;9136;117.365297703681;0.74139404296875;0.0068328857421875
4;9137;117.37749770365;0.74383544921875;0.00690612792968751
4;9138;117.38969770362;0.746307373046875;0.0069732666015625
4;9139;117.401897703589;0.748748779296875;0.0070343017578125
4;9140;117.414097703558;0.7513427734375;0.0071136474609375
4;9141;117.426297703527;0.75439453125;0.0071746826171875
4;9142;117.438497703496;0.7568359375;0.0072174072265625
4;9143;117.450697703465;0.75897216796875;0.0072906494140625
4;9144;117.462897703435;0.76141357421875;0.007354736328125
4;9145;117.475097703404;0.76416015625;0.00739440917968751
4;9146;117.487297703373;0.7659912109375;0.007464599609375
4;9147;117.499497703342;0.76904296875;0.00750732421875
4;9148;117.511697703311;0.77117919921875;0.0075531005859375
4;9149;117.523897703281;0.77392578125;0.00760498046874999
4;9150;117.53609770325;0.7757568359375;0.00767822265625
4;9151;117.548297703219;0.7781982421875;0.00771484375000001
4;9152;117.560497703188;0.78125;0.00774536132812501
4;9153;117.572697703157;0.7830810546875;0.007781982421875
4;9154;117.584897703127;0.78582763671875;0.00785217285156251
4;9155;117.597097703096;0.78826904296875;0.00787353515625
4;9156;117.609297703065;0.791015625;0.007904052734375
4;9157;117.621497703034;0.7928466796875;0.0079345703125
4;9158;117.633697703003;0.79559326171875;0.00795898437500001
4;9159;117.645897702973;0.79833984375;0.00798950195312501
4;9160;117.658097702942;0.80047607421875;0.008013916015625
4;9161;117.670297702911;0.80322265625;0.00803222656249999
4;9162;117.68249770288;0.80535888671875;0.00805053710937501
4;9163;117.694697702849;0.80780029296875;0.008056640625
4;9164;117.706897702819;0.81024169921875;0.00807800292968749
4;9165;117.719097702788;0.81298828125;0.0081024169921875
4;9166;117.731297702757;0.81512451171875;0.0080902099609375
4;9167;117.743497702726;0.81787109375;0.008087158203125
4;9168;117.755697702695;0.82061767578125;0.00811767578125
4;9169;117.767897702665;0.82275390625;0.00811767578125
4;9170;117.780097702634;0.8251953125;0.0081207275390625
4;9171;117.792297702603;0.82794189453125;0.0081207275390625
4;9172;117.804497702572;0.82977294921875;0.0081146240234375
4;9173;117.816697702541;0.83282470703125;0.00812683105468751
4;9174;117.828897702511;0.83465576171875;0.00810852050781249
4;9175;117.84109770248;0.8380126953125;0.0081146240234375
4;9176;117.853297702449;0.84014892578125;0.00810546875
4;9177;117.865497702418;0.84259033203125;0.00809326171874999
4;9178;117.877697702387;0.84503173828125;0.00809326171874999
4;9179;117.889897702357;0.84747314453125;0.0080902099609375
4;9180;117.902097702326;0.84991455078125;0.00809631347656251
4;9181;117.914297702295;0.85235595703125;0.0080841064453125
4;9182;117.926497702264;0.8544921875;0.00806884765625
4;9183;117.938697702233;0.8575439453125;0.0080718994140625
4;9184;117.950897702203;0.859375;0.00806579589843751
4;9185;117.963097702172;0.86181640625;0.008074951171875
4;9186;117.975297702141;0.86456298828125;0.008056640625
4;9187;117.98749770211;0.8673095703125;0.00804443359375
4;9188;117.999697702079;0.86944580078125;0.00804443359375
4;9189;118.011897702049;0.8721923828125;0.00804748535156249
4;9190;118.024097702018;0.8746337890625;0.0080291748046875
4;9191;118.036297701987;0.87677001953125;0.0080230712890625
4;9192;118.048497701956;0.8795166015625;0.00801696777343749
4;9193;118.060697701925;0.8819580078125;0.00800170898437499
4;9194;118.072897701895;0.88409423828125;0.0079986572265625
4;9195;118.085097701864;0.88623046875;0.00798645019531249
4;9196;118.097297701833;0.88897705078125;0.0079681396484375
4;9197;118.109497701802;0.89202880859375;0.00794372558593751
4;9198;118.121697701771;0.89447021484375;0.00794677734375
4;9199;118.133897701741;0.89691162109375;0.00794677734375
4;9200;118.14609770171;0.8990478515625;0.0079345703125
4;9201;118.158297701679;0.9014892578125;0.00794372558593751
4;9202;118.170497701648;0.9039306640625;0.0079345703125
4;9203;118.182697701617;0.906982421875;0.00792846679687501
4;9204;118.194897701587;0.90911865234375;0.00792236328125
4;9205;118.207097701556;0.91156005859375;0.00789489746093749
4;9206;118.219297701525;0.91400146484375;0.007904052734375
4;9207;118.231497701494;0.916748046875;0.00789489746093749
4;9208;118.243697701463;0.91949462890625;0.007861328125
4;9209;118.255897701433;0.9210205078125;0.00785217285156251
4;9210;118.268097701402;0.92376708984375;0.00785217285156251
4;9211;118.280297701371;0.92620849609375;0.0078460693359375
4;9212;118.29249770134;0.928955078125;0.0078155517578125
4;9213;118.304697701309;0.93109130859375;0.0078155517578125
4;9214;118.316897701279;0.93353271484375;0.0078460693359375
4;9215;118.329097701248;0.93597412109375;0.0078277587890625
4;9216;118.341297701217;0.9381103515625;0.007781982421875
4;9217;118.353497701186;0.94085693359375;0.007781982421875
4;9218;118.365697701155;0.94268798828125;0.007781982421875
4;9219;118.377897701125;0.94573974609375;0.00776062011718751
4;9220;118.390097701094;0.9478759765625;0.00775146484375
4;9221;118.402297701063;0.95062255859375;0.0077484130859375
4;9222;118.414497701032;0.95306396484375;0.007733154296875
4;9223;118.426697701001;0.9552001953125;0.00771179199218749
4;9224;118.438897700971;0.9576416015625;0.00770263671875
4;9225;118.45109770094;0.96038818359375;0.007708740234375
4;9226;118.463297700909;0.96282958984375;0.0076934814453125
4;9227;118.475497700878;0.9649658203125;0.00768127441406249
4;9228;118.487697700847;0.96832275390625;0.0076934814453125
4;9229;118.499897700817;0.97015380859375;0.00766601562499999
4;9230;118.512097700786;0.97259521484375;0.00766906738281251
4;9231;118.524297700755;0.975341796875;0.00766906738281251
4;9232;118.536497700724;0.97747802734375;0.00765380859375001
4;9233;118.548697700693;0.9796142578125;0.0076416015625
4;9234;118.560897700663;0.982666015625;0.00762939453125
4;9235;118.573097700632;0.985107421875;0.00763549804687499
4;9236;118.585297700601;0.987548828125;0.00763549804687499
4;9237;118.59749770057;0.989990234375;0.007611083984375
4;9238;118.609697700539;0.992431640625;0.007598876953125
4;9239;118.621897700508;0.994873046875;0.0075958251953125
4;9240;118.634097700478;0.99700927734375;0.00758972167968749
4;9241;118.646297700447;1.0003662109375;0.00757446289062499
4;9242;118.658497700416;1.002197265625;0.007568359375
4;9243;118.670697700385;1.004638671875;0.00755615234375
4;9244;118.682897700354;1.007080078125;0.007550048828125
4;9245;118.695097700324;1.00982666015625;0.00754394531249999
4;9246;118.707297700293;1.011962890625;0.00753173828125001
4;9247;118.719497700262;1.01409912109375;0.00753173828125001
4;9248;118.731697700231;1.01715087890625;0.00751342773437499
4;9249;118.7438977002;1.01898193359375;0.00750732421875
4;9250;118.75609770017;1.021728515625;0.00750732421875
4;9251;118.768297700139;1.0235595703125;0.0074920654296875
4;9252;118.780497700108;1.0272216796875;0.00748596191406251
4;9253;118.792697700077;1.029052734375;0.00748596191406251
4;9254;118.804897700046;1.03179931640625;0.007489013671875
4;9255;118.817097700016;1.03424072265625;0.007476806640625
4;9256;118.829297699985;1.03668212890625;0.0074615478515625
4;9257;118.841497699954;1.03912353515625;0.0074493408203125
4;9258;118.853697699923;1.041259765625;0.0074462890625
4;9259;118.865897699892;1.043701171875;0.00743408203125
4;9260;118.878097699862;1.04644775390625;0.00742492675781251
4;9261;118.890297699831;1.0491943359375;0.0074310302734375
4;9262;118.9024976998;1.051025390625;0.0074127197265625
4;9263;118.914697699769;1.0540771484375;0.0074005126953125
4;9264;118.926897699738;1.0565185546875;0.00740966796875001
4;9265;118.939097699708;1.0589599609375;0.00739440917968751
4;9266;118.951297699677;1.06109619140625;0.0073822021484375
4;9267;118.963497699646;1.06353759765625;0.00736083984374999
4;9268;118.975697699615;1.06597900390625;0.00736389160156251
4;9269;118.987897699584;1.06903076171875;0.00734558105468749
4;9270;119.000097699554;1.0711669921875;0.00734863281250001
4;9271;119.012297699523;1.07330322265625;0.00734863281250001
4;9272;119.024497699492;1.07574462890625;0.00733642578125
4;9273;119.036697699461;1.07879638671875;0.0073272705078125
4;9274;119.04889769943;1.0809326171875;0.00730285644531251
4;9275;119.0610976994;1.0833740234375;0.007305908203125
4;9276;119.073297699369;1.0858154296875;0.0073089599609375
4;9277;119.085497699338;1.0882568359375;0.0072967529296875
4;9278;119.097697699307;1.09039306640625;0.007275390625
4;9279;119.109897699276;1.09344482421875;0.0072784423828125
4;9280;119.122097699246;1.09588623046875;0.0072662353515625
4;9281;119.134297699215;1.0980224609375;0.00725708007812501
4;9282;119.146497699184;1.1004638671875;0.00725402832031249
4;9283;119.158697699153;1.1029052734375;0.007244873046875
4;9284;119.170897699122;1.10565185546875;0.007232666015625
4;9285;119.183097699092;1.1077880859375;0.00722351074218749
4;9286;119.195297699061;1.10992431640625;0.00721435546875
4;9287;119.20749769903;1.11297607421875;0.0072296142578125
4;9288;119.219697698999;1.1151123046875;0.00718994140625
4;9289;119.231897698968;1.11785888671875;0.00719299316406249
4;9290;119.244097698938;1.1199951171875;0.00717773437499999
4;9291;119.256297698907;1.12274169921875;0.0071868896484375
4;9292;119.268497698876;1.12548828125;0.00716552734375001
4;9293;119.280697698845;1.1279296875;0.007159423828125
4;9294;119.292897698814;1.13006591796875;0.0071441650390625
4;9295;119.305097698784;1.13250732421875;0.00712890625
4;9296;119.317297698753;1.1346435546875;0.0071258544921875
4;9297;119.329497698722;1.13739013671875;0.00713500976562501
4;9298;119.341697698691;1.13983154296875;0.00710449218750001
4;9299;119.35389769866;1.1419677734375;0.0071136474609375
4;9300;119.36609769863;1.1444091796875;0.00710449218750001
4;9301;119.378297698599;1.14715576171875;0.0071075439453125
4;9302;119.390497698568;1.14959716796875;0.007098388671875
4;9303;119.402697698537;1.15203857421875;0.0070831298828125
4;9304;119.414897698506;1.15478515625;0.0070770263671875
4;9305;119.427097698476;1.15753173828125;0.00707092285156249
4;9306;119.439297698445;1.15966796875;0.00705566406249999
4;9307;119.451497698414;1.1614990234375;0.00705871582031251
4;9308;119.463697698383;1.16424560546875;0.0070465087890625
4;9309;119.475897698352;1.1669921875;0.00701904296875
4;9310;119.488097698322;1.16973876953125;0.00702819824218751
4;9311;119.500297698291;1.17156982421875;0.00704345703125001
4;9312;119.51249769826;1.17431640625;0.00705566406249999
4;9313;119.524697698229;1.1773681640625;0.0070159912109375
4;9314;119.536897698198;1.1785888671875;0.0070220947265625
4;9315;119.549097698168;1.1810302734375;0.00701293945312501
4;9316;119.561297698137;1.18408203125;0.0069915771484375
4;9317;119.573497698106;1.18682861328125;0.0069854736328125
4;9318;119.585697698075;1.18896484375;0.00697937011718749
4;9319;119.597897698044;1.19140625;0.00697021484375
4;9320;119.610097698014;1.1932373046875;0.0069549560546875
4;9321;119.622297697983;1.1968994140625;0.00695190429687501
4;9322;119.634497697952;1.1993408203125;0.0069549560546875
4;9323;119.646697697921;1.201171875;0.0069549560546875
4;9324;119.65889769789;1.20361328125;0.006939697265625
4;9325;119.67109769786;1.2060546875;0.00696716308593751
4;9326;119.683297697829;1.20819091796875;0.0069427490234375
4;9327;119.695497697798;1.21063232421875;0.006939697265625
4;9328;119.707697697767;1.21429443359375;0.0069305419921875
4;9329;119.719897697736;1.21612548828125;0.00691833496093749
4;9330;119.732097697706;1.21856689453125;0.006915283203125
4;9331;119.744297697675;1.220703125;0.0069091796875
4;9332;119.756497697644;1.2237548828125;0.00690612792968751
4;9333;119.768697697613;1.22589111328125;0.0069122314453125
4;9334;119.780897697582;1.22833251953125;0.00690307617187499
4;9335;119.793097697552;1.23077392578125;0.0068939208984375
4;9336;119.805297697521;1.23382568359375;0.0069091796875
4;9337;119.81749769749;1.2353515625;0.00690307617187499
4;9338;119.829697697459;1.23779296875;0.00689697265625
4;9339;119.841897697428;1.24053955078125;0.006884765625
4;9340;119.854097697397;1.2432861328125;0.0068695068359375
4;9341;119.866297697367;1.2451171875;0.00687561035156251
4;9342;119.878497697336;1.24786376953125;0.0068817138671875
4;9343;119.890697697305;1.25030517578125;0.006866455078125
4;9344;119.902897697274;1.25274658203125;0.0068634033203125
4;9345;119.915097697243;1.25518798828125;0.00687561035156251
4;9346;119.927297697213;1.25732421875;0.00685729980468749
4;9347;119.939497697182;1.259765625;0.006854248046875
4;9348;119.951697697151;1.26312255859375;0.00687255859374999
4;9349;119.96389769712;1.2646484375;0.006866455078125
4;9350;119.976097697089;1.26739501953125;0.00684814453125
4;9351;119.988297697059;1.2701416015625;0.00685729980468749
4;9352;120.000497697028;1.2725830078125;0.006884765625
4;9353;120.012697696997;1.27471923828125;0.006854248046875
4;9354;120.024897696966;1.2774658203125;0.0068389892578125
4;9355;120.037097696935;1.2799072265625;0.0068389892578125
4;9356;120.049297696905;1.28204345703125;0.00685729980468749
4;9357;120.061497696874;1.2847900390625;0.00682678222656249
4;9358;120.073697696843;1.28753662109375;0.00682678222656249
4;9359;120.085897696812;1.28997802734375;0.006817626953125
4;9360;120.098097696781;1.2921142578125;0.0068328857421875
4;9361;120.110297696751;1.29486083984375;0.00681457519531251
4;9362;120.12249769672;1.29730224609375;0.0068206787109375
4;9363;120.134697696689;1.2994384765625;0.0068359375
4;9364;120.146897696658;1.30218505859375;0.006817626953125
4;9365;120.159097696627;1.30401611328125;0.0068023681640625
4;9366;120.171297696597;1.3067626953125;0.0068023681640625
4;9367;120.183497696566;1.3092041015625;0.00681152343749999
4;9368;120.195697696535;1.31195068359375;0.006817626953125
4;9369;120.207897696504;1.314697265625;0.006817626953125
4;9370;120.220097696473;1.317138671875;0.00684814453125
4;9371;120.232297696443;1.319580078125;0.00681152343749999
4;9372;120.244497696412;1.32171630859375;0.00681152343749999
4;9373;120.256697696381;1.32476806640625;0.0068359375
4;9374;120.26889769635;1.326904296875;0.00684204101562499
4;9375;120.281097696319;1.32904052734375;0.00684509277343751
4;9376;120.293297696289;1.33148193359375;0.0068328857421875
4;9377;120.305497696258;1.334228515625;0.00682373046875
4;9378;120.317697696227;1.3360595703125;0.00682678222656249
4;9379;120.329897696196;1.339111328125;0.00682373046875
4;9380;120.342097696165;1.34124755859375;0.006866455078125
4;9381;120.354297696135;1.34368896484375;0.00684814453125
4;9382;120.366497696104;1.3458251953125;0.00682678222656249
4;9383;120.378697696073;1.34918212890625;0.00685729980468749
4;9384;120.390897696042;1.35223388671875;0.00685729980468749
4;9385;120.403097696011;1.353759765625;0.00687255859374999
4;9386;120.415297695981;1.35650634765625;0.00688781738281249
4;9387;120.42749769595;1.35833740234375;0.006884765625
4;9388;120.439697695919;1.361083984375;0.00687561035156251
4;9389;120.451897695888;1.36383056640625;0.006878662109375
4;9390;120.464097695857;1.365966796875;0.0069000244140625
4;9391;120.476297695827;1.3677978515625;0.00690612792968751
4;9392;120.488497695796;1.37115478515625;0.00690612792968751
4;9393;120.500697695765;1.373291015625;0.00691833496093749
4;9394;120.512897695734;1.3751220703125;0.00695190429687501
4;9395;120.525097695703;1.378173828125;0.0069732666015625
4;9396;120.537297695673;1.380615234375;0.00694885253906249
4;9397;120.549497695642;1.383056640625;0.0069732666015625
4;9398;120.561697695611;1.38580322265625;0.00699462890624999
4;9399;120.57389769558;1.387939453125;0.0070037841796875
4;9400;120.586097695549;1.39007568359375;0.0070159912109375
4;9401;120.598297695519;1.39312744140625;0.00701904296875
4;9402;120.610497695488;1.39556884765625;0.00704345703125001
4;9403;120.622697695457;1.39801025390625;0.007049560546875
4;9404;120.634897695426;1.400146484375;0.00706787109375
4;9405;120.647097695395;1.402587890625;0.00709228515625
4;9406;120.659297695365;1.405029296875;0.0071075439453125
4;9407;120.671497695334;1.40777587890625;0.00710144042968749
4;9408;120.683697695303;1.41021728515625;0.00712890625
4;9409;120.695897695272;1.41265869140625;0.00716247558593749
4;9410;120.708097695241;1.41448974609375;0.00717773437499999
4;9411;120.720297695211;1.417236328125;0.00718994140625
4;9412;120.73249769518;1.419677734375;0.00721130371093751
4;9413;120.744697695149;1.42242431640625;0.00723876953124999
4;9414;120.756897695118;1.42486572265625;0.0072479248046875
4;9415;120.769097695087;1.42730712890625;0.00726928710937499
4;9416;120.781297695057;1.42913818359375;0.0073089599609375
4;9417;120.793497695026;1.43218994140625;0.00732421875
4;9418;120.805697694995;1.434326171875;0.00734863281250001
4;9419;120.817897694964;1.43768310546875;0.00739135742187499
4;9420;120.830097694933;1.43890380859375;0.0074432373046875
4;9421;120.842297694903;1.44195556640625;0.00748596191406251
4;9422;120.854497694872;1.44439697265625;0.0075225830078125
4;9423;120.866697694841;1.446533203125;0.0076751708984375
4;9424;120.87889769481;1.44927978515625;0.007611083984375
4;9425;120.891097694779;1.451416015625;0.00763549804687499
4;9426;120.903297694749;1.45477294921875;0.007672119140625
4;9427;120.915497694718;1.456298828125;0.0077392578125
4;9428;120.927697694687;1.45904541015625;0.00779113769531251
4;9429;120.939897694656;1.46209716796875;0.007830810546875
4;9430;120.952097694625;1.46453857421875;0.0079986572265625
4;9431;120.964297694595;1.46636962890625;0.007977294921875
4;9432;120.976497694564;1.46881103515625;0.00801696777343749
4;9433;120.988697694533;1.47186279296875;0.0081024169921875
4;9434;121.000897694502;1.47430419921875;0.00817260742187501
4;9435;121.013097694471;1.4764404296875;0.00823364257812501
4;9436;121.02529769444;1.4794921875;0.00832214355468749
4;9437;121.03749769441;1.4813232421875;0.00838623046875001
4;9438;121.049697694379;1.48406982421875;0.008465576171875
4;9439;121.061897694348;1.4862060546875;0.00855407714843751
4;9440;121.074097694317;1.48895263671875;0.008636474609375
4;9441;121.086297694286;1.49139404296875;0.00873718261718751
4;9442;121.098497694256;1.4935302734375;0.00884094238281249
4;9443;121.110697694225;1.4959716796875;0.00899658203125001
4;9444;121.122897694194;1.4984130859375;0.00910339355468751
4;9445;121.135097694163;1.4971923828125;0.0084075927734375
4;9446;121.147297694132;1.495361328125;0.0079681396484375
4;9447;121.159497694102;1.4923095703125;0.00760803222656251
4;9448;121.171697694071;1.490478515625;0.0072967529296875
4;9449;121.18389769404;1.4874267578125;0.007037353515625
4;9450;121.196097694009;1.48468017578125;0.006793212890625
4;9451;121.208297693978;1.48284912109375;0.00655517578125001
4;9452;121.220497693948;1.48040771484375;0.0063629150390625
4;9453;121.232697693917;1.47735595703125;0.006207275390625
4;9454;121.244897693886;1.4752197265625;0.005999755859375
4;9455;121.257097693855;1.47369384765625;0.00585021972656249
4;9456;121.269297693824;1.47064208984375;0.00569763183593749
4;9457;121.281497693794;1.46759033203125;0.0055572509765625
4;9458;121.293697693763;1.4654541015625;0.00542297363281249
4;9459;121.305897693732;1.46270751953125;0.00531005859375
4;9460;121.318097693701;1.46087646484375;0.00521240234375001
4;9461;121.33029769367;1.458740234375;0.00512084960937501
4;9462;121.34249769364;1.4556884765625;0.00499877929687501
4;9463;121.354697693609;1.45355224609375;0.0049163818359375
4;9464;121.366897693578;1.4508056640625;0.004833984375
4;9465;121.379097693547;1.448974609375;0.004742431640625
4;9466;121.391297693516;1.44561767578125;0.004656982421875
4;9467;121.403497693486;1.44378662109375;0.00457763671875
4;9468;121.415697693455;1.441650390625;0.00451049804687501
4;9469;121.427897693424;1.43890380859375;0.004443359375
4;9470;121.440097693393;1.43646240234375;0.00439453125
4;9471;121.452297693362;1.434326171875;0.0043304443359375
4;9472;121.464497693332;1.4312744140625;0.00427856445312499
4;9473;121.476697693301;1.429443359375;0.00421142578125
4;9474;121.48889769327;1.4263916015625;0.00417175292968749
4;9475;121.501097693239;1.424560546875;0.00411376953125001
4;9476;121.513297693208;1.4215087890625;0.004058837890625
4;9477;121.525497693178;1.4190673828125;0.00401611328125
4;9478;121.537697693147;1.4166259765625;0.0039703369140625
4;9479;121.549897693116;1.414794921875;0.0039398193359375
4;9480;121.562097693085;1.41204833984375;0.00389404296875
4;9481;121.574297693054;1.4093017578125;0.00385437011718751
4;9482;121.586497693024;1.40716552734375;0.003826904296875
4;9483;121.598697692993;1.40472412109375;0.00379638671875
4;9484;121.610897692962;1.40289306640625;0.0037506103515625
4;9485;121.623097692931;1.39984130859375;0.00373229980468751
4;9486;121.6352976929;1.3970947265625;0.003704833984375
4;9487;121.64749769287;1.395263671875;0.0036773681640625
4;9488;121.659697692839;1.39251708984375;0.003631591796875
4;9489;121.671897692808;1.39007568359375;0.00360107421875
4;9490;121.684097692777;1.387939453125;0.00357971191406251
4;9491;121.696297692746;1.38580322265625;0.003558349609375
4;9492;121.708497692716;1.383056640625;0.00352783203125
4;9493;121.720697692685;1.3800048828125;0.0037109375
4;9494;121.732897692654;1.378173828125;0.003509521484375
4;9495;121.745097692623;1.375732421875;0.00348815917968751
4;9496;121.757297692592;1.373291015625;0.00344238281250001
4;9497;121.769497692562;1.370849609375;0.00342407226562499
4;9498;121.781697692531;1.368408203125;0.00339660644531251
4;9499;121.7938976925;1.36627197265625;0.003375244140625
4;9500;121.806097692469;1.36322021484375;0.00335083007812501
4;9501;121.818297692438;1.3604736328125;0.0033294677734375
4;9502;121.830497692408;1.358642578125;0.00330505371093751
4;9503;121.842697692377;1.356201171875;0.00328979492187501
4;9504;121.854897692346;1.3543701171875;0.00327148437499999
4;9505;121.867097692315;1.35101318359375;0.0032470703125
4;9506;121.879297692284;1.348876953125;0.0032196044921875
4;9507;121.891497692254;1.346435546875;0.0032012939453125
4;9508;121.903697692223;1.343994140625;0.00318298339843751
4;9509;121.915897692192;1.34124755859375;0.0031768798828125
4;9510;121.928097692161;1.33880615234375;0.003155517578125
4;9511;121.94029769213;1.33636474609375;0.0031463623046875
4;9512;121.9524976921;1.334228515625;0.003131103515625
4;9513;121.964697692069;1.331787109375;0.00310668945312501
4;9514;121.976897692038;1.329345703125;0.00308837890624999
4;9515;121.989097692007;1.326904296875;0.0030792236328125
4;9516;122.001297691976;1.324462890625;0.00305786132812499
4;9517;122.013497691946;1.32171630859375;0.00303955078125
4;9518;122.025697691915;1.319580078125;0.0030181884765625
4;9519;122.037897691884;1.31744384765625;0.0030059814453125
4;9520;122.050097691853;1.31439208984375;0.00298156738281249
4;9521;122.062297691822;1.3116455078125;0.002972412109375
4;9522;122.074497691792;1.30950927734375;0.0029571533203125
4;9523;122.086697691761;1.30767822265625;0.0029449462890625
4;9524;122.09889769173;1.30462646484375;0.0029296875
4;9525;122.111097691699;1.30218505859375;0.00291748046875
4;9526;122.123297691668;1.300048828125;0.0029296875
4;9527;122.135497691638;1.297607421875;0.00290832519531251
4;9528;122.147697691607;1.29547119140625;0.002886962890625
4;9529;122.159897691576;1.29302978515625;0.0028717041015625
4;9530;122.172097691545;1.290283203125;0.00286254882812501
4;9531;122.184297691514;1.2884521484375;0.0028411865234375
4;9532;122.196497691484;1.28631591796875;0.00282897949218749
4;9533;122.208697691453;1.28326416015625;0.0028106689453125
4;9534;122.220897691422;1.2811279296875;0.00279846191406249
4;9535;122.233097691391;1.27838134765625;0.0027923583984375
4;9536;122.24529769136;1.27532958984375;0.002777099609375
4;9537;122.257497691329;1.27349853515625;0.00276794433593749
4;9538;122.269697691299;1.270751953125;0.0027496337890625
4;9539;122.281897691268;1.268310546875;0.00274047851562501
4;9540;122.294097691237;1.26617431640625;0.0027313232421875
4;9541;122.306297691206;1.263427734375;0.00272216796874999
4;9542;122.318497691175;1.26129150390625;0.0027130126953125
4;9543;122.330697691145;1.25823974609375;0.002703857421875
4;9544;122.342897691114;1.25640869140625;0.00269165039062499
4;9545;122.355097691083;1.25457763671875;0.00267333984375
4;9546;122.367297691052;1.2518310546875;0.00267639160156249
4;9547;122.379497691021;1.24908447265625;0.00281372070312499
4;9548;122.391697690991;1.24664306640625;0.002667236328125
4;9549;122.40389769096;1.2451171875;0.00264892578125001
4;9550;122.416097690929;1.24237060546875;0.00263671875
4;9551;122.428297690898;1.2396240234375;0.00263061523437499
4;9552;122.440497690867;1.2371826171875;0.0026123046875
4;9553;122.452697690837;1.2347412109375;0.0026092529296875
4;9554;122.464897690806;1.2322998046875;0.0025970458984375
4;9555;122.477097690775;1.2298583984375;0.00258483886718749
4;9556;122.489297690744;1.2274169921875;0.002581787109375
4;9557;122.501497690713;1.224365234375;0.00256958007812499
4;9558;122.513697690683;1.22222900390625;0.00255126953125
4;9559;122.525897690652;1.21978759765625;0.00254211425781251
4;9560;122.538097690621;1.2176513671875;0.002532958984375
4;9561;122.55029769059;1.214599609375;0.0025299072265625
4;9562;122.562497690559;1.21246337890625;0.00252685546875001
4;9563;122.574697690529;1.21063232421875;0.0025146484375
4;9564;122.586897690498;1.2078857421875;0.0024993896484375
4;9565;122.599097690467;1.2054443359375;0.00249633789062501
4;9566;122.611297690436;1.20269775390625;0.0024871826171875
4;9567;122.623497690405;1.20025634765625;0.00247802734374999
4;9568;122.635697690375;1.1981201171875;0.0024688720703125
4;9569;122.647897690344;1.1956787109375;0.00246276855468749
4;9570;122.660097690313;1.19354248046875;0.0024444580078125
4;9571;122.672297690282;1.19110107421875;0.0024444580078125
4;9572;122.684497690251;1.18804931640625;0.00243530273437501
4;9573;122.696697690221;1.1859130859375;0.002423095703125
4;9574;122.70889769019;1.1834716796875;0.0024139404296875
4;9575;122.721097690159;1.18072509765625;0.00242004394531251
4;9576;122.733297690128;1.1785888671875;0.0024139404296875
4;9577;122.745497690097;1.1761474609375;0.0023956298828125
4;9578;122.757697690067;1.1737060546875;0.0023834228515625
4;9579;122.769897690036;1.17095947265625;0.0023773193359375
4;9580;122.782097690005;1.16912841796875;0.0023681640625
4;9581;122.794297689974;1.16607666015625;0.0023651123046875
4;9582;122.806497689943;1.1639404296875;0.0023529052734375
4;9583;122.818697689913;1.16119384765625;0.00235595703124999
4;9584;122.830897689882;1.1590576171875;0.0023468017578125
4;9585;122.843097689851;1.1566162109375;0.00232543945312499
4;9586;122.85529768982;1.1541748046875;0.0023223876953125
4;9587;122.867497689789;1.1517333984375;0.0023223876953125
4;9588;122.879697689759;1.14959716796875;0.0023223876953125
4;9589;122.891897689728;1.14715576171875;0.002301025390625
4;9590;122.904097689697;1.1444091796875;0.00229492187499999
4;9591;122.916297689666;1.141357421875;0.00229492187499999
4;9592;122.928497689635;1.138916015625;0.0025054931640625
4;9593;122.940697689605;1.1370849609375;0.0023162841796875
4;9594;122.952897689574;1.13555908203125;0.00229797363281251
4;9595;122.965097689543;1.13250732421875;0.00227966308593749
4;9596;122.977297689512;1.13006591796875;0.0022613525390625
4;9597;122.989497689481;1.1279296875;0.0022613525390625
4;9598;123.001697689451;1.1248779296875;0.0022552490234375
4;9599;123.01389768942;1.12274169921875;0.00224914550781249
4;9600;123.026097689389;1.12030029296875;0.0022308349609375
4;9601;123.038297689358;1.1181640625;0.002227783203125
4;9602;123.050497689327;1.1151123046875;0.002227783203125
4;9603;123.062697689297;1.11297607421875;0.002215576171875
4;9604;123.074897689266;1.11053466796875;0.0022125244140625
4;9605;123.087097689235;1.1083984375;0.0022003173828125
4;9606;123.099297689204;1.10565185546875;0.002197265625
4;9607;123.111497689173;1.102294921875;0.00219116210937501
4;9608;123.123697689143;1.10107421875;0.00218505859375
4;9609;123.135897689112;1.09832763671875;0.00217590332031251
4;9610;123.148097689081;1.09619140625;0.002166748046875
4;9611;123.16029768905;1.09375;0.00215759277343749
4;9612;123.172497689019;1.09161376953125;0.0021514892578125
4;9613;123.184697688989;1.0882568359375;0.002166748046875
4;9614;123.196897688958;1.0858154296875;0.00214233398437499
4;9615;123.209097688927;1.08428955078125;0.0021331787109375
4;9616;123.221297688896;1.08154296875;0.00213623046875
4;9617;123.233497688865;1.07879638671875;0.00213623046875
4;9618;123.245697688835;1.07635498046875;0.00213012695312501
4;9619;123.257897688804;1.0748291015625;0.00211181640624999
4;9620;123.270097688773;1.07147216796875;0.0021087646484375
4;9621;123.282297688742;1.06903076171875;0.00209655761718749
4;9622;123.294497688711;1.06597900390625;0.0020904541015625
4;9623;123.306697688681;1.06475830078125;0.0020782470703125
4;9624;123.31889768865;1.0614013671875;0.00208129882812499
4;9625;123.331097688619;1.05865478515625;0.00206604003906249
4;9626;123.343297688588;1.05682373046875;0.002056884765625
4;9627;123.355497688557;1.0546875;0.002056884765625
4;9628;123.367697688527;1.05194091796875;0.0020477294921875
4;9629;123.379897688496;1.0498046875;0.0020416259765625
4;9630;123.392097688465;1.04766845703125;0.00202331542968751
4;9631;123.404297688434;1.04461669921875;0.00202026367187499
4;9632;123.416497688403;1.04217529296875;0.0020294189453125
4;9633;123.428697688372;1.0394287109375;0.00200805664062501
4;9634;123.440897688342;1.03790283203125;0.00200805664062501
4;9635;123.453097688311;1.03546142578125;0.0019866943359375
4;9636;123.46529768828;1.03240966796875;0.00198974609374999
4;9637;123.477497688249;1.03057861328125;0.001983642578125
4;9638;123.489697688218;1.02783203125;0.001983642578125
4;9639;123.501897688188;1.025390625;0.001971435546875
4;9640;123.514097688157;1.02264404296875;0.00196533203125
4;9641;123.526297688126;1.02020263671875;0.00195922851562499
4;9642;123.538497688095;1.01776123046875;0.00194702148437501
4;9643;123.550697688064;1.015625;0.00194396972656249
4;9644;123.562897688034;1.01287841796875;0.00193176269531251
4;9645;123.575097688003;1.0107421875;0.00193176269531251
4;9646;123.587297687972;1.00860595703125;0.001922607421875
4;9647;123.599497687941;1.005859375;0.001910400390625
4;9648;123.61169768791;1.00341796875;0.0019073486328125
4;9649;123.62389768788;1.00067138671875;0.00189819335937499
4;9650;123.636097687849;0.99853515625;0.00188293457031249
4;9651;123.648297687818;0.9967041015625;0.00188598632812501
4;9652;123.660497687787;0.99365234375;0.0018768310546875
4;9653;123.672697687756;0.9918212890625;0.001873779296875
4;9654;123.684897687726;0.98876953125;0.001873779296875
4;9655;123.697097687695;0.986328125;0.0018646240234375
4;9656;123.709297687664;0.98388671875;0.00185546875000001
4;9657;123.721497687633;0.98175048828125;0.001849365234375
4;9658;123.733697687602;0.97900390625;0.001849365234375
4;9659;123.745897687572;0.9765625;0.001849365234375
4;9660;123.758097687541;0.97412109375;0.0018310546875
4;9661;123.77029768751;0.9716796875;0.00182495117187501
4;9662;123.782497687479;0.9698486328125;0.001812744140625
4;9663;123.794697687448;0.966796875;0.0018035888671875
4;9664;123.806897687418;0.96405029296875;0.0017974853515625
4;9665;123.819097687387;0.9613037109375;0.00179138183593749
4;9666;123.831297687356;0.95947265625;0.00177917480468751
4;9667;123.843497687325;0.9576416015625;0.0017730712890625
4;9668;123.855697687294;0.9552001953125;0.0017669677734375
4;9669;123.867897687264;0.9527587890625;0.00177001953125
4;9670;123.880097687233;0.95001220703125;0.0017547607421875
4;9671;123.892297687202;0.9478759765625;0.0017425537109375
4;9672;123.904497687171;0.94512939453125;0.001739501953125
4;9673;123.91669768714;0.94207763671875;0.0017364501953125
4;9674;123.92889768711;0.9405517578125;0.00173034667968749
4;9675;123.941097687079;0.9381103515625;0.00171508789062499
4;9676;123.953297687048;0.9356689453125;0.00170288085937501
4;9677;123.965497687017;0.9326171875;0.00169982910156249
4;9678;123.977697686986;0.93109130859375;0.00169982910156249
4;9679;123.989897686956;0.92864990234375;0.00168457031249999
4;9680;124.002097686925;0.92559814453125;0.0016815185546875
4;9681;124.014297686894;0.9234619140625;0.00167236328125001
4;9682;124.026497686863;0.9210205078125;0.00165405273437499
4;9683;124.038697686832;0.9185791015625;0.00164794921875
4;9684;124.050897686802;0.91644287109375;0.00164184570312501
4;9685;124.063097686771;0.91400146484375;0.0016326904296875
4;9686;124.07529768674;0.9112548828125;0.00162353515624999
4;9687;124.087497686709;0.9088134765625;0.0016204833984375
4;9688;124.099697686678;0.9063720703125;0.00161132812500001
4;9689;124.111897686648;0.90423583984375;0.00159606933593751
4;9690;124.124097686617;0.90179443359375;0.0015869140625
4;9691;124.136297686586;0.89935302734375;0.00158081054687501
4;9692;124.148497686555;0.8966064453125;0.00158081054687501
4;9693;124.160697686524;0.8941650390625;0.00156555175781251
4;9694;124.172897686494;0.8917236328125;0.0015594482421875
4;9695;124.185097686463;0.88958740234375;0.0015533447265625
4;9696;124.197297686432;0.88653564453125;0.0015411376953125
4;9697;124.209497686401;0.8843994140625;0.00153503417968751
4;9698;124.22169768637;0.8819580078125;0.0015289306640625
4;9699;124.23389768634;0.87921142578125;0.00151977539062501
4;9700;124.246097686309;0.87738037109375;0.0015106201171875
4;9701;124.258297686278;0.87493896484375;0.0014984130859375
4;9702;124.270497686247;0.8721923828125;0.00148925781250001
4;9703;124.282697686216;0.870361328125;0.001483154296875
4;9704;124.294897686186;0.86700439453125;0.0014617919921875
4;9705;124.307097686155;0.86517333984375;0.00145263671875
4;9706;124.319297686124;0.86273193359375;0.001446533203125
4;9707;124.331497686093;0.86090087890625;0.001434326171875
4;9708;124.343697686062;0.8575439453125;0.0014190673828125
4;9709;124.355897686032;0.8551025390625;0.001416015625
4;9710;124.368097686001;0.8526611328125;0.0014007568359375
4;9711;124.38029768597;0.84991455078125;0.0013916015625
4;9712;124.392497685939;0.84747314453125;0.0013763427734375
4;9713;124.404697685908;0.8453369140625;0.00136413574218749
4;9714;124.416897685878;0.8428955078125;0.001361083984375
4;9715;124.429097685847;0.841064453125;0.00134887695312499
4;9716;124.441297685816;0.8380126953125;0.00133361816406249
4;9717;124.453497685785;0.83587646484375;0.00132141113281251
4;9718;124.465697685754;0.833740234375;0.00132141113281251
4;9719;124.477897685724;0.83099365234375;0.001324462890625
4;9720;124.490097685693;0.82855224609375;0.0012969970703125
4;9721;124.502297685662;0.8258056640625;0.0012847900390625
4;9722;124.514497685631;0.82305908203125;0.00127258300781249
4;9723;124.5266976856;0.821533203125;0.001263427734375
4;9724;124.53889768557;0.819091796875;0.001251220703125
4;9725;124.551097685539;0.81634521484375;0.001239013671875
4;9726;124.563297685508;0.81329345703125;0.0012237548828125
4;9727;124.575497685477;0.811767578125;0.001202392578125
4;9728;124.587697685446;0.80902099609375;0.001190185546875
4;9729;124.599897685415;0.8062744140625;0.00118103027343749
4;9730;124.612097685385;0.80413818359375;0.00116577148437499
4;9731;124.624297685354;0.8013916015625;0.00115356445312501
4;9732;124.636497685323;0.79925537109375;0.0011444091796875
4;9733;124.648697685292;0.79681396484375;0.0011260986328125
4;9734;124.660897685261;0.79376220703125;0.00111083984375
4;9735;124.673097685231;0.792236328125;0.0011016845703125
4;9736;124.6852976852;0.78887939453125;0.00108642578125
4;9737;124.697497685169;0.78704833984375;0.001068115234375
4;9738;124.709697685138;0.7843017578125;0.0010528564453125
4;9739;124.721897685107;0.782470703125;0.00104370117187499
4;9740;124.734097685077;0.780029296875;0.00102844238281249
4;9741;124.746297685046;0.77789306640625;0.00101318359374999
4;9742;124.758497685015;0.77484130859375;0.000997924804687494
4;9743;124.770697684984;0.77239990234375;0.000979614257812497
4;9744;124.782897684953;0.770263671875;0.000973510742187503
4;9745;124.795097684923;0.76751708984375;0.000955200195312506
4;9746;124.807297684892;0.76507568359375;0.000939941406250006
4;9747;124.819497684861;0.762939453125;0.000927734375000003
4;9748;124.83169768483;0.760498046875;0.000912475585937503
4;9749;124.843897684799;0.75836181640625;0.000897216796875003
4;9750;124.856097684769;0.75531005859375;0.000888061523437497
4;9751;124.868297684738;0.75347900390625;0.000872802734374997
4;9752;124.880497684707;0.750732421875;0.000851440429687503
4;9753;124.892697684676;0.74786376953125;0.0008392333984375
4;9754;124.904897684645;0.745391845703125;0.000820922851562503
4;9755;124.917097684615;0.7430419921875;0.000799560546874994
4;9756;124.929297684584;0.74053955078125;0.000790405273437503
4;9757;124.941497684553;0.738128662109375;0.000772094726562506
4;9758;124.953697684522;0.735687255859375;0.000765991210937497
4;9759;124.965897684491;0.7332763671875;0.000753784179687494
4;9760;124.978097684461;0.730865478515625;0.000738525390624994
4;9761;124.99029768443;0.728424072265625;0.000720214843749997
4;9762;125.002497684399;0.725982666015625;0.000708007812499994
4;9763;125.014697684368;0.7235107421875;0.000695800781250006
4;9764;125.026897684337;0.7210693359375;0.00067138671875
4;9765;125.039097684307;0.71868896484375;0.000665283203125006
4;9766;125.051297684276;0.716217041015625;0.0006561279296875
4;9767;125.063497684245;0.713836669921875;0.000631713867187494
4;9768;125.075697684214;0.71136474609375;0.000622558593750003
4;9769;125.087897684183;0.70892333984375;0.000604248046875006
4;9770;125.100097684153;0.706512451171875;0.000598144531249997
4;9771;125.112297684122;0.704071044921875;0.000579833984375
4;9772;125.124497684091;0.70166015625;0.000570678710937494
4;9773;125.13669768406;0.699249267578125;0.000552368164062497
4;9774;125.148897684029;0.696807861328125;0.000540161132812494
4;9775;125.161097683999;0.694366455078125;0.000527954101562506
4;9776;125.173297683968;0.691986083984375;0.000518798828125
4;9777;125.185497683937;0.689544677734375;0.000506591796874997
4;9778;125.197697683906;0.68701171875;0.00048828125
4;9779;125.209897683875;0.684661865234375;0.000476074218749997
4;9780;125.222097683845;0.6822509765625;0.000463867187499994
4;9781;125.234297683814;0.679779052734375;0.000457763671875
4;9782;125.246497683783;0.67730712890625;0.000445556640624997
4;9783;125.258697683752;0.67486572265625;0.000433349609374994
4;9784;125.270897683721;0.6724853515625;0.000415039062499997
4;9785;125.283097683691;0.6700439453125;0.000415039062499997
4;9786;125.29529768366;0.66766357421875;0.000396728515625
4;9787;125.307497683629;0.665283203125;0.0003814697265625
4;9788;125.319697683598;0.66278076171875;0.000369262695312497
4;9789;125.331897683567;0.66033935546875;0.0003662109375
4;9790;125.344097683537;0.657928466796875;0.0003509521484375
4;9791;125.356297683506;0.655487060546875;0.000332641601562503
4;9792;125.368497683475;0.652984619140625;0.000326538085937494
4;9793;125.380697683444;0.650604248046875;0.000317382812500003
4;9794;125.392897683413;0.648162841796875;0.000299072265625006
4;9795;125.405097683383;0.645721435546875;0.000286865234375003
4;9796;125.417297683352;0.643280029296875;0.000283813476562506
4;9797;125.429497683321;0.640869140625;0.000268554687500006
4;9798;125.44169768329;0.638397216796875;0.000256347656250003
4;9799;125.453897683259;0.636016845703125;0.000250244140624994
4;9800;125.466097683229;0.633575439453125;0.000238037109375006
4;9801;125.478297683198;0.631103515625;0.000234985351562494
4;9802;125.490497683167;0.62872314453125;0.000213623046875
4;9803;125.502697683136;0.6263427734375;0.000201416015624997
4;9804;125.514897683105;0.623870849609375;0.0001983642578125
4;9805;125.527097683075;0.6214599609375;0.000189208984374994
4;9806;125.539297683044;0.6190185546875;0.000177001953125006
4;9807;125.551497683013;0.6165771484375;0.000173950195312494
4;9808;125.563697682982;0.614166259765625;0.000152587890625
4;9809;125.575897682951;0.6116943359375;0.000143432617187494
4;9810;125.588097682921;0.609375;0.000140380859374997
4;9811;125.60029768289;0.60687255859375;0.000134277343750003
4;9812;125.612497682859;0.6043701171875;0.000125122070312497
4;9813;125.624697682828;0.6019287109375;0.000109863281249997
4;9814;125.636897682797;0.59954833984375;0.000109863281249997
4;9815;125.649097682767;0.59710693359375;9.46044921874972E-05
4;9816;125.661297682736;0.59466552734375;8.23974609374944E-05
4;9817;125.673497682705;0.59228515625;7.62939453125E-05
4;9818;125.685697682674;0.589813232421875;6.40869140624972E-05
4;9819;125.697897682643;0.58740234375;5.79833984375028E-05
4;9820;125.710097682613;0.584991455078125;4.57763671875E-05
4;9821;125.722297682582;0.582550048828125;3.96728515625056E-05
4;9822;125.734497682551;0.580169677734375;3.66210937499944E-05
4;9823;125.74669768252;0.57769775390625;2.74658203125028E-05
4;9824;125.758897682489;0.575286865234375;1.22070312500028E-05
4;9825;125.771097682459;0.572845458984375;6.10351562499445E-06
4;9826;125.783297682428;0.57037353515625;0
4;9827;125.795497682397;0.56793212890625;-3.05175781249722E-06
4;9828;125.807697682366;0.565521240234375;-2.44140625000056E-05
4;9829;125.819897682335;0.563140869140625;-2.74658203125028E-05
4;9830;125.832097682304;0.56072998046875;-3.35693359374972E-05
4;9831;125.844297682274;0.558197021484375;-3.96728515625056E-05
4;9832;125.856497682243;0.555694580078125;-4.27246093750028E-05
4;9833;125.868697682212;0.553375244140625;-5.49316406250056E-05
4;9834;125.880897682181;0.55096435546875;-6.103515625E-05
4;9835;125.89309768215;0.54852294921875;-7.01904296875056E-05
4;9836;125.90529768212;0.54608154296875;-7.62939453125E-05
4;9837;125.917497682089;0.54364013671875;-8.23974609374944E-05
4;9838;125.929697682058;0.54119873046875;-9.46044921874972E-05
4;9839;125.941897682027;0.53875732421875;-0.000103759765625003
4;9840;125.954097681996;0.536346435546875;-0.0001068115234375
4;9841;125.966297681966;0.53387451171875;-0.000115966796875006
4;9842;125.978497681935;0.531524658203125;-0.000125122070312497
4;9843;125.990697681904;0.52911376953125;-0.000134277343750003
4;9844;126.002897681873;0.52667236328125;-0.000143432617187494
4;9845;126.015097681842;0.52423095703125;-0.000149536132812503
4;9846;126.027297681812;0.521759033203125;-0.000161743164062506
4;9847;126.039497681781;0.51934814453125;-0.000161743164062506
4;9848;126.05169768175;0.516876220703125;-0.000161743164062506
4;9849;126.063897681719;0.5145263671875;-0.000170898437499997
4;9850;126.076097681688;0.512115478515625;-0.00018310546875
4;9851;126.088297681658;0.5096435546875;-0.000195312500000003
4;9852;126.100497681627;0.507171630859375;-0.000192260742187506
4;9853;126.112697681596;0.504791259765625;-0.000201416015624997
4;9854;126.124897681565;0.502349853515625;-0.000207519531250006
4;9855;126.137097681534;0.499969482421875;-0.000222778320312506
4;9856;126.149297681504;0.49749755859375;-0.000225830078125003
4;9857;126.161497681473;0.495025634765625;-0.000234985351562494
4;9858;126.173697681442;0.492645263671875;-0.000241088867187503
4;9859;126.185897681411;0.49017333984375;-0.000247192382812497
4;9860;126.19809768138;0.48773193359375;-0.000262451171874997
4;9861;126.21029768135;0.485321044921875;-0.000265502929687494
4;9862;126.222497681319;0.482879638671875;-0.000274658203125
4;9863;126.234697681288;0.480499267578125;-0.000280761718749994
4;9864;126.246897681257;0.477996826171875;-0.0002899169921875
4;9865;126.259097681226;0.4755859375;-0.000302124023437503
4;9866;126.271297681196;0.47320556640625;-0.00030517578125
4;9867;126.283497681165;0.47076416015625;-0.000314331054687506
4;9868;126.295697681134;0.468292236328125;-0.000317382812500003
4;9869;126.307897681103;0.465911865234375;-0.000335693359375
4;9870;126.320097681072;0.463409423828125;-0.000347900390625003
4;9871;126.332297681042;0.461029052734375;-0.000344848632812506
4;9872;126.344497681011;0.458709716796875;-0.000363159179687503
4;9873;126.35669768098;0.4561767578125;-0.000372314453124994
4;9874;126.368897680949;0.453704833984375;-0.000378417968750003
4;9875;126.381097680918;0.45135498046875;-0.000390625000000006
4;9876;126.393297680888;0.448883056640625;-0.000396728515625
4;9877;126.405497680857;0.446441650390625;-0.000408935546875003
4;9878;126.417697680826;0.444000244140625;-0.000418090820312494
4;9879;126.429897680795;0.441558837890625;-0.00042724609375
4;9880;126.442097680764;0.43914794921875;-0.000439453125000003
4;9881;126.454297680734;0.436737060546875;-0.000445556640624997
4;9882;126.466497680703;0.43426513671875;-0.000463867187499994
4;9883;126.478697680672;0.431793212890625;-0.000466918945312506
4;9884;126.490897680641;0.429443359375;-0.000482177734375006
4;9885;126.50309768061;0.42694091796875;-0.000494384765624994
4;9886;126.51529768058;0.424560546875;-0.000494384765624994
4;9887;126.527497680549;0.422149658203125;-0.0005035400390625
4;9888;126.539697680518;0.419677734375;-0.000515747070312503
4;9889;126.551897680487;0.417236328125;-0.000527954101562506
4;9890;126.564097680456;0.41485595703125;-0.000540161132812494
4;9891;126.576297680426;0.4124755859375;-0.00054931640625
4;9892;126.588497680395;0.409942626953125;-0.000555419921874994
4;9893;126.600697680364;0.40753173828125;-0.000573730468750006
4;9894;126.612897680333;0.405059814453125;-0.000579833984375
4;9895;126.625097680302;0.40264892578125;-0.000598144531249997
4;9896;126.637297680272;0.4002685546875;-0.000607299804687503
4;9897;126.649497680241;0.397796630859375;-0.000613403320312497
4;9898;126.66169768021;0.3953857421875;-0.000622558593750003
4;9899;126.673897680179;0.392913818359375;-0.000643920898437497
4;9900;126.686097680148;0.39056396484375;-0.0006561279296875
4;9901;126.698297680118;0.388092041015625;-0.000659179687499997
4;9902;126.710497680087;0.38568115234375;-0.000674438476562497
4;9903;126.722697680056;0.38323974609375;-0.000692749023437494
4;9904;126.734897680025;0.38079833984375;-0.000701904296875
4;9905;126.747097679994;0.37835693359375;-0.000714111328125003
4;9906;126.759297679964;0.375946044921875;-0.000735473632812497
4;9907;126.771497679933;0.373504638671875;-0.000741577148437506
4;9908;126.783697679902;0.371124267578125;-0.0007476806640625
4;9909;126.795897679871;0.368621826171875;-0.000765991210937497
4;9910;126.80809767984;0.3662109375;-0.000784301757812494
4;9911;126.82029767981;0.36376953125;-0.000796508789062497
4;9912;126.832497679779;0.361358642578125;-0.000805664062500003
4;9913;126.844697679748;0.358978271484375;-0.000820922851562503
4;9914;126.856897679717;0.356536865234375;-0.000836181640625003
4;9915;126.869097679686;0.35406494140625;-0.000842285156249997
4;9916;126.881297679656;0.351654052734375;-0.000860595703124994
4;9917;126.893497679625;0.349212646484375;-0.000872802734374997
4;9918;126.905697679594;0.346771240234375;-0.000881958007812503
4;9919;126.917897679563;0.344329833984375;-0.000897216796875003
4;9920;126.930097679532;0.3419189453125;-0.000912475585937503
4;9921;126.942297679502;0.33953857421875;-0.000924682617187506
4;9922;126.954497679471;0.337005615234375;-0.000927734375000003
4;9923;126.96669767944;0.33465576171875;-0.000933837890624997
4;9924;126.978897679409;0.3321533203125;-0.000949096679687497
4;9925;126.991097679378;0.329803466796875;-0.000964355468749997
4;9926;127.003297679347;0.32733154296875;-0.000970458984375006
4;9927;127.015497679317;0.324920654296875;-0.000982666015624994
4;9928;127.027697679286;0.322479248046875;-0.000982666015624994
4;9929;127.039897679255;0.320098876953125;-0.000997924804687494
4;9930;127.052097679224;0.317596435546875;-0.000997924804687494
4;9931;127.064297679193;0.315216064453125;-0.0010101318359375
4;9932;127.076497679163;0.312744140625;-0.001025390625
4;9933;127.088697679132;0.310333251953125;-0.00103149414062501
4;9934;127.100897679101;0.307891845703125;-0.00103149414062501
4;9935;127.11309767907;0.305450439453125;-0.00103759765625
4;9936;127.125297679039;0.30303955078125;-0.0010528564453125
4;9937;127.137497679009;0.300537109375;-0.00105895996093749
4;9938;127.149697678978;0.298187255859375;-0.00106201171875001
4;9939;127.161897678947;0.29571533203125;-0.0010711669921875
4;9940;127.174097678916;0.29327392578125;-0.001080322265625
4;9941;127.186297678885;0.290924072265625;-0.0010833740234375
4;9942;127.198497678855;0.288421630859375;-0.00108642578125
4;9943;127.210697678824;0.285980224609375;-0.00109252929687501
4;9944;127.222897678793;0.283599853515625;-0.0010955810546875
4;9945;127.235097678762;0.281158447265625;-0.0011016845703125
4;9946;127.247297678731;0.27874755859375;-0.00111083984375
4;9947;127.259497678701;0.27630615234375;-0.00112304687500001
4;9948;127.27169767867;0.27386474609375;-0.00112304687500001
4;9949;127.283897678639;0.271453857421875;-0.00111999511718749
4;9950;127.296097678608;0.26904296875;-0.001129150390625
4;9951;127.308297678577;0.266571044921875;-0.00113830566406251
4;9952;127.320497678547;0.264129638671875;-0.001141357421875
4;9953;127.332697678516;0.261749267578125;-0.001141357421875
4;9954;127.344897678485;0.25927734375;-0.0011444091796875
4;9955;127.357097678454;0.256866455078125;-0.00115051269531249
4;9956;127.369297678423;0.254486083984375;-0.00115356445312501
4;9957;127.381497678393;0.251983642578125;-0.00115356445312501
4;9958;127.393697678362;0.2496337890625;-0.0011566162109375
4;9959;127.405897678331;0.247161865234375;-0.0011566162109375
4;9960;127.4180976783;0.244720458984375;-0.0011566162109375
4;9961;127.430297678269;0.24224853515625;-0.00116577148437499
4;9962;127.442497678239;0.23980712890625;-0.00116577148437499
4;9963;127.454697678208;0.2374267578125;-0.00116577148437499
4;9964;127.466897678177;0.234954833984375;-0.0011627197265625
4;9965;127.479097678146;0.232513427734375;-0.0011627197265625
4;9966;127.491297678115;0.2301025390625;-0.001171875
4;9967;127.503497678085;0.2276611328125;-0.0011627197265625
4;9968;127.515697678054;0.22528076171875;-0.0011627197265625
4;9969;127.527897678023;0.22283935546875;-0.00115966796875
4;9970;127.540097677992;0.22039794921875;-0.00115966796875
4;9971;127.552297677961;0.218017578125;-0.00116577148437499
4;9972;127.564497677931;0.215545654296875;-0.0011566162109375
4;9973;127.5766976779;0.213104248046875;-0.0011627197265625
4;9974;127.588897677869;0.21063232421875;-0.0011566162109375
4;9975;127.601097677838;0.208221435546875;-0.00115356445312501
4;9976;127.613297677807;0.205841064453125;-0.0011627197265625
4;9977;127.625497677777;0.203338623046875;-0.0011566162109375
4;9978;127.637697677746;0.200927734375;-0.0011627197265625
4;9979;127.649897677715;0.198577880859375;-0.00115051269531249
4;9980;127.662097677684;0.19610595703125;-0.00115051269531249
4;9981;127.674297677653;0.1937255859375;-0.00115356445312501
4;9982;127.686497677623;0.191253662109375;-0.0011566162109375
4;9983;127.698697677592;0.18878173828125;-0.0011474609375
4;9984;127.710897677561;0.186370849609375;-0.001141357421875
4;9985;127.72309767753;0.183929443359375;-0.001141357421875
4;9986;127.735297677499;0.181488037109375;-0.0011444091796875
4;9987;127.747497677469;0.1790771484375;-0.001141357421875
4;9988;127.759697677438;0.1766357421875;-0.001141357421875
4;9989;127.771897677407;0.1741943359375;-0.0011444091796875
4;9990;127.784097677376;0.171844482421875;-0.001141357421875
4;9991;127.796297677345;0.169403076171875;-0.00113830566406251
4;9992;127.808497677315;0.166961669921875;-0.00113525390624999
4;9993;127.820697677284;0.1644287109375;-0.00113525390624999
4;9994;127.832897677253;0.162017822265625;-0.001129150390625
4;9995;127.845097677222;0.15960693359375;-0.00113525390624999
4;9996;127.857297677191;0.157196044921875;-0.001141357421875
4;9997;127.869497677161;0.154754638671875;-0.0011444091796875
4;9998;127.88169767713;0.152313232421875;-0.00113525390624999
4;9999;127.893897677099;0.14990234375;-0.0011322021484375
4;10000;127.906097677068;0.14739990234375;-0.0011322021484375
4;10001;127.918297677037;0.145050048828125;-0.00113525390624999
4;10002;127.930497677007;0.142578125;-0.001129150390625
4;10003;127.942697676976;0.14019775390625;-0.00113525390624999
4;10004;127.954897676945;0.1378173828125;-0.0011322021484375
4;10005;127.967097676914;0.135345458984375;-0.0011260986328125
4;10006;127.979297676883;0.1329345703125;-0.00113525390624999
4;10007;127.991497676853;0.1304931640625;-0.001129150390625
4;10008;128.003697676822;0.1280517578125;-0.00113830566406251
4;10009;128.015897676791;0.125640869140625;-0.001129150390625
4;10010;128.02809767676;0.1231689453125;-0.0011322021484375
4;10011;128.040297676729;0.120819091796875;-0.00113525390624999
4;10012;128.052497676699;0.11834716796875;-0.00113525390624999
4;10013;128.064697676668;0.11590576171875;-0.001129150390625
4;10014;128.076897676637;0.113494873046875;-0.0011322021484375
4;10015;128.089097676606;0.110992431640625;-0.00113525390624999
4;10016;128.101297676575;0.10858154296875;-0.001129150390625
4;10017;128.113497676545;0.106170654296875;-0.00113525390624999
4;10018;128.125697676514;0.103729248046875;-0.00113525390624999
4;10019;128.137897676483;0.101226806640625;-0.00113525390624999
4;10020;128.150097676452;0.098876953125;-0.0011322021484375
4;10021;128.162297676421;0.096435546875;-0.00113830566406251
4;10022;128.174497676391;0.094024658203125;-0.00113830566406251
4;10023;128.18669767636;0.091583251953125;-0.001141357421875
4;10024;128.198897676329;0.08917236328125;-0.0011444091796875
4;10025;128.211097676298;0.086761474609375;-0.0011444091796875
4;10026;128.223297676267;0.084320068359375;-0.00115051269531249
4;10027;128.235497676236;0.081878662109375;-0.0011444091796875
4;10028;128.247697676206;0.07940673828125;-0.0011444091796875
4;10029;128.259897676175;0.076995849609375;-0.00115051269531249
4;10030;128.272097676144;0.07452392578125;-0.00115051269531249
4;10031;128.284297676113;0.0721435546875;-0.0011444091796875
4;10032;128.296497676082;0.0697021484375;-0.00115356445312501
4;10033;128.308697676052;0.067291259765625;-0.00116882324218751
4;10034;128.320897676021;0.0648193359375;-0.0011566162109375
4;10035;128.33309767599;0.062347412109375;-0.00115356445312501
4;10036;128.345297675959;0.05999755859375;-0.0011566162109375
4;10037;128.357497675928;0.0574951171875;-0.001171875
4;10038;128.369697675898;0.055084228515625;-0.00115966796875
4;10039;128.381897675867;0.052642822265625;-0.0011627197265625
4;10040;128.394097675836;0.050201416015625;-0.00115966796875
4;10041;128.406297675805;0.0478424072265625;-0.00116577148437499
4;10042;128.418497675774;0.0454254150390625;-0.00116882324218751
4;10043;128.430697675744;0.043011474609375;-0.001171875
4;10044;128.442897675713;0.0405548095703125;-0.001177978515625
4;10045;128.455097675682;0.0381439208984375;-0.0011749267578125
4;10046;128.467297675651;0.0357147216796875;-0.00116882324218751
4;10047;128.47949767562;0.03326416015625;-0.0011749267578125
4;10048;128.49169767559;0.030841064453125;-0.00118408203125001
4;10049;128.503897675559;0.0284027099609375;-0.00118408203125001
4;10050;128.516097675528;0.0259674072265625;-0.00118408203125001
4;10051;128.528297675497;0.0235504150390625;-0.001190185546875
4;10052;128.540497675466;0.0211212158203125;-0.00119628906249999
4;10053;128.552697675436;0.01871337890625;-0.00119628906249999
4;10054;128.564897675405;0.0162506103515625;-0.001190185546875
4;10055;128.577097675374;0.01383056640625;-0.0011932373046875
4;10056;128.589297675343;0.01136474609375;-0.001190185546875
4;10057;128.601497675312;0.008941650390625;-0.00119934082031251
4;10058;128.613697675282;0.0065185546875;-0.001202392578125
4;10059;128.625897675251;0.0040863037109375;-0.00119934082031251
4;10060;128.63809767522;0.00168457031249999;-0.001202392578125
4;10061;128.650297675189;-0.0007781982421875;-0.0012054443359375
4;10062;128.662497675158;-0.0031707763671875;-0.00120849609375
4;10063;128.674697675128;-0.0055999755859375;-0.0012176513671875
4;10064;128.686897675097;-0.0080535888671875;-0.00121459960937501
4;10065;128.699097675066;-0.0104736328125;-0.0012054443359375
4;10066;128.711297675035;-0.01292724609375;-0.00121154785156249
4;10067;128.723497675004;-0.0153533935546875;-0.001220703125
4;10068;128.735697674974;-0.01778564453125;-0.00120849609375
4;10069;128.747897674943;-0.02020263671875;-0.00121154785156249
4;10070;128.760097674912;-0.02264404296875;-0.0012176513671875
4;10071;128.772297674881;-0.0250579833984375;-0.001220703125
4;10072;128.78449767485;-0.027496337890625;-0.00121459960937501
4;10073;128.79669767482;-0.029925537109375;-0.001220703125
4;10074;128.808897674789;-0.0323638916015625;-0.00122985839843751
4;10075;128.821097674758;-0.034783935546875;-0.00122985839843751
4;10076;128.833297674727;-0.0372314453125;-0.00122985839843751
4;10077;128.845497674696;-0.039642333984375;-0.0012359619140625
4;10078;128.857697674666;-0.0420440673828125;-0.00124511718750001
4;10079;128.869897674635;-0.0445068359375;-0.00124511718750001
4;10080;128.882097674604;-0.0469451904296875;-0.00124511718750001
4;10081;128.894297674573;-0.0493682861328125;-0.00124206542968749
4;10082;128.906497674542;-0.0518798828125;-0.00124511718750001
4;10083;128.918697674512;-0.054290771484375;-0.0012481689453125
4;10084;128.930897674481;-0.05670166015625;-0.00125732421874999
4;10085;128.94309767445;-0.05914306640625;-0.0012542724609375
4;10086;128.955297674419;-0.061553955078125;-0.0012542724609375
4;10087;128.967497674388;-0.06402587890625;-0.001263427734375
4;10088;128.979697674358;-0.06646728515625;-0.00126037597656251
4;10089;128.991897674327;-0.06884765625;-0.0012664794921875
4;10090;129.004097674296;-0.071258544921875;-0.0012664794921875
4;10091;129.016297674265;-0.073699951171875;-0.00126037597656251
4;10092;129.028497674234;-0.076202392578125;-0.0012664794921875
4;10093;129.040697674204;-0.078582763671875;-0.0012786865234375
4;10094;129.052897674173;-0.081024169921875;-0.0012786865234375
4;10095;129.065097674142;-0.08343505859375;-0.00128173828125
4;10096;129.077297674111;-0.08587646484375;-0.00128173828125
4;10097;129.08949767408;-0.08831787109375;-0.0012939453125
4;10098;129.10169767405;-0.09075927734375;-0.0012969970703125
4;10099;129.113897674019;-0.09320068359375;-0.0012969970703125
4;10100;129.126097673988;-0.0955810546875;-0.00130615234375001
4;10101;129.138297673957;-0.097991943359375;-0.0013092041015625
4;10102;129.150497673926;-0.100494384765625;-0.001312255859375
4;10103;129.162697673896;-0.1029052734375;-0.00131835937499999
4;10104;129.174897673865;-0.10528564453125;-0.00133361816406249
4;10105;129.187097673834;-0.1077880859375;-0.0013397216796875
4;10106;129.199297673803;-0.110260009765625;-0.00133056640625
4;10107;129.211497673772;-0.112640380859375;-0.0013397216796875
4;10108;129.223697673742;-0.11505126953125;-0.00135192871093751
4;10109;129.235897673711;-0.117431640625;-0.00135192871093751
4;10110;129.24809767368;-0.119903564453125;-0.001361083984375
4;10111;129.260297673649;-0.122314453125;-0.0013580322265625
4;10112;129.272497673618;-0.124786376953125;-0.001373291015625
4;10113;129.284697673588;-0.127227783203125;-0.001373291015625
4;10114;129.296897673557;-0.129608154296875;-0.00138244628906251
4;10115;129.309097673526;-0.132110595703125;-0.0013885498046875
4;10116;129.321297673495;-0.134521484375;-0.0014007568359375
4;10117;129.333497673464;-0.136932373046875;-0.00140380859375
4;10118;129.345697673434;-0.139404296875;-0.00140991210937499
4;10119;129.357897673403;-0.14178466796875;-0.00142517089843749
4;10120;129.370097673372;-0.144195556640625;-0.001434326171875
4;10121;129.382297673341;-0.146697998046875;-0.001434326171875
4;10122;129.39449767331;-0.149078369140625;-0.00144348144531251
4;10123;129.406697673279;-0.1514892578125;-0.0014678955078125
4;10124;129.418897673249;-0.153961181640625;-0.00147705078125
4;10125;129.431097673218;-0.15631103515625;-0.001483154296875
4;10126;129.443297673187;-0.158721923828125;-0.00148925781250001
4;10127;129.455497673156;-0.161224365234375;-0.00150451660156251
4;10128;129.467697673125;-0.163665771484375;-0.0015106201171875
4;10129;129.479897673095;-0.166107177734375;-0.0015228271484375
4;10130;129.492097673064;-0.168548583984375;-0.0015411376953125
4;10131;129.504297673033;-0.17095947265625;-0.0015533447265625
4;10132;129.516497673002;-0.173309326171875;-0.0015594482421875
4;10133;129.528697672971;-0.175750732421875;-0.0015838623046875
4;10134;129.540897672941;-0.178192138671875;-0.0016021728515625
4;10135;129.55309767291;-0.1806640625;-0.0016204833984375
4;10136;129.565297672879;-0.18310546875;-0.00162353515624999
4;10137;129.577497672848;-0.185577392578125;-0.001629638671875
4;10138;129.589697672817;-0.18792724609375;-0.00165710449218751
4;10139;129.601897672787;-0.190399169921875;-0.00167236328125001
4;10140;129.614097672756;-0.192779541015625;-0.00168457031249999
4;10141;129.626297672725;-0.19525146484375;-0.0017059326171875
4;10142;129.638497672694;-0.197662353515625;-0.0017242431640625
4;10143;129.650697672663;-0.200164794921875;-0.0017425537109375
4;10144;129.662897672633;-0.202606201171875;-0.00176086425781249
4;10145;129.675097672602;-0.20501708984375;-0.00179443359375001
4;10146;129.687297672571;-0.207427978515625;-0.001800537109375
4;10147;129.69949767254;-0.209808349609375;-0.00181884765625
4;10148;129.711697672509;-0.21221923828125;-0.00184020996093751
4;10149;129.723897672479;-0.214691162109375;-0.00188598632812501
4;10150;129.736097672448;-0.21710205078125;-0.0019073486328125
4;10151;129.748297672417;-0.219512939453125;-0.001934814453125
4;10152;129.760497672386;-0.221954345703125;-0.00195922851562499
4;10153;129.772697672355;-0.224365234375;-0.001983642578125
4;10154;129.784897672325;-0.22686767578125;-0.00201416015625
4;10155;129.797097672294;-0.229248046875;-0.002044677734375
4;10156;129.809297672263;-0.231689453125;-0.00208129882812499
4;10157;129.821497672232;-0.234130859375;-0.0021087646484375
4;10158;129.833697672201;-0.236572265625;-0.0021331787109375
4;10159;129.845897672171;-0.238922119140625;-0.002178955078125
4;10160;129.85809767214;-0.241485595703125;-0.00221862792968749
4;10161;129.870297672109;-0.243804931640625;-0.0022552490234375
4;10162;129.882497672078;-0.246307373046875;-0.00228271484375001
4;10163;129.894697672047;-0.24871826171875;-0.00233154296875
4;10164;129.906897672017;-0.25115966796875;-0.0023834228515625
4;10165;129.919097671986;-0.25360107421875;-0.00243225097656249
4;10166;129.931297671955;-0.25604248046875;-0.00246582031250001
4;10167;129.943497671924;-0.2584228515625;-0.0025146484375
4;10168;129.955697671893;-0.260894775390625;-0.0025787353515625
4;10169;129.967897671863;-0.2633056640625;-0.0026214599609375
4;10170;129.980097671832;-0.2657470703125;-0.00267333984375
4;10171;129.992297671801;-0.2681884765625;-0.0027435302734375
4;10172;130.00449767177;-0.270599365234375;-0.0028045654296875
4;10173;130.016697671739;-0.273040771484375;-0.00284729003906251
4;10174;130.028897671709;-0.27545166015625;-0.00291748046875
4;10175;130.041097671678;-0.277923583984375;-0.0029876708984375
4;10176;130.053297671647;-0.2802734375;-0.0030548095703125
4;10177;130.065497671616;-0.28277587890625;-0.003125
4;10178;130.077697671585;-0.28515625;-0.003192138671875
4;10179;130.089897671555;-0.28759765625;-0.003277587890625
4;10180;130.102097671524;-0.290069580078125;-0.00335083007812501
4;10181;130.114297671493;-0.292510986328125;-0.0034332275390625
4;10182;130.126497671462;-0.29486083984375;-0.00351562499999999
4;10183;130.138697671431;-0.29736328125;-0.00361022949218751
4;10184;130.150897671401;-0.2996826171875;-0.00370178222656251
4;10185;130.16309767137;-0.302154541015625;-0.00379333496093751
4;10186;130.175297671339;-0.30462646484375;-0.0039093017578125
4;10187;130.187497671308;-0.30706787109375;-0.00400390624999999
4;10188;130.199697671277;-0.30938720703125;-0.0041015625
4;10189;130.211897671247;-0.311920166015625;-0.00420532226562501
4;10190;130.224097671216;-0.31439208984375;-0.0043365478515625
4;10191;130.236297671185;-0.3167724609375;-0.0044708251953125
4;10192;130.248497671154;-0.31915283203125;-0.00457153320312501
4;10193;130.260697671123;-0.321624755859375;-0.00470581054687499
4;10194;130.272897671093;-0.3240966796875;-0.004852294921875
4;10195;130.285097671062;-0.3265380859375;-0.00498046874999999
4;10196;130.297297671031;-0.328887939453125;-0.00511474609375
4;10197;130.309497671;-0.3314208984375;-0.00527343750000001
4;10198;130.321697670969;-0.333770751953125;-0.0054351806640625
4;10199;130.333897670939;-0.336273193359375;-0.00557556152343749
4;10200;130.346097670908;-0.338623046875;-0.00574645996093751
4;10201;130.358297670877;-0.341094970703125;-0.00594177246093749
4;10202;130.370497670846;-0.343536376953125;-0.0061065673828125
4;10203;130.382697670815;-0.34588623046875;-0.006268310546875
4;10204;130.394897670785;-0.348358154296875;-0.00646362304687501
4;10205;130.407097670754;-0.350830078125;-0.006695556640625
4;10206;130.419297670723;-0.353240966796875;-0.0068939208984375
4;10207;130.431497670692;-0.35565185546875;-0.0070953369140625
4;10208;130.443697670661;-0.358062744140625;-0.00731201171875
4;10209;130.455897670631;-0.3604736328125;-0.0075653076171875
4;10210;130.4680976706;-0.3629150390625;-0.00779113769531251
4;10211;130.480297670569;-0.36541748046875;-0.0080108642578125
4;10212;130.492497670538;-0.367767333984375;-0.0083038330078125
4;10213;130.504697670507;-0.3702392578125;-0.00856933593750001
4;10214;130.516897670477;-0.3726806640625;-0.0088043212890625
4;10215;130.529097670446;-0.37506103515625;-0.00908508300781249
4;10216;130.541297670415;-0.37750244140625;-0.009417724609375
4;10217;130.553497670384;-0.37994384765625;-0.0097076416015625
4;10218;130.565697670353;-0.38238525390625;-0.0099761962890625
4;10219;130.577897670322;-0.38482666015625;-0.010296630859375
4;10220;130.590097670292;-0.387237548828125;-0.01068115234375
4;10221;130.602297670261;-0.389678955078125;-0.0110015869140625
4;10222;130.61449767023;-0.39215087890625;-0.0113128662109375
4;10223;130.626697670199;-0.394500732421875;-0.0116943359375
4;10224;130.638897670168;-0.396942138671875;-0.0120941162109375
4;10225;130.651097670138;-0.399383544921875;-0.0124267578125
4;10226;130.663297670107;-0.40179443359375;-0.012799072265625
4;10227;130.675497670076;-0.404266357421875;-0.0132843017578125
4;10228;130.687697670045;-0.40667724609375;-0.013665771484375
4;10229;130.699897670014;-0.40911865234375;-0.0140167236328125
4;10230;130.712097669984;-0.41156005859375;-0.014459228515625
4;10231;130.724297669953;-0.413909912109375;-0.014984130859375
4;10232;130.736497669922;-0.416351318359375;-0.0154205322265625
4;10233;130.748697669891;-0.4188232421875;-0.01583251953125
4;10234;130.76089766986;-0.421295166015625;-0.016326904296875
4;10235;130.77309766983;-0.423675537109375;-0.0168701171875
4;10236;130.785297669799;-0.42608642578125;-0.01734619140625
4;10237;130.797497669768;-0.428497314453125;-0.0178253173828125
4;10238;130.809697669737;-0.430938720703125;-0.0183868408203125
4;10239;130.821897669706;-0.433380126953125;-0.0189422607421875
4;10240;130.834097669676;-0.435821533203125;-0.01942138671875
4;10241;130.846297669645;-0.438323974609375;-0.019989013671875
4;10242;130.858497669614;-0.440704345703125;-0.02064208984375
4;10243;130.870697669583;-0.443145751953125;-0.02117919921875
4;10244;130.882897669552;-0.445556640625;-0.021697998046875
4;10245;130.895097669522;-0.447998046875;-0.02227783203125
4;10246;130.907297669491;-0.45037841796875;-0.0230194091796875
4;10247;130.91949766946;-0.452850341796875;-0.023614501953125
4;10248;130.931697669429;-0.455322265625;-0.024169921875
4;10249;130.943897669398;-0.457672119140625;-0.0248046875
4;10250;130.956097669368;-0.46014404296875;-0.025506591796875
4;10251;130.968297669337;-0.462615966796875;-0.0261138916015625
4;10252;130.980497669306;-0.464996337890625;-0.026715087890625
4;10253;130.992697669275;-0.4674072265625;-0.02742919921875
4;10254;131.004897669244;-0.469879150390625;-0.028125
4;10255;131.017097669214;-0.472320556640625;-0.028662109375
4;10256;131.029297669183;-0.474700927734375;-0.0293243408203125
4;10257;131.041497669152;-0.477142333984375;-0.030108642578125
4;10258;131.053697669121;-0.47955322265625;-0.0307647705078125
4;10259;131.06589766909;-0.48199462890625;-0.031329345703125
4;10260;131.07809766906;-0.484405517578125;-0.0319732666015625
4;10261;131.090297669029;-0.48687744140625;-0.032769775390625
4;10262;131.102497668998;-0.489288330078125;-0.0334197998046875
4;10263;131.114697668967;-0.491668701171875;-0.033978271484375
4;10264;131.126897668936;-0.494140625;-0.0346649169921875
4;10265;131.139097668906;-0.496612548828125;-0.0353607177734375
4;10266;131.151297668875;-0.498992919921875;-0.03597412109375
4;10267;131.163497668844;-0.501434326171875;-0.036529541015625
4;10268;131.175697668813;-0.50390625;-0.0373077392578125
4;10269;131.187897668782;-0.506317138671875;-0.0378814697265625
4;10270;131.200097668752;-0.508758544921875;-0.03834228515625
4;10271;131.212297668721;-0.511138916015625;-0.0389495849609375
4;10272;131.22449766869;-0.51361083984375;-0.039666748046875
4;10273;131.236697668659;-0.516021728515625;-0.0402069091796875
4;10274;131.248897668628;-0.518463134765625;-0.04061279296875
4;10275;131.261097668598;-0.5208740234375;-0.041162109375
4;10276;131.273297668567;-0.5233154296875;-0.0418060302734375
4;10277;131.285497668536;-0.525726318359375;-0.0422943115234375
4;10278;131.297697668505;-0.5281982421875;-0.04267578125
4;10279;131.309897668474;-0.53057861328125;-0.0432098388671875
4;10280;131.322097668444;-0.533050537109375;-0.043719482421875
4;10281;131.334297668413;-0.535400390625;-0.0440582275390625
4;10282;131.346497668382;-0.537872314453125;-0.0444580078125
4;10283;131.358697668351;-0.540313720703125;-0.0450164794921875
4;10284;131.37089766832;-0.542755126953125;-0.0453399658203125
4;10285;131.38309766829;-0.545196533203125;-0.04554443359375
4;10286;131.395297668259;-0.547637939453125;-0.045904541015625
4;10287;131.407497668228;-0.550048828125;-0.04637451171875
4;10288;131.419697668197;-0.55242919921875;-0.046661376953125
4;10289;131.431897668166;-0.554931640625;-0.0468353271484375
4;10290;131.444097668136;-0.557281494140625;-0.0470550537109375
4;10291;131.456297668105;-0.55975341796875;-0.04742431640625
4;10292;131.468497668074;-0.562164306640625;-0.0475738525390625
4;10293;131.480697668043;-0.564605712890625;-0.04774169921875
4;10294;131.492897668012;-0.5670166015625;-0.0480010986328125
4;10295;131.505097667982;-0.5694580078125;-0.0481903076171875
4;10296;131.517297667951;-0.571868896484375;-0.0482330322265625
4;10297;131.52949766792;-0.574371337890625;-0.0483856201171875
4;10298;131.541697667889;-0.57684326171875;-0.0486175537109375
4;10299;131.553897667858;-0.57916259765625;-0.0487091064453125
4;10300;131.566097667828;-0.581634521484375;-0.0486724853515625
4;10301;131.578297667797;-0.584075927734375;-0.0487152099609375
4;10302;131.590497667766;-0.58648681640625;-0.0489105224609375
4;10303;131.602697667735;-0.5889892578125;-0.0489166259765625
4;10304;131.614897667704;-0.591400146484375;-0.0488433837890625
4;10305;131.627097667674;-0.59381103515625;-0.048870849609375
4;10306;131.639297667643;-0.596221923828125;-0.0489501953125
4;10307;131.651497667612;-0.598602294921875;-0.0488922119140625
4;10308;131.663697667581;-0.601104736328125;-0.0488372802734375
4;10309;131.67589766755;-0.603515625;-0.048883056640625
4;10310;131.68809766752;-0.605926513671875;-0.048822021484375
4;10311;131.700297667489;-0.608367919921875;-0.048681640625
4;10312;131.712497667458;-0.61077880859375;-0.0486328125
4;10313;131.724697667427;-0.61322021484375;-0.0486236572265625
4;10314;131.736897667396;-0.61566162109375;-0.0485382080078125
4;10315;131.749097667366;-0.618072509765625;-0.0483642578125
4;10316;131.761297667335;-0.620513916015625;-0.048272705078125
4;10317;131.773497667304;-0.6229248046875;-0.04822998046875
4;10318;131.785697667273;-0.625335693359375;-0.0481048583984375
4;10319;131.797897667242;-0.6278076171875;-0.04794921875
4;10320;131.810097667211;-0.6302490234375;-0.047821044921875
4;10321;131.822297667181;-0.632659912109375;-0.04774169921875
4;10322;131.83449766715;-0.63507080078125;-0.047564697265625
4;10323;131.846697667119;-0.63751220703125;-0.047412109375
4;10324;131.858897667088;-0.63995361328125;-0.0473297119140625
4;10325;131.871097667057;-0.642364501953125;-0.047186279296875
4;10326;131.883297667027;-0.644744873046875;-0.0469818115234375
4;10327;131.895497666996;-0.647216796875;-0.0468414306640625
4;10328;131.907697666965;-0.649688720703125;-0.0467437744140625
4;10329;131.919897666934;-0.652130126953125;-0.0465728759765625
4;10330;131.932097666903;-0.654571533203125;-0.046368408203125
4;10331;131.944297666873;-0.656890869140625;-0.04620361328125
4;10332;131.956497666842;-0.659393310546875;-0.0460845947265625
4;10333;131.968697666811;-0.661834716796875;-0.0459075927734375
4;10334;131.98089766678;-0.664215087890625;-0.0457275390625
4;10335;131.993097666749;-0.666656494140625;-0.0455810546875
4;10336;132.005297666719;-0.669158935546875;-0.0454315185546875
4;10337;132.017497666688;-0.67156982421875;-0.045245361328125
4;10338;132.029697666657;-0.673980712890625;-0.0450836181640625
4;10339;132.041897666626;-0.676361083984375;-0.044940185546875
4;10340;132.054097666595;-0.67877197265625;-0.0447723388671875
4;10341;132.066297666565;-0.681243896484375;-0.044573974609375
4;10342;132.078497666534;-0.683685302734375;-0.0444244384765625
4;10343;132.090697666503;-0.686126708984375;-0.0442901611328125
4;10344;132.102897666472;-0.68853759765625;-0.0441131591796875
4;10345;132.115097666441;-0.69097900390625;-0.043914794921875
4;10346;132.127297666411;-0.69342041015625;-0.043768310546875
4;10347;132.13949766638;-0.69586181640625;-0.0436279296875
4;10348;132.151697666349;-0.69830322265625;-0.043450927734375
4;10349;132.163897666318;-0.70074462890625;-0.043280029296875
4;10350;132.176097666287;-0.703094482421875;-0.0431396484375
4;10351;132.188297666257;-0.705535888671875;-0.0429931640625
4;10352;132.200497666226;-0.7080078125;-0.04285888671875
4;10353;132.212697666195;-0.71038818359375;-0.04268798828125
4;10354;132.224897666164;-0.71282958984375;-0.0425537109375
4;10355;132.237097666133;-0.71527099609375;-0.04239501953125
4;10356;132.249297666103;-0.71771240234375;-0.0422271728515625
4;10357;132.261497666072;-0.72015380859375;-0.042095947265625
4;10358;132.273697666041;-0.722564697265625;-0.041973876953125
4;10359;132.28589766601;-0.725006103515625;-0.0418212890625
4;10360;132.298097665979;-0.727447509765625;-0.0416534423828125
4;10361;132.310297665949;-0.729827880859375;-0.04151611328125
4;10362;132.322497665918;-0.7322998046875;-0.0413848876953125
4;10363;132.334697665887;-0.7347412109375;-0.0412506103515625
4;10364;132.346897665856;-0.73712158203125;-0.0411102294921875
4;10365;132.359097665825;-0.73956298828125;-0.0409820556640625
4;10366;132.371297665795;-0.742034912109375;-0.040869140625
4;10367;132.383497665764;-0.74444580078125;-0.0407196044921875
4;10368;132.395697665733;-0.746826171875;-0.0405914306640625
4;10369;132.407897665702;-0.749298095703125;-0.040484619140625
4;10370;132.420097665671;-0.751953125;-0.0403472900390625
4;10371;132.432297665641;-0.75408935546875;-0.0402191162109375
4;10372;132.44449766561;-0.75653076171875;-0.0401031494140625
4;10373;132.456697665579;-0.75927734375;-0.04000244140625
4;10374;132.468897665548;-0.76141357421875;-0.039886474609375
4;10375;132.481097665517;-0.76446533203125;-0.0397552490234375
4;10376;132.493297665487;-0.76629638671875;-0.0396514892578125
4;10377;132.505497665456;-0.7696533203125;-0.0395538330078125
4;10378;132.517697665425;-0.771484375;-0.0394378662109375
4;10379;132.529897665394;-0.77362060546875;-0.0393280029296875
4;10380;132.542097665363;-0.7769775390625;-0.039227294921875
4;10381;132.554297665333;-0.77911376953125;-0.039129638671875
4;10382;132.566497665302;-0.78094482421875;-0.039013671875
4;10383;132.578697665271;-0.78369140625;-0.0389251708984375
4;10384;132.59089766524;-0.7855224609375;-0.0388427734375
4;10385;132.603097665209;-0.7879638671875;-0.0387420654296875
4;10386;132.615297665179;-0.791015625;-0.038641357421875
4;10387;132.627497665148;-0.79315185546875;-0.0385498046875
4;10388;132.639697665117;-0.794677734375;-0.0384735107421875
4;10389;132.651897665086;-0.79803466796875;-0.0383819580078125
4;10390;132.664097665055;-0.8001708984375;-0.0382720947265625
4;10391;132.676297665025;-0.8026123046875;-0.03819580078125
4;10392;132.688497664994;-0.8050537109375;-0.0381378173828125
4;10393;132.700697664963;-0.80780029296875;-0.03804931640625
4;10394;132.712897664932;-0.8099365234375;-0.03797607421875
4;10395;132.725097664901;-0.8123779296875;-0.03790283203125
4;10396;132.737297664871;-0.81512451171875;-0.037835693359375
4;10397;132.74949766484;-0.8172607421875;-0.0377288818359375
4;10398;132.761697664809;-0.8197021484375;-0.0376708984375
4;10399;132.773897664778;-0.82244873046875;-0.037603759765625
4;10400;132.786097664747;-0.82427978515625;-0.0375335693359375
4;10401;132.798297664717;-0.82763671875;-0.0374481201171875
4;10402;132.810497664686;-0.8294677734375;-0.0373809814453125
4;10403;132.822697664655;-0.83160400390625;-0.037322998046875
4;10404;132.834897664624;-0.8343505859375;-0.0372467041015625
4;10405;132.847097664593;-0.83709716796875;-0.0371795654296875
4;10406;132.859297664563;-0.8392333984375;-0.0371124267578125
4;10407;132.871497664532;-0.8416748046875;-0.037054443359375
4;10408;132.883697664501;-0.8441162109375;-0.0369873046875
4;10409;132.89589766447;-0.84686279296875;-0.036932373046875
4;10410;132.908097664439;-0.84930419921875;-0.0368804931640625
4;10411;132.920297664409;-0.85235595703125;-0.0368255615234375
4;10412;132.932497664378;-0.85418701171875;-0.0367584228515625
4;10413;132.944697664347;-0.85662841796875;-0.0367034912109375
4;10414;132.956897664316;-0.8587646484375;-0.03665771484375
4;10415;132.969097664285;-0.86181640625;-0.0366119384765625
4;10416;132.981297664254;-0.8642578125;-0.0365447998046875
4;10417;132.993497664224;-0.8660888671875;-0.036492919921875
4;10418;133.005697664193;-0.869140625;-0.0364501953125
4;10419;133.017897664162;-0.87127685546875;-0.03638916015625
4;10420;133.030097664131;-0.87310791015625;-0.03634033203125
4;10421;133.0422976641;-0.87615966796875;-0.0362945556640625
4;10422;133.05449766407;-0.8782958984375;-0.0362518310546875
4;10423;133.066697664039;-0.880126953125;-0.0361968994140625
4;10424;133.078897664008;-0.88287353515625;-0.0361480712890625
4;10425;133.091097663977;-0.8856201171875;-0.0361175537109375
4;10426;133.103297663946;-0.8880615234375;-0.036065673828125
4;10427;133.115497663916;-0.89019775390625;-0.0360137939453125
4;10428;133.127697663885;-0.8929443359375;-0.036016845703125
4;10429;133.139897663854;-0.89569091796875;-0.036077880859375
4;10430;133.152097663823;-0.89752197265625;-0.035992431640625
4;10431;133.164297663792;-0.89996337890625;-0.0359130859375
4;10432;133.176497663762;-0.902099609375;-0.035870361328125
4;10433;133.188697663731;-0.9051513671875;-0.0358367919921875
4;10434;133.2008976637;-0.9075927734375;-0.0357818603515625
4;10435;133.213097663669;-0.91033935546875;-0.0357574462890625
4;10436;133.225297663638;-0.91278076171875;-0.0357147216796875
4;10437;133.237497663608;-0.914306640625;-0.0356597900390625
4;10438;133.249697663577;-0.916748046875;-0.0356231689453125
4;10439;133.261897663546;-0.91949462890625;-0.0355682373046875
4;10440;133.274097663515;-0.921630859375;-0.035546875
4;10441;133.286297663484;-0.9246826171875;-0.0354949951171875
4;10442;133.298497663454;-0.92681884765625;-0.0354400634765625
4;10443;133.310697663423;-0.92926025390625;-0.0354156494140625
4;10444;133.322897663392;-0.93170166015625;-0.03538818359375
4;10445;133.335097663361;-0.93414306640625;-0.0353607177734375
4;10446;133.34729766333;-0.936279296875;-0.035321044921875
4;10447;133.3594976633;-0.938720703125;-0.03529052734375
4;10448;133.371697663269;-0.94146728515625;-0.03526611328125
4;10449;133.383897663238;-0.94390869140625;-0.03524169921875
4;10450;133.396097663207;-0.9454345703125;-0.0352020263671875
4;10451;133.408297663176;-0.94879150390625;-0.035174560546875
4;10452;133.420497663146;-0.950927734375;-0.0351470947265625
4;10453;133.432697663115;-0.9539794921875;-0.0350982666015625
4;10454;133.444897663084;-0.955810546875;-0.035089111328125
4;10455;133.457097663053;-0.95855712890625;-0.035052490234375
4;10456;133.469297663022;-0.960693359375;-0.0350341796875
4;10457;133.481497662992;-0.96282958984375;-0.034991455078125
4;10458;133.493697662961;-0.965576171875;-0.0349700927734375
4;10459;133.50589766293;-0.968017578125;-0.03494873046875
4;10460;133.518097662899;-0.97076416015625;-0.0349273681640625
4;10461;133.530297662868;-0.97320556640625;-0.0348846435546875
4;10462;133.542497662838;-0.97564697265625;-0.0348724365234375
4;10463;133.554697662807;-0.977783203125;-0.0348419189453125
4;10464;133.566897662776;-0.980224609375;-0.03482666015625
4;10465;133.579097662745;-0.98297119140625;-0.0347930908203125
4;10466;133.591297662714;-0.985107421875;-0.0347808837890625
4;10467;133.603497662684;-0.98724365234375;-0.034747314453125
4;10468;133.615697662653;-0.98968505859375;-0.0347076416015625
4;10469;133.627897662622;-0.992431640625;-0.034686279296875
4;10470;133.640097662591;-0.99517822265625;-0.0346771240234375
4;10471;133.65229766256;-0.997314453125;-0.034661865234375
4;10472;133.66449766253;-0.99945068359375;-0.0346466064453125
4;10473;133.676697662499;-1.0028076171875;-0.0346343994140625
4;10474;133.688897662468;-1.0040283203125;-0.034625244140625
4;10475;133.701097662437;-1.007080078125;-0.0345977783203125
4;10476;133.713297662406;-1.00860595703125;-0.0345550537109375
4;10477;133.725497662376;-1.01226806640625;-0.0345306396484375
4;10478;133.737697662345;-1.014404296875;-0.034515380859375
4;10479;133.749897662314;-1.01715087890625;-0.0344940185546875
4;10480;133.762097662283;-1.01898193359375;-0.0344757080078125
4;10481;133.774297662252;-1.02142333984375;-0.0344635009765625
4;10482;133.786497662222;-1.0235595703125;-0.0344451904296875
4;10483;133.798697662191;-1.026611328125;-0.034417724609375
4;10484;133.81089766216;-1.0284423828125;-0.0344024658203125
4;10485;133.823097662129;-1.031494140625;-0.0344024658203125
4;10486;133.835297662098;-1.03424072265625;-0.034375
4;10487;133.847497662068;-1.036376953125;-0.03433837890625
4;10488;133.859697662037;-1.03851318359375;-0.0343231201171875
4;10489;133.871897662006;-1.041259765625;-0.034307861328125
4;10490;133.884097661975;-1.04278564453125;-0.0342926025390625
4;10491;133.896297661944;-1.046142578125;-0.0342681884765625
4;10492;133.908497661914;-1.0479736328125;-0.034246826171875
4;10493;133.920697661883;-1.05133056640625;-0.0342315673828125
4;10494;133.932897661852;-1.05316162109375;-0.0342132568359375
4;10495;133.945097661821;-1.05499267578125;-0.034197998046875
4;10496;133.95729766179;-1.05804443359375;-0.034197998046875
4;10497;133.96949766176;-1.060791015625;-0.03416748046875
4;10498;133.981697661729;-1.06292724609375;-0.0341583251953125
4;10499;133.993897661698;-1.0650634765625;-0.0341339111328125
4;10500;134.006097661667;-1.06719970703125;-0.034124755859375
4;10501;134.018297661636;-1.0699462890625;-0.0341278076171875
4;10502;134.030497661606;-1.07208251953125;-0.0341064453125
4;10503;134.042697661575;-1.07574462890625;-0.0340850830078125
4;10504;134.054897661544;-1.0772705078125;-0.0341094970703125
4;10505;134.067097661513;-1.080322265625;-0.0340606689453125
4;10506;134.079297661482;-1.08245849609375;-0.034033203125
4;10507;134.091497661452;-1.08428955078125;-0.034027099609375
4;10508;134.103697661421;-1.087646484375;-0.03402099609375
4;10509;134.11589766139;-1.0894775390625;-0.0340057373046875
4;10510;134.128097661359;-1.0919189453125;-0.0340301513671875
4;10511;134.140297661328;-1.09375;-0.0340118408203125
4;10512;134.152497661298;-1.09649658203125;-0.0339935302734375
4;10513;134.164697661267;-1.0992431640625;-0.0339569091796875
4;10514;134.176897661236;-1.1016845703125;-0.033935546875
4;10515;134.189097661205;-1.1041259765625;-0.0339324951171875
4;10516;134.201297661174;-1.10687255859375;-0.033917236328125
4;10517;134.213497661143;-1.10870361328125;-0.033905029296875
4;10518;134.225697661113;-1.1114501953125;-0.0338897705078125
4;10519;134.237897661082;-1.1138916015625;-0.033880615234375
4;10520;134.250097661051;-1.11602783203125;-0.0338623046875
4;10521;134.26229766102;-1.11907958984375;-0.03385009765625
4;10522;134.274497660989;-1.12152099609375;-0.0338409423828125
4;10523;134.286697660959;-1.12396240234375;-0.0338409423828125
4;10524;134.298897660928;-1.12548828125;-0.033837890625
4;10525;134.311097660897;-1.12884521484375;-0.0338531494140625
4;10526;134.323297660866;-1.1309814453125;-0.0338714599609375
4;10527;134.335497660835;-1.1334228515625;-0.0338623046875
4;10528;134.347697660805;-1.1358642578125;-0.0338714599609375
4;10529;134.359897660774;-1.1376953125;-0.033880615234375
4;10530;134.372097660743;-1.1407470703125;-0.0338531494140625
4;10531;134.384297660712;-1.1431884765625;-0.0338226318359375
4;10532;134.396497660681;-1.1456298828125;-0.033795166015625
4;10533;134.408697660651;-1.1480712890625;-0.0337738037109375
4;10534;134.42089766062;-1.1505126953125;-0.0337554931640625
4;10535;134.433097660589;-1.15325927734375;-0.0337738037109375
4;10536;134.445297660558;-1.1553955078125;-0.0337554931640625
4;10537;134.457497660527;-1.15753173828125;-0.033740234375
4;10538;134.469697660497;-1.15997314453125;-0.0337127685546875
4;10539;134.481897660466;-1.16241455078125;-0.03367919921875
4;10540;134.494097660435;-1.16485595703125;-0.0337432861328125
4;10541;134.506297660404;-1.1676025390625;-0.0337188720703125
4;10542;134.518497660373;-1.16973876953125;-0.033697509765625
4;10543;134.530697660343;-1.17218017578125;-0.033660888671875
4;10544;134.542897660312;-1.1749267578125;-0.0336456298828125
4;10545;134.555097660281;-1.1773681640625;-0.033642578125
4;10546;134.56729766025;-1.18011474609375;-0.0336212158203125
4;10547;134.579497660219;-1.18194580078125;-0.0336151123046875
4;10548;134.591697660189;-1.18438720703125;-0.03358154296875
4;10549;134.603897660158;-1.18682861328125;-0.0335784912109375
4;10550;134.616097660127;-1.18988037109375;-0.033551025390625
4;10551;134.628297660096;-1.19171142578125;-0.033526611328125
4;10552;134.640497660065;-1.1944580078125;-0.0335296630859375
4;10553;134.652697660035;-1.19659423828125;-0.0335052490234375
4;10554;134.664897660004;-1.1993408203125;-0.0334991455078125
4;10555;134.677097659973;-1.201171875;-0.0334869384765625
4;10556;134.689297659942;-1.20361328125;-0.033489990234375
4;10557;134.701497659911;-1.20635986328125;-0.033489990234375
4;10558;134.713697659881;-1.2091064453125;-0.0334747314453125
4;10559;134.72589765985;-1.2115478515625;-0.03345947265625
4;10560;134.738097659819;-1.21337890625;-0.033477783203125
4;10561;134.750297659788;-1.21612548828125;-0.033465576171875
4;10562;134.762497659757;-1.2188720703125;-0.0334564208984375
4;10563;134.774697659727;-1.22039794921875;-0.03345947265625
4;10564;134.786897659696;-1.22283935546875;-0.033447265625
4;10565;134.799097659665;-1.2255859375;-0.0334197998046875
4;10566;134.811297659634;-1.22802734375;-0.0334259033203125
4;10567;134.823497659603;-1.23046875;-0.0334442138671875
4;10568;134.835697659573;-1.23260498046875;-0.033453369140625
4;10569;134.847897659542;-1.23565673828125;-0.033441162109375
4;10570;134.860097659511;-1.23809814453125;-0.0334381103515625
4;10571;134.87229765948;-1.240234375;-0.0334503173828125
4;10572;134.884497659449;-1.2432861328125;-0.0334747314453125
4;10573;134.896697659419;-1.24481201171875;-0.0334564208984375
4;10574;134.908897659388;-1.24725341796875;-0.03345947265625
4;10575;134.921097659357;-1.24969482421875;-0.0334808349609375
4;10576;134.933297659326;-1.25244140625;-0.0334716796875
4;10577;134.945497659295;-1.25457763671875;-0.0334503173828125
4;10578;134.957697659265;-1.25762939453125;-0.03345947265625
4;10579;134.969897659234;-1.25946044921875;-0.03345947265625
4;10580;134.982097659203;-1.26220703125;-0.033453369140625
4;10581;134.994297659172;-1.26434326171875;-0.03345947265625
4;10582;135.006497659141;-1.26678466796875;-0.03348388671875
4;10583;135.018697659111;-1.26953125;-0.0334869384765625
4;10584;135.03089765908;-1.27166748046875;-0.0334930419921875
4;10585;135.043097659049;-1.2744140625;-0.033489990234375
4;10586;135.055297659018;-1.27685546875;-0.0334991455078125
4;10587;135.067497658987;-1.279296875;-0.0334930419921875
4;10588;135.079697658957;-1.28173828125;-0.0334930419921875
4;10589;135.091897658926;-1.28448486328125;-0.0334716796875
4;10590;135.104097658895;-1.28662109375;-0.033477783203125
4;10591;135.116297658864;-1.28875732421875;-0.03345947265625
4;10592;135.128497658833;-1.29119873046875;-0.03345947265625
4;10593;135.140697658803;-1.29425048828125;-0.0334686279296875
4;10594;135.152897658772;-1.29608154296875;-0.0334686279296875
4;10595;135.165097658741;-1.29852294921875;-0.033453369140625
4;10596;135.17729765871;-1.30096435546875;-0.0334503173828125
4;10597;135.189497658679;-1.3037109375;-0.033477783203125
4;10598;135.201697658649;-1.30615234375;-0.0334869384765625
4;10599;135.213897658618;-1.30828857421875;-0.0334686279296875
4;10600;135.226097658587;-1.31103515625;-0.033465576171875
4;10601;135.238297658556;-1.31317138671875;-0.0334930419921875
4;10602;135.250497658525;-1.31500244140625;-0.0334991455078125
4;10603;135.262697658495;-1.318359375;-0.0334869384765625
4;10604;135.274897658464;-1.32080078125;-0.0335235595703125
4;10605;135.287097658433;-1.3232421875;-0.03353271484375
4;10606;135.299297658402;-1.3250732421875;-0.0335174560546875
4;10607;135.311497658371;-1.32781982421875;-0.0335235595703125
4;10608;135.323697658341;-1.33026123046875;-0.03353271484375
4;10609;135.33589765831;-1.33270263671875;-0.033551025390625
4;10610;135.348097658279;-1.33514404296875;-0.033551025390625
4;10611;135.360297658248;-1.33758544921875;-0.0335540771484375
4;10612;135.372497658217;-1.34002685546875;-0.0335693359375
4;10613;135.384697658186;-1.34246826171875;-0.0335906982421875
4;10614;135.396897658156;-1.34490966796875;-0.0335723876953125
4;10615;135.409097658125;-1.34735107421875;-0.033563232421875
4;10616;135.421297658094;-1.34979248046875;-0.0335906982421875
4;10617;135.433497658063;-1.3519287109375;-0.033587646484375
4;10618;135.445697658032;-1.35498046875;-0.03359375
4;10619;135.457897658002;-1.3568115234375;-0.033599853515625
4;10620;135.470097657971;-1.35955810546875;-0.0336273193359375
4;10621;135.48229765794;-1.36138916015625;-0.0335968017578125
4;10622;135.494497657909;-1.36505126953125;-0.03363037109375
4;10623;135.506697657878;-1.3665771484375;-0.0336395263671875
4;10624;135.518897657848;-1.36932373046875;-0.0336456298828125
4;10625;135.531097657817;-1.3720703125;-0.0336517333984375
4;10626;135.543297657786;-1.37420654296875;-0.033660888671875
4;10627;135.555497657755;-1.37664794921875;-0.0336700439453125
4;10628;135.567697657724;-1.37908935546875;-0.0336944580078125
4;10629;135.579897657694;-1.3812255859375;-0.0336700439453125
4;10630;135.592097657663;-1.3836669921875;-0.03369140625
4;10631;135.604297657632;-1.3861083984375;-0.0337005615234375
4;10632;135.616497657601;-1.38946533203125;-0.0337066650390625
4;10633;135.62869765757;-1.39129638671875;-0.0337249755859375
4;10634;135.64089765754;-1.3934326171875;-0.0337188720703125
4;10635;135.653097657509;-1.39617919921875;-0.0337310791015625
4;10636;135.665297657478;-1.3983154296875;-0.0337127685546875
4;10637;135.677497657447;-1.40045166015625;-0.03372802734375
4;10638;135.689697657416;-1.4031982421875;-0.033746337890625
4;10639;135.701897657386;-1.40594482421875;-0.03375244140625
4;10640;135.714097657355;-1.40777587890625;-0.033746337890625
4;10641;135.726297657324;-1.41082763671875;-0.0337615966796875
4;10642;135.738497657293;-1.4129638671875;-0.033770751953125
4;10643;135.750697657262;-1.4154052734375;-0.03377685546875
4;10644;135.762897657232;-1.41845703125;-0.0337860107421875
4;10645;135.775097657201;-1.42059326171875;-0.0337677001953125
4;10646;135.78729765717;-1.4227294921875;-0.0337860107421875
4;10647;135.799497657139;-1.42578125;-0.033782958984375
4;10648;135.811697657108;-1.42730712890625;-0.0337860107421875
4;10649;135.823897657078;-1.4306640625;-0.033795166015625
4;10650;135.836097657047;-1.4324951171875;-0.033807373046875
4;10651;135.848297657016;-1.43402099609375;-0.0337982177734375
4;10652;135.860497656985;-1.43707275390625;-0.0338134765625
4;10653;135.872697656954;-1.43951416015625;-0.0338409423828125
4;10654;135.884897656924;-1.441650390625;-0.0338470458984375
4;10655;135.897097656893;-1.4447021484375;-0.0338348388671875
4;10656;135.909297656862;-1.446533203125;-0.0338470458984375
4;10657;135.921497656831;-1.44927978515625;-0.0338653564453125
4;10658;135.9336976568;-1.4520263671875;-0.0338592529296875
4;10659;135.94589765677;-1.4544677734375;-0.0338592529296875
4;10660;135.958097656739;-1.45660400390625;-0.0338775634765625
4;10661;135.970297656708;-1.45965576171875;-0.033892822265625
4;10662;135.982497656677;-1.4617919921875;-0.033880615234375
4;10663;135.994697656646;-1.463623046875;-0.0338592529296875
4;10664;136.006897656616;-1.4666748046875;-0.03388671875
4;10665;136.019097656585;-1.4691162109375;-0.033880615234375
4;10666;136.031297656554;-1.47186279296875;-0.033880615234375
4;10667;136.043497656523;-1.4739990234375;-0.0338836669921875
4;10668;136.055697656492;-1.4764404296875;-0.0339324951171875
4;10669;136.067897656462;-1.47857666015625;-0.03394775390625
4;10670;136.080097656431;-1.48101806640625;-0.033905029296875
4;10671;136.0922976564;-1.48345947265625;-0.033917236328125
4;10672;136.104497656369;-1.485595703125;-0.033941650390625
4;10673;136.116697656338;-1.4886474609375;-0.0339447021484375
4;10674;136.128897656308;-1.49078369140625;-0.0339385986328125
4;10675;136.141097656277;-1.49322509765625;-0.0339691162109375
4;10676;136.153297656246;-1.4959716796875;-0.0339874267578125
4;10677;136.165497656215;-1.49810791015625;-0.03397216796875
4;10678;136.177697656184;-1.500244140625;-0.033978271484375
4;10679;136.189897656154;-1.5032958984375;-0.03399658203125
4;10680;136.202097656123;-1.5057373046875;-0.0340057373046875
4;10681;136.214297656092;-1.50787353515625;-0.0339935302734375
4;10682;136.226497656061;-1.51031494140625;-0.0340057373046875
4;10683;136.23869765603;-1.51275634765625;-0.03402099609375
4;10684;136.250897656;-1.51519775390625;-0.0340301513671875
4;10685;136.263097655969;-1.517333984375;-0.0340240478515625
4;10686;136.275297655938;-1.5203857421875;-0.0340179443359375
4;10687;136.287497655907;-1.5228271484375;-0.03404541015625
4;10688;136.299697655876;-1.5252685546875;-0.0340362548828125
4;10689;136.311897655846;-1.52740478515625;-0.0340240478515625
4;10690;136.324097655815;-1.52984619140625;-0.034063720703125
4;10691;136.336297655784;-1.53228759765625;-0.03406982421875
4;10692;136.348497655753;-1.5350341796875;-0.0340545654296875
4;10693;136.360697655722;-1.53717041015625;-0.0340576171875
4;10694;136.372897655692;-1.53900146484375;-0.034100341796875
4;10695;136.385097655661;-1.54205322265625;-0.0340972900390625
4;10696;136.39729765563;-1.54449462890625;-0.0340850830078125
4;10697;136.409497655599;-1.54632568359375;-0.0340728759765625
4;10698;136.421697655568;-1.549072265625;-0.0341156005859375
4;10699;136.433897655538;-1.551513671875;-0.0341217041015625
4;10700;136.446097655507;-1.55426025390625;-0.034100341796875
4;10701;136.458297655476;-1.556396484375;-0.03411865234375
4;10702;136.470497655445;-1.55853271484375;-0.034161376953125
4;10703;136.482697655414;-1.56158447265625;-0.0341644287109375
4;10704;136.494897655384;-1.563720703125;-0.0341552734375
4;10705;136.507097655353;-1.5655517578125;-0.03419189453125
4;10706;136.519297655322;-1.56890869140625;-0.034185791015625
4;10707;136.531497655291;-1.571044921875;-0.034197998046875
4;10708;136.54369765526;-1.57379150390625;-0.034210205078125
4;10709;136.55589765523;-1.575927734375;-0.0342315673828125
4;10710;136.568097655199;-1.578369140625;-0.0342498779296875
4;10711;136.580297655168;-1.58111572265625;-0.0342315673828125
4;10712;136.592497655137;-1.583251953125;-0.034234619140625
4;10713;136.604697655106;-1.58599853515625;-0.0342742919921875
4;10714;136.616897655075;-1.588134765625;-0.0342803955078125
4;10715;136.629097655045;-1.5899658203125;-0.0342926025390625
4;10716;136.641297655014;-1.593017578125;-0.0343048095703125
4;10717;136.653497654983;-1.59515380859375;-0.0343353271484375
4;10718;136.665697654952;-1.597900390625;-0.034320068359375
4;10719;136.677897654921;-1.60003662109375;-0.0343536376953125
4;10720;136.690097654891;-1.6021728515625;-0.03438720703125
4;10721;136.70229765486;-1.60491943359375;-0.034381103515625
4;10722;136.714497654829;-1.60736083984375;-0.0343719482421875
4;10723;136.726697654798;-1.610107421875;-0.0343841552734375
4;10724;136.738897654767;-1.61224365234375;-0.0344268798828125
4;10725;136.751097654737;-1.61468505859375;-0.03443603515625
4;10726;136.763297654706;-1.617431640625;-0.034454345703125
4;10727;136.775497654675;-1.6192626953125;-0.0344635009765625
4;10728;136.787697654644;-1.62139892578125;-0.0344940185546875
4;10729;136.799897654613;-1.62445068359375;-0.0345123291015625
4;10730;136.812097654583;-1.62689208984375;-0.0345245361328125
4;10731;136.824297654552;-1.62933349609375;-0.0345672607421875
4;10732;136.836497654521;-1.63177490234375;-0.0345947265625
4;10733;136.84869765449;-1.63482666015625;-0.03458251953125
4;10734;136.860897654459;-1.63665771484375;-0.03460693359375
4;10735;136.873097654429;-1.6387939453125;-0.0346527099609375
4;10736;136.885297654398;-1.6412353515625;-0.0346771240234375
4;10737;136.897497654367;-1.64337158203125;-0.0346832275390625
4;10738;136.909697654336;-1.64642333984375;-0.03470458984375
4;10739;136.921897654305;-1.6485595703125;-0.034765625
4;10740;136.934097654275;-1.65130615234375;-0.0347900390625
4;10741;136.946297654244;-1.654052734375;-0.0347991943359375
4;10742;136.958497654213;-1.6558837890625;-0.0348541259765625
4;10743;136.970697654182;-1.65802001953125;-0.034881591796875
4;10744;136.982897654151;-1.66107177734375;-0.0349090576171875
4;10745;136.995097654121;-1.66351318359375;-0.0349212646484375
4;10746;137.00729765409;-1.66595458984375;-0.0349609375
4;10747;137.019497654059;-1.6680908203125;-0.0349884033203125
4;10748;137.031697654028;-1.67022705078125;-0.034991455078125
4;10749;137.043897653997;-1.67266845703125;-0.0350189208984375
4;10750;137.056097653967;-1.67572021484375;-0.03505859375
4;10751;137.068297653936;-1.6778564453125;-0.03509521484375
4;10752;137.080497653905;-1.67999267578125;-0.035107421875
4;10753;137.092697653874;-1.68304443359375;-0.0351409912109375
4;10754;137.104897653843;-1.685791015625;-0.035186767578125
4;10755;137.117097653813;-1.6876220703125;-0.0352142333984375
4;10756;137.129297653782;-1.6900634765625;-0.03524169921875
4;10757;137.141497653751;-1.6925048828125;-0.03529052734375
4;10758;137.15369765372;-1.69464111328125;-0.0353179931640625
4;10759;137.165897653689;-1.697998046875;-0.035345458984375
4;10760;137.178097653659;-1.6998291015625;-0.03536376953125
4;10761;137.190297653628;-1.702880859375;-0.035430908203125
4;10762;137.202497653597;-1.70501708984375;-0.035467529296875
4;10763;137.214697653566;-1.7071533203125;-0.0354705810546875
4;10764;137.226897653535;-1.70928955078125;-0.035516357421875
4;10765;137.239097653505;-1.71173095703125;-0.03555908203125
4;10766;137.251297653474;-1.71478271484375;-0.0355712890625
4;10767;137.263497653443;-1.71722412109375;-0.035614013671875
4;10768;137.275697653412;-1.71905517578125;-0.035650634765625
4;10769;137.287897653381;-1.72210693359375;-0.0357147216796875
4;10770;137.300097653351;-1.7242431640625;-0.0358917236328125
4;10771;137.31229765332;-1.72698974609375;-0.03585205078125
4;10772;137.324497653289;-1.72882080078125;-0.03585205078125
4;10773;137.336697653258;-1.73126220703125;-0.035882568359375
4;10774;137.348897653227;-1.73431396484375;-0.0358673095703125
4;10775;137.361097653197;-1.7364501953125;-0.03590087890625
4;10776;137.373297653166;-1.73858642578125;-0.0359527587890625
4;10777;137.385497653135;-1.7413330078125;-0.0359588623046875
4;10778;137.397697653104;-1.74346923828125;-0.03594970703125
4;10779;137.409897653073;-1.74591064453125;-0.0359588623046875
4;10780;137.422097653043;-1.74835205078125;-0.0360137939453125
4;10781;137.434297653012;-1.75079345703125;-0.03602294921875
4;10782;137.446497652981;-1.7535400390625;-0.0360198974609375
4;10783;137.45869765295;-1.75567626953125;-0.0360198974609375
4;10784;137.470897652919;-1.75811767578125;-0.0360565185546875
4;10785;137.483097652889;-1.76116943359375;-0.0360626220703125
4;10786;137.495297652858;-1.76300048828125;-0.036077880859375
4;10787;137.507497652827;-1.7657470703125;-0.036083984375
4;10788;137.519697652796;-1.7681884765625;-0.0361236572265625
4;10789;137.531897652765;-1.7706298828125;-0.0361236572265625
4;10790;137.544097652735;-1.7724609375;-0.0361480712890625
4;10791;137.556297652704;-1.77520751953125;-0.036175537109375
4;10792;137.568497652673;-1.77764892578125;-0.03616943359375
4;10793;137.580697652642;-1.78009033203125;-0.036138916015625
4;10794;137.592897652611;-1.7828369140625;-0.0361480712890625
4;10795;137.605097652581;-1.78466796875;-0.0362060546875
4;10796;137.61729765255;-1.78680419921875;-0.0362152099609375
4;10797;137.629497652519;-1.7901611328125;-0.0362091064453125
4;10798;137.641697652488;-1.79229736328125;-0.0362518310546875
4;10799;137.653897652457;-1.79473876953125;-0.036297607421875
4;10800;137.666097652427;-1.79718017578125;-0.0362884521484375
4;10801;137.678297652396;-1.7999267578125;-0.0363006591796875
4;10802;137.690497652365;-1.8023681640625;-0.0363250732421875
4;10803;137.702697652334;-1.80450439453125;-0.0363311767578125
4;10804;137.714897652303;-1.80694580078125;-0.036334228515625
4;10805;137.727097652273;-1.80938720703125;-0.0363677978515625
4;10806;137.739297652242;-1.81182861328125;-0.036376953125
4;10807;137.751497652211;-1.81488037109375;-0.0364715576171875
4;10808;137.76369765218;-1.8170166015625;-0.0363861083984375
4;10809;137.775897652149;-1.8194580078125;-0.0364105224609375
4;10810;137.788097652118;-1.8218994140625;-0.036468505859375
4;10811;137.800297652088;-1.82403564453125;-0.036474609375
4;10812;137.812497652057;-1.82647705078125;-0.0365203857421875
4;10813;137.824697652026;-1.82891845703125;-0.0365447998046875
4;10814;137.836897651995;-1.83135986328125;-0.036572265625
4;10815;137.849097651964;-1.83380126953125;-0.0365692138671875
4;10816;137.861297651934;-1.8359375;-0.0365692138671875
4;10817;137.873497651903;-1.83868408203125;-0.0366241455078125
4;10818;137.885697651872;-1.8408203125;-0.03663330078125
4;10819;137.897897651841;-1.84326171875;-0.0365875244140625
4;10820;137.91009765181;-1.8463134765625;-0.036627197265625
4;10821;137.92229765178;-1.84844970703125;-0.036688232421875
4;10822;137.934497651749;-1.8505859375;-0.0366729736328125
4;10823;137.946697651718;-1.85302734375;-0.036676025390625
4;10824;137.958897651687;-1.85546875;-0.0366943359375
4;10825;137.971097651656;-1.85821533203125;-0.0367340087890625
4;10826;137.983297651626;-1.86065673828125;-0.0367523193359375
4;10827;137.995497651595;-1.86279296875;-0.0367401123046875
4;10828;138.007697651564;-1.865234375;-0.0367828369140625
4;10829;138.019897651533;-1.86737060546875;-0.03681640625
4;10830;138.032097651502;-1.8701171875;-0.036798095703125
4;10831;138.044297651472;-1.87255859375;-0.0368194580078125
4;10832;138.056497651441;-1.87469482421875;-0.0368682861328125
4;10833;138.06869765141;-1.87744140625;-0.03685302734375
4;10834;138.080897651379;-1.88018798828125;-0.036865234375
4;10835;138.093097651348;-1.8829345703125;-0.0368743896484375
4;10836;138.105297651318;-1.88507080078125;-0.03695068359375
4;10837;138.117497651287;-1.88720703125;-0.036968994140625
4;10838;138.129697651256;-1.8896484375;-0.036968994140625
4;10839;138.141897651225;-1.89239501953125;-0.0369873046875
4;10840;138.154097651194;-1.89453125;-0.037042236328125
4;10841;138.166297651164;-1.89727783203125;-0.037066650390625
4;10842;138.178497651133;-1.89971923828125;-0.0370819091796875
4;10843;138.190697651102;-1.9024658203125;-0.0371490478515625
4;10844;138.202897651071;-1.904296875;-0.0371734619140625
4;10845;138.21509765104;-1.90704345703125;-0.0371856689453125
4;10846;138.22729765101;-1.90887451171875;-0.0372528076171875
4;10847;138.239497650979;-1.91162109375;-0.0373260498046875
4;10848;138.251697650948;-1.9134521484375;-0.0373443603515625
4;10849;138.263897650917;-1.91680908203125;-0.037353515625
4;10850;138.276097650886;-1.9189453125;-0.037384033203125
4;10851;138.288297650856;-1.92138671875;-0.037457275390625
4;10852;138.300497650825;-1.92352294921875;-0.037481689453125
4;10853;138.312697650794;-1.92657470703125;-0.0375244140625
4;10854;138.324897650763;-1.9287109375;-0.0375762939453125
4;10855;138.337097650732;-1.93145751953125;-0.0376434326171875
4;10856;138.349297650702;-1.93328857421875;-0.0376678466796875
4;10857;138.361497650671;-1.93572998046875;-0.0377655029296875
4;10858;138.37369765064;-1.9384765625;-0.0378326416015625
4;10859;138.385897650609;-1.94091796875;-0.0378631591796875
4;10860;138.398097650578;-1.9439697265625;-0.037884521484375
4;10861;138.410297650548;-1.94580078125;-0.037933349609375
4;10862;138.422497650517;-1.94854736328125;-0.038067626953125
4;10863;138.434697650486;-1.95068359375;-0.0381195068359375
4;10864;138.446897650455;-1.95281982421875;-0.03812255859375
4;10865;138.459097650424;-1.9561767578125;-0.03818359375
4;10866;138.471297650394;-1.9580078125;-0.0382904052734375
4;10867;138.483497650363;-1.96044921875;-0.0384033203125
4;10868;138.495697650332;-1.96258544921875;-0.0384307861328125
4;10869;138.507897650301;-1.9647216796875;-0.03851318359375
4;10870;138.52009765027;-1.96746826171875;-0.03861083984375
4;10871;138.53229765024;-1.96990966796875;-0.038616943359375
4;10872;138.544497650209;-1.97265625;-0.0387298583984375
4;10873;138.556697650178;-1.97479248046875;-0.03880615234375
4;10874;138.568897650147;-1.97784423828125;-0.0388946533203125
4;10875;138.581097650116;-1.98028564453125;-0.038916015625
4;10876;138.593297650086;-1.98272705078125;-0.0389617919921875
4;10877;138.605497650055;-1.98516845703125;-0.0391204833984375
4;10878;138.617697650024;-1.9873046875;-0.0392425537109375
4;10879;138.629897649993;-1.98974609375;-0.0393035888671875
4;10880;138.642097649962;-1.99188232421875;-0.039337158203125
4;10881;138.654297649932;-1.99462890625;-0.0394287109375
4;10882;138.666497649901;-1.9970703125;-0.0394989013671875
4;10883;138.67869764987;-1.99951171875;-0.03958740234375
4;10884;138.690897649839;-2.00164794921875;-0.0396514892578125
4;10885;138.703097649808;-2.00469970703125;-0.039752197265625
4;10886;138.715297649778;-2.0068359375;-0.039813232421875
4;10887;138.727497649747;-2.00958251953125;-0.0399383544921875
4;10888;138.739697649716;-2.01202392578125;-0.040057373046875
4;10889;138.751897649685;-2.01385498046875;-0.040179443359375
4;10890;138.764097649654;-2.01629638671875;-0.040252685546875
4;10891;138.776297649624;-2.01873779296875;-0.040380859375
4;10892;138.788497649593;-2.02056884765625;-0.040509033203125
4;10893;138.800697649562;-2.02362060546875;-0.04072265625
4;10894;138.812897649531;-2.02606201171875;-0.0407470703125
4;10895;138.8250976495;-2.0281982421875;-0.0408721923828125
4;10896;138.83729764947;-2.03094482421875;-0.041094970703125
4;10897;138.849497649439;-2.0330810546875;-0.0412078857421875
4;10898;138.861697649408;-2.03582763671875;-0.041436767578125
4;10899;138.873897649377;-2.03826904296875;-0.0415252685546875
4;10900;138.886097649346;-2.0404052734375;-0.0417327880859375
4;10901;138.898297649316;-2.0428466796875;-0.04193115234375
4;10902;138.910497649285;-2.04559326171875;-0.042071533203125
4;10903;138.922697649254;-2.04742431640625;-0.042327880859375
4;10904;138.934897649223;-2.0501708984375;-0.0425323486328125
4;10905;138.947097649192;-2.0526123046875;-0.04267578125
4;10906;138.959297649161;-2.05474853515625;-0.0428558349609375
4;10907;138.971497649131;-2.0574951171875;-0.04320068359375
4;10908;138.9836976491;-2.0599365234375;-0.0433380126953125
4;10909;138.995897649069;-2.0623779296875;-0.0435791015625
4;10910;139.008097649038;-2.0648193359375;-0.0438934326171875
4;10911;139.020297649007;-2.0672607421875;-0.044189453125
4;10912;139.032497648977;-2.07000732421875;-0.0443115234375
4;10913;139.044697648946;-2.07244873046875;-0.0446685791015625
4;10914;139.056897648915;-2.0751953125;-0.0450531005859375
4;10915;139.069097648884;-2.0770263671875;-0.045294189453125
4;10916;139.081297648853;-2.07977294921875;-0.0454803466796875
4;10917;139.093497648823;-2.0819091796875;-0.0457672119140625
4;10918;139.105697648792;-2.0843505859375;-0.0461669921875
4;10919;139.117897648761;-2.08740234375;-0.0465362548828125
4;10920;139.13009764873;-2.08892822265625;-0.046826171875
4;10921;139.142297648699;-2.09197998046875;-0.047003173828125
4;10922;139.154497648669;-2.09442138671875;-0.047576904296875
4;10923;139.166697648638;-2.095947265625;-0.047882080078125
4;10924;139.178897648607;-2.0989990234375;-0.04857177734375
4;10925;139.191097648576;-2.10205078125;-0.047210693359375
4;10926;139.203297648545;-2.099609375;-0.0421051025390625
4;10927;139.215497648515;-2.09686279296875;-0.040966796875
4;10928;139.227697648484;-2.09442138671875;-0.0405914306640625
4;10929;139.239897648453;-2.0916748046875;-0.039434814453125
4;10930;139.252097648422;-2.09014892578125;-0.036688232421875
4;10931;139.264297648391;-2.08740234375;-0.0360748291015625
4;10932;139.276497648361;-2.0843505859375;-0.035919189453125
4;10933;139.28869764833;-2.08251953125;-0.0365997314453125
4;10934;139.300897648299;-2.07977294921875;-0.036346435546875
4;10935;139.313097648268;-2.07733154296875;-0.0355316162109375
4;10936;139.325297648237;-2.07489013671875;-0.035150146484375
4;10937;139.337497648207;-2.07275390625;-0.0348175048828125
4;10938;139.349697648176;-2.0703125;-0.0344879150390625
4;10939;139.361897648145;-2.0672607421875;-0.0342010498046875
4;10940;139.374097648114;-2.0648193359375;-0.033831787109375
4;10941;139.386297648083;-2.06329345703125;-0.03363037109375
4;10942;139.398497648053;-2.0599365234375;-0.03330078125
4;10943;139.410697648022;-2.05780029296875;-0.0330902099609375
4;10944;139.422897647991;-2.05535888671875;-0.03284912109375
4;10945;139.43509764796;-2.0526123046875;-0.03260498046875
4;10946;139.447297647929;-2.0501708984375;-0.0324310302734375
4;10947;139.459497647899;-2.0477294921875;-0.0322357177734375
4;10948;139.471697647868;-2.0452880859375;-0.0320404052734375
4;10949;139.483897647837;-2.0428466796875;-0.0319000244140625
4;10950;139.496097647806;-2.04071044921875;-0.0316864013671875
4;10951;139.508297647775;-2.03826904296875;-0.0314666748046875
4;10952;139.520497647745;-2.03521728515625;-0.0313323974609375
4;10953;139.532697647714;-2.032470703125;-0.0311920166015625
4;10954;139.544897647683;-2.03033447265625;-0.031060791015625
4;10955;139.557097647652;-2.02850341796875;-0.0308563232421875
4;10956;139.569297647621;-2.0257568359375;-0.0307586669921875
4;10957;139.581497647591;-2.02362060546875;-0.0305877685546875
4;10958;139.59369764756;-2.02056884765625;-0.0305572509765625
4;10959;139.605897647529;-2.01812744140625;-0.030535888671875
4;10960;139.618097647498;-2.0159912109375;-0.030316162109375
4;10961;139.630297647467;-2.01324462890625;-0.0302337646484375
4;10962;139.642497647437;-2.01080322265625;-0.03013916015625
4;10963;139.654697647406;-2.0086669921875;-0.0300506591796875
4;10964;139.666897647375;-2.00592041015625;-0.029962158203125
4;10965;139.679097647344;-2.00408935546875;-0.02982177734375
4;10966;139.691297647313;-2.00103759765625;-0.02969970703125
4;10967;139.703497647283;-1.998291015625;-0.0296875
4;10968;139.715697647252;-1.9964599609375;-0.029547119140625
4;10969;139.727897647221;-1.993408203125;-0.029498291015625
4;10970;139.74009764719;-1.99127197265625;-0.029400634765625
4;10971;139.752297647159;-1.98883056640625;-0.029302978515625
4;10972;139.764497647129;-1.98577880859375;-0.029180908203125
4;10973;139.776697647098;-1.983642578125;-0.0291290283203125
4;10974;139.788897647067;-1.981201171875;-0.029052734375
4;10975;139.801097647036;-1.978759765625;-0.0289886474609375
4;10976;139.813297647005;-1.9757080078125;-0.02889404296875
4;10977;139.825497646975;-1.97418212890625;-0.028814697265625
4;10978;139.837697646944;-1.97113037109375;-0.028741455078125
4;10979;139.849897646913;-1.968994140625;-0.028662109375
4;10980;139.862097646882;-1.96685791015625;-0.0285980224609375
4;10981;139.874297646851;-1.96380615234375;-0.028558349609375
4;10982;139.886497646821;-1.96197509765625;-0.028509521484375
4;10983;139.89869764679;-1.95953369140625;-0.0284149169921875
4;10984;139.910897646759;-1.95709228515625;-0.02833251953125
4;10985;139.923097646728;-1.954345703125;-0.0282989501953125
4;10986;139.935297646697;-1.95220947265625;-0.0282440185546875
4;10987;139.947497646667;-1.94915771484375;-0.028155517578125
4;10988;139.959697646636;-1.947021484375;-0.02808837890625
4;10989;139.971897646605;-1.944580078125;-0.028106689453125
4;10990;139.984097646574;-1.94244384765625;-0.0280517578125
4;10991;139.996297646543;-1.93939208984375;-0.0279510498046875
4;10992;140.008497646513;-1.937255859375;-0.0278961181640625
4;10993;140.020697646482;-1.9342041015625;-0.027880859375
4;10994;140.032897646451;-1.93145751953125;-0.0278411865234375
4;10995;140.04509764642;-1.9293212890625;-0.027734375
4;10996;140.057297646389;-1.927490234375;-0.0277435302734375
4;10997;140.069497646359;-1.92474365234375;-0.02769775390625
4;10998;140.081697646328;-1.9219970703125;-0.0276519775390625
4;10999;140.093897646297;-1.9195556640625;-0.0275726318359375
4;11000;140.106097646266;-1.91741943359375;-0.027569580078125
4;11001;140.118297646235;-1.91436767578125;-0.02752685546875
4;11002;140.130497646205;-1.91192626953125;-0.02747802734375
4;11003;140.142697646174;-1.91009521484375;-0.027423095703125
4;11004;140.154897646143;-1.9073486328125;-0.02740478515625
4;11005;140.167097646112;-1.90460205078125;-0.0273590087890625
4;11006;140.179297646081;-1.90216064453125;-0.0273040771484375
4;11007;140.19149764605;-1.90032958984375;-0.02725830078125
4;11008;140.20369764602;-1.8975830078125;-0.0272247314453125
4;11009;140.215897645989;-1.89483642578125;-0.02718505859375
4;11010;140.228097645958;-1.89208984375;-0.027154541015625
4;11011;140.240297645927;-1.88995361328125;-0.0271240234375
4;11012;140.252497645896;-1.88720703125;-0.02708740234375
4;11013;140.264697645866;-1.88507080078125;-0.0270294189453125
4;11014;140.276897645835;-1.8829345703125;-0.0270050048828125
4;11015;140.289097645804;-1.88018798828125;-0.0269866943359375
4;11016;140.301297645773;-1.87774658203125;-0.02698974609375
4;11017;140.313497645742;-1.875;-0.0269134521484375
4;11018;140.325697645712;-1.87255859375;-0.026910400390625
4;11019;140.337897645681;-1.8701171875;-0.0268768310546875
4;11020;140.35009764565;-1.86767578125;-0.0268310546875
4;11021;140.362297645619;-1.8658447265625;-0.02677001953125
4;11022;140.374497645588;-1.86279296875;-0.0267486572265625
4;11023;140.386697645558;-1.86004638671875;-0.0267120361328125
4;11024;140.398897645527;-1.85791015625;-0.0266754150390625
4;11025;140.411097645496;-1.85516357421875;-0.0266387939453125
4;11026;140.423297645465;-1.85272216796875;-0.026617431640625
4;11027;140.435497645434;-1.85089111328125;-0.0265777587890625
4;11028;140.447697645404;-1.84783935546875;-0.0265167236328125
4;11029;140.459897645373;-1.84600830078125;-0.026483154296875
4;11030;140.472097645342;-1.84295654296875;-0.0264862060546875
4;11031;140.484297645311;-1.84112548828125;-0.0264434814453125
4;11032;140.49649764528;-1.83837890625;-0.0263824462890625
4;11033;140.50869764525;-1.83563232421875;-0.0263458251953125
4;11034;140.520897645219;-1.83349609375;-0.0263519287109375
4;11035;140.533097645188;-1.83135986328125;-0.026312255859375
4;11036;140.545297645157;-1.8280029296875;-0.02628173828125
4;11037;140.557497645126;-1.826171875;-0.0262603759765625
4;11038;140.569697645096;-1.82373046875;-0.02623291015625
4;11039;140.581897645065;-1.8212890625;-0.0261932373046875
4;11040;140.594097645034;-1.81854248046875;-0.026171875
4;11041;140.606297645003;-1.81549072265625;-0.0261505126953125
4;11042;140.618497644972;-1.81396484375;-0.026123046875
4;11043;140.630697644942;-1.81060791015625;-0.02608642578125
4;11044;140.642897644911;-1.80877685546875;-0.026043701171875
4;11045;140.65509764488;-1.80633544921875;-0.02603759765625
4;11046;140.667297644849;-1.8035888671875;-0.0260101318359375
4;11047;140.679497644818;-1.8011474609375;-0.0259490966796875
4;11048;140.691697644788;-1.79840087890625;-0.0259063720703125
4;11049;140.703897644757;-1.7962646484375;-0.0259124755859375
4;11050;140.716097644726;-1.79351806640625;-0.0258636474609375
4;11051;140.728297644695;-1.7913818359375;-0.025836181640625
4;11052;140.740497644664;-1.7889404296875;-0.025799560546875
4;11053;140.752697644634;-1.78558349609375;-0.025787353515625
4;11054;140.764897644603;-1.783447265625;-0.0257293701171875
4;11055;140.777097644572;-1.78131103515625;-0.0256866455078125
4;11056;140.789297644541;-1.77947998046875;-0.02569580078125
4;11057;140.80149764451;-1.7767333984375;-0.0256378173828125
4;11058;140.81369764448;-1.77398681640625;-0.0256072998046875
4;11059;140.825897644449;-1.7718505859375;-0.025579833984375
4;11060;140.838097644418;-1.76910400390625;-0.0255889892578125
4;11061;140.850297644387;-1.76727294921875;-0.0255828857421875
4;11062;140.862497644356;-1.763916015625;-0.0255615234375
4;11063;140.874697644326;-1.761474609375;-0.02552490234375
4;11064;140.886897644295;-1.75933837890625;-0.025592041015625
4;11065;140.899097644264;-1.75689697265625;-0.02559814453125
4;11066;140.911297644233;-1.754150390625;-0.025634765625
4;11067;140.923497644202;-1.75201416015625;-0.025579833984375
4;11068;140.935697644172;-1.74896240234375;-0.0255615234375
4;11069;140.947897644141;-1.74652099609375;-0.025494384765625
4;11070;140.96009764411;-1.74468994140625;-0.0254638671875
4;11071;140.972297644079;-1.741943359375;-0.0254425048828125
4;11072;140.984497644048;-1.739501953125;-0.0254486083984375
4;11073;140.996697644018;-1.7376708984375;-0.025390625
4;11074;141.008897643987;-1.73492431640625;-0.025360107421875
4;11075;141.021097643956;-1.732177734375;-0.0253570556640625
4;11076;141.033297643925;-1.73004150390625;-0.0253387451171875
4;11077;141.045497643894;-1.72698974609375;-0.0253082275390625
4;11078;141.057697643864;-1.72515869140625;-0.0252899169921875
4;11079;141.069897643833;-1.722412109375;-0.02528076171875
4;11080;141.082097643802;-1.71966552734375;-0.0252685546875
4;11081;141.094297643771;-1.717529296875;-0.0252349853515625
4;11082;141.10649764374;-1.71478271484375;-0.0252349853515625
4;11083;141.11869764371;-1.71295166015625;-0.02520751953125
4;11084;141.130897643679;-1.710205078125;-0.02515869140625
4;11085;141.143097643648;-1.70745849609375;-0.0251434326171875
4;11086;141.155297643617;-1.705322265625;-0.025146484375
4;11087;141.167497643586;-1.7034912109375;-0.0251251220703125
4;11088;141.179697643556;-1.6998291015625;-0.0250885009765625
4;11089;141.191897643525;-1.697998046875;-0.02506103515625
4;11090;141.204097643494;-1.695556640625;-0.025067138671875
4;11091;141.216297643463;-1.693115234375;-0.025048828125
4;11092;141.228497643432;-1.69036865234375;-0.0250213623046875
4;11093;141.240697643402;-1.6876220703125;-0.024993896484375
4;11094;141.252897643371;-1.6851806640625;-0.0249755859375
4;11095;141.26509764334;-1.68304443359375;-0.0249420166015625
4;11096;141.277297643309;-1.6802978515625;-0.0249420166015625
4;11097;141.289497643278;-1.67816162109375;-0.024932861328125
4;11098;141.301697643248;-1.6754150390625;-0.02490234375
4;11099;141.313897643217;-1.67266845703125;-0.02486572265625
4;11100;141.326097643186;-1.6705322265625;-0.0248565673828125
4;11101;141.338297643155;-1.66778564453125;-0.0248779296875
4;11102;141.350497643124;-1.6656494140625;-0.02490234375
4;11103;141.362697643093;-1.66351318359375;-0.0248565673828125
4;11104;141.374897643063;-1.6607666015625;-0.0248077392578125
4;11105;141.387097643032;-1.6583251953125;-0.0247894287109375
4;11106;141.399297643001;-1.6558837890625;-0.0247650146484375
4;11107;141.41149764297;-1.65313720703125;-0.0247283935546875
4;11108;141.423697642939;-1.65069580078125;-0.0247039794921875
4;11109;141.435897642909;-1.6485595703125;-0.0246978759765625
4;11110;141.448097642878;-1.646728515625;-0.0246246337890625
4;11111;141.460297642847;-1.64306640625;-0.024609375
4;11112;141.472497642816;-1.6412353515625;-0.0246429443359375
4;11113;141.484697642785;-1.6387939453125;-0.0245941162109375
4;11114;141.496897642755;-1.6363525390625;-0.0245758056640625
4;11115;141.509097642724;-1.63360595703125;-0.024542236328125
4;11116;141.521297642693;-1.63116455078125;-0.0245513916015625
4;11117;141.533497642662;-1.6290283203125;-0.024493408203125
4;11118;141.545697642631;-1.62628173828125;-0.0244781494140625
4;11119;141.557897642601;-1.62353515625;-0.0244476318359375
4;11120;141.57009764257;-1.6217041015625;-0.0244476318359375
4;11121;141.582297642539;-1.6192626953125;-0.0244232177734375
4;11122;141.594497642508;-1.61651611328125;-0.024395751953125
4;11123;141.606697642477;-1.61376953125;-0.0243988037109375
4;11124;141.618897642447;-1.6119384765625;-0.0243743896484375
4;11125;141.631097642416;-1.60888671875;-0.0243377685546875
4;11126;141.643297642385;-1.6064453125;-0.0243194580078125
4;11127;141.655497642354;-1.60400390625;-0.02431640625
4;11128;141.667697642323;-1.60125732421875;-0.0243011474609375
4;11129;141.679897642293;-1.59912109375;-0.0242584228515625
4;11130;141.692097642262;-1.59698486328125;-0.02423095703125
4;11131;141.704297642231;-1.59423828125;-0.0242401123046875
4;11132;141.7164976422;-1.59271240234375;-0.0242218017578125
4;11133;141.728697642169;-1.58905029296875;-0.02418212890625
4;11134;141.740897642139;-1.58660888671875;-0.024169921875
4;11135;141.753097642108;-1.58416748046875;-0.02415771484375
4;11136;141.765297642077;-1.58203125;-0.0241455078125
4;11137;141.777497642046;-1.57928466796875;-0.0241119384765625
4;11138;141.789697642015;-1.57684326171875;-0.02412109375
4;11139;141.801897641985;-1.57440185546875;-0.0240966796875
4;11140;141.814097641954;-1.572265625;-0.02406005859375
4;11141;141.826297641923;-1.56982421875;-0.02403564453125
4;11142;141.838497641892;-1.56707763671875;-0.024053955078125
4;11143;141.850697641861;-1.56463623046875;-0.0240447998046875
4;11144;141.862897641831;-1.56219482421875;-0.024005126953125
4;11145;141.8750976418;-1.55975341796875;-0.023992919921875
4;11146;141.887297641769;-1.5576171875;-0.0240020751953125
4;11147;141.899497641738;-1.55487060546875;-0.023980712890625
4;11148;141.911697641707;-1.55242919921875;-0.0239532470703125
4;11149;141.923897641677;-1.55059814453125;-0.0239532470703125
4;11150;141.936097641646;-1.54815673828125;-0.0239471435546875
4;11151;141.948297641615;-1.54510498046875;-0.0239105224609375
4;11152;141.960497641584;-1.54266357421875;-0.0239013671875
4;11153;141.972697641553;-1.54022216796875;-0.0239227294921875
4;11154;141.984897641523;-1.53778076171875;-0.023895263671875
4;11155;141.997097641492;-1.5350341796875;-0.023876953125
4;11156;142.009297641461;-1.5325927734375;-0.02386474609375
4;11157;142.02149764143;-1.5301513671875;-0.0238800048828125
4;11158;142.033697641399;-1.5283203125;-0.023883056640625
4;11159;142.045897641369;-1.52587890625;-0.0238555908203125
4;11160;142.058097641338;-1.52313232421875;-0.023834228515625
4;11161;142.070297641307;-1.52069091796875;-0.0238525390625
4;11162;142.082497641276;-1.5179443359375;-0.023846435546875
4;11163;142.094697641245;-1.51611328125;-0.0238250732421875
4;11164;142.106897641215;-1.5130615234375;-0.0238525390625
4;11165;142.119097641184;-1.5106201171875;-0.0238555908203125
4;11166;142.131297641153;-1.50848388671875;-0.023828125
4;11167;142.143497641122;-1.5057373046875;-0.0238372802734375
4;11168;142.155697641091;-1.5032958984375;-0.023870849609375
4;11169;142.167897641061;-1.50054931640625;-0.023870849609375
4;11170;142.18009764103;-1.4984130859375;-0.0238616943359375
4;11171;142.192297640999;-1.4959716796875;-0.0238494873046875
4;11172;142.204497640968;-1.49383544921875;-0.023876953125
4;11173;142.216697640937;-1.4910888671875;-0.0238861083984375
4;11174;142.228897640907;-1.48834228515625;-0.02386474609375
4;11175;142.241097640876;-1.48590087890625;-0.02386474609375
4;11176;142.253297640845;-1.48345947265625;-0.0238739013671875
4;11177;142.265497640814;-1.48101806640625;-0.023876953125
4;11178;142.277697640783;-1.47857666015625;-0.0238739013671875
4;11179;142.289897640753;-1.4764404296875;-0.0238922119140625
4;11180;142.302097640722;-1.4739990234375;-0.0239013671875
4;11181;142.314297640691;-1.47125244140625;-0.0238800048828125
4;11182;142.32649764066;-1.468505859375;-0.02388916015625
4;11183;142.338697640629;-1.46575927734375;-0.023919677734375
4;11184;142.350897640599;-1.4642333984375;-0.023919677734375
4;11185;142.363097640568;-1.461181640625;-0.0238922119140625
4;11186;142.375297640537;-1.45904541015625;-0.0239044189453125
4;11187;142.387497640506;-1.45599365234375;-0.0239105224609375
4;11188;142.399697640475;-1.4544677734375;-0.023919677734375
4;11189;142.411897640445;-1.451416015625;-0.023907470703125
4;11190;142.424097640414;-1.448974609375;-0.0239044189453125
4;11191;142.436297640383;-1.446533203125;-0.023919677734375
4;11192;142.448497640352;-1.444091796875;-0.0239105224609375
4;11193;142.460697640321;-1.441650390625;-0.023895263671875
4;11194;142.472897640291;-1.4385986328125;-0.02392578125
4;11195;142.48509764026;-1.436767578125;-0.02391357421875
4;11196;142.497297640229;-1.43463134765625;-0.0238800048828125
4;11197;142.509497640198;-1.431884765625;-0.0238983154296875
4;11198;142.521697640167;-1.429443359375;-0.023907470703125
4;11199;142.533897640137;-1.427001953125;-0.02391357421875
4;11200;142.546097640106;-1.42425537109375;-0.023883056640625
4;11201;142.558297640075;-1.422119140625;-0.0238861083984375
4;11202;142.570497640044;-1.41937255859375;-0.02388916015625
4;11203;142.582697640013;-1.417236328125;-0.02388916015625
4;11204;142.594897639982;-1.414794921875;-0.0238677978515625
4;11205;142.607097639952;-1.4117431640625;-0.02386474609375
4;11206;142.619297639921;-1.4093017578125;-0.0238677978515625
4;11207;142.63149763989;-1.40716552734375;-0.023846435546875
4;11208;142.643697639859;-1.405029296875;-0.0238372802734375
4;11209;142.655897639828;-1.40289306640625;-0.0238555908203125
4;11210;142.668097639798;-1.39984130859375;-0.0238433837890625
4;11211;142.680297639767;-1.397705078125;-0.02381591796875
4;11212;142.692497639736;-1.39495849609375;-0.0238189697265625
4;11213;142.704697639705;-1.39251708984375;-0.0238250732421875
4;11214;142.716897639674;-1.39007568359375;-0.0238189697265625
4;11215;142.729097639644;-1.38763427734375;-0.02379150390625
4;11216;142.741297639613;-1.385498046875;-0.02376708984375
4;11217;142.753497639582;-1.38275146484375;-0.0237762451171875
4;11218;142.765697639551;-1.3800048828125;-0.02376708984375
4;11219;142.77789763952;-1.37786865234375;-0.023748779296875
4;11220;142.79009763949;-1.37451171875;-0.0237274169921875
4;11221;142.802297639459;-1.373291015625;-0.0237213134765625
4;11222;142.814497639428;-1.3702392578125;-0.023699951171875
4;11223;142.826697639397;-1.3677978515625;-0.023681640625
4;11224;142.838897639366;-1.3653564453125;-0.023681640625
4;11225;142.851097639336;-1.3629150390625;-0.0236572265625
4;11226;142.863297639305;-1.36077880859375;-0.023638916015625
4;11227;142.875497639274;-1.3580322265625;-0.0236175537109375
4;11228;142.887697639243;-1.3555908203125;-0.0236236572265625
4;11229;142.899897639212;-1.3531494140625;-0.0236053466796875
4;11230;142.912097639182;-1.3507080078125;-0.023583984375
4;11231;142.924297639151;-1.34796142578125;-0.023565673828125
4;11232;142.93649763912;-1.34613037109375;-0.0235626220703125
4;11233;142.948697639089;-1.34246826171875;-0.023541259765625
4;11234;142.960897639058;-1.34063720703125;-0.0235321044921875
4;11235;142.973097639028;-1.33819580078125;-0.0235321044921875
4;11236;142.985297638997;-1.3360595703125;-0.023516845703125
4;11237;142.997497638966;-1.33331298828125;-0.0234771728515625
4;11238;143.009697638935;-1.33056640625;-0.02347412109375
4;11239;143.021897638904;-1.32904052734375;-0.0234771728515625
4;11240;143.034097638874;-1.32598876953125;-0.023455810546875
4;11241;143.046297638843;-1.3232421875;-0.0234344482421875
4;11242;143.058497638812;-1.3214111328125;-0.0234130859375
4;11243;143.070697638781;-1.3189697265625;-0.02342529296875
4;11244;143.08289763875;-1.31561279296875;-0.0234161376953125
4;11245;143.09509763872;-1.3134765625;-0.0233856201171875
4;11246;143.107297638689;-1.31134033203125;-0.0233795166015625
4;11247;143.119497638658;-1.30859375;-0.0233734130859375
4;11248;143.131697638627;-1.30645751953125;-0.0233612060546875
4;11249;143.143897638596;-1.3037109375;-0.023345947265625
4;11250;143.156097638566;-1.30157470703125;-0.023358154296875
4;11251;143.168297638535;-1.29852294921875;-0.02333984375
4;11252;143.180497638504;-1.29638671875;-0.0233154296875
4;11253;143.192697638473;-1.2945556640625;-0.0233123779296875
4;11254;143.204897638442;-1.29150390625;-0.0233184814453125
4;11255;143.217097638412;-1.28936767578125;-0.0233154296875
4;11256;143.229297638381;-1.28662109375;-0.0232879638671875
4;11257;143.24149763835;-1.2841796875;-0.023297119140625
4;11258;143.253697638319;-1.28173828125;-0.0233001708984375
4;11259;143.265897638288;-1.27899169921875;-0.023297119140625
4;11260;143.278097638258;-1.27685546875;-0.0232757568359375
4;11261;143.290297638227;-1.27410888671875;-0.0232879638671875
4;11262;143.302497638196;-1.27197265625;-0.023284912109375
4;11263;143.314697638165;-1.26922607421875;-0.0232696533203125
4;11264;143.326897638134;-1.26708984375;-0.023284912109375
4;11265;143.339097638104;-1.26434326171875;-0.023297119140625
4;11266;143.351297638073;-1.26190185546875;-0.0232940673828125
4;11267;143.363497638042;-1.25946044921875;-0.023284912109375
4;11268;143.375697638011;-1.2567138671875;-0.023291015625
4;11269;143.38789763798;-1.25396728515625;-0.0232940673828125
4;11270;143.40009763795;-1.25213623046875;-0.0233001708984375
4;11271;143.412297637919;-1.24969482421875;-0.0232940673828125
4;11272;143.424497637888;-1.24725341796875;-0.0232940673828125
4;11273;143.436697637857;-1.2445068359375;-0.02330322265625
4;11274;143.448897637826;-1.24237060546875;-0.0233001708984375
4;11275;143.461097637796;-1.23931884765625;-0.0233001708984375
4;11276;143.473297637765;-1.23748779296875;-0.0233154296875
4;11277;143.485497637734;-1.23504638671875;-0.02332763671875
4;11278;143.497697637703;-1.23260498046875;-0.023321533203125
4;11279;143.509897637672;-1.23016357421875;-0.023333740234375
4;11280;143.522097637642;-1.2274169921875;-0.0233367919921875
4;11281;143.534297637611;-1.2249755859375;-0.023358154296875
4;11282;143.54649763758;-1.22283935546875;-0.0233428955078125
4;11283;143.558697637549;-1.2200927734375;-0.0233489990234375
4;11284;143.570897637518;-1.21734619140625;-0.023370361328125
4;11285;143.583097637488;-1.2152099609375;-0.0233856201171875
4;11286;143.595297637457;-1.21307373046875;-0.0233795166015625
4;11287;143.607497637426;-1.2103271484375;-0.0233978271484375
4;11288;143.619697637395;-1.20819091796875;-0.0234130859375
4;11289;143.631897637364;-1.20513916015625;-0.023419189453125
4;11290;143.644097637334;-1.2030029296875;-0.0234283447265625
4;11291;143.656297637303;-1.2005615234375;-0.0234466552734375
4;11292;143.668497637272;-1.19781494140625;-0.023455810546875
4;11293;143.680697637241;-1.19598388671875;-0.02344970703125
4;11294;143.69289763721;-1.19293212890625;-0.02347412109375
4;11295;143.70509763718;-1.19049072265625;-0.023492431640625
4;11296;143.717297637149;-1.1883544921875;-0.023504638671875
4;11297;143.729497637118;-1.18560791015625;-0.0235076904296875
4;11298;143.741697637087;-1.1834716796875;-0.023516845703125
4;11299;143.753897637056;-1.18072509765625;-0.023529052734375
4;11300;143.766097637025;-1.17828369140625;-0.0235504150390625
4;11301;143.778297636995;-1.175537109375;-0.0235504150390625
4;11302;143.790497636964;-1.173095703125;-0.023577880859375
4;11303;143.802697636933;-1.17034912109375;-0.023583984375
4;11304;143.814897636902;-1.168212890625;-0.023590087890625
4;11305;143.827097636871;-1.16607666015625;-0.0235992431640625
4;11306;143.839297636841;-1.1639404296875;-0.02362060546875
4;11307;143.85149763681;-1.160888671875;-0.0236328125
4;11308;143.863697636779;-1.15814208984375;-0.0236297607421875
4;11309;143.875897636748;-1.156005859375;-0.02364501953125
4;11310;143.888097636717;-1.153564453125;-0.0236663818359375
4;11311;143.900297636687;-1.151123046875;-0.0236785888671875
4;11312;143.912497636656;-1.1480712890625;-0.0236846923828125
4;11313;143.924697636625;-1.146240234375;-0.02369384765625
4;11314;143.936897636594;-1.14349365234375;-0.0237152099609375
4;11315;143.949097636563;-1.141357421875;-0.023724365234375
4;11316;143.961297636533;-1.138916015625;-0.02373046875
4;11317;143.973497636502;-1.1370849609375;-0.0237518310546875
4;11318;143.985697636471;-1.134033203125;-0.0237640380859375
4;11319;143.99789763644;-1.1309814453125;-0.023773193359375
4;11320;144.010097636409;-1.12884521484375;-0.0237884521484375
4;11321;144.022297636379;-1.12701416015625;-0.02379150390625
4;11322;144.034497636348;-1.1236572265625;-0.02381591796875
4;11323;144.046697636317;-1.12152099609375;-0.0238189697265625
4;11324;144.058897636286;-1.119384765625;-0.0238311767578125
4;11325;144.071097636255;-1.116943359375;-0.0238433837890625
4;11326;144.083297636225;-1.114501953125;-0.023870849609375
4;11327;144.095497636194;-1.11175537109375;-0.023858642578125
4;11328;144.107697636163;-1.1090087890625;-0.023870849609375
4;11329;144.119897636132;-1.1065673828125;-0.02388916015625
4;11330;144.132097636101;-1.104736328125;-0.02388916015625
4;11331;144.144297636071;-1.102294921875;-0.0239013671875
4;11332;144.15649763604;-1.099853515625;-0.02391357421875
4;11333;144.168697636009;-1.097412109375;-0.0239105224609375
4;11334;144.180897635978;-1.094970703125;-0.0239166259765625
4;11335;144.193097635947;-1.09222412109375;-0.0239349365234375
4;11336;144.205297635917;-1.090087890625;-0.023956298828125
4;11337;144.217497635886;-1.08795166015625;-0.0239501953125
4;11338;144.229697635855;-1.08489990234375;-0.0239593505859375
4;11339;144.241897635824;-1.0821533203125;-0.023968505859375
4;11340;144.254097635793;-1.0797119140625;-0.023992919921875
4;11341;144.266297635763;-1.077880859375;-0.023992919921875
4;11342;144.278497635732;-1.0748291015625;-0.023992919921875
4;11343;144.290697635701;-1.0723876953125;-0.024005126953125
4;11344;144.30289763567;-1.0699462890625;-0.0240081787109375
4;11345;144.315097635639;-1.06842041015625;-0.02401123046875
4;11346;144.327297635609;-1.06536865234375;-0.0240203857421875
4;11347;144.339497635578;-1.06292724609375;-0.02403564453125
4;11348;144.351697635547;-1.0601806640625;-0.0240386962890625
4;11349;144.363897635516;-1.058349609375;-0.0240325927734375
4;11350;144.376097635485;-1.05560302734375;-0.0240447998046875
4;11351;144.388297635455;-1.05255126953125;-0.024066162109375
4;11352;144.400497635424;-1.0504150390625;-0.0240753173828125
4;11353;144.412697635393;-1.04827880859375;-0.0240753173828125
4;11354;144.424897635362;-1.0455322265625;-0.0240753173828125
4;11355;144.437097635331;-1.04339599609375;-0.0240936279296875
4;11356;144.449297635301;-1.0406494140625;-0.0241058349609375
4;11357;144.46149763527;-1.03790283203125;-0.0240997314453125
4;11358;144.473697635239;-1.03546142578125;-0.0241119384765625
4;11359;144.485897635208;-1.03302001953125;-0.024114990234375
4;11360;144.498097635177;-1.03057861328125;-0.02412109375
4;11361;144.510297635147;-1.02752685546875;-0.0241241455078125
4;11362;144.522497635116;-1.02569580078125;-0.0241302490234375
4;11363;144.534697635085;-1.02325439453125;-0.024139404296875
4;11364;144.546897635054;-1.0211181640625;-0.0241302490234375
4;11365;144.559097635023;-1.01837158203125;-0.0241455078125
4;11366;144.571297634993;-1.01593017578125;-0.024163818359375
4;11367;144.583497634962;-1.0137939453125;-0.024163818359375
4;11368;144.595697634931;-1.01165771484375;-0.0241668701171875
4;11369;144.6078976349;-1.00830078125;-0.024169921875
4;11370;144.620097634869;-1.0064697265625;-0.0241851806640625
4;11371;144.632297634839;-1.00341796875;-0.0241729736328125
4;11372;144.644497634808;-1.00067138671875;-0.02418212890625
4;11373;144.656697634777;-0.9991455078125;-0.024188232421875
4;11374;144.668897634746;-0.99639892578125;-0.0241973876953125
4;11375;144.681097634715;-0.9942626953125;-0.0241912841796875
4;11376;144.693297634685;-0.9918212890625;-0.02420654296875
4;11377;144.705497634654;-0.98907470703125;-0.024224853515625
4;11378;144.717697634623;-0.98663330078125;-0.024224853515625
4;11379;144.729897634592;-0.98419189453125;-0.0242156982421875
4;11380;144.742097634561;-0.9808349609375;-0.0242279052734375
4;11381;144.754297634531;-0.97930908203125;-0.024237060546875
4;11382;144.7664976345;-0.97625732421875;-0.024249267578125
4;11383;144.778697634469;-0.97381591796875;-0.0242431640625
4;11384;144.790897634438;-0.97137451171875;-0.024237060546875
4;11385;144.803097634407;-0.9686279296875;-0.024249267578125
4;11386;144.815297634377;-0.96649169921875;-0.0242462158203125
4;11387;144.827497634346;-0.96435546875;-0.02425537109375
4;11388;144.839697634315;-0.9619140625;-0.024267578125
4;11389;144.851897634284;-0.95947265625;-0.0242706298828125
4;11390;144.864097634253;-0.9564208984375;-0.0242645263671875
4;11391;144.876297634223;-0.95428466796875;-0.024261474609375
4;11392;144.888497634192;-0.9521484375;-0.024273681640625
4;11393;144.900697634161;-0.9490966796875;-0.0242828369140625
4;11394;144.91289763413;-0.94757080078125;-0.024273681640625
4;11395;144.925097634099;-0.94451904296875;-0.0242767333984375
4;11396;144.937297634068;-0.9423828125;-0.0242919921875
4;11397;144.949497634038;-0.93963623046875;-0.024285888671875
4;11398;144.961697634007;-0.93719482421875;-0.0242919921875
4;11399;144.973897633976;-0.93475341796875;-0.0242889404296875
4;11400;144.986097633945;-0.9320068359375;-0.024285888671875
4;11401;144.998297633914;-0.93048095703125;-0.0242889404296875
4;11402;145.010497633884;-0.92742919921875;-0.024298095703125
4;11403;145.022697633853;-0.92529296875;-0.024310302734375
4;11404;145.034897633822;-0.92254638671875;-0.024310302734375
4;11405;145.047097633791;-0.92010498046875;-0.0243011474609375
4;11406;145.05929763376;-0.91766357421875;-0.0243011474609375
4;11407;145.07149763373;-0.9149169921875;-0.024310302734375
4;11408;145.083697633699;-0.91339111328125;-0.0243194580078125
4;11409;145.095897633668;-0.91064453125;-0.0243011474609375
4;11410;145.108097633637;-0.908203125;-0.0243133544921875
4;11411;145.120297633606;-0.90484619140625;-0.024322509765625
4;11412;145.132497633576;-0.90240478515625;-0.02431640625
4;11413;145.144697633545;-0.9002685546875;-0.02431640625
4;11414;145.156897633514;-0.89813232421875;-0.0243133544921875
4;11415;145.169097633483;-0.89508056640625;-0.02431640625
4;11416;145.181297633452;-0.8929443359375;-0.0243072509765625
4;11417;145.193497633422;-0.89080810546875;-0.02431640625
4;11418;145.205697633391;-0.88775634765625;-0.024322509765625
4;11419;145.21789763336;-0.88531494140625;-0.024310302734375
4;11420;145.230097633329;-0.88287353515625;-0.0243072509765625
4;11421;145.242297633298;-0.8807373046875;-0.0243133544921875
4;11422;145.254497633268;-0.8782958984375;-0.0243194580078125
4;11423;145.266697633237;-0.8758544921875;-0.0243133544921875
4;11424;145.278897633206;-0.87310791015625;-0.024298095703125
4;11425;145.291097633175;-0.87066650390625;-0.024298095703125
4;11426;145.303297633144;-0.8685302734375;-0.0243011474609375
4;11427;145.315497633114;-0.8660888671875;-0.02430419921875
4;11428;145.327697633083;-0.8636474609375;-0.024298095703125
4;11429;145.339897633052;-0.86090087890625;-0.0242919921875
4;11430;145.352097633021;-0.85845947265625;-0.0242950439453125
4;11431;145.36429763299;-0.8563232421875;-0.0242828369140625
4;11432;145.37649763296;-0.853271484375;-0.024273681640625
4;11433;145.388697632929;-0.8514404296875;-0.0242645263671875
4;11434;145.400897632898;-0.84808349609375;-0.0242767333984375
4;11435;145.413097632867;-0.8465576171875;-0.02425537109375
4;11436;145.425297632836;-0.84381103515625;-0.0242462158203125
4;11437;145.437497632806;-0.84075927734375;-0.02425537109375
4;11438;145.449697632775;-0.83892822265625;-0.024249267578125
4;11439;145.461897632744;-0.836181640625;-0.024237060546875
4;11440;145.474097632713;-0.833740234375;-0.0242218017578125
4;11441;145.486297632682;-0.83099365234375;-0.02423095703125
4;11442;145.498497632652;-0.82916259765625;-0.024212646484375
4;11443;145.510697632621;-0.826416015625;-0.024237060546875
4;11444;145.52289763259;-0.8233642578125;-0.0242431640625
4;11445;145.535097632559;-0.82183837890625;-0.0242218017578125
4;11446;145.547297632528;-0.81878662109375;-0.0241912841796875
4;11447;145.559497632498;-0.81634521484375;-0.02418212890625
4;11448;145.571697632467;-0.8135986328125;-0.024163818359375
4;11449;145.583897632436;-0.811767578125;-0.024151611328125
4;11450;145.596097632405;-0.80902099609375;-0.0241241455078125
4;11451;145.608297632374;-0.80657958984375;-0.024102783203125
4;11452;145.620497632344;-0.80413818359375;-0.0240875244140625
4;11453;145.632697632313;-0.80169677734375;-0.0240814208984375
4;11454;145.644897632282;-0.799560546875;-0.0240509033203125
4;11455;145.657097632251;-0.79742431640625;-0.02403564453125
4;11456;145.66929763222;-0.794677734375;-0.0240142822265625
4;11457;145.68149763219;-0.792236328125;-0.024005126953125
4;11458;145.693697632159;-0.7891845703125;-0.02398681640625
4;11459;145.705897632128;-0.78704833984375;-0.0239715576171875
4;11460;145.718097632097;-0.78460693359375;-0.0239471435546875
4;11461;145.730297632066;-0.78216552734375;-0.0239166259765625
4;11462;145.742497632036;-0.78033447265625;-0.0238922119140625
4;11463;145.754697632005;-0.777587890625;-0.0238739013671875
4;11464;145.766897631974;-0.775146484375;-0.02384033203125
4;11465;145.779097631943;-0.772705078125;-0.0238067626953125
4;11466;145.791297631912;-0.76995849609375;-0.0237701416015625
4;11467;145.803497631882;-0.76751708984375;-0.0237548828125
4;11468;145.815697631851;-0.76507568359375;-0.023724365234375
4;11469;145.82789763182;-0.7623291015625;-0.023687744140625
4;11470;145.840097631789;-0.7598876953125;-0.0236602783203125
4;11471;145.852297631758;-0.7574462890625;-0.023626708984375
4;11472;145.864497631728;-0.755615234375;-0.023577880859375
4;11473;145.876697631697;-0.75286865234375;-0.0235382080078125
4;11474;145.888897631666;-0.7501220703125;-0.023516845703125
4;11475;145.901097631635;-0.747833251953125;-0.02347412109375
4;11476;145.913297631604;-0.74530029296875;-0.023419189453125
4;11477;145.925497631574;-0.742919921875;-0.023370361328125
4;11478;145.937697631543;-0.74041748046875;-0.0233428955078125
4;11479;145.949897631512;-0.737945556640625;-0.02327880859375
4;11480;145.962097631481;-0.73553466796875;-0.0232177734375
4;11481;145.97429763145;-0.733062744140625;-0.0231658935546875
4;11482;145.98649763142;-0.73065185546875;-0.0231201171875
4;11483;145.998697631389;-0.72808837890625;-0.0230377197265625
4;11484;146.010897631358;-0.7257080078125;-0.0229705810546875
4;11485;146.023097631327;-0.723236083984375;-0.0229278564453125
4;11486;146.035297631296;-0.720703125;-0.0228607177734375
4;11487;146.047497631266;-0.718353271484375;-0.0227752685546875
4;11488;146.059697631235;-0.71588134765625;-0.0226959228515625
4;11489;146.071897631204;-0.71343994140625;-0.022637939453125
4;11490;146.084097631173;-0.7109375;-0.0225494384765625
4;11491;146.096297631142;-0.70843505859375;-0.02244873046875
4;11492;146.108497631112;-0.70599365234375;-0.022357177734375
4;11493;146.120697631081;-0.70355224609375;-0.0222900390625
4;11494;146.13289763105;-0.70123291015625;-0.02218017578125
4;11495;146.145097631019;-0.69873046875;-0.022076416015625
4;11496;146.157297630988;-0.6961669921875;-0.0219818115234375
4;11497;146.169497630957;-0.693695068359375;-0.0218841552734375
4;11498;146.181697630927;-0.6912841796875;-0.0217529296875
4;11499;146.193897630896;-0.68878173828125;-0.0216339111328125
4;11500;146.206097630865;-0.68634033203125;-0.0215423583984375
4;11501;146.218297630834;-0.683868408203125;-0.0214080810546875
4;11502;146.230497630803;-0.681396484375;-0.021258544921875
4;11503;146.242697630773;-0.678955078125;-0.021124267578125
4;11504;146.254897630742;-0.67645263671875;-0.021014404296875
4;11505;146.267097630711;-0.674072265625;-0.02086181640625
4;11506;146.27929763068;-0.67156982421875;-0.020684814453125
4;11507;146.291497630649;-0.669158935546875;-0.0205169677734375
4;11508;146.303697630619;-0.6666259765625;-0.020379638671875
4;11509;146.315897630588;-0.664215087890625;-0.020196533203125
4;11510;146.328097630557;-0.6617431640625;-0.0200103759765625
4;11511;146.340297630526;-0.659271240234375;-0.01983642578125
4;11512;146.352497630495;-0.656890869140625;-0.0196502685546875
4;11513;146.364697630465;-0.654388427734375;-0.0194091796875
4;11514;146.376897630434;-0.65191650390625;-0.01920166015625
4;11515;146.389097630403;-0.64947509765625;-0.0190399169921875
4;11516;146.401297630372;-0.647003173828125;-0.018798828125
4;11517;146.413497630341;-0.644500732421875;-0.0185272216796875
4;11518;146.425697630311;-0.64208984375;-0.0182952880859375
4;11519;146.43789763028;-0.639617919921875;-0.0180877685546875
4;11520;146.450097630249;-0.63720703125;-0.0178253173828125
4;11521;146.462297630218;-0.634735107421875;-0.0175201416015625
4;11522;146.474497630187;-0.632293701171875;-0.017254638671875
4;11523;146.486697630157;-0.629791259765625;-0.0169891357421875
4;11524;146.498897630126;-0.6273193359375;-0.0166778564453125
4;11525;146.511097630095;-0.624847412109375;-0.016351318359375
4;11526;146.523297630064;-0.62249755859375;-0.0160675048828125
4;11527;146.535497630033;-0.61993408203125;-0.015753173828125
4;11528;146.547697630003;-0.61749267578125;-0.0153533935546875
4;11529;146.559897629972;-0.6151123046875;-0.01500244140625
4;11530;146.572097629941;-0.612579345703125;-0.0147186279296875
4;11531;146.58429762991;-0.610137939453125;-0.0143280029296875
4;11532;146.596497629879;-0.60772705078125;-0.0138824462890625
4;11533;146.608697629849;-0.605224609375;-0.01348876953125
4;11534;146.620897629818;-0.602783203125;-0.0131439208984375
4;11535;146.633097629787;-0.600311279296875;-0.0126983642578125
4;11536;146.645297629756;-0.597869873046875;-0.012255859375
4;11537;146.657497629725;-0.59539794921875;-0.0118408203125
4;11538;146.669697629695;-0.592926025390625;-0.01141357421875
4;11539;146.681897629664;-0.590484619140625;-0.0108978271484375
4;11540;146.694097629633;-0.588043212890625;-0.010418701171875
4;11541;146.706297629602;-0.585601806640625;-0.009991455078125
4;11542;146.718497629571;-0.583099365234375;-0.0094940185546875
4;11543;146.730697629541;-0.58062744140625;-0.00890502929687501
4;11544;146.74289762951;-0.57818603515625;-0.00837097167968751
4;11545;146.755097629479;-0.575653076171875;-0.00794677734375
4;11546;146.767297629448;-0.573272705078125;-0.007366943359375
4;11547;146.779497629417;-0.57086181640625;-0.0067169189453125
4;11548;146.791697629387;-0.568328857421875;-0.00614013671874999
4;11549;146.803897629356;-0.56591796875;-0.0056610107421875
4;11550;146.816097629325;-0.563446044921875;-0.0050201416015625
4;11551;146.828297629294;-0.560943603515625;-0.00440673828125
4;11552;146.840497629263;-0.55853271484375;-0.0038330078125
4;11553;146.852697629233;-0.556060791015625;-0.0032623291015625
4;11554;146.864897629202;-0.5535888671875;-0.0025299072265625
4;11555;146.877097629171;-0.551177978515625;-0.0019073486328125
4;11556;146.88929762914;-0.548675537109375;-0.00139770507812501
4;11557;146.901497629109;-0.546234130859375;-0.000726318359375006
4;11558;146.913697629079;-0.543792724609375;5.79833984375028E-05
4;11559;146.925897629048;-0.541351318359375;0.000689697265624997
4;11560;146.938097629017;-0.538848876953125;0.001239013671875
4;11561;146.950297628986;-0.536376953125;0.00191345214843749
4;11562;146.962497628955;-0.533935546875;0.00267639160156249
4;11563;146.974697628925;-0.53143310546875;0.0033416748046875
4;11564;146.986897628894;-0.529022216796875;0.00391540527343751
4;11565;146.999097628863;-0.526580810546875;0.004638671875
4;11566;147.011297628832;-0.52410888671875;0.00534667968749999
4;11567;147.023497628801;-0.521636962890625;0.00592956542968751
4;11568;147.035697628771;-0.51922607421875;0.00657958984375
4;11569;147.04789762874;-0.516693115234375;0.00739440917968751
4;11570;147.060097628709;-0.514251708984375;0.0080596923828125
4;11571;147.072297628678;-0.51177978515625;0.008514404296875
4;11572;147.084497628647;-0.509368896484375;0.0091888427734375
4;11573;147.096697628617;-0.50689697265625;0.00994873046875
4;11574;147.108897628586;-0.504486083984375;0.010595703125
4;11575;147.121097628555;-0.501953125;0.01107177734375
4;11576;147.133297628524;-0.499542236328125;0.0117523193359375
4;11577;147.145497628493;-0.497039794921875;0.0123931884765625
4;11578;147.157697628463;-0.494537353515625;0.0129608154296875
4;11579;147.169897628432;-0.492095947265625;0.013421630859375
4;11580;147.182097628401;-0.489654541015625;0.014105224609375
4;11581;147.19429762837;-0.487152099609375;0.0146484375
4;11582;147.206497628339;-0.4847412109375;0.015045166015625
4;11583;147.218697628309;-0.48236083984375;0.0155426025390625
4;11584;147.230897628278;-0.4798583984375;0.0162322998046875
4;11585;147.243097628247;-0.47735595703125;0.0167144775390625
4;11586;147.255297628216;-0.47491455078125;0.016961669921875
4;11587;147.267497628185;-0.472503662109375;0.0174224853515625
4;11588;147.279697628155;-0.469970703125;0.01796875
4;11589;147.291897628124;-0.467559814453125;0.018408203125
4;11590;147.304097628093;-0.465087890625;0.0186767578125
4;11591;147.316297628062;-0.462677001953125;0.019085693359375
4;11592;147.328497628031;-0.460174560546875;0.019500732421875
4;11593;147.340697628;-0.457733154296875;0.01971435546875
4;11594;147.35289762797;-0.455291748046875;0.0199920654296875
4;11595;147.365097627939;-0.452850341796875;0.0203887939453125
4;11596;147.377297627908;-0.450347900390625;0.0207061767578125
4;11597;147.389497627877;-0.447906494140625;0.02078857421875
4;11598;147.401697627846;-0.44537353515625;0.0210418701171875
4;11599;147.413897627816;-0.442962646484375;0.0213775634765625
4;11600;147.426097627785;-0.440582275390625;0.02154541015625
4;11601;147.438297627754;-0.438079833984375;0.02158203125
4;11602;147.450497627723;-0.435638427734375;0.021728515625
4;11603;147.462697627692;-0.43310546875;0.021966552734375
4;11604;147.474897627662;-0.430694580078125;0.0220733642578125
4;11605;147.487097627631;-0.42816162109375;0.0220794677734375
4;11606;147.4992976276;-0.425750732421875;0.0222015380859375
4;11607;147.511497627569;-0.423248291015625;0.022296142578125
4;11608;147.523697627538;-0.42083740234375;0.0222991943359375
4;11609;147.535897627508;-0.4183349609375;0.0223052978515625
4;11610;147.548097627477;-0.415924072265625;0.0224151611328125
4;11611;147.560297627446;-0.413421630859375;0.02242431640625
4;11612;147.572497627415;-0.4110107421875;0.022283935546875
4;11613;147.584697627384;-0.40850830078125;0.0222686767578125
4;11614;147.596897627354;-0.406036376953125;0.0223602294921875
4;11615;147.609097627323;-0.403594970703125;0.0223052978515625
4;11616;147.621297627292;-0.401153564453125;0.0221343994140625
4;11617;147.633497627261;-0.39874267578125;0.022088623046875
4;11618;147.64569762723;-0.396240234375;0.02205810546875
4;11619;147.6578976272;-0.393798828125;0.0219696044921875
4;11620;147.670097627169;-0.391326904296875;0.021807861328125
4;11621;147.682297627138;-0.388885498046875;0.021734619140625
4;11622;147.694497627107;-0.38641357421875;0.0216552734375
4;11623;147.706697627076;-0.3839111328125;0.021466064453125
4;11624;147.718897627046;-0.38153076171875;0.021319580078125
4;11625;147.731097627015;-0.37896728515625;0.0212799072265625
4;11626;147.743297626984;-0.3765869140625;0.0211090087890625
4;11627;147.755497626953;-0.3741455078125;0.02088623046875
4;11628;147.767697626922;-0.37164306640625;0.0207550048828125
4;11629;147.779897626892;-0.369171142578125;0.0206512451171875
4;11630;147.792097626861;-0.366668701171875;0.0204833984375
4;11631;147.80429762683;-0.364288330078125;0.0202484130859375
4;11632;147.816497626799;-0.361785888671875;0.020111083984375
4;11633;147.828697626768;-0.359344482421875;0.0199554443359375
4;11634;147.840897626738;-0.35693359375;0.0197784423828125
4;11635;147.853097626707;-0.3544921875;0.0195953369140625
4;11636;147.865297626676;-0.352020263671875;0.0194122314453125
4;11637;147.877497626645;-0.349517822265625;0.0192535400390625
4;11638;147.889697626614;-0.34710693359375;0.0190155029296875
4;11639;147.901897626584;-0.34454345703125;0.0188385009765625
4;11640;147.914097626553;-0.342193603515625;0.0187164306640625
4;11641;147.926297626522;-0.339691162109375;0.0185089111328125
4;11642;147.938497626491;-0.337249755859375;0.018267822265625
4;11643;147.95069762646;-0.334808349609375;0.0181060791015625
4;11644;147.96289762643;-0.332305908203125;0.0179443359375
4;11645;147.975097626399;-0.329864501953125;0.017755126953125
4;11646;147.987297626368;-0.327423095703125;0.0175384521484375
4;11647;147.999497626337;-0.324981689453125;0.01737060546875
4;11648;148.011697626306;-0.322479248046875;0.017205810546875
4;11649;148.023897626276;-0.320037841796875;0.017010498046875
4;11650;148.036097626245;-0.317596435546875;0.016815185546875
4;11651;148.048297626214;-0.3150634765625;0.016644287109375
4;11652;148.060497626183;-0.31268310546875;0.0164764404296875
4;11653;148.072697626152;-0.310150146484375;0.016241455078125
4;11654;148.084897626122;-0.3077392578125;0.016082763671875
4;11655;148.097097626091;-0.3052978515625;0.015924072265625
4;11656;148.10929762606;-0.302734375;0.0157623291015625
4;11657;148.121497626029;-0.30035400390625;0.0155517578125
4;11658;148.133697625998;-0.297882080078125;0.0153900146484375
4;11659;148.145897625968;-0.295379638671875;0.0152313232421875
4;11660;148.158097625937;-0.29302978515625;0.0150787353515625
4;11661;148.170297625906;-0.290557861328125;0.014892578125
4;11662;148.182497625875;-0.288055419921875;0.0147369384765625
4;11663;148.194697625844;-0.28558349609375;0.014569091796875
4;11664;148.206897625814;-0.28314208984375;0.014398193359375
4;11665;148.219097625783;-0.28070068359375;0.0142364501953125
4;11666;148.231297625752;-0.278289794921875;0.0141021728515625
4;11667;148.243497625721;-0.275787353515625;0.013958740234375
4;11668;148.25569762569;-0.273345947265625;0.0137786865234375
4;11669;148.26789762566;-0.2708740234375;0.01363525390625
4;11670;148.280097625629;-0.268402099609375;0.0135009765625
4;11671;148.292297625598;-0.26593017578125;0.0133575439453125
4;11672;148.304497625567;-0.263519287109375;0.0131866455078125
4;11673;148.316697625536;-0.2611083984375;0.01304931640625
4;11674;148.328897625506;-0.25860595703125;0.0129302978515625
4;11675;148.341097625475;-0.256134033203125;0.0127838134765625
4;11676;148.353297625444;-0.253662109375;0.012640380859375
4;11677;148.365497625413;-0.251190185546875;0.012518310546875
4;11678;148.377697625382;-0.24871826171875;0.0123809814453125
4;11679;148.389897625352;-0.246307373046875;0.012249755859375
4;11680;148.402097625321;-0.243804931640625;0.0121185302734375
4;11681;148.41429762529;-0.241363525390625;0.012005615234375
4;11682;148.426497625259;-0.238922119140625;0.011883544921875
4;11683;148.438697625228;-0.2364501953125;0.0117462158203125
4;11684;148.450897625198;-0.233978271484375;0.0116180419921875
4;11685;148.463097625167;-0.23150634765625;0.011529541015625
4;11686;148.475297625136;-0.22906494140625;0.0114105224609375
4;11687;148.487497625105;-0.22662353515625;0.0112762451171875
4;11688;148.499697625074;-0.22418212890625;0.0111785888671875
4;11689;148.511897625044;-0.221649169921875;0.011065673828125
4;11690;148.524097625013;-0.21923828125;0.0109588623046875
4;11691;148.536297624982;-0.216827392578125;0.010845947265625
4;11692;148.548497624951;-0.21435546875;0.0107391357421875
4;11693;148.56069762492;-0.211883544921875;0.010638427734375
4;11694;148.572897624889;-0.209442138671875;0.01053466796875
4;11695;148.585097624859;-0.206939697265625;0.01043701171875
4;11696;148.597297624828;-0.20452880859375;0.010357666015625
4;11697;148.609497624797;-0.20208740234375;0.010260009765625
4;11698;148.621697624766;-0.1995849609375;0.0101470947265625
4;11699;148.633897624735;-0.197174072265625;0.010052490234375
4;11700;148.646097624705;-0.19464111328125;0.00997314453125001
4;11701;148.658297624674;-0.192169189453125;0.00987548828125
4;11702;148.670497624643;-0.189727783203125;0.00977172851562499
4;11703;148.682697624612;-0.187286376953125;0.00968322753906251
4;11704;148.694897624581;-0.184844970703125;0.00960388183593749
4;11705;148.707097624551;-0.182403564453125;0.0095184326171875
4;11706;148.71929762452;-0.17987060546875;0.0094268798828125
4;11707;148.731497624489;-0.177490234375;0.009356689453125
4;11708;148.743697624458;-0.17498779296875;0.0092803955078125
4;11709;148.755897624427;-0.172515869140625;0.0091888427734375
4;11710;148.768097624397;-0.170074462890625;0.0091278076171875
4;11711;148.780297624366;-0.1676025390625;0.0090484619140625
4;11712;148.792497624335;-0.1651611328125;0.0089691162109375
4;11713;148.804697624304;-0.162689208984375;0.00887451171875001
4;11714;148.816897624273;-0.16021728515625;0.00880126953125
4;11715;148.829097624243;-0.15777587890625;0.00873718261718751
4;11716;148.841297624212;-0.1553955078125;0.0086639404296875
4;11717;148.853497624181;-0.152801513671875;0.0085906982421875
4;11718;148.86569762415;-0.150482177734375;0.00853576660156249
4;11719;148.877897624119;-0.14794921875;0.00847778320312501
4;11720;148.890097624089;-0.145477294921875;0.0084075927734375
4;11721;148.902297624058;-0.143035888671875;0.00833740234374999
4;11722;148.914497624027;-0.140594482421875;0.00827941894531251
4;11723;148.926697623996;-0.138153076171875;0.00821533203124999
4;11724;148.938897623965;-0.135589599609375;0.008148193359375
4;11725;148.951097623935;-0.133148193359375;0.0080841064453125
4;11726;148.963297623904;-0.130767822265625;0.008038330078125
4;11727;148.975497623873;-0.128326416015625;0.00798645019531249
4;11728;148.987697623842;-0.125823974609375;0.00791015624999999
4;11729;148.999897623811;-0.123382568359375;0.0078582763671875
4;11730;149.012097623781;-0.12091064453125;0.0078125
4;11731;149.02429762375;-0.118438720703125;0.00777587890625001
4;11732;149.036497623719;-0.115997314453125;0.00773010253906251
4;11733;149.048697623688;-0.113525390625;0.00765380859375001
4;11734;149.060897623657;-0.111083984375;0.0076171875
4;11735;149.073097623627;-0.108612060546875;0.007550048828125
4;11736;149.085297623596;-0.106201171875;0.00750122070312501
4;11737;149.097497623565;-0.103759765625;0.00745849609375
4;11738;149.109697623534;-0.101287841796875;0.0074127197265625
4;11739;149.121897623503;-0.098785400390625;0.00734863281250001
4;11740;149.134097623473;-0.096343994140625;0.007305908203125
4;11741;149.146297623442;-0.0938720703125;0.00726928710937499
4;11742;149.158497623411;-0.091461181640625;0.0072174072265625
4;11743;149.17069762338;-0.088958740234375;0.007171630859375
4;11744;149.182897623349;-0.08648681640625;0.00713195800781249
4;11745;149.195097623319;-0.08404541015625;0.00710144042968749
4;11746;149.207297623288;-0.081573486328125;0.007061767578125
4;11747;149.219497623257;-0.07916259765625;0.0070220947265625
4;11748;149.231697623226;-0.07666015625;0.0069915771484375
4;11749;149.243897623195;-0.07421875;0.006939697265625
4;11750;149.256097623165;-0.071746826171875;0.00689697265625
4;11751;149.268297623134;-0.069244384765625;0.0068634033203125
4;11752;149.280497623103;-0.06683349609375;0.00684509277343751
4;11753;149.292697623072;-0.06439208984375;0.00679931640625001
4;11754;149.304897623041;-0.061920166015625;0.0068023681640625
4;11755;149.317097623011;-0.059478759765625;0.006732177734375
4;11756;149.32929762298;-0.05706787109375;0.0066986083984375
4;11757;149.341497622949;-0.05450439453125;0.006671142578125
4;11758;149.353697622918;-0.0521240234375;0.0066253662109375
4;11759;149.365897622887;-0.0495697021484375;0.0065948486328125
4;11760;149.378097622857;-0.047100830078125;0.0065582275390625
4;11761;149.390297622826;-0.04464111328125;0.0065277099609375
4;11762;149.402497622795;-0.0421783447265625;0.0064971923828125
4;11763;149.414697622764;-0.03973388671875;0.00647583007812499
4;11764;149.426897622733;-0.037261962890625;0.00644531249999999
4;11765;149.439097622703;-0.0348388671875;0.006427001953125
4;11766;149.451297622672;-0.032366943359375;0.0063812255859375
4;11767;149.463497622641;-0.0298980712890625;0.00635986328125
4;11768;149.47569762261;-0.0274322509765625;0.00632324218749999
4;11769;149.487897622579;-0.02498779296875;0.00629272460937499
4;11770;149.500097622549;-0.022528076171875;0.00627746582031249
4;11771;149.512297622518;-0.0200653076171875;0.006256103515625
4;11772;149.524497622487;-0.0176239013671875;0.00623168945312499
4;11773;149.536697622456;-0.0151397705078125;0.00618896484375001
4;11774;149.548897622425;-0.0126800537109375;0.00615234375
4;11775;149.561097622395;-0.0102264404296875;0.00614318847656251
4;11776;149.573297622364;-0.007769775390625;0.006146240234375
4;11777;149.585497622333;-0.0053253173828125;0.0061004638671875
4;11778;149.597697622302;-0.002886962890625;0.00608215332031251
4;11779;149.609897622271;-0.0004119873046875;0.0060546875
