Time (s);WE(1).Potential (V);WE(1).Current (A);Corrected time (s);Index;Current range;Overload
31.8180389196672;-0.76416015625;2.34588623046875;0;1;1 A;Current overload
31.8280389196419;-0.74505615234375;2.3455810546875;0.00999999997475243;2;1 A;Current overload
31.8380389196167;-0.732666015625;2.34527587890625;0.0199999999495049;3;1 A;Current overload
31.8480389195914;-0.72412109375;2.34527587890625;0.0299999999242573;4;1 A;Current overload
31.8580389195662;-0.71759033203125;2.344970703125;0.0399999998990097;5;1 A;Current overload
31.8680389195409;-0.712738037109375;2.344970703125;0.0499999998737621;6;1 A;Current overload
31.8780389195157;-0.71044921875;2.344970703125;0.0599999998485146;7;1 A;Current overload
31.8880389194904;-0.707366943359375;2.34466552734375;0.069999999823267;8;1 A;Current overload
31.8980389194652;-0.70416259765625;2.34466552734375;0.0799999997980194;9;1 A;Current overload
31.9080389194399;-0.700897216796875;2.34466552734375;0.0899999997727718;10;1 A;Current overload
31.9180389194147;-0.69732666015625;2.34466552734375;0.0999999997475243;11;1 A;Current overload
31.9280389193895;-0.69573974609375;2.3443603515625;0.109999999722277;12;1 A;Current overload
31.9380389193642;-0.69482421875;2.3443603515625;0.119999999697029;13;1 A;Current overload
31.948038919339;-0.6934814453125;2.3443603515625;0.129999999671782;14;1 A;Current overload
31.9580389193137;-0.69183349609375;2.3443603515625;0.139999999646534;15;1 A;Current overload
31.9680389192885;-0.68902587890625;2.3443603515625;0.149999999621286;16;1 A;Current overload
31.9780389192632;-0.68707275390625;2.3443603515625;0.159999999596039;17;1 A;Current overload
31.988038919238;-0.68560791015625;2.3443603515625;0.169999999570791;18;1 A;Current overload
31.9980389192127;-0.685638427734375;2.34405517578125;0.179999999545544;19;1 A;Current overload
32.0080389191875;-0.68536376953125;2.34405517578125;0.189999999520296;20;1 A;Current overload
32.0180389191622;-0.68341064453125;2.34405517578125;0.199999999495049;21;1 A;Current overload
32.028038919137;-0.68194580078125;2.34405517578125;0.209999999469801;22;1 A;Current overload
32.0380389191117;-0.6798095703125;2.34405517578125;0.219999999444553;23;1 A;Current overload
32.0480389190865;-0.67901611328125;2.34405517578125;0.229999999419306;24;1 A;Current overload
32.0580389190612;-0.6796875;2.34405517578125;0.239999999394058;25;1 A;Current overload
32.068038919036;-0.678802490234375;2.34405517578125;0.249999999368811;26;1 A;Current overload
32.0780389190107;-0.678192138671875;2.34405517578125;0.259999999343563;27;1 A;Current overload
32.0880389189855;-0.67620849609375;2.34375;0.269999999318316;28;1 A;Current overload
32.0980389189602;-0.674713134765625;2.34375;0.279999999293068;29;1 A;Current overload
32.108038918935;-0.674407958984375;2.34375;0.28999999926782;30;1 A;Current overload
32.1180389189097;-0.674713134765625;2.34375;0.299999999242573;31;1 A;Current overload
32.1280389188845;-0.67474365234375;2.34375;0.309999999217325;32;1 A;Current overload
32.1380389188593;-0.673492431640625;2.34375;0.319999999192078;33;1 A;Current overload
32.148038918834;-0.671844482421875;2.34375;0.32999999916683;34;1 A;Current overload
32.1580389188088;-0.670867919921875;2.34375;0.339999999141583;35;1 A;Current overload
32.1680389187835;-0.67022705078125;2.34375;0.349999999116335;36;1 A;Current overload
32.1780389187583;-0.671142578125;2.34375;0.359999999091087;37;1 A;Current overload
32.188038918733;-0.671051025390625;2.34344482421875;0.36999999906584;38;1 A;Current overload
32.1980389187078;-0.669677734375;2.34344482421875;0.379999999040592;39;1 A;Current overload
32.2080389186825;-0.668731689453125;2.34344482421875;0.389999999015345;40;1 A;Current overload
32.2180389186573;-0.667144775390625;2.34344482421875;0.399999998990097;41;1 A;Current overload
32.228038918632;-0.667266845703125;2.34344482421875;0.40999999896485;42;1 A;Current overload
32.2380389186068;-0.667877197265625;2.34344482421875;0.419999998939602;43;1 A;Current overload
32.2480389185815;-0.66741943359375;2.34344482421875;0.429999998914354;44;1 A;Current overload
32.2580389185563;-0.66693115234375;2.34344482421875;0.439999998889107;45;1 A;Current overload
32.268038918531;-0.665283203125;2.34344482421875;0.449999998863859;46;1 A;Current overload
32.2780389185058;-0.66455078125;2.34344482421875;0.459999998838612;47;1 A;Current overload
32.2880389184805;-0.66436767578125;2.34344482421875;0.469999998813364;48;1 A;Current overload
32.2980389184553;-0.6650390625;2.34344482421875;0.479999998788116;49;1 A;Current overload
32.30803891843;-0.66534423828125;2.34344482421875;0.489999998762869;50;1 A;Current overload
32.3180389184048;-0.663726806640625;2.34344482421875;0.499999998737621;51;1 A;Current overload
32.3280389183795;-0.66302490234375;2.3431396484375;0.509999998712374;52;1 A;Current overload
32.3380389183543;-0.66217041015625;2.3431396484375;0.519999998687126;53;1 A;Current overload
32.3480389183291;-0.661956787109375;2.3431396484375;0.529999998661879;54;1 A;Current overload
32.3580389183038;-0.6630859375;2.3431396484375;0.539999998636631;55;1 A;Current overload
32.3680389182786;-0.6624755859375;2.3431396484375;0.549999998611383;56;1 A;Current overload
32.3780389182533;-0.6617431640625;2.3431396484375;0.559999998586136;57;1 A;Current overload
32.3880389182281;-0.66070556640625;2.3431396484375;0.569999998560888;58;1 A;Current overload
32.3980389182028;-0.659881591796875;2.3431396484375;0.579999998535641;59;1 A;Current overload
32.4080389181776;-0.66046142578125;2.3431396484375;0.589999998510393;60;1 A;Current overload
32.4180389181523;-0.660919189453125;2.3431396484375;0.599999998485146;61;1 A;Current overload
32.4280389181271;-0.66094970703125;2.3431396484375;0.609999998459898;62;1 A;Current overload
32.4380389181018;-0.659820556640625;2.3431396484375;0.61999999843465;63;1 A;Current overload
32.4480389180766;-0.65875244140625;2.3431396484375;0.629999998409403;64;1 A;Current overload
32.4580389180513;-0.658660888671875;2.3431396484375;0.639999998384155;65;1 A;Current overload
32.4680389180261;-0.65863037109375;2.3431396484375;0.649999998358908;66;1 A;Current overload
32.4780389180008;-0.6595458984375;2.3431396484375;0.65999999833366;67;1 A;Current overload
32.4880389179756;-0.65948486328125;2.3431396484375;0.669999998308413;68;1 A;Current overload
32.4980389179503;-0.657958984375;2.3431396484375;0.679999998283165;69;1 A;Current overload
32.5080389179251;-0.65753173828125;2.34283447265625;0.689999998257917;70;1 A;Current overload
32.5180389178998;-0.6568603515625;2.34283447265625;0.69999999823267;71;1 A;Current overload
32.5280389178746;-0.65753173828125;2.34283447265625;0.709999998207422;72;1 A;Current overload
32.5380389178493;-0.658416748046875;2.34283447265625;0.719999998182175;73;1 A;Current overload
32.5480389178241;-0.65777587890625;2.34283447265625;0.729999998156927;74;1 A;Current overload
32.5580389177989;-0.65692138671875;2.34283447265625;0.73999999813168;75;1 A;Current overload
32.5680389177736;-0.655731201171875;2.34283447265625;0.749999998106432;76;1 A;Current overload
32.5780389177484;-0.655731201171875;2.34283447265625;0.759999998081184;77;1 A;Current overload
32.5880389177231;-0.656158447265625;2.34283447265625;0.769999998055937;78;1 A;Current overload
32.5980389176979;-0.656982421875;2.34283447265625;0.779999998030689;79;1 A;Current overload
32.6080389176726;-0.65692138671875;2.34283447265625;0.789999998005442;80;1 A;Current overload
32.6180389176474;-0.654998779296875;2.34283447265625;0.799999997980194;81;1 A;Current overload
32.6280389176221;-0.654571533203125;2.34283447265625;0.809999997954947;82;1 A;Current overload
32.6380389175969;-0.654449462890625;2.34283447265625;0.819999997929699;83;1 A;Current overload
32.6480389175716;-0.65472412109375;2.34283447265625;0.829999997904451;84;1 A;Current overload
32.6580389175464;-0.655853271484375;2.34283447265625;0.839999997879204;85;1 A;Current overload
32.6680389175211;-0.655059814453125;2.342529296875;0.849999997853956;86;1 A;Current overload
32.6780389174959;-0.653289794921875;2.342529296875;0.859999997828709;87;1 A;Current overload
32.6880389174706;-0.652618408203125;2.342529296875;0.869999997803461;88;1 A;Current overload
32.6980389174454;-0.652679443359375;2.342529296875;0.879999997778214;89;1 A;Current overload
32.7080389174201;-0.653656005859375;2.342529296875;0.889999997752966;90;1 A;Current overload
32.7180389173949;-0.65423583984375;2.342529296875;0.899999997727718;91;1 A;Current overload
32.7280389173696;-0.65313720703125;2.342529296875;0.909999997702471;92;1 A;Current overload
32.7380389173444;-0.651031494140625;2.342529296875;0.919999997677223;93;1 A;Current overload
32.7480389173191;-0.650115966796875;2.342529296875;0.929999997651976;94;1 A;Current overload
32.7580389172939;-0.650970458984375;2.342529296875;0.939999997626728;95;1 A;Current overload
32.7680389172687;-0.651611328125;2.342529296875;0.949999997601481;96;1 A;Current overload
32.7780389172434;-0.65228271484375;2.342529296875;0.959999997576233;97;1 A;Current overload
32.7880389172182;-0.65093994140625;2.342529296875;0.969999997550985;98;1 A;Current overload
32.7980389171929;-0.647125244140625;2.34222412109375;0.979999997525738;99;1 A;Current overload
32.8080389171677;-0.646881103515625;2.34222412109375;0.98999999750049;100;1 A;Current overload
32.8180389171424;-0.647674560546875;2.34222412109375;0.999999997475243;101;1 A;Current overload
32.8280389171172;-0.648834228515625;2.34222412109375;1.00999999745;102;1 A;Current overload
32.8380389170919;-0.649261474609375;2.34222412109375;1.01999999742475;103;1 A;Current overload
32.8480389170667;-0.646392822265625;2.34222412109375;1.0299999973995;104;1 A;Current overload
32.8580389170414;-0.642364501953125;2.34222412109375;1.03999999737425;105;1 A;Current overload
32.8680389170162;-0.64190673828125;2.34222412109375;1.049999997349;106;1 A;Current overload
32.8780389169909;-0.643524169921875;2.34222412109375;1.05999999732376;107;1 A;Current overload
32.8880389169657;-0.64495849609375;2.34222412109375;1.06999999729851;108;1 A;Current overload
32.8980389169404;-0.644805908203125;2.34222412109375;1.07999999727326;109;1 A;Current overload
32.9080389169152;-0.641082763671875;2.34222412109375;1.08999999724801;110;1 A;Current overload
32.9180389168899;-0.63555908203125;2.34222412109375;1.09999999722277;111;1 A;Current overload
32.9280389168647;-0.635467529296875;2.3419189453125;1.10999999719752;112;1 A;Current overload
32.9380389168394;-0.63812255859375;2.3419189453125;1.11999999717227;113;1 A;Current overload
32.9480389168142;-0.6392822265625;2.3419189453125;1.12999999714702;114;1 A;Current overload
32.958038916789;-0.638885498046875;2.3419189453125;1.13999999712178;115;1 A;Current overload
32.9680389167637;-0.63330078125;2.3419189453125;1.14999999709653;116;1 A;Current overload
32.9780389167385;-0.62640380859375;2.3419189453125;1.15999999707128;117;1 A;Current overload
32.9880389167132;-0.626953125;2.3419189453125;1.16999999704603;118;1 A;Current overload
32.998038916688;-0.629913330078125;2.3419189453125;1.17999999702079;119;1 A;Current overload
33.0080389166627;-0.6318359375;2.3419189453125;1.18999999699554;120;1 A;Current overload
33.0180389166375;-0.63018798828125;2.3419189453125;1.19999999697029;121;1 A;Current overload
33.0280389166122;-0.6214599609375;2.34161376953125;1.20999999694504;122;1 A;Current overload
33.038038916587;-0.613128662109375;2.34161376953125;1.2199999969198;123;1 A;Current overload
33.0480389165617;-0.61322021484375;2.34161376953125;1.22999999689455;124;1 A;Current overload
33.0580389165365;-0.617340087890625;2.34161376953125;1.2399999968693;125;1 A;Current overload
33.0680389165112;-0.618927001953125;2.34161376953125;1.24999999684405;126;1 A;Current overload
33.078038916486;-0.615203857421875;2.34161376953125;1.25999999681881;127;1 A;Current overload
33.0880389164607;-0.60345458984375;2.34130859375;1.26999999679356;128;1 A;Current overload
33.0980389164355;-0.592864990234375;2.34130859375;1.27999999676831;129;1 A;Current overload
33.1080389164102;-0.5931396484375;2.34130859375;1.28999999674306;130;1 A;Current overload
33.118038916385;-0.597412109375;2.34130859375;1.29999999671782;131;1 A;Current overload
33.1280389163597;-0.598480224609375;2.34130859375;1.30999999669257;132;1 A;Current overload
33.1380389163345;-0.591400146484375;2.34130859375;1.31999999666732;133;1 A;Current overload
33.1480389163092;-0.57269287109375;2.34100341796875;1.32999999664207;134;1 A;Current overload
33.158038916284;-0.558502197265625;2.34100341796875;1.33999999661683;135;1 A;Current overload
33.1680389162588;-0.555023193359375;2.34100341796875;1.34999999659158;136;1 A;Current overload
33.1780389162335;-0.55682373046875;2.3406982421875;1.35999999656633;137;1 A;Current overload
33.1880389162083;-0.553863525390625;2.3406982421875;1.36999999654108;138;1 A;Current overload
33.198038916183;-0.533599853515625;2.34039306640625;1.37999999651583;139;1 A;Current overload
33.2080389161578;-0.50018310546875;2.34039306640625;1.38999999649059;140;1 A;Current overload
33.2180389161325;-0.47589111328125;2.340087890625;1.39999999646534;141;1 A;Current overload
33.2280389161073;-0.462188720703125;2.340087890625;1.40999999644009;142;1 A;Current overload
33.238038916082;-0.446990966796875;2.33978271484375;1.41999999641484;143;1 A;Current overload
33.2480389160568;-0.4090576171875;2.33917236328125;1.4299999963896;144;1 A;Current overload
33.2580389160315;-0.29449462890625;2.337646484375;1.43999999636435;145;1 A;Current overload
33.2680389160063;-0.160064697265625;2.33642578125;1.4499999963391;146;1 A;Current overload
33.278038915981;-0.1024169921875;2.15484619140625;1.45999999631385;147;1 A;Current overload
33.2880389159558;-0.0994873046875;1.8218994140625;1.46999999628861;148;1 A;
33.2980389159305;-0.099578857421875;1.5460205078125;1.47999999626336;149;1 A;
33.3080389159053;-0.0997314453125;1.29913330078125;1.48999999623811;150;1 A;
33.31803891588;-0.099639892578125;1.041259765625;1.49999999621286;151;1 A;
33.3280389158548;-0.099639892578125;0.86212158203125;1.50999999618762;152;1 A;
33.3380389158295;-0.099822998046875;0.77880859375;1.51999999616237;153;1 A;
33.3480389158043;-0.09979248046875;0.65185546875;1.52999999613712;154;1 A;
33.358038915779;-0.100067138671875;0.60089111328125;1.53999999611187;155;1 A;
33.3680389157538;-0.099884033203125;0.533447265625;1.54999999608663;156;1 A;
33.3780389157286;-0.099822998046875;0.44830322265625;1.55999999606138;157;1 A;
33.3880389157033;-0.09991455078125;0.438995361328125;1.56999999603613;158;1 A;
33.3980389156781;-0.099884033203125;0.41668701171875;1.57999999601088;159;1 A;
33.4080389156528;-0.099884033203125;0.387176513671875;1.58999999598564;160;1 A;
33.4180389156276;-0.099853515625;0.342529296875;1.59999999596039;161;1 A;
33.4280389156023;-0.0997314453125;0.305877685546875;1.60999999593514;162;1 A;
33.4380389155771;-0.099945068359375;0.270538330078125;1.61999999590989;163;1 A;
33.4480389155518;-0.09979248046875;0.244781494140625;1.62999999588465;164;1 A;
33.4580389155266;-0.099884033203125;0.2398681640625;1.6399999958594;165;1 A;
33.4680389155013;-0.099853515625;0.20672607421875;1.64999999583415;166;1 A;
33.4780389154761;-0.099853515625;0.183197021484375;1.6599999958089;167;1 A;
33.4880389154508;-0.099822998046875;0.159088134765625;1.66999999578366;168;1 A;
33.4980389154256;-0.099945068359375;0.146575927734375;1.67999999575841;169;1 A;
33.5080389154003;-0.099945068359375;0.134490966796875;1.68999999573316;170;1 A;
33.5180389153751;-0.099822998046875;0.124755859375;1.69999999570791;171;1 A;
33.5280389153498;-0.099822998046875;0.11663818359375;1.70999999568267;172;1 A;
33.5380389153246;-0.099884033203125;0.109771728515625;1.71999999565742;173;1 A;
33.5480389152993;-0.099884033203125;0.106658935546875;1.72999999563217;174;1 A;
33.5580389152741;-0.099884033203125;0.099273681640625;1.73999999560692;175;1 A;
33.5680389152488;-0.099884033203125;0.09686279296875;1.74999999558167;176;1 A;
33.5780389152236;-0.099822998046875;0.091064453125;1.75999999555643;177;1 A;
33.5880389151984;-0.099884033203125;0.08697509765625;1.76999999553118;178;1 A;
33.5980389151731;-0.099853515625;0.082763671875;1.77999999550593;179;1 A;
33.6080389151479;-0.099884033203125;0.079345703125;1.78999999548068;180;1 A;
33.6180389151226;-0.099853515625;0.075958251953125;1.79999999545544;181;1 A;
33.6280389150974;-0.099884033203125;0.072265625;1.80999999543019;182;1 A;
33.6380389150721;-0.099822998046875;0.070648193359375;1.81999999540494;183;1 A;
33.6480389150469;-0.099853515625;0.067413330078125;1.82999999537969;184;1 A;
33.6580389150216;-0.099884033203125;0.065185546875;1.83999999535445;185;1 A;
33.6680389149964;-0.099945068359375;0.062591552734375;1.8499999953292;186;1 A;
33.6780389149711;-0.099945068359375;0.0601806640625;1.85999999530395;187;1 A;
33.6880389149459;-0.099884033203125;0.058807373046875;1.8699999952787;188;1 A;
33.6980389149206;-0.099884033203125;0.056427001953125;1.87999999525346;189;1 A;
33.7080389148954;-0.0999755859375;0.054840087890625;1.88999999522821;190;1 A;
33.7180389148701;-0.099884033203125;0.052978515625;1.89999999520296;191;1 A;
33.7280389148449;-0.099884033203125;0.05267333984375;1.90999999517771;192;1 A;
33.7380389148196;-0.099822998046875;0.04986572265625;1.91999999515247;193;1 A;
33.7480389147944;-0.099853515625;0.048089599609375;1.92999999512722;194;1 A;
33.7580389147691;-0.099884033203125;0.046728515625;1.93999999510197;195;1 A;
33.7680389147439;-0.099884033203125;0.044970703125;1.94999999507672;196;1 A;
33.7780389147186;-0.099822998046875;0.0438446044921875;1.95999999505148;197;1 A;
33.7880389146934;-0.099884033203125;0.0421722412109375;1.96999999502623;198;1 A;
33.7980389146682;-0.099822998046875;0.0409576416015625;1.97999999500098;199;1 A;
33.8080389146429;-0.099853515625;0.0396087646484375;1.98999999497573;200;1 A;
33.8180389146177;-0.099853515625;0.0388214111328125;1.99999999495049;201;1 A;
33.8280389145924;-0.099853515625;0.0375946044921875;2.00999999492524;202;1 A;
33.8380389145672;-0.099853515625;0.036669921875;2.01999999489999;203;1 A;
33.8480389145419;-0.099822998046875;0.03623046875;2.02999999487474;204;1 A;
33.8580389145167;-0.099884033203125;0.034722900390625;2.0399999948495;205;1 A;
33.8680389144914;-0.099853515625;0.0349365234375;2.04999999482425;206;1 A;
33.8780389144662;-0.099853515625;0.033544921875;2.059999994799;207;1 A;
33.8880389144409;-0.099853515625;0.032501220703125;2.06999999477375;208;1 A;
33.8980389144157;-0.099853515625;0.0314544677734375;2.0799999947485;209;1 A;
33.9080389143904;-0.099884033203125;0.0311553955078125;2.08999999472326;210;1 A;
33.9180389143652;-0.099853515625;0.030059814453125;2.09999999469801;211;1 A;
33.9280389143399;-0.09991455078125;0.0289642333984375;2.10999999467276;212;1 A;
33.9380389143147;-0.09991455078125;0.028802490234375;2.11999999464751;213;1 A;
33.9480389142894;-0.099853515625;0.0278656005859375;2.12999999462227;214;1 A;
33.9580389142642;-0.099853515625;0.0271636962890625;2.13999999459702;215;1 A;
33.9680389142389;-0.099884033203125;0.0264892578125;2.14999999457177;216;1 A;
33.9780389142137;-0.099853515625;0.025762939453125;2.15999999454652;217;1 A;
33.9880389141885;-0.09991455078125;0.0253265380859375;2.16999999452128;218;1 A;
33.9980389141632;-0.099884033203125;0.0246673583984375;2.17999999449603;219;1 A;
34.008038914138;-0.09991455078125;0.0242462158203125;2.18999999447078;220;1 A;
34.0180389141127;-0.099853515625;0.023724365234375;2.19999999444553;221;1 A;
34.0280389140875;-0.099884033203125;0.0240570068359375;2.20999999442029;222;1 A;
34.0380389140622;-0.099853515625;0.0229522705078125;2.21999999439504;223;1 A;
34.048038914037;-0.099853515625;0.02252197265625;2.22999999436979;224;1 A;
34.0580389140117;-0.099822998046875;0.02208251953125;2.23999999434454;225;1 A;
34.0680389139865;-0.099853515625;0.02161865234375;2.2499999943193;226;1 A;
34.0780389139612;-0.09991455078125;0.021197509765625;2.25999999429405;227;1 A;
34.088038913936;-0.099884033203125;0.020660400390625;2.2699999942688;228;1 A;
34.0980389139107;-0.099853515625;0.0203033447265625;2.27999999424355;229;1 A;
34.1080389138855;-0.099884033203125;0.019683837890625;2.28999999421831;230;1 A;
34.1180389138602;-0.099884033203125;0.019573974609375;2.29999999419306;231;1 A;
34.128038913835;-0.09979248046875;0.0190948486328125;2.30999999416781;232;1 A;
34.1380389138097;-0.099853515625;0.018792724609375;2.31999999414256;233;1 A;
34.1480389137845;-0.09991455078125;0.018670654296875;2.32999999411732;234;1 A;
34.1580389137592;-0.09991455078125;0.018145751953125;2.33999999409207;235;1 A;
34.168038913734;-0.09991455078125;0.0183624267578125;2.34999999406682;236;1 A;
34.1780389137087;-0.099853515625;0.01761474609375;2.35999999404157;237;1 A;
34.1880389136835;-0.099853515625;0.017333984375;2.36999999401633;238;1 A;
34.1980389136583;-0.09979248046875;0.0170074462890625;2.37999999399108;239;1 A;
34.208038913633;-0.099822998046875;0.017266845703125;2.38999999396583;240;1 A;
34.2180389136078;-0.099853515625;0.016595458984375;2.39999999394058;241;1 A;
34.2280389135825;-0.099853515625;0.0161865234375;2.40999999391533;242;1 A;
34.2380389135573;-0.099853515625;0.016217041015625;2.41999999389009;243;1 A;
34.248038913532;-0.099853515625;0.0157135009765625;2.42999999386484;244;1 A;
34.2580389135068;-0.099884033203125;0.0154266357421875;2.43999999383959;245;1 A;
34.2680389134815;-0.099853515625;0.0151031494140625;2.44999999381434;246;1 A;
34.2780389134563;-0.099853515625;0.0149017333984375;2.4599999937891;247;1 A;
34.288038913431;-0.099853515625;0.0145477294921875;2.46999999376385;248;1 A;
34.2980389134058;-0.099853515625;0.0143341064453125;2.4799999937386;249;1 A;
34.3080389133805;-0.099884033203125;0.0140869140625;2.48999999371335;250;1 A;
34.3180389133553;-0.099884033203125;0.0139190673828125;2.49999999368811;251;1 A;
34.32803891333;-0.099853515625;0.0142181396484375;2.50999999366286;252;1 A;
34.3380389133048;-0.099884033203125;0.0137176513671875;2.51999999363761;253;1 A;
34.3480389132795;-0.099884033203125;0.0139312744140625;2.52999999361236;254;1 A;
34.3580389132543;-0.09991455078125;0.013543701171875;2.53999999358712;255;1 A;
34.368038913229;-0.09979248046875;0.013165283203125;2.54999999356187;256;1 A;
34.3780389132038;-0.099822998046875;0.01295166015625;2.55999999353662;257;1 A;
34.3880389131785;-0.099822998046875;0.0129302978515625;2.56999999351137;258;1 A;
34.3980389131533;-0.099853515625;0.01273193359375;2.57999999348613;259;1 A;
34.4080389131281;-0.0999755859375;0.0123260498046875;2.58999999346088;260;1 A;
34.4180389131028;-0.099884033203125;0.0124664306640625;2.59999999343563;261;1 A;
34.4280389130776;-0.099853515625;0.0121246337890625;2.60999999341038;262;1 A;
34.4380389130523;-0.099884033203125;0.0119049072265625;2.61999999338514;263;1 A;
34.4480389130271;-0.099853515625;0.01182861328125;2.62999999335989;264;1 A;
34.4580389130018;-0.099853515625;0.0115875244140625;2.63999999333464;265;1 A;
34.4680389129766;-0.09979248046875;0.011773681640625;2.64999999330939;266;1 A;
34.4780389129513;-0.099884033203125;0.011431884765625;2.65999999328415;267;1 A;
34.4880389129261;-0.09991455078125;0.0113433837890625;2.6699999932589;268;1 A;
34.4980389129008;-0.09991455078125;0.0111602783203125;2.67999999323365;269;1 A;
34.5080389128756;-0.099822998046875;0.011651611328125;2.6899999932084;270;1 A;
34.5180389128503;-0.099884033203125;0.0112457275390625;2.69999999318316;271;1 A;
34.5280389128251;-0.099853515625;0.01102294921875;2.70999999315791;272;1 A;
34.5380389127998;-0.099822998046875;0.011077880859375;2.71999999313266;273;1 A;
34.5480389127746;-0.099884033203125;0.010693359375;2.72999999310741;274;1 A;
34.5580389127493;-0.099884033203125;0.01048583984375;2.73999999308217;275;1 A;
34.5680389127241;-0.099884033203125;0.010247802734375;2.74999999305692;276;1 A;
34.5780389126988;-0.09991455078125;0.010211181640625;2.75999999303167;277;1 A;
34.5880389126736;-0.099945068359375;0.0099945068359375;2.76999999300642;278;1 A;
34.5980389126483;-0.099884033203125;0.00997009277343749;2.77999999298117;279;1 A;
34.6080389126231;-0.099945068359375;0.009857177734375;2.78999999295593;280;1 A;
34.6180389125979;-0.09979248046875;0.00975341796875;2.79999999293068;281;1 A;
34.6280389125726;-0.09991455078125;0.0100799560546875;2.80999999290543;282;1 A;
34.6380389125474;-0.099822998046875;0.009765625;2.81999999288018;283;1 A;
34.6480389125221;-0.099853515625;0.0100250244140625;2.82999999285494;284;1 A;
34.6580389124969;-0.099884033203125;0.009765625;2.83999999282969;285;1 A;
34.6680389124716;-0.09991455078125;0.00948486328125001;2.84999999280444;286;1 A;
34.6780389124464;-0.09991455078125;0.00934753417968751;2.85999999277919;287;1 A;
34.6880389124211;-0.099884033203125;0.0093048095703125;2.86999999275395;288;1 A;
34.6980389123959;-0.099822998046875;0.009259033203125;2.8799999927287;289;1 A;
34.7080389123706;-0.099822998046875;0.0089752197265625;2.88999999270345;290;1 A;
34.7180389123454;-0.099884033203125;0.009112548828125;2.8999999926782;291;1 A;
34.7280389123201;-0.099884033203125;0.008880615234375;2.90999999265296;292;1 A;
34.7380389122949;-0.099884033203125;0.008685302734375;2.91999999262771;293;1 A;
34.7480389122696;-0.09991455078125;0.0085479736328125;2.92999999260246;294;1 A;
34.7580389122444;-0.099853515625;0.00841674804687501;2.93999999257721;295;1 A;
34.7680389122191;-0.09979248046875;0.0084869384765625;2.94999999255197;296;1 A;
34.7780389121939;-0.099853515625;0.00824584960937499;2.95999999252672;297;1 A;
34.7880389121686;-0.099853515625;0.0081756591796875;2.96999999250147;298;1 A;
34.7980389121434;-0.099884033203125;0.008099365234375;2.97999999247622;299;1 A;
34.8080389121181;-0.099822998046875;0.008465576171875;2.98999999245098;300;1 A;
34.8180389120929;-0.099884033203125;0.0081451416015625;2.99999999242573;301;1 A;
34.8280389120677;-0.099884033203125;0.00818786621093751;3.00999999240048;302;1 A;
34.8380389120424;-0.099884033203125;0.0081298828125;3.01999999237523;303;1 A;
34.8480389120172;-0.099884033203125;0.0079833984375;3.02999999234999;304;1 A;
34.8580389119919;-0.099853515625;0.0078704833984375;3.03999999232474;305;1 A;
34.8680389119667;-0.09991455078125;0.0076446533203125;3.04999999229949;306;1 A;
34.8780389119414;-0.099822998046875;0.0076019287109375;3.05999999227424;307;1 A;
34.8880389119162;-0.099884033203125;0.0074127197265625;3.069999992249;308;1 A;
34.8980389118909;-0.099853515625;0.0074951171875;3.07999999222375;309;1 A;
34.9080389118657;-0.09991455078125;0.0073394775390625;3.0899999921985;310;1 A;
34.9180389118404;-0.099853515625;0.00726928710937499;3.09999999217325;311;1 A;
34.9280389118152;-0.099822998046875;0.0074432373046875;3.109999992148;312;1 A;
34.9380389117899;-0.099853515625;0.00721435546875;3.11999999212276;313;1 A;
34.9480389117647;-0.09979248046875;0.0074798583984375;3.12999999209751;314;1 A;
34.9580389117394;-0.09991455078125;0.00726928710937499;3.13999999207226;315;1 A;
34.9680389117142;-0.099822998046875;0.007232666015625;3.14999999204701;316;1 A;
34.9780389116889;-0.099884033203125;0.0070343017578125;3.15999999202177;317;1 A;
34.9880389116637;-0.099884033203125;0.00729980468749999;3.16999999199652;318;1 A;
34.9980389116384;-0.099853515625;0.0071380615234375;3.17999999197127;319;1 A;
35.0080389116132;-0.09991455078125;0.00693359374999999;3.18999999194602;320;1 A;
35.018038911588;-0.099884033203125;0.00719604492187501;3.19999999192078;321;1 A;
35.0280389115627;-0.09979248046875;0.00685729980468749;3.20999999189553;322;1 A;
35.0380389115375;-0.099761962890625;0.00671997070312499;3.21999999187028;323;1 A;
35.0480389115122;-0.099853515625;0.0066070556640625;3.22999999184503;324;1 A;
35.058038911487;-0.099945068359375;0.00658569335937501;3.23999999181979;325;1 A;
35.0680389114617;-0.09991455078125;0.0065887451171875;3.24999999179454;326;1 A;
35.0780389114365;-0.09991455078125;0.0064666748046875;3.25999999176929;327;1 A;
35.0880389114112;-0.099853515625;0.006427001953125;3.26999999174404;328;1 A;
35.098038911386;-0.099853515625;0.006390380859375;3.2799999917188;329;1 A;
35.1080389113607;-0.099853515625;0.0068206787109375;3.28999999169355;330;1 A;
35.1180389113355;-0.09979248046875;0.0064544677734375;3.2999999916683;331;1 A;
35.1280389113102;-0.099884033203125;0.00658569335937501;3.30999999164305;332;1 A;
35.138038911285;-0.099853515625;0.0065765380859375;3.31999999161781;333;1 A;
35.1480389112597;-0.09991455078125;0.00638732910156251;3.32999999159256;334;1 A;
35.1580389112345;-0.09991455078125;0.0062744140625;3.33999999156731;335;1 A;
35.1680389112092;-0.099884033203125;0.00618591308593749;3.34999999154206;336;1 A;
35.178038911184;-0.099822998046875;0.0062103271484375;3.35999999151682;337;1 A;
35.1880389111587;-0.09979248046875;0.005908203125;3.36999999149157;338;1 A;
35.1980389111335;-0.099853515625;0.0061004638671875;3.37999999146632;339;1 A;
35.2080389111082;-0.099822998046875;0.005841064453125;3.38999999144107;340;1 A;
35.218038911083;-0.09991455078125;0.00575866699218749;3.39999999141583;341;1 A;
35.2280389110578;-0.099853515625;0.00577697753906251;3.40999999139058;342;1 A;
35.2380389110325;-0.099853515625;0.00562744140625;3.41999999136533;343;1 A;
35.2480389110073;-0.099853515625;0.00589904785156251;3.42999999134008;344;1 A;
35.258038910982;-0.099884033203125;0.00568542480468751;3.43999999131483;345;1 A;
35.2680389109568;-0.099884033203125;0.0055816650390625;3.44999999128959;346;1 A;
35.2780389109315;-0.099853515625;0.0055084228515625;3.45999999126434;347;1 A;
35.2880389109063;-0.099853515625;0.00586853027343751;3.46999999123909;348;1 A;
35.298038910881;-0.099853515625;0.00568237304687499;3.47999999121384;349;1 A;
35.3080389108558;-0.099853515625;0.0055206298828125;3.4899999911886;350;1 A;
35.3180389108305;-0.099853515625;0.00569763183593749;3.49999999116335;351;1 A;
35.3280389108053;-0.099884033203125;0.0053436279296875;3.5099999911381;352;1 A;
35.33803891078;-0.099884033203125;0.00517578125;3.51999999111285;353;1 A;
35.3480389107548;-0.099822998046875;0.00507507324218751;3.52999999108761;354;1 A;
35.3580389107295;-0.099853515625;0.00499877929687501;3.53999999106236;355;1 A;
35.3680389107043;-0.099822998046875;0.00490417480468749;3.54999999103711;356;1 A;
35.378038910679;-0.099884033203125;0.00489196777343751;3.55999999101186;357;1 A;
35.3880389106538;-0.099853515625;0.004803466796875;3.56999999098662;358;1 A;
35.3980389106285;-0.09991455078125;0.0047882080078125;3.57999999096137;359;1 A;
35.4080389106033;-0.099884033203125;0.00504455566406251;3.58999999093612;360;1 A;
35.418038910578;-0.099853515625;0.00478210449218749;3.59999999091087;361;1 A;
35.4280389105528;-0.099884033203125;0.0050018310546875;3.60999999088563;362;1 A;
35.4380389105276;-0.09991455078125;0.0048858642578125;3.61999999086038;363;1 A;
35.4480389105023;-0.09991455078125;0.0047637939453125;3.62999999083513;364;1 A;
35.4580389104771;-0.09991455078125;0.00462951660156249;3.63999999080988;365;1 A;
35.4680389104518;-0.099884033203125;0.00482788085937499;3.64999999078464;366;1 A;
35.4780389104266;-0.099884033203125;0.004803466796875;3.65999999075939;367;1 A;
35.4880389104013;-0.099884033203125;0.0045135498046875;3.66999999073414;368;1 A;
35.4980389103761;-0.09991455078125;0.00472412109375001;3.67999999070889;369;1 A;
35.5080389103508;-0.099853515625;0.00452270507812499;3.68999999068365;370;1 A;
35.5180389103256;-0.099822998046875;0.0044525146484375;3.6999999906584;371;1 A;
35.5280389103003;-0.099853515625;0.0044219970703125;3.70999999063315;372;1 A;
35.5380389102751;-0.099822998046875;0.00430908203124999;3.7199999906079;373;1 A;
35.5480389102498;-0.099884033203125;0.004498291015625;3.72999999058266;374;1 A;
35.5580389102246;-0.099853515625;0.00428161621093751;3.73999999055741;375;1 A;
35.5680389101993;-0.09991455078125;0.00430908203124999;3.74999999053216;376;1 A;
35.5780389101741;-0.099884033203125;0.0042724609375;3.75999999050691;377;1 A;
35.5880389101488;-0.099884033203125;0.00472412109375001;3.76999999048167;378;1 A;
35.5980389101236;-0.099822998046875;0.0044677734375;3.77999999045642;379;1 A;
35.6080389100983;-0.099884033203125;0.0044525146484375;3.78999999043117;380;1 A;
35.6180389100731;-0.099853515625;0.0045166015625;3.79999999040592;381;1 A;
35.6280389100478;-0.099884033203125;0.00432434082031249;3.80999999038067;382;1 A;
35.6380389100226;-0.09991455078125;0.00417175292968749;3.81999999035543;383;1 A;
35.6480389099974;-0.09991455078125;0.004046630859375;3.82999999033018;384;1 A;
35.6580389099721;-0.099884033203125;0.0040924072265625;3.83999999030493;385;1 A;
35.6680389099469;-0.099822998046875;0.0039703369140625;3.84999999027968;386;1 A;
35.6780389099216;-0.099884033203125;0.003955078125;3.85999999025444;387;1 A;
35.6880389098964;-0.099884033203125;0.00391235351562499;3.86999999022919;388;1 A;
35.6980389098711;-0.099884033203125;0.00380859375000001;3.87999999020394;389;1 A;
35.7080389098459;-0.099822998046875;0.0041473388671875;3.88999999017869;390;1 A;
35.7180389098206;-0.099884033203125;0.0040313720703125;3.89999999015345;391;1 A;
35.7280389097954;-0.099884033203125;0.004229736328125;3.9099999901282;392;1 A;
35.7380389097701;-0.099853515625;0.004107666015625;3.91999999010295;393;1 A;
35.7480389097449;-0.099884033203125;0.003887939453125;3.9299999900777;394;1 A;
35.7580389097196;-0.099853515625;0.00379333496093751;3.93999999005246;395;1 A;
35.7680389096944;-0.099853515625;0.00400695800781251;3.94999999002721;396;1 A;
35.7780389096691;-0.099822998046875;0.003985595703125;3.95999999000196;397;1 A;
35.7880389096439;-0.099884033203125;0.003662109375;3.96999998997671;398;1 A;
35.7980389096186;-0.09991455078125;0.0039794921875;3.97999998995147;399;1 A;
35.8080389095934;-0.099884033203125;0.00364074707031251;3.98999998992622;400;1 A;
35.8180389095681;-0.099853515625;0.00353393554687501;3.99999998990097;401;1 A;
35.8280389095429;-0.099822998046875;0.00348815917968751;4.00999998987572;402;1 A;
35.8380389095176;-0.099884033203125;0.00337829589843749;4.01999998985048;403;1 A;
35.8480389094924;-0.099853515625;0.0035125732421875;4.02999998982523;404;1 A;
35.8580389094672;-0.099853515625;0.00328979492187501;4.03999998979998;405;1 A;
35.8680389094419;-0.099853515625;0.0032989501953125;4.04999998977473;406;1 A;
35.8780389094167;-0.09991455078125;0.00324096679687499;4.05999998974949;407;1 A;
35.8880389093914;-0.099884033203125;0.0036651611328125;4.06999998972424;408;1 A;
35.8980389093662;-0.099945068359375;0.0033843994140625;4.07999998969899;409;1 A;
35.9080389093409;-0.099822998046875;0.0034637451171875;4.08999998967374;410;1 A;
35.9180389093157;-0.099884033203125;0.0034759521484375;4.0999999896485;411;1 A;
35.9280389092904;-0.099822998046875;0.0032470703125;4.10999998962325;412;1 A;
35.9380389092652;-0.099853515625;0.0031097412109375;4.119999989598;413;1 A;
35.9480389092399;-0.09991455078125;0.003094482421875;4.12999998957275;414;1 A;
35.9580389092147;-0.099884033203125;0.003125;4.1399999895475;415;1 A;
35.9680389091894;-0.099884033203125;0.0029327392578125;4.14999998952226;416;1 A;
35.9780389091642;-0.099884033203125;0.00301513671875001;4.15999998949701;417;1 A;
35.9880389091389;-0.09991455078125;0.0029571533203125;4.16999998947176;418;1 A;
35.9980389091137;-0.099822998046875;0.00281677246093751;4.17999998944651;419;1 A;
36.0080389090884;-0.099853515625;0.00296630859374999;4.18999998942127;420;1 A;
36.0180389090632;-0.099822998046875;0.00282897949218749;4.19999998939602;421;1 A;
36.0280389090379;-0.099945068359375;0.0031463623046875;4.20999998937077;422;1 A;
36.0380389090127;-0.099822998046875;0.002899169921875;4.21999998934552;423;1 A;
36.0480389089875;-0.09991455078125;0.0028045654296875;4.22999998932028;424;1 A;
36.0580389089622;-0.099945068359375;0.00275573730468751;4.23999998929503;425;1 A;
36.068038908937;-0.099822998046875;0.0029937744140625;4.24999998926978;426;1 A;
36.0780389089117;-0.099822998046875;0.00290527343749999;4.25999998924453;427;1 A;
36.0880389088865;-0.09979248046875;0.002685546875;4.26999998921929;428;1 A;
36.0980389088612;-0.099853515625;0.00292358398437501;4.27999998919404;429;1 A;
36.108038908836;-0.099853515625;0.0027008056640625;4.28999998916879;430;1 A;
36.1180389088107;-0.099945068359375;0.00263061523437499;4.29999998914354;431;1 A;
36.1280389087855;-0.099853515625;0.00249328613281249;4.3099999891183;432;1 A;
36.1380389087602;-0.099884033203125;0.00244750976562499;4.31999998909305;433;1 A;
36.148038908735;-0.099853515625;0.00245056152343751;4.3299999890678;434;1 A;
36.1580389087097;-0.099884033203125;0.00238647460937499;4.33999998904255;435;1 A;
36.1680389086845;-0.099853515625;0.00232849121093751;4.34999998901731;436;1 A;
36.1780389086592;-0.09991455078125;0.00227966308593749;4.35999998899206;437;1 A;
36.188038908634;-0.099822998046875;0.00256958007812499;4.36999998896681;438;1 A;
36.1980389086087;-0.099853515625;0.00240173339843749;4.37999998894156;439;1 A;
36.2080389085835;-0.09991455078125;0.0025909423828125;4.38999998891632;440;1 A;
36.2180389085582;-0.099884033203125;0.00248107910156251;4.39999998889107;441;1 A;
36.228038908533;-0.09991455078125;0.00232849121093751;4.40999998886582;442;1 A;
36.2380389085077;-0.099853515625;0.00225830078125;4.41999998884057;443;1 A;
36.2480389084825;-0.099822998046875;0.00233154296875;4.42999998881533;444;1 A;
36.2580389084573;-0.099822998046875;0.00238952636718751;4.43999998879008;445;1 A;
36.268038908432;-0.099884033203125;0.0021209716796875;4.44999998876483;446;1 A;
36.2780389084068;-0.099884033203125;0.00231323242187501;4.45999998873958;447;1 A;
36.2880389083815;-0.099884033203125;0.0020904541015625;4.46999998871433;448;1 A;
36.2980389083563;-0.09991455078125;0.002044677734375;4.47999998868909;449;1 A;
36.308038908331;-0.099884033203125;0.0020782470703125;4.48999998866384;450;1 A;
36.3180389083058;-0.09991455078125;0.00194091796875;4.49999998863859;451;1 A;
36.3280389082805;-0.09979248046875;0.00215759277343749;4.50999998861334;452;1 A;
36.3380389082553;-0.099853515625;0.00192871093749999;4.5199999885881;453;1 A;
36.34803890823;-0.099853515625;0.00193176269531251;4.52999998856285;454;1 A;
36.3580389082048;-0.099853515625;0.00189208984375;4.5399999885376;455;1 A;
36.3680389081795;-0.099822998046875;0.00223693847656251;4.54999998851235;456;1 A;
36.3780389081543;-0.099822998046875;0.00209960937500001;4.55999998848711;457;1 A;
36.388038908129;-0.099884033203125;0.001995849609375;4.56999998846186;458;1 A;
36.3980389081038;-0.099884033203125;0.002178955078125;4.57999998843661;459;1 A;
36.4080389080785;-0.099822998046875;0.001922607421875;4.58999998841136;460;1 A;
36.4180389080533;-0.099822998046875;0.001812744140625;4.59999998838612;461;1 A;
36.428038908028;-0.099822998046875;0.0017547607421875;4.60999998836087;462;1 A;
36.4380389080028;-0.099884033203125;0.00173034667968749;4.61999998833562;463;1 A;
36.4480389079775;-0.099822998046875;0.001666259765625;4.62999998831037;464;1 A;
36.4580389079523;-0.099884033203125;0.00164794921875;4.63999998828513;465;1 A;
36.4680389079271;-0.099945068359375;0.001617431640625;4.64999998825988;466;1 A;
36.4780389079018;-0.099822998046875;0.00152587890625;4.65999998823463;467;1 A;
36.4880389078766;-0.09979248046875;0.0017242431640625;4.66999998820938;468;1 A;
36.4980389078513;-0.099853515625;0.00161132812500001;4.67999998818414;469;1 A;
36.5080389078261;-0.099884033203125;0.00189208984375;4.68999998815889;470;1 A;
36.5180389078008;-0.099884033203125;0.00177001953125;4.69999998813364;471;1 A;
36.5280389077756;-0.0999755859375;0.00177612304687499;4.70999998810839;472;1 A;
36.5380389077503;-0.09991455078125;0.0015716552734375;4.71999998808315;473;1 A;
36.5480389077251;-0.099884033203125;0.00160827636718749;4.7299999880579;474;1 A;
36.5580389076998;-0.099884033203125;0.001690673828125;4.73999998803265;475;1 A;
36.5680389076746;-0.099761962890625;0.00136413574218749;4.7499999880074;476;1 A;
36.5780389076493;-0.09991455078125;0.00159912109375;4.75999998798216;477;1 A;
36.5880389076241;-0.099853515625;0.00136413574218749;4.76999998795691;478;1 A;
36.5980389075988;-0.099884033203125;0.0012176513671875;4.77999998793166;479;1 A;
36.6080389075736;-0.099822998046875;0.0012054443359375;4.78999998790641;480;1 A;
36.6180389075483;-0.099884033203125;0.0011322021484375;4.79999998788116;481;1 A;
36.6280389075231;-0.099853515625;0.0012786865234375;4.80999998785592;482;1 A;
36.6380389074978;-0.099853515625;0.00110778808593751;4.81999998783067;483;1 A;
36.6480389074726;-0.099853515625;0.0011627197265625;4.82999998780542;484;1 A;
36.6580389074473;-0.099822998046875;0.0011138916015625;4.83999998778017;485;1 A;
36.6680389074221;-0.099884033203125;0.00144348144531251;4.84999998775493;486;1 A;
36.6780389073969;-0.09979248046875;0.0012786865234375;4.85999998772968;487;1 A;
36.6880389073716;-0.099853515625;0.00128784179687499;4.86999998770443;488;1 A;
36.6980389073464;-0.099853515625;0.001373291015625;4.87999998767918;489;1 A;
36.7080389073211;-0.099945068359375;0.00113525390624999;4.88999998765394;490;1 A;
36.7180389072959;-0.099853515625;0.0010406494140625;4.89999998762869;491;1 A;
36.7280389072706;-0.099853515625;0.000985717773437506;4.90999998760344;492;1 A;
36.7380389072454;-0.099853515625;0.0010528564453125;4.91999998757819;493;1 A;
36.7480389072201;-0.099822998046875;0.000912475585937503;4.92999998755295;494;1 A;
36.7580389071949;-0.09991455078125;0.000939941406250006;4.9399999875277;495;1 A;
36.7680389071696;-0.09991455078125;0.000827026367187497;4.94999998750245;496;1 A;
36.7780389071444;-0.099884033203125;0.000775146484375003;4.9599999874772;497;1 A;
36.7880389071191;-0.09991455078125;0.000897216796875003;4.96999998745196;498;1 A;
36.7980389070939;-0.099884033203125;0.000906372070312494;4.97999998742671;499;1 A;
36.8080389070686;-0.099822998046875;0.001019287109375;4.98999998740146;500;1 A;
36.8180389070434;-0.099853515625;0.0009002685546875;4.99999998737621;501;1 A;
36.8280389070181;-0.099822998046875;0.000759887695312503;5.00999998735097;502;1 A;
36.8380389069929;-0.099884033203125;0.000720214843749997;5.01999998732572;503;1 A;
36.8480389069676;-0.099853515625;0.000921630859374994;5.02999998730047;504;1 A;
36.8580389069424;-0.099884033203125;0.000860595703124994;5.03999998727522;505;1 A;
36.8680389069171;-0.099945068359375;0.000662231445312494;5.04999998724998;506;1 A;
36.8780389068919;-0.099884033203125;0.0008392333984375;5.05999998722473;507;1 A;
36.8880389068667;-0.099853515625;0.000607299804687503;5.06999998719948;508;1 A;
36.8980389068414;-0.099822998046875;0.000540161132812494;5.07999998717423;509;1 A;
36.9080389068162;-0.099884033203125;0.000469970703125003;5.08999998714899;510;1 A;
36.9180389067909;-0.09979248046875;0.0004425048828125;5.09999998712374;511;1 A;
36.9280389067657;-0.09991455078125;0.000476074218749997;5.10999998709849;512;1 A;
36.9380389067404;-0.099853515625;0.0003662109375;5.11999998707324;513;1 A;
36.9480389067152;-0.09991455078125;0.000387573242187494;5.129999987048;514;1 A;
36.9580389066899;-0.099853515625;0.000375366210937506;5.13999998702275;515;1 A;
36.9680389066647;-0.09979248046875;0.0006103515625;5.1499999869975;516;1 A;
36.9780389066394;-0.099853515625;0.000424194335937503;5.15999998697225;517;1 A;
36.9880389066142;-0.099822998046875;0.000555419921874994;5.169999986947;518;1 A;
36.9980389065889;-0.099884033203125;0.000454711914062503;5.17999998692176;519;1 A;
37.0080389065637;-0.09979248046875;0.000317382812500003;5.18999998689651;520;1 A;
37.0180389065384;-0.099822998046875;0.000271606445312503;5.19999998687126;521;1 A;
37.0280389065132;-0.099853515625;0.000265502929687494;5.20999998684601;522;1 A;
37.0380389064879;-0.099822998046875;0.000238037109375006;5.21999998682077;523;1 A;
37.0480389064627;-0.09991455078125;0.000192260742187506;5.22999998679552;524;1 A;
37.0580389064374;-0.09991455078125;0.000308227539062497;5.23999998677027;525;1 A;
37.0680389064122;-0.099853515625;0.000119018554687503;5.24999998674502;526;1 A;
37.078038906387;-0.099822998046875;8.23974609374944E-05;5.25999998671978;527;1 A;
37.0880389063617;-0.09991455078125;0.000170898437499997;5.26999998669453;528;1 A;
37.0980389063365;-0.0999755859375;0.000100708007812506;5.27999998666928;529;1 A;
37.1080389063112;-0.09991455078125;0.000247192382812497;5.28999998664403;530;1 A;
37.118038906286;-0.099822998046875;0.0001068115234375;5.29999998661879;531;1 A;
37.1280389062607;-0.099853515625;6.71386718749944E-05;5.30999998659354;532;1 A;
37.1380389062355;-0.099884033203125;2.74658203125028E-05;5.31999998656829;533;1 A;
37.1480389062102;-0.099853515625;0.000308227539062497;5.32999998654304;534;1 A;
37.158038906185;-0.099853515625;0.000152587890625;5.3399999865178;535;1 A;
37.1680389061597;-0.09991455078125;6.40869140624972E-05;5.34999998649255;536;1 A;
37.1780389061345;-0.09991455078125;0.0001373291015625;5.3599999864673;537;1 A;
37.1880389061092;-0.09991455078125;-2.13623046874944E-05;5.36999998644205;538;1 A;
37.198038906084;-0.099884033203125;-9.46044921874972E-05;5.37999998641681;539;1 A;
37.2080389060587;-0.099853515625;-0.000143432617187494;5.38999998639156;540;1 A;
37.2180389060335;-0.099822998046875;-0.000112915039062494;5.39999998636631;541;1 A;
37.2280389060082;-0.09979248046875;-0.000140380859374997;5.40999998634106;542;1 A;
37.238038905983;-0.099884033203125;-0.000186157226562497;5.41999998631582;543;1 A;
37.2480389059577;-0.099884033203125;-0.000210571289062503;5.42999998629057;544;1 A;
37.2580389059325;-0.09991455078125;-0.0002288818359375;5.43999998626532;545;1 A;
37.2680389059072;-0.099853515625;-5.79833984375028E-05;5.44999998624007;546;1 A;
37.278038905882;-0.099884033203125;-0.000155639648437497;5.45999998621483;547;1 A;
37.2880389058568;-0.099853515625;-1.83105468749972E-05;5.46999998618958;548;1 A;
37.2980389058315;-0.09979248046875;-0.000112915039062494;5.47999998616433;549;1 A;
37.3080389058063;-0.09991455078125;-0.000192260742187506;5.48999998613908;550;1 A;
37.318038905781;-0.099853515625;-0.000253295898437506;5.49999998611383;551;1 A;
37.3280389057558;-0.099884033203125;-0.000186157226562497;5.50999998608859;552;1 A;
37.3380389057305;-0.099945068359375;-0.000204467773437494;5.51999998606334;553;1 A;
37.3480389057053;-0.09991455078125;-0.000357055664062494;5.52999998603809;554;1 A;
37.35803890568;-0.099884033203125;-0.000210571289062503;5.53999998601284;555;1 A;
37.3680389056548;-0.09991455078125;-0.000341796874999994;5.5499999859876;556;1 A;
37.3780389056295;-0.099884033203125;-0.000408935546875003;5.55999998596235;557;1 A;
37.3880389056043;-0.099853515625;-0.000445556640624997;5.5699999859371;558;1 A;
37.398038905579;-0.09979248046875;-0.000497436523437506;5.57999998591185;559;1 A;
37.4080389055538;-0.09991455078125;-0.0004119873046875;5.58999998588661;560;1 A;
37.4180389055285;-0.099853515625;-0.000466918945312506;5.59999998586136;561;1 A;
37.4280389055033;-0.099945068359375;-0.000518798828125;5.60999998583611;562;1 A;
37.438038905478;-0.099822998046875;-0.000558471679687506;5.61999998581086;563;1 A;
37.4480389054528;-0.099822998046875;-0.0003814697265625;5.62999998578562;564;1 A;
37.4580389054275;-0.099853515625;-0.0004425048828125;5.63999998576037;565;1 A;
37.4680389054023;-0.09979248046875;-0.000506591796874997;5.64999998573512;566;1 A;
37.478038905377;-0.099822998046875;-0.000451660156250006;5.65999998570987;567;1 A;
37.4880389053518;-0.099853515625;-0.000631713867187494;5.66999998568463;568;1 A;
37.4980389053266;-0.099884033203125;-0.000659179687499997;5.67999998565938;569;1 A;
37.5080389053013;-0.099853515625;-0.000732421875;5.68999998563413;570;1 A;
37.5180389052761;-0.099884033203125;-0.000723266601562494;5.69999998560888;571;1 A;
37.5280389052508;-0.099822998046875;-0.000790405273437503;5.70999998558364;572;1 A;
37.5380389052256;-0.099853515625;-0.000790405273437503;5.71999998555839;573;1 A;
37.5480389052003;-0.09979248046875;-0.000845336914062494;5.72999998553314;574;1 A;
37.5580389051751;-0.09991455078125;-0.000885009765625;5.73999998550789;575;1 A;
37.5680389051498;-0.099853515625;-0.000741577148437506;5.74999998548265;576;1 A;
37.5780389051246;-0.099853515625;-0.000811767578124997;5.7599999854574;577;1 A;
37.5880389050993;-0.099853515625;-0.000701904296875;5.76999998543215;578;1 A;
37.5980389050741;-0.099822998046875;-0.0008087158203125;5.7799999854069;579;1 A;
37.6080389050488;-0.099884033203125;-0.000836181640625003;5.78999998538166;580;1 A;
37.6180389050236;-0.099853515625;-0.000878906250000006;5.79999998535641;581;1 A;
37.6280389049983;-0.099853515625;-0.000775146484375003;5.80999998533116;582;1 A;
37.6380389049731;-0.099822998046875;-0.000860595703124994;5.81999998530591;583;1 A;
37.6480389049478;-0.09991455078125;-0.000949096679687497;5.82999998528066;584;1 A;
37.6580389049226;-0.099853515625;-0.0008087158203125;5.83999998525542;585;1 A;
37.6680389048973;-0.099945068359375;-0.0009307861328125;5.84999998523017;586;1 A;
37.6780389048721;-0.099853515625;-0.00103759765625;5.85999998520492;587;1 A;
37.6880389048468;-0.09991455078125;-0.001019287109375;5.86999998517967;588;1 A;
37.6980389048216;-0.099822998046875;-0.001080322265625;5.87999998515443;589;1 A;
37.7080389047964;-0.099822998046875;-0.0010406494140625;5.88999998512918;590;1 A;
37.7180389047711;-0.099822998046875;-0.00113525390624999;5.89999998510393;591;1 A;
37.7280389047459;-0.099761962890625;-0.001141357421875;5.90999998507868;592;1 A;
37.7380389047206;-0.099884033203125;-0.00118408203125001;5.91999998505344;593;1 A;
37.7480389046954;-0.09991455078125;-0.000952148437499994;5.92999998502819;594;1 A;
37.7580389046701;-0.099884033203125;-0.00107727050781251;5.93999998500294;595;1 A;
37.7680389046449;-0.099853515625;-0.0010528564453125;5.94999998497769;596;1 A;
37.7780389046196;-0.099822998046875;-0.00103759765625;5.95999998495245;597;1 A;
37.7880389045944;-0.09979248046875;-0.0011932373046875;5.9699999849272;598;1 A;
37.7980389045691;-0.099853515625;-0.00122680664062499;5.97999998490195;599;1 A;
37.8080389045439;-0.099853515625;-0.0012542724609375;5.9899999848767;600;1 A;
37.8180389045186;-0.099884033203125;-0.001263427734375;5.99999998485146;601;1 A;
37.8280389044934;-0.099822998046875;-0.0013092041015625;6.00999998482621;602;1 A;
37.8380389044681;-0.099853515625;-0.0013275146484375;6.01999998480096;603;1 A;
37.8480389044429;-0.099884033203125;-0.00135192871093751;6.02999998477571;604;1 A;
37.8580389044176;-0.099822998046875;-0.00139465332031249;6.03999998475047;605;1 A;
37.8680389043924;-0.099853515625;-0.00131835937499999;6.04999998472522;606;1 A;
37.8780389043671;-0.09979248046875;-0.00135498046875;6.05999998469997;607;1 A;
37.8880389043419;-0.099853515625;-0.00119628906249999;6.06999998467472;608;1 A;
37.8980389043166;-0.09991455078125;-0.001373291015625;6.07999998464948;609;1 A;
37.9080389042914;-0.099945068359375;-0.00142517089843749;6.08999998462423;610;1 A;
37.9180389042662;-0.099884033203125;-0.00145263671875;6.09999998459898;611;1 A;
37.9280389042409;-0.099822998046875;-0.001312255859375;6.10999998457373;612;1 A;
37.9380389042157;-0.099884033203125;-0.0014068603515625;6.11999998454849;613;1 A;
37.9480389041904;-0.09979248046875;-0.0014678955078125;6.12999998452324;614;1 A;
37.9580389041652;-0.099884033203125;-0.0014007568359375;6.13999998449799;615;1 A;
37.9680389041399;-0.099884033203125;-0.0015533447265625;6.14999998447274;616;1 A;
37.9780389041147;-0.099822998046875;-0.00158081054687501;6.1599999844475;617;1 A;
37.9880389040894;-0.099884033203125;-0.00165405273437499;6.16999998442225;618;1 A;
37.9980389040642;-0.099853515625;-0.00163879394531249;6.179999984397;619;1 A;
38.0080389040389;-0.099884033203125;-0.001666259765625;6.18999998437175;620;1 A;
38.0180389040137;-0.099822998046875;-0.001708984375;6.1999999843465;621;1 A;
38.0280389039884;-0.099822998046875;-0.001708984375;6.20999998432126;622;1 A;
38.0380389039632;-0.09979248046875;-0.00174560546874999;6.21999998429601;623;1 A;
38.0480389039379;-0.099853515625;-0.00159606933593751;6.22999998427076;624;1 A;
38.0580389039127;-0.099853515625;-0.00169677734375;6.23999998424551;625;1 A;
38.0680389038874;-0.099884033203125;-0.001605224609375;6.24999998422027;626;1 A;
38.0780389038622;-0.099822998046875;-0.0016754150390625;6.25999998419502;627;1 A;
38.0880389038369;-0.099884033203125;-0.0017120361328125;6.26999998416977;628;1 A;
38.0980389038117;-0.099822998046875;-0.00174560546874999;6.27999998414452;629;1 A;
38.1080389037865;-0.099853515625;-0.0017364501953125;6.28999998411928;630;1 A;
38.1180389037612;-0.099822998046875;-0.001727294921875;6.29999998409403;631;1 A;
38.128038903736;-0.099884033203125;-0.0017822265625;6.30999998406878;632;1 A;
38.1380389037107;-0.099853515625;-0.001727294921875;6.31999998404353;633;1 A;
38.1480389036855;-0.099853515625;-0.00181884765625;6.32999998401829;634;1 A;
38.1580389036602;-0.099884033203125;-0.00185241699218749;6.33999998399304;635;1 A;
38.168038903635;-0.099822998046875;-0.0018310546875;6.34999998396779;636;1 A;
38.1780389036097;-0.099853515625;-0.0018341064453125;6.35999998394254;637;1 A;
38.1880389035845;-0.099761962890625;-0.0017974853515625;6.3699999839173;638;1 A;
38.1980389035592;-0.099853515625;-0.00188598632812501;6.37999998389205;639;1 A;
38.208038903534;-0.099822998046875;-0.00189819335937499;6.3899999838668;640;1 A;
38.2180389035087;-0.09991455078125;-0.00191650390625001;6.39999998384155;641;1 A;
38.2280389034835;-0.099884033203125;-0.001739501953125;6.40999998381631;642;1 A;
38.2380389034582;-0.099884033203125;-0.0018768310546875;6.41999998379106;643;1 A;
38.248038903433;-0.099822998046875;-0.0018798828125;6.42999998376581;644;1 A;
38.2580389034077;-0.099884033203125;-0.00182495117187501;6.43999998374056;645;1 A;
38.2680389033825;-0.099884033203125;-0.001934814453125;6.44999998371532;646;1 A;
38.2780389033572;-0.099853515625;-0.00197448730468749;6.45999998369007;647;1 A;
38.288038903332;-0.099853515625;-0.00203857421875001;6.46999998366482;648;1 A;
38.2980389033067;-0.099853515625;-0.0019866943359375;6.47999998363957;649;1 A;
38.3080389032815;-0.09991455078125;-0.00198974609374999;6.48999998361433;650;1 A;
38.3180389032563;-0.099853515625;-0.0020172119140625;6.49999998358908;651;1 A;
38.328038903231;-0.099884033203125;-0.00203552246093749;6.50999998356383;652;1 A;
38.3380389032058;-0.099853515625;-0.00205383300781251;6.51999998353858;653;1 A;
38.3480389031805;-0.099853515625;-0.00196228027343751;6.52999998351333;654;1 A;
38.3580389031553;-0.099853515625;-0.00202331542968751;6.53999998348809;655;1 A;
38.36803890313;-0.09991455078125;-0.0018890380859375;6.54999998346284;656;1 A;
38.3780389031048;-0.099822998046875;-0.00196533203125;6.55999998343759;657;1 A;
38.3880389030795;-0.099884033203125;-0.0020111083984375;6.56999998341234;658;1 A;
38.3980389030543;-0.099853515625;-0.00202026367187499;6.5799999833871;659;1 A;
38.408038903029;-0.099884033203125;-0.00193176269531251;6.58999998336185;660;1 A;
38.4180389030038;-0.099853515625;-0.0019378662109375;6.5999999833366;661;1 A;
38.4280389029785;-0.099822998046875;-0.0019989013671875;6.60999998331135;662;1 A;
38.4380389029533;-0.09991455078125;-0.0019195556640625;6.61999998328611;663;1 A;
38.448038902928;-0.099853515625;-0.002032470703125;6.62999998326086;664;1 A;
38.4580389029028;-0.09991455078125;-0.00203552246093749;6.63999998323561;665;1 A;
38.4680389028775;-0.099853515625;-0.00206604003906249;6.64999998321036;666;1 A;
38.4780389028523;-0.099945068359375;-0.0020751953125;6.65999998318512;667;1 A;
38.488038902827;-0.099884033203125;-0.002056884765625;6.66999998315987;668;1 A;
38.4980389028018;-0.099853515625;-0.002117919921875;6.67999998313462;669;1 A;
38.5080389027765;-0.099822998046875;-0.00211181640624999;6.68999998310937;670;1 A;
38.5180389027513;-0.099822998046875;-0.0021636962890625;6.69999998308413;671;1 A;
38.5280389027261;-0.099853515625;-0.00199279785156251;6.70999998305888;672;1 A;
38.5380389027008;-0.099853515625;-0.0021240234375;6.71999998303363;673;1 A;
38.5480389026756;-0.099822998046875;-0.002044677734375;6.72999998300838;674;1 A;
38.5580389026503;-0.099884033203125;-0.00200805664062501;6.73999998298314;675;1 A;
38.5680389026251;-0.099853515625;-0.0022125244140625;6.74999998295789;676;1 A;
38.5780389025998;-0.099853515625;-0.00224609375;6.75999998293264;677;1 A;
38.5880389025746;-0.099884033203125;-0.0022705078125;6.76999998290739;678;1 A;
38.5980389025493;-0.099761962890625;-0.002215576171875;6.77999998288215;679;1 A;
38.6080389025241;-0.099822998046875;-0.00231323242187501;6.7899999828569;680;1 A;
38.6180389024988;-0.09991455078125;-0.00230712890625;6.79999998283165;681;1 A;
38.6280389024736;-0.099884033203125;-0.00232543945312499;6.8099999828064;682;1 A;
38.6380389024483;-0.09991455078125;-0.0023956298828125;6.81999998278116;683;1 A;
38.6480389024231;-0.099884033203125;-0.0023193359375;6.82999998275591;684;1 A;
38.6580389023978;-0.099884033203125;-0.0023681640625;6.83999998273066;685;1 A;
38.6680389023726;-0.09979248046875;-0.00230712890625;6.84999998270541;686;1 A;
38.6780389023473;-0.099853515625;-0.00240478515625001;6.85999998268016;687;1 A;
38.6880389023221;-0.099884033203125;-0.00240478515625001;6.86999998265492;688;1 A;
38.6980389022968;-0.099884033203125;-0.0024749755859375;6.87999998262967;689;1 A;
38.7080389022716;-0.099853515625;-0.002423095703125;6.88999998260442;690;1 A;
38.7180389022463;-0.09991455078125;-0.0024566650390625;6.89999998257917;691;1 A;
38.7280389022211;-0.099822998046875;-0.0024993896484375;6.90999998255393;692;1 A;
38.7380389021959;-0.09979248046875;-0.002490234375;6.91999998252868;693;1 A;
38.7480389021706;-0.099761962890625;-0.0025787353515625;6.92999998250343;694;1 A;
38.7580389021454;-0.099884033203125;-0.00260009765624999;6.93999998247818;695;1 A;
38.7680389021201;-0.099884033203125;-0.00263366699218751;6.94999998245294;696;1 A;
38.7780389020949;-0.099822998046875;-0.00262451171875;6.95999998242769;697;1 A;
38.7880389020696;-0.09991455078125;-0.0026519775390625;6.96999998240244;698;1 A;
38.7980389020444;-0.099853515625;-0.00266418457031251;6.97999998237719;699;1 A;
38.8080389020191;-0.099945068359375;-0.00267639160156249;6.98999998235195;700;1 A;
38.8180389019939;-0.099884033203125;-0.0026519775390625;6.9999999823267;701;1 A;
38.8280389019686;-0.099853515625;-0.0025360107421875;7.00999998230145;702;1 A;
38.8380389019434;-0.099853515625;-0.0026275634765625;7.0199999822762;703;1 A;
38.8480389019181;-0.09991455078125;-0.0025604248046875;7.02999998225096;704;1 A;
38.8580389018929;-0.099822998046875;-0.0025360107421875;7.03999998222571;705;1 A;
38.8680389018676;-0.099853515625;-0.002655029296875;7.04999998220046;706;1 A;
38.8780389018424;-0.099884033203125;-0.00266113281249999;7.05999998217521;707;1 A;
38.8880389018171;-0.099822998046875;-0.00269165039062499;7.06999998214997;708;1 A;
38.8980389017919;-0.099853515625;-0.00266418457031251;7.07999998212472;709;1 A;
38.9080389017666;-0.099822998046875;-0.00269165039062499;7.08999998209947;710;1 A;
38.9180389017414;-0.099884033203125;-0.00269470214843751;7.09999998207422;711;1 A;
38.9280389017161;-0.099822998046875;-0.00274047851562501;7.10999998204898;712;1 A;
38.9380389016909;-0.09991455078125;-0.00277099609375001;7.11999998202373;713;1 A;
38.9480389016657;-0.099853515625;-0.002734375;7.12999998199848;714;1 A;
38.9580389016404;-0.099884033203125;-0.00273742675781249;7.13999998197323;715;1 A;
38.9680389016152;-0.099884033203125;-0.0026824951171875;7.14999998194799;716;1 A;
38.9780389015899;-0.099853515625;-0.00274047851562501;7.15999998192274;717;1 A;
38.9880389015647;-0.099853515625;-0.002777099609375;7.16999998189749;718;1 A;
38.9980389015394;-0.099853515625;-0.0027923583984375;7.17999998187224;719;1 A;
39.0080389015142;-0.099853515625;-0.00269470214843751;7.189999981847;720;1 A;
39.0180389014889;-0.099853515625;-0.0027740478515625;7.19999998182175;721;1 A;
39.0280389014637;-0.099884033203125;-0.00278625488281251;7.2099999817965;722;1 A;
39.0380389014384;-0.099853515625;-0.0028045654296875;7.21999998177125;723;1 A;
39.0480389014132;-0.099853515625;-0.00286254882812501;7.229999981746;724;1 A;
39.0580389013879;-0.099822998046875;-0.002911376953125;7.23999998172076;725;1 A;
39.0680389013627;-0.09979248046875;-0.0029296875;7.24999998169551;726;1 A;
39.0780389013374;-0.099884033203125;-0.00290832519531251;7.25999998167026;727;1 A;
39.0880389013122;-0.099853515625;-0.0029296875;7.26999998164501;728;1 A;
39.0980389012869;-0.099822998046875;-0.00294189453125;7.27999998161977;729;1 A;
39.1080389012617;-0.099884033203125;-0.0029571533203125;7.28999998159452;730;1 A;
39.1180389012364;-0.099945068359375;-0.002972412109375;7.29999998156927;731;1 A;
39.1280389012112;-0.09991455078125;-0.0028839111328125;7.30999998154402;732;1 A;
39.138038901186;-0.099884033203125;-0.0029266357421875;7.31999998151878;733;1 A;
39.1480389011607;-0.099822998046875;-0.0028717041015625;7.32999998149353;734;1 A;
39.1580389011355;-0.099884033203125;-0.0028961181640625;7.33999998146828;735;1 A;
39.1680389011102;-0.09991455078125;-0.0029327392578125;7.34999998144303;736;1 A;
39.178038901085;-0.099853515625;-0.0029937744140625;7.35999998141779;737;1 A;
39.1880389010597;-0.099884033203125;-0.00301208496093749;7.36999998139254;738;1 A;
39.1980389010345;-0.099945068359375;-0.00301208496093749;7.37999998136729;739;1 A;
39.2080389010092;-0.099853515625;-0.00304565429687501;7.38999998134204;740;1 A;
39.218038900984;-0.099853515625;-0.00303955078125;7.3999999813168;741;1 A;
39.2280389009587;-0.099853515625;-0.003094482421875;7.40999998129155;742;1 A;
39.2380389009335;-0.099853515625;-0.00313415527343749;7.4199999812663;743;1 A;
39.2480389009082;-0.099884033203125;-0.0031402587890625;7.42999998124105;744;1 A;
39.258038900883;-0.099853515625;-0.00315246582031251;7.43999998121581;745;1 A;
39.2680389008577;-0.099884033203125;-0.00313720703125001;7.44999998119056;746;1 A;
39.2780389008325;-0.099822998046875;-0.00316467285156249;7.45999998116531;747;1 A;
39.2880389008072;-0.099884033203125;-0.003204345703125;7.46999998114006;748;1 A;
39.298038900782;-0.099822998046875;-0.0032012939453125;7.47999998111482;749;1 A;
39.3080389007567;-0.099853515625;-0.003094482421875;7.48999998108957;750;1 A;
39.3180389007315;-0.099884033203125;-0.0031707763671875;7.49999998106432;751;1 A;
39.3280389007062;-0.099945068359375;-0.00316467285156249;7.50999998103907;752;1 A;
39.338038900681;-0.099853515625;-0.00319519042968749;7.51999998101383;753;1 A;
39.3480389006558;-0.099884033203125;-0.00324096679687499;7.52999998098858;754;1 A;
39.3580389006305;-0.099884033203125;-0.0032806396484375;7.53999998096333;755;1 A;
39.3680389006053;-0.099822998046875;-0.0032806396484375;7.54999998093808;756;1 A;
39.37803890058;-0.099853515625;-0.0032196044921875;7.55999998091283;757;1 A;
39.3880389005548;-0.099822998046875;-0.00328979492187501;7.56999998088759;758;1 A;
39.3980389005295;-0.099884033203125;-0.00328674316406249;7.57999998086234;759;1 A;
39.4080389005043;-0.099822998046875;-0.00332031250000001;7.58999998083709;760;1 A;
39.418038900479;-0.099884033203125;-0.0033233642578125;7.59999998081184;761;1 A;
39.4280389004538;-0.099884033203125;-0.00325622558593749;7.6099999807866;762;1 A;
39.4380389004285;-0.09991455078125;-0.00330505371093751;7.61999998076135;763;1 A;
39.4480389004033;-0.099884033203125;-0.0032012939453125;7.6299999807361;764;1 A;
39.458038900378;-0.09979248046875;-0.00328369140625;7.63999998071085;765;1 A;
39.4680389003528;-0.099822998046875;-0.0033233642578125;7.64999998068561;766;1 A;
39.4780389003275;-0.099853515625;-0.00332031250000001;7.65999998066036;767;1 A;
39.4880389003023;-0.09991455078125;-0.00330810546875;7.66999998063511;768;1 A;
39.498038900277;-0.099853515625;-0.003277587890625;7.67999998060986;769;1 A;
39.5080389002518;-0.09991455078125;-0.003326416015625;7.68999998058462;770;1 A;
39.5180389002265;-0.099822998046875;-0.0032928466796875;7.69999998055937;771;1 A;
39.5280389002013;-0.099822998046875;-0.0033416748046875;7.70999998053412;772;1 A;
39.538038900176;-0.099853515625;-0.00333251953124999;7.71999998050887;773;1 A;
39.5480389001508;-0.099884033203125;-0.00336303710937499;7.72999998048363;774;1 A;
39.5580389001256;-0.099853515625;-0.0033233642578125;7.73999998045838;775;1 A;
39.5680389001003;-0.099822998046875;-0.00333557128906251;7.74999998043313;776;1 A;
39.5780389000751;-0.099884033203125;-0.003387451171875;7.75999998040788;777;1 A;
39.5880389000498;-0.099884033203125;-0.0034515380859375;7.76999998038264;778;1 A;
39.5980389000246;-0.099853515625;-0.003460693359375;7.77999998035739;779;1 A;
39.6080388999993;-0.09991455078125;-0.003369140625;7.78999998033214;780;1 A;
39.6180388999741;-0.099884033203125;-0.0034210205078125;7.79999998030689;781;1 A;
39.6280388999488;-0.099822998046875;-0.0033843994140625;7.80999998028165;782;1 A;
39.6380388999236;-0.09991455078125;-0.00345458984374999;7.8199999802564;783;1 A;
39.6480388998983;-0.099822998046875;-0.00348510742187499;7.82999998023115;784;1 A;
39.6580388998731;-0.099822998046875;-0.00350341796875001;7.8399999802059;785;1 A;
39.6680388998478;-0.099853515625;-0.00351867675781251;7.84999998018066;786;1 A;
39.6780388998226;-0.099853515625;-0.00347900390625;7.85999998015541;787;1 A;
39.6880388997973;-0.099884033203125;-0.00351867675781251;7.86999998013016;788;1 A;
39.6980388997721;-0.099822998046875;-0.00350036621093749;7.87999998010491;789;1 A;
39.7080388997468;-0.099822998046875;-0.00353393554687501;7.88999998007966;790;1 A;
39.7180388997216;-0.099853515625;-0.00354614257812499;7.89999998005442;791;1 A;
39.7280388996963;-0.099822998046875;-0.0035125732421875;7.90999998002917;792;1 A;
39.7380388996711;-0.099822998046875;-0.003521728515625;7.91999998000392;793;1 A;
39.7480388996458;-0.099884033203125;-0.00348510742187499;7.92999997997867;794;1 A;
39.7580388996206;-0.099853515625;-0.0035369873046875;7.93999997995343;795;1 A;
39.7680388995954;-0.099884033203125;-0.0035552978515625;7.94999997992818;796;1 A;
39.7780388995701;-0.099884033203125;-0.00356445312500001;7.95999997990293;797;1 A;
39.7880388995449;-0.099945068359375;-0.00354919433593751;7.96999997987768;798;1 A;
39.7980388995196;-0.099822998046875;-0.0035369873046875;7.97999997985244;799;1 A;
39.8080388994944;-0.099853515625;-0.0035675048828125;7.98999997982719;800;1 A;
39.8180388994691;-0.099853515625;-0.0035552978515625;7.99999997980194;801;1 A;
39.8280388994439;-0.099822998046875;-0.0036163330078125;8.00999997977669;802;1 A;
39.8380388994186;-0.099853515625;-0.0036468505859375;8.01999997975145;803;1 A;
39.8480388993934;-0.099822998046875;-0.00364990234375;8.0299999797262;804;1 A;
39.8580388993681;-0.099822998046875;-0.003662109375;8.03999997970095;805;1 A;
39.8680388993429;-0.099822998046875;-0.0036773681640625;8.0499999796757;806;1 A;
39.8780388993176;-0.099822998046875;-0.003680419921875;8.05999997965046;807;1 A;
39.8880388992924;-0.099853515625;-0.00372314453125;8.06999997962521;808;1 A;
39.8980388992671;-0.099853515625;-0.00373229980468751;8.07999997959996;809;1 A;
39.9080388992419;-0.099822998046875;-0.00368347167968749;8.08999997957471;810;1 A;
39.9180388992166;-0.099884033203125;-0.0036956787109375;8.09999997954947;811;1 A;
39.9280388991914;-0.099853515625;-0.00365600585937501;8.10999997952422;812;1 A;
39.9380388991661;-0.099853515625;-0.0037353515625;8.11999997949897;813;1 A;
39.9480388991409;-0.099761962890625;-0.00375976562499999;8.12999997947372;814;1 A;
39.9580388991156;-0.099884033203125;-0.0037567138671875;8.13999997944848;815;1 A;
39.9680388990904;-0.099884033203125;-0.00374755859375001;8.14999997942323;816;1 A;
39.9780388990652;-0.099884033203125;-0.0037506103515625;8.15999997939798;817;1 A;
39.9880388990399;-0.09991455078125;-0.0037811279296875;8.16999997937273;818;1 A;
39.9980388990147;-0.099853515625;-0.003765869140625;8.17999997934749;819;1 A;
40.0080388989894;-0.099884033203125;-0.00379333496093751;8.18999997932224;820;1 A;
40.0180388989642;-0.099884033203125;-0.00382080078124999;8.19999997929699;821;1 A;
40.0280388989389;-0.099822998046875;-0.0037689208984375;8.20999997927174;822;1 A;
40.0380388989137;-0.099853515625;-0.0038116455078125;8.2199999792465;823;1 A;
40.0480388988884;-0.09979248046875;-0.003802490234375;8.22999997922125;824;1 A;
40.0580388988632;-0.09991455078125;-0.0038421630859375;8.239999979196;825;1 A;
40.0680388988379;-0.099884033203125;-0.003863525390625;8.24999997917075;826;1 A;
40.0780388988127;-0.099884033203125;-0.0038604736328125;8.2599999791455;827;1 A;
40.0880388987874;-0.099884033203125;-0.003826904296875;8.26999997912026;828;1 A;
40.0980388987622;-0.099884033203125;-0.0038299560546875;8.27999997909501;829;1 A;
40.1080388987369;-0.099853515625;-0.003826904296875;8.28999997906976;830;1 A;
40.1180388987117;-0.099884033203125;-0.0038482666015625;8.29999997904451;831;1 A;
40.1280388986864;-0.099884033203125;-0.00388488769531251;8.30999997901927;832;1 A;
40.1380388986612;-0.099884033203125;-0.0039093017578125;8.31999997899402;833;1 A;
40.1480388986359;-0.099853515625;-0.00391540527343751;8.32999997896877;834;1 A;
40.1580388986107;-0.09991455078125;-0.00391235351562499;8.33999997894352;835;1 A;
40.1680388985855;-0.099822998046875;-0.003924560546875;8.34999997891828;836;1 A;
40.1780388985602;-0.099853515625;-0.0039337158203125;8.35999997889303;837;1 A;
40.188038898535;-0.099884033203125;-0.00396728515625;8.36999997886778;838;1 A;
40.1980388985097;-0.099822998046875;-0.0039520263671875;8.37999997884253;839;1 A;
40.2080388984845;-0.09991455078125;-0.0039520263671875;8.38999997881729;840;1 A;
40.2180388984592;-0.099822998046875;-0.00396118164062501;8.39999997879204;841;1 A;
40.228038898434;-0.0999755859375;-0.0039337158203125;8.40999997876679;842;1 A;
40.2380388984087;-0.099853515625;-0.00397338867187499;8.41999997874154;843;1 A;
40.2480388983835;-0.099884033203125;-0.0040008544921875;8.4299999787163;844;1 A;
40.2580388983582;-0.099853515625;-0.0040130615234375;8.43999997869105;845;1 A;
40.268038898333;-0.099884033203125;-0.00400390624999999;8.4499999786658;846;1 A;
40.2780388983077;-0.099822998046875;-0.00399169921875001;8.45999997864055;847;1 A;
40.2880388982825;-0.099884033203125;-0.0040252685546875;8.46999997861531;848;1 A;
40.2980388982572;-0.099884033203125;-0.0040252685546875;8.47999997859006;849;1 A;
40.308038898232;-0.09991455078125;-0.0040771484375;8.48999997856481;850;1 A;
40.3180388982067;-0.099822998046875;-0.00409851074218751;8.49999997853956;851;1 A;
40.3280388981815;-0.099884033203125;-0.00408935546875;8.50999997851432;852;1 A;
40.3380388981562;-0.09991455078125;-0.0040924072265625;8.51999997848907;853;1 A;
40.348038898131;-0.09979248046875;-0.00408325195312501;8.52999997846382;854;1 A;
40.3580388981057;-0.099853515625;-0.00409851074218751;8.53999997843857;855;1 A;
40.3680388980805;-0.099853515625;-0.00412597656249999;8.54999997841333;856;1 A;
40.3780388980553;-0.09991455078125;-0.004119873046875;8.55999997838808;857;1 A;
40.38803889803;-0.099884033203125;-0.00408935546875;8.56999997836283;858;1 A;
40.3980388980048;-0.099853515625;-0.0040863037109375;8.57999997833758;859;1 A;
40.4080388979795;-0.099884033203125;-0.004058837890625;8.58999997831233;860;1 A;
40.4180388979543;-0.099884033203125;-0.00408935546875;8.59999997828709;861;1 A;
40.428038897929;-0.09979248046875;-0.00411071777343749;8.60999997826184;862;1 A;
40.4380388979038;-0.099822998046875;-0.00412597656249999;8.61999997823659;863;1 A;
40.4480388978785;-0.099884033203125;-0.00411071777343749;8.62999997821134;864;1 A;
40.4580388978533;-0.099822998046875;-0.00409851074218751;8.6399999781861;865;1 A;
40.468038897828;-0.099884033203125;-0.004107666015625;8.64999997816085;866;1 A;
40.4780388978028;-0.099853515625;-0.0040863037109375;8.6599999781356;867;1 A;
40.4880388977775;-0.09991455078125;-0.004119873046875;8.66999997811035;868;1 A;
40.4980388977523;-0.099822998046875;-0.004107666015625;8.67999997808511;869;1 A;
40.508038897727;-0.099853515625;-0.004107666015625;8.68999997805986;870;1 A;
40.5180388977018;-0.099853515625;-0.00409545898437499;8.69999997803461;871;1 A;
40.5280388976765;-0.099884033203125;-0.0040557861328125;8.70999997800936;872;1 A;
40.5380388976513;-0.099884033203125;-0.0040924072265625;8.71999997798412;873;1 A;
40.548038897626;-0.099853515625;-0.00411071777343749;8.72999997795887;874;1 A;
40.5580388976008;-0.09979248046875;-0.0040863037109375;8.73999997793362;875;1 A;
40.5680388975755;-0.09991455078125;-0.004071044921875;8.74999997790837;876;1 A;
40.5780388975503;-0.099853515625;-0.0040557861328125;8.75999997788313;877;1 A;
40.5880388975251;-0.09979248046875;-0.00406799316406251;8.76999997785788;878;1 A;
40.5980388974998;-0.09991455078125;-0.0040557861328125;8.77999997783263;879;1 A;
40.6080388974746;-0.099822998046875;-0.00411376953125001;8.78999997780738;880;1 A;
40.6180388974493;-0.099853515625;-0.004119873046875;8.79999997778214;881;1 A;
40.6280388974241;-0.099884033203125;-0.00409851074218751;8.80999997775689;882;1 A;
40.6380388973988;-0.09991455078125;-0.0040924072265625;8.81999997773164;883;1 A;
40.6480388973736;-0.09991455078125;-0.004071044921875;8.82999997770639;884;1 A;
40.6580388973483;-0.09991455078125;-0.00408325195312501;8.83999997768115;885;1 A;
40.6680388973231;-0.099853515625;-0.0041015625;8.8499999776559;886;1 A;
40.6780388972978;-0.099822998046875;-0.0041168212890625;8.85999997763065;887;1 A;
40.6880388972726;-0.099884033203125;-0.0040924072265625;8.8699999776054;888;1 A;
40.6980388972473;-0.099853515625;-0.0041046142578125;8.87999997758016;889;1 A;
40.7080388972221;-0.099945068359375;-0.00408020019531249;8.88999997755491;890;1 A;
40.7180388971968;-0.09991455078125;-0.0041168212890625;8.89999997752966;891;1 A;
40.7280388971716;-0.099853515625;-0.004132080078125;8.90999997750441;892;1 A;
40.7380388971463;-0.099822998046875;-0.0041778564453125;8.91999997747916;893;1 A;
40.7480388971211;-0.099853515625;-0.00417480468750001;8.92999997745392;894;1 A;
40.7580388970958;-0.099853515625;-0.00415954589843751;8.93999997742867;895;1 A;
40.7680388970706;-0.099853515625;-0.0041656494140625;8.94999997740342;896;1 A;
40.7780388970453;-0.099853515625;-0.00415954589843751;8.95999997737817;897;1 A;
40.7880388970201;-0.09991455078125;-0.0041839599609375;8.96999997735293;898;1 A;
40.7980388969949;-0.099853515625;-0.00417175292968749;8.97999997732768;899;1 A;
40.8080388969696;-0.099853515625;-0.0041473388671875;8.98999997730243;900;1 A;
40.8180388969444;-0.099884033203125;-0.0041351318359375;8.99999997727718;901;1 A;
40.8280388969191;-0.099853515625;-0.00409545898437499;9.00999997725194;902;1 A;
40.8380388968939;-0.099822998046875;-0.0041229248046875;9.01999997722669;903;1 A;
40.8480388968686;-0.099761962890625;-0.00412902832031251;9.02999997720144;904;1 A;
40.8580388968434;-0.09979248046875;-0.00412597656249999;9.03999997717619;905;1 A;
40.8680388968181;-0.099853515625;-0.00408325195312501;9.04999997715095;906;1 A;
40.8780388967929;-0.099853515625;-0.00409851074218751;9.0599999771257;907;1 A;
40.8880388967676;-0.099822998046875;-0.0041046142578125;9.06999997710045;908;1 A;
40.8980388967424;-0.099853515625;-0.0041229248046875;9.0799999770752;909;1 A;
40.9080388967171;-0.099884033203125;-0.0041229248046875;9.08999997704996;910;1 A;
40.9180388966919;-0.099853515625;-0.00418701171874999;9.09999997702471;911;1 A;
40.9280388966666;-0.099853515625;-0.004180908203125;9.10999997699946;912;1 A;
40.9380388966414;-0.099884033203125;-0.004193115234375;9.11999997697421;913;1 A;
40.9480388966161;-0.099884033203125;-0.0041961669921875;9.12999997694897;914;1 A;
40.9580388965909;-0.099853515625;-0.00421142578125;9.13999997692372;915;1 A;
40.9680388965656;-0.099884033203125;-0.0042388916015625;9.14999997689847;916;1 A;
40.9780388965404;-0.099822998046875;-0.0042266845703125;9.15999997687322;917;1 A;
40.9880388965151;-0.099853515625;-0.0042236328125;9.16999997684798;918;1 A;
40.9980388964899;-0.09979248046875;-0.00419921875;9.17999997682273;919;1 A;
41.0080388964647;-0.099884033203125;-0.0041656494140625;9.18999997679748;920;1 A;
41.0180388964394;-0.099822998046875;-0.004193115234375;9.19999997677223;921;1 A;
41.0280388964142;-0.099884033203125;-0.004193115234375;9.20999997674699;922;1 A;
41.0380388963889;-0.099884033203125;-0.0042236328125;9.21999997672174;923;1 A;
41.0480388963637;-0.099853515625;-0.00420532226562501;9.22999997669649;924;1 A;
41.0580388963384;-0.099822998046875;-0.00419921875;9.23999997667124;925;1 A;
41.0680388963132;-0.099822998046875;-0.00421142578125;9.249999976646;926;1 A;
41.0780388962879;-0.099853515625;-0.0042083740234375;9.25999997662075;927;1 A;
41.0880388962627;-0.099884033203125;-0.00423278808593749;9.2699999765955;928;1 A;
41.0980388962374;-0.09991455078125;-0.00424804687499999;9.27999997657025;929;1 A;
41.1080388962122;-0.099853515625;-0.004241943359375;9.289999976545;930;1 A;
41.1180388961869;-0.099884033203125;-0.00423278808593749;9.29999997651976;931;1 A;
41.1280388961617;-0.099853515625;-0.00422058105468751;9.30999997649451;932;1 A;
41.1380388961364;-0.09979248046875;-0.0042388916015625;9.31999997646926;933;1 A;
41.1480388961112;-0.099822998046875;-0.004254150390625;9.32999997644401;934;1 A;
41.1580388960859;-0.099853515625;-0.004241943359375;9.33999997641877;935;1 A;
41.1680388960607;-0.099884033203125;-0.004229736328125;9.34999997639352;936;1 A;
41.1780388960354;-0.099853515625;-0.0042266845703125;9.35999997636827;937;1 A;
41.1880388960102;-0.09991455078125;-0.0042236328125;9.36999997634302;938;1 A;
41.198038895985;-0.099884033203125;-0.0042388916015625;9.37999997631778;939;1 A;
41.2080388959597;-0.099853515625;-0.00426330566406249;9.38999997629253;940;1 A;
41.2180388959345;-0.099822998046875;-0.00428161621093751;9.39999997626728;941;1 A;
41.2280388959092;-0.099884033203125;-0.00426635742187501;9.40999997624203;942;1 A;
41.238038895884;-0.099822998046875;-0.00426635742187501;9.41999997621679;943;1 A;
41.2480388958587;-0.099945068359375;-0.00426635742187501;9.42999997619154;944;1 A;
41.2580388958335;-0.099884033203125;-0.00426635742187501;9.43999997616629;945;1 A;
41.2680388958082;-0.099884033203125;-0.00428466796875;9.44999997614104;946;1 A;
41.278038895783;-0.099853515625;-0.0042572021484375;9.4599999761158;947;1 A;
41.2880388957577;-0.09979248046875;-0.00426330566406249;9.46999997609055;948;1 A;
41.2980388957325;-0.099853515625;-0.00425109863281251;9.4799999760653;949;1 A;
41.3080388957072;-0.099822998046875;-0.00423583984375001;9.48999997604005;950;1 A;
41.318038895682;-0.099884033203125;-0.0042724609375;9.49999997601481;951;1 A;
41.3280388956567;-0.09991455078125;-0.0042877197265625;9.50999997598956;952;1 A;
41.3380388956315;-0.099822998046875;-0.00430908203124999;9.51999997596431;953;1 A;
41.3480388956062;-0.09979248046875;-0.00426025390625;9.52999997593906;954;1 A;
41.358038895581;-0.09991455078125;-0.00428466796875;9.53999997591382;955;1 A;
41.3680388955557;-0.099853515625;-0.0042999267578125;9.54999997588857;956;1 A;
41.3780388955305;-0.099853515625;-0.004315185546875;9.55999997586332;957;1 A;
41.3880388955052;-0.099853515625;-0.00435485839843749;9.56999997583807;958;1 A;
41.39803889548;-0.099853515625;-0.00435791015625001;9.57999997581283;959;1 A;
41.4080388954548;-0.09991455078125;-0.00437011718749999;9.58999997578758;960;1 A;
41.4180388954295;-0.099853515625;-0.0043609619140625;9.59999997576233;961;1 A;
41.4280388954043;-0.099853515625;-0.004351806640625;9.60999997573708;962;1 A;
41.438038895379;-0.099822998046875;-0.00437316894531251;9.61999997571183;963;1 A;
41.4480388953538;-0.099853515625;-0.0043914794921875;9.62999997568659;964;1 A;
41.4580388953285;-0.099853515625;-0.0043975830078125;9.63999997566134;965;1 A;
41.4680388953033;-0.09991455078125;-0.00438537597656249;9.64999997563609;966;1 A;
41.478038895278;-0.099822998046875;-0.0043792724609375;9.65999997561084;967;1 A;
41.4880388952528;-0.099884033203125;-0.00438537597656249;9.6699999755856;968;1 A;
41.4980388952275;-0.099822998046875;-0.0043975830078125;9.67999997556035;969;1 A;
41.5080388952023;-0.099853515625;-0.00443115234374999;9.6899999755351;970;1 A;
41.518038895177;-0.099853515625;-0.00444946289062501;9.69999997550985;971;1 A;
41.5280388951518;-0.099884033203125;-0.004437255859375;9.70999997548461;972;1 A;
41.5380388951265;-0.09979248046875;-0.0044403076171875;9.71999997545936;973;1 A;
41.5480388951013;-0.099822998046875;-0.004437255859375;9.72999997543411;974;1 A;
41.558038895076;-0.099853515625;-0.00444946289062501;9.73999997540886;975;1 A;
41.5680388950508;-0.099822998046875;-0.004473876953125;9.74999997538362;976;1 A;
41.5780388950255;-0.099853515625;-0.004473876953125;9.75999997535837;977;1 A;
41.5880388950003;-0.099884033203125;-0.00447692871093749;9.76999997533312;978;1 A;
41.598038894975;-0.099822998046875;-0.00446472167968751;9.77999997530787;979;1 A;
41.6080388949498;-0.099853515625;-0.0044525146484375;9.78999997528263;980;1 A;
41.6180388949246;-0.099822998046875;-0.00446472167968751;9.79999997525738;981;1 A;
41.6280388948993;-0.099853515625;-0.0044708251953125;9.80999997523213;982;1 A;
41.6380388948741;-0.099822998046875;-0.004486083984375;9.81999997520688;983;1 A;
41.6480388948488;-0.099853515625;-0.004443359375;9.82999997518164;984;1 A;
41.6580388948236;-0.099884033203125;-0.004425048828125;9.83999997515639;985;1 A;
41.6680388947983;-0.099884033203125;-0.0044281005859375;9.84999997513114;986;1 A;
41.6780388947731;-0.099853515625;-0.004425048828125;9.85999997510589;987;1 A;
41.6880388947478;-0.099853515625;-0.004443359375;9.86999997508065;988;1 A;
41.6980388947226;-0.099853515625;-0.00444946289062501;9.8799999750554;989;1 A;
41.7080388946973;-0.099853515625;-0.00444641113281249;9.88999997503015;990;1 A;
41.7180388946721;-0.099853515625;-0.004437255859375;9.8999999750049;991;1 A;
41.7280388946468;-0.099884033203125;-0.0044281005859375;9.90999997497966;992;1 A;
41.7380388946216;-0.099853515625;-0.00445556640625;9.91999997495441;993;1 A;
41.7480388945963;-0.09991455078125;-0.0044677734375;9.92999997492916;994;1 A;
41.7580388945711;-0.099853515625;-0.00446166992187499;9.93999997490391;995;1 A;
41.7680388945458;-0.09991455078125;-0.0044525146484375;9.94999997487866;996;1 A;
41.7780388945206;-0.099853515625;-0.0044281005859375;9.95999997485342;997;1 A;
41.7880388944953;-0.09979248046875;-0.00443115234374999;9.96999997482817;998;1 A;
41.7980388944701;-0.099853515625;-0.00443115234374999;9.97999997480292;999;1 A;
41.8080388944448;-0.099853515625;-0.0044586181640625;9.98999997477767;1000;1 A;
41.8180388944196;-0.099884033203125;-0.004473876953125;9.99999997475243;1001;1 A;
41.8280388943944;-0.099884033203125;-0.00444946289062501;10.0099999747272;1002;1 A;
41.8380388943691;-0.099853515625;-0.0044525146484375;10.0199999747019;1003;1 A;
41.8480388943439;-0.099822998046875;-0.00443420410156251;10.0299999746767;1004;1 A;
41.8580388943186;-0.099884033203125;-0.00444946289062501;10.0399999746514;1005;1 A;
41.8680388942934;-0.099884033203125;-0.0044586181640625;10.0499999746262;1006;1 A;
41.8780388942681;-0.099853515625;-0.0044586181640625;10.0599999746009;1007;1 A;
41.8880388942429;-0.099884033203125;-0.0044677734375;10.0699999745757;1008;1 A;
41.8980388942176;-0.099884033203125;-0.00446166992187499;10.0799999745504;1009;1 A;
41.9080388941924;-0.099884033203125;-0.00446472167968751;10.0899999745252;1010;1 A;
41.9180388941671;-0.09991455078125;-0.004498291015625;10.0999999745;1011;1 A;
41.9280388941419;-0.099822998046875;-0.00451049804687501;10.1099999744747;1012;1 A;
41.9380388941166;-0.099853515625;-0.0045318603515625;10.1199999744495;1013;1 A;
41.9480388940914;-0.099853515625;-0.0045135498046875;10.1299999744242;1014;1 A;
41.9580388940661;-0.099822998046875;-0.0045166015625;10.139999974399;1015;1 A;
41.9680388940409;-0.099884033203125;-0.0045166015625;10.1499999743737;1016;1 A;
41.9780388940156;-0.099853515625;-0.00452270507812499;10.1599999743485;1017;1 A;
41.9880388939904;-0.09991455078125;-0.00455627441406251;10.1699999743232;1018;1 A;
41.9980388939651;-0.099822998046875;-0.0045654296875;10.179999974298;1019;1 A;
42.0080388939399;-0.099853515625;-0.0045654296875;10.1899999742727;1020;1 A;
42.0180388939146;-0.09979248046875;-0.0045654296875;10.1999999742475;1021;1 A;
42.0280388938894;-0.099853515625;-0.00455627441406251;10.2099999742222;1022;1 A;
42.0380388938642;-0.099884033203125;-0.00458374023437499;10.219999974197;1023;1 A;
42.0480388938389;-0.099853515625;-0.00460205078125001;10.2299999741717;1024;1 A;
42.0580388938137;-0.099853515625;-0.0046051025390625;10.2399999741465;1025;1 A;
42.0680388937884;-0.099853515625;-0.0046051025390625;10.2499999741212;1026;1 A;
42.0780388937632;-0.099853515625;-0.00458679199218751;10.259999974096;1027;1 A;
42.0880388937379;-0.099853515625;-0.0045928955078125;10.2699999740707;1028;1 A;
42.0980388937127;-0.099884033203125;-0.0046112060546875;10.2799999740455;1029;1 A;
42.1080388936874;-0.099884033203125;-0.00464782714843751;10.2899999740202;1030;1 A;
42.1180388936622;-0.099822998046875;-0.0046844482421875;10.299999973995;1031;1 A;
42.1280388936369;-0.099884033203125;-0.00467529296874999;10.3099999739698;1032;1 A;
42.1380388936117;-0.099884033203125;-0.00469970703125;10.3199999739445;1033;1 A;
42.1480388935864;-0.09991455078125;-0.00469970703125;10.3299999739193;1034;1 A;
42.1580388935612;-0.099822998046875;-0.00472412109375001;10.339999973894;1035;1 A;
42.1680388935359;-0.099853515625;-0.00476684570312499;10.3499999738688;1036;1 A;
42.1780388935107;-0.099822998046875;-0.00476684570312499;10.3599999738435;1037;1 A;
42.1880388934854;-0.099884033203125;-0.004779052734375;10.3699999738183;1038;1 A;
42.1980388934602;-0.099853515625;-0.0047607421875;10.379999973793;1039;1 A;
42.2080388934349;-0.099884033203125;-0.0047637939453125;10.3899999737678;1040;1 A;
42.2180388934097;-0.099853515625;-0.0047882080078125;10.3999999737425;1041;1 A;
42.2280388933845;-0.099884033203125;-0.00480041503906251;10.4099999737173;1042;1 A;
42.2380388933592;-0.099853515625;-0.00481567382812501;10.419999973692;1043;1 A;
42.248038893334;-0.099853515625;-0.0048065185546875;10.4299999736668;1044;1 A;
42.2580388933087;-0.099822998046875;-0.004791259765625;10.4399999736415;1045;1 A;
42.2680388932835;-0.099853515625;-0.004791259765625;10.4499999736163;1046;1 A;
42.2780388932582;-0.099884033203125;-0.00478210449218749;10.459999973591;1047;1 A;
42.288038893233;-0.099853515625;-0.00481567382812501;10.4699999735658;1048;1 A;
42.2980388932077;-0.099853515625;-0.0048187255859375;10.4799999735405;1049;1 A;
42.3080388931825;-0.099884033203125;-0.0048095703125;10.4899999735153;1050;1 A;
42.3180388931572;-0.099853515625;-0.0048095703125;10.49999997349;1051;1 A;
42.328038893132;-0.099822998046875;-0.0047943115234375;10.5099999734648;1052;1 A;
42.3380388931067;-0.099822998046875;-0.00481567382812501;10.5199999734396;1053;1 A;
42.3480388930815;-0.099822998046875;-0.00482788085937499;10.5299999734143;1054;1 A;
42.3580388930562;-0.099884033203125;-0.0048187255859375;10.5399999733891;1055;1 A;
42.368038893031;-0.099853515625;-0.00480041503906251;10.5499999733638;1056;1 A;
42.3780388930057;-0.09991455078125;-0.0047576904296875;10.5599999733386;1057;1 A;
42.3880388929805;-0.099853515625;-0.00470886230468751;10.5699999733133;1058;1 A;
42.3980388929552;-0.09991455078125;-0.00470581054687499;10.5799999732881;1059;1 A;
42.40803889293;-0.099853515625;-0.00472106933593749;10.5899999732628;1060;1 A;
42.4180388929047;-0.099853515625;-0.00473937988281251;10.5999999732376;1061;1 A;
42.4280388928795;-0.099822998046875;-0.00472412109375001;10.6099999732123;1062;1 A;
42.4380388928543;-0.099822998046875;-0.0047149658203125;10.6199999731871;1063;1 A;
42.448038892829;-0.099884033203125;-0.0046844482421875;10.6299999731618;1064;1 A;
42.4580388928038;-0.099884033203125;-0.0046661376953125;10.6399999731366;1065;1 A;
42.4680388927785;-0.099945068359375;-0.004681396484375;10.6499999731113;1066;1 A;
42.4780388927533;-0.099853515625;-0.004656982421875;10.6599999730861;1067;1 A;
42.488038892728;-0.099884033203125;-0.00464477539062499;10.6699999730608;1068;1 A;
42.4980388927028;-0.099822998046875;-0.00461730957031251;10.6799999730356;1069;1 A;
42.5080388926775;-0.09979248046875;-0.0046051025390625;10.6899999730103;1070;1 A;
42.5180388926523;-0.099853515625;-0.004608154296875;10.6999999729851;1071;1 A;
42.528038892627;-0.099884033203125;-0.00461730957031251;10.7099999729598;1072;1 A;
42.5380388926018;-0.099884033203125;-0.00462646484375;10.7199999729346;1073;1 A;
42.5480388925765;-0.099853515625;-0.00461425781249999;10.7299999729094;1074;1 A;
42.5580388925513;-0.099853515625;-0.00459899902343749;10.7399999728841;1075;1 A;
42.568038892526;-0.099822998046875;-0.004620361328125;10.7499999728589;1076;1 A;
42.5780388925008;-0.099884033203125;-0.00463256835937501;10.7599999728336;1077;1 A;
42.5880388924755;-0.099853515625;-0.00466308593750001;10.7699999728084;1078;1 A;
42.5980388924503;-0.099884033203125;-0.00469360351562501;10.7799999727831;1079;1 A;
42.608038892425;-0.099884033203125;-0.00469360351562501;10.7899999727579;1080;1 A;
42.6180388923998;-0.09991455078125;-0.0047027587890625;10.7999999727326;1081;1 A;
42.6280388923745;-0.099853515625;-0.00469970703125;10.8099999727074;1082;1 A;
42.6380388923493;-0.099822998046875;-0.004730224609375;10.8199999726821;1083;1 A;
42.6480388923241;-0.099761962890625;-0.00474853515625;10.8299999726569;1084;1 A;
42.6580388922988;-0.099884033203125;-0.0047454833984375;10.8399999726316;1085;1 A;
42.6680388922736;-0.099853515625;-0.004742431640625;10.8499999726064;1086;1 A;
42.6780388922483;-0.099884033203125;-0.00470581054687499;10.8599999725811;1087;1 A;
42.6880388922231;-0.09991455078125;-0.00469970703125;10.8699999725559;1088;1 A;
42.6980388921978;-0.099884033203125;-0.00469055175781249;10.8799999725306;1089;1 A;
42.7080388921726;-0.099884033203125;-0.0046966552734375;10.8899999725054;1090;1 A;
42.7180388921473;-0.09979248046875;-0.00469360351562501;10.8999999724801;1091;1 A;
42.7280388921221;-0.099822998046875;-0.00466003417968749;10.9099999724549;1092;1 A;
42.7380388920968;-0.099853515625;-0.00465087890625;10.9199999724297;1093;1 A;
42.7480388920716;-0.099822998046875;-0.004656982421875;10.9299999724044;1094;1 A;
42.7580388920463;-0.099853515625;-0.00467529296874999;10.9399999723792;1095;1 A;
42.7680388920211;-0.09991455078125;-0.00469055175781249;10.9499999723539;1096;1 A;
42.7780388919958;-0.099884033203125;-0.00469055175781249;10.9599999723287;1097;1 A;
42.7880388919706;-0.099853515625;-0.0046966552734375;10.9699999723034;1098;1 A;
42.7980388919453;-0.099853515625;-0.004681396484375;10.9799999722782;1099;1 A;
42.8080388919201;-0.09979248046875;-0.004669189453125;10.9899999722529;1100;1 A;
42.8180388918948;-0.09991455078125;-0.00467529296874999;10.9999999722277;1101;1 A;
42.8280388918696;-0.099853515625;-0.004656982421875;11.0099999722024;1102;1 A;
42.8380388918443;-0.09991455078125;-0.00464782714843751;11.0199999721772;1103;1 A;
42.8480388918191;-0.099853515625;-0.0046234130859375;11.0299999721519;1104;1 A;
42.8580388917939;-0.09991455078125;-0.004595947265625;11.0399999721267;1105;1 A;
42.8680388917686;-0.099853515625;-0.00458374023437499;11.0499999721014;1106;1 A;
42.8780388917434;-0.099853515625;-0.00458679199218751;11.0599999720762;1107;1 A;
42.8880388917181;-0.09979248046875;-0.00460205078125001;11.0699999720509;1108;1 A;
42.8980388916929;-0.099853515625;-0.004608154296875;11.0799999720257;1109;1 A;
42.9080388916676;-0.099884033203125;-0.004595947265625;11.0899999720004;1110;1 A;
42.9180388916424;-0.099884033203125;-0.00458374023437499;11.0999999719752;1111;1 A;
42.9280388916171;-0.0999755859375;-0.0045623779296875;11.1099999719499;1112;1 A;
42.9380388915919;-0.099822998046875;-0.00458679199218751;11.1199999719247;1113;1 A;
42.9480388915666;-0.09991455078125;-0.00459899902343749;11.1299999718995;1114;1 A;
42.9580388915414;-0.099822998046875;-0.0045928955078125;11.1399999718742;1115;1 A;
42.9680388915161;-0.099822998046875;-0.004595947265625;11.149999971849;1116;1 A;
42.9780388914909;-0.099853515625;-0.00456848144531249;11.1599999718237;1117;1 A;
42.9880388914656;-0.09991455078125;-0.00457763671875;11.1699999717985;1118;1 A;
42.9980388914404;-0.099853515625;-0.0045806884765625;11.1799999717732;1119;1 A;
43.0080388914151;-0.099884033203125;-0.00458984375;11.189999971748;1120;1 A;
43.0180388913899;-0.099884033203125;-0.0045928955078125;11.1999999717227;1121;1 A;
43.0280388913646;-0.09979248046875;-0.00457153320312501;11.2099999716975;1122;1 A;
43.0380388913394;-0.099853515625;-0.0045806884765625;11.2199999716722;1123;1 A;
43.0480388913141;-0.09979248046875;-0.00457153320312501;11.229999971647;1124;1 A;
43.0580388912889;-0.099822998046875;-0.0046051025390625;11.2399999716217;1125;1 A;
43.0680388912637;-0.099853515625;-0.0046417236328125;11.2499999715965;1126;1 A;
43.0780388912384;-0.099884033203125;-0.00465087890625;11.2599999715712;1127;1 A;
43.0880388912132;-0.099853515625;-0.004669189453125;11.269999971546;1128;1 A;
43.0980388911879;-0.099884033203125;-0.00466308593750001;11.2799999715207;1129;1 A;
43.1080388911627;-0.099853515625;-0.004656982421875;11.2899999714955;1130;1 A;
43.1180388911374;-0.099884033203125;-0.0046722412109375;11.2999999714702;1131;1 A;
43.1280388911122;-0.099853515625;-0.0046722412109375;11.309999971445;1132;1 A;
43.1380388910869;-0.099884033203125;-0.0046844482421875;11.3199999714197;1133;1 A;
43.1480388910617;-0.099853515625;-0.00467529296874999;11.3299999713945;1134;1 A;
43.1580388910364;-0.09991455078125;-0.00466308593750001;11.3399999713693;1135;1 A;
43.1680388910112;-0.09991455078125;-0.004681396484375;11.349999971344;1136;1 A;
43.1780388909859;-0.09979248046875;-0.004681396484375;11.3599999713188;1137;1 A;
43.1880388909607;-0.099884033203125;-0.00469970703125;11.3699999712935;1138;1 A;
43.1980388909354;-0.09979248046875;-0.0047119140625;11.3799999712683;1139;1 A;
43.2080388909102;-0.099853515625;-0.00470581054687499;11.389999971243;1140;1 A;
43.2180388908849;-0.099761962890625;-0.00470886230468751;11.3999999712178;1141;1 A;
43.2280388908597;-0.09991455078125;-0.004681396484375;11.4099999711925;1142;1 A;
43.2380388908344;-0.099853515625;-0.0046966552734375;11.4199999711673;1143;1 A;
43.2480388908092;-0.099853515625;-0.00469970703125;11.429999971142;1144;1 A;
43.258038890784;-0.099853515625;-0.0046875;11.4399999711168;1145;1 A;
43.2680388907587;-0.099884033203125;-0.0046875;11.4499999710915;1146;1 A;
43.2780388907335;-0.099822998046875;-0.0046539306640625;11.4599999710663;1147;1 A;
43.2880388907082;-0.099822998046875;-0.004669189453125;11.469999971041;1148;1 A;
43.298038890683;-0.099884033203125;-0.00467529296874999;11.4799999710158;1149;1 A;
43.3080388906577;-0.099822998046875;-0.0046966552734375;11.4899999709905;1150;1 A;
43.3180388906325;-0.099884033203125;-0.00470886230468751;11.4999999709653;1151;1 A;
43.3280388906072;-0.099884033203125;-0.00469360351562501;11.50999997094;1152;1 A;
43.338038890582;-0.099822998046875;-0.0046966552734375;11.5199999709148;1153;1 A;
43.3480388905567;-0.099822998046875;-0.00469360351562501;11.5299999708895;1154;1 A;
43.3580388905315;-0.09991455078125;-0.0047119140625;11.5399999708643;1155;1 A;
43.3680388905062;-0.099853515625;-0.004730224609375;11.5499999708391;1156;1 A;
43.378038890481;-0.099853515625;-0.0047271728515625;11.5599999708138;1157;1 A;
43.3880388904557;-0.099853515625;-0.0047332763671875;11.5699999707886;1158;1 A;
43.3980388904305;-0.099853515625;-0.004730224609375;11.5799999707633;1159;1 A;
43.4080388904052;-0.099853515625;-0.0047271728515625;11.5899999707381;1160;1 A;
43.41803889038;-0.099853515625;-0.00474853515625;11.5999999707128;1161;1 A;
43.4280388903547;-0.099853515625;-0.00473937988281251;11.6099999706876;1162;1 A;
43.4380388903295;-0.099822998046875;-0.00475158691406249;11.6199999706623;1163;1 A;
43.4480388903042;-0.099884033203125;-0.00473937988281251;11.6299999706371;1164;1 A;
43.458038890279;-0.099853515625;-0.004718017578125;11.6399999706118;1165;1 A;
43.4680388902538;-0.09991455078125;-0.004718017578125;11.6499999705866;1166;1 A;
43.4780388902285;-0.099884033203125;-0.00469970703125;11.6599999705613;1167;1 A;
43.4880388902033;-0.09991455078125;-0.0047149658203125;11.6699999705361;1168;1 A;
43.498038890178;-0.099822998046875;-0.0047027587890625;11.6799999705108;1169;1 A;
43.5080388901528;-0.099853515625;-0.004681396484375;11.6899999704856;1170;1 A;
43.5180388901275;-0.099853515625;-0.00467529296874999;11.6999999704603;1171;1 A;
43.5280388901023;-0.099884033203125;-0.0046417236328125;11.7099999704351;1172;1 A;
43.538038890077;-0.099884033203125;-0.00466003417968749;11.7199999704098;1173;1 A;
43.5480388900518;-0.099853515625;-0.00466003417968749;11.7299999703846;1174;1 A;
43.5580388900265;-0.099884033203125;-0.00465087890625;11.7399999703593;1175;1 A;
43.5680388900013;-0.099945068359375;-0.00464782714843751;11.7499999703341;1176;1 A;
43.578038889976;-0.099884033203125;-0.00461730957031251;11.7599999703089;1177;1 A;
43.5880388899508;-0.099853515625;-0.00462646484375;11.7699999702836;1178;1 A;
43.5980388899255;-0.099884033203125;-0.0046234130859375;11.7799999702584;1179;1 A;
43.6080388899003;-0.09979248046875;-0.00463256835937501;11.7899999702331;1180;1 A;
43.618038889875;-0.099822998046875;-0.00461730957031251;11.7999999702079;1181;1 A;
43.6280388898498;-0.09991455078125;-0.0045928955078125;11.8099999701826;1182;1 A;
43.6380388898245;-0.099884033203125;-0.00458374023437499;11.8199999701574;1183;1 A;
43.6480388897993;-0.099853515625;-0.00456848144531249;11.8299999701321;1184;1 A;
43.658038889774;-0.09991455078125;-0.0045806884765625;11.8399999701069;1185;1 A;
43.6680388897488;-0.099822998046875;-0.0045928955078125;11.8499999700816;1186;1 A;
43.6780388897236;-0.099853515625;-0.00458984375;11.8599999700564;1187;1 A;
43.6880388896983;-0.099884033203125;-0.00458984375;11.8699999700311;1188;1 A;
43.6980388896731;-0.099884033203125;-0.00458679199218751;11.8799999700059;1189;1 A;
43.7080388896478;-0.099884033203125;-0.00457763671875;11.8899999699806;1190;1 A;
43.7180388896226;-0.099884033203125;-0.00459899902343749;11.8999999699554;1191;1 A;
43.7280388895973;-0.099853515625;-0.00459899902343749;11.9099999699301;1192;1 A;
43.7380388895721;-0.099822998046875;-0.004595947265625;11.9199999699049;1193;1 A;
43.7480388895468;-0.099853515625;-0.00458679199218751;11.9299999698796;1194;1 A;
43.7580388895216;-0.09979248046875;-0.00455627441406251;11.9399999698544;1195;1 A;
43.7680388894963;-0.099884033203125;-0.0045623779296875;11.9499999698292;1196;1 A;
43.7780388894711;-0.09991455078125;-0.004559326171875;11.9599999698039;1197;1 A;
43.7880388894458;-0.099884033203125;-0.00458679199218751;11.9699999697787;1198;1 A;
43.7980388894206;-0.099884033203125;-0.00458374023437499;11.9799999697534;1199;1 A;
43.8080388893953;-0.099884033203125;-0.00457153320312501;11.9899999697282;1200;1 A;
43.8180388893701;-0.099822998046875;-0.0045745849609375;11.9999999697029;1201;1 A;
43.8280388893448;-0.09979248046875;-0.0045501708984375;12.0099999696777;1202;1 A;
43.8380388893196;-0.099884033203125;-0.00458984375;12.0199999696524;1203;1 A;
43.8480388892943;-0.09991455078125;-0.00460205078125001;12.0299999696272;1204;1 A;
43.8580388892691;-0.099853515625;-0.00460205078125001;12.0399999696019;1205;1 A;
43.8680388892438;-0.099853515625;-0.004608154296875;12.0499999695767;1206;1 A;
43.8780388892186;-0.09991455078125;-0.00458374023437499;12.0599999695514;1207;1 A;
43.8880388891934;-0.09991455078125;-0.0045745849609375;12.0699999695262;1208;1 A;
43.8980388891681;-0.09991455078125;-0.0045745849609375;12.0799999695009;1209;1 A;
43.9080388891429;-0.099884033203125;-0.0045928955078125;12.0899999694757;1210;1 A;
43.9180388891176;-0.09979248046875;-0.00460205078125001;12.0999999694504;1211;1 A;
43.9280388890924;-0.099884033203125;-0.00458984375;12.1099999694252;1212;1 A;
43.9380388890671;-0.09979248046875;-0.0045806884765625;12.1199999693999;1213;1 A;
43.9480388890419;-0.09991455078125;-0.00457153320312501;12.1299999693747;1214;1 A;
43.9580388890166;-0.099884033203125;-0.00458679199218751;12.1399999693494;1215;1 A;
43.9680388889914;-0.099884033203125;-0.00460205078125001;12.1499999693242;1216;1 A;
43.9780388889661;-0.099884033203125;-0.004595947265625;12.159999969299;1217;1 A;
43.9880388889409;-0.099822998046875;-0.00459899902343749;12.1699999692737;1218;1 A;
43.9980388889156;-0.099884033203125;-0.00458984375;12.1799999692485;1219;1 A;
44.0080388888904;-0.09979248046875;-0.00457153320312501;12.1899999692232;1220;1 A;
44.0180388888651;-0.099853515625;-0.00460205078125001;12.199999969198;1221;1 A;
44.0280388888399;-0.099853515625;-0.00460205078125001;12.2099999691727;1222;1 A;
44.0380388888146;-0.099884033203125;-0.00461730957031251;12.2199999691475;1223;1 A;
44.0480388887894;-0.099884033203125;-0.004608154296875;12.2299999691222;1224;1 A;
44.0580388887641;-0.099884033203125;-0.004595947265625;12.239999969097;1225;1 A;
44.0680388887389;-0.099884033203125;-0.0046112060546875;12.2499999690717;1226;1 A;
44.0780388887136;-0.09991455078125;-0.0045928955078125;12.2599999690465;1227;1 A;
44.0880388886884;-0.099884033203125;-0.004620361328125;12.2699999690212;1228;1 A;
44.0980388886632;-0.09979248046875;-0.004608154296875;12.279999968996;1229;1 A;
44.1080388886379;-0.099884033203125;-0.00458374023437499;12.2899999689707;1230;1 A;
44.1180388886127;-0.099853515625;-0.0045623779296875;12.2999999689455;1231;1 A;
44.1280388885874;-0.099945068359375;-0.0045166015625;12.3099999689202;1232;1 A;
44.1380388885622;-0.099853515625;-0.00455627441406251;12.319999968895;1233;1 A;
44.1480388885369;-0.099884033203125;-0.0045623779296875;12.3299999688697;1234;1 A;
44.1580388885117;-0.099853515625;-0.00456848144531249;12.3399999688445;1235;1 A;
44.1680388884864;-0.099853515625;-0.0045806884765625;12.3499999688192;1236;1 A;
44.1780388884612;-0.099822998046875;-0.0045623779296875;12.359999968794;1237;1 A;
44.1880388884359;-0.099822998046875;-0.0045654296875;12.3699999687688;1238;1 A;
44.1980388884107;-0.09991455078125;-0.00457763671875;12.3799999687435;1239;1 A;
44.2080388883854;-0.099853515625;-0.004595947265625;12.3899999687183;1240;1 A;
44.2180388883602;-0.099853515625;-0.004608154296875;12.399999968693;1241;1 A;
44.2280388883349;-0.099853515625;-0.004595947265625;12.4099999686678;1242;1 A;
44.2380388883097;-0.099853515625;-0.00458984375;12.4199999686425;1243;1 A;
44.2480388882844;-0.099822998046875;-0.004595947265625;12.4299999686173;1244;1 A;
44.2580388882592;-0.099884033203125;-0.00460205078125001;12.439999968592;1245;1 A;
44.2680388882339;-0.099822998046875;-0.00462951660156249;12.4499999685668;1246;1 A;
44.2780388882087;-0.09979248046875;-0.0046234130859375;12.4599999685415;1247;1 A;
44.2880388881835;-0.09991455078125;-0.00462646484375;12.4699999685163;1248;1 A;
44.2980388881582;-0.09991455078125;-0.004620361328125;12.479999968491;1249;1 A;
44.308038888133;-0.099853515625;-0.00461425781249999;12.4899999684658;1250;1 A;
44.3180388881077;-0.099853515625;-0.0046539306640625;12.4999999684405;1251;1 A;
44.3280388880825;-0.099853515625;-0.00466003417968749;12.5099999684153;1252;1 A;
44.3380388880572;-0.099853515625;-0.0046844482421875;12.51999996839;1253;1 A;
44.348038888032;-0.099884033203125;-0.00469055175781249;12.5299999683648;1254;1 A;
44.3580388880067;-0.099822998046875;-0.004681396484375;12.5399999683395;1255;1 A;
44.3680388879815;-0.099884033203125;-0.00469970703125;12.5499999683143;1256;1 A;
44.3780388879562;-0.099884033203125;-0.00469055175781249;12.559999968289;1257;1 A;
44.388038887931;-0.099884033203125;-0.0047149658203125;12.5699999682638;1258;1 A;
44.3980388879057;-0.099853515625;-0.0047149658203125;12.5799999682386;1259;1 A;
44.4080388878805;-0.099884033203125;-0.00469360351562501;12.5899999682133;1260;1 A;
44.4180388878552;-0.099884033203125;-0.0047027587890625;12.5999999681881;1261;1 A;
44.42803888783;-0.099822998046875;-0.00469360351562501;12.6099999681628;1262;1 A;
44.4380388878047;-0.099884033203125;-0.0047271728515625;12.6199999681376;1263;1 A;
44.4480388877795;-0.099853515625;-0.0047454833984375;12.6299999681123;1264;1 A;
44.4580388877542;-0.09991455078125;-0.0047607421875;12.6399999680871;1265;1 A;
44.468038887729;-0.099884033203125;-0.00476684570312499;12.6499999680618;1266;1 A;
44.4780388877037;-0.09991455078125;-0.00475463867187501;12.6599999680366;1267;1 A;
44.4880388876785;-0.099884033203125;-0.0047607421875;12.6699999680113;1268;1 A;
44.4980388876533;-0.099853515625;-0.004779052734375;12.6799999679861;1269;1 A;
44.508038887628;-0.099853515625;-0.004791259765625;12.6899999679608;1270;1 A;
44.5180388876028;-0.099853515625;-0.00480041503906251;12.6999999679356;1271;1 A;
44.5280388875775;-0.099853515625;-0.004779052734375;12.7099999679103;1272;1 A;
44.5380388875523;-0.099822998046875;-0.0047637939453125;12.7199999678851;1273;1 A;
44.548038887527;-0.099884033203125;-0.0047576904296875;12.7299999678598;1274;1 A;
44.5580388875018;-0.09991455078125;-0.00475158691406249;12.7399999678346;1275;1 A;
44.5680388874765;-0.09991455078125;-0.00476989746093751;12.7499999678093;1276;1 A;
44.5780388874513;-0.09979248046875;-0.00475158691406249;12.7599999677841;1277;1 A;
44.588038887426;-0.099853515625;-0.0047454833984375;12.7699999677588;1278;1 A;
44.5980388874008;-0.099853515625;-0.0047271728515625;12.7799999677336;1279;1 A;
44.6080388873755;-0.09991455078125;-0.0047119140625;12.7899999677084;1280;1 A;
44.6180388873503;-0.099853515625;-0.00473937988281251;12.7999999676831;1281;1 A;
44.628038887325;-0.09991455078125;-0.0047271728515625;12.8099999676579;1282;1 A;
44.6380388872998;-0.099853515625;-0.00473632812499999;12.8199999676326;1283;1 A;
44.6480388872745;-0.099822998046875;-0.0047271728515625;12.8299999676074;1284;1 A;
44.6580388872493;-0.099822998046875;-0.00470886230468751;12.8399999675821;1285;1 A;
44.668038887224;-0.099822998046875;-0.00470581054687499;12.8499999675569;1286;1 A;
44.6780388871988;-0.099853515625;-0.0046966552734375;12.8599999675316;1287;1 A;
44.6880388871735;-0.09991455078125;-0.004718017578125;12.8699999675064;1288;1 A;
44.6980388871483;-0.099884033203125;-0.004718017578125;12.8799999674811;1289;1 A;
44.7080388871231;-0.09979248046875;-0.0047119140625;12.8899999674559;1290;1 A;
44.7180388870978;-0.099945068359375;-0.00470886230468751;12.8999999674306;1291;1 A;
44.7280388870726;-0.099884033203125;-0.00469055175781249;12.9099999674054;1292;1 A;
44.7380388870473;-0.099884033203125;-0.00472412109375001;12.9199999673801;1293;1 A;
44.7480388870221;-0.099822998046875;-0.00474853515625;12.9299999673549;1294;1 A;
44.7580388869968;-0.099853515625;-0.0047607421875;12.9399999673296;1295;1 A;
44.7680388869716;-0.099884033203125;-0.00476684570312499;12.9499999673044;1296;1 A;
44.7780388869463;-0.099853515625;-0.00474853515625;12.9599999672791;1297;1 A;
44.7880388869211;-0.099884033203125;-0.00473937988281251;12.9699999672539;1298;1 A;
44.7980388868958;-0.099822998046875;-0.00475158691406249;12.9799999672287;1299;1 A;
44.8080388868706;-0.099884033203125;-0.00475158691406249;12.9899999672034;1300;1 A;
44.8180388868453;-0.099884033203125;-0.0047607421875;12.9999999671782;1301;1 A;
44.8280388868201;-0.09991455078125;-0.00473632812499999;13.0099999671529;1302;1 A;
44.8380388867948;-0.099884033203125;-0.00472412109375001;13.0199999671277;1303;1 A;
44.8480388867696;-0.09979248046875;-0.00472412109375001;13.0299999671024;1304;1 A;
44.8580388867443;-0.09991455078125;-0.00472412109375001;13.0399999670772;1305;1 A;
44.8680388867191;-0.099884033203125;-0.00475463867187501;13.0499999670519;1306;1 A;
44.8780388866938;-0.099884033203125;-0.00474853515625;13.0599999670267;1307;1 A;
44.8880388866686;-0.099853515625;-0.0047576904296875;13.0699999670014;1308;1 A;
44.8980388866433;-0.099884033203125;-0.0047637939453125;13.0799999669762;1309;1 A;
44.9080388866181;-0.099853515625;-0.0047637939453125;13.0899999669509;1310;1 A;
44.9180388865929;-0.09991455078125;-0.0048095703125;13.0999999669257;1311;1 A;
44.9280388865676;-0.099853515625;-0.00481567382812501;13.1099999669004;1312;1 A;
44.9380388865424;-0.099822998046875;-0.00484619140625001;13.1199999668752;1313;1 A;
44.9480388865171;-0.099853515625;-0.004852294921875;13.1299999668499;1314;1 A;
44.9580388864919;-0.099945068359375;-0.00484313964843749;13.1399999668247;1315;1 A;
44.9680388864666;-0.099884033203125;-0.00484619140625001;13.1499999667994;1316;1 A;
44.9780388864414;-0.099853515625;-0.004833984375;13.1599999667742;1317;1 A;
44.9880388864161;-0.099945068359375;-0.00484619140625001;13.1699999667489;1318;1 A;
44.9980388863909;-0.099853515625;-0.00484313964843749;13.1799999667237;1319;1 A;
45.0080388863656;-0.099822998046875;-0.00483093261718751;13.1899999666985;1320;1 A;
45.0180388863404;-0.099853515625;-0.004803466796875;13.1999999666732;1321;1 A;
45.0280388863151;-0.099822998046875;-0.00475463867187501;13.209999966648;1322;1 A;
45.0380388862899;-0.099853515625;-0.0047760009765625;13.2199999666227;1323;1 A;
45.0480388862646;-0.099853515625;-0.0048187255859375;13.2299999665975;1324;1 A;
45.0580388862394;-0.099884033203125;-0.0048492431640625;13.2399999665722;1325;1 A;
45.0680388862141;-0.099853515625;-0.00485839843749999;13.249999966547;1326;1 A;
45.0780388861889;-0.099884033203125;-0.0048370361328125;13.2599999665217;1327;1 A;
45.0880388861636;-0.099853515625;-0.00484619140625001;13.2699999664965;1328;1 A;
45.0980388861384;-0.099822998046875;-0.004864501953125;13.2799999664712;1329;1 A;
45.1080388861131;-0.099822998046875;-0.0048858642578125;13.289999966446;1330;1 A;
45.1180388860879;-0.09991455078125;-0.004913330078125;13.2999999664207;1331;1 A;
45.1280388860627;-0.09991455078125;-0.004901123046875;13.3099999663955;1332;1 A;
45.1380388860374;-0.09991455078125;-0.00490722656250001;13.3199999663702;1333;1 A;
45.1480388860122;-0.099853515625;-0.004913330078125;13.329999966345;1334;1 A;
45.1580388859869;-0.099822998046875;-0.0049163818359375;13.3399999663197;1335;1 A;
45.1680388859617;-0.099884033203125;-0.0049407958984375;13.3499999662945;1336;1 A;
45.1780388859364;-0.099822998046875;-0.0049285888671875;13.3599999662692;1337;1 A;
45.1880388859112;-0.099853515625;-0.00493469238281249;13.369999966244;1338;1 A;
45.1980388858859;-0.099822998046875;-0.004931640625;13.3799999662187;1339;1 A;
45.2080388858607;-0.099884033203125;-0.0049285888671875;13.3899999661935;1340;1 A;
45.2180388858354;-0.099853515625;-0.0049560546875;13.3999999661683;1341;1 A;
45.2280388858102;-0.099884033203125;-0.00495300292968751;13.409999966143;1342;1 A;
45.2380388857849;-0.099884033203125;-0.0049713134765625;13.4199999661178;1343;1 A;
45.2480388857597;-0.099884033203125;-0.0049560546875;13.4299999660925;1344;1 A;
45.2580388857344;-0.099822998046875;-0.0049407958984375;13.4399999660673;1345;1 A;
45.2680388857092;-0.09979248046875;-0.00494384765625;13.449999966042;1346;1 A;
45.2780388856839;-0.099884033203125;-0.0049285888671875;13.4599999660168;1347;1 A;
45.2880388856587;-0.09991455078125;-0.00494384765625;13.4699999659915;1348;1 A;
45.2980388856334;-0.099945068359375;-0.00493469238281249;13.4799999659663;1349;1 A;
45.3080388856082;-0.099884033203125;-0.0049163818359375;13.489999965941;1350;1 A;
45.318038885583;-0.099884033203125;-0.0048980712890625;13.4999999659158;1351;1 A;
45.3280388855577;-0.099822998046875;-0.0048797607421875;13.5099999658905;1352;1 A;
45.3380388855325;-0.099853515625;-0.0048797607421875;13.5199999658653;1353;1 A;
45.3480388855072;-0.099822998046875;-0.00489196777343751;13.52999996584;1354;1 A;
45.358038885482;-0.099853515625;-0.00487670898437501;13.5399999658148;1355;1 A;
45.3680388854567;-0.099884033203125;-0.004864501953125;13.5499999657895;1356;1 A;
45.3780388854315;-0.099853515625;-0.0048187255859375;13.5599999657643;1357;1 A;
45.3880388854062;-0.099884033203125;-0.004803466796875;13.569999965739;1358;1 A;
45.398038885381;-0.099822998046875;-0.0048065185546875;13.5799999657138;1359;1 A;
45.4080388853557;-0.09991455078125;-0.00479736328124999;13.5899999656885;1360;1 A;
45.4180388853305;-0.099822998046875;-0.00480041503906251;13.5999999656633;1361;1 A;
45.4280388853052;-0.09991455078125;-0.00476989746093751;13.6099999656381;1362;1 A;
45.43803888528;-0.099822998046875;-0.00475463867187501;13.6199999656128;1363;1 A;
45.4480388852547;-0.099822998046875;-0.0047454833984375;13.6299999655876;1364;1 A;
45.4580388852295;-0.099822998046875;-0.0047332763671875;13.6399999655623;1365;1 A;
45.4680388852042;-0.099884033203125;-0.00475463867187501;13.6499999655371;1366;1 A;
45.478038885179;-0.099884033203125;-0.00473632812499999;13.6599999655118;1367;1 A;
45.4880388851537;-0.09991455078125;-0.00473632812499999;13.6699999654866;1368;1 A;
45.4980388851285;-0.09991455078125;-0.00472412109375001;13.6799999654613;1369;1 A;
45.5080388851032;-0.099884033203125;-0.00472106933593749;13.6899999654361;1370;1 A;
45.518038885078;-0.099853515625;-0.00475463867187501;13.6999999654108;1371;1 A;
45.5280388850528;-0.099761962890625;-0.00475463867187501;13.7099999653856;1372;1 A;
45.5380388850275;-0.0999755859375;-0.00476989746093751;13.7199999653603;1373;1 A;
45.5480388850023;-0.099853515625;-0.0047637939453125;13.7299999653351;1374;1 A;
45.558038884977;-0.099884033203125;-0.0047637939453125;13.7399999653098;1375;1 A;
45.5680388849518;-0.09991455078125;-0.0047637939453125;13.7499999652846;1376;1 A;
45.5780388849265;-0.099853515625;-0.0047760009765625;13.7599999652593;1377;1 A;
45.5880388849013;-0.099884033203125;-0.004791259765625;13.7699999652341;1378;1 A;
45.598038884876;-0.099884033203125;-0.0047882080078125;13.7799999652088;1379;1 A;
45.6080388848508;-0.099884033203125;-0.00476989746093751;13.7899999651836;1380;1 A;
45.6180388848255;-0.099822998046875;-0.0047576904296875;13.7999999651583;1381;1 A;
45.6280388848003;-0.099853515625;-0.004742431640625;13.8099999651331;1382;1 A;
45.638038884775;-0.099884033203125;-0.00475158691406249;13.8199999651079;1383;1 A;
45.6480388847498;-0.09991455078125;-0.0047576904296875;13.8299999650826;1384;1 A;
45.6580388847245;-0.099853515625;-0.00475158691406249;13.8399999650574;1385;1 A;
45.6680388846993;-0.099853515625;-0.00473937988281251;13.8499999650321;1386;1 A;
45.678038884674;-0.099884033203125;-0.00472412109375001;13.8599999650069;1387;1 A;
45.6880388846488;-0.09979248046875;-0.00472106933593749;13.8699999649816;1388;1 A;
45.6980388846235;-0.099884033203125;-0.00473937988281251;13.8799999649564;1389;1 A;
45.7080388845983;-0.099822998046875;-0.0047454833984375;13.8899999649311;1390;1 A;
45.718038884573;-0.099884033203125;-0.00475463867187501;13.8999999649059;1391;1 A;
45.7280388845478;-0.09991455078125;-0.00473937988281251;13.9099999648806;1392;1 A;
45.7380388845226;-0.0999755859375;-0.0047454833984375;13.9199999648554;1393;1 A;
45.7480388844973;-0.099822998046875;-0.00475463867187501;13.9299999648301;1394;1 A;
45.7580388844721;-0.099853515625;-0.00476684570312499;13.9399999648049;1395;1 A;
45.7680388844468;-0.099822998046875;-0.00480041503906251;13.9499999647796;1396;1 A;
45.7780388844216;-0.099884033203125;-0.00478515625000001;13.9599999647544;1397;1 A;
45.7880388843963;-0.099853515625;-0.0047882080078125;13.9699999647291;1398;1 A;
45.7980388843711;-0.099884033203125;-0.00476684570312499;13.9799999647039;1399;1 A;
45.8080388843458;-0.09991455078125;-0.0047607421875;13.9899999646786;1400;1 A;
45.8180388843206;-0.099884033203125;-0.0047760009765625;13.9999999646534;1401;1 A;
45.8280388842953;-0.09991455078125;-0.0047760009765625;14.0099999646282;1402;1 A;
45.8380388842701;-0.099853515625;-0.0047882080078125;14.0199999646029;1403;1 A;
45.8480388842448;-0.099853515625;-0.004779052734375;14.0299999645777;1404;1 A;
45.8580388842196;-0.099822998046875;-0.00477294921875;14.0399999645524;1405;1 A;
45.8680388841943;-0.099853515625;-0.0047760009765625;14.0499999645272;1406;1 A;
45.8780388841691;-0.099853515625;-0.0047760009765625;14.0599999645019;1407;1 A;
45.8880388841438;-0.099822998046875;-0.0047882080078125;14.0699999644767;1408;1 A;
45.8980388841186;-0.099884033203125;-0.0047943115234375;14.0799999644514;1409;1 A;
45.9080388840933;-0.09991455078125;-0.0047760009765625;14.0899999644262;1410;1 A;
45.9180388840681;-0.099853515625;-0.00476989746093751;14.0999999644009;1411;1 A;
45.9280388840428;-0.099853515625;-0.0047576904296875;14.1099999643757;1412;1 A;
45.9380388840176;-0.09979248046875;-0.00476989746093751;14.1199999643504;1413;1 A;
45.9480388839924;-0.09979248046875;-0.004791259765625;14.1299999643252;1414;1 A;
45.9580388839671;-0.099884033203125;-0.00479736328124999;14.1399999642999;1415;1 A;
45.9680388839419;-0.099884033203125;-0.00481262207031249;14.1499999642747;1416;1 A;
45.9780388839166;-0.09991455078125;-0.00479736328124999;14.1599999642494;1417;1 A;
45.9880388838914;-0.099884033203125;-0.00481567382812501;14.1699999642242;1418;1 A;
45.9980388838661;-0.099884033203125;-0.004852294921875;14.1799999641989;1419;1 A;
46.0080388838409;-0.09991455078125;-0.0048675537109375;14.1899999641737;1420;1 A;
46.0180388838156;-0.099884033203125;-0.0048980712890625;14.1999999641484;1421;1 A;
46.0280388837904;-0.099822998046875;-0.0048858642578125;14.2099999641232;1422;1 A;
46.0380388837651;-0.09979248046875;-0.00489196777343751;14.219999964098;1423;1 A;
46.0480388837399;-0.0999755859375;-0.00489501953125;14.2299999640727;1424;1 A;
46.0580388837146;-0.09991455078125;-0.00490417480468749;14.2399999640475;1425;1 A;
46.0680388836894;-0.099884033203125;-0.004931640625;14.2499999640222;1426;1 A;
46.0780388836641;-0.099761962890625;-0.0049102783203125;14.259999963997;1427;1 A;
46.0880388836389;-0.099884033203125;-0.0049102783203125;14.2699999639717;1428;1 A;
46.0980388836136;-0.099884033203125;-0.00489196777343751;14.2799999639465;1429;1 A;
46.1080388835884;-0.099853515625;-0.00488891601562499;14.2899999639212;1430;1 A;
46.1180388835631;-0.099822998046875;-0.00490722656250001;14.299999963896;1431;1 A;
46.1280388835379;-0.099853515625;-0.00490417480468749;14.3099999638707;1432;1 A;
46.1380388835126;-0.09991455078125;-0.00490722656250001;14.3199999638455;1433;1 A;
46.1480388834874;-0.099853515625;-0.0048980712890625;14.3299999638202;1434;1 A;
46.1580388834622;-0.099884033203125;-0.0048797607421875;14.339999963795;1435;1 A;
46.1680388834369;-0.099884033203125;-0.00487060546875;14.3499999637697;1436;1 A;
46.1780388834117;-0.09991455078125;-0.0048675537109375;14.3599999637445;1437;1 A;
46.1880388833864;-0.09991455078125;-0.00487670898437501;14.3699999637192;1438;1 A;
46.1980388833612;-0.09991455078125;-0.0048797607421875;14.379999963694;1439;1 A;
46.2080388833359;-0.099853515625;-0.004864501953125;14.3899999636687;1440;1 A;
46.2180388833107;-0.09991455078125;-0.0048553466796875;14.3999999636435;1441;1 A;
46.2280388832854;-0.09991455078125;-0.004840087890625;14.4099999636182;1442;1 A;
46.2380388832602;-0.099884033203125;-0.004840087890625;14.419999963593;1443;1 A;
46.2480388832349;-0.099884033203125;-0.0048492431640625;14.4299999635678;1444;1 A;
46.2580388832097;-0.099884033203125;-0.00482177734375;14.4399999635425;1445;1 A;
46.2680388831844;-0.099884033203125;-0.00481262207031249;14.4499999635173;1446;1 A;
46.2780388831592;-0.099884033203125;-0.0047760009765625;14.459999963492;1447;1 A;
46.2880388831339;-0.099822998046875;-0.00477294921875;14.4699999634668;1448;1 A;
46.2980388831087;-0.099853515625;-0.00478210449218749;14.4799999634415;1449;1 A;
46.3080388830834;-0.09991455078125;-0.00478210449218749;14.4899999634163;1450;1 A;
46.3180388830582;-0.099884033203125;-0.00480041503906251;14.499999963391;1451;1 A;
46.3280388830329;-0.099853515625;-0.00478210449218749;14.5099999633658;1452;1 A;
46.3380388830077;-0.099853515625;-0.00478210449218749;14.5199999633405;1453;1 A;
46.3480388829825;-0.09979248046875;-0.00478210449218749;14.5299999633153;1454;1 A;
46.3580388829572;-0.099853515625;-0.00478515625000001;14.53999996329;1455;1 A;
46.368038882932;-0.09991455078125;-0.00482177734375;14.5499999632648;1456;1 A;
46.3780388829067;-0.099822998046875;-0.0048187255859375;14.5599999632395;1457;1 A;
46.3880388828815;-0.099822998046875;-0.00482788085937499;14.5699999632143;1458;1 A;
46.3980388828562;-0.099884033203125;-0.00481567382812501;14.579999963189;1459;1 A;
46.408038882831;-0.099884033203125;-0.0048248291015625;14.5899999631638;1460;1 A;
46.4180388828057;-0.099853515625;-0.00484619140625001;14.5999999631385;1461;1 A;
46.4280388827805;-0.099853515625;-0.004852294921875;14.6099999631133;1462;1 A;
46.4380388827552;-0.09979248046875;-0.00485839843749999;14.619999963088;1463;1 A;
46.44803888273;-0.099853515625;-0.00484619140625001;14.6299999630628;1464;1 A;
46.4580388827047;-0.099884033203125;-0.0048248291015625;14.6399999630376;1465;1 A;
46.4680388826795;-0.09991455078125;-0.0048187255859375;14.6499999630123;1466;1 A;
46.4780388826542;-0.099822998046875;-0.0048187255859375;14.6599999629871;1467;1 A;
46.488038882629;-0.099884033203125;-0.0048248291015625;14.6699999629618;1468;1 A;
46.4980388826037;-0.099853515625;-0.00482177734375;14.6799999629366;1469;1 A;
46.5080388825785;-0.099822998046875;-0.00479736328124999;14.6899999629113;1470;1 A;
46.5180388825532;-0.099853515625;-0.00478515625000001;14.6999999628861;1471;1 A;
46.528038882528;-0.099822998046875;-0.0047576904296875;14.7099999628608;1472;1 A;
46.5380388825027;-0.099822998046875;-0.00475463867187501;14.7199999628356;1473;1 A;
46.5480388824775;-0.099884033203125;-0.0047576904296875;14.7299999628103;1474;1 A;
46.5580388824523;-0.099884033203125;-0.00473937988281251;14.7399999627851;1475;1 A;
46.568038882427;-0.099853515625;-0.00473632812499999;14.7499999627598;1476;1 A;
46.5780388824018;-0.099853515625;-0.0046966552734375;14.7599999627346;1477;1 A;
46.5880388823765;-0.099853515625;-0.00469970703125;14.7699999627093;1478;1 A;
46.5980388823513;-0.09979248046875;-0.0047119140625;14.7799999626841;1479;1 A;
46.608038882326;-0.099853515625;-0.004718017578125;14.7899999626588;1480;1 A;
46.6180388823008;-0.099884033203125;-0.0047454833984375;14.7999999626336;1481;1 A;
46.6280388822755;-0.099822998046875;-0.0047332763671875;14.8099999626083;1482;1 A;
46.6380388822503;-0.099853515625;-0.00473937988281251;14.8199999625831;1483;1 A;
46.648038882225;-0.099884033203125;-0.0047332763671875;14.8299999625578;1484;1 A;
46.6580388821998;-0.099822998046875;-0.00475158691406249;14.8399999625326;1485;1 A;
46.6680388821745;-0.099945068359375;-0.00478515625000001;14.8499999625074;1486;1 A;
46.6780388821493;-0.099822998046875;-0.00478210449218749;14.8599999624821;1487;1 A;
46.688038882124;-0.099822998046875;-0.004791259765625;14.8699999624569;1488;1 A;
46.6980388820988;-0.09979248046875;-0.0047882080078125;14.8799999624316;1489;1 A;
46.7080388820735;-0.099853515625;-0.0047943115234375;14.8899999624064;1490;1 A;
46.7180388820483;-0.099884033203125;-0.0048095703125;14.8999999623811;1491;1 A;
46.728038882023;-0.099945068359375;-0.00482788085937499;14.9099999623559;1492;1 A;
46.7380388819978;-0.099884033203125;-0.00484313964843749;14.9199999623306;1493;1 A;
46.7480388819725;-0.099822998046875;-0.004840087890625;14.9299999623054;1494;1 A;
46.7580388819473;-0.099884033203125;-0.00484313964843749;14.9399999622801;1495;1 A;
46.7680388819221;-0.099853515625;-0.0048553466796875;14.9499999622549;1496;1 A;
46.7780388818968;-0.099884033203125;-0.00487060546875;14.9599999622296;1497;1 A;
46.7880388818716;-0.099853515625;-0.0048828125;14.9699999622044;1498;1 A;
46.7980388818463;-0.099822998046875;-0.00489501953125;14.9799999621791;1499;1 A;
46.8080388818211;-0.099822998046875;-0.00487365722656249;14.9899999621539;1500;1 A;
