Scan;Index;Time (s);WE(1).Potential (V);WE(1).Current (A);Current range
1;1;6.6622639831794;0.097930908203125;0.0034515380859375;1 A
1;2;6.67039398315887;0.095489501953125;0.0025146484375;1 A
1;3;6.67852398313835;0.093048095703125;0.00199279785156251;1 A
1;4;6.68665398311782;0.090667724609375;0.00165405273437499;1 A
1;5;6.6947839830973;0.08807373046875;0.0013916015625;1 A
1;6;6.70291398307677;0.085662841796875;0.001202392578125;1 A
1;7;6.71104398305624;0.08331298828125;0.0010345458984375;1 A
1;8;6.71917398303572;0.080810546875;0.000903320312499997;1 A
1;9;6.72730398301519;0.078399658203125;0.0007781982421875;1 A
1;10;6.73543398299466;0.075927734375;0.000689697265624997;1 A
1;11;6.74356398297414;0.073486328125;0.000582885742187497;1 A
1;12;6.75169398295361;0.071044921875;0.000500488281250003;1 A
1;13;6.75982398293309;0.06866455078125;0.000408935546875003;1 A
1;14;6.76795398291256;0.066192626953125;0.000341796874999994;1 A
1;15;6.77608398289203;0.06378173828125;0.000277709960937497;1 A
1;16;6.78421398287151;0.061279296875;0.000210571289062503;1 A
1;17;6.79234398285098;0.05889892578125;0.000155639648437497;1 A
1;18;6.80047398283045;0.05645751953125;7.62939453125E-05;1 A
1;19;6.80860398280993;0.054046630859375;3.35693359374972E-05;1 A
1;20;6.8167339827894;0.05157470703125;-3.66210937499944E-05;1 A
1;21;6.82486398276887;0.0491119384765625;-8.23974609374944E-05;1 A
1;22;6.83299398274835;0.0466552734375;-0.000143432617187494;1 A
1;23;6.84112398272782;0.0442535400390625;-0.000192260742187506;1 A
1;24;6.8492539827073;0.041815185546875;-0.0002593994140625;1 A
1;25;6.85738398268677;0.0393798828125;-0.000308227539062497;1 A
1;26;6.86551398266624;0.0369476318359375;-0.000360107421875006;1 A
1;27;6.87364398264572;0.034490966796875;-0.000402832031249994;1 A
1;28;6.88177398262519;0.0320648193359375;-0.000466918945312506;1 A
1;29;6.88990398260466;0.0296112060546875;-0.000512695312500006;1 A
1;30;6.89803398258414;0.02718505859375;-0.000570678710937494;1 A
1;31;6.90616398256361;0.0247406005859375;-0.000616455078124994;1 A
1;32;6.91429398254309;0.0222930908203125;-0.00067138671875;1 A
1;33;6.92242398252256;0.019879150390625;-0.000729370117187503;1 A
1;34;6.93055398250203;0.0174041748046875;-0.0007781982421875;1 A
1;35;6.93868398248151;0.0149688720703125;-0.000833129882812506;1 A
1;36;6.94681398246098;0.0125579833984375;-0.000891113281249994;1 A
1;37;6.95494398244045;0.010125732421875;-0.000939941406250006;1 A
1;38;6.96307398241993;0.00766601562499999;-0.00101318359374999;1 A
1;39;6.9712039823994;0.00523986816406249;-0.00105895996093749;1 A
1;40;6.97933398237888;0.00281372070312499;-0.001129150390625;1 A
1;41;6.98746398235835;0.0003509521484375;-0.0011749267578125;1 A
1;42;6.99559398233782;-0.00208740234375;-0.001251220703125;1 A
1;43;7.0037239823173;-0.0045135498046875;-0.001300048828125;1 A
1;44;7.01185398229677;-0.0069610595703125;-0.00137939453124999;1 A
1;45;7.01998398227624;-0.00938720703125;-0.001434326171875;1 A
1;46;7.02811398225572;-0.0118377685546875;-0.001507568359375;1 A
1;47;7.03624398223519;-0.014251708984375;-0.00157470703125;1 A
1;48;7.04437398221467;-0.0166900634765625;-0.00165405273437499;1 A
1;49;7.05250398219414;-0.0191375732421875;-0.0017120361328125;1 A
1;50;7.06063398217361;-0.021575927734375;-0.001800537109375;1 A
1;51;7.06876398215309;-0.0240264892578125;-0.0018646240234375;1 A
1;52;7.07689398213256;-0.02646484375;-0.001953125;1 A
1;53;7.08502398211203;-0.0288909912109375;-0.0020263671875;1 A
1;54;7.09315398209151;-0.031317138671875;-0.0021087646484375;1 A
1;55;7.10128398207098;-0.033795166015625;-0.0021942138671875;1 A
1;56;7.10941398205046;-0.0362060546875;-0.00228271484375001;1 A
1;57;7.11754398202993;-0.0386474609375;-0.00237121582031249;1 A
1;58;7.1256739820094;-0.0410888671875;-0.00245361328125;1 A
1;59;7.13380398198888;-0.0435272216796875;-0.0025665283203125;1 A
1;60;7.14193398196835;-0.04595947265625;-0.0026519775390625;1 A
1;61;7.15006398194782;-0.0484039306640625;-0.00277099609375001;1 A
1;62;7.1581939819273;-0.050872802734375;-0.00284729003906251;1 A
1;63;7.16632398190677;-0.053314208984375;-0.002978515625;1 A
1;64;7.17445398188624;-0.0557861328125;-0.0030670166015625;1 A
1;65;7.18258398186572;-0.058197021484375;-0.0032012939453125;1 A
1;66;7.19071398184519;-0.06060791015625;-0.00330505371093751;1 A
1;67;7.19884398182467;-0.063079833984375;-0.0034332275390625;1 A
1;68;7.20697398180414;-0.065582275390625;-0.00354919433593751;1 A
1;69;7.21510398178361;-0.067962646484375;-0.0036773681640625;1 A
1;70;7.22323398176309;-0.0704345703125;-0.00380859375000001;1 A
1;71;7.23136398174256;-0.072845458984375;-0.00394287109374999;1 A
1;72;7.23949398172203;-0.07525634765625;-0.0040740966796875;1 A
1;73;7.24762398170151;-0.0777587890625;-0.0042236328125;1 A
1;74;7.25575398168098;-0.080108642578125;-0.0043487548828125;1 A
1;75;7.26388398166046;-0.0826416015625;-0.00451049804687501;1 A
1;76;7.27201398163993;-0.084991455078125;-0.00464782714843751;1 A
1;77;7.2801439816194;-0.087432861328125;-0.00482177734375;1 A
1;78;7.28827398159888;-0.08990478515625;-0.004962158203125;1 A
1;79;7.29640398157835;-0.092376708984375;-0.0051544189453125;1 A
1;80;7.30453398155782;-0.0947265625;-0.00531616210937499;1 A
1;81;7.3126639815373;-0.097137451171875;-0.00549926757812499;1 A
1;82;7.32079398151677;-0.099639892578125;-0.00565490722656251;1 A
1;83;7.32892398149625;-0.102081298828125;-0.00585327148437501;1 A
1;84;7.33705398147572;-0.10455322265625;-0.00602111816406251;1 A
1;85;7.34518398145519;-0.10699462890625;-0.00623474121093751;1 A
1;86;7.35331398143467;-0.109375;-0.00640258789062501;1 A
1;87;7.36144398141414;-0.11181640625;-0.00662841796874999;1 A
1;88;7.36957398139361;-0.11431884765625;-0.0068084716796875;1 A
1;89;7.37770398137309;-0.116668701171875;-0.00702819824218751;1 A
1;90;7.38583398135256;-0.119110107421875;-0.00723876953124999;1 A
1;91;7.39396398133204;-0.121612548828125;-0.00746765136718749;1 A
1;92;7.40209398131151;-0.123992919921875;-0.0076904296875;1 A
1;93;7.41022398129098;-0.126495361328125;-0.0079315185546875;1 A
1;94;7.41835398127046;-0.12890625;-0.0081451416015625;1 A
1;95;7.42648398124993;-0.13128662109375;-0.00838317871093749;1 A
1;96;7.4346139812294;-0.1337890625;-0.00864257812499999;1 A
1;97;7.44274398120888;-0.136199951171875;-0.0088623046875;1 A
1;98;7.45087398118835;-0.138702392578125;-0.0091583251953125;1 A
1;99;7.45900398116783;-0.141082763671875;-0.009381103515625;1 A
1;100;7.4671339811473;-0.14349365234375;-0.0096923828125;1 A
1;101;7.47526398112677;-0.145965576171875;-0.00991210937500001;1 A
1;102;7.48339398110625;-0.148406982421875;-0.0102447509765625;1 A
1;103;7.49152398108572;-0.150909423828125;-0.010498046875;1 A
1;104;7.49965398106519;-0.153228759765625;-0.0108123779296875;1 A
1;105;7.50778398104467;-0.155731201171875;-0.01107177734375;1 A
1;106;7.51591398102414;-0.15814208984375;-0.0113983154296875;1 A
1;107;7.52404398100362;-0.16064453125;-0.0116943359375;1 A
1;108;7.53217398098309;-0.16302490234375;-0.0119903564453125;1 A
1;109;7.54030398096256;-0.16546630859375;-0.0123138427734375;1 A
1;110;7.54843398094204;-0.167938232421875;-0.0126373291015625;1 A
1;111;7.55656398092151;-0.170318603515625;-0.0129669189453125;1 A
1;112;7.56469398090098;-0.17279052734375;-0.0133087158203125;1 A
1;113;7.57282398088046;-0.175201416015625;-0.01363525390625;1 A
1;114;7.58095398085993;-0.17767333984375;-0.014007568359375;1 A
1;115;7.5890839808394;-0.1800537109375;-0.0143341064453125;1 A
1;116;7.59721398081888;-0.182525634765625;-0.0147186279296875;1 A
1;117;7.60534398079835;-0.184967041015625;-0.0150421142578125;1 A
1;118;7.61347398077783;-0.1873779296875;-0.0154571533203125;1 A
1;119;7.6216039807573;-0.189849853515625;-0.01578369140625;1 A
1;120;7.62973398073677;-0.19232177734375;-0.016217041015625;1 A
1;121;7.63786398071625;-0.1947021484375;-0.0165618896484375;1 A
1;122;7.64599398069572;-0.1971435546875;-0.0170074462890625;1 A
1;123;7.65412398067519;-0.19964599609375;-0.017352294921875;1 A
1;124;7.66225398065467;-0.20208740234375;-0.017816162109375;1 A
1;125;7.67038398063414;-0.204437255859375;-0.0181640625;1 A
1;126;7.67851398061362;-0.206878662109375;-0.0186126708984375;1 A
1;127;7.68664398059309;-0.209320068359375;-0.0189849853515625;1 A
1;128;7.69477398057256;-0.2117919921875;-0.019439697265625;1 A
1;129;7.70290398055204;-0.2142333984375;-0.0198516845703125;1 A
1;130;7.71103398053151;-0.2166748046875;-0.0202972412109375;1 A
1;131;7.71916398051098;-0.219146728515625;-0.020721435546875;1 A
1;132;7.72729398049046;-0.2215576171875;-0.02117919921875;1 A
1;133;7.73542398046993;-0.2239990234375;-0.0216217041015625;1 A
1;134;7.74355398044941;-0.226470947265625;-0.0220703125;1 A
1;135;7.75168398042888;-0.2288818359375;-0.0225433349609375;1 A
1;136;7.75981398040835;-0.2313232421875;-0.0229736328125;1 A
1;137;7.76794398038783;-0.233734130859375;-0.0235076904296875;1 A
1;138;7.7760739803673;-0.236175537109375;-0.0239166259765625;1 A
1;139;7.78420398034677;-0.23858642578125;-0.0244873046875;1 A
1;140;7.79233398032625;-0.2410888671875;-0.02489013671875;1 A
1;141;7.80046398030572;-0.2435302734375;-0.025457763671875;1 A
1;142;7.8085939802852;-0.2459716796875;-0.025885009765625;1 A
1;143;7.81672398026467;-0.248321533203125;-0.026446533203125;1 A
1;144;7.82485398024414;-0.25079345703125;-0.026910400390625;1 A
1;145;7.83298398022362;-0.25323486328125;-0.02745361328125;1 A
1;146;7.84111398020309;-0.255645751953125;-0.027972412109375;1 A
1;147;7.84924398018256;-0.258148193359375;-0.0285186767578125;1 A
1;148;7.85737398016204;-0.2606201171875;-0.02901611328125;1 A
1;149;7.86550398014151;-0.262939453125;-0.0295989990234375;1 A
1;150;7.87363398012099;-0.265411376953125;-0.03011474609375;1 A
1;151;7.88176398010046;-0.26788330078125;-0.0307159423828125;1 A
1;152;7.88989398007993;-0.2703857421875;-0.031219482421875;1 A
1;153;7.89802398005941;-0.27276611328125;-0.031842041015625;1 A
1;154;7.90615398003888;-0.275146484375;-0.032366943359375;1 A
1;155;7.91428398001835;-0.277587890625;-0.0329833984375;1 A
1;156;7.92241397999783;-0.279998779296875;-0.0334747314453125;1 A
1;157;7.9305439799773;-0.282501220703125;-0.0341033935546875;1 A
1;158;7.93867397995677;-0.284912109375;-0.0346099853515625;1 A
1;159;7.94680397993625;-0.287353515625;-0.0352081298828125;1 A
1;160;7.95493397991572;-0.289825439453125;-0.03568115234375;1 A
1;161;7.9630639798952;-0.292236328125;-0.0362823486328125;1 A
1;162;7.97119397987467;-0.294708251953125;-0.036761474609375;1 A
1;163;7.97932397985414;-0.297119140625;-0.037353515625;1 A
1;164;7.98745397983362;-0.299560546875;-0.0377899169921875;1 A
1;165;7.99558397981309;-0.301971435546875;-0.0383758544921875;1 A
1;166;8.00371397979256;-0.304473876953125;-0.0387908935546875;1 A
1;167;8.01184397977204;-0.306854248046875;-0.03935546875;1 A
1;168;8.01997397975151;-0.309326171875;-0.0398284912109375;1 A
1;169;8.02810397973099;-0.311798095703125;-0.040362548828125;1 A
1;170;8.03623397971046;-0.314117431640625;-0.0408050537109375;1 A
1;171;8.04436397968993;-0.316619873046875;-0.0413177490234375;1 A
1;172;8.05249397966941;-0.319122314453125;-0.0417724609375;1 A
1;173;8.06062397964888;-0.321502685546875;-0.0422454833984375;1 A
1;174;8.06875397962835;-0.323944091796875;-0.0427581787109375;1 A
1;175;8.07688397960783;-0.32635498046875;-0.0431671142578125;1 A
1;176;8.0850139795873;-0.328857421875;-0.0436614990234375;1 A
1;177;8.09314397956678;-0.33123779296875;-0.0440216064453125;1 A
1;178;8.10127397954625;-0.333648681640625;-0.04456787109375;1 A
1;179;8.10940397952572;-0.336151123046875;-0.0448974609375;1 A
1;180;8.1175339795052;-0.33856201171875;-0.04544677734375;1 A
1;181;8.12566397948467;-0.340972900390625;-0.04573974609375;1 A
1;182;8.13379397946414;-0.343475341796875;-0.04622802734375;1 A
1;183;8.14192397944362;-0.345855712890625;-0.0465606689453125;1 A
1;184;8.15005397942309;-0.34832763671875;-0.0470184326171875;1 A
1;185;8.15818397940257;-0.35076904296875;-0.04737548828125;1 A
1;186;8.16631397938204;-0.35321044921875;-0.0477508544921875;1 A
1;187;8.17444397936151;-0.35565185546875;-0.048126220703125;1 A
1;188;8.18257397934099;-0.358062744140625;-0.048455810546875;1 A
1;189;8.19070397932046;-0.360504150390625;-0.0488006591796875;1 A
1;190;8.19883397929993;-0.3629150390625;-0.0491607666015625;1 A
1;191;8.20696397927941;-0.365447998046875;-0.049444580078125;1 A
1;192;8.21509397925888;-0.367828369140625;-0.049761962890625;1 A
1;193;8.22322397923836;-0.3702392578125;-0.05010986328125;1 A
1;194;8.23135397921783;-0.3726806640625;-0.050445556640625;1 A
1;195;8.2394839791973;-0.375091552734375;-0.050689697265625;1 A
1;196;8.24761397917678;-0.377593994140625;-0.051055908203125;1 A
1;197;8.25574397915625;-0.380035400390625;-0.05120849609375;1 A
1;198;8.26387397913572;-0.3824462890625;-0.051513671875;1 A
1;199;8.2720039791152;-0.384857177734375;-0.051666259765625;1 A
1;200;8.28013397909467;-0.38739013671875;-0.05194091796875;1 A
1;201;8.28826397907415;-0.389739990234375;-0.05206298828125;1 A
1;202;8.29639397905362;-0.39215087890625;-0.052398681640625;1 A
1;203;8.30452397903309;-0.39459228515625;-0.052459716796875;1 A
1;204;8.31265397901257;-0.397003173828125;-0.052703857421875;1 A
1;205;8.32078397899204;-0.399444580078125;-0.052825927734375;1 A
1;206;8.32891397897151;-0.401947021484375;-0.053070068359375;1 A
1;207;8.33704397895099;-0.404388427734375;-0.05316162109375;1 A
1;208;8.34517397893046;-0.40679931640625;-0.053314208984375;1 A
1;209;8.35330397890993;-0.409210205078125;-0.053375244140625;1 A
1;210;8.36143397888941;-0.4117431640625;-0.05352783203125;1 A
1;211;8.36956397886888;-0.4141845703125;-0.053619384765625;1 A
1;212;8.37769397884836;-0.41656494140625;-0.0537109375;1 A
1;213;8.38582397882783;-0.41900634765625;-0.053741455078125;1 A
1;214;8.3939539788073;-0.421478271484375;-0.053802490234375;1 A
1;215;8.40208397878678;-0.42388916015625;-0.053863525390625;1 A
1;216;8.41021397876625;-0.426361083984375;-0.053863525390625;1 A
1;217;8.41834397874572;-0.42877197265625;-0.05389404296875;1 A
1;218;8.4264739787252;-0.431182861328125;-0.053863525390625;1 A
1;219;8.43460397870467;-0.433624267578125;-0.053924560546875;1 A
1;220;8.44273397868415;-0.436126708984375;-0.053863525390625;1 A
1;221;8.45086397866362;-0.438507080078125;-0.053924560546875;1 A
1;222;8.45899397864309;-0.44091796875;-0.0538330078125;1 A
1;223;8.46712397862257;-0.443389892578125;-0.05389404296875;1 A
1;224;8.47525397860204;-0.44580078125;-0.05377197265625;1 A
1;225;8.48338397858151;-0.44830322265625;-0.05377197265625;1 A
1;226;8.49151397856099;-0.450714111328125;-0.053680419921875;1 A
1;227;8.49964397854046;-0.453125;-0.05364990234375;1 A
1;228;8.50777397851994;-0.455596923828125;-0.0535888671875;1 A
1;229;8.51590397849941;-0.458038330078125;-0.053466796875;1 A
1;230;8.52403397847888;-0.460479736328125;-0.05340576171875;1 A
1;231;8.53216397845836;-0.462860107421875;-0.053314208984375;1 A
1;232;8.54029397843783;-0.465362548828125;-0.053192138671875;1 A
1;233;8.5484239784173;-0.467803955078125;-0.0531005859375;1 A
1;234;8.55655397839678;-0.470184326171875;-0.052947998046875;1 A
1;235;8.56468397837625;-0.472625732421875;-0.052886962890625;1 A
1;236;8.57281397835573;-0.47509765625;-0.052703857421875;1 A
1;237;8.5809439783352;-0.47760009765625;-0.052642822265625;1 A
1;238;8.58907397831467;-0.47998046875;-0.052459716796875;1 A
1;239;8.59720397829415;-0.482421875;-0.052398681640625;1 A
1;240;8.60533397827362;-0.48486328125;-0.05218505859375;1 A
1;241;8.61346397825309;-0.48724365234375;-0.052093505859375;1 A
1;242;8.62159397823257;-0.489715576171875;-0.051910400390625;1 A
1;243;8.62972397821204;-0.49212646484375;-0.051788330078125;1 A
1;244;8.63785397819152;-0.494598388671875;-0.051605224609375;1 A
1;245;8.64598397817099;-0.497039794921875;-0.051513671875;1 A
1;246;8.65411397815046;-0.49945068359375;-0.051300048828125;1 A
1;247;8.66224397812994;-0.501922607421875;-0.0511474609375;1 A
1;248;8.67037397810941;-0.504364013671875;-0.050933837890625;1 A
1;249;8.67850397808888;-0.5068359375;-0.05078125;1 A
1;250;8.68663397806836;-0.50921630859375;-0.050567626953125;1 A
1;251;8.69476397804783;-0.51165771484375;-0.0504150390625;1 A
1;252;8.7028939780273;-0.51416015625;-0.05023193359375;1 A
1;253;8.71102397800678;-0.516510009765625;-0.050048828125;1 A
1;254;8.71915397798625;-0.518951416015625;-0.0498046875;1 A
1;255;8.72728397796573;-0.52142333984375;-0.049627685546875;1 A
1;256;8.7354139779452;-0.523895263671875;-0.0494354248046875;1 A
1;257;8.74354397792467;-0.526275634765625;-0.04923095703125;1 A
1;258;8.75167397790415;-0.52874755859375;-0.0490966796875;1 A
1;259;8.75980397788362;-0.53118896484375;-0.0488555908203125;1 A
1;260;8.76793397786309;-0.53363037109375;-0.048699951171875;1 A
1;261;8.77606397784257;-0.536041259765625;-0.0484710693359375;1 A
1;262;8.78419397782204;-0.538543701171875;-0.048291015625;1 A
1;263;8.79232397780152;-0.5408935546875;-0.0480621337890625;1 A
1;264;8.80045397778099;-0.54339599609375;-0.04791259765625;1 A
1;265;8.80858397776046;-0.5457763671875;-0.0476776123046875;1 A
1;266;8.81671397773994;-0.548187255859375;-0.0474853515625;1 A
1;267;8.82484397771941;-0.5506591796875;-0.047271728515625;1 A
1;268;8.83297397769888;-0.553131103515625;-0.04708251953125;1 A
1;269;8.84110397767836;-0.5555419921875;-0.046868896484375;1 A
1;270;8.84923397765783;-0.5579833984375;-0.0466827392578125;1 A
1;271;8.85736397763731;-0.5604248046875;-0.0464874267578125;1 A
1;272;8.86549397761678;-0.562896728515625;-0.04630126953125;1 A
1;273;8.87362397759625;-0.565338134765625;-0.0460784912109375;1 A
1;274;8.88175397757573;-0.567718505859375;-0.0459014892578125;1 A
1;275;8.8898839775552;-0.570159912109375;-0.04569091796875;1 A
1;276;8.89801397753467;-0.572662353515625;-0.0455047607421875;1 A
1;277;8.90614397751415;-0.5750732421875;-0.0452972412109375;1 A
1;278;8.91427397749362;-0.57745361328125;-0.045111083984375;1 A
1;279;8.9224039774731;-0.579925537109375;-0.0448883056640625;1 A
1;280;8.93053397745257;-0.58233642578125;-0.0447113037109375;1 A
1;281;8.93866397743204;-0.58477783203125;-0.04449462890625;1 A
1;282;8.94679397741152;-0.587249755859375;-0.0443267822265625;1 A
1;283;8.95492397739099;-0.58966064453125;-0.04410400390625;1 A
1;284;8.96305397737046;-0.59210205078125;-0.0439453125;1 A
1;285;8.97118397734994;-0.594512939453125;-0.0437225341796875;1 A
1;286;8.97931397732941;-0.59698486328125;-0.0435577392578125;1 A
1;287;8.98744397730889;-0.599395751953125;-0.0433502197265625;1 A
1;288;8.99557397728836;-0.601837158203125;-0.0431976318359375;1 A
1;289;9.00370397726783;-0.6043701171875;-0.0429962158203125;1 A
1;290;9.01183397724731;-0.606689453125;-0.0428314208984375;1 A
1;291;9.01996397722678;-0.60919189453125;-0.0426300048828125;1 A
1;292;9.02809397720625;-0.611572265625;-0.0424652099609375;1 A
1;293;9.03622397718573;-0.614044189453125;-0.0422760009765625;1 A
1;294;9.0443539771652;-0.61651611328125;-0.042108154296875;1 A
1;295;9.05248397714468;-0.618896484375;-0.0419281005859375;1 A
1;296;9.06061397712415;-0.621337890625;-0.041754150390625;1 A
1;297;9.06874397710362;-0.62384033203125;-0.0415740966796875;1 A
1;298;9.0768739770831;-0.62628173828125;-0.0413848876953125;1 A
1;299;9.08500397706257;-0.628631591796875;-0.0412322998046875;1 A
1;300;9.09313397704204;-0.631134033203125;-0.0410369873046875;1 A
1;301;9.10126397702152;-0.633544921875;-0.0408843994140625;1 A
1;302;9.10939397700099;-0.635986328125;-0.0406951904296875;1 A
1;303;9.11752397698046;-0.638397216796875;-0.040545654296875;1 A
1;304;9.12565397695994;-0.640869140625;-0.0403656005859375;1 A
1;305;9.13378397693941;-0.643280029296875;-0.0402130126953125;1 A
1;306;9.14191397691889;-0.645721435546875;-0.0400390625;1 A
1;307;9.15004397689836;-0.648162841796875;-0.039886474609375;1 A
1;308;9.15817397687783;-0.65057373046875;-0.0397186279296875;1 A
1;309;9.16630397685731;-0.653045654296875;-0.03956298828125;1 A
1;310;9.17443397683678;-0.655487060546875;-0.0394073486328125;1 A
1;311;9.18256397681625;-0.657928466796875;-0.0392547607421875;1 A
1;312;9.19069397679573;-0.66033935546875;-0.0390869140625;1 A
1;313;9.1988239767752;-0.66278076171875;-0.0389495849609375;1 A
1;314;9.20695397675468;-0.66522216796875;-0.0387908935546875;1 A
1;315;9.21508397673415;-0.667694091796875;-0.0386474609375;1 A
1;316;9.22321397671362;-0.670135498046875;-0.0384979248046875;1 A
1;317;9.2313439766931;-0.672515869140625;-0.0383453369140625;1 A
1;318;9.23947397667257;-0.675018310546875;-0.0381927490234375;1 A
1;319;9.24760397665204;-0.677398681640625;-0.03804931640625;1 A
1;320;9.25573397663152;-0.679840087890625;-0.03790283203125;1 A
1;321;9.26386397661099;-0.682281494140625;-0.0377716064453125;1 A
1;322;9.27199397659047;-0.68475341796875;-0.0376068115234375;1 A
1;323;9.28012397656994;-0.68719482421875;-0.0374786376953125;1 A
1;324;9.28825397654941;-0.68963623046875;-0.0373291015625;1 A
1;325;9.29638397652889;-0.691986083984375;-0.037213134765625;1 A
1;326;9.30451397650836;-0.694488525390625;-0.0370635986328125;1 A
1;327;9.31264397648783;-0.696929931640625;-0.0369476318359375;1 A
1;328;9.32077397646731;-0.6993408203125;-0.03680419921875;1 A
1;329;9.32890397644678;-0.7017822265625;-0.036688232421875;1 A
1;330;9.33703397642626;-0.7042236328125;-0.0365447998046875;1 A
1;331;9.34516397640573;-0.706634521484375;-0.0364288330078125;1 A
1;332;9.3532939763852;-0.709136962890625;-0.036285400390625;1 A
1;333;9.36142397636468;-0.711517333984375;-0.0361785888671875;1 A
1;334;9.36955397634415;-0.7139892578125;-0.03604736328125;1 A
1;335;9.37768397632362;-0.7164306640625;-0.0359405517578125;1 A
1;336;9.3858139763031;-0.718841552734375;-0.0358062744140625;1 A
1;337;9.39394397628257;-0.7213134765625;-0.0356903076171875;1 A
1;338;9.40207397626205;-0.7237548828125;-0.0355682373046875;1 A
1;339;9.41020397624152;-0.7261962890625;-0.03543701171875;1 A
1;340;9.41833397622099;-0.72857666015625;-0.03533935546875;1 A
1;341;9.42646397620047;-0.7310791015625;-0.0352020263671875;1 A
1;342;9.43459397617994;-0.7335205078125;-0.035107421875;1 A
1;343;9.44272397615941;-0.73590087890625;-0.0349822998046875;1 A
1;344;9.45085397613889;-0.738372802734375;-0.034893798828125;1 A
1;345;9.45898397611836;-0.740753173828125;-0.034771728515625;1 A
1;346;9.46711397609783;-0.74322509765625;-0.0346832275390625;1 A
1;347;9.47524397607731;-0.74566650390625;-0.0345703125;1 A
1;348;9.48337397605678;-0.748138427734375;-0.0344696044921875;1 A
1;349;9.49150397603626;-0.750732421875;-0.0343719482421875;1 A
1;350;9.49963397601573;-0.75286865234375;-0.03426513671875;1 A
1;351;9.5077639759952;-0.755615234375;-0.03416748046875;1 A
1;352;9.51589397597468;-0.758056640625;-0.0340728759765625;1 A
1;353;9.52402397595415;-0.7598876953125;-0.0339630126953125;1 A
1;354;9.53215397593362;-0.76263427734375;-0.0338714599609375;1 A
1;355;9.5402839759131;-0.7647705078125;-0.033758544921875;1 A
1;356;9.54841397589257;-0.767822265625;-0.033673095703125;1 A
1;357;9.55654397587205;-0.76995849609375;-0.033575439453125;1 A
1;358;9.56467397585152;-0.77239990234375;-0.0334869384765625;1 A
1;359;9.57280397583099;-0.77484130859375;-0.0333831787109375;1 A
1;360;9.58093397581047;-0.777587890625;-0.0332916259765625;1 A
1;361;9.58906397578994;-0.7794189453125;-0.033209228515625;1 A
1;362;9.59719397576941;-0.7818603515625;-0.033135986328125;1 A
1;363;9.60532397574889;-0.7843017578125;-0.0330474853515625;1 A
1;364;9.61345397572836;-0.78704833984375;-0.0329742431640625;1 A
1;365;9.62158397570784;-0.78887939453125;-0.0328826904296875;1 A
1;366;9.62971397568731;-0.7916259765625;-0.0328155517578125;1 A
1;367;9.63784397566678;-0.79437255859375;-0.03272705078125;1 A
1;368;9.64597397564626;-0.7965087890625;-0.032659912109375;1 A
1;369;9.65410397562573;-0.79864501953125;-0.032568359375;1 A
1;370;9.6622339756052;-0.8013916015625;-0.0325164794921875;1 A
1;371;9.67036397558468;-0.80413818359375;-0.0324188232421875;1 A
1;372;9.67849397556415;-0.8062744140625;-0.0323455810546875;1 A
1;373;9.68662397554363;-0.80963134765625;-0.03226318359375;1 A
1;374;9.6947539755231;-0.8111572265625;-0.0322021484375;1 A
1;375;9.70288397550257;-0.8135986328125;-0.0321075439453125;1 A
1;376;9.71101397548205;-0.81573486328125;-0.0320526123046875;1 A
1;377;9.71914397546152;-0.81878662109375;-0.0319732666015625;1 A
1;378;9.72727397544099;-0.82061767578125;-0.03189697265625;1 A
1;379;9.73540397542047;-0.8233642578125;-0.0318389892578125;1 A
1;380;9.74353397539994;-0.8258056640625;-0.0317596435546875;1 A
1;381;9.75166397537942;-0.8282470703125;-0.0317108154296875;1 A
1;382;9.75979397535889;-0.8306884765625;-0.031634521484375;1 A
1;383;9.76792397533836;-0.83343505859375;-0.031597900390625;1 A
1;384;9.77605397531784;-0.83587646484375;-0.0315216064453125;1 A
1;385;9.78418397529731;-0.83831787109375;-0.031475830078125;1 A
1;386;9.79231397527678;-0.84075927734375;-0.031396484375;1 A
1;387;9.80044397525626;-0.843505859375;-0.0313507080078125;1 A
1;388;9.80857397523573;-0.8453369140625;-0.03128662109375;1 A
1;389;9.8167039752152;-0.84747314453125;-0.0312255859375;1 A
1;390;9.82483397519468;-0.85052490234375;-0.031170654296875;1 A
1;391;9.83296397517415;-0.853271484375;-0.0311187744140625;1 A
1;392;9.84109397515363;-0.855712890625;-0.0310546875;1 A
1;393;9.8492239751331;-0.85784912109375;-0.0309967041015625;1 A
1;394;9.85735397511257;-0.86029052734375;-0.0309295654296875;1 A
1;395;9.86548397509205;-0.8624267578125;-0.030889892578125;1 A
1;396;9.87361397507152;-0.86456298828125;-0.0308197021484375;1 A
1;397;9.88174397505099;-0.8673095703125;-0.030780029296875;1 A
1;398;9.88987397503047;-0.87005615234375;-0.0307159423828125;1 A
1;399;9.89800397500994;-0.87249755859375;-0.0306854248046875;1 A
1;400;9.90613397498942;-0.8746337890625;-0.0306243896484375;1 A
1;401;9.91426397496889;-0.87738037109375;-0.0305999755859375;1 A
1;402;9.92239397494836;-0.87982177734375;-0.030535888671875;1 A
1;403;9.93052397492784;-0.88226318359375;-0.0305084228515625;1 A
1;404;9.93865397490731;-0.8843994140625;-0.030450439453125;1 A
1;405;9.94678397488678;-0.88714599609375;-0.030419921875;1 A
1;406;9.95491397486626;-0.88897705078125;-0.0303680419921875;1 A
1;407;9.96304397484573;-0.892333984375;-0.03033447265625;1 A
1;408;9.97117397482521;-0.89385986328125;-0.03028564453125;1 A
1;409;9.97930397480468;-0.897216796875;-0.0302398681640625;1 A
1;410;9.98743397478415;-0.8990478515625;-0.03018798828125;1 A
1;411;9.99556397476363;-0.90118408203125;-0.0301544189453125;1 A
1;412;10.0036939747431;-0.9039306640625;-0.0300994873046875;1 A
1;413;10.0118239747226;-0.9063720703125;-0.030072021484375;1 A
1;414;10.019953974702;-0.90911865234375;-0.0300262451171875;1 A
1;415;10.0280839746815;-0.91156005859375;-0.029998779296875;1 A
1;416;10.036213974661;-0.9136962890625;-0.0299560546875;1 A
1;417;10.0443439746405;-0.9161376953125;-0.0299102783203125;1 A
1;418;10.0524739746199;-0.91888427734375;-0.0298797607421875;1 A
1;419;10.0606039745994;-0.92071533203125;-0.0298370361328125;1 A
1;420;10.0687339745789;-0.92376708984375;-0.02982177734375;1 A
1;421;10.0768639745584;-0.92620849609375;-0.0297637939453125;1 A
1;422;10.0849939745378;-0.9283447265625;-0.029742431640625;1 A
1;423;10.0931239745173;-0.931396484375;-0.02969970703125;1 A
1;424;10.1012539744968;-0.93353271484375;-0.0296875;1 A
1;425;10.1093839744763;-0.93597412109375;-0.0296417236328125;1 A
1;426;10.1175139744557;-0.9381103515625;-0.0296142578125;1 A
1;427;10.1256439744352;-0.94085693359375;-0.0295684814453125;1 A
1;428;10.1337739744147;-0.94329833984375;-0.0295379638671875;1 A
1;429;10.1419039743942;-0.94573974609375;-0.02950439453125;1 A
1;430;10.1500339743736;-0.9478759765625;-0.029473876953125;1 A
1;431;10.1581639743531;-0.9503173828125;-0.0294464111328125;1 A
1;432;10.1662939743326;-0.95245361328125;-0.029412841796875;1 A
1;433;10.174423974312;-0.9552001953125;-0.0293731689453125;1 A
1;434;10.1825539742915;-0.9576416015625;-0.0293487548828125;1 A
1;435;10.190683974271;-0.96038818359375;-0.0293121337890625;1 A
1;436;10.1988139742505;-0.96221923828125;-0.029296875;1 A
1;437;10.2069439742299;-0.9649658203125;-0.0292724609375;1 A
1;438;10.2150739742094;-0.9674072265625;-0.0292510986328125;1 A
1;439;10.2232039741889;-0.9698486328125;-0.0292236328125;1 A
1;440;10.2313339741684;-0.9722900390625;-0.0292144775390625;1 A
1;441;10.2394639741478;-0.97442626953125;-0.029180908203125;1 A
1;442;10.2475939741273;-0.97747802734375;-0.02918701171875;1 A
1;443;10.2557239741068;-0.97930908203125;-0.0291534423828125;1 A
1;444;10.2638539740863;-0.9820556640625;-0.029144287109375;1 A
1;445;10.2719839740657;-0.9844970703125;-0.0291168212890625;1 A
1;446;10.2801139740452;-0.98724365234375;-0.0291107177734375;1 A
1;447;10.2882439740247;-0.98907470703125;-0.0290802001953125;1 A
1;448;10.2963739740042;-0.99151611328125;-0.0290771484375;1 A
1;449;10.3045039739836;-0.9942626953125;-0.0290374755859375;1 A
1;450;10.3126339739631;-0.99700927734375;-0.0290313720703125;1 A
1;451;10.3207639739426;-0.9991455078125;-0.02899169921875;1 A
1;452;10.328893973922;-0.99853515625;-0.0279205322265625;1 A
1;453;10.3370239739015;-0.9954833984375;-0.027655029296875;1 A
1;454;10.345153973881;-0.9930419921875;-0.0274932861328125;1 A
1;455;10.3532839738605;-0.99029541015625;-0.0273345947265625;1 A
1;456;10.3614139738399;-0.98846435546875;-0.0272186279296875;1 A
1;457;10.3695439738194;-0.98602294921875;-0.027105712890625;1 A
1;458;10.3776739737989;-0.98297119140625;-0.02701416015625;1 A
1;459;10.3858039737784;-0.98114013671875;-0.0269195556640625;1 A
1;460;10.3939339737578;-0.97869873046875;-0.02681884765625;1 A
1;461;10.4020639737373;-0.97564697265625;-0.0267669677734375;1 A
1;462;10.4101939737168;-0.9735107421875;-0.02667236328125;1 A
1;463;10.4183239736963;-0.97198486328125;-0.0266082763671875;1 A
1;464;10.4264539736757;-0.9686279296875;-0.02652587890625;1 A
1;465;10.4345839736552;-0.9661865234375;-0.0264739990234375;1 A
1;466;10.4427139736347;-0.9637451171875;-0.026385498046875;1 A
1;467;10.4508439736142;-0.96160888671875;-0.02633056640625;1 A
1;468;10.4589739735936;-0.9588623046875;-0.02626953125;1 A
1;469;10.4671039735731;-0.95611572265625;-0.0261962890625;1 A
1;470;10.4752339735526;-0.95428466796875;-0.0261383056640625;1 A
1;471;10.4833639735321;-0.9515380859375;-0.0260711669921875;1 A
1;472;10.4914939735115;-0.94940185546875;-0.0260162353515625;1 A
1;473;10.499623973491;-0.9466552734375;-0.0259765625;1 A
1;474;10.5077539734705;-0.9442138671875;-0.0259246826171875;1 A
1;475;10.5158839734499;-0.9417724609375;-0.0258880615234375;1 A
1;476;10.5240139734294;-0.93902587890625;-0.025836181640625;1 A
1;477;10.5321439734089;-0.93719482421875;-0.0257904052734375;1 A
1;478;10.5402739733884;-0.9344482421875;-0.025750732421875;1 A
1;479;10.5484039733678;-0.9320068359375;-0.025714111328125;1 A
1;480;10.5565339733473;-0.92926025390625;-0.0256591796875;1 A
1;481;10.5646639733268;-0.92681884765625;-0.02562255859375;1 A
1;482;10.5727939733063;-0.9246826171875;-0.0255584716796875;1 A
1;483;10.5809239732857;-0.92254638671875;-0.025518798828125;1 A
1;484;10.5890539732652;-0.9197998046875;-0.025445556640625;1 A
1;485;10.5971839732447;-0.9173583984375;-0.025408935546875;1 A
1;486;10.6053139732242;-0.91522216796875;-0.0253631591796875;1 A
1;487;10.6134439732036;-0.91217041015625;-0.0253143310546875;1 A
1;488;10.6215739731831;-0.9100341796875;-0.0252685546875;1 A
1;489;10.6297039731626;-0.9075927734375;-0.0252288818359375;1 A
1;490;10.6378339731421;-0.9051513671875;-0.025177001953125;1 A
1;491;10.6459639731215;-0.90240478515625;-0.025146484375;1 A
1;492;10.654093973101;-0.90057373046875;-0.025103759765625;1 A
1;493;10.6622239730805;-0.8978271484375;-0.0250762939453125;1 A
1;494;10.6703539730599;-0.89569091796875;-0.0250213623046875;1 A
1;495;10.6784839730394;-0.8929443359375;-0.024993896484375;1 A
1;496;10.6866139730189;-0.8905029296875;-0.024951171875;1 A
1;497;10.6947439729984;-0.88775634765625;-0.0249237060546875;1 A
1;498;10.7028739729778;-0.8856201171875;-0.02489013671875;1 A
1;499;10.7110039729573;-0.882568359375;-0.0248443603515625;1 A
1;500;10.7191339729368;-0.88043212890625;-0.0248138427734375;1 A
1;501;10.7272639729163;-0.8782958984375;-0.024749755859375;1 A
1;502;10.7353939728957;-0.8758544921875;-0.024725341796875;1 A
1;503;10.7435239728752;-0.8734130859375;-0.0246612548828125;1 A
1;504;10.7516539728547;-0.87066650390625;-0.0246307373046875;1 A
1;505;10.7597839728342;-0.8685302734375;-0.024566650390625;1 A
1;506;10.7679139728136;-0.86639404296875;-0.0245513916015625;1 A
1;507;10.7760439727931;-0.86395263671875;-0.0244964599609375;1 A
1;508;10.7841739727726;-0.86090087890625;-0.024456787109375;1 A
1;509;10.7923039727521;-0.85906982421875;-0.0244171142578125;1 A
1;510;10.8004339727315;-0.8563232421875;-0.024383544921875;1 A
1;511;10.808563972711;-0.8538818359375;-0.0243499755859375;1 A
1;512;10.8166939726905;-0.8514404296875;-0.0243194580078125;1 A
1;513;10.8248239726699;-0.84930419921875;-0.0242828369140625;1 A
1;514;10.8329539726494;-0.845947265625;-0.024249267578125;1 A
1;515;10.8410839726289;-0.8441162109375;-0.02420654296875;1 A
1;516;10.8492139726084;-0.84197998046875;-0.0241668701171875;1 A
1;517;10.8573439725878;-0.838623046875;-0.0241119384765625;1 A
1;518;10.8654739725673;-0.8367919921875;-0.0240814208984375;1 A
1;519;10.8736039725468;-0.8343505859375;-0.0240264892578125;1 A
1;520;10.8817339725263;-0.83221435546875;-0.0239837646484375;1 A
1;521;10.8898639725057;-0.8294677734375;-0.02392578125;1 A
1;522;10.8979939724852;-0.8270263671875;-0.02388916015625;1 A
1;523;10.9061239724647;-0.8245849609375;-0.02384033203125;1 A
1;524;10.9142539724442;-0.82244873046875;-0.02381591796875;1 A
1;525;10.9223839724236;-0.81939697265625;-0.0237457275390625;1 A
1;526;10.9305139724031;-0.81695556640625;-0.0237274169921875;1 A
1;527;10.9386439723826;-0.814208984375;-0.0236785888671875;1 A
1;528;10.9467739723621;-0.8123779296875;-0.0236480712890625;1 A
1;529;10.9549039723415;-0.80963134765625;-0.0235992431640625;1 A
1;530;10.963033972321;-0.8074951171875;-0.0235809326171875;1 A
1;531;10.9711639723005;-0.80474853515625;-0.0235198974609375;1 A
1;532;10.9792939722799;-0.80291748046875;-0.0235015869140625;1 A
1;533;10.9874239722594;-0.8001708984375;-0.0234375;1 A
1;534;10.9955539722389;-0.7977294921875;-0.0234161376953125;1 A
1;535;11.0036839722184;-0.79559326171875;-0.0233642578125;1 A
1;536;11.0118139721978;-0.79254150390625;-0.02332763671875;1 A
1;537;11.0199439721773;-0.78948974609375;-0.0232635498046875;1 A
1;538;11.0280739721568;-0.78765869140625;-0.0232269287109375;1 A
1;539;11.0362039721363;-0.7855224609375;-0.0231719970703125;1 A
1;540;11.0443339721157;-0.78277587890625;-0.02310791015625;1 A
1;541;11.0524639720952;-0.7806396484375;-0.023089599609375;1 A
1;542;11.0605939720747;-0.77880859375;-0.0230255126953125;1 A
1;543;11.0687239720542;-0.77545166015625;-0.0230010986328125;1 A
1;544;11.0768539720336;-0.77362060546875;-0.022943115234375;1 A
1;545;11.0849839720131;-0.77056884765625;-0.022918701171875;1 A
1;546;11.0931139719926;-0.76812744140625;-0.0228668212890625;1 A
1;547;11.1012439719721;-0.76568603515625;-0.022833251953125;1 A
1;548;11.1093739719515;-0.76385498046875;-0.0227813720703125;1 A
1;549;11.117503971931;-0.76080322265625;-0.02274169921875;1 A
1;550;11.1256339719105;-0.75897216796875;-0.0227020263671875;1 A
1;551;11.1337639718899;-0.755615234375;-0.0226470947265625;1 A
1;552;11.1418939718694;-0.75347900390625;-0.0225982666015625;1 A
1;553;11.1500239718489;-0.75103759765625;-0.022540283203125;1 A
1;554;11.1581539718284;-0.74896240234375;-0.0225006103515625;1 A
1;555;11.1662839718078;-0.746551513671875;-0.022454833984375;1 A
1;556;11.1744139717873;-0.74407958984375;-0.022393798828125;1 A
1;557;11.1825439717668;-0.741729736328125;-0.0223480224609375;1 A
1;558;11.1906739717463;-0.7392578125;-0.022283935546875;1 A
1;559;11.1988039717257;-0.73675537109375;-0.022247314453125;1 A
1;560;11.2069339717052;-0.734344482421875;-0.0221923828125;1 A
1;561;11.2150639716847;-0.731964111328125;-0.0221435546875;1 A
1;562;11.2231939716642;-0.7294921875;-0.02208251953125;1 A
1;563;11.2313239716436;-0.727081298828125;-0.0220428466796875;1 A
1;564;11.2394539716231;-0.72467041015625;-0.0219818115234375;1 A
1;565;11.2475839716026;-0.722198486328125;-0.021954345703125;1 A
1;566;11.2557139715821;-0.719635009765625;-0.02188720703125;1 A
1;567;11.2638439715615;-0.71728515625;-0.0218414306640625;1 A
1;568;11.271973971541;-0.71484375;-0.021771240234375;1 A
1;569;11.2801039715205;-0.71240234375;-0.021722412109375;1 A
1;570;11.2882339714999;-0.71002197265625;-0.021649169921875;1 A
1;571;11.2963639714794;-0.707550048828125;-0.021600341796875;1 A
1;572;11.3044939714589;-0.704986572265625;-0.0215179443359375;1 A
1;573;11.3126239714384;-0.702606201171875;-0.0214630126953125;1 A
1;574;11.3207539714178;-0.7001953125;-0.0213775634765625;1 A
1;575;11.3288839713973;-0.69775390625;-0.0213165283203125;1 A
1;576;11.3370139713768;-0.69525146484375;-0.0212371826171875;1 A
1;577;11.3451439713563;-0.692840576171875;-0.02119140625;1 A
1;578;11.3532739713357;-0.69049072265625;-0.0211151123046875;1 A
1;579;11.3614039713152;-0.68798828125;-0.021026611328125;1 A
1;580;11.3695339712947;-0.685577392578125;-0.02098388671875;1 A
1;581;11.3776639712742;-0.683135986328125;-0.0208984375;1 A
1;582;11.3857939712536;-0.680755615234375;-0.020831298828125;1 A
1;583;11.3939239712331;-0.678253173828125;-0.0207611083984375;1 A
1;584;11.4020539712126;-0.675750732421875;-0.0207000732421875;1 A
1;585;11.4101839711921;-0.67333984375;-0.0206024169921875;1 A
1;586;11.4183139711715;-0.670989990234375;-0.020538330078125;1 A
1;587;11.426443971151;-0.668548583984375;-0.0204376220703125;1 A
1;588;11.4345739711305;-0.66607666015625;-0.020367431640625;1 A
1;589;11.4427039711099;-0.663665771484375;-0.0202789306640625;1 A
1;590;11.4508339710894;-0.66119384765625;-0.020196533203125;1 A
1;591;11.4589639710689;-0.658721923828125;-0.0201019287109375;1 A
1;592;11.4670939710484;-0.65631103515625;-0.020013427734375;1 A
1;593;11.4752239710278;-0.653778076171875;-0.01990966796875;1 A
1;594;11.4833539710073;-0.651397705078125;-0.0198089599609375;1 A
1;595;11.4914839709868;-0.648956298828125;-0.0197174072265625;1 A
1;596;11.4996139709663;-0.646514892578125;-0.019622802734375;1 A
1;597;11.5077439709457;-0.644073486328125;-0.01951904296875;1 A
1;598;11.5158739709252;-0.641632080078125;-0.01943359375;1 A
1;599;11.5240039709047;-0.63916015625;-0.0193206787109375;1 A
1;600;11.5321339708842;-0.636749267578125;-0.019232177734375;1 A
1;601;11.5402639708636;-0.63433837890625;-0.0191131591796875;1 A
1;602;11.5483939708431;-0.631927490234375;-0.0190277099609375;1 A
1;603;11.5565239708226;-0.629364013671875;-0.018890380859375;1 A
1;604;11.5646539708021;-0.627044677734375;-0.0188079833984375;1 A
1;605;11.5727839707815;-0.624542236328125;-0.0186614990234375;1 A
1;606;11.580913970761;-0.6221923828125;-0.018560791015625;1 A
1;607;11.5890439707405;-0.61962890625;-0.018426513671875;1 A
1;608;11.59717397072;-0.617218017578125;-0.0183135986328125;1 A
1;609;11.6053039706994;-0.61480712890625;-0.0181640625;1 A
1;610;11.6134339706789;-0.612335205078125;-0.0180450439453125;1 A
1;611;11.6215639706584;-0.60992431640625;-0.01788330078125;1 A
1;612;11.6296939706378;-0.60748291015625;-0.0177642822265625;1 A
1;613;11.6378239706173;-0.60504150390625;-0.01761474609375;1 A
1;614;11.6459539705968;-0.602569580078125;-0.017474365234375;1 A
1;615;11.6540839705763;-0.600189208984375;-0.0173248291015625;1 A
1;616;11.6622139705557;-0.59771728515625;-0.0171905517578125;1 A
1;617;11.6703439705352;-0.595306396484375;-0.0170318603515625;1 A
1;618;11.6784739705147;-0.592803955078125;-0.016864013671875;1 A
1;619;11.6866039704942;-0.59039306640625;-0.016729736328125;1 A
1;620;11.6947339704736;-0.587921142578125;-0.016534423828125;1 A
1;621;11.7028639704531;-0.585540771484375;-0.0164031982421875;1 A
1;622;11.7109939704326;-0.583038330078125;-0.0161956787109375;1 A
1;623;11.7191239704121;-0.580657958984375;-0.016033935546875;1 A
1;624;11.7272539703915;-0.578216552734375;-0.0158416748046875;1 A
1;625;11.735383970371;-0.575775146484375;-0.0156829833984375;1 A
1;626;11.7435139703505;-0.57330322265625;-0.0154541015625;1 A
1;627;11.75164397033;-0.570892333984375;-0.0152740478515625;1 A
1;628;11.7597739703094;-0.568450927734375;-0.0150604248046875;1 A
1;629;11.7679039702889;-0.566009521484375;-0.014849853515625;1 A
1;630;11.7760339702684;-0.56353759765625;-0.0146392822265625;1 A
1;631;11.7841639702478;-0.5611572265625;-0.014422607421875;1 A
1;632;11.7922939702273;-0.5587158203125;-0.0142059326171875;1 A
1;633;11.8004239702068;-0.55621337890625;-0.0139892578125;1 A
1;634;11.8085539701863;-0.5538330078125;-0.0137451171875;1 A
1;635;11.8166839701657;-0.551361083984375;-0.01353759765625;1 A
1;636;11.8248139701452;-0.54888916015625;-0.013275146484375;1 A
1;637;11.8329439701247;-0.54644775390625;-0.0130615234375;1 A
1;638;11.8410739701042;-0.54400634765625;-0.01278076171875;1 A
1;639;11.8492039700836;-0.541595458984375;-0.0125579833984375;1 A
1;640;11.8573339700631;-0.539093017578125;-0.012255859375;1 A
1;641;11.8654639700426;-0.536712646484375;-0.0120269775390625;1 A
1;642;11.8735939700221;-0.534332275390625;-0.011724853515625;1 A
1;643;11.8817239700015;-0.531768798828125;-0.0114715576171875;1 A
1;644;11.889853969981;-0.5294189453125;-0.0111419677734375;1 A
1;645;11.8979839699605;-0.52691650390625;-0.01090087890625;1 A
1;646;11.90611396994;-0.524505615234375;-0.0105438232421875;1 A
1;647;11.9142439699194;-0.522064208984375;-0.0102691650390625;1 A
1;648;11.9223739698989;-0.519622802734375;-0.009930419921875;1 A
1;649;11.9305039698784;-0.51715087890625;-0.0096405029296875;1 A
1;650;11.9386339698578;-0.514801025390625;-0.009295654296875;1 A
1;651;11.9467639698373;-0.512359619140625;-0.009002685546875;1 A
1;652;11.9548939698168;-0.509857177734375;-0.00864257812499999;1 A
1;653;11.9630239697963;-0.5074462890625;-0.008331298828125;1 A
1;654;11.9711539697757;-0.5050048828125;-0.00795898437500001;1 A
1;655;11.9792839697552;-0.5025634765625;-0.00760498046874999;1 A
1;656;11.9874139697347;-0.5001220703125;-0.0072509765625;1 A
1;657;11.9955439697142;-0.497711181640625;-0.00687561035156251;1 A
1;658;12.0036739696936;-0.49517822265625;-0.00653076171875;1 A
1;659;12.0118039696731;-0.4927978515625;-0.00612487792968749;1 A
1;660;12.0199339696526;-0.490325927734375;-0.005767822265625;1 A
1;661;12.0280639696321;-0.487945556640625;-0.0053253173828125;1 A
1;662;12.0361939696115;-0.485504150390625;-0.00498352050781251;1 A
1;663;12.044323969591;-0.4830322265625;-0.00453796386718749;1 A
1;664;12.0524539695705;-0.4805908203125;-0.00417175292968749;1 A
1;665;12.06058396955;-0.4781494140625;-0.003704833984375;1 A
1;666;12.0687139695294;-0.47576904296875;-0.0033233642578125;1 A
1;667;12.0768439695089;-0.473297119140625;-0.0028656005859375;1 A
1;668;12.0849739694884;-0.470794677734375;-0.00245056152343751;1 A
1;669;12.0931039694678;-0.468414306640625;-0.0020111083984375;1 A
1;670;12.1012339694473;-0.465972900390625;-0.00157470703125;1 A
1;671;12.1093639694268;-0.463470458984375;-0.00111999511718749;1 A
1;672;12.1174939694063;-0.4610595703125;-0.000662231445312494;1 A
1;673;12.1256239693857;-0.458648681640625;-0.00018310546875;1 A
1;674;12.1337539693652;-0.4561767578125;0.000253295898437506;1 A
1;675;12.1418839693447;-0.453704833984375;0.000714111328125003;1 A
1;676;12.1500139693242;-0.4512939453125;0.00116882324218751;1 A
1;677;12.1581439693036;-0.44891357421875;0.001690673828125;1 A
1;678;12.1662739692831;-0.4464111328125;0.00212707519531249;1 A
1;679;12.1744039692626;-0.44403076171875;0.002685546875;1 A
1;680;12.1825339692421;-0.441558837890625;0.003094482421875;1 A
1;681;12.1906639692215;-0.439117431640625;0.0036956787109375;1 A
1;682;12.198793969201;-0.436614990234375;0.00408020019531249;1 A
1;683;12.2069239691805;-0.434173583984375;0.0046539306640625;1 A
1;684;12.21505396916;-0.431793212890625;0.00507202148437499;1 A
1;685;12.2231839691394;-0.429290771484375;0.0056427001953125;1 A
1;686;12.2313139691189;-0.4268798828125;0.00609741210937501;1 A
1;687;12.2394439690984;-0.42449951171875;0.006640625;1 A
1;688;12.2475739690778;-0.4219970703125;0.007110595703125;1 A
1;689;12.2557039690573;-0.419586181640625;0.00765380859375001;1 A
1;690;12.2638339690368;-0.417205810546875;0.0081146240234375;1 A
1;691;12.2719639690163;-0.41473388671875;0.0086700439453125;1 A
1;692;12.2800939689957;-0.412261962890625;0.00916442871093751;1 A
1;693;12.2882239689752;-0.409820556640625;0.00966796875000001;1 A
1;694;12.2963539689547;-0.40740966796875;0.010186767578125;1 A
1;695;12.3044839689342;-0.404937744140625;0.01070556640625;1 A
1;696;12.3126139689136;-0.40252685546875;0.0112030029296875;1 A
1;697;12.3207439688931;-0.400054931640625;0.0117034912109375;1 A
1;698;12.3288739688726;-0.397613525390625;0.012261962890625;1 A
1;699;12.3370039688521;-0.39520263671875;0.0126800537109375;1 A
1;700;12.3451339688315;-0.392730712890625;0.01326904296875;1 A
1;701;12.353263968811;-0.390350341796875;0.0136749267578125;1 A
1;702;12.3613939687905;-0.387847900390625;0.0142608642578125;1 A
1;703;12.36952396877;-0.385467529296875;0.0146636962890625;1 A
1;704;12.3776539687494;-0.382965087890625;0.0152313232421875;1 A
1;705;12.3857839687289;-0.380523681640625;0.0155914306640625;1 A
1;706;12.3939139687084;-0.37811279296875;0.0161407470703125;1 A
1;707;12.4020439686878;-0.37567138671875;0.0165771484375;1 A
1;708;12.4101739686673;-0.373199462890625;0.017071533203125;1 A
1;709;12.4183039686468;-0.3707275390625;0.017523193359375;1 A
1;710;12.4264339686263;-0.368316650390625;0.0179901123046875;1 A
1;711;12.4345639686057;-0.36590576171875;0.0184051513671875;1 A
1;712;12.4426939685852;-0.36346435546875;0.018829345703125;1 A
1;713;12.4508239685647;-0.36102294921875;0.0192596435546875;1 A
1;714;12.4589539685442;-0.358612060546875;0.019720458984375;1 A
1;715;12.4670839685236;-0.356201171875;0.020074462890625;1 A
1;716;12.4752139685031;-0.353729248046875;0.0205535888671875;1 A
1;717;12.4833439684826;-0.35125732421875;0.0208831787109375;1 A
1;718;12.4914739684621;-0.348846435546875;0.0213623046875;1 A
1;719;12.4996039684415;-0.34637451171875;0.0216400146484375;1 A
1;720;12.507733968421;-0.34393310546875;0.0220977783203125;1 A
1;721;12.5158639684005;-0.341522216796875;0.0223541259765625;1 A
1;722;12.52399396838;-0.339080810546875;0.0227996826171875;1 A
1;723;12.5321239683594;-0.336639404296875;0.0230438232421875;1 A
1;724;12.5402539683389;-0.334197998046875;0.0234832763671875;1 A
1;725;12.5483839683184;-0.331817626953125;0.0237091064453125;1 A
1;726;12.5565139682978;-0.32928466796875;0.0241241455078125;1 A
1;727;12.5646439682773;-0.326873779296875;0.0243133544921875;1 A
1;728;12.5727739682568;-0.324462890625;0.0246917724609375;1 A
1;729;12.5809039682363;-0.321929931640625;0.024896240234375;1 A
1;730;12.5890339682157;-0.319610595703125;0.025225830078125;1 A
1;731;12.5971639681952;-0.317108154296875;0.025439453125;1 A
1;732;12.6052939681747;-0.314666748046875;0.0257232666015625;1 A
1;733;12.6134239681542;-0.312164306640625;0.0259185791015625;1 A
1;734;12.6215539681336;-0.309783935546875;0.026177978515625;1 A
1;735;12.6296839681131;-0.30731201171875;0.0263885498046875;1 A
1;736;12.6378139680926;-0.304931640625;0.026568603515625;1 A
1;737;12.6459439680721;-0.302398681640625;0.026824951171875;1 A
1;738;12.6540739680515;-0.300018310546875;0.0269378662109375;1 A
1;739;12.662203968031;-0.297576904296875;0.0271942138671875;1 A
1;740;12.6703339680105;-0.295135498046875;0.027264404296875;1 A
1;741;12.67846396799;-0.292724609375;0.027484130859375;1 A
1;742;12.6865939679694;-0.290313720703125;0.0275238037109375;1 A
1;743;12.6947239679489;-0.287841796875;0.0277496337890625;1 A
1;744;12.7028539679284;-0.285400390625;0.027789306640625;1 A
1;745;12.7109839679079;-0.282958984375;0.0279388427734375;1 A
1;746;12.7191139678873;-0.280517578125;0.0279998779296875;1 A
1;747;12.7272439678668;-0.278045654296875;0.0281005859375;1 A
1;748;12.7353739678463;-0.275604248046875;0.0281646728515625;1 A
1;749;12.7435039678257;-0.273162841796875;0.0282196044921875;1 A
1;750;12.7516339678052;-0.270721435546875;0.0282958984375;1 A
1;751;12.7597639677847;-0.268341064453125;0.0283477783203125;1 A
1;752;12.7678939677642;-0.265869140625;0.028363037109375;1 A
1;753;12.7760239677436;-0.26348876953125;0.0284149169921875;1 A
1;754;12.7841539677231;-0.260986328125;0.0284210205078125;1 A
1;755;12.7922839677026;-0.258514404296875;0.0284393310546875;1 A
1;756;12.8004139676821;-0.25616455078125;0.028399658203125;1 A
1;757;12.8085439676615;-0.253662109375;0.028460693359375;1 A
1;758;12.816673967641;-0.251220703125;0.0283905029296875;1 A
1;759;12.8248039676205;-0.248779296875;0.0284454345703125;1 A
1;760;12.8329339676;-0.24639892578125;0.028375244140625;1 A
1;761;12.8410639675794;-0.243865966796875;0.028363037109375;1 A
1;762;12.8491939675589;-0.241546630859375;0.0282379150390625;1 A
1;763;12.8573239675384;-0.239044189453125;0.028289794921875;1 A
1;764;12.8654539675179;-0.236541748046875;0.028143310546875;1 A
1;765;12.8735839674973;-0.234161376953125;0.028125;1 A
1;766;12.8817139674768;-0.231719970703125;0.0280120849609375;1 A
1;767;12.8898439674563;-0.229248046875;0.02799072265625;1 A
1;768;12.8979739674357;-0.226837158203125;0.02786865234375;1 A
1;769;12.9061039674152;-0.224365234375;0.0277984619140625;1 A
1;770;12.9142339673947;-0.22198486328125;0.02767333984375;1 A
1;771;12.9223639673742;-0.219512939453125;0.027606201171875;1 A
1;772;12.9304939673536;-0.217041015625;0.0275115966796875;1 A
1;773;12.9386239673331;-0.214599609375;0.02738037109375;1 A
1;774;12.9467539673126;-0.21221923828125;0.02728271484375;1 A
1;775;12.9548839672921;-0.20977783203125;0.027166748046875;1 A
1;776;12.9630139672715;-0.20733642578125;0.0270416259765625;1 A
1;777;12.971143967251;-0.20489501953125;0.0269317626953125;1 A
1;778;12.9792739672305;-0.2025146484375;0.0268096923828125;1 A
1;779;12.98740396721;-0.20001220703125;0.0266387939453125;1 A
1;780;12.9955339671894;-0.19757080078125;0.0265594482421875;1 A
1;781;13.0036639671689;-0.19512939453125;0.026348876953125;1 A
1;782;13.0117939671484;-0.19268798828125;0.0262359619140625;1 A
1;783;13.0199239671279;-0.1903076171875;0.0260894775390625;1 A
1;784;13.0280539671073;-0.18780517578125;0.0259368896484375;1 A
1;785;13.0361839670868;-0.185333251953125;0.025750732421875;1 A
1;786;13.0443139670663;-0.182891845703125;0.0256256103515625;1 A
1;787;13.0524439670457;-0.18048095703125;0.025457763671875;1 A
1;788;13.0605739670252;-0.17803955078125;0.025311279296875;1 A
1;789;13.0687039670047;-0.17559814453125;0.0251617431640625;1 A
1;790;13.0768339669842;-0.17315673828125;0.0249969482421875;1 A
1;791;13.0849639669636;-0.170745849609375;0.0248199462890625;1 A
1;792;13.0930939669431;-0.168304443359375;0.0246856689453125;1 A
1;793;13.1012239669226;-0.16583251953125;0.024517822265625;1 A
1;794;13.1093539669021;-0.16339111328125;0.0243438720703125;1 A
1;795;13.1174839668815;-0.16094970703125;0.024163818359375;1 A
1;796;13.125613966861;-0.158538818359375;0.0239990234375;1 A
1;797;13.1337439668405;-0.156097412109375;0.02381591796875;1 A
1;798;13.14187396682;-0.15362548828125;0.0236663818359375;1 A
1;799;13.1500039667994;-0.151153564453125;0.0234588623046875;1 A
1;800;13.1581339667789;-0.148773193359375;0.02332763671875;1 A
1;801;13.1662639667584;-0.146392822265625;0.0231048583984375;1 A
1;802;13.1743939667379;-0.143890380859375;0.022979736328125;1 A
1;803;13.1825239667173;-0.141448974609375;0.022772216796875;1 A
1;804;13.1906539666968;-0.1390380859375;0.022625732421875;1 A
1;805;13.1987839666763;-0.136566162109375;0.0224151611328125;1 A
1;806;13.2069139666557;-0.134124755859375;0.0222808837890625;1 A
1;807;13.2150439666352;-0.1317138671875;0.0220977783203125;1 A
1;808;13.2231739666147;-0.1292724609375;0.021942138671875;1 A
1;809;13.2313039665942;-0.12677001953125;0.0217498779296875;1 A
1;810;13.2394339665736;-0.1243896484375;0.021612548828125;1 A
1;811;13.2475639665531;-0.1219482421875;0.0214141845703125;1 A
1;812;13.2556939665326;-0.119476318359375;0.0212554931640625;1 A
1;813;13.2638239665121;-0.1170654296875;0.021075439453125;1 A
1;814;13.2719539664915;-0.114593505859375;0.020928955078125;1 A
1;815;13.280083966471;-0.112213134765625;0.0207489013671875;1 A
1;816;13.2882139664505;-0.109710693359375;0.0205841064453125;1 A
1;817;13.29634396643;-0.1072998046875;0.02041015625;1 A
1;818;13.3044739664094;-0.1048583984375;0.02025146484375;1 A
1;819;13.3126039663889;-0.102447509765625;0.0201019287109375;1 A
1;820;13.3207339663684;-0.0999755859375;0.019915771484375;1 A
1;821;13.3288639663479;-0.097503662109375;0.019781494140625;1 A
1;822;13.3369939663273;-0.095123291015625;0.0196075439453125;1 A
1;823;13.3451239663068;-0.092681884765625;0.0194610595703125;1 A
1;824;13.3532539662863;-0.0902099609375;0.0192901611328125;1 A
1;825;13.3613839662657;-0.0877685546875;0.0191558837890625;1 A
1;826;13.3695139662452;-0.0853271484375;0.0189788818359375;1 A
1;827;13.3776439662247;-0.082977294921875;0.018853759765625;1 A
1;828;13.3857739662042;-0.0804443359375;0.0186920166015625;1 A
1;829;13.3939039661836;-0.078033447265625;0.018548583984375;1 A
1;830;13.4020339661631;-0.0755615234375;0.0183929443359375;1 A
1;831;13.4101639661426;-0.073089599609375;0.0182647705078125;1 A
1;832;13.4182939661221;-0.070648193359375;0.0181121826171875;1 A
1;833;13.4264239661015;-0.068267822265625;0.0179656982421875;1 A
1;834;13.434553966081;-0.06585693359375;0.017828369140625;1 A
1;835;13.4426839660605;-0.06341552734375;0.017694091796875;1 A
1;836;13.45081396604;-0.0609130859375;0.0175384521484375;1 A
1;837;13.4589439660194;-0.05853271484375;0.0174163818359375;1 A
1;838;13.4670739659989;-0.055999755859375;0.0172637939453125;1 A
1;839;13.4752039659784;-0.053680419921875;0.0171356201171875;1 A
1;840;13.4833339659579;-0.051177978515625;0.0169921875;1 A
1;841;13.4914639659373;-0.0486785888671875;0.016876220703125;1 A
1;842;13.4995939659168;-0.0462249755859375;0.0167327880859375;1 A
1;843;13.5077239658963;-0.0438079833984375;0.0166229248046875;1 A
1;844;13.5158539658757;-0.041357421875;0.0164764404296875;1 A
1;845;13.5239839658552;-0.038916015625;0.016363525390625;1 A
1;846;13.5321139658347;-0.0364654541015625;0.0162200927734375;1 A
1;847;13.5402439658142;-0.034039306640625;0.0161102294921875;1 A
1;848;13.5483739657936;-0.0315948486328125;0.0159759521484375;1 A
1;849;13.5565039657731;-0.0291595458984375;0.0158599853515625;1 A
1;850;13.5646339657526;-0.026715087890625;0.01573486328125;1 A
1;851;13.5727639657321;-0.0242828369140625;0.015618896484375;1 A
1;852;13.5808939657115;-0.0218353271484375;0.0154937744140625;1 A
1;853;13.589023965691;-0.0194000244140625;0.0153900146484375;1 A
1;854;13.5971539656705;-0.0169586181640625;0.01527099609375;1 A
1;855;13.60528396565;-0.014532470703125;0.0151611328125;1 A
1;856;13.6134139656294;-0.012103271484375;0.015045166015625;1 A
1;857;13.6215439656089;-0.00964965820312499;0.0149505615234375;1 A
1;858;13.6296739655884;-0.007232666015625;0.0148345947265625;1 A
1;859;13.6378039655679;-0.00476989746093751;0.0147308349609375;1 A
1;860;13.6459339655473;-0.00235595703124999;0.0146331787109375;1 A
1;861;13.6540639655268;0.000125122070312497;0.01451416015625;1 A
1;862;13.6621939655063;0.0025360107421875;0.01444091796875;1 A
1;863;13.6703239654857;0.00499267578125;0.0143157958984375;1 A
1;864;13.6784539654652;0.00740661621093749;0.014239501953125;1 A
1;865;13.6865839654447;0.00986328124999999;0.0141326904296875;1 A
1;866;13.6947139654242;0.0122955322265625;0.0140533447265625;1 A
1;867;13.7028439654036;0.0147308349609375;0.0139495849609375;1 A
1;868;13.7109739653831;0.0171661376953125;0.0138580322265625;1 A
1;869;13.7191039653626;0.0196319580078125;0.013763427734375;1 A
1;870;13.7272339653421;0.022064208984375;0.013677978515625;1 A
1;871;13.7353639653215;0.0244842529296875;0.0135894775390625;1 A
1;872;13.743493965301;0.0269378662109375;0.013507080078125;1 A
1;873;13.7516239652805;0.029388427734375;0.0134124755859375;1 A
1;874;13.75975396526;0.0317901611328125;0.013336181640625;1 A
1;875;13.7678839652394;0.034259033203125;0.0132476806640625;1 A
1;876;13.7760139652189;0.0366851806640625;0.0131805419921875;1 A
1;877;13.7841439651984;0.0391326904296875;0.013092041015625;1 A
1;878;13.7922739651779;0.041552734375;0.0130279541015625;1 A
1;879;13.8004039651573;0.0439971923828125;0.0129486083984375;1 A
1;880;13.8085339651368;0.0464569091796875;0.0128814697265625;1 A
1;881;13.8166639651163;0.0488861083984375;0.0128082275390625;1 A
1;882;13.8247939650958;0.05126953125;0.012744140625;1 A
1;883;13.8329239650752;0.0537109375;0.0126617431640625;1 A
1;884;13.8410539650547;0.056182861328125;0.0126129150390625;1 A
1;885;13.8491839650342;0.05859375;0.0125335693359375;1 A
1;886;13.8573139650136;0.06097412109375;0.0124786376953125;1 A
1;887;13.8654439649931;0.0634765625;0.01240234375;1 A
1;888;13.8735739649726;0.065948486328125;0.0123565673828125;1 A
1;889;13.8817039649521;0.06842041015625;0.0122894287109375;1 A
1;890;13.8898339649315;0.07080078125;0.0122467041015625;1 A
1;891;13.897963964911;0.0732421875;0.0121826171875;1 A
1;892;13.9060939648905;0.075714111328125;0.0121368408203125;1 A
1;893;13.91422396487;0.078155517578125;0.012078857421875;1 A
1;894;13.9223539648494;0.08050537109375;0.0120391845703125;1 A
1;895;13.9304839648289;0.083038330078125;0.0119903564453125;1 A
1;896;13.9386139648084;0.08544921875;0.011956787109375;1 A
1;897;13.9467439647879;0.087860107421875;0.0119049072265625;1 A
1;898;13.9548739647673;0.09033203125;0.0118621826171875;1 A
1;899;13.9630039647468;0.0927734375;0.011822509765625;1 A
1;900;13.9711339647263;0.09521484375;0.01177978515625;1 A
1;901;13.9792639647058;0.097686767578125;0.01175537109375;1 A
1;902;13.9873939646852;0.100067138671875;0.01170654296875;1 A
1;903;13.9955239646647;0.102447509765625;0.0116912841796875;1 A
1;904;14.0036539646442;0.10498046875;0.0116455078125;1 A
1;905;14.0117839646236;0.10736083984375;0.01163330078125;1 A
1;906;14.0199139646031;0.10986328125;0.0115997314453125;1 A
1;907;14.0280439645826;0.11224365234375;0.011572265625;1 A
1;908;14.0361739645621;0.11468505859375;0.0115447998046875;1 A
1;909;14.0443039645415;0.1171875;0.011529541015625;1 A
1;910;14.052433964521;0.11956787109375;0.011505126953125;1 A
1;911;14.0605639645005;0.121978759765625;0.0114990234375;1 A
1;912;14.06869396448;0.12451171875;0.011480712890625;1 A
1;913;14.0768239644594;0.126922607421875;0.0114715576171875;1 A
1;914;14.0849539644389;0.12933349609375;0.0114593505859375;1 A
1;915;14.0930839644184;0.131805419921875;0.0114532470703125;1 A
1;916;14.1012139643979;0.13421630859375;0.0114410400390625;1 A
1;917;14.1093439643773;0.136627197265625;0.011444091796875;1 A
1;918;14.1174739643568;0.139068603515625;0.0114410400390625;1 A
1;919;14.1256039643363;0.1416015625;0.01143798828125;1 A
1;920;14.1337339643158;0.14398193359375;0.011431884765625;1 A
1;921;14.1418639642952;0.146453857421875;0.0114471435546875;1 A
1;922;14.1499939642747;0.148834228515625;0.011444091796875;1 A
1;923;14.1581239642542;0.15130615234375;0.0114532470703125;1 A
1;924;14.1662539642336;0.15374755859375;0.0114593505859375;1 A
1;925;14.1743839642131;0.15618896484375;0.011474609375;1 A
1;926;14.1825139641926;0.158599853515625;0.0114837646484375;1 A
1;927;14.1906439641721;0.16107177734375;0.011505126953125;1 A
1;928;14.1987739641515;0.16357421875;0.0115081787109375;1 A
1;929;14.206903964131;0.165924072265625;0.01153564453125;1 A
1;930;14.2150339641105;0.1683349609375;0.0115478515625;1 A
1;931;14.22316396409;0.170806884765625;0.0115692138671875;1 A
1;932;14.2312939640694;0.17327880859375;0.011578369140625;1 A
1;933;14.2394239640489;0.1756591796875;0.01160888671875;1 A
1;934;14.2475539640284;0.178070068359375;0.01162109375;1 A
1;935;14.2556839640079;0.180572509765625;0.0116485595703125;1 A
1;936;14.2638139639873;0.182952880859375;0.0116668701171875;1 A
1;937;14.2719439639668;0.185394287109375;0.0116943359375;1 A
1;938;14.2800739639463;0.187896728515625;0.011712646484375;1 A
1;939;14.2882039639258;0.190338134765625;0.01173095703125;1 A
1;940;14.2963339639052;0.19268798828125;0.011761474609375;1 A
1;941;14.3044639638847;0.195220947265625;0.011767578125;1 A
1;942;14.3125939638642;0.197662353515625;0.0118011474609375;1 A
1;943;14.3207239638436;0.200042724609375;0.0118194580078125;1 A
1;944;14.3288539638231;0.202545166015625;0.01185302734375;1 A
1;945;14.3369839638026;0.2049560546875;0.011859130859375;1 A
1;946;14.3451139637821;0.207366943359375;0.011895751953125;1 A
1;947;14.3532439637615;0.2098388671875;0.0118988037109375;1 A
1;948;14.361373963741;0.212249755859375;0.011932373046875;1 A
1;949;14.3695039637205;0.21466064453125;0.0119598388671875;1 A
1;950;14.3776339637;0.217132568359375;0.011981201171875;1 A
1;951;14.3857639636794;0.2196044921875;0.0120086669921875;1 A
1;952;14.3938939636589;0.222076416015625;0.0120330810546875;1 A
1;953;14.4020239636384;0.224456787109375;0.0120574951171875;1 A
1;954;14.4101539636179;0.2269287109375;0.012091064453125;1 A
1;955;14.4182839635973;0.229339599609375;0.0121246337890625;1 A
1;956;14.4264139635768;0.231689453125;0.0121612548828125;1 A
1;957;14.4345439635563;0.2342529296875;0.0121856689453125;1 A
1;958;14.4426739635358;0.2366943359375;0.0122314453125;1 A
1;959;14.4508039635152;0.239105224609375;0.012261962890625;1 A
1;960;14.4589339634947;0.241546630859375;0.012298583984375;1 A
1;961;14.4670639634742;0.243988037109375;0.0123291015625;1 A
1;962;14.4751939634536;0.246429443359375;0.0123748779296875;1 A
1;963;14.4833239634331;0.248931884765625;0.0124114990234375;1 A
1;964;14.4914539634126;0.25128173828125;0.012457275390625;1 A
1;965;14.4995839633921;0.2537841796875;0.0124908447265625;1 A
1;966;14.5077139633715;0.25616455078125;0.012548828125;1 A
1;967;14.515843963351;0.25860595703125;0.0125823974609375;1 A
1;968;14.5239739633305;0.261016845703125;0.012640380859375;1 A
1;969;14.53210396331;0.26348876953125;0.01268310546875;1 A
1;970;14.5402339632894;0.265899658203125;0.012738037109375;1 A
1;971;14.5483639632689;0.268341064453125;0.012786865234375;1 A
1;972;14.5564939632484;0.27081298828125;0.012847900390625;1 A
1;973;14.5646239632279;0.27325439453125;0.01290283203125;1 A
1;974;14.5727539632073;0.27569580078125;0.01297607421875;1 A
1;975;14.5808839631868;0.278167724609375;0.01302490234375;1 A
1;976;14.5890139631663;0.2806396484375;0.0130950927734375;1 A
1;977;14.5971439631458;0.28302001953125;0.0131561279296875;1 A
1;978;14.6052739631252;0.28546142578125;0.013232421875;1 A
1;979;14.6134039631047;0.287933349609375;0.0132965087890625;1 A
1;980;14.6215339630842;0.290283203125;0.013360595703125;1 A
1;981;14.6296639630636;0.292816162109375;0.0134368896484375;1 A
1;982;14.6377939630431;0.295196533203125;0.013494873046875;1 A
1;983;14.6459239630226;0.29766845703125;0.0135772705078125;1 A
1;984;14.6540539630021;0.300048828125;0.0136322021484375;1 A
1;985;14.6621839629815;0.302520751953125;0.013720703125;1 A
1;986;14.670313962961;0.304962158203125;0.0137725830078125;1 A
1;987;14.6784439629405;0.307403564453125;0.01385498046875;1 A
1;988;14.68657396292;0.309844970703125;0.013909912109375;1 A
1;989;14.6947039628994;0.312255859375;0.0139892578125;1 A
1;990;14.7028339628789;0.31475830078125;0.0140533447265625;1 A
1;991;14.7109639628584;0.317169189453125;0.0141204833984375;1 A
1;992;14.7190939628379;0.319610595703125;0.014178466796875;1 A
1;993;14.7272239628173;0.322021484375;0.0142486572265625;1 A
1;994;14.7353539627968;0.324462890625;0.014312744140625;1 A
1;995;14.7434839627763;0.32696533203125;0.014373779296875;1 A
1;996;14.7516139627558;0.329345703125;0.0144287109375;1 A
1;997;14.7597439627352;0.331787109375;0.014495849609375;1 A
1;998;14.7678739627147;0.334228515625;0.0145416259765625;1 A
1;999;14.7760039626942;0.336700439453125;0.0146026611328125;1 A
1;1000;14.7841339626736;0.339080810546875;0.0146484375;1 A
1;1001;14.7922639626531;0.341522216796875;0.0147003173828125;1 A
1;1002;14.8003939626326;0.344024658203125;0.014739990234375;1 A
1;1003;14.8085239626121;0.346435546875;0.014788818359375;1 A
1;1004;14.8166539625915;0.348907470703125;0.0148223876953125;1 A
1;1005;14.824783962571;0.351287841796875;0.0148651123046875;1 A
1;1006;14.8329139625505;0.35382080078125;0.0148834228515625;1 A
1;1007;14.84104396253;0.356201171875;0.0149200439453125;1 A
1;1008;14.8491739625094;0.358673095703125;0.014935302734375;1 A
1;1009;14.8573039624889;0.36102294921875;0.0149566650390625;1 A
1;1010;14.8654339624684;0.363525390625;0.0149688720703125;1 A
1;1011;14.8735639624479;0.365936279296875;0.0149749755859375;1 A
1;1012;14.8816939624273;0.36834716796875;0.0149658203125;1 A
1;1013;14.8898239624068;0.37078857421875;0.014971923828125;1 A
1;1014;14.8979539623863;0.373260498046875;0.014947509765625;1 A
1;1015;14.9060839623658;0.37567138671875;0.014947509765625;1 A
1;1016;14.9142139623452;0.378143310546875;0.0149078369140625;1 A
1;1017;14.9223439623247;0.380584716796875;0.014886474609375;1 A
1;1018;14.9304739623042;0.382965087890625;0.0148529052734375;1 A
1;1019;14.9386039622837;0.38543701171875;0.014801025390625;1 A
1;1020;14.9467339622631;0.387908935546875;0.0147552490234375;1 A
1;1021;14.9548639622426;0.39031982421875;0.01468505859375;1 A
1;1022;14.9629939622221;0.39276123046875;0.014630126953125;1 A
1;1023;14.9711239622015;0.395172119140625;0.01453857421875;1 A
1;1024;14.979253962181;0.39764404296875;0.0144744873046875;1 A
1;1025;14.9873839621605;0.400115966796875;0.0143646240234375;1 A
1;1026;14.99551396214;0.402557373046875;0.0142852783203125;1 A
1;1027;15.0036439621194;0.40496826171875;0.01416015625;1 A
1;1028;15.0117739620989;0.4073486328125;0.0140625;1 A
1;1029;15.0199039620784;0.409820556640625;0.0139373779296875;1 A
1;1030;15.0280339620579;0.412322998046875;0.0138031005859375;1 A
1;1031;15.0361639620373;0.414764404296875;0.013671875;1 A
1;1032;15.0442939620168;0.417144775390625;0.013531494140625;1 A
1;1033;15.0524239619963;0.4195556640625;0.0133819580078125;1 A
1;1034;15.0605539619758;0.422027587890625;0.0132293701171875;1 A
1;1035;15.0686839619552;0.424468994140625;0.013067626953125;1 A
1;1036;15.0768139619347;0.4268798828125;0.01290283203125;1 A
1;1037;15.0849439619142;0.429290771484375;0.0127288818359375;1 A
1;1038;15.0930739618937;0.4317626953125;0.01256103515625;1 A
1;1039;15.1012039618731;0.43426513671875;0.0123809814453125;1 A
1;1040;15.1093339618526;0.4366455078125;0.0122161865234375;1 A
1;1041;15.1174639618321;0.439178466796875;0.0120391845703125;1 A
1;1042;15.1255939618115;0.441558837890625;0.0118743896484375;1 A
1;1043;15.133723961791;0.4439697265625;0.011700439453125;1 A
1;1044;15.1418539617705;0.4464111328125;0.011541748046875;1 A
1;1045;15.14998396175;0.448883056640625;0.0113800048828125;1 A
1;1046;15.1581139617294;0.451324462890625;0.011236572265625;1 A
1;1047;15.1662439617089;0.4537353515625;0.0110870361328125;1 A
1;1048;15.1743739616884;0.4561767578125;0.01094970703125;1 A
1;1049;15.1825039616679;0.4586181640625;0.0108306884765625;1 A
1;1050;15.1906339616473;0.46099853515625;0.0107177734375;1 A
1;1051;15.1987639616268;0.463531494140625;0.0105987548828125;1 A
1;1052;15.2068939616063;0.465972900390625;0.0105072021484375;1 A
1;1053;15.2150239615858;0.46844482421875;0.0104095458984375;1 A
1;1054;15.2231539615652;0.4708251953125;0.0103363037109375;1 A
1;1055;15.2312839615447;0.47320556640625;0.0102447509765625;1 A
1;1056;15.2394139615242;0.47564697265625;0.0101806640625;1 A
1;1057;15.2475439615037;0.478118896484375;0.0100982666015625;1 A
1;1058;15.2556739614831;0.4805908203125;0.0100341796875;1 A
1;1059;15.2638039614626;0.483062744140625;0.009967041015625;1 A
1;1060;15.2719339614421;0.48553466796875;0.009906005859375;1 A
1;1061;15.2800639614215;0.4879150390625;0.0098541259765625;1 A
1;1062;15.288193961401;0.490386962890625;0.0097808837890625;1 A
1;1063;15.2963239613805;0.49273681640625;0.009735107421875;1 A
1;1064;15.30445396136;0.495147705078125;0.00966491699218749;1 A
1;1065;15.3125839613394;0.4976806640625;0.00962219238281251;1 A
1;1066;15.3207139613189;0.500091552734375;0.00956115722656251;1 A
1;1067;15.3288439612984;0.50250244140625;0.0095184326171875;1 A
1;1068;15.3369739612779;0.5050048828125;0.0094635009765625;1 A
1;1069;15.3451039612573;0.507415771484375;0.0094146728515625;1 A
1;1070;15.3532339612368;0.509857177734375;0.0093719482421875;1 A
1;1071;15.3613639612163;0.512359619140625;0.00933227539062501;1 A
1;1072;15.3694939611958;0.514739990234375;0.00928344726562499;1 A
1;1073;15.3776239611752;0.51715087890625;0.009246826171875;1 A
1;1074;15.3857539611547;0.519622802734375;0.00921630859375;1 A
1;1075;15.3938839611342;0.52203369140625;0.009185791015625;1 A
1;1076;15.4020139611137;0.52447509765625;0.0091583251953125;1 A
1;1077;15.4101439610931;0.526947021484375;0.00914306640625;1 A
1;1078;15.4182739610726;0.52935791015625;0.0091217041015625;1 A
1;1079;15.4264039610521;0.53179931640625;0.00911560058593749;1 A
1;1080;15.4345339610315;0.534210205078125;0.00910034179687499;1 A
1;1081;15.442663961011;0.5367431640625;0.0091064453125;1 A
1;1082;15.4507939609905;0.539154052734375;0.00910034179687499;1 A
1;1083;15.45892396097;0.541534423828125;0.0091217041015625;1 A
1;1084;15.4670539609494;0.544036865234375;0.0091217041015625;1 A
1;1085;15.4751839609289;0.546478271484375;0.00914306640625;1 A
1;1086;15.4833139609084;0.548858642578125;0.0091583251953125;1 A
1;1087;15.4914439608879;0.55133056640625;0.00919494628906251;1 A
1;1088;15.4995739608673;0.553741455078125;0.0092132568359375;1 A
1;1089;15.5077039608468;0.55621337890625;0.009246826171875;1 A
1;1090;15.5158339608263;0.558624267578125;0.00927734375;1 A
1;1091;15.5239639608058;0.561065673828125;0.00931396484374999;1 A
1;1092;15.5320939607852;0.563507080078125;0.00934753417968751;1 A
1;1093;15.5402239607647;0.56597900390625;0.0094024658203125;1 A
1;1094;15.5483539607442;0.568450927734375;0.0094451904296875;1 A
1;1095;15.5564839607237;0.570892333984375;0.00950012207031251;1 A
1;1096;15.5646139607031;0.57330322265625;0.00954589843750001;1 A
1;1097;15.5727439606826;0.575714111328125;0.009600830078125;1 A
1;1098;15.5808739606621;0.578155517578125;0.0096435546875;1 A
1;1099;15.5890039606415;0.58056640625;0.0097015380859375;1 A
1;1100;15.597133960621;0.5830078125;0.00975341796875;1 A
1;1101;15.6052639606005;0.58551025390625;0.00980529785156251;1 A
1;1102;15.61339396058;0.587860107421875;0.0098724365234375;1 A
1;1103;15.6215239605594;0.590362548828125;0.009918212890625;1 A
1;1104;15.6296539605389;0.592803955078125;0.00998840332031251;1 A
1;1105;15.6377839605184;0.595245361328125;0.0100311279296875;1 A
1;1106;15.6459139604979;0.59771728515625;0.010089111328125;1 A
1;1107;15.6540439604773;0.60009765625;0.010113525390625;1 A
1;1108;15.6621739604568;0.602569580078125;0.0101715087890625;1 A
1;1109;15.6703039604363;0.605010986328125;0.0102020263671875;1 A
1;1110;15.6784339604158;0.607452392578125;0.0102508544921875;1 A
1;1111;15.6865639603952;0.609832763671875;0.01029052734375;1 A
1;1112;15.6946939603747;0.612274169921875;0.010321044921875;1 A
1;1113;15.7028239603542;0.614776611328125;0.0103546142578125;1 A
1;1114;15.7109539603337;0.6171875;0.0103851318359375;1 A
1;1115;15.7190839603131;0.619598388671875;0.0104095458984375;1 A
1;1116;15.7272139602926;0.622039794921875;0.010443115234375;1 A
1;1117;15.7353439602721;0.624542236328125;0.01046142578125;1 A
1;1118;15.7434739602515;0.62689208984375;0.010491943359375;1 A
1;1119;15.751603960231;0.629364013671875;0.010498046875;1 A
1;1120;15.7597339602105;0.631805419921875;0.01053466796875;1 A
1;1121;15.76786396019;0.634246826171875;0.010546875;1 A
1;1122;15.7759939601694;0.63671875;0.0105712890625;1 A
1;1123;15.7841239601489;0.63916015625;0.0105682373046875;1 A
1;1124;15.7922539601284;0.641571044921875;0.010589599609375;1 A
1;1125;15.8003839601079;0.644012451171875;0.0105865478515625;1 A
1;1126;15.8085139600873;0.64642333984375;0.0105987548828125;1 A
1;1127;15.8166439600668;0.648895263671875;0.0105743408203125;1 A
1;1128;15.8247739600463;0.651397705078125;0.0105712890625;1 A
1;1129;15.8329039600258;0.653778076171875;0.010565185546875;1 A
1;1130;15.8410339600052;0.65618896484375;0.010577392578125;1 A
1;1131;15.8491639599847;0.65863037109375;0.010577392578125;1 A
1;1132;15.8572939599642;0.66107177734375;0.0105804443359375;1 A
1;1133;15.8654239599437;0.66351318359375;0.0105682373046875;1 A
1;1134;15.8735539599231;0.665985107421875;0.010589599609375;1 A
1;1135;15.8816839599026;0.668426513671875;0.0105926513671875;1 A
1;1136;15.8898139598821;0.670806884765625;0.0105987548828125;1 A
1;1137;15.8979439598615;0.673248291015625;0.0106109619140625;1 A
1;1138;15.906073959841;0.675689697265625;0.0106109619140625;1 A
1;1139;15.9142039598205;0.67816162109375;0.010626220703125;1 A
1;1140;15.9223339598;0.680572509765625;0.0106292724609375;1 A
1;1141;15.9304639597794;0.68304443359375;0.0106689453125;1 A
1;1142;15.9385939597589;0.68548583984375;0.010675048828125;1 A
1;1143;15.9467239597384;0.6878662109375;0.01072998046875;1 A
1;1144;15.9548539597179;0.690399169921875;0.0107452392578125;1 A
1;1145;15.9629839596973;0.6927490234375;0.010784912109375;1 A
1;1146;15.9711139596768;0.695220947265625;0.010809326171875;1 A
1;1147;15.9792439596563;0.69769287109375;0.0108551025390625;1 A
1;1148;15.9873739596358;0.696624755859375;0.01004638671875;1 A
1;1149;15.9955039596152;0.694122314453125;0.00946655273437499;1 A
1;1150;16.0036339595947;0.69171142578125;0.0089569091796875;1 A
1;1151;16.0117639595742;0.689300537109375;0.0085174560546875;1 A
1;1152;16.0198939595537;0.686737060546875;0.00811767578125;1 A
1;1153;16.0280239595331;0.684295654296875;0.0077667236328125;1 A
1;1154;16.0361539595126;0.681884765625;0.007427978515625;1 A
1;1155;16.0442839594921;0.679443359375;0.00711669921874999;1 A
1;1156;16.0524139594716;0.677032470703125;0.00682373046875;1 A
1;1157;16.060543959451;0.674530029296875;0.00655212402343749;1 A
1;1158;16.0686739594305;0.67205810546875;0.00629577636718751;1 A
1;1159;16.07680395941;0.669677734375;0.0060577392578125;1 A
1;1160;16.0849339593894;0.667266845703125;0.00582275390625001;1 A
1;1161;16.0930639593689;0.664825439453125;0.00562133789062499;1 A
1;1162;16.1011939593484;0.662353515625;0.00542602539062501;1 A
1;1163;16.1093239593279;0.659942626953125;0.00524291992187501;1 A
1;1164;16.1174539593073;0.657501220703125;0.00505981445312501;1 A
1;1165;16.1255839592868;0.6551513671875;0.00488891601562499;1 A
1;1166;16.1337139592663;0.65264892578125;0.00473937988281251;1 A
1;1167;16.1418439592458;0.650177001953125;0.00459899902343749;1 A
1;1168;16.1499739592252;0.64776611328125;0.00444946289062501;1 A
1;1169;16.1581039592047;0.64532470703125;0.004315185546875;1 A
1;1170;16.1662339591842;0.642822265625;0.00418701171874999;1 A
1;1171;16.1743639591637;0.640411376953125;0.004058837890625;1 A
1;1172;16.1824939591431;0.637969970703125;0.00394287109374999;1 A
1;1173;16.1906239591226;0.63555908203125;0.00383911132812501;1 A
1;1174;16.1987539591021;0.63311767578125;0.0037261962890625;1 A
1;1175;16.2068839590816;0.63067626953125;0.0036285400390625;1 A
1;1176;16.215013959061;0.628204345703125;0.00351867675781251;1 A
1;1177;16.2231439590405;0.62579345703125;0.003436279296875;1 A
1;1178;16.23127395902;0.623321533203125;0.003338623046875;1 A
1;1179;16.2394039589994;0.620880126953125;0.00325622558593749;1 A
1;1180;16.2475339589789;0.618438720703125;0.0031707763671875;1 A
1;1181;16.2556639589584;0.615997314453125;0.00309143066406251;1 A
1;1182;16.2637939589379;0.61358642578125;0.0030242919921875;1 A
1;1183;16.2719239589173;0.611083984375;0.0029327392578125;1 A
1;1184;16.2800539588968;0.6087646484375;0.0028717041015625;1 A
1;1185;16.2881839588763;0.606292724609375;0.0027923583984375;1 A
1;1186;16.2963139588558;0.60382080078125;0.00274047851562501;1 A
1;1187;16.3044439588352;0.60137939453125;0.00266113281249999;1 A
1;1188;16.3125739588147;0.598907470703125;0.0026123046875;1 A
1;1189;16.3207039587942;0.5965576171875;0.00254211425781251;1 A
1;1190;16.3288339587737;0.594085693359375;0.00247802734374999;1 A
1;1191;16.3369639587531;0.59161376953125;0.002423095703125;1 A
1;1192;16.3450939587326;0.589202880859375;0.0023651123046875;1 A
1;1193;16.3532239587121;0.58673095703125;0.00230712890625;1 A
1;1194;16.3613539586916;0.584259033203125;0.00225830078125;1 A
1;1195;16.369483958671;0.581878662109375;0.0021942138671875;1 A
1;1196;16.3776139586505;0.57940673828125;0.0021514892578125;1 A
1;1197;16.38574395863;0.5770263671875;0.00209655761718749;1 A
1;1198;16.3938739586094;0.574554443359375;0.0020599365234375;1 A
1;1199;16.4020039585889;0.572113037109375;0.002001953125;1 A
1;1200;16.4101339585684;0.569671630859375;0.00195922851562499;1 A
1;1201;16.4182639585479;0.567230224609375;0.00191345214843749;1 A
1;1202;16.4263939585273;0.5648193359375;0.001873779296875;1 A
1;1203;16.4345239585068;0.562347412109375;0.00182495117187501;1 A
1;1204;16.4426539584863;0.559906005859375;0.001788330078125;1 A
1;1205;16.4507839584658;0.557464599609375;0.0017425537109375;1 A
1;1206;16.4589139584452;0.555084228515625;0.0017059326171875;1 A
1;1207;16.4670439584247;0.552581787109375;0.0016632080078125;1 A
1;1208;16.4751739584042;0.5501708984375;0.00162658691406251;1 A
1;1209;16.4833039583837;0.547698974609375;0.00159301757812499;1 A
1;1210;16.4914339583631;0.545318603515625;0.001556396484375;1 A
1;1211;16.4995639583426;0.5428466796875;0.00151977539062501;1 A
1;1212;16.5076939583221;0.540374755859375;0.00148925781250001;1 A
1;1213;16.5158239583016;0.5379638671875;0.00145568847656249;1 A
1;1214;16.523953958281;0.53558349609375;0.0014312744140625;1 A
1;1215;16.5320839582605;0.5330810546875;0.0013885498046875;1 A
1;1216;16.54021395824;0.5306396484375;0.001361083984375;1 A
1;1217;16.5483439582194;0.528167724609375;0.00133361816406249;1 A
1;1218;16.5564739581989;0.5257568359375;0.001312255859375;1 A
1;1219;16.5646039581784;0.523345947265625;0.00127258300781249;1 A
1;1220;16.5727339581579;0.5208740234375;0.0012542724609375;1 A
1;1221;16.5808639581373;0.518402099609375;0.00122985839843751;1 A
1;1222;16.5889939581168;0.516021728515625;0.0011932373046875;1 A
1;1223;16.5971239580963;0.5135498046875;0.00118103027343749;1 A
1;1224;16.6052539580758;0.5111083984375;0.0011474609375;1 A
1;1225;16.6133839580552;0.50872802734375;0.00113525390624999;1 A
1;1226;16.6215139580347;0.50628662109375;0.0011016845703125;1 A
1;1227;16.6296439580142;0.5037841796875;0.0010833740234375;1 A
1;1228;16.6377739579937;0.50140380859375;0.0010528564453125;1 A
1;1229;16.6459039579731;0.498931884765625;0.0010345458984375;1 A
1;1230;16.6540339579526;0.4964599609375;0.00101623535156251;1 A
1;1231;16.6621639579321;0.49395751953125;0.0010040283203125;1 A
1;1232;16.6702939579116;0.4915771484375;0.000979614257812497;1 A
1;1233;16.678423957891;0.48919677734375;0.000967407226562494;1 A
1;1234;16.6865539578705;0.486663818359375;0.000949096679687497;1 A
1;1235;16.69468395785;0.484344482421875;0.0009307861328125;1 A
1;1236;16.7028139578294;0.481842041015625;0.00091552734375;1 A
1;1237;16.7109439578089;0.4793701171875;0.000903320312499997;1 A
1;1238;16.7190739577884;0.47698974609375;0.000888061523437497;1 A
1;1239;16.7272039577679;0.47454833984375;0.000875854492187494;1 A
1;1240;16.7353339577473;0.47210693359375;0.000851440429687503;1 A
1;1241;16.7434639577268;0.469635009765625;0.000845336914062494;1 A
1;1242;16.7515939577063;0.46722412109375;0.000830078124999994;1 A
1;1243;16.7597239576858;0.464813232421875;0.000823974609375;1 A
1;1244;16.7678539576652;0.46234130859375;0.000802612304687506;1 A
1;1245;16.7759839576447;0.45989990234375;0.00079345703125;1 A
1;1246;16.7841139576242;0.457427978515625;0.000781249999999997;1 A
1;1247;16.7922439576037;0.4549560546875;0.000775146484375003;1 A
1;1248;16.8003739575831;0.45257568359375;0.000753784179687494;1 A
1;1249;16.8085039575626;0.45013427734375;0.0007476806640625;1 A
1;1250;16.8166339575421;0.447662353515625;0.000738525390624994;1 A
1;1251;16.8247639575216;0.44525146484375;0.000732421875;1 A
1;1252;16.832893957501;0.44281005859375;0.0007171630859375;1 A
1;1253;16.8410239574805;0.440338134765625;0.0007171630859375;1 A
1;1254;16.84915395746;0.437896728515625;0.000704956054687497;1 A
1;1255;16.8572839574394;0.435455322265625;0.000698852539062503;1 A
1;1256;16.8654139574189;0.43310546875;0.000683593750000003;1 A
1;1257;16.8735439573984;0.43060302734375;0.000680541992187506;1 A
1;1258;16.8816739573779;0.428192138671875;0.000668334960937503;1 A
1;1259;16.8898039573573;0.425750732421875;0.000662231445312494;1 A
1;1260;16.8979339573368;0.423309326171875;0.0006561279296875;1 A
1;1261;16.9060639573163;0.4208984375;0.000653076171875003;1 A
1;1262;16.9141939572958;0.418426513671875;0.000653076171875003;1 A
1;1263;16.9223239572752;0.416015625;0.000631713867187494;1 A
1;1264;16.9304539572547;0.41357421875;0.000646972656249994;1 A
1;1265;16.9385839572342;0.4111328125;0.000619506835937506;1 A
1;1266;16.9467139572137;0.408660888671875;0.000622558593750003;1 A
1;1267;16.9548439571931;0.406219482421875;0.0006103515625;1 A
1;1268;16.9629739571726;0.40380859375;0.000613403320312497;1 A
1;1269;16.9711039571521;0.401275634765625;0.000604248046875006;1 A
1;1270;16.9792339571316;0.39886474609375;0.000601196289062494;1 A
1;1271;16.987363957111;0.396514892578125;0.0005950927734375;1 A
1;1272;16.9954939570905;0.39404296875;0.000585937499999994;1 A
1;1273;17.00362395707;0.3916015625;0.000582885742187497;1 A
1;1274;17.0117539570495;0.389190673828125;0.000573730468750006;1 A
1;1275;17.0198839570289;0.38677978515625;0.000570678710937494;1 A
1;1276;17.0280139570084;0.38427734375;0.000573730468750006;1 A
1;1277;17.0361439569879;0.381866455078125;0.000567626953124997;1 A
1;1278;17.0442739569673;0.37945556640625;0.000558471679687506;1 A
1;1279;17.0524039569468;0.376983642578125;0.000555419921874994;1 A
1;1280;17.0605339569263;0.37451171875;0.0005645751953125;1 A
1;1281;17.0686639569058;0.372161865234375;0.00054931640625;1 A
1;1282;17.0767939568852;0.36968994140625;0.000552368164062497;1 A
1;1283;17.0849239568647;0.367218017578125;0.000546264648437503;1 A
1;1284;17.0930539568442;0.36474609375;0.00054931640625;1 A
1;1285;17.1011839568237;0.362335205078125;0.000540161132812494;1 A
1;1286;17.1093139568031;0.359893798828125;0.000540161132812494;1 A
1;1287;17.1174439567826;0.357513427734375;0.000537109374999997;1 A
1;1288;17.1255739567621;0.35504150390625;0.000531005859375003;1 A
1;1289;17.1337039567416;0.35260009765625;0.000527954101562506;1 A
1;1290;17.141833956721;0.35009765625;0.000527954101562506;1 A
1;1291;17.1499639567005;0.34771728515625;0.000527954101562506;1 A
1;1292;17.15809395668;0.34527587890625;0.0005340576171875;1 A
1;1293;17.1662239566595;0.342803955078125;0.000518798828125;1 A
1;1294;17.1743539566389;0.340362548828125;0.000524902343749994;1 A
1;1295;17.1824839566184;0.337921142578125;0.000512695312500006;1 A
1;1296;17.1906139565979;0.335540771484375;0.000524902343749994;1 A
1;1297;17.1987439565773;0.33306884765625;0.000509643554687494;1 A
1;1298;17.2068739565568;0.33062744140625;0.000521850585937497;1 A
1;1299;17.2150039565363;0.32818603515625;0.000515747070312503;1 A
1;1300;17.2231339565158;0.325775146484375;0.000509643554687494;1 A
1;1301;17.2312639564952;0.323333740234375;0.000506591796874997;1 A
1;1302;17.2393939564747;0.320892333984375;0.000494384765624994;1 A
1;1303;17.2475239564542;0.3184814453125;0.000506591796874997;1 A
1;1304;17.2556539564337;0.316009521484375;0.0005035400390625;1 A
1;1305;17.2637839564131;0.31365966796875;0.000518798828125;1 A
1;1306;17.2719139563926;0.311126708984375;0.000506591796874997;1 A
1;1307;17.2800439563721;0.308685302734375;0.000524902343749994;1 A
1;1308;17.2881739563516;0.306304931640625;0.000509643554687494;1 A
1;1309;17.296303956331;0.3038330078125;0.000518798828125;1 A
1;1310;17.3044339563105;0.301422119140625;0.000521850585937497;1 A
1;1311;17.31256395629;0.2989501953125;0.000518798828125;1 A
1;1312;17.3206939562695;0.296539306640625;0.000512695312500006;1 A
1;1313;17.3288239562489;0.294097900390625;0.000509643554687494;1 A
1;1314;17.3369539562284;0.291656494140625;0.0005035400390625;1 A
1;1315;17.3450839562079;0.289215087890625;0.0005035400390625;1 A
1;1316;17.3532139561873;0.2867431640625;0.00048828125;1 A
1;1317;17.3613439561668;0.2843017578125;0.00048828125;1 A
1;1318;17.3694739561463;0.281890869140625;0.000479125976562494;1 A
1;1319;17.3776039561258;0.279449462890625;0.000476074218749997;1 A
1;1320;17.3857339561052;0.2769775390625;0.000460815429687497;1 A
1;1321;17.3938639560847;0.2745361328125;0.000463867187499994;1 A
1;1322;17.4019939560642;0.27215576171875;0.000448608398437494;1 A
1;1323;17.4101239560437;0.269622802734375;0.0004425048828125;1 A
1;1324;17.4182539560231;0.2672119140625;0.000433349609374994;1 A
1;1325;17.4263839560026;0.264801025390625;0.000436401367187506;1 A
1;1326;17.4345139559821;0.262359619140625;0.000418090820312494;1 A
1;1327;17.4426439559616;0.259918212890625;0.00042724609375;1 A
1;1328;17.450773955941;0.257476806640625;0.000415039062499997;1 A
1;1329;17.4589039559205;0.255096435546875;0.000408935546875003;1 A
1;1330;17.4670339559;0.25262451171875;0.000399780273437497;1 A
1;1331;17.4751639558795;0.250213623046875;0.000396728515625;1 A
1;1332;17.4832939558589;0.247802734375;0.0003814697265625;1 A
1;1333;17.4914239558384;0.245269775390625;0.000387573242187494;1 A
1;1334;17.4995539558179;0.242828369140625;0.000369262695312497;1 A
1;1335;17.5076839557973;0.24041748046875;0.0003662109375;1 A
1;1336;17.5158139557768;0.23797607421875;0.0003509521484375;1 A
1;1337;17.5239439557563;0.23553466796875;0.0003509521484375;1 A
1;1338;17.5320739557358;0.233062744140625;0.000338745117187497;1 A
1;1339;17.5402039557152;0.230621337890625;0.000335693359375;1 A
1;1340;17.5483339556947;0.22821044921875;0.0003204345703125;1 A
1;1341;17.5564639556742;0.22576904296875;0.000314331054687506;1 A
1;1342;17.5645939556537;0.223388671875;0.000311279296874994;1 A
1;1343;17.5727239556331;0.220947265625;0.000292968749999997;1 A
1;1344;17.5808539556126;0.218505859375;0.000286865234375003;1 A
1;1345;17.5889839555921;0.216033935546875;0.000271606445312503;1 A
1;1346;17.5971139555716;0.213623046875;0.000274658203125;1 A
1;1347;17.605243955551;0.211151123046875;0.000250244140624994;1 A
1;1348;17.6133739555305;0.208709716796875;0.000247192382812497;1 A
1;1349;17.62150395551;0.206298828125;0.000225830078125003;1 A
1;1350;17.6296339554895;0.20379638671875;0.000222778320312506;1 A
1;1351;17.6377639554689;0.201385498046875;0.000207519531250006;1 A
1;1352;17.6458939554484;0.19891357421875;0.000195312500000003;1 A
1;1353;17.6540239554279;0.19659423828125;0.000180053710937503;1 A
1;1354;17.6621539554073;0.19415283203125;0.000170898437499997;1 A
1;1355;17.6702839553868;0.191619873046875;0.000149536132812503;1 A
1;1356;17.6784139553663;0.189239501953125;0.000143432617187494;1 A
1;1357;17.6865439553458;0.18682861328125;0.000128173828124994;1 A
1;1358;17.6946739553252;0.184295654296875;0.000112915039062494;1 A
1;1359;17.7028039553047;0.181915283203125;0.000100708007812506;1 A
1;1360;17.7109339552842;0.179443359375;9.1552734375E-05;1 A
1;1361;17.7190639552637;0.176971435546875;7.32421875000028E-05;1 A
1;1362;17.7271939552431;0.17462158203125;6.103515625E-05;1 A
1;1363;17.7353239552226;0.172119140625;3.96728515625056E-05;1 A
1;1364;17.7434539552021;0.169708251953125;3.35693359374972E-05;1 A
1;1365;17.7515839551816;0.167205810546875;1.22070312500028E-05;1 A
1;1366;17.759713955161;0.164825439453125;3.05175781249722E-06;1 A
1;1367;17.7678439551405;0.162353515625;-1.22070312500028E-05;1 A
1;1368;17.77597395512;0.159912109375;-1.52587890625E-05;1 A
1;1369;17.7841039550995;0.15753173828125;-3.66210937499944E-05;1 A
1;1370;17.7922339550789;0.155029296875;-5.49316406250056E-05;1 A
1;1371;17.8003639550584;0.15264892578125;-7.32421875000028E-05;1 A
1;1372;17.8084939550379;0.150177001953125;-8.54492187500056E-05;1 A
1;1373;17.8166239550173;0.147735595703125;-0.0001068115234375;1 A
1;1374;17.8247539549968;0.145294189453125;-0.000115966796875006;1 A
1;1375;17.8328839549763;0.14288330078125;-0.0001373291015625;1 A
1;1376;17.8410139549558;0.140411376953125;-0.000146484375000006;1 A
1;1377;17.8491439549352;0.138031005859375;-0.000180053710937503;1 A
1;1378;17.8572739549147;0.1356201171875;-0.000180053710937503;1 A
1;1379;17.8654039548942;0.133087158203125;-0.000207519531250006;1 A
1;1380;17.8735339548737;0.130706787109375;-0.000213623046875;1 A
1;1381;17.8816639548531;0.128265380859375;-0.000238037109375006;1 A
1;1382;17.8897939548326;0.125823974609375;-0.000262451171874997;1 A
1;1383;17.8979239548121;0.1234130859375;-0.000271606445312503;1 A
1;1384;17.9060539547916;0.120941162109375;-0.00030517578125;1 A
1;1385;17.914183954771;0.11846923828125;-0.000311279296874994;1 A
1;1386;17.9223139547505;0.1160888671875;-0.000344848632812506;1 A
1;1387;17.93044395473;0.1136474609375;-0.000357055664062494;1 A
1;1388;17.9385739547095;0.111175537109375;-0.000390625000000006;1 A
1;1389;17.9467039546889;0.108734130859375;-0.000393676757812503;1 A
1;1390;17.9548339546684;0.106353759765625;-0.000424194335937503;1 A
1;1391;17.9629639546479;0.103912353515625;-0.000451660156250006;1 A
1;1392;17.9710939546273;0.1014404296875;-0.000476074218749997;1 A
1;1393;17.9792239546068;0.099029541015625;-0.000497436523437506;1 A
2;1394;17.9873539545863;0.096588134765625;-0.000531005859375003;1 A
2;1395;17.9954839545658;0.094146728515625;-0.000555419921874994;1 A
2;1396;18.0036139545452;0.09161376953125;-0.000582885742187497;1 A
2;1397;18.0117439545247;0.089263916015625;-0.000613403320312497;1 A
2;1398;18.0198739545042;0.086761474609375;-0.000637817382812503;1 A
2;1399;18.0280039544837;0.0843505859375;-0.000662231445312494;1 A
2;1400;18.0361339544631;0.0819091796875;-0.000698852539062503;1 A
2;1401;18.0442639544426;0.07952880859375;-0.000720214843749997;1 A
2;1402;18.0523939544221;0.07708740234375;-0.000762939453125;1 A
2;1403;18.0605239544016;0.0745849609375;-0.000787353515625006;1 A
2;1404;18.068653954381;0.0721435546875;-0.000833129882812506;1 A
2;1405;18.0767839543605;0.0697021484375;-0.000860595703124994;1 A
2;1406;18.08491395434;0.067352294921875;-0.000903320312499997;1 A
2;1407;18.0930439543195;0.064849853515625;-0.000927734375000003;1 A
2;1408;18.1011739542989;0.062408447265625;-0.000970458984375006;1 A
2;1409;18.1093039542784;0.060028076171875;-0.001007080078125;1 A
2;1410;18.1174339542579;0.057525634765625;-0.0010498046875;1 A
2;1411;18.1255639542374;0.055084228515625;-0.00108642578125;1 A
2;1412;18.1336939542168;0.052642822265625;-0.00113525390624999;1 A
2;1413;18.1418239541963;0.050201416015625;-0.0011627197265625;1 A
2;1414;18.1499539541758;0.0477783203125;-0.00121459960937501;1 A
2;1415;18.1580839541552;0.0453643798828125;-0.0012481689453125;1 A
2;1416;18.1662139541347;0.0429229736328125;-0.00130615234375001;1 A
2;1417;18.1743439541142;0.040484619140625;-0.0013458251953125;1 A
2;1418;18.1824739540937;0.0380523681640625;-0.00139770507812501;1 A
2;1419;18.1906039540731;0.035595703125;-0.0014373779296875;1 A
2;1420;18.1987339540526;0.0331512451171875;-0.00148925781250001;1 A
2;1421;18.2068639540321;0.0307403564453125;-0.0015380859375;1 A
2;1422;18.2149939540116;0.0282745361328125;-0.00157775878906249;1 A
2;1423;18.223123953991;0.0258514404296875;-0.00164794921875;1 A
2;1424;18.2312539539705;0.0233917236328125;-0.00168762207031251;1 A
2;1425;18.23938395395;0.0209808349609375;-0.0017547607421875;1 A
2;1426;18.2475139539295;0.018548583984375;-0.001800537109375;1 A
2;1427;18.2556439539089;0.016107177734375;-0.00186767578124999;1 A
2;1428;18.2637739538884;0.0136749267578125;-0.001910400390625;1 A
2;1429;18.2719039538679;0.0112213134765625;-0.0019866943359375;1 A
2;1430;18.2800339538474;0.00877990722656249;-0.00203857421875001;1 A
2;1431;18.2881639538268;0.00634765625;-0.002105712890625;1 A
2;1432;18.2962939538063;0.0039093017578125;-0.0021636962890625;1 A
2;1433;18.3044239537858;0.0014617919921875;-0.0022308349609375;1 A
2;1434;18.3125539537652;-0.000955200195312506;-0.00229797363281251;1 A
2;1435;18.3206839537447;-0.00341186523437501;-0.00235900878906251;1 A
2;1436;18.3288139537242;-0.00583496093749999;-0.00242919921875;1 A
2;1437;18.3369439537037;-0.0083038330078125;-0.00250244140625;1 A
2;1438;18.3450739536831;-0.0107208251953125;-0.00256958007812499;1 A
2;1439;18.3532039536626;-0.0131805419921875;-0.002655029296875;1 A
2;1440;18.3613339536421;-0.0156036376953125;-0.002728271484375;1 A
2;1441;18.3694639536216;-0.0180267333984375;-0.00281372070312499;1 A
2;1442;18.377593953601;-0.020465087890625;-0.00287780761718751;1 A
2;1443;18.3857239535805;-0.022906494140625;-0.0029754638671875;1 A
2;1444;18.39385395356;-0.025347900390625;-0.00304565429687501;1 A
2;1445;18.4019839535395;-0.027783203125;-0.003143310546875;1 A
2;1446;18.4101139535189;-0.03023681640625;-0.00321350097656251;1 A
2;1447;18.4182439534984;-0.032666015625;-0.0033111572265625;1 A
2;1448;18.4263739534779;-0.03511962890625;-0.00339660644531251;1 A
2;1449;18.4345039534574;-0.0375579833984375;-0.003497314453125;1 A
2;1450;18.4426339534368;-0.0399688720703125;-0.00359497070312501;1 A
2;1451;18.4507639534163;-0.0424163818359375;-0.003704833984375;1 A
2;1452;18.4588939533958;-0.044854736328125;-0.0037872314453125;1 A
2;1453;18.4670239533752;-0.047271728515625;-0.0039031982421875;1 A
2;1454;18.4751539533547;-0.0497039794921875;-0.00398864746093749;1 A
2;1455;18.4832839533342;-0.05218505859375;-0.004119873046875;1 A
2;1456;18.4914139533137;-0.054595947265625;-0.00421142578125;1 A
2;1457;18.4995439532931;-0.057098388671875;-0.0043365478515625;1 A
2;1458;18.5076739532726;-0.05950927734375;-0.00444946289062501;1 A
2;1459;18.5158039532521;-0.061920166015625;-0.00457763671875;1 A
2;1460;18.5239339532316;-0.06439208984375;-0.0046844482421875;1 A
2;1461;18.532063953211;-0.0667724609375;-0.0048095703125;1 A
2;1462;18.5401939531905;-0.069244384765625;-0.0049468994140625;1 A
2;1463;18.54832395317;-0.07177734375;-0.00505676269531249;1 A
2;1464;18.5564539531495;-0.074127197265625;-0.005218505859375;1 A
2;1465;18.5645839531289;-0.076568603515625;-0.005340576171875;1 A
2;1466;18.5727139531084;-0.079010009765625;-0.0054931640625;1 A
2;1467;18.5808439530879;-0.08135986328125;-0.005615234375;1 A
2;1468;18.5889739530674;-0.0838623046875;-0.00578918457031249;1 A
2;1469;18.5971039530468;-0.086334228515625;-0.0059173583984375;1 A
2;1470;18.6052339530263;-0.08880615234375;-0.00609130859375;1 A
2;1471;18.6133639530058;-0.091217041015625;-0.0062530517578125;1 A
2;1472;18.6214939529852;-0.093658447265625;-0.0064117431640625;1 A
2;1473;18.6296239529647;-0.096099853515625;-0.00658569335937501;1 A
2;1474;18.6377539529442;-0.098541259765625;-0.00675354003906251;1 A
2;1475;18.6458839529237;-0.10101318359375;-0.00693359374999999;1 A
2;1476;18.6540139529031;-0.103363037109375;-0.0071136474609375;1 A
2;1477;18.6621439528826;-0.105865478515625;-0.007293701171875;1 A
2;1478;18.6702739528621;-0.1082763671875;-0.007489013671875;1 A
2;1479;18.6784039528416;-0.110687255859375;-0.00766906738281251;1 A
2;1480;18.686533952821;-0.113128662109375;-0.00789794921875001;1 A
2;1481;18.6946639528005;-0.1156005859375;-0.0080718994140625;1 A
2;1482;18.70279395278;-0.1180419921875;-0.0083038330078125;1 A
2;1483;18.7109239527595;-0.1204833984375;-0.00849609375;1 A
2;1484;18.7190539527389;-0.12286376953125;-0.00873718261718751;1 A
2;1485;18.7271839527184;-0.125335693359375;-0.008929443359375;1 A
2;1486;18.7353139526979;-0.1278076171875;-0.009185791015625;1 A
2;1487;18.7434439526774;-0.130218505859375;-0.0093841552734375;1 A
2;1488;18.7515739526568;-0.1326904296875;-0.00966491699218749;1 A
2;1489;18.7597039526363;-0.13507080078125;-0.0098876953125;1 A
2;1490;18.7678339526158;-0.13751220703125;-0.01015625;1 A
2;1491;18.7759639525952;-0.1400146484375;-0.010394287109375;1 A
2;1492;18.7840939525747;-0.142364501953125;-0.01065673828125;1 A
2;1493;18.7922239525542;-0.144866943359375;-0.01090087890625;1 A
2;1494;18.8003539525337;-0.14727783203125;-0.01119384765625;1 A
2;1495;18.8084839525131;-0.149658203125;-0.011456298828125;1 A
2;1496;18.8166139524926;-0.152099609375;-0.0117645263671875;1 A
2;1497;18.8247439524721;-0.154571533203125;-0.012042236328125;1 A
2;1498;18.8328739524516;-0.156982421875;-0.012347412109375;1 A
2;1499;18.841003952431;-0.159454345703125;-0.012646484375;1 A
2;1500;18.8491339524105;-0.16192626953125;-0.01295166015625;1 A
2;1501;18.85726395239;-0.164337158203125;-0.0132659912109375;1 A
2;1502;18.8653939523695;-0.166839599609375;-0.0135650634765625;1 A
2;1503;18.8735239523489;-0.16925048828125;-0.0139404296875;1 A
2;1504;18.8816539523284;-0.17169189453125;-0.0142181396484375;1 A
2;1505;18.8897839523079;-0.174072265625;-0.014605712890625;1 A
2;1506;18.8979139522874;-0.17657470703125;-0.014910888671875;1 A
2;1507;18.9060439522668;-0.178955078125;-0.0153045654296875;1 A
2;1508;18.9141739522463;-0.181427001953125;-0.0156158447265625;1 A
2;1509;18.9223039522258;-0.183868408203125;-0.016009521484375;1 A
2;1510;18.9304339522052;-0.186248779296875;-0.0163604736328125;1 A
2;1511;18.9385639521847;-0.188720703125;-0.0167572021484375;1 A
2;1512;18.9466939521642;-0.191131591796875;-0.017144775390625;1 A
2;1513;18.9548239521437;-0.193603515625;-0.017559814453125;1 A
2;1514;18.9629539521231;-0.196014404296875;-0.0179443359375;1 A
2;1515;18.9710839521026;-0.198516845703125;-0.018365478515625;1 A
2;1516;18.9792139520821;-0.200927734375;-0.018756103515625;1 A
2;1517;18.9873439520616;-0.20343017578125;-0.0192169189453125;1 A
2;1518;18.995473952041;-0.205780029296875;-0.0196044921875;1 A
2;1519;19.0036039520205;-0.208251953125;-0.0200714111328125;1 A
2;1520;19.011733952;-0.210662841796875;-0.0204742431640625;1 A
2;1521;19.0198639519795;-0.213104248046875;-0.020953369140625;1 A
2;1522;19.0279939519589;-0.21551513671875;-0.02138671875;1 A
2;1523;19.0361239519384;-0.218048095703125;-0.0218719482421875;1 A
2;1524;19.0442539519179;-0.220367431640625;-0.02230224609375;1 A
2;1525;19.0523839518974;-0.22283935546875;-0.0228240966796875;1 A
2;1526;19.0605139518768;-0.225311279296875;-0.02325439453125;1 A
2;1527;19.0686439518563;-0.227752685546875;-0.023809814453125;1 A
2;1528;19.0767739518358;-0.23016357421875;-0.02423095703125;1 A
2;1529;19.0849039518152;-0.232574462890625;-0.0247955322265625;1 A
2;1530;19.0930339517947;-0.23504638671875;-0.0252349853515625;1 A
2;1531;19.1011639517742;-0.237457275390625;-0.02578125;1 A
2;1532;19.1092939517537;-0.239898681640625;-0.026263427734375;1 A
2;1533;19.1174239517331;-0.242340087890625;-0.02684326171875;1 A
2;1534;19.1255539517126;-0.2447509765625;-0.0273101806640625;1 A
2;1535;19.1336839516921;-0.2471923828125;-0.0279052734375;1 A
2;1536;19.1418139516716;-0.2496337890625;-0.028411865234375;1 A
2;1537;19.149943951651;-0.252044677734375;-0.028961181640625;1 A
2;1538;19.1580739516305;-0.25457763671875;-0.0295166015625;1 A
2;1539;19.16620395161;-0.25701904296875;-0.030072021484375;1 A
2;1540;19.1743339515895;-0.259429931640625;-0.030633544921875;1 A
2;1541;19.1824639515689;-0.26190185546875;-0.0311676025390625;1 A
2;1542;19.1905939515484;-0.264312744140625;-0.0317901611328125;1 A
2;1543;19.1987239515279;-0.266693115234375;-0.032275390625;1 A
2;1544;19.2068539515074;-0.269195556640625;-0.03292236328125;1 A
2;1545;19.2149839514868;-0.2716064453125;-0.0333953857421875;1 A
2;1546;19.2231139514663;-0.274078369140625;-0.034033203125;1 A
2;1547;19.2312439514458;-0.27655029296875;-0.0345306396484375;1 A
2;1548;19.2393739514253;-0.278961181640625;-0.0351165771484375;1 A
2;1549;19.2475039514047;-0.28143310546875;-0.03564453125;1 A
2;1550;19.2556339513842;-0.283843994140625;-0.0362213134765625;1 A
2;1551;19.2637639513637;-0.286285400390625;-0.036737060546875;1 A
2;1552;19.2718939513431;-0.2886962890625;-0.037261962890625;1 A
2;1553;19.2800239513226;-0.2911376953125;-0.0377716064453125;1 A
2;1554;19.2881539513021;-0.293609619140625;-0.0382965087890625;1 A
2;1555;19.2962839512816;-0.2960205078125;-0.03880615234375;1 A
2;1556;19.304413951261;-0.298431396484375;-0.0393280029296875;1 A
2;1557;19.3125439512405;-0.30084228515625;-0.039801025390625;1 A
2;1558;19.32067395122;-0.3033447265625;-0.04029541015625;1 A
2;1559;19.3288039511995;-0.305755615234375;-0.040777587890625;1 A
2;1560;19.3369339511789;-0.308197021484375;-0.041278076171875;1 A
2;1561;19.3450639511584;-0.310638427734375;-0.041680908203125;1 A
2;1562;19.3531939511379;-0.313079833984375;-0.0422210693359375;1 A
2;1563;19.3613239511174;-0.3154296875;-0.042608642578125;1 A
2;1564;19.3694539510968;-0.31793212890625;-0.0431640625;1 A
2;1565;19.3775839510763;-0.32037353515625;-0.043511962890625;1 A
2;1566;19.3857139510558;-0.32281494140625;-0.044085693359375;1 A
2;1567;19.3938439510353;-0.32525634765625;-0.0444122314453125;1 A
2;1568;19.4019739510147;-0.327728271484375;-0.044964599609375;1 A
2;1569;19.4101039509942;-0.33013916015625;-0.04527587890625;1 A
2;1570;19.4182339509737;-0.332550048828125;-0.0457855224609375;1 A
2;1571;19.4263639509531;-0.3349609375;-0.0461151123046875;1 A
2;1572;19.4344939509326;-0.33746337890625;-0.046612548828125;1 A
2;1573;19.4426239509121;-0.33984375;-0.0468963623046875;1 A
2;1574;19.4507539508916;-0.34234619140625;-0.04736328125;1 A
2;1575;19.458883950871;-0.34478759765625;-0.047674560546875;1 A
2;1576;19.4670139508505;-0.34722900390625;-0.048077392578125;1 A
2;1577;19.47514395083;-0.349609375;-0.0483917236328125;1 A
2;1578;19.4832739508095;-0.352020263671875;-0.0487060546875;1 A
2;1579;19.4914039507889;-0.3546142578125;-0.0490814208984375;1 A
2;1580;19.4995339507684;-0.356964111328125;-0.0493804931640625;1 A
2;1581;19.5076639507479;-0.359344482421875;-0.0497344970703125;1 A
2;1582;19.5157939507274;-0.361846923828125;-0.050018310546875;1 A
2;1583;19.5239239507068;-0.364288330078125;-0.05035400390625;1 A
2;1584;19.5320539506863;-0.366729736328125;-0.050567626953125;1 A
2;1585;19.5401839506658;-0.36907958984375;-0.050994873046875;1 A
2;1586;19.5483139506453;-0.37152099609375;-0.051116943359375;1 A
2;1587;19.5564439506247;-0.374053955078125;-0.051483154296875;1 A
2;1588;19.5645739506042;-0.376434326171875;-0.051605224609375;1 A
2;1589;19.5727039505837;-0.378875732421875;-0.051971435546875;1 A
2;1590;19.5808339505631;-0.381378173828125;-0.0521240234375;1 A
2;1591;19.5889639505426;-0.383758544921875;-0.052398681640625;1 A
2;1592;19.5970939505221;-0.38623046875;-0.05255126953125;1 A
2;1593;19.6052239505016;-0.38861083984375;-0.052734375;1 A
2;1594;19.613353950481;-0.39105224609375;-0.052886962890625;1 A
2;1595;19.6214839504605;-0.393524169921875;-0.05303955078125;1 A
2;1596;19.62961395044;-0.395904541015625;-0.053192138671875;1 A
2;1597;19.6377439504195;-0.398406982421875;-0.053314208984375;1 A
2;1598;19.6458739503989;-0.400787353515625;-0.053375244140625;1 A
2;1599;19.6540039503784;-0.403289794921875;-0.05352783203125;1 A
2;1600;19.6621339503579;-0.40570068359375;-0.05352783203125;1 A
2;1601;19.6702639503374;-0.40814208984375;-0.0537109375;1 A
2;1602;19.6783939503168;-0.410614013671875;-0.0537109375;1 A
2;1603;19.6865239502963;-0.413055419921875;-0.053802490234375;1 A
2;1604;19.6946539502758;-0.4154052734375;-0.053802490234375;1 A
2;1605;19.7027839502553;-0.41790771484375;-0.053863525390625;1 A
2;1606;19.7109139502347;-0.4202880859375;-0.0538330078125;1 A
2;1607;19.7190439502142;-0.42279052734375;-0.053924560546875;1 A
2;1608;19.7271739501937;-0.4251708984375;-0.0538330078125;1 A
2;1609;19.7353039501731;-0.4276123046875;-0.053924560546875;1 A
2;1610;19.7434339501526;-0.430084228515625;-0.053802490234375;1 A
2;1611;19.7515639501321;-0.432525634765625;-0.053802490234375;1 A
2;1612;19.7596939501116;-0.4349365234375;-0.053680419921875;1 A
2;1613;19.767823950091;-0.4373779296875;-0.053680419921875;1 A
2;1614;19.7759539500705;-0.4398193359375;-0.053558349609375;1 A
2;1615;19.78408395005;-0.4422607421875;-0.053558349609375;1 A
2;1616;19.7922139500295;-0.4447021484375;-0.053436279296875;1 A
2;1617;19.8003439500089;-0.44720458984375;-0.053375244140625;1 A
2;1618;19.8084739499884;-0.4495849609375;-0.05322265625;1 A
2;1619;19.8166039499679;-0.451995849609375;-0.053192138671875;1 A
2;1620;19.8247339499474;-0.454437255859375;-0.0531005859375;1 A
2;1621;19.8328639499268;-0.45684814453125;-0.052978515625;1 A
2;1622;19.8409939499063;-0.459259033203125;-0.05291748046875;1 A
2;1623;19.8491239498858;-0.46173095703125;-0.052734375;1 A
2;1624;19.8572539498653;-0.464202880859375;-0.052703857421875;1 A
2;1625;19.8653839498447;-0.46661376953125;-0.052520751953125;1 A
2;1626;19.8735139498242;-0.4691162109375;-0.052459716796875;1 A
2;1627;19.8816439498037;-0.471527099609375;-0.052276611328125;1 A
2;1628;19.8897739497831;-0.4739990234375;-0.05218505859375;1 A
2;1629;19.8979039497626;-0.476409912109375;-0.052001953125;1 A
2;1630;19.9060339497421;-0.47882080078125;-0.051910400390625;1 A
2;1631;19.9141639497216;-0.48126220703125;-0.051727294921875;1 A
2;1632;19.922293949701;-0.483734130859375;-0.05157470703125;1 A
2;1633;19.9304239496805;-0.48614501953125;-0.051422119140625;1 A
2;1634;19.93855394966;-0.48858642578125;-0.051239013671875;1 A
2;1635;19.9466839496395;-0.490966796875;-0.05108642578125;1 A
2;1636;19.9548139496189;-0.493499755859375;-0.050933837890625;1 A
2;1637;19.9629439495984;-0.49591064453125;-0.05072021484375;1 A
2;1638;19.9710739495779;-0.498321533203125;-0.050567626953125;1 A
2;1639;19.9792039495574;-0.500762939453125;-0.050384521484375;1 A
2;1640;19.9873339495368;-0.503204345703125;-0.05023193359375;1 A
2;1641;19.9954639495163;-0.505645751953125;-0.050018310546875;1 A
2;1642;20.0035939494958;-0.50811767578125;-0.049847412109375;1 A
2;1643;20.0117239494753;-0.510498046875;-0.049627685546875;1 A
2;1644;20.0198539494547;-0.512969970703125;-0.049468994140625;1 A
2;1645;20.0279839494342;-0.515411376953125;-0.0492218017578125;1 A
2;1646;20.0361139494137;-0.517822265625;-0.0490509033203125;1 A
2;1647;20.0442439493931;-0.520233154296875;-0.0488128662109375;1 A
2;1648;20.0523739493726;-0.522735595703125;-0.04866943359375;1 A
2;1649;20.0605039493521;-0.525115966796875;-0.0484283447265625;1 A
2;1650;20.0686339493316;-0.527618408203125;-0.0482818603515625;1 A
2;1651;20.076763949311;-0.530029296875;-0.0480438232421875;1 A
2;1652;20.0848939492905;-0.532501220703125;-0.047882080078125;1 A
2;1653;20.09302394927;-0.534881591796875;-0.0476470947265625;1 A
2;1654;20.1011539492495;-0.537322998046875;-0.0474853515625;1 A
2;1655;20.1092839492289;-0.539794921875;-0.0472412109375;1 A
2;1656;20.1174139492084;-0.542205810546875;-0.047076416015625;1 A
2;1657;20.1255439491879;-0.544677734375;-0.0468719482421875;1 A
2;1658;20.1336739491674;-0.547088623046875;-0.0466766357421875;1 A
2;1659;20.1418039491468;-0.549560546875;-0.04647216796875;1 A
2;1660;20.1499339491263;-0.55194091796875;-0.0462677001953125;1 A
2;1661;20.1580639491058;-0.554412841796875;-0.046063232421875;1 A
2;1662;20.1661939490853;-0.556854248046875;-0.045849609375;1 A
2;1663;20.1743239490647;-0.55926513671875;-0.04566650390625;1 A
2;1664;20.1824539490442;-0.56182861328125;-0.0454254150390625;1 A
2;1665;20.1905839490237;-0.564208984375;-0.0452484130859375;1 A
2;1666;20.1987139490031;-0.566619873046875;-0.04500732421875;1 A
2;1667;20.2068439489826;-0.56903076171875;-0.0448394775390625;1 A
2;1668;20.2149739489621;-0.571441650390625;-0.04461669921875;1 A
2;1669;20.2231039489416;-0.57391357421875;-0.0444488525390625;1 A
2;1670;20.231233948921;-0.576416015625;-0.04422607421875;1 A
2;1671;20.2393639489005;-0.578765869140625;-0.0440582275390625;1 A
2;1672;20.24749394888;-0.58123779296875;-0.04384765625;1 A
2;1673;20.2556239488595;-0.5836181640625;-0.0436737060546875;1 A
2;1674;20.2637539488389;-0.58612060546875;-0.0434722900390625;1 A
2;1675;20.2718839488184;-0.588531494140625;-0.0432952880859375;1 A
2;1676;20.2800139487979;-0.59100341796875;-0.043096923828125;1 A
2;1677;20.2881439487774;-0.593414306640625;-0.04293212890625;1 A
2;1678;20.2962739487568;-0.59588623046875;-0.0427337646484375;1 A
2;1679;20.3044039487363;-0.598297119140625;-0.0425506591796875;1 A
2;1680;20.3125339487158;-0.6007080078125;-0.042376708984375;1 A
2;1681;20.3206639486953;-0.603179931640625;-0.0422027587890625;1 A
2;1682;20.3287939486747;-0.605621337890625;-0.0420074462890625;1 A
2;1683;20.3369239486542;-0.608001708984375;-0.0418182373046875;1 A
2;1684;20.3450539486337;-0.6104736328125;-0.0416229248046875;1 A
2;1685;20.3531839486132;-0.6129150390625;-0.041461181640625;1 A
2;1686;20.3613139485926;-0.615325927734375;-0.0412872314453125;1 A
2;1687;20.3694439485721;-0.6177978515625;-0.04112548828125;1 A
2;1688;20.3775739485516;-0.6202392578125;-0.04093017578125;1 A
2;1689;20.385703948531;-0.622650146484375;-0.0407867431640625;1 A
2;1690;20.3938339485105;-0.625091552734375;-0.0405853271484375;1 A
2;1691;20.40196394849;-0.62750244140625;-0.0404449462890625;1 A
2;1692;20.4100939484695;-0.6300048828125;-0.0402740478515625;1 A
2;1693;20.4182239484489;-0.63238525390625;-0.0401123046875;1 A
2;1694;20.4263539484284;-0.634857177734375;-0.0399505615234375;1 A
2;1695;20.4344839484079;-0.637298583984375;-0.03978271484375;1 A
2;1696;20.4426139483874;-0.6397705078125;-0.0396240234375;1 A
2;1697;20.4507439483668;-0.64215087890625;-0.0394683837890625;1 A
2;1698;20.4588739483463;-0.644561767578125;-0.0393157958984375;1 A
2;1699;20.4670039483258;-0.64703369140625;-0.03914794921875;1 A
2;1700;20.4751339483053;-0.64947509765625;-0.03897705078125;1 A
2;1701;20.4832639482847;-0.651885986328125;-0.038836669921875;1 A
2;1702;20.4913939482642;-0.654388427734375;-0.038671875;1 A
2;1703;20.4995239482437;-0.65679931640625;-0.0385162353515625;1 A
2;1704;20.5076539482232;-0.659210205078125;-0.038372802734375;1 A
2;1705;20.5157839482026;-0.661651611328125;-0.038214111328125;1 A
2;1706;20.5239139481821;-0.664154052734375;-0.03809814453125;1 A
2;1707;20.5320439481616;-0.66656494140625;-0.0379425048828125;1 A
2;1708;20.540173948141;-0.668975830078125;-0.0378326416015625;1 A
2;1709;20.5483039481205;-0.671417236328125;-0.0376739501953125;1 A
2;1710;20.5564339481;-0.673858642578125;-0.0375579833984375;1 A
2;1711;20.5645639480795;-0.676300048828125;-0.03741455078125;1 A
2;1712;20.5726939480589;-0.678680419921875;-0.0373046875;1 A
2;1713;20.5808239480384;-0.68115234375;-0.0371673583984375;1 A
2;1714;20.5889539480179;-0.68365478515625;-0.0370208740234375;1 A
2;1715;20.5970839479974;-0.68603515625;-0.036895751953125;1 A
2;1716;20.6052139479768;-0.688507080078125;-0.036767578125;1 A
2;1717;20.6133439479563;-0.69091796875;-0.036639404296875;1 A
2;1718;20.6214739479358;-0.693359375;-0.0365081787109375;1 A
2;1719;20.6296039479153;-0.69580078125;-0.0363616943359375;1 A
2;1720;20.6377339478947;-0.6982421875;-0.03624267578125;1 A
2;1721;20.6458639478742;-0.700653076171875;-0.0361083984375;1 A
2;1722;20.6539939478537;-0.70318603515625;-0.0359954833984375;1 A
2;1723;20.6621239478332;-0.705474853515625;-0.035870361328125;1 A
2;1724;20.6702539478126;-0.707977294921875;-0.0357635498046875;1 A
2;1725;20.6783839477921;-0.71044921875;-0.0356689453125;1 A
2;1726;20.6865139477716;-0.712860107421875;-0.035546875;1 A
2;1727;20.694643947751;-0.715301513671875;-0.0354339599609375;1 A
2;1728;20.7027739477305;-0.717742919921875;-0.0353363037109375;1 A
2;1729;20.71090394771;-0.720184326171875;-0.0352142333984375;1 A
2;1730;20.7190339476895;-0.72265625;-0.0351165771484375;1 A
2;1731;20.7271639476689;-0.72503662109375;-0.03499755859375;1 A
2;1732;20.7352939476484;-0.72747802734375;-0.034893798828125;1 A
2;1733;20.7434239476279;-0.72998046875;-0.0347686767578125;1 A
2;1734;20.7515539476074;-0.732391357421875;-0.034686279296875;1 A
2;1735;20.7596839475868;-0.734771728515625;-0.034552001953125;1 A
2;1736;20.7678139475663;-0.737213134765625;-0.03447265625;1 A
2;1737;20.7759439475458;-0.739715576171875;-0.03433837890625;1 A
2;1738;20.7840739475253;-0.742095947265625;-0.034246826171875;1 A
2;1739;20.7922039475047;-0.74456787109375;-0.034130859375;1 A
2;1740;20.8003339474842;-0.746978759765625;-0.0340362548828125;1 A
2;1741;20.8084639474637;-0.74945068359375;-0.0339263916015625;1 A
2;1742;20.8165939474432;-0.75164794921875;-0.03385009765625;1 A
2;1743;20.8247239474226;-0.75439453125;-0.03375244140625;1 A
2;1744;20.8328539474021;-0.75653076171875;-0.0336639404296875;1 A
2;1745;20.8409839473816;-0.75927734375;-0.0335784912109375;1 A
2;1746;20.849113947361;-0.76171875;-0.033477783203125;1 A
2;1747;20.8572439473405;-0.7635498046875;-0.033404541015625;1 A
2;1748;20.86537394732;-0.7659912109375;-0.033306884765625;1 A
2;1749;20.8735039472995;-0.76873779296875;-0.0332305908203125;1 A
2;1750;20.8816339472789;-0.7708740234375;-0.033135986328125;1 A
2;1751;20.8897639472584;-0.77362060546875;-0.0330596923828125;1 A
2;1752;20.8978939472379;-0.7763671875;-0.0329620361328125;1 A
2;1753;20.9060239472174;-0.77850341796875;-0.0328948974609375;1 A
2;1754;20.9141539471968;-0.78094482421875;-0.032794189453125;1 A
2;1755;20.9222839471763;-0.78369140625;-0.0327178955078125;1 A
2;1756;20.9304139471558;-0.7855224609375;-0.0326171875;1 A
2;1757;20.9385439471353;-0.7879638671875;-0.03253173828125;1 A
2;1758;20.9466739471147;-0.79071044921875;-0.0324493408203125;1 A
2;1759;20.9548039470942;-0.79315185546875;-0.03238525390625;1 A
2;1760;20.9629339470737;-0.79559326171875;-0.032305908203125;1 A
2;1761;20.9710639470532;-0.79864501953125;-0.032220458984375;1 A
2;1762;20.9791939470326;-0.8001708984375;-0.0321502685546875;1 A
2;1763;20.9873239470121;-0.8026123046875;-0.0320709228515625;1 A
2;1764;20.9954539469916;-0.8050537109375;-0.03199462890625;1 A
2;1765;21.003583946971;-0.8074951171875;-0.0319366455078125;1 A
2;1766;21.0117139469505;-0.81024169921875;-0.031854248046875;1 A
2;1767;21.01984394693;-0.81298828125;-0.031787109375;1 A
2;1768;21.0279739469095;-0.81573486328125;-0.0316986083984375;1 A
2;1769;21.0361039468889;-0.81787109375;-0.031640625;1 A
2;1770;21.0442339468684;-0.82000732421875;-0.031561279296875;1 A
2;1771;21.0523639468479;-0.82244873046875;-0.0314971923828125;1 A
2;1772;21.0604939468274;-0.8245849609375;-0.031414794921875;1 A
2;1773;21.0686239468068;-0.82763671875;-0.0313568115234375;1 A
2;1774;21.0767539467863;-0.82977294921875;-0.0312744140625;1 A
2;1775;21.0848839467658;-0.83221435546875;-0.0312225341796875;1 A
2;1776;21.0930139467453;-0.83465576171875;-0.0311279296875;1 A
2;1777;21.1011439467247;-0.83740234375;-0.0310821533203125;1 A
2;1778;21.1092739467042;-0.8392333984375;-0.0309967041015625;1 A
2;1779;21.1174039466837;-0.84197998046875;-0.0309478759765625;1 A
2;1780;21.1255339466632;-0.84442138671875;-0.030877685546875;1 A
2;1781;21.1336639466426;-0.84716796875;-0.0308380126953125;1 A
2;1782;21.1417939466221;-0.8489990234375;-0.0307464599609375;1 A
2;1783;21.1499239466016;-0.85174560546875;-0.030712890625;1 A
2;1784;21.158053946581;-0.8538818359375;-0.0306427001953125;1 A
2;1785;21.1661839465605;-0.85693359375;-0.0305908203125;1 A
2;1786;21.17431394654;-0.85845947265625;-0.0305450439453125;1 A
2;1787;21.1824439465195;-0.86151123046875;-0.03045654296875;1 A
2;1788;21.1905739464989;-0.86395263671875;-0.030413818359375;1 A
2;1789;21.1987039464784;-0.8660888671875;-0.0303497314453125;1 A
2;1790;21.2068339464579;-0.8685302734375;-0.0303131103515625;1 A
2;1791;21.2149639464374;-0.87158203125;-0.030230712890625;1 A
2;1792;21.2230939464168;-0.8734130859375;-0.03018798828125;1 A
2;1793;21.2312239463963;-0.87677001953125;-0.030108642578125;1 A
2;1794;21.2393539463758;-0.8782958984375;-0.0300537109375;1 A
2;1795;21.2474839463553;-0.8807373046875;-0.0300079345703125;1 A
2;1796;21.2556139463347;-0.88348388671875;-0.0299468994140625;1 A
2;1797;21.2637439463142;-0.88623046875;-0.0298980712890625;1 A
2;1798;21.2718739462937;-0.88836669921875;-0.02987060546875;1 A
2;1799;21.2800039462732;-0.89080810546875;-0.0298187255859375;1 A
2;1800;21.2881339462526;-0.8929443359375;-0.0297637939453125;1 A
2;1801;21.2962639462321;-0.89599609375;-0.0297149658203125;1 A
2;1802;21.3043939462116;-0.89752197265625;-0.0296844482421875;1 A
2;1803;21.312523946191;-0.9002685546875;-0.029632568359375;1 A
2;1804;21.3206539461705;-0.9027099609375;-0.029595947265625;1 A
2;1805;21.32878394615;-0.90545654296875;-0.02952880859375;1 A
2;1806;21.3369139461295;-0.9075927734375;-0.0294952392578125;1 A
2;1807;21.3450439461089;-0.91033935546875;-0.02943115234375;1 A
2;1808;21.3531739460884;-0.91278076171875;-0.0294036865234375;1 A
2;1809;21.3613039460679;-0.91522216796875;-0.029339599609375;1 A
2;1810;21.3694339460474;-0.9173583984375;-0.02930908203125;1 A
2;1811;21.3775639460268;-0.92010498046875;-0.029217529296875;1 A
2;1812;21.3856939460063;-0.9228515625;-0.0292022705078125;1 A
2;1813;21.3938239459858;-0.92498779296875;-0.02913818359375;1 A
2;1814;21.4019539459653;-0.927734375;-0.0291168212890625;1 A
2;1815;21.4100839459447;-0.9295654296875;-0.029052734375;1 A
2;1816;21.4182139459242;-0.9320068359375;-0.0290313720703125;1 A
2;1817;21.4263439459037;-0.9344482421875;-0.0289764404296875;1 A
2;1818;21.4344739458832;-0.93719482421875;-0.0289520263671875;1 A
2;1819;21.4426039458626;-0.93963623046875;-0.028924560546875;1 A
2;1820;21.4507339458421;-0.94207763671875;-0.02889404296875;1 A
2;1821;21.4588639458216;-0.94390869140625;-0.02884521484375;1 A
2;1822;21.4669939458011;-0.94635009765625;-0.0288116455078125;1 A
2;1823;21.4751239457805;-0.9490966796875;-0.028778076171875;1 A
2;1824;21.48325394576;-0.95184326171875;-0.02874755859375;1 A
2;1825;21.4913839457395;-0.95428466796875;-0.0287078857421875;1 A
2;1826;21.4995139457189;-0.95611572265625;-0.028656005859375;1 A
2;1827;21.5076439456984;-0.95916748046875;-0.0286224365234375;1 A
2;1828;21.5157739456779;-0.9619140625;-0.0285736083984375;1 A
2;1829;21.5239039456574;-0.9637451171875;-0.028546142578125;1 A
2;1830;21.5320339456368;-0.96588134765625;-0.0285003662109375;1 A
2;1831;21.5401639456163;-0.96832275390625;-0.028497314453125;1 A
2;1832;21.5482939455958;-0.97137451171875;-0.0284332275390625;1 A
2;1833;21.5564239455753;-0.97320556640625;-0.0284271240234375;1 A
2;1834;21.5645539455547;-0.9759521484375;-0.0283843994140625;1 A
2;1835;21.5726839455342;-0.97869873046875;-0.028369140625;1 A
2;1836;21.5808139455137;-0.98114013671875;-0.0283447265625;1 A
2;1837;21.5889439454932;-0.9832763671875;-0.02833251953125;1 A
2;1838;21.5970739454726;-0.98602294921875;-0.0282958984375;1 A
2;1839;21.6052039454521;-0.9881591796875;-0.0282745361328125;1 A
2;1840;21.6133339454316;-0.99090576171875;-0.02825927734375;1 A
2;1841;21.6214639454111;-0.99334716796875;-0.0282257080078125;1 A
2;1842;21.6295939453905;-0.99609375;-0.0281982421875;1 A
2;1843;21.63772394537;-0.99822998046875;-0.0281768798828125;1 A
2;1844;21.6458539453495;-0.999755859375;-0.0273529052734375;1 A
2;1845;21.6539839453289;-0.9979248046875;-0.0269561767578125;1 A
2;1846;21.6621139453084;-0.994873046875;-0.02669677734375;1 A
2;1847;21.6702439452879;-0.99273681640625;-0.0265289306640625;1 A
2;1848;21.6783739452674;-0.99029541015625;-0.0263580322265625;1 A
2;1849;21.6865039452468;-0.987548828125;-0.026226806640625;1 A
2;1850;21.6946339452263;-0.985107421875;-0.02611083984375;1 A
2;1851;21.7027639452058;-0.98297119140625;-0.0260101318359375;1 A
2;1852;21.7108939451853;-0.98052978515625;-0.0259033203125;1 A
2;1853;21.7190239451647;-0.97808837890625;-0.0258148193359375;1 A
2;1854;21.7271539451442;-0.97503662109375;-0.025732421875;1 A
2;1855;21.7352839451237;-0.97320556640625;-0.0256500244140625;1 A
2;1856;21.7434139451032;-0.970458984375;-0.025567626953125;1 A
2;1857;21.7515439450826;-0.968017578125;-0.0254913330078125;1 A
2;1858;21.7596739450621;-0.965576171875;-0.0254119873046875;1 A
2;1859;21.7678039450416;-0.963134765625;-0.025341796875;1 A
2;1860;21.7759339450211;-0.960693359375;-0.0252532958984375;1 A
2;1861;21.7840639450005;-0.958251953125;-0.0251983642578125;1 A
2;1862;21.79219394498;-0.95611572265625;-0.025115966796875;1 A
2;1863;21.8003239449595;-0.9539794921875;-0.0250518798828125;1 A
2;1864;21.8084539449389;-0.950927734375;-0.0249664306640625;1 A
2;1865;21.8165839449184;-0.94879150390625;-0.0249053955078125;1 A
2;1866;21.8247139448979;-0.946044921875;-0.0248443603515625;1 A
2;1867;21.8328439448774;-0.943603515625;-0.0247711181640625;1 A
2;1868;21.8409739448568;-0.94146728515625;-0.0247406005859375;1 A
2;1869;21.8491039448363;-0.9393310546875;-0.024652099609375;1 A
2;1870;21.8572339448158;-0.93658447265625;-0.0246185302734375;1 A
2;1871;21.8653639447953;-0.93353271484375;-0.02454833984375;1 A
2;1872;21.8734939447747;-0.93109130859375;-0.024505615234375;1 A
2;1873;21.8816239447542;-0.92926025390625;-0.0244415283203125;1 A
2;1874;21.8897539447337;-0.926513671875;-0.0244140625;1 A
2;1875;21.8978839447132;-0.92437744140625;-0.0243682861328125;1 A
2;1876;21.9060139446926;-0.92132568359375;-0.0243072509765625;1 A
2;1877;21.9141439446721;-0.91949462890625;-0.024261474609375;1 A
2;1878;21.9222739446516;-0.916748046875;-0.024212646484375;1 A
2;1879;21.9304039446311;-0.91400146484375;-0.0241668701171875;1 A
2;1880;21.9385339446105;-0.91156005859375;-0.0241424560546875;1 A
2;1881;21.94666394459;-0.90911865234375;-0.0240814208984375;1 A
2;1882;21.9547939445695;-0.90667724609375;-0.0240142822265625;1 A
2;1883;21.9629239445489;-0.904541015625;-0.0239593505859375;1 A
2;1884;21.9710539445284;-0.902099609375;-0.0239044189453125;1 A
2;1885;21.9791839445079;-0.89996337890625;-0.023858642578125;1 A
2;1886;21.9873139444874;-0.8966064453125;-0.0238189697265625;1 A
2;1887;21.9954439444668;-0.894775390625;-0.0237548828125;1 A
2;1888;22.0035739444463;-0.892333984375;-0.023724365234375;1 A
2;1889;22.0117039444258;-0.88958740234375;-0.023675537109375;1 A
2;1890;22.0198339444053;-0.887451171875;-0.023651123046875;1 A
2;1891;22.0279639443847;-0.885009765625;-0.0236053466796875;1 A
2;1892;22.0360939443642;-0.88287353515625;-0.0235809326171875;1 A
2;1893;22.0442239443437;-0.880126953125;-0.0235198974609375;1 A
2;1894;22.0523539443232;-0.877685546875;-0.0234954833984375;1 A
2;1895;22.0604839443026;-0.87493896484375;-0.0234405517578125;1 A
2;1896;22.0686139442821;-0.872802734375;-0.02342529296875;1 A
2;1897;22.0767439442616;-0.87066650390625;-0.0233642578125;1 A
2;1898;22.0848739442411;-0.86761474609375;-0.0233367919921875;1 A
2;1899;22.0930039442205;-0.865478515625;-0.0232757568359375;1 A
2;1900;22.1011339442;-0.863037109375;-0.023236083984375;1 A
2;1901;22.1092639441795;-0.86029052734375;-0.023187255859375;1 A
2;1902;22.1173939441589;-0.858154296875;-0.0231536865234375;1 A
2;1903;22.1255239441384;-0.85540771484375;-0.02310791015625;1 A
2;1904;22.1336539441179;-0.853271484375;-0.0230621337890625;1 A
2;1905;22.1417839440974;-0.850830078125;-0.023016357421875;1 A
2;1906;22.1499139440768;-0.848388671875;-0.0229766845703125;1 A
2;1907;22.1580439440563;-0.84564208984375;-0.022943115234375;1 A
2;1908;22.1661739440358;-0.84320068359375;-0.0228912353515625;1 A
2;1909;22.1743039440153;-0.84075927734375;-0.0228729248046875;1 A
2;1910;22.1824339439947;-0.83892822265625;-0.0228271484375;1 A
2;1911;22.1905639439742;-0.83587646484375;-0.0228118896484375;1 A
2;1912;22.1986939439537;-0.83343505859375;-0.022760009765625;1 A
2;1913;22.2068239439332;-0.831298828125;-0.022747802734375;1 A
2;1914;22.2149539439126;-0.82855224609375;-0.022711181640625;1 A
2;1915;22.2230839438921;-0.826416015625;-0.0226776123046875;1 A
2;1916;22.2312139438716;-0.823974609375;-0.0226470947265625;1 A
2;1917;22.2393439438511;-0.821533203125;-0.0226043701171875;1 A
2;1918;22.2474739438305;-0.8184814453125;-0.022564697265625;1 A
2;1919;22.25560394381;-0.816650390625;-0.0225311279296875;1 A
2;1920;22.2637339437895;-0.81390380859375;-0.0224884033203125;1 A
2;1921;22.2718639437689;-0.81146240234375;-0.0224456787109375;1 A
2;1922;22.2799939437484;-0.8087158203125;-0.0224151611328125;1 A
2;1923;22.2881239437279;-0.80718994140625;-0.022369384765625;1 A
2;1924;22.2962539437074;-0.8038330078125;-0.0223297119140625;1 A
2;1925;22.3043839436868;-0.8013916015625;-0.0222991943359375;1 A
2;1926;22.3125139436663;-0.79925537109375;-0.022259521484375;1 A
2;1927;22.3206439436458;-0.797119140625;-0.022235107421875;1 A
2;1928;22.3287739436253;-0.794677734375;-0.02220458984375;1 A
2;1929;22.3369039436047;-0.79193115234375;-0.0221893310546875;1 A
2;1930;22.3450339435842;-0.7891845703125;-0.0221435546875;1 A
2;1931;22.3531639435637;-0.78704833984375;-0.0221405029296875;1 A
2;1932;22.3612939435432;-0.784912109375;-0.02208251953125;1 A
2;1933;22.3694239435226;-0.782470703125;-0.0220855712890625;1 A
2;1934;22.3775539435021;-0.78033447265625;-0.0220489501953125;1 A
2;1935;22.3856839434816;-0.7781982421875;-0.022039794921875;1 A
2;1936;22.3938139434611;-0.77484130859375;-0.02200927734375;1 A
2;1937;22.4019439434405;-0.77301025390625;-0.0220001220703125;1 A
2;1938;22.41007394342;-0.7708740234375;-0.0219635009765625;1 A
2;1939;22.4182039433995;-0.76812744140625;-0.0219482421875;1 A
2;1940;22.4263339433789;-0.76568603515625;-0.0219024658203125;1 A
2;1941;22.4344639433584;-0.762939453125;-0.021893310546875;1 A
2;1942;22.4425939433379;-0.760498046875;-0.0218536376953125;1 A
2;1943;22.4507239433174;-0.75775146484375;-0.0218292236328125;1 A
2;1944;22.4588539432968;-0.75531005859375;-0.0218017578125;1 A
2;1945;22.4669839432763;-0.753173828125;-0.021783447265625;1 A
2;1946;22.4751139432558;-0.75103759765625;-0.0217620849609375;1 A
2;1947;22.4832439432353;-0.748504638671875;-0.0217315673828125;1 A
2;1948;22.4913739432147;-0.74603271484375;-0.0217254638671875;1 A
2;1949;22.4995039431942;-0.743621826171875;-0.0216796875;1 A
2;1950;22.5076339431737;-0.741180419921875;-0.02166748046875;1 A
2;1951;22.5157639431532;-0.738739013671875;-0.021630859375;1 A
2;1952;22.5238939431326;-0.736358642578125;-0.021636962890625;1 A
2;1953;22.5320239431121;-0.73394775390625;-0.02159423828125;1 A
2;1954;22.5401539430916;-0.73138427734375;-0.0215850830078125;1 A
2;1955;22.5482839430711;-0.728973388671875;-0.0215423583984375;1 A
2;1956;22.5564139430505;-0.726531982421875;-0.0215240478515625;1 A
2;1957;22.56454394303;-0.724090576171875;-0.021490478515625;1 A
2;1958;22.5726739430095;-0.721588134765625;-0.0214691162109375;1 A
2;1959;22.580803942989;-0.719207763671875;-0.021429443359375;1 A
2;1960;22.5889339429684;-0.71673583984375;-0.0214080810546875;1 A
2;1961;22.5970639429479;-0.71435546875;-0.0213714599609375;1 A
2;1962;22.6051939429274;-0.711883544921875;-0.0213470458984375;1 A
2;1963;22.6133239429068;-0.709503173828125;-0.0213104248046875;1 A
2;1964;22.6214539428863;-0.707000732421875;-0.0212860107421875;1 A
2;1965;22.6295839428658;-0.70458984375;-0.021246337890625;1 A
2;1966;22.6377139428453;-0.7021484375;-0.0212188720703125;1 A
2;1967;22.6458439428247;-0.69970703125;-0.021173095703125;1 A
2;1968;22.6539739428042;-0.697265625;-0.0211639404296875;1 A
2;1969;22.6621039427837;-0.694793701171875;-0.021112060546875;1 A
2;1970;22.6702339427632;-0.6923828125;-0.0210845947265625;1 A
2;1971;22.6783639427426;-0.68994140625;-0.021026611328125;1 A
2;1972;22.6864939427221;-0.687530517578125;-0.02099609375;1 A
2;1973;22.6946239427016;-0.685089111328125;-0.020941162109375;1 A
2;1974;22.7027539426811;-0.6826171875;-0.02091064453125;1 A
2;1975;22.7108839426605;-0.68017578125;-0.020849609375;1 A
2;1976;22.71901394264;-0.677734375;-0.02080078125;1 A
2;1977;22.7271439426195;-0.675262451171875;-0.0207244873046875;1 A
2;1978;22.735273942599;-0.672821044921875;-0.0206787109375;1 A
2;1979;22.7434039425784;-0.670440673828125;-0.020599365234375;1 A
2;1980;22.7515339425579;-0.66796875;-0.0205657958984375;1 A
2;1981;22.7596639425374;-0.665496826171875;-0.020501708984375;1 A
2;1982;22.7677939425168;-0.6630859375;-0.0204254150390625;1 A
2;1983;22.7759239424963;-0.660675048828125;-0.0203704833984375;1 A
2;1984;22.7840539424758;-0.658203125;-0.020306396484375;1 A
2;1985;22.7921839424553;-0.65570068359375;-0.020233154296875;1 A
2;1986;22.8003139424347;-0.65338134765625;-0.0201629638671875;1 A
2;1987;22.8084439424142;-0.650848388671875;-0.020098876953125;1 A
2;1988;22.8165739423937;-0.6484375;-0.019989013671875;1 A
2;1989;22.8247039423732;-0.64599609375;-0.0199371337890625;1 A
2;1990;22.8328339423526;-0.643585205078125;-0.019830322265625;1 A
2;1991;22.8409639423321;-0.641082763671875;-0.019769287109375;1 A
2;1992;22.8490939423116;-0.638671875;-0.0196533203125;1 A
2;1993;22.8572239422911;-0.636260986328125;-0.0195831298828125;1 A
2;1994;22.8653539422705;-0.6337890625;-0.0194610595703125;1 A
2;1995;22.87348394225;-0.63134765625;-0.0193756103515625;1 A
2;1996;22.8816139422295;-0.62890625;-0.019256591796875;1 A
2;1997;22.889743942209;-0.62646484375;-0.019158935546875;1 A
2;1998;22.8978739421884;-0.624053955078125;-0.01904296875;1 A
2;1999;22.9060039421679;-0.62164306640625;-0.0189453125;1 A
2;2000;22.9141339421474;-0.619171142578125;-0.0188385009765625;1 A
2;2001;22.9222639421268;-0.616668701171875;-0.018731689453125;1 A
2;2002;22.9303939421063;-0.614288330078125;-0.01861572265625;1 A
2;2003;22.9385239420858;-0.611785888671875;-0.0184967041015625;1 A
2;2004;22.9466539420653;-0.609405517578125;-0.018359375;1 A
2;2005;22.9547839420447;-0.60693359375;-0.0182464599609375;1 A
2;2006;22.9629139420242;-0.6044921875;-0.0180908203125;1 A
2;2007;22.9710439420037;-0.602020263671875;-0.017987060546875;1 A
2;2008;22.9791739419832;-0.599609375;-0.0178192138671875;1 A
2;2009;22.9873039419626;-0.59722900390625;-0.0176971435546875;1 A
2;2010;22.9954339419421;-0.59478759765625;-0.017529296875;1 A
2;2011;23.0035639419216;-0.59234619140625;-0.0173828125;1 A
2;2012;23.0116939419011;-0.58984375;-0.017193603515625;1 A
2;2013;23.0198239418805;-0.58740234375;-0.017059326171875;1 A
2;2014;23.02795394186;-0.584991455078125;-0.0168792724609375;1 A
2;2015;23.0360839418395;-0.58258056640625;-0.0167083740234375;1 A
2;2016;23.044213941819;-0.58013916015625;-0.01651611328125;1 A
2;2017;23.0523439417984;-0.57769775390625;-0.0163543701171875;1 A
2;2018;23.0604739417779;-0.57525634765625;-0.016156005859375;1 A
2;2019;23.0686039417574;-0.57269287109375;-0.0159820556640625;1 A
2;2020;23.0767339417368;-0.57037353515625;-0.0157623291015625;1 A
2;2021;23.0848639417163;-0.567962646484375;-0.01556396484375;1 A
2;2022;23.0929939416958;-0.5654296875;-0.0153564453125;1 A
2;2023;23.1011239416753;-0.563018798828125;-0.0151641845703125;1 A
2;2024;23.1092539416547;-0.560577392578125;-0.0149261474609375;1 A
2;2025;23.1173839416342;-0.55810546875;-0.0147247314453125;1 A
2;2026;23.1255139416137;-0.555694580078125;-0.0144989013671875;1 A
2;2027;23.1336439415932;-0.553253173828125;-0.01424560546875;1 A
2;2028;23.1417739415726;-0.550811767578125;-0.0140472412109375;1 A
2;2029;23.1499039415521;-0.54840087890625;-0.01376953125;1 A
2;2030;23.1580339415316;-0.54595947265625;-0.0135528564453125;1 A
2;2031;23.1661639415111;-0.54351806640625;-0.0132415771484375;1 A
2;2032;23.1742939414905;-0.541046142578125;-0.013031005859375;1 A
2;2033;23.18242394147;-0.538604736328125;-0.0127197265625;1 A
2;2034;23.1905539414495;-0.536224365234375;-0.0124908447265625;1 A
2;2035;23.198683941429;-0.53375244140625;-0.0121826171875;1 A
2;2036;23.2068139414084;-0.53131103515625;-0.0119110107421875;1 A
2;2037;23.2149439413879;-0.528839111328125;-0.011602783203125;1 A
2;2038;23.2230739413674;-0.52642822265625;-0.01131591796875;1 A
2;2039;23.2312039413468;-0.52398681640625;-0.0110076904296875;1 A
2;2040;23.2393339413263;-0.5216064453125;-0.01070556640625;1 A
2;2041;23.2474639413058;-0.519073486328125;-0.01038818359375;1 A
2;2042;23.2555939412853;-0.51666259765625;-0.010076904296875;1 A
2;2043;23.2637239412647;-0.51422119140625;-0.009747314453125;1 A
2;2044;23.2718539412442;-0.51177978515625;-0.0094451904296875;1 A
2;2045;23.2799839412237;-0.5093994140625;-0.0090667724609375;1 A
2;2046;23.2881139412032;-0.50701904296875;-0.00875244140625001;1 A
2;2047;23.2962439411826;-0.504486083984375;-0.0083648681640625;1 A
2;2048;23.3043739411621;-0.502044677734375;-0.008056640625;1 A
2;2049;23.3125039411416;-0.49957275390625;-0.00765075683593749;1 A
2;2050;23.3206339411211;-0.497161865234375;-0.00733337402343751;1 A
2;2051;23.3287639411005;-0.494720458984375;-0.006878662109375;1 A
2;2052;23.33689394108;-0.49224853515625;-0.00653076171875;1 A
2;2053;23.3450239410595;-0.48980712890625;-0.00610961914062499;1 A
2;2054;23.353153941039;-0.487396240234375;-0.00575866699218749;1 A
2;2055;23.3612839410184;-0.4849853515625;-0.0052947998046875;1 A
2;2056;23.3694139409979;-0.482513427734375;-0.004931640625;1 A
2;2057;23.3775439409774;-0.480072021484375;-0.00449523925781251;1 A
2;2058;23.3856739409568;-0.47760009765625;-0.004119873046875;1 A
2;2059;23.3938039409363;-0.4752197265625;-0.00364990234375;1 A
2;2060;23.4019339409158;-0.47271728515625;-0.003265380859375;1 A
2;2061;23.4100639408953;-0.470306396484375;-0.0027923583984375;1 A
2;2062;23.4181939408747;-0.467864990234375;-0.002362060546875;1 A
2;2063;23.4263239408542;-0.465423583984375;-0.001910400390625;1 A
2;2064;23.4344539408337;-0.462982177734375;-0.00144042968749999;1 A
2;2065;23.4425839408132;-0.46051025390625;-0.001007080078125;1 A
2;2066;23.4507139407926;-0.458099365234375;-0.000509643554687494;1 A
2;2067;23.4588439407721;-0.455718994140625;-7.93457031249972E-05;1 A
2;2068;23.4669739407516;-0.4532470703125;0.000463867187499994;1 A
2;2069;23.4751039407311;-0.450775146484375;0.0008697509765625;1 A
2;2070;23.4832339407105;-0.44830322265625;0.00142517089843749;1 A
2;2071;23.49136394069;-0.44586181640625;0.001861572265625;1 A
2;2072;23.4994939406695;-0.44354248046875;0.0024261474609375;1 A
2;2073;23.507623940649;-0.4410400390625;0.00284729003906251;1 A
2;2074;23.5157539406284;-0.438568115234375;0.00339660644531251;1 A
2;2075;23.5238839406079;-0.4361572265625;0.0038604736328125;1 A
2;2076;23.5320139405874;-0.433685302734375;0.0043914794921875;1 A
2;2077;23.5401439405668;-0.43121337890625;0.00488891601562499;1 A
2;2078;23.5482739405463;-0.4288330078125;0.00541076660156251;1 A
2;2079;23.5564039405258;-0.426361083984375;0.005908203125;1 A
2;2080;23.5645339405053;-0.423919677734375;0.00644531249999999;1 A
2;2081;23.5726639404847;-0.421539306640625;0.0069580078125;1 A
2;2082;23.5807939404642;-0.4190673828125;0.0074920654296875;1 A
2;2083;23.5889239404437;-0.4166259765625;0.00798645019531249;1 A
2;2084;23.5970539404232;-0.4141845703125;0.00855712890625;1 A
2;2085;23.6051839404026;-0.4117431640625;0.00899353027343749;1 A
2;2086;23.6133139403821;-0.4093017578125;0.0095977783203125;1 A
2;2087;23.6214439403616;-0.40679931640625;0.0100799560546875;1 A
2;2088;23.6295739403411;-0.404388427734375;0.0106414794921875;1 A
2;2089;23.6377039403205;-0.402008056640625;0.0111175537109375;1 A
2;2090;23.6458339403;-0.399505615234375;0.0116912841796875;1 A
2;2091;23.6539639402795;-0.397125244140625;0.012139892578125;1 A
2;2092;23.662093940259;-0.394622802734375;0.0127288818359375;1 A
2;2093;23.6702239402384;-0.392242431640625;0.013140869140625;1 A
2;2094;23.6783539402179;-0.38983154296875;0.0137481689453125;1 A
2;2095;23.6864839401974;-0.387359619140625;0.0141510009765625;1 A
2;2096;23.6946139401769;-0.3848876953125;0.014752197265625;1 A
2;2097;23.7027439401563;-0.3824462890625;0.0151611328125;1 A
2;2098;23.7108739401358;-0.380035400390625;0.0157135009765625;1 A
2;2099;23.7190039401153;-0.37762451171875;0.01614990234375;1 A
2;2100;23.7271339400947;-0.37518310546875;0.0166961669921875;1 A
2;2101;23.7352639400742;-0.372711181640625;0.0171234130859375;1 A
2;2102;23.7433939400537;-0.370208740234375;0.0176025390625;1 A
2;2103;23.7515239400332;-0.36785888671875;0.0180938720703125;1 A
2;2104;23.7596539400126;-0.365386962890625;0.018536376953125;1 A
2;2105;23.7677839399921;-0.3629150390625;0.019036865234375;1 A
2;2106;23.7759139399716;-0.36053466796875;0.0194122314453125;1 A
2;2107;23.7840439399511;-0.358062744140625;0.01993408203125;1 A
2;2108;23.7921739399305;-0.355621337890625;0.0202423095703125;1 A
2;2109;23.80030393991;-0.35321044921875;0.020751953125;1 A
2;2110;23.8084339398895;-0.35076904296875;0.0210601806640625;1 A
2;2111;23.816563939869;-0.348297119140625;0.0215362548828125;1 A
2;2112;23.8246939398484;-0.3458251953125;0.021844482421875;1 A
2;2113;23.8328239398279;-0.343475341796875;0.02227783203125;1 A
2;2114;23.8409539398074;-0.340972900390625;0.0225799560546875;1 A
2;2115;23.8490839397869;-0.33856201171875;0.0229949951171875;1 A
2;2116;23.8572139397663;-0.336151123046875;0.023284912109375;1 A
2;2117;23.8653439397458;-0.33367919921875;0.0236175537109375;1 A
2;2118;23.8734739397253;-0.331207275390625;0.023944091796875;1 A
2;2119;23.8816039397047;-0.328704833984375;0.0242523193359375;1 A
2;2120;23.8897339396842;-0.32635498046875;0.02454833984375;1 A
2;2121;23.8978639396637;-0.323944091796875;0.024853515625;1 A
2;2122;23.9059939396432;-0.321441650390625;0.025079345703125;1 A
2;2123;23.9141239396226;-0.31903076171875;0.0253662109375;1 A
2;2124;23.9222539396021;-0.316619873046875;0.025628662109375;1 A
2;2125;23.9303839395816;-0.314178466796875;0.0258697509765625;1 A
2;2126;23.9385139395611;-0.31170654296875;0.0260406494140625;1 A
2;2127;23.9466439395405;-0.309295654296875;0.02630615234375;1 A
2;2128;23.95477393952;-0.306854248046875;0.0264373779296875;1 A
2;2129;23.9629039394995;-0.304412841796875;0.026702880859375;1 A
2;2130;23.971033939479;-0.30194091796875;0.0267547607421875;1 A
2;2131;23.9791639394584;-0.299530029296875;0.0270355224609375;1 A
2;2132;23.9872939394379;-0.297027587890625;0.02711181640625;1 A
2;2133;23.9954239394174;-0.29461669921875;0.0273284912109375;1 A
2;2134;24.0035539393969;-0.292236328125;0.02738037109375;1 A
2;2135;24.0116839393763;-0.28973388671875;0.0275787353515625;1 A
2;2136;24.0198139393558;-0.287322998046875;0.027581787109375;1 A
2;2137;24.0279439393353;-0.284881591796875;0.027777099609375;1 A
2;2138;24.0360739393147;-0.28240966796875;0.02779541015625;1 A
2;2139;24.0442039392942;-0.280029296875;0.0279388427734375;1 A
2;2140;24.0523339392737;-0.27752685546875;0.0279296875;1 A
2;2141;24.0604639392532;-0.275146484375;0.0280487060546875;1 A
2;2142;24.0685939392326;-0.272674560546875;0.0280731201171875;1 A
2;2143;24.0767239392121;-0.270233154296875;0.0281036376953125;1 A
2;2144;24.0848539391916;-0.26776123046875;0.0281158447265625;1 A
2;2145;24.0929839391711;-0.26531982421875;0.0281280517578125;1 A
2;2146;24.1011139391505;-0.262939453125;0.028131103515625;1 A
2;2147;24.10924393913;-0.260467529296875;0.0281341552734375;1 A
2;2148;24.1173739391095;-0.258026123046875;0.0281463623046875;1 A
2;2149;24.125503939089;-0.255584716796875;0.0280731201171875;1 A
2;2150;24.1336339390684;-0.253173828125;0.0280975341796875;1 A
2;2151;24.1417639390479;-0.250732421875;0.02799072265625;1 A
2;2152;24.1498939390274;-0.24822998046875;0.0280029296875;1 A
2;2153;24.1580239390069;-0.24578857421875;0.027886962890625;1 A
2;2154;24.1661539389863;-0.243316650390625;0.0279083251953125;1 A
2;2155;24.1742839389658;-0.240936279296875;0.0277496337890625;1 A
2;2156;24.1824139389453;-0.238494873046875;0.027752685546875;1 A
2;2157;24.1905439389247;-0.236053466796875;0.02762451171875;1 A
2;2158;24.1986739389042;-0.233612060546875;0.02755126953125;1 A
2;2159;24.2068039388837;-0.231201171875;0.0274505615234375;1 A
2;2160;24.2149339388632;-0.228790283203125;0.0273712158203125;1 A
2;2161;24.2230639388426;-0.226287841796875;0.027264404296875;1 A
2;2162;24.2311939388221;-0.223876953125;0.0271453857421875;1 A
2;2163;24.2393239388016;-0.221405029296875;0.0269927978515625;1 A
2;2164;24.2474539387811;-0.218963623046875;0.026904296875;1 A
2;2165;24.2555839387605;-0.216583251953125;0.026739501953125;1 A
2;2166;24.26371393874;-0.214111328125;0.026666259765625;1 A
2;2167;24.2718439387195;-0.211639404296875;0.0264801025390625;1 A
2;2168;24.279973938699;-0.209228515625;0.0263824462890625;1 A
2;2169;24.2881039386784;-0.206817626953125;0.026177978515625;1 A
2;2170;24.2962339386579;-0.20440673828125;0.0260955810546875;1 A
2;2171;24.3043639386374;-0.201904296875;0.02589111328125;1 A
2;2172;24.3124939386169;-0.199493408203125;0.025799560546875;1 A
2;2173;24.3206239385963;-0.197021484375;0.02557373046875;1 A
2;2174;24.3287539385758;-0.194549560546875;0.0254913330078125;1 A
2;2175;24.3368839385553;-0.19219970703125;0.0252593994140625;1 A
2;2176;24.3450139385347;-0.18975830078125;0.025152587890625;1 A
2;2177;24.3531439385142;-0.187286376953125;0.0249298095703125;1 A
2;2178;24.3612739384937;-0.184844970703125;0.024798583984375;1 A
2;2179;24.3694039384732;-0.182403564453125;0.0245819091796875;1 A
2;2180;24.3775339384526;-0.179901123046875;0.0244293212890625;1 A
2;2181;24.3856639384321;-0.177581787109375;0.02423095703125;1 A
2;2182;24.3937939384116;-0.175079345703125;0.024090576171875;1 A
2;2183;24.4019239383911;-0.172607421875;0.023870849609375;1 A
2;2184;24.4100539383705;-0.170196533203125;0.0237091064453125;1 A
2;2185;24.41818393835;-0.167724609375;0.0235321044921875;1 A
2;2186;24.4263139383295;-0.165313720703125;0.0233612060546875;1 A
2;2187;24.434443938309;-0.16290283203125;0.0231689453125;1 A
2;2188;24.4425739382884;-0.16046142578125;0.0229766845703125;1 A
2;2189;24.4507039382679;-0.157989501953125;0.0228240966796875;1 A
2;2190;24.4588339382474;-0.15557861328125;0.0226165771484375;1 A
2;2191;24.4669639382269;-0.15313720703125;0.022454833984375;1 A
2;2192;24.4750939382063;-0.150634765625;0.0222320556640625;1 A
2;2193;24.4832239381858;-0.148223876953125;0.02208251953125;1 A
2;2194;24.4913539381653;-0.14581298828125;0.0218597412109375;1 A
2;2195;24.4994839381447;-0.14337158203125;0.021722412109375;1 A
2;2196;24.5076139381242;-0.140960693359375;0.0214935302734375;1 A
2;2197;24.5157439381037;-0.138519287109375;0.0213348388671875;1 A
2;2198;24.5238739380832;-0.136077880859375;0.021136474609375;1 A
2;2199;24.5320039380626;-0.13360595703125;0.02095947265625;1 A
2;2200;24.5401339380421;-0.131195068359375;0.0207733154296875;1 A
2;2201;24.5482639380216;-0.12872314453125;0.0205963134765625;1 A
2;2202;24.5563939380011;-0.12628173828125;0.0204071044921875;1 A
2;2203;24.5645239379805;-0.12384033203125;0.0202239990234375;1 A
2;2204;24.57265393796;-0.121429443359375;0.020037841796875;1 A
2;2205;24.5807839379395;-0.11895751953125;0.019873046875;1 A
2;2206;24.588913937919;-0.1165771484375;0.019671630859375;1 A
2;2207;24.5970439378984;-0.114105224609375;0.01951904296875;1 A
2;2208;24.6051739378779;-0.111663818359375;0.0193328857421875;1 A
2;2209;24.6133039378574;-0.1092529296875;0.0191741943359375;1 A
2;2210;24.6214339378369;-0.1068115234375;0.0189910888671875;1 A
2;2211;24.6295639378163;-0.1043701171875;0.01883544921875;1 A
2;2212;24.6376939377958;-0.101898193359375;0.0186553955078125;1 A
2;2213;24.6458239377753;-0.09942626953125;0.0185089111328125;1 A
2;2214;24.6539539377547;-0.097015380859375;0.0183135986328125;1 A
2;2215;24.6620839377342;-0.094635009765625;0.0181549072265625;1 A
2;2216;24.6702139377137;-0.09210205078125;0.01796875;1 A
2;2217;24.6783439376932;-0.08966064453125;0.0178192138671875;1 A
2;2218;24.6864739376726;-0.087249755859375;0.0176422119140625;1 A
2;2219;24.6946039376521;-0.0848388671875;0.0175018310546875;1 A
2;2220;24.7027339376316;-0.0823974609375;0.0173187255859375;1 A
2;2221;24.7108639376111;-0.079864501953125;0.017181396484375;1 A
2;2222;24.7189939375905;-0.077484130859375;0.0170074462890625;1 A
2;2223;24.72712393757;-0.075042724609375;0.0168792724609375;1 A
2;2224;24.7352539375495;-0.0726318359375;0.016705322265625;1 A
2;2225;24.743383937529;-0.0701904296875;0.0165496826171875;1 A
2;2226;24.7515139375084;-0.0677490234375;0.01641845703125;1 A
2;2227;24.7596439374879;-0.065277099609375;0.01627197265625;1 A
2;2228;24.7677739374674;-0.062896728515625;0.016119384765625;1 A
2;2229;24.7759039374469;-0.0604248046875;0.0159820556640625;1 A
2;2230;24.7840339374263;-0.058013916015625;0.01585693359375;1 A
2;2231;24.7921639374058;-0.055511474609375;0.015692138671875;1 A
2;2232;24.8002939373853;-0.053070068359375;0.015576171875;1 A
2;2233;24.8084239373648;-0.050628662109375;0.01541748046875;1 A
2;2234;24.8165539373442;-0.0481536865234375;0.015301513671875;1 A
2;2235;24.8246839373237;-0.0457275390625;0.015142822265625;1 A
2;2236;24.8328139373032;-0.0432891845703125;0.0150238037109375;1 A
2;2237;24.8409439372826;-0.0408538818359375;0.01488037109375;1 A
2;2238;24.8490739372621;-0.0384063720703125;0.01475830078125;1 A
2;2239;24.8572039372416;-0.0359832763671875;0.0146240234375;1 A
2;2240;24.8653339372211;-0.0335296630859375;0.014495849609375;1 A
2;2241;24.8734639372005;-0.03109130859375;0.014373779296875;1 A
2;2242;24.88159393718;-0.0286468505859375;0.0142547607421875;1 A
2;2243;24.8897239371595;-0.026226806640625;0.01412353515625;1 A
2;2244;24.897853937139;-0.0237579345703125;0.0140167236328125;1 A
2;2245;24.9059839371184;-0.021331787109375;0.0139068603515625;1 A
2;2246;24.9141139370979;-0.0189208984375;0.0137969970703125;1 A
2;2247;24.9222439370774;-0.016461181640625;0.01368408203125;1 A
2;2248;24.9303739370569;-0.0140167236328125;0.013568115234375;1 A
2;2249;24.9385039370363;-0.0115753173828125;0.0134490966796875;1 A
2;2250;24.9466339370158;-0.00914611816406249;0.0133544921875;1 A
2;2251;24.9547639369953;-0.00671997070312499;0.0132476806640625;1 A
2;2252;24.9628939369748;-0.00426025390625;0.01314697265625;1 A
2;2253;24.9710239369542;-0.0018157958984375;0.013037109375;1 A
2;2254;24.9791539369337;0.000598144531249997;0.012945556640625;1 A
2;2255;24.9872839369132;0.00307312011718749;0.0128265380859375;1 A
2;2256;24.9954139368926;0.0054931640625;0.0127410888671875;1 A
2;2257;25.0035439368721;0.00794067382812499;0.0126312255859375;1 A
2;2258;25.0116739368516;0.010369873046875;0.0125457763671875;1 A
2;2259;25.0198039368311;0.0128082275390625;0.0124542236328125;1 A
2;2260;25.0279339368105;0.0152618408203125;0.0123626708984375;1 A
2;2261;25.03606393679;0.0176788330078125;0.01226806640625;1 A
2;2262;25.0441939367695;0.0201263427734375;0.0121795654296875;1 A
2;2263;25.052323936749;0.0225799560546875;0.012091064453125;1 A
2;2264;25.0604539367284;0.0250274658203125;0.0120147705078125;1 A
2;2265;25.0685839367079;0.0274871826171875;0.01192626953125;1 A
2;2266;25.0767139366874;0.029888916015625;0.01185302734375;1 A
2;2267;25.0848439366669;0.032330322265625;0.0117767333984375;1 A
2;2268;25.0929739366463;0.034765625;0.0116973876953125;1 A
2;2269;25.1011039366258;0.0372039794921875;0.0116180419921875;1 A
2;2270;25.1092339366053;0.0396575927734375;0.0115509033203125;1 A
2;2271;25.1173639365848;0.0420989990234375;0.011468505859375;1 A
2;2272;25.1254939365642;0.04453125;0.0113800048828125;1 A
2;2273;25.1336239365437;0.0469696044921875;0.01131591796875;1 A
2;2274;25.1417539365232;0.0494049072265625;0.0112335205078125;1 A
2;2275;25.1498839365026;0.0517578125;0.011181640625;1 A
2;2276;25.1580139364821;0.05419921875;0.0110931396484375;1 A
2;2277;25.1661439364616;0.05670166015625;0.0110443115234375;1 A
2;2278;25.1742739364411;0.05908203125;0.0109649658203125;1 A
2;2279;25.1824039364205;0.06158447265625;0.0109161376953125;1 A
2;2280;25.1905339364;0.06396484375;0.0108489990234375;1 A
2;2281;25.1986639363795;0.06646728515625;0.0107940673828125;1 A
2;2282;25.206793936359;0.068817138671875;0.010736083984375;1 A
2;2283;25.2149239363384;0.071319580078125;0.01068115234375;1 A
2;2284;25.2230539363179;0.07379150390625;0.0106201171875;1 A
2;2285;25.2311839362974;0.076202392578125;0.0105682373046875;1 A
2;2286;25.2393139362769;0.07861328125;0.0105133056640625;1 A
2;2287;25.2474439362563;0.0810546875;0.0104736328125;1 A
2;2288;25.2555739362358;0.083526611328125;0.010418701171875;1 A
2;2289;25.2637039362153;0.085968017578125;0.0103668212890625;1 A
2;2290;25.2718339361948;0.088348388671875;0.01031494140625;1 A
2;2291;25.2799639361742;0.09088134765625;0.01029052734375;1 A
2;2292;25.2880939361537;0.093292236328125;0.0102294921875;1 A
2;2293;25.2962239361332;0.095733642578125;0.010198974609375;1 A
2;2294;25.3043539361126;0.09814453125;0.0101409912109375;1 A
2;2295;25.3124839360921;0.1005859375;0.0101226806640625;1 A
2;2296;25.3206139360716;0.10302734375;0.0100860595703125;1 A
2;2297;25.3287439360511;0.105499267578125;0.0100494384765625;1 A
2;2298;25.3368739360305;0.10797119140625;0.0100128173828125;1 A
2;2299;25.34500393601;0.110321044921875;0.00998535156249999;1 A
2;2300;25.3531339359895;0.112762451171875;0.0099609375;1 A
2;2301;25.361263935969;0.115203857421875;0.0099456787109375;1 A
2;2302;25.3693939359484;0.11767578125;0.0099029541015625;1 A
2;2303;25.3775239359279;0.1201171875;0.0098907470703125;1 A
2;2304;25.3856539359074;0.12255859375;0.009869384765625;1 A
2;2305;25.3937839358869;0.125;0.00985107421875001;1 A
2;2306;25.4019139358663;0.12744140625;0.00983581542968751;1 A
2;2307;25.4100439358458;0.12982177734375;0.00982666015625;1 A
2;2308;25.4181739358253;0.13232421875;0.0098114013671875;1 A
2;2309;25.4263039358048;0.13470458984375;0.00980224609374999;1 A
2;2310;25.4344339357842;0.13720703125;0.00978698730468749;1 A
2;2311;25.4425639357637;0.139617919921875;0.00977783203125;1 A
2;2312;25.4506939357432;0.14202880859375;0.00977783203125;1 A
2;2313;25.4588239357226;0.14453125;0.0097625732421875;1 A
2;2314;25.4669539357021;0.1468505859375;0.0097686767578125;1 A
2;2315;25.4750839356816;0.1494140625;0.00975341796875;1 A
2;2316;25.4832139356611;0.15179443359375;0.00977172851562499;1 A
2;2317;25.4913439356405;0.15423583984375;0.0097625732421875;1 A
2;2318;25.49947393562;0.156707763671875;0.0097808837890625;1 A
2;2319;25.5076039355995;0.15911865234375;0.00977172851562499;1 A
2;2320;25.515733935579;0.161590576171875;0.00979003906250001;1 A
2;2321;25.5238639355584;0.164031982421875;0.009796142578125;1 A
2;2322;25.5319939355379;0.16650390625;0.0098114013671875;1 A
2;2323;25.5401239355174;0.168914794921875;0.009814453125;1 A
2;2324;25.5482539354969;0.17132568359375;0.00982666015625;1 A
2;2325;25.5563839354763;0.17376708984375;0.0098419189453125;1 A
2;2326;25.5645139354558;0.1761474609375;0.009857177734375;1 A
2;2327;25.5726439354353;0.17864990234375;0.00986633300781251;1 A
2;2328;25.5807739354148;0.18109130859375;0.00988159179687501;1 A
2;2329;25.5889039353942;0.183502197265625;0.00989379882812499;1 A
2;2330;25.5970339353737;0.186004638671875;0.009918212890625;1 A
2;2331;25.6051639353532;0.1884765625;0.009930419921875;1 A
2;2332;25.6132939353326;0.190826416015625;0.00994873046875;1 A
2;2333;25.6214239353121;0.1932373046875;0.0099639892578125;1 A
2;2334;25.6295539352916;0.19573974609375;0.0099945068359375;1 A
2;2335;25.6376839352711;0.19818115234375;0.010009765625;1 A
2;2336;25.6458139352505;0.2005615234375;0.0100341796875;1 A
2;2337;25.65394393523;0.203033447265625;0.0100555419921875;1 A
2;2338;25.6620739352095;0.2054443359375;0.0100860595703125;1 A
2;2339;25.670203935189;0.207855224609375;0.010107421875;1 A
2;2340;25.6783339351684;0.210418701171875;0.0101409912109375;1 A
2;2341;25.6864639351479;0.212738037109375;0.010162353515625;1 A
2;2342;25.6945939351274;0.215301513671875;0.0101898193359375;1 A
2;2343;25.7027239351069;0.2176513671875;0.01021728515625;1 A
2;2344;25.7108539350863;0.2200927734375;0.0102569580078125;1 A
2;2345;25.7189839350658;0.222564697265625;0.0102752685546875;1 A
2;2346;25.7271139350453;0.22503662109375;0.0103179931640625;1 A
2;2347;25.7352439350248;0.227386474609375;0.0103424072265625;1 A
2;2348;25.7433739350042;0.2298583984375;0.01038818359375;1 A
2;2349;25.7515039349837;0.232330322265625;0.01041259765625;1 A
2;2350;25.7596339349632;0.2347412109375;0.010455322265625;1 A
2;2351;25.7677639349426;0.2371826171875;0.010498046875;1 A
2;2352;25.7758939349221;0.239593505859375;0.010546875;1 A
2;2353;25.7840239349016;0.2420654296875;0.010589599609375;1 A
2;2354;25.7921539348811;0.244476318359375;0.0106292724609375;1 A
2;2355;25.8002839348605;0.246978759765625;0.0106964111328125;1 A
2;2356;25.80841393484;0.249420166015625;0.01072998046875;1 A
2;2357;25.8165439348195;0.251861572265625;0.01080322265625;1 A
2;2358;25.824673934799;0.254302978515625;0.0108428955078125;1 A
2;2359;25.8328039347784;0.256744384765625;0.010906982421875;1 A
2;2360;25.8409339347579;0.259185791015625;0.0109619140625;1 A
2;2361;25.8490639347374;0.261627197265625;0.0110321044921875;1 A
2;2362;25.8571939347169;0.264007568359375;0.0110870361328125;1 A
2;2363;25.8653239346963;0.266448974609375;0.011163330078125;1 A
2;2364;25.8734539346758;0.268890380859375;0.0112213134765625;1 A
2;2365;25.8815839346553;0.271331787109375;0.0112945556640625;1 A
2;2366;25.8897139346348;0.2738037109375;0.0113739013671875;1 A
2;2367;25.8978439346142;0.276275634765625;0.0114501953125;1 A
2;2368;25.9059739345937;0.278717041015625;0.0115234375;1 A
2;2369;25.9141039345732;0.2811279296875;0.011602783203125;1 A
2;2370;25.9222339345527;0.2835693359375;0.0116790771484375;1 A
2;2371;25.9303639345321;0.2860107421875;0.011767578125;1 A
2;2372;25.9384939345116;0.28839111328125;0.0118438720703125;1 A
2;2373;25.9466239344911;0.290863037109375;0.0119354248046875;1 A
2;2374;25.9547539344705;0.293304443359375;0.0120208740234375;1 A
2;2375;25.96288393445;0.295745849609375;0.0121185302734375;1 A
2;2376;25.9710139344295;0.29815673828125;0.0121978759765625;1 A
2;2377;25.979143934409;0.300628662109375;0.012298583984375;1 A
2;2378;25.9872739343884;0.303070068359375;0.012384033203125;1 A
2;2379;25.9954039343679;0.305450439453125;0.012481689453125;1 A
2;2380;26.0035339343474;0.307891845703125;0.0125640869140625;1 A
2;2381;26.0116639343269;0.310394287109375;0.012652587890625;1 A
2;2382;26.0197939343063;0.3128662109375;0.0127410888671875;1 A
2;2383;26.0279239342858;0.315216064453125;0.012835693359375;1 A
2;2384;26.0360539342653;0.317718505859375;0.0129241943359375;1 A
2;2385;26.0441839342448;0.32012939453125;0.013018798828125;1 A
2;2386;26.0523139342242;0.32257080078125;0.013104248046875;1 A
2;2387;26.0604439342037;0.324981689453125;0.013201904296875;1 A
2;2388;26.0685739341832;0.3275146484375;0.013287353515625;1 A
2;2389;26.0767039341627;0.329864501953125;0.013385009765625;1 A
2;2390;26.0848339341421;0.332305908203125;0.0134674072265625;1 A
2;2391;26.0929639341216;0.334747314453125;0.0135528564453125;1 A
2;2392;26.1010939341011;0.337158203125;0.0136474609375;1 A
2;2393;26.1092239340805;0.339630126953125;0.013720703125;1 A
2;2394;26.11735393406;0.34210205078125;0.0138153076171875;1 A
2;2395;26.1254839340395;0.344482421875;0.01387939453125;1 A
2;2396;26.133613934019;0.346954345703125;0.013970947265625;1 A
2;2397;26.1417439339984;0.349365234375;0.0140289306640625;1 A
2;2398;26.1498739339779;0.351837158203125;0.01412353515625;1 A
2;2399;26.1580039339574;0.354278564453125;0.01417236328125;1 A
2;2400;26.1661339339369;0.356781005859375;0.0142486572265625;1 A
2;2401;26.1742639339163;0.359222412109375;0.0143096923828125;1 A
2;2402;26.1823939338958;0.361572265625;0.0143646240234375;1 A
2;2403;26.1905239338753;0.364013671875;0.0144287109375;1 A
2;2404;26.1986539338548;0.366455078125;0.0144775390625;1 A
2;2405;26.2067839338342;0.368896484375;0.014520263671875;1 A
2;2406;26.2149139338137;0.371429443359375;0.0145660400390625;1 A
2;2407;26.2230439337932;0.373809814453125;0.0145965576171875;1 A
2;2408;26.2311739337727;0.376190185546875;0.0146331787109375;1 A
2;2409;26.2393039337521;0.37872314453125;0.014654541015625;1 A
2;2410;26.2474339337316;0.381103515625;0.014678955078125;1 A
2;2411;26.2555639337111;0.383575439453125;0.01468505859375;1 A
2;2412;26.2636939336905;0.385955810546875;0.01468505859375;1 A
2;2413;26.27182393367;0.388458251953125;0.0146728515625;1 A
2;2414;26.2799539336495;0.390869140625;0.0146697998046875;1 A
2;2415;26.288083933629;0.39324951171875;0.0146453857421875;1 A
2;2416;26.2962139336084;0.395721435546875;0.0146240234375;1 A
2;2417;26.3043439335879;0.398193359375;0.014581298828125;1 A
2;2418;26.3124739335674;0.400634765625;0.0145416259765625;1 A
2;2419;26.3206039335469;0.403076171875;0.0144866943359375;1 A
2;2420;26.3287339335263;0.405487060546875;0.0144256591796875;1 A
2;2421;26.3368639335058;0.407928466796875;0.0143524169921875;1 A
2;2422;26.3449939334853;0.410400390625;0.0142822265625;1 A
2;2423;26.3531239334648;0.412841796875;0.0141815185546875;1 A
2;2424;26.3612539334442;0.41522216796875;0.014093017578125;1 A
2;2425;26.3693839334237;0.417755126953125;0.0139739990234375;1 A
2;2426;26.3775139334032;0.420166015625;0.0138671875;1 A
2;2427;26.3856439333827;0.42254638671875;0.013739013671875;1 A
2;2428;26.3937739333621;0.425018310546875;0.01361083984375;1 A
2;2429;26.4019039333416;0.4273681640625;0.0134674072265625;1 A
2;2430;26.4100339333211;0.429901123046875;0.013323974609375;1 A
2;2431;26.4181639333005;0.4322509765625;0.0131591796875;1 A
2;2432;26.42629393328;0.434814453125;0.01298828125;1 A
2;2433;26.4344239332595;0.437255859375;0.012811279296875;1 A
2;2434;26.442553933239;0.439666748046875;0.0126312255859375;1 A
2;2435;26.4506839332184;0.44207763671875;0.01243896484375;1 A
2;2436;26.4588139331979;0.444549560546875;0.012225341796875;1 A
2;2437;26.4669439331774;0.44696044921875;0.0120330810546875;1 A
2;2438;26.4750739331569;0.449371337890625;0.01180419921875;1 A
2;2439;26.4832039331363;0.45184326171875;0.0116058349609375;1 A
2;2440;26.4913339331158;0.454254150390625;0.011370849609375;1 A
2;2441;26.4994639330953;0.456695556640625;0.0111663818359375;1 A
2;2442;26.5075939330748;0.4591064453125;0.010931396484375;1 A
2;2443;26.5157239330542;0.46160888671875;0.0107177734375;1 A
2;2444;26.5238539330337;0.464019775390625;0.0105010986328125;1 A
2;2445;26.5319839330132;0.46649169921875;0.01029052734375;1 A
2;2446;26.5401139329927;0.468963623046875;0.0100830078125;1 A
2;2447;26.5482439329721;0.471343994140625;0.0098907470703125;1 A
2;2448;26.5563739329516;0.47381591796875;0.0096893310546875;1 A
2;2449;26.5645039329311;0.476287841796875;0.0095184326171875;1 A
2;2450;26.5726339329105;0.47869873046875;0.0093353271484375;1 A
2;2451;26.58076393289;0.48114013671875;0.009173583984375;1 A
2;2452;26.5888939328695;0.483551025390625;0.009014892578125;1 A
2;2453;26.597023932849;0.485992431640625;0.008868408203125;1 A
2;2454;26.6051539328284;0.48846435546875;0.0087249755859375;1 A
2;2455;26.6132839328079;0.490875244140625;0.00859680175781249;1 A
2;2456;26.6214139327874;0.493316650390625;0.0084686279296875;1 A
2;2457;26.6295439327669;0.495758056640625;0.008343505859375;1 A
2;2458;26.6376739327463;0.4981689453125;0.008221435546875;1 A
2;2459;26.6458039327258;0.500579833984375;0.00811157226562501;1 A
2;2460;26.6539339327053;0.503082275390625;0.0079986572265625;1 A
2;2461;26.6620639326848;0.5054931640625;0.007904052734375;1 A
2;2462;26.6701939326642;0.50799560546875;0.00780029296875;1 A
2;2463;26.6783239326437;0.51043701171875;0.0077178955078125;1 A
2;2464;26.6864539326232;0.512908935546875;0.00762939453125;1 A
2;2465;26.6945839326027;0.515289306640625;0.00756225585937501;1 A
2;2466;26.7027139325821;0.5177001953125;0.00748291015624999;1 A
2;2467;26.7108439325616;0.5201416015625;0.00742492675781251;1 A
2;2468;26.7189739325411;0.5225830078125;0.007354736328125;1 A
2;2469;26.7271039325205;0.524993896484375;0.007305908203125;1 A
2;2470;26.7352339325;0.5274658203125;0.0072509765625;1 A
2;2471;26.7433639324795;0.5299072265625;0.0072174072265625;1 A
2;2472;26.751493932459;0.532318115234375;0.0071685791015625;1 A
2;2473;26.7596239324384;0.534820556640625;0.00713195800781249;1 A
2;2474;26.7677539324179;0.537261962890625;0.0071075439453125;1 A
2;2475;26.7758839323974;0.53973388671875;0.0070770263671875;1 A
2;2476;26.7840139323769;0.542144775390625;0.0070648193359375;1 A
2;2477;26.7921439323563;0.544586181640625;0.0070343017578125;1 A
2;2478;26.8002739323358;0.546966552734375;0.0070343017578125;1 A
2;2479;26.8084039323153;0.5494384765625;0.0070068359375;1 A
2;2480;26.8165339322948;0.55181884765625;0.0070068359375;1 A
2;2481;26.8246639322742;0.5543212890625;0.00699768066406251;1 A
2;2482;26.8327939322537;0.556732177734375;0.0070068359375;1 A
2;2483;26.8409239322332;0.5592041015625;0.0070037841796875;1 A
2;2484;26.8490539322127;0.561553955078125;0.00700988769531249;1 A
2;2485;26.8571839321921;0.564056396484375;0.00701293945312501;1 A
2;2486;26.8653139321716;0.5665283203125;0.00702514648437499;1 A
2;2487;26.8734439321511;0.56890869140625;0.00703125;1 A
2;2488;26.8815739321306;0.571380615234375;0.007049560546875;1 A
2;2489;26.88970393211;0.57373046875;0.00706787109375;1 A
2;2490;26.8978339320895;0.576171875;0.007080078125;1 A
2;2491;26.905963932069;0.57867431640625;0.0070953369140625;1 A
2;2492;26.9140939320484;0.58111572265625;0.00711669921874999;1 A
2;2493;26.9222239320279;0.58355712890625;0.00713500976562501;1 A
2;2494;26.9303539320074;0.586029052734375;0.00715026855468751;1 A
2;2495;26.9384839319869;0.58843994140625;0.00716552734375001;1 A
2;2496;26.9466139319663;0.5909423828125;0.00719299316406249;1 A
2;2497;26.9547439319458;0.59326171875;0.00721435546875;1 A
2;2498;26.9628739319253;0.59576416015625;0.00724182128906251;1 A
2;2499;26.9710039319048;0.598175048828125;0.00725708007812501;1 A
2;2500;26.9791339318842;0.600677490234375;0.00728454589843749;1 A
2;2501;26.9872639318637;0.60302734375;0.0072967529296875;1 A
2;2502;26.9953939318432;0.60552978515625;0.00731811523437501;1 A
2;2503;27.0035239318227;0.608001708984375;0.0073394775390625;1 A
2;2504;27.0116539318021;0.610382080078125;0.007373046875;1 A
2;2505;27.0197839317816;0.61285400390625;0.00737915039062501;1 A
2;2506;27.0279139317611;0.615264892578125;0.00740966796875001;1 A
2;2507;27.0360439317406;0.61767578125;0.00743713378906249;1 A
2;2508;27.04417393172;0.62017822265625;0.0074737548828125;1 A
2;2509;27.0523039316995;0.62255859375;0.007489013671875;1 A
2;2510;27.060433931679;0.62506103515625;0.00753173828125001;1 A
2;2511;27.0685639316584;0.627471923828125;0.007550048828125;1 A
2;2512;27.0766939316379;0.6298828125;0.0075714111328125;1 A
2;2513;27.0848239316174;0.632354736328125;0.00759277343750001;1 A
2;2514;27.0929539315969;0.634735107421875;0.0076141357421875;1 A
2;2515;27.1010839315763;0.63720703125;0.0076416015625;1 A
2;2516;27.1092139315558;0.639678955078125;0.0076568603515625;1 A
2;2517;27.1173439315353;0.642059326171875;0.00769653320312499;1 A
2;2518;27.1254739315148;0.64453125;0.00771179199218749;1 A
2;2519;27.1336039314942;0.646942138671875;0.0077545166015625;1 A
2;2520;27.1417339314737;0.6494140625;0.00775756835937499;1 A
2;2521;27.1498639314532;0.65185546875;0.00779113769531251;1 A
2;2522;27.1579939314327;0.654296875;0.00780639648437501;1 A
2;2523;27.1661239314121;0.65673828125;0.007855224609375;1 A
2;2524;27.1742539313916;0.6591796875;0.00789489746093749;1 A
2;2525;27.1823839313711;0.66162109375;0.00792541503906249;1 A
2;2526;27.1905139313506;0.6640625;0.00795593261718749;1 A
2;2527;27.19864393133;0.66650390625;0.0079986572265625;1 A
2;2528;27.2067739313095;0.6689453125;0.0080535888671875;1 A
2;2529;27.214903931289;0.67138671875;0.00809631347656251;1 A
2;2530;27.2230339312684;0.673797607421875;0.0081329345703125;1 A
2;2531;27.2311639312479;0.676239013671875;0.0081787109375;1 A
2;2532;27.2392939312274;0.678741455078125;0.00821533203124999;1 A
2;2533;27.2474239312069;0.68109130859375;0.00827941894531251;1 A
2;2534;27.2555539311863;0.68353271484375;0.0083282470703125;1 A
2;2535;27.2636839311658;0.68597412109375;0.008380126953125;1 A
2;2536;27.2718139311453;0.688507080078125;0.00844421386718749;1 A
2;2537;27.2799439311248;0.69085693359375;0.00850830078125001;1 A
2;2538;27.2880739311042;0.693328857421875;0.0085601806640625;1 A
2;2539;27.2962039310837;0.69573974609375;0.00864257812499999;1 A
2;2540;27.3043339310632;0.69818115234375;0.0086700439453125;1 A
2;2541;27.3124639310427;0.696502685546875;0.00797119140624999;1 A
2;2542;27.3205939310221;0.694122314453125;0.00751342773437499;1 A
2;2543;27.3287239310016;0.691619873046875;0.00712890625;1 A
2;2544;27.3368539309811;0.689178466796875;0.0067901611328125;1 A
2;2545;27.3449839309606;0.686767578125;0.00649414062500001;1 A
2;2546;27.35311393094;0.684326171875;0.006207275390625;1 A
2;2547;27.3612439309195;0.681854248046875;0.00596008300781251;1 A
2;2548;27.369373930899;0.67950439453125;0.0057098388671875;1 A
2;2549;27.3775039308784;0.677001953125;0.00550537109375;1 A
2;2550;27.3856339308579;0.674530029296875;0.00528869628906251;1 A
2;2551;27.3937639308374;0.67205810546875;0.00512084960937501;1 A
2;2552;27.4018939308169;0.669677734375;0.0049102783203125;1 A
2;2553;27.4100239307963;0.667236328125;0.0047576904296875;1 A
2;2554;27.4181539307758;0.66473388671875;0.00460205078125001;1 A
2;2555;27.4262839307553;0.662322998046875;0.00444946289062501;1 A
2;2556;27.4344139307348;0.659881591796875;0.0043182373046875;1 A
2;2557;27.4425439307142;0.65740966796875;0.0041778564453125;1 A
2;2558;27.4506739306937;0.655029296875;0.004071044921875;1 A
2;2559;27.4588039306732;0.652618408203125;0.003936767578125;1 A
2;2560;27.4669339306527;0.650146484375;0.00384521484375;1 A
2;2561;27.4750639306321;0.647796630859375;0.0037200927734375;1 A
2;2562;27.4831939306116;0.645263671875;0.00362243652343749;1 A
2;2563;27.4913239305911;0.642791748046875;0.0035125732421875;1 A
2;2564;27.4994539305706;0.640350341796875;0.00343017578125;1 A
2;2565;27.50758393055;0.637939453125;0.003338623046875;1 A
2;2566;27.5157139305295;0.635528564453125;0.0032623291015625;1 A
2;2567;27.523843930509;0.633056640625;0.003173828125;1 A
2;2568;27.5319739304884;0.63067626953125;0.0031005859375;1 A
2;2569;27.5401039304679;0.628204345703125;0.0030181884765625;1 A
2;2570;27.5482339304474;0.625732421875;0.00295410156250001;1 A
2;2571;27.5563639304269;0.62335205078125;0.00287780761718751;1 A
2;2572;27.5644939304063;0.62091064453125;0.00281372070312499;1 A
2;2573;27.5726239303858;0.618438720703125;0.0027435302734375;1 A
2;2574;27.5807539303653;0.615936279296875;0.00269165039062499;1 A
2;2575;27.5888839303448;0.613555908203125;0.0026275634765625;1 A
2;2576;27.5970139303242;0.61114501953125;0.0025634765625;1 A
2;2577;27.6051439303037;0.608673095703125;0.0025146484375;1 A
2;2578;27.6132739302832;0.60626220703125;0.002459716796875;1 A
2;2579;27.6214039302627;0.60382080078125;0.00240173339843749;1 A
2;2580;27.6295339302421;0.601348876953125;0.00235595703124999;1 A
2;2581;27.6376639302216;0.598907470703125;0.002301025390625;1 A
2;2582;27.6457939302011;0.596466064453125;0.00225830078125;1 A
2;2583;27.6539239301806;0.594085693359375;0.002215576171875;1 A
2;2584;27.66205393016;0.59161376953125;0.0021636962890625;1 A
2;2585;27.6701839301395;0.58917236328125;0.0021240234375;1 A
2;2586;27.678313930119;0.586669921875;0.00208129882812499;1 A
2;2587;27.6864439300984;0.58428955078125;0.00203552246093749;1 A
2;2588;27.6945739300779;0.58184814453125;0.0019989013671875;1 A
2;2589;27.7027039300574;0.57940673828125;0.0019500732421875;1 A
2;2590;27.7108339300369;0.576934814453125;0.0019195556640625;1 A
2;2591;27.7189639300163;0.57452392578125;0.001873779296875;1 A
2;2592;27.7270939299958;0.572113037109375;0.00184020996093751;1 A
2;2593;27.7352239299753;0.56964111328125;0.0017974853515625;1 A
2;2594;27.7433539299548;0.567230224609375;0.00176391601562501;1 A
2;2595;27.7514839299342;0.56475830078125;0.00173034667968749;1 A
2;2596;27.7596139299137;0.562347412109375;0.0016937255859375;1 A
2;2597;27.7677439298932;0.55987548828125;0.001666259765625;1 A
2;2598;27.7758739298727;0.55743408203125;0.00162353515624999;1 A
2;2599;27.7840039298521;0.554962158203125;0.00159912109375;1 A
2;2600;27.7921339298316;0.552581787109375;0.0015594482421875;1 A
2;2601;27.8002639298111;0.55010986328125;0.0015380859375;1 A
2;2602;27.8083939297906;0.547760009765625;0.001495361328125;1 A
2;2603;27.81652392977;0.545257568359375;0.00147705078125;1 A
2;2604;27.8246539297495;0.542816162109375;0.0014373779296875;1 A
2;2605;27.832783929729;0.540374755859375;0.001416015625;1 A
2;2606;27.8409139297084;0.537994384765625;0.0013885498046875;1 A
2;2607;27.8490439296879;0.535491943359375;0.00136718750000001;1 A
2;2608;27.8571739296674;0.53302001953125;0.00133666992187501;1 A
2;2609;27.8653039296469;0.5306396484375;0.00130615234375001;1 A
2;2610;27.8734339296263;0.52813720703125;0.0012847900390625;1 A
2;2611;27.8815639296058;0.52569580078125;0.00126953125;1 A
2;2612;27.8896939295853;0.52325439453125;0.00124206542968749;1 A
2;2613;27.8978239295648;0.5208740234375;0.00121459960937501;1 A
2;2614;27.9059539295442;0.518402099609375;0.0011871337890625;1 A
2;2615;27.9140839295237;0.51593017578125;0.001177978515625;1 A
2;2616;27.9222139295032;0.513519287109375;0.00115356445312501;1 A
2;2617;27.9303439294827;0.511077880859375;0.00113830566406251;1 A
2;2618;27.9384739294621;0.508636474609375;0.001116943359375;1 A
2;2619;27.9466039294416;0.50616455078125;0.00110473632812499;1 A
2;2620;27.9547339294211;0.5037841796875;0.0010833740234375;1 A
2;2621;27.9628639294006;0.501312255859375;0.0010711669921875;1 A
2;2622;27.97099392938;0.49884033203125;0.00104675292968751;1 A
2;2623;27.9791239293595;0.496429443359375;0.00103759765625;1 A
2;2624;27.987253929339;0.494049072265625;0.00101318359374999;1 A
2;2625;27.9953839293185;0.491607666015625;0.000997924804687494;1 A
2;2626;28.0035139292979;0.4891357421875;0.000982666015624994;1 A
2;2627;28.0116439292774;0.486663818359375;0.000973510742187503;1 A
2;2628;28.0197739292569;0.4842529296875;0.000952148437499994;1 A
2;2629;28.0279039292363;0.4818115234375;0.000949096679687497;1 A
2;2630;28.0360339292158;0.479400634765625;0.000921630859374994;1 A
2;2631;28.0441639291953;0.476959228515625;0.000918579101562497;1 A
2;2632;28.0522939291748;0.4744873046875;0.000903320312499997;1 A
2;2633;28.0604239291542;0.472076416015625;0.000894165039062506;1 A
2;2634;28.0685539291337;0.4696044921875;0.000878906250000006;1 A
2;2635;28.0766839291132;0.4671630859375;0.000875854492187494;1 A
2;2636;28.0848139290927;0.464691162109375;0.000857543945312497;1 A
2;2637;28.0929439290721;0.4622802734375;0.000842285156249997;1 A
2;2638;28.1010739290516;0.45989990234375;0.0008392333984375;1 A
2;2639;28.1092039290311;0.457489013671875;0.000820922851562503;1 A
2;2640;28.1173339290106;0.454925537109375;0.000817871093750006;1 A
2;2641;28.12546392899;0.452484130859375;0.000805664062500003;1 A
2;2642;28.1335939289695;0.45013427734375;0.000802612304687506;1 A
2;2643;28.141723928949;0.447662353515625;0.000790405273437503;1 A
2;2644;28.1498539289285;0.44525146484375;0.000784301757812494;1 A
2;2645;28.1579839289079;0.44281005859375;0.000772094726562506;1 A
2;2646;28.1661139288874;0.440399169921875;0.000769042968749994;1 A
2;2647;28.1742439288669;0.43792724609375;0.000762939453125;1 A
2;2648;28.1823739288463;0.435394287109375;0.000753784179687494;1 A
2;2649;28.1905039288258;0.43310546875;0.0007476806640625;1 A
2;2650;28.1986339288053;0.430572509765625;0.0007476806640625;1 A
2;2651;28.2067639287848;0.428131103515625;0.000735473632812497;1 A
2;2652;28.2148939287642;0.425689697265625;0.000732421875;1 A
2;2653;28.2230239287437;0.4232177734375;0.000726318359375006;1 A
2;2654;28.2311539287232;0.4208984375;0.000726318359375006;1 A
2;2655;28.2392839287027;0.4183349609375;0.000711059570312506;1 A
2;2656;28.2474139286821;0.415924072265625;0.000711059570312506;1 A
2;2657;28.2555439286616;0.413543701171875;0.000698852539062503;1 A
2;2658;28.2636739286411;0.41107177734375;0.000701904296875;1 A
2;2659;28.2718039286206;0.408599853515625;0.000683593750000003;1 A
2;2660;28.2799339286;0.40618896484375;0.000680541992187506;1 A
2;2661;28.2880639285795;0.403717041015625;0.000674438476562497;1 A
2;2662;28.296193928559;0.401275634765625;0.000677490234374994;1 A
2;2663;28.3043239285385;0.398956298828125;0.000665283203125006;1 A
2;2664;28.3124539285179;0.39642333984375;0.000665283203125006;1 A
2;2665;28.3205839284974;0.393951416015625;0.000662231445312494;1 A
2;2666;28.3287139284769;0.3914794921875;0.000662231445312494;1 A
2;2667;28.3368439284563;0.38916015625;0.000653076171875003;1 A
2;2668;28.3449739284358;0.386688232421875;0.000650024414062506;1 A
2;2669;28.3531039284153;0.384246826171875;0.000634765625000006;1 A
2;2670;28.3612339283948;0.381744384765625;0.000640869140625;1 A
2;2671;28.3693639283742;0.379364013671875;0.000631713867187494;1 A
2;2672;28.3774939283537;0.37689208984375;0.000637817382812503;1 A
2;2673;28.3856239283332;0.37451171875;0.000628662109374997;1 A
2;2674;28.3937539283127;0.3720703125;0.000628662109374997;1 A
2;2675;28.4018839282921;0.36962890625;0.000619506835937506;1 A
2;2676;28.4100139282716;0.367218017578125;0.000619506835937506;1 A
2;2677;28.4181439282511;0.36474609375;0.000619506835937506;1 A
2;2678;28.4262739282306;0.362335205078125;0.000604248046875006;1 A
2;2679;28.43440392821;0.359832763671875;0.000613403320312497;1 A
2;2680;28.4425339281895;0.357391357421875;0.000601196289062494;1 A
2;2681;28.450663928169;0.35491943359375;0.000604248046875006;1 A
2;2682;28.4587939281485;0.3525390625;0.000588989257812506;1 A
2;2683;28.4669239281279;0.35003662109375;0.000592041015625003;1 A
2;2684;28.4750539281074;0.34765625;0.000576782226562503;1 A
2;2685;28.4831839280869;0.34521484375;0.000582885742187497;1 A
2;2686;28.4913139280663;0.3427734375;0.000573730468750006;1 A
2;2687;28.4994439280458;0.34039306640625;0.000576782226562503;1 A
2;2688;28.5075739280253;0.337890625;0.000567626953124997;1 A
2;2689;28.5157039280048;0.335479736328125;0.000570678710937494;1 A
2;2690;28.5238339279842;0.332977294921875;0.0005645751953125;1 A
2;2691;28.5319639279637;0.330535888671875;0.000567626953124997;1 A
2;2692;28.5400939279432;0.328125;0.000555419921874994;1 A
2;2693;28.5482239279227;0.325714111328125;0.000552368164062497;1 A
2;2694;28.5563539279021;0.3232421875;0.000543212890625006;1 A
2;2695;28.5644839278816;0.32080078125;0.000540161132812494;1 A
2;2696;28.5726139278611;0.318389892578125;0.0005340576171875;1 A
2;2697;28.5807439278406;0.31591796875;0.0005340576171875;1 A
2;2698;28.58887392782;0.31353759765625;0.000527954101562506;1 A
2;2699;28.5970039277995;0.311065673828125;0.000521850585937497;1 A
2;2700;28.605133927779;0.30859375;0.000521850585937497;1 A
2;2701;28.6132639277585;0.306182861328125;0.000515747070312503;1 A
2;2702;28.6213939277379;0.30377197265625;0.000500488281250003;1 A
2;2703;28.6295239277174;0.30133056640625;0.000500488281250003;1 A
2;2704;28.6376539276969;0.29888916015625;0.000494384765624994;1 A
2;2705;28.6457839276763;0.296417236328125;0.000497436523437506;1 A
2;2706;28.6539139276558;0.294036865234375;0.000485229492187503;1 A
2;2707;28.6620439276353;0.29156494140625;0.000482177734375006;1 A
2;2708;28.6701739276148;0.2891845703125;0.000469970703125003;1 A
2;2709;28.6783039275942;0.286651611328125;0.0004730224609375;1 A
2;2710;28.6864339275737;0.28424072265625;0.000457763671875;1 A
2;2711;28.6945639275532;0.28179931640625;0.000457763671875;1 A
2;2712;28.7026939275327;0.279388427734375;0.000448608398437494;1 A
2;2713;28.7108239275121;0.276885986328125;0.000451660156250006;1 A
2;2714;28.7189539274916;0.274444580078125;0.000439453125000003;1 A
2;2715;28.7270839274711;0.272064208984375;0.0004425048828125;1 A
2;2716;28.7352139274506;0.26959228515625;0.000424194335937503;1 A
2;2717;28.74334392743;0.2672119140625;0.000430297851562497;1 A
2;2718;28.7514739274095;0.264739990234375;0.000421142578125006;1 A
2;2719;28.759603927389;0.2623291015625;0.000408935546875003;1 A
2;2720;28.7677339273685;0.25982666015625;0.0004119873046875;1 A
2;2721;28.7758639273479;0.25738525390625;0.000384521484374997;1 A
2;2722;28.7839939273274;0.2550048828125;0.000396728515625;1 A
2;2723;28.7921239273069;0.2525634765625;0.0003814697265625;1 A
2;2724;28.8002539272863;0.2501220703125;0.000378417968750003;1 A
2;2725;28.8083839272658;0.247650146484375;0.000363159179687503;1 A
2;2726;28.8165139272453;0.2452392578125;0.0003662109375;1 A
2;2727;28.8246439272248;0.24273681640625;0.000344848632812506;1 A
2;2728;28.8327739272042;0.240325927734375;0.000344848632812506;1 A
2;2729;28.8409039271837;0.2379150390625;0.000335693359375;1 A
2;2730;28.8490339271632;0.235504150390625;0.000326538085937494;1 A
2;2731;28.8571639271427;0.2330322265625;0.000314331054687506;1 A
2;2732;28.8652939271221;0.23052978515625;0.000314331054687506;1 A
2;2733;28.8734239271016;0.22821044921875;0.000302124023437503;1 A
2;2734;28.8815539270811;0.2257080078125;0.000292968749999997;1 A
2;2735;28.8896839270606;0.223236083984375;0.000280761718749994;1 A
2;2736;28.89781392704;0.2208251953125;0.000271606445312503;1 A
2;2737;28.9059439270195;0.2183837890625;0.000265502929687494;1 A
2;2738;28.914073926999;0.2159423828125;0.0002593994140625;1 A
2;2739;28.9222039269785;0.2135009765625;0.000241088867187503;1 A
2;2740;28.9303339269579;0.21112060546875;0.000234985351562494;1 A
2;2741;28.9384639269374;0.20867919921875;0.000219726562499994;1 A
2;2742;28.9465939269169;0.2061767578125;0.000219726562499994;1 A
2;2743;28.9547239268963;0.2037353515625;0.000195312500000003;1 A
2;2744;28.9628539268758;0.201324462890625;0.0001983642578125;1 A
2;2745;28.9709839268553;0.198883056640625;0.000189208984374994;1 A
2;2746;28.9791139268348;0.1964111328125;0.0001678466796875;1 A
2;2747;28.9872439268142;0.19403076171875;0.000155639648437497;1 A
2;2748;28.9953739267937;0.19158935546875;0.000155639648437497;1 A
2;2749;29.0035039267732;0.18914794921875;0.0001373291015625;1 A
2;2750;29.0116339267527;0.186676025390625;0.0001373291015625;1 A
2;2751;29.0197639267321;0.184234619140625;0.000112915039062494;1 A
2;2752;29.0278939267116;0.181915283203125;0.000109863281249997;1 A
2;2753;29.0360239266911;0.179351806640625;8.85009765625028E-05;1 A
2;2754;29.0441539266706;0.177001953125;9.1552734375E-05;1 A
2;2755;29.05228392665;0.174468994140625;7.01904296875056E-05;1 A
2;2756;29.0604139266295;0.172027587890625;6.40869140624972E-05;1 A
2;2757;29.068543926609;0.16961669921875;5.18798828124944E-05;1 A
2;2758;29.0766739265885;0.167205810546875;3.66210937499944E-05;1 A
2;2759;29.0848039265679;0.164764404296875;2.74658203125028E-05;1 A
2;2760;29.0929339265474;0.16229248046875;6.10351562499445E-06;1 A
2;2761;29.1010639265269;0.159881591796875;0;1 A
2;2762;29.1091939265064;0.157470703125;-2.44140625000056E-05;1 A
2;2763;29.1173239264858;0.155029296875;-2.44140625000056E-05;1 A
2;2764;29.1254539264653;0.152557373046875;-5.18798828124944E-05;1 A
2;2765;29.1335839264448;0.15008544921875;-5.49316406250056E-05;1 A
2;2766;29.1417139264242;0.147674560546875;-7.93457031249972E-05;1 A
2;2767;29.1498439264037;0.145233154296875;-8.85009765625028E-05;1 A
2;2768;29.1579739263832;0.142822265625;-0.000112915039062494;1 A
2;2769;29.1661039263627;0.140380859375;-0.000125122070312497;1 A
2;2770;29.1742339263421;0.137939453125;-0.000140380859374997;1 A
2;2771;29.1823639263216;0.135467529296875;-0.0001678466796875;1 A
2;2772;29.1904939263011;0.133056640625;-0.00018310546875;1 A
2;2773;29.1986239262806;0.130584716796875;-0.000201416015624997;1 A
2;2774;29.20675392626;0.128173828125;-0.000225830078125003;1 A
2;2775;29.2148839262395;0.12579345703125;-0.000247192382812497;1 A
2;2776;29.223013926219;0.123260498046875;-0.000268554687500006;1 A
2;2777;29.2311439261985;0.120819091796875;-0.000286865234375003;1 A
2;2778;29.2392739261779;0.118408203125;-0.000317382812500003;1 A
2;2779;29.2474039261574;0.115966796875;-0.000326538085937494;1 A
2;2780;29.2555339261369;0.11358642578125;-0.000360107421875006;1 A
2;2781;29.2636639261164;0.111114501953125;-0.000378417968750003;1 A
2;2782;29.2717939260958;0.108642578125;-0.000405883789062506;1 A
2;2783;29.2799239260753;0.106201171875;-0.000424194335937503;1 A
2;2784;29.2880539260548;0.103790283203125;-0.000451660156250006;1 A
2;2785;29.2961839260342;0.101318359375;-0.000479125976562494;1 A
2;2786;29.3043139260137;0.09893798828125;-0.000509643554687494;1 A
3;2787;29.3124439259932;0.09649658203125;-0.000531005859375003;1 A
3;2788;29.3205739259727;0.094024658203125;-0.000567626953124997;1 A
3;2789;29.3287039259521;0.091583251953125;-0.000576782226562503;1 A
3;2790;29.3368339259316;0.08917236328125;-0.000622558593750003;1 A
3;2791;29.3449639259111;0.08673095703125;-0.000653076171875003;1 A
3;2792;29.3530939258906;0.084259033203125;-0.0006866455078125;1 A
3;2793;29.36122392587;0.081787109375;-0.000711059570312506;1 A
3;2794;29.3693539258495;0.079376220703125;-0.000750732421874997;1 A
3;2795;29.377483925829;0.0770263671875;-0.000769042968749994;1 A
3;2796;29.3856139258085;0.07452392578125;-0.000817871093750006;1 A
3;2797;29.3937439257879;0.0721435546875;-0.0008392333984375;1 A
3;2798;29.4018739257674;0.06964111328125;-0.0008697509765625;1 A
3;2799;29.4100039257469;0.0672607421875;-0.000906372070312494;1 A
3;2800;29.4181339257264;0.064788818359375;-0.000939941406250006;1 A
3;2801;29.4262639257058;0.06231689453125;-0.000997924804687494;1 A
3;2802;29.4343939256853;0.05987548828125;-0.001025390625;1 A
3;2803;29.4425239256648;0.05743408203125;-0.00107421874999999;1 A
3;2804;29.4506539256442;0.055023193359375;-0.00110473632812499;1 A
3;2805;29.4587839256237;0.052642822265625;-0.0011566162109375;1 A
3;2806;29.4669139256032;0.050079345703125;-0.00118103027343749;1 A
3;2807;29.4750439255827;0.047723388671875;-0.001239013671875;1 A
3;2808;29.4831739255621;0.0452911376953125;-0.0012786865234375;1 A
3;2809;29.4913039255416;0.0428375244140625;-0.00132141113281251;1 A
3;2810;29.4994339255211;0.040411376953125;-0.0013702392578125;1 A
3;2811;29.5075639255006;0.0379608154296875;-0.001422119140625;1 A
3;2812;29.51569392548;0.03553466796875;-0.0014617919921875;1 A
3;2813;29.5238239254595;0.033099365234375;-0.001507568359375;1 A
3;2814;29.531953925439;0.0306610107421875;-0.00156249999999999;1 A
3;2815;29.5400839254185;0.0282257080078125;-0.00160827636718749;1 A
3;2816;29.5482139253979;0.025799560546875;-0.00165405273437499;1 A
3;2817;29.5563439253774;0.02333984375;-0.0017120361328125;1 A
3;2818;29.5644739253569;0.020904541015625;-0.0017578125;1 A
3;2819;29.5726039253364;0.018475341796875;-0.00182495117187501;1 A
3;2820;29.5807339253158;0.016033935546875;-0.00186767578124999;1 A
3;2821;29.5888639252953;0.0135894775390625;-0.00194091796875;1 A
3;2822;29.5969939252748;0.011151123046875;-0.001983642578125;1 A
3;2823;29.6051239252542;0.00870666503906251;-0.00205383300781251;1 A
3;2824;29.6132539252337;0.0062835693359375;-0.002105712890625;1 A
3;2825;29.6213839252132;0.0038482666015625;-0.0021820068359375;1 A
3;2826;29.6295139251927;0.00139770507812501;-0.0022308349609375;1 A
3;2827;29.6376439251721;-0.00103759765625;-0.002301025390625;1 A
3;2828;29.6457739251516;-0.0034637451171875;-0.002362060546875;1 A
3;2829;29.6539039251311;-0.00592651367187499;-0.00243225097656249;1 A
3;2830;29.6620339251106;-0.0083740234375;-0.00249633789062501;1 A
3;2831;29.67016392509;-0.010784912109375;-0.00257263183593751;1 A
3;2832;29.6782939250695;-0.013214111328125;-0.00263061523437499;1 A
3;2833;29.686423925049;-0.01566162109375;-0.002716064453125;1 A
3;2834;29.6945539250285;-0.0181060791015625;-0.00278320312499999;1 A
3;2835;29.7026839250079;-0.0205474853515625;-0.0028656005859375;1 A
3;2836;29.7108139249874;-0.0229736328125;-0.0029266357421875;1 A
3;2837;29.7189439249669;-0.0254180908203125;-0.003021240234375;1 A
3;2838;29.7270739249464;-0.027862548828125;-0.00308837890624999;1 A
3;2839;29.7352039249258;-0.030303955078125;-0.003173828125;1 A
3;2840;29.7433339249053;-0.0327362060546875;-0.00327453613281251;1 A
3;2841;29.7514639248848;-0.035174560546875;-0.0033416748046875;1 A
3;2842;29.7595939248642;-0.037615966796875;-0.0034454345703125;1 A
3;2843;29.7677239248437;-0.0400482177734375;-0.00351867675781251;1 A
3;2844;29.7758539248232;-0.0424774169921875;-0.0036285400390625;1 A
3;2845;29.7839839248027;-0.0449249267578125;-0.00371398925781249;1 A
3;2846;29.7921139247821;-0.047369384765625;-0.003826904296875;1 A
3;2847;29.8002439247616;-0.049835205078125;-0.0039093017578125;1 A
3;2848;29.8083739247411;-0.05230712890625;-0.00402221679687501;1 A
3;2849;29.8165039247206;-0.054718017578125;-0.004119873046875;1 A
3;2850;29.8246339247;-0.05712890625;-0.00423278808593749;1 A
3;2851;29.8327639246795;-0.0595703125;-0.004345703125;1 A
3;2852;29.840893924659;-0.06201171875;-0.00446166992187499;1 A
3;2853;29.8490239246385;-0.064453125;-0.00456848144531249;1 A
3;2854;29.8571539246179;-0.06689453125;-0.00469970703125;1 A
3;2855;29.8652839245974;-0.0693359375;-0.004803466796875;1 A
3;2856;29.8734139245769;-0.071746826171875;-0.00493774414062501;1 A
3;2857;29.8815439245564;-0.074188232421875;-0.0050628662109375;1 A
3;2858;29.8896739245358;-0.076690673828125;-0.0052032470703125;1 A
3;2859;29.8978039245153;-0.079071044921875;-0.005322265625;1 A
3;2860;29.9059339244948;-0.081512451171875;-0.0054779052734375;1 A
3;2861;29.9140639244742;-0.083892822265625;-0.0056121826171875;1 A
3;2862;29.9221939244537;-0.08636474609375;-0.005767822265625;1 A
3;2863;29.9303239244332;-0.0888671875;-0.00589599609374999;1 A
3;2864;29.9384539244127;-0.091278076171875;-0.00606689453125001;1 A
3;2865;29.9465839243921;-0.09368896484375;-0.0061920166015625;1 A
3;2866;29.9547139243716;-0.096160888671875;-0.0063812255859375;1 A
3;2867;29.9628439243511;-0.0986328125;-0.0065338134765625;1 A
3;2868;29.9709739243306;-0.101043701171875;-0.0067169189453125;1 A
3;2869;29.97910392431;-0.10345458984375;-0.00687255859374999;1 A
3;2870;29.9872339242895;-0.10589599609375;-0.00706787109375;1 A
3;2871;29.995363924269;-0.108306884765625;-0.00722656250000001;1 A
3;2872;30.0034939242485;-0.110809326171875;-0.0074310302734375;1 A
3;2873;30.0116239242279;-0.1131591796875;-0.00760498046874999;1 A
3;2874;30.0197539242074;-0.115631103515625;-0.0078094482421875;1 A
3;2875;30.0278839241869;-0.1180419921875;-0.0079986572265625;1 A
3;2876;30.0360139241664;-0.120513916015625;-0.0082061767578125;1 A
3;2877;30.0441439241458;-0.12298583984375;-0.00841674804687501;1 A
3;2878;30.0522739241253;-0.125396728515625;-0.00861206054687499;1 A
3;2879;30.0604039241048;-0.12786865234375;-0.00884399414062501;1 A
3;2880;30.0685339240842;-0.1302490234375;-0.009051513671875;1 A
3;2881;30.0766639240637;-0.132720947265625;-0.009320068359375;1 A
3;2882;30.0847939240432;-0.135162353515625;-0.00951538085937501;1 A
3;2883;30.0929239240227;-0.137603759765625;-0.0097808837890625;1 A
3;2884;30.1010539240021;-0.140106201171875;-0.0099945068359375;1 A
3;2885;30.1091839239816;-0.142486572265625;-0.010284423828125;1 A
3;2886;30.1173139239611;-0.14495849609375;-0.0105133056640625;1 A
3;2887;30.1254439239406;-0.1473388671875;-0.010797119140625;1 A
3;2888;30.13357392392;-0.1497802734375;-0.011041259765625;1 A
3;2889;30.1417039238995;-0.1522216796875;-0.011328125;1 A
3;2890;30.149833923879;-0.154632568359375;-0.0115966796875;1 A
3;2891;30.1579639238585;-0.157073974609375;-0.0118804931640625;1 A
3;2892;30.1660939238379;-0.159576416015625;-0.0121612548828125;1 A
3;2893;30.1742239238174;-0.1619873046875;-0.0124603271484375;1 A
3;2894;30.1823539237969;-0.16436767578125;-0.012762451171875;1 A
3;2895;30.1904839237764;-0.1668701171875;-0.01307373046875;1 A
3;2896;30.1986139237558;-0.1693115234375;-0.01336669921875;1 A
3;2897;30.2067439237353;-0.171722412109375;-0.013720703125;1 A
3;2898;30.2148739237148;-0.17413330078125;-0.0140167236328125;1 A
3;2899;30.2230039236943;-0.176605224609375;-0.0143768310546875;1 A
3;2900;30.2311339236737;-0.179046630859375;-0.014678955078125;1 A
3;2901;30.2392639236532;-0.18145751953125;-0.0150543212890625;1 A
3;2902;30.2473939236327;-0.183868408203125;-0.0153717041015625;1 A
3;2903;30.2555239236121;-0.186370849609375;-0.0157745361328125;1 A
3;2904;30.2636539235916;-0.188751220703125;-0.016082763671875;1 A
3;2905;30.2717839235711;-0.19122314453125;-0.016510009765625;1 A
3;2906;30.2799139235506;-0.193634033203125;-0.0168487548828125;1 A
3;2907;30.28804392353;-0.196075439453125;-0.01728515625;1 A
3;2908;30.2961739235095;-0.19854736328125;-0.017620849609375;1 A
3;2909;30.304303923489;-0.20098876953125;-0.01806640625;1 A
3;2910;30.3124339234685;-0.203369140625;-0.0184326171875;1 A
3;2911;30.3205639234479;-0.205841064453125;-0.0188812255859375;1 A
3;2912;30.3286939234274;-0.20831298828125;-0.0192596435546875;1 A
3;2913;30.3368239234069;-0.210723876953125;-0.019696044921875;1 A
3;2914;30.3449539233864;-0.213165283203125;-0.0201171875;1 A
3;2915;30.3530839233658;-0.21563720703125;-0.020556640625;1 A
3;2916;30.3612139233453;-0.218048095703125;-0.0209869384765625;1 A
3;2917;30.3693439233248;-0.220458984375;-0.0214324951171875;1 A
3;2918;30.3774739233043;-0.222900390625;-0.021881103515625;1 A
3;2919;30.3856039232837;-0.225372314453125;-0.0223419189453125;1 A
3;2920;30.3937339232632;-0.227752685546875;-0.022833251953125;1 A
3;2921;30.4018639232427;-0.23028564453125;-0.023248291015625;1 A
3;2922;30.4099939232221;-0.232666015625;-0.023797607421875;1 A
3;2923;30.4181239232016;-0.235076904296875;-0.024212646484375;1 A
3;2924;30.4262539231811;-0.237518310546875;-0.02479248046875;1 A
3;2925;30.4343839231606;-0.239959716796875;-0.02523193359375;1 A
3;2926;30.44251392314;-0.242401123046875;-0.025787353515625;1 A
3;2927;30.4506439231195;-0.244842529296875;-0.02625732421875;1 A
3;2928;30.458773923099;-0.247314453125;-0.0268218994140625;1 A
3;2929;30.4669039230785;-0.24969482421875;-0.027349853515625;1 A
3;2930;30.4750339230579;-0.252166748046875;-0.02786865234375;1 A
3;2931;30.4831639230374;-0.254638671875;-0.0284210205078125;1 A
3;2932;30.4912939230169;-0.256988525390625;-0.028955078125;1 A
3;2933;30.4994239229964;-0.259490966796875;-0.0294891357421875;1 A
3;2934;30.5075539229758;-0.261932373046875;-0.030047607421875;1 A
3;2935;30.5156839229553;-0.264404296875;-0.030596923828125;1 A
3;2936;30.5238139229348;-0.266815185546875;-0.03114013671875;1 A
3;2937;30.5319439229143;-0.269195556640625;-0.031683349609375;1 A
3;2938;30.5400739228937;-0.271728515625;-0.0322662353515625;1 A
3;2939;30.5482039228732;-0.27410888671875;-0.0327880859375;1 A
3;2940;30.5563339228527;-0.276519775390625;-0.033367919921875;1 A
3;2941;30.5644639228321;-0.27899169921875;-0.0338775634765625;1 A
3;2942;30.5725939228116;-0.281463623046875;-0.0344757080078125;1 A
3;2943;30.5807239227911;-0.283843994140625;-0.0349365234375;1 A
3;2944;30.5888539227706;-0.286346435546875;-0.0355560302734375;1 A
3;2945;30.59698392275;-0.288726806640625;-0.0359893798828125;1 A
3;2946;30.6051139227295;-0.291168212890625;-0.036614990234375;1 A
3;2947;30.613243922709;-0.293609619140625;-0.0370147705078125;1 A
3;2948;30.6213739226885;-0.296051025390625;-0.0375823974609375;1 A
3;2949;30.6295039226679;-0.2984619140625;-0.038037109375;1 A
3;2950;30.6376339226474;-0.3009033203125;-0.0385894775390625;1 A
3;2951;30.6457639226269;-0.3033447265625;-0.0389984130859375;1 A
3;2952;30.6538939226064;-0.305755615234375;-0.0395172119140625;1 A
3;2953;30.6620239225858;-0.308319091796875;-0.03995361328125;1 A
3;2954;30.6701539225653;-0.3106689453125;-0.04044189453125;1 A
3;2955;30.6782839225448;-0.31317138671875;-0.040863037109375;1 A
3;2956;30.6864139225243;-0.315521240234375;-0.041351318359375;1 A
3;2957;30.6945439225037;-0.3179931640625;-0.0418426513671875;1 A
3;2958;30.7026739224832;-0.320465087890625;-0.0422821044921875;1 A
3;2959;30.7108039224627;-0.3228759765625;-0.0427276611328125;1 A
3;2960;30.7189339224421;-0.32525634765625;-0.043121337890625;1 A
3;2961;30.7270639224216;-0.327728271484375;-0.0436279296875;1 A
3;2962;30.7351939224011;-0.330169677734375;-0.0439849853515625;1 A
3;2963;30.7433239223806;-0.332611083984375;-0.0444732666015625;1 A
3;2964;30.75145392236;-0.335052490234375;-0.044818115234375;1 A
3;2965;30.7595839223395;-0.33746337890625;-0.04527587890625;1 A
3;2966;30.767713922319;-0.339935302734375;-0.04559326171875;1 A
3;2967;30.7758439222985;-0.342376708984375;-0.0460662841796875;1 A
3;2968;30.7839739222779;-0.34478759765625;-0.046368408203125;1 A
3;2969;30.7921039222574;-0.347320556640625;-0.0467681884765625;1 A
3;2970;30.8002339222369;-0.34967041015625;-0.0470855712890625;1 A
3;2971;30.8083639222164;-0.3521728515625;-0.047454833984375;1 A
3;2972;30.8164939221958;-0.35455322265625;-0.0477996826171875;1 A
3;2973;30.8246239221753;-0.35699462890625;-0.0481170654296875;1 A
3;2974;30.8327539221548;-0.359405517578125;-0.0484619140625;1 A
3;2975;30.8408839221343;-0.361907958984375;-0.0488006591796875;1 A
3;2976;30.8490139221137;-0.36431884765625;-0.0490447998046875;1 A
3;2977;30.8571439220932;-0.366729736328125;-0.0494171142578125;1 A
3;2978;30.8652739220727;-0.369140625;-0.0496337890625;1 A
3;2979;30.8734039220521;-0.37158203125;-0.050018310546875;1 A
3;2980;30.8815339220316;-0.374053955078125;-0.050201416015625;1 A
3;2981;30.8896639220111;-0.376495361328125;-0.050537109375;1 A
3;2982;30.8977939219906;-0.37896728515625;-0.050689697265625;1 A
3;2983;30.90592392197;-0.381378173828125;-0.050994873046875;1 A
3;2984;30.9140539219495;-0.383758544921875;-0.051116943359375;1 A
3;2985;30.922183921929;-0.386260986328125;-0.05145263671875;1 A
3;2986;30.9303139219085;-0.38873291015625;-0.05157470703125;1 A
3;2987;30.9384439218879;-0.391082763671875;-0.05181884765625;1 A
3;2988;30.9465739218674;-0.393585205078125;-0.0518798828125;1 A
3;2989;30.9547039218469;-0.396026611328125;-0.0521240234375;1 A
3;2990;30.9628339218264;-0.398468017578125;-0.05218505859375;1 A
3;2991;30.9709639218058;-0.400909423828125;-0.052398681640625;1 A
3;2992;30.9790939217853;-0.4033203125;-0.052490234375;1 A
3;2993;30.9872239217648;-0.40576171875;-0.0526123046875;1 A
3;2994;30.9953539217443;-0.408203125;-0.052642822265625;1 A
3;2995;31.0034839217237;-0.410614013671875;-0.052764892578125;1 A
3;2996;31.0116139217032;-0.413055419921875;-0.052825927734375;1 A
3;2997;31.0197439216827;-0.415496826171875;-0.052886962890625;1 A
3;2998;31.0278739216621;-0.41790771484375;-0.052947998046875;1 A
3;2999;31.0360039216416;-0.420379638671875;-0.053009033203125;1 A
3;3000;31.0441339216211;-0.4228515625;-0.053009033203125;1 A
3;3001;31.0522639216006;-0.425262451171875;-0.052978515625;1 A
3;3002;31.06039392158;-0.427734375;-0.053070068359375;1 A
3;3003;31.0685239215595;-0.43011474609375;-0.052978515625;1 A
3;3004;31.076653921539;-0.43255615234375;-0.053009033203125;1 A
3;3005;31.0847839215185;-0.434967041015625;-0.05291748046875;1 A
3;3006;31.0929139214979;-0.437408447265625;-0.052947998046875;1 A
3;3007;31.1010439214774;-0.43988037109375;-0.052825927734375;1 A
3;3008;31.1091739214569;-0.44232177734375;-0.052825927734375;1 A
3;3009;31.1173039214364;-0.44476318359375;-0.052764892578125;1 A
3;3010;31.1254339214158;-0.447235107421875;-0.052703857421875;1 A
3;3011;31.1335639213953;-0.44964599609375;-0.0526123046875;1 A
3;3012;31.1416939213748;-0.452056884765625;-0.05255126953125;1 A
3;3013;31.1498239213543;-0.454498291015625;-0.052459716796875;1 A
3;3014;31.1579539213337;-0.45697021484375;-0.052398681640625;1 A
3;3015;31.1660839213132;-0.45941162109375;-0.052276611328125;1 A
3;3016;31.1742139212927;-0.4617919921875;-0.05218505859375;1 A
3;3017;31.1823439212721;-0.4642333984375;-0.05206298828125;1 A
3;3018;31.1904739212516;-0.46673583984375;-0.052001953125;1 A
3;3019;31.1986039212311;-0.4691162109375;-0.05181884765625;1 A
3;3020;31.2067339212106;-0.471588134765625;-0.0517578125;1 A
3;3021;31.21486392119;-0.4739990234375;-0.051605224609375;1 A
3;3022;31.2229939211695;-0.47650146484375;-0.051513671875;1 A
3;3023;31.231123921149;-0.478912353515625;-0.05133056640625;1 A
3;3024;31.2392539211285;-0.481353759765625;-0.05126953125;1 A
3;3025;31.2473839211079;-0.4837646484375;-0.051025390625;1 A
3;3026;31.2555139210874;-0.4862060546875;-0.05096435546875;1 A
3;3027;31.2636439210669;-0.488616943359375;-0.050750732421875;1 A
3;3028;31.2717739210464;-0.491119384765625;-0.0506591796875;1 A
3;3029;31.2799039210258;-0.493438720703125;-0.05047607421875;1 A
3;3030;31.2880339210053;-0.495941162109375;-0.05035400390625;1 A
3;3031;31.2961639209848;-0.498382568359375;-0.050140380859375;1 A
3;3032;31.3042939209643;-0.5008544921875;-0.050018310546875;1 A
3;3033;31.3124239209437;-0.503265380859375;-0.0497772216796875;1 A
3;3034;31.3205539209232;-0.5057373046875;-0.0496429443359375;1 A
3;3035;31.3286839209027;-0.5081787109375;-0.049456787109375;1 A
3;3036;31.3368139208822;-0.510589599609375;-0.0492828369140625;1 A
3;3037;31.3449439208616;-0.51300048828125;-0.0490966796875;1 A
3;3038;31.3530739208411;-0.51544189453125;-0.048907470703125;1 A
3;3039;31.3612039208206;-0.51788330078125;-0.0487060546875;1 A
3;3040;31.3693339208;-0.520355224609375;-0.0485260009765625;1 A
3;3041;31.3774639207795;-0.522796630859375;-0.0483428955078125;1 A
3;3042;31.385593920759;-0.525238037109375;-0.0481353759765625;1 A
3;3043;31.3937239207385;-0.52764892578125;-0.0479644775390625;1 A
3;3044;31.4018539207179;-0.53009033203125;-0.04774169921875;1 A
3;3045;31.4099839206974;-0.53253173828125;-0.0475921630859375;1 A
3;3046;31.4181139206769;-0.53497314453125;-0.04737548828125;1 A
3;3047;31.4262439206564;-0.537353515625;-0.04720458984375;1 A
3;3048;31.4343739206358;-0.53985595703125;-0.0469940185546875;1 A
3;3049;31.4425039206153;-0.542327880859375;-0.04681396484375;1 A
3;3050;31.4506339205948;-0.544708251953125;-0.0466064453125;1 A
3;3051;31.4587639205743;-0.547149658203125;-0.0464202880859375;1 A
3;3052;31.4668939205537;-0.549591064453125;-0.0462158203125;1 A
3;3053;31.4750239205332;-0.552032470703125;-0.046026611328125;1 A
3;3054;31.4831539205127;-0.554473876953125;-0.0458282470703125;1 A
3;3055;31.4912839204922;-0.556854248046875;-0.045648193359375;1 A
3;3056;31.4994139204716;-0.559417724609375;-0.0454254150390625;1 A
3;3057;31.5075439204511;-0.56182861328125;-0.04525146484375;1 A
3;3058;31.5156739204306;-0.564239501953125;-0.0450439453125;1 A
3;3059;31.52380392041;-0.566619873046875;-0.0448486328125;1 A
3;3060;31.5319339203895;-0.569122314453125;-0.0446441650390625;1 A
3;3061;31.540063920369;-0.571563720703125;-0.044464111328125;1 A
3;3062;31.5481939203485;-0.573944091796875;-0.0442413330078125;1 A
3;3063;31.5563239203279;-0.576416015625;-0.0440887451171875;1 A
3;3064;31.5644539203074;-0.578857421875;-0.0438751220703125;1 A
3;3065;31.5725839202869;-0.58123779296875;-0.04371337890625;1 A
3;3066;31.5807139202664;-0.583709716796875;-0.043487548828125;1 A
3;3067;31.5888439202458;-0.58612060546875;-0.04332275390625;1 A
3;3068;31.5969739202253;-0.588592529296875;-0.043109130859375;1 A
3;3069;31.6051039202048;-0.591033935546875;-0.0429473876953125;1 A
3;3070;31.6132339201843;-0.593414306640625;-0.042742919921875;1 A
3;3071;31.6213639201637;-0.595855712890625;-0.042578125;1 A
3;3072;31.6294939201432;-0.598358154296875;-0.042376708984375;1 A
3;3073;31.6376239201227;-0.600799560546875;-0.0422149658203125;1 A
3;3074;31.6457539201022;-0.603179931640625;-0.041998291015625;1 A
3;3075;31.6538839200816;-0.605712890625;-0.04183349609375;1 A
3;3076;31.6620139200611;-0.608123779296875;-0.0416290283203125;1 A
3;3077;31.6701439200406;-0.61053466796875;-0.041473388671875;1 A
3;3078;31.67827392002;-0.61297607421875;-0.0412933349609375;1 A
3;3079;31.6864039199995;-0.615386962890625;-0.0411376953125;1 A
3;3080;31.694533919979;-0.617889404296875;-0.0409515380859375;1 A
3;3081;31.7026639199585;-0.620330810546875;-0.0407867431640625;1 A
3;3082;31.7107939199379;-0.622772216796875;-0.0406158447265625;1 A
3;3083;31.7189239199174;-0.625152587890625;-0.0404632568359375;1 A
3;3084;31.7270539198969;-0.627593994140625;-0.0403045654296875;1 A
3;3085;31.7351839198764;-0.6300048828125;-0.0401092529296875;1 A
3;3086;31.7433139198558;-0.6324462890625;-0.0399749755859375;1 A
3;3087;31.7514439198353;-0.634918212890625;-0.0397735595703125;1 A
3;3088;31.7595739198148;-0.637359619140625;-0.0396392822265625;1 A
3;3089;31.7677039197943;-0.63983154296875;-0.039447021484375;1 A
3;3090;31.7758339197737;-0.642181396484375;-0.0393218994140625;1 A
3;3091;31.7839639197532;-0.644622802734375;-0.0391510009765625;1 A
3;3092;31.7920939197327;-0.64715576171875;-0.0390106201171875;1 A
3;3093;31.8002239197122;-0.649566650390625;-0.03885498046875;1 A
3;3094;31.8083539196916;-0.651947021484375;-0.038690185546875;1 A
3;3095;31.8164839196711;-0.65447998046875;-0.0385345458984375;1 A
3;3096;31.8246139196506;-0.65679931640625;-0.038397216796875;1 A
3;3097;31.83274391963;-0.6593017578125;-0.0382598876953125;1 A
3;3098;31.8408739196095;-0.661651611328125;-0.038104248046875;1 A
3;3099;31.849003919589;-0.66412353515625;-0.0379547119140625;1 A
3;3100;31.8571339195685;-0.666595458984375;-0.0378265380859375;1 A
3;3101;31.8652639195479;-0.6690673828125;-0.03768310546875;1 A
3;3102;31.8733939195274;-0.671478271484375;-0.037548828125;1 A
3;3103;31.8815239195069;-0.673858642578125;-0.0373931884765625;1 A
3;3104;31.8896539194864;-0.67633056640625;-0.037261962890625;1 A
3;3105;31.8977839194658;-0.678802490234375;-0.0371124267578125;1 A
3;3106;31.9059139194453;-0.681182861328125;-0.0369903564453125;1 A
3;3107;31.9140439194248;-0.68365478515625;-0.0368316650390625;1 A
3;3108;31.9221739194043;-0.68609619140625;-0.03671875;1 A
3;3109;31.9303039193837;-0.688507080078125;-0.03656005859375;1 A
3;3110;31.9384339193632;-0.69091796875;-0.0364471435546875;1 A
3;3111;31.9465639193427;-0.693389892578125;-0.0363037109375;1 A
3;3112;31.9546939193222;-0.69586181640625;-0.0361785888671875;1 A
3;3113;31.9628239193016;-0.69830322265625;-0.0360504150390625;1 A
3;3114;31.9709539192811;-0.700714111328125;-0.0359405517578125;1 A
3;3115;31.9790839192606;-0.703155517578125;-0.035833740234375;1 A
3;3116;31.98721391924;-0.70562744140625;-0.0357177734375;1 A
3;3117;31.9953439192195;-0.7080078125;-0.035601806640625;1 A
3;3118;32.003473919199;-0.71044921875;-0.0354888916015625;1 A
3;3119;32.0116039191785;-0.712921142578125;-0.0353546142578125;1 A
3;3120;32.0197339191579;-0.71533203125;-0.0352447509765625;1 A
3;3121;32.0278639191374;-0.717803955078125;-0.03511962890625;1 A
3;3122;32.0359939191169;-0.72021484375;-0.0350189208984375;1 A
3;3123;32.0441239190964;-0.72265625;-0.0349029541015625;1 A
3;3124;32.0522539190758;-0.725128173828125;-0.03477783203125;1 A
3;3125;32.0603839190553;-0.7275390625;-0.0346771240234375;1 A
3;3126;32.0685139190348;-0.72991943359375;-0.03455810546875;1 A
3;3127;32.0766439190143;-0.732421875;-0.03447265625;1 A
3;3128;32.0847739189937;-0.734832763671875;-0.0343475341796875;1 A
3;3129;32.0929039189732;-0.737274169921875;-0.0342620849609375;1 A
3;3130;32.1010339189527;-0.739715576171875;-0.034130859375;1 A
3;3131;32.1091639189322;-0.7421875;-0.034051513671875;1 A
3;3132;32.1172939189116;-0.744537353515625;-0.033935546875;1 A
3;3133;32.1254239188911;-0.747039794921875;-0.0338409423828125;1 A
3;3134;32.1335539188706;-0.749481201171875;-0.033746337890625;1 A
3;3135;32.14168391885;-0.75225830078125;-0.0336517333984375;1 A
3;3136;32.1498139188295;-0.75439453125;-0.03355712890625;1 A
3;3137;32.157943918809;-0.75653076171875;-0.0334747314453125;1 A
3;3138;32.1660739187885;-0.75927734375;-0.0333831787109375;1 A
3;3139;32.1742039187679;-0.76141357421875;-0.03328857421875;1 A
3;3140;32.1823339187474;-0.76385498046875;-0.03319091796875;1 A
3;3141;32.1904639187269;-0.76629638671875;-0.03311767578125;1 A
3;3142;32.1985939187064;-0.76873779296875;-0.0330108642578125;1 A
3;3143;32.2067239186858;-0.77178955078125;-0.0329254150390625;1 A
3;3144;32.2148539186653;-0.77392578125;-0.0328338623046875;1 A
3;3145;32.2229839186448;-0.7757568359375;-0.0327484130859375;1 A
3;3146;32.2311139186243;-0.77880859375;-0.0326690673828125;1 A
3;3147;32.2392439186037;-0.78125;-0.032586669921875;1 A
3;3148;32.2473739185832;-0.78338623046875;-0.032489013671875;1 A
3;3149;32.2555039185627;-0.78582763671875;-0.0324249267578125;1 A
3;3150;32.2636339185422;-0.78826904296875;-0.03233642578125;1 A
3;3151;32.2717639185216;-0.7904052734375;-0.032275390625;1 A
3;3152;32.2798939185011;-0.79376220703125;-0.03218994140625;1 A
3;3153;32.2880239184806;-0.7958984375;-0.03211669921875;1 A
3;3154;32.29615391846;-0.7977294921875;-0.0320404052734375;1 A
3;3155;32.3042839184395;-0.8001708984375;-0.031982421875;1 A
3;3156;32.312413918419;-0.80322265625;-0.03189697265625;1 A
3;3157;32.3205439183985;-0.80535888671875;-0.0318389892578125;1 A
3;3158;32.3286739183779;-0.80718994140625;-0.0317626953125;1 A
3;3159;32.3368039183574;-0.810546875;-0.0316925048828125;1 A
3;3160;32.3449339183369;-0.81298828125;-0.031610107421875;1 A
3;3161;32.3530639183164;-0.81512451171875;-0.031549072265625;1 A
3;3162;32.3611939182958;-0.8172607421875;-0.031475830078125;1 A
3;3163;32.3693239182753;-0.82000732421875;-0.03140869140625;1 A
3;3164;32.3774539182548;-0.82275390625;-0.03134765625;1 A
3;3165;32.3855839182343;-0.8251953125;-0.0312652587890625;1 A
3;3166;32.3937139182137;-0.82733154296875;-0.0312164306640625;1 A
3;3167;32.4018439181932;-0.82977294921875;-0.03115234375;1 A
3;3168;32.4099739181727;-0.83251953125;-0.0311309814453125;1 A
3;3169;32.4181039181522;-0.83526611328125;-0.0310699462890625;1 A
3;3170;32.4262339181316;-0.83709716796875;-0.031024169921875;1 A
3;3171;32.4343639181111;-0.8392333984375;-0.0309600830078125;1 A
3;3172;32.4424939180906;-0.84228515625;-0.030914306640625;1 A
3;3173;32.4506239180701;-0.84442138671875;-0.0308563232421875;1 A
3;3174;32.4587539180495;-0.84625244140625;-0.0308074951171875;1 A
3;3175;32.466883918029;-0.8489990234375;-0.03074951171875;1 A
3;3176;32.4750139180085;-0.8514404296875;-0.030694580078125;1 A
3;3177;32.4831439179879;-0.8538818359375;-0.0306610107421875;1 A
3;3178;32.4912739179674;-0.8563232421875;-0.030621337890625;1 A
3;3179;32.4994039179469;-0.85906982421875;-0.0305633544921875;1 A
3;3180;32.5075339179264;-0.8612060546875;-0.0305145263671875;1 A
3;3181;32.5156639179058;-0.86395263671875;-0.03045654296875;1 A
3;3182;32.5237939178853;-0.86669921875;-0.0303985595703125;1 A
3;3183;32.5319239178648;-0.8685302734375;-0.0303558349609375;1 A
3;3184;32.5400539178443;-0.8709716796875;-0.030316162109375;1 A
3;3185;32.5481839178237;-0.872802734375;-0.030267333984375;1 A
3;3186;32.5563139178032;-0.87615966796875;-0.0302276611328125;1 A
3;3187;32.5644439177827;-0.8782958984375;-0.0301727294921875;1 A
3;3188;32.5725739177622;-0.8807373046875;-0.0301361083984375;1 A
3;3189;32.5807039177416;-0.8831787109375;-0.0300933837890625;1 A
3;3190;32.5888339177211;-0.88623046875;-0.030078125;1 A
3;3191;32.5969639177006;-0.88836669921875;-0.030023193359375;1 A
3;3192;32.6050939176801;-0.89080810546875;-0.029998779296875;1 A
3;3193;32.6132239176595;-0.8935546875;-0.029949951171875;1 A
3;3194;32.621353917639;-0.8953857421875;-0.0299285888671875;1 A
3;3195;32.6294839176185;-0.8978271484375;-0.02987060546875;1 A
3;3196;32.6376139175979;-0.90057373046875;-0.0298553466796875;1 A
3;3197;32.6457439175774;-0.90301513671875;-0.0298065185546875;1 A
3;3198;32.6538739175569;-0.90545654296875;-0.029779052734375;1 A
3;3199;32.6620039175364;-0.90789794921875;-0.0297149658203125;1 A
3;3200;32.6701339175158;-0.9100341796875;-0.0296905517578125;1 A
3;3201;32.6782639174953;-0.9124755859375;-0.0296417236328125;1 A
3;3202;32.6863939174748;-0.9149169921875;-0.0296112060546875;1 A
3;3203;32.6945239174543;-0.9173583984375;-0.029547119140625;1 A
3;3204;32.7026539174337;-0.92010498046875;-0.0295257568359375;1 A
3;3205;32.7107839174132;-0.92254638671875;-0.029473876953125;1 A
3;3206;32.7189139173927;-0.9246826171875;-0.029437255859375;1 A
3;3207;32.7270439173722;-0.92681884765625;-0.0294189453125;1 A
3;3208;32.7351739173516;-0.9295654296875;-0.0293609619140625;1 A
3;3209;32.7433039173311;-0.9320068359375;-0.029327392578125;1 A
3;3210;32.7514339173106;-0.9344482421875;-0.0292816162109375;1 A
3;3211;32.7595639172901;-0.93658447265625;-0.0292694091796875;1 A
3;3212;32.7676939172695;-0.93902587890625;-0.0292144775390625;1 A
3;3213;32.775823917249;-0.9417724609375;-0.0292083740234375;1 A
3;3214;32.7839539172285;-0.94451904296875;-0.0291595458984375;1 A
3;3215;32.7920839172079;-0.94696044921875;-0.0291351318359375;1 A
3;3216;32.8002139171874;-0.94970703125;-0.02908935546875;1 A
3;3217;32.8083439171669;-0.95184326171875;-0.02906494140625;1 A
3;3218;32.8164739171464;-0.95458984375;-0.0290374755859375;1 A
3;3219;32.8246039171258;-0.95611572265625;-0.02901611328125;1 A
3;3220;32.8327339171053;-0.9588623046875;-0.028973388671875;1 A
3;3221;32.8408639170848;-0.9613037109375;-0.0289459228515625;1 A
3;3222;32.8489939170643;-0.9637451171875;-0.0289154052734375;1 A
3;3223;32.8571239170437;-0.966796875;-0.028912353515625;1 A
3;3224;32.8652539170232;-0.96832275390625;-0.02889404296875;1 A
3;3225;32.8733839170027;-0.97137451171875;-0.02886962890625;1 A
3;3226;32.8815139169822;-0.97412109375;-0.0288421630859375;1 A
3;3227;32.8896439169616;-0.9759521484375;-0.0288238525390625;1 A
3;3228;32.8977739169411;-0.97869873046875;-0.02879638671875;1 A
3;3229;32.9059039169206;-0.9808349609375;-0.0287933349609375;1 A
3;3230;32.9140339169001;-0.98358154296875;-0.0287567138671875;1 A
3;3231;32.9221639168795;-0.985107421875;-0.028759765625;1 A
3;3232;32.930293916859;-0.98876953125;-0.0287139892578125;1 A
3;3233;32.9384239168385;-0.9906005859375;-0.0287322998046875;1 A
3;3234;32.9465539168179;-0.9930419921875;-0.028692626953125;1 A
3;3235;32.9546839167974;-0.9954833984375;-0.02869873046875;1 A
3;3236;32.9628139167769;-0.9979248046875;-0.028668212890625;1 A
3;3237;32.9709439167564;-1.0003662109375;-0.0278778076171875;1 A
3;3238;32.9790739167358;-0.99761962890625;-0.0274688720703125;1 A
3;3239;32.9872039167153;-0.994873046875;-0.0272674560546875;1 A
3;3240;32.9953339166948;-0.9930419921875;-0.0270843505859375;1 A
3;3241;33.0034639166743;-0.99090576171875;-0.026959228515625;1 A
3;3242;33.0115939166537;-0.98785400390625;-0.0268341064453125;1 A
3;3243;33.0197239166332;-0.98541259765625;-0.0267333984375;1 A
3;3244;33.0278539166127;-0.9832763671875;-0.026629638671875;1 A
3;3245;33.0359839165922;-0.9808349609375;-0.026556396484375;1 A
3;3246;33.0441139165716;-0.977783203125;-0.02647705078125;1 A
3;3247;33.0522439165511;-0.9759521484375;-0.026373291015625;1 A
3;3248;33.0603739165306;-0.972900390625;-0.0263153076171875;1 A
3;3249;33.0685039165101;-0.97076416015625;-0.026226806640625;1 A
3;3250;33.0766339164895;-0.96832275390625;-0.0261871337890625;1 A
3;3251;33.084763916469;-0.965576171875;-0.0261016845703125;1 A
3;3252;33.0928939164485;-0.9637451171875;-0.026055908203125;1 A
3;3253;33.1010239164279;-0.960693359375;-0.0259735107421875;1 A
3;3254;33.1091539164074;-0.95855712890625;-0.0259124755859375;1 A
3;3255;33.1172839163869;-0.9564208984375;-0.025860595703125;1 A
3;3256;33.1254139163664;-0.953369140625;-0.0258087158203125;1 A
3;3257;33.1335439163458;-0.950927734375;-0.025738525390625;1 A
3;3258;33.1416739163253;-0.9490966796875;-0.025689697265625;1 A
3;3259;33.1498039163048;-0.94635009765625;-0.02562255859375;1 A
3;3260;33.1579339162843;-0.943603515625;-0.0255615234375;1 A
3;3261;33.1660639162637;-0.94146728515625;-0.0255218505859375;1 A
3;3262;33.1741939162432;-0.93902587890625;-0.0254638671875;1 A
3;3263;33.1823239162227;-0.9356689453125;-0.0254119873046875;1 A
3;3264;33.1904539162022;-0.93414306640625;-0.0253692626953125;1 A
3;3265;33.1985839161816;-0.931396484375;-0.025311279296875;1 A
3;3266;33.2067139161611;-0.928955078125;-0.0252685546875;1 A
3;3267;33.2148439161406;-0.92681884765625;-0.0252197265625;1 A
3;3268;33.2229739161201;-0.9246826171875;-0.0251708984375;1 A
3;3269;33.2311039160995;-0.92132568359375;-0.0251220703125;1 A
3;3270;33.239233916079;-0.919189453125;-0.025091552734375;1 A
3;3271;33.2473639160585;-0.916748046875;-0.025042724609375;1 A
3;3272;33.2554939160379;-0.914306640625;-0.025006103515625;1 A
3;3273;33.2636239160174;-0.911865234375;-0.0249481201171875;1 A
3;3274;33.2717539159969;-0.909423828125;-0.0249176025390625;1 A
3;3275;33.2798839159764;-0.90728759765625;-0.0248748779296875;1 A
3;3276;33.2880139159558;-0.90423583984375;-0.0248260498046875;1 A
3;3277;33.2961439159353;-0.902099609375;-0.024761962890625;1 A
3;3278;33.3042739159148;-0.89996337890625;-0.0247283935546875;1 A
3;3279;33.3124039158943;-0.89752197265625;-0.024688720703125;1 A
3;3280;33.3205339158737;-0.89447021484375;-0.0246551513671875;1 A
3;3281;33.3286639158532;-0.89202880859375;-0.0246063232421875;1 A
3;3282;33.3367939158327;-0.889892578125;-0.0245697021484375;1 A
3;3283;33.3449239158122;-0.88775634765625;-0.024517822265625;1 A
3;3284;33.3530539157916;-0.885009765625;-0.0244781494140625;1 A
3;3285;33.3611839157711;-0.882568359375;-0.024432373046875;1 A
3;3286;33.3693139157506;-0.880126953125;-0.0243896484375;1 A
3;3287;33.3774439157301;-0.877685546875;-0.024359130859375;1 A
3;3288;33.3855739157095;-0.87493896484375;-0.02430419921875;1 A
3;3289;33.393703915689;-0.87310791015625;-0.024273681640625;1 A
3;3290;33.4018339156685;-0.870361328125;-0.02420654296875;1 A
3;3291;33.4099639156479;-0.867919921875;-0.0241851806640625;1 A
3;3292;33.4180939156274;-0.86517333984375;-0.02413330078125;1 A
3;3293;33.4262239156069;-0.86334228515625;-0.02410888671875;1 A
3;3294;33.4343539155864;-0.860595703125;-0.0240509033203125;1 A
3;3295;33.4424839155658;-0.85845947265625;-0.024029541015625;1 A
3;3296;33.4506139155453;-0.8563232421875;-0.023980712890625;1 A
3;3297;33.4587439155248;-0.853271484375;-0.0239501953125;1 A
3;3298;33.4668739155043;-0.85113525390625;-0.023907470703125;1 A
3;3299;33.4750039154837;-0.84869384765625;-0.0238494873046875;1 A
3;3300;33.4831339154632;-0.84625244140625;-0.02381591796875;1 A
3;3301;33.4912639154427;-0.84320068359375;-0.0237884521484375;1 A
3;3302;33.4993939154222;-0.841064453125;-0.02373046875;1 A
3;3303;33.5075239154016;-0.838623046875;-0.0236968994140625;1 A
3;3304;33.5156539153811;-0.836181640625;-0.02364501953125;1 A
3;3305;33.5237839153606;-0.833740234375;-0.023602294921875;1 A
3;3306;33.5319139153401;-0.83160400390625;-0.02357177734375;1 A
3;3307;33.5400439153195;-0.82916259765625;-0.0235260009765625;1 A
3;3308;33.548173915299;-0.8270263671875;-0.0234832763671875;1 A
3;3309;33.5563039152785;-0.82427978515625;-0.023455810546875;1 A
3;3310;33.564433915258;-0.8209228515625;-0.0234039306640625;1 A
3;3311;33.5725639152374;-0.81878662109375;-0.0233642578125;1 A
3;3312;33.5806939152169;-0.81634521484375;-0.023309326171875;1 A
3;3313;33.5888239151964;-0.81390380859375;-0.023291015625;1 A
3;3314;33.5969539151758;-0.811767578125;-0.0232391357421875;1 A
3;3315;33.6050839151553;-0.80902099609375;-0.023211669921875;1 A
3;3316;33.6132139151348;-0.806884765625;-0.02314453125;1 A
3;3317;33.6213439151143;-0.80413818359375;-0.0231231689453125;1 A
3;3318;33.6294739150937;-0.80169677734375;-0.02305908203125;1 A
3;3319;33.6376039150732;-0.799560546875;-0.0230255126953125;1 A
3;3320;33.6457339150527;-0.797119140625;-0.0229705810546875;1 A
3;3321;33.6538639150322;-0.794677734375;-0.022930908203125;1 A
3;3322;33.6619939150116;-0.79193115234375;-0.022882080078125;1 A
3;3323;33.6701239149911;-0.789794921875;-0.0228363037109375;1 A
3;3324;33.6782539149706;-0.787353515625;-0.022784423828125;1 A
3;3325;33.6863839149501;-0.78460693359375;-0.022747802734375;1 A
3;3326;33.6945139149295;-0.782470703125;-0.022705078125;1 A
3;3327;33.702643914909;-0.78033447265625;-0.0226593017578125;1 A
3;3328;33.7107739148885;-0.77789306640625;-0.022613525390625;1 A
3;3329;33.718903914868;-0.775146484375;-0.0225555419921875;1 A
3;3330;33.7270339148474;-0.77301025390625;-0.0225189208984375;1 A
3;3331;33.7351639148269;-0.76995849609375;-0.0224609375;1 A
3;3332;33.7432939148064;-0.7684326171875;-0.022430419921875;1 A
3;3333;33.7514239147858;-0.76568603515625;-0.022369384765625;1 A
3;3334;33.7595539147653;-0.7635498046875;-0.022332763671875;1 A
3;3335;33.7676839147448;-0.76080322265625;-0.0222686767578125;1 A
3;3336;33.7758139147243;-0.7586669921875;-0.022235107421875;1 A
3;3337;33.7839439147037;-0.7562255859375;-0.0221771240234375;1 A
3;3338;33.7920739146832;-0.75347900390625;-0.0221160888671875;1 A
3;3339;33.8002039146627;-0.75042724609375;-0.0220611572265625;1 A
3;3340;33.8083339146422;-0.74859619140625;-0.022015380859375;1 A
3;3341;33.8164639146216;-0.74615478515625;-0.02196044921875;1 A
3;3342;33.8245939146011;-0.74371337890625;-0.0218994140625;1 A
3;3343;33.8327239145806;-0.7412109375;-0.0218505859375;1 A
3;3344;33.8408539145601;-0.73883056640625;-0.021795654296875;1 A
3;3345;33.8489839145395;-0.73638916015625;-0.0217376708984375;1 A
3;3346;33.857113914519;-0.73388671875;-0.021685791015625;1 A
3;3347;33.8652439144985;-0.731536865234375;-0.021624755859375;1 A
3;3348;33.873373914478;-0.72900390625;-0.02158203125;1 A
3;3349;33.8815039144574;-0.726654052734375;-0.0215087890625;1 A
3;3350;33.8896339144369;-0.724151611328125;-0.021466064453125;1 A
3;3351;33.8977639144164;-0.721710205078125;-0.0213958740234375;1 A
3;3352;33.9058939143958;-0.71929931640625;-0.0213623046875;1 A
3;3353;33.9140239143753;-0.716796875;-0.021282958984375;1 A
3;3354;33.9221539143548;-0.714447021484375;-0.0212371826171875;1 A
3;3355;33.9302839143343;-0.711944580078125;-0.0211578369140625;1 A
3;3356;33.9384139143137;-0.70953369140625;-0.0211029052734375;1 A
3;3357;33.9465439142932;-0.70709228515625;-0.021026611328125;1 A
3;3358;33.9546739142727;-0.70465087890625;-0.020977783203125;1 A
3;3359;33.9628039142522;-0.702178955078125;-0.020892333984375;1 A
3;3360;33.9709339142316;-0.69976806640625;-0.0208404541015625;1 A
3;3361;33.9790639142111;-0.69732666015625;-0.020751953125;1 A
3;3362;33.9871939141906;-0.69488525390625;-0.020697021484375;1 A
3;3363;33.9953239141701;-0.69244384765625;-0.02061767578125;1 A
3;3364;34.0034539141495;-0.69000244140625;-0.0205596923828125;1 A
3;3365;34.011583914129;-0.68756103515625;-0.020477294921875;1 A
3;3366;34.0197139141085;-0.68511962890625;-0.02042236328125;1 A
3;3367;34.027843914088;-0.682708740234375;-0.0203399658203125;1 A
3;3368;34.0359739140674;-0.68023681640625;-0.0202606201171875;1 A
3;3369;34.0441039140469;-0.67779541015625;-0.020220947265625;1 A
3;3370;34.0522339140264;-0.675445556640625;-0.0201141357421875;1 A
3;3371;34.0603639140058;-0.672943115234375;-0.0200592041015625;1 A
3;3372;34.0684939139853;-0.67047119140625;-0.0199615478515625;1 A
3;3373;34.0766239139648;-0.668060302734375;-0.019891357421875;1 A
3;3374;34.0847539139443;-0.66552734375;-0.0197906494140625;1 A
3;3375;34.0928839139237;-0.663177490234375;-0.0197296142578125;1 A
3;3376;34.1010139139032;-0.66070556640625;-0.0196197509765625;1 A
3;3377;34.1091439138827;-0.65826416015625;-0.0195404052734375;1 A
3;3378;34.1172739138622;-0.65582275390625;-0.0194427490234375;1 A
3;3379;34.1254039138416;-0.653350830078125;-0.01934814453125;1 A
3;3380;34.1335339138211;-0.650909423828125;-0.0192535400390625;1 A
3;3381;34.1416639138006;-0.64849853515625;-0.0191619873046875;1 A
3;3382;34.1497939137801;-0.64605712890625;-0.0190765380859375;1 A
3;3383;34.1579239137595;-0.6436767578125;-0.0189727783203125;1 A
3;3384;34.166053913739;-0.64117431640625;-0.0188751220703125;1 A
3;3385;34.1741839137185;-0.638763427734375;-0.018792724609375;1 A
3;3386;34.182313913698;-0.636322021484375;-0.0186737060546875;1 A
3;3387;34.1904439136774;-0.63385009765625;-0.0185882568359375;1 A
3;3388;34.1985739136569;-0.63140869140625;-0.0184722900390625;1 A
3;3389;34.2067039136364;-0.6290283203125;-0.0183746337890625;1 A
3;3390;34.2148339136158;-0.626556396484375;-0.0182403564453125;1 A
3;3391;34.2229639135953;-0.62408447265625;-0.0181427001953125;1 A
3;3392;34.2310939135748;-0.6217041015625;-0.0180023193359375;1 A
3;3393;34.2392239135543;-0.6192626953125;-0.017901611328125;1 A
3;3394;34.2473539135337;-0.616851806640625;-0.01773681640625;1 A
3;3395;34.2554839135132;-0.614349365234375;-0.017645263671875;1 A
3;3396;34.2636139134927;-0.611907958984375;-0.017486572265625;1 A
3;3397;34.2717439134722;-0.609466552734375;-0.01737060546875;1 A
3;3398;34.2798739134516;-0.6070556640625;-0.0172149658203125;1 A
3;3399;34.2880039134311;-0.604644775390625;-0.0170989990234375;1 A
3;3400;34.2961339134106;-0.602142333984375;-0.0169464111328125;1 A
3;3401;34.3042639133901;-0.5997314453125;-0.0168243408203125;1 A
3;3402;34.3123939133695;-0.597259521484375;-0.016668701171875;1 A
3;3403;34.320523913349;-0.594879150390625;-0.0165252685546875;1 A
3;3404;34.3286539133285;-0.5924072265625;-0.016375732421875;1 A
3;3405;34.336783913308;-0.5899658203125;-0.0162200927734375;1 A
3;3406;34.3449139132874;-0.58746337890625;-0.01605224609375;1 A
3;3407;34.3530439132669;-0.58502197265625;-0.0159027099609375;1 A
3;3408;34.3611739132464;-0.58258056640625;-0.01573486328125;1 A
3;3409;34.3693039132258;-0.5802001953125;-0.0155303955078125;1 A
3;3410;34.3774339132053;-0.5777587890625;-0.0153839111328125;1 A
3;3411;34.3855639131848;-0.5753173828125;-0.0151702880859375;1 A
3;3412;34.3936939131643;-0.572906494140625;-0.0149993896484375;1 A
3;3413;34.4018239131437;-0.570404052734375;-0.01478271484375;1 A
3;3414;34.4099539131232;-0.5679931640625;-0.0146148681640625;1 A
3;3415;34.4180839131027;-0.565582275390625;-0.014398193359375;1 A
3;3416;34.4262139130822;-0.56304931640625;-0.014208984375;1 A
3;3417;34.4343439130616;-0.56072998046875;-0.0139801025390625;1 A
3;3418;34.4424739130411;-0.5582275390625;-0.013787841796875;1 A
3;3419;34.4506039130206;-0.555816650390625;-0.013568115234375;1 A
3;3420;34.4587339130001;-0.55340576171875;-0.0133514404296875;1 A
3;3421;34.4668639129795;-0.550933837890625;-0.01312255859375;1 A
3;3422;34.474993912959;-0.5484619140625;-0.012896728515625;1 A
3;3423;34.4831239129385;-0.54608154296875;-0.012652587890625;1 A
3;3424;34.491253912918;-0.5435791015625;-0.0124267578125;1 A
3;3425;34.4993839128974;-0.541168212890625;-0.0121612548828125;1 A
3;3426;34.5075139128769;-0.538726806640625;-0.011932373046875;1 A
3;3427;34.5156439128564;-0.5362548828125;-0.011651611328125;1 A
3;3428;34.5237739128358;-0.533843994140625;-0.0114013671875;1 A
3;3429;34.5319039128153;-0.531402587890625;-0.0111053466796875;1 A
3;3430;34.5400339127948;-0.528900146484375;-0.0108551025390625;1 A
3;3431;34.5481639127743;-0.52655029296875;-0.0105316162109375;1 A
3;3432;34.5562939127537;-0.52410888671875;-0.010296630859375;1 A
3;3433;34.5644239127332;-0.5216064453125;-0.00995483398437499;1 A
3;3434;34.5725539127127;-0.5191650390625;-0.00969848632812501;1 A
3;3435;34.5806839126922;-0.51678466796875;-0.00933227539062501;1 A
3;3436;34.5888139126716;-0.51434326171875;-0.00908508300781249;1 A
3;3437;34.5969439126511;-0.511871337890625;-0.0087158203125;1 A
3;3438;34.6050739126306;-0.50946044921875;-0.00842895507812499;1 A
3;3439;34.6132039126101;-0.50701904296875;-0.00807800292968749;1 A
3;3440;34.6213339125895;-0.50457763671875;-0.00777587890625001;1 A
3;3441;34.629463912569;-0.50201416015625;-0.0074005126953125;1 A
3;3442;34.6375939125485;-0.499664306640625;-0.00708618164062499;1 A
3;3443;34.645723912528;-0.497161865234375;-0.00671997070312499;1 A
3;3444;34.6538539125074;-0.4947509765625;-0.006365966796875;1 A
3;3445;34.6619839124869;-0.492279052734375;-0.00598754882812499;1 A
3;3446;34.6701139124664;-0.489898681640625;-0.00562438964843751;1 A
3;3447;34.6782439124459;-0.48748779296875;-0.00523681640625;1 A
3;3448;34.6863739124253;-0.48504638671875;-0.0048248291015625;1 A
3;3449;34.6945039124048;-0.4825439453125;-0.00447998046875001;1 A
3;3450;34.7026339123843;-0.480133056640625;-0.0040008544921875;1 A
3;3451;34.7107639123637;-0.477691650390625;-0.003680419921875;1 A
3;3452;34.7188939123432;-0.47528076171875;-0.003216552734375;1 A
3;3453;34.7270239123227;-0.4727783203125;-0.0028411865234375;1 A
3;3454;34.7351539123022;-0.4703369140625;-0.002392578125;1 A
3;3455;34.7432839122816;-0.467926025390625;-0.0020263671875;1 A
3;3456;34.7514139122611;-0.465484619140625;-0.00154724121093749;1 A
3;3457;34.7595439122406;-0.463043212890625;-0.00115356445312501;1 A
3;3458;34.7676739122201;-0.460693359375;-0.000704956054687497;1 A
3;3459;34.7758039121995;-0.4581298828125;-0.000283813476562506;1 A
3;3460;34.783933912179;-0.455718994140625;0.000180053710937503;1 A
3;3461;34.7920639121585;-0.45330810546875;0.000653076171875003;1 A
3;3462;34.800193912138;-0.450836181640625;0.00110778808593751;1 A
3;3463;34.8083239121174;-0.44842529296875;0.00155029296875001;1 A
3;3464;34.8164539120969;-0.446014404296875;0.0020477294921875;1 A
3;3465;34.8245839120764;-0.44354248046875;0.0025054931640625;1 A
3;3466;34.8327139120559;-0.441070556640625;0.0030059814453125;1 A
3;3467;34.8408439120353;-0.438690185546875;0.00343017578125;1 A
3;3468;34.8489739120148;-0.43621826171875;0.00397644042968751;1 A
3;3469;34.8571039119943;-0.43377685546875;0.00439453125;1 A
3;3470;34.8652339119737;-0.43133544921875;0.00493774414062501;1 A
3;3471;34.8733639119532;-0.42889404296875;0.0053558349609375;1 A
3;3472;34.8814939119327;-0.426361083984375;0.005938720703125;1 A
3;3473;34.8896239119122;-0.423980712890625;0.00634155273437501;1 A
3;3474;34.8977539118916;-0.42156982421875;0.0069122314453125;1 A
3;3475;34.9058839118711;-0.419158935546875;0.007305908203125;1 A
3;3476;34.9140139118506;-0.416748046875;0.007891845703125;1 A
3;3477;34.9221439118301;-0.41424560546875;0.008331298828125;1 A
3;3478;34.9302739118095;-0.411865234375;0.0088623046875;1 A
3;3479;34.938403911789;-0.409332275390625;0.00931396484374999;1 A
3;3480;34.9465339117685;-0.40692138671875;0.0098388671875;1 A
3;3481;34.954663911748;-0.40447998046875;0.0103179931640625;1 A
3;3482;34.9627939117274;-0.402069091796875;0.010845947265625;1 A
3;3483;34.9709239117069;-0.39959716796875;0.0113128662109375;1 A
3;3484;34.9790539116864;-0.39715576171875;0.011810302734375;1 A
3;3485;34.9871839116659;-0.39471435546875;0.0122894287109375;1 A
3;3486;34.9953139116453;-0.392303466796875;0.0128021240234375;1 A
3;3487;35.0034439116248;-0.389892578125;0.01329345703125;1 A
3;3488;35.0115739116043;-0.387420654296875;0.0137451171875;1 A
3;3489;35.0197039115837;-0.38494873046875;0.0142730712890625;1 A
3;3490;35.0278339115632;-0.382537841796875;0.0146942138671875;1 A
3;3491;35.0359639115427;-0.380096435546875;0.015185546875;1 A
3;3492;35.0440939115222;-0.377716064453125;0.0155731201171875;1 A
3;3493;35.0522239115016;-0.37518310546875;0.0161102294921875;1 A
3;3494;35.0603539114811;-0.372802734375;0.0164581298828125;1 A
3;3495;35.0684839114606;-0.37030029296875;0.0169952392578125;1 A
3;3496;35.0766139114401;-0.36785888671875;0.017333984375;1 A
3;3497;35.0847439114195;-0.365478515625;0.0178192138671875;1 A
3;3498;35.092873911399;-0.36297607421875;0.0182403564453125;1 A
3;3499;35.1010039113785;-0.360565185546875;0.018658447265625;1 A
3;3500;35.109133911358;-0.358123779296875;0.0190643310546875;1 A
3;3501;35.1172639113374;-0.355743408203125;0.0194854736328125;1 A
3;3502;35.1253939113169;-0.353240966796875;0.0198760986328125;1 A
3;3503;35.1335239112964;-0.350830078125;0.020245361328125;1 A
3;3504;35.1416539112759;-0.348358154296875;0.020648193359375;1 A
3;3505;35.1497839112553;-0.345947265625;0.021051025390625;1 A
3;3506;35.1579139112348;-0.34356689453125;0.0213348388671875;1 A
3;3507;35.1660439112143;-0.34100341796875;0.021746826171875;1 A
3;3508;35.1741739111937;-0.338623046875;0.0220306396484375;1 A
3;3509;35.1823039111732;-0.336181640625;0.0223876953125;1 A
3;3510;35.1904339111527;-0.33380126953125;0.022637939453125;1 A
3;3511;35.1985639111322;-0.331268310546875;0.02305908203125;1 A
3;3512;35.2066939111116;-0.328857421875;0.023248291015625;1 A
3;3513;35.2148239110911;-0.326446533203125;0.023626708984375;1 A
3;3514;35.2229539110706;-0.324005126953125;0.023822021484375;1 A
3;3515;35.2310839110501;-0.321563720703125;0.02415771484375;1 A
3;3516;35.2392139110295;-0.319122314453125;0.024334716796875;1 A
3;3517;35.247343911009;-0.316650390625;0.0246612548828125;1 A
3;3518;35.2554739109885;-0.314208984375;0.024798583984375;1 A
3;3519;35.263603910968;-0.31182861328125;0.0251373291015625;1 A
3;3520;35.2717339109474;-0.309295654296875;0.025262451171875;1 A
3;3521;35.2798639109269;-0.306915283203125;0.025531005859375;1 A
3;3522;35.2879939109064;-0.304473876953125;0.0256805419921875;1 A
3;3523;35.2961239108859;-0.302032470703125;0.0259002685546875;1 A
3;3524;35.3042539108653;-0.29962158203125;0.02603759765625;1 A
3;3525;35.3123839108448;-0.29718017578125;0.02623291015625;1 A
3;3526;35.3205139108243;-0.294677734375;0.0263671875;1 A
3;3527;35.3286439108037;-0.29229736328125;0.026513671875;1 A
3;3528;35.3367739107832;-0.28985595703125;0.0266448974609375;1 A
3;3529;35.3449039107627;-0.28741455078125;0.026702880859375;1 A
3;3530;35.3530339107422;-0.28497314453125;0.0268768310546875;1 A
3;3531;35.3611639107216;-0.282501220703125;0.0268707275390625;1 A
3;3532;35.3692939107011;-0.280059814453125;0.027069091796875;1 A
3;3533;35.3774239106806;-0.27764892578125;0.0270263671875;1 A
3;3534;35.3855539106601;-0.275146484375;0.027166748046875;1 A
3;3535;35.3936839106395;-0.272735595703125;0.02713623046875;1 A
3;3536;35.401813910619;-0.270294189453125;0.027227783203125;1 A
3;3537;35.4099439105985;-0.267822265625;0.0272369384765625;1 A
3;3538;35.418073910578;-0.26544189453125;0.02730712890625;1 A
3;3539;35.4262039105574;-0.262939453125;0.02730712890625;1 A
3;3540;35.4343339105369;-0.260589599609375;0.027301025390625;1 A
3;3541;35.4424639105164;-0.258056640625;0.027313232421875;1 A
3;3542;35.4505939104959;-0.25567626953125;0.027313232421875;1 A
3;3543;35.4587239104753;-0.253204345703125;0.0272796630859375;1 A
3;3544;35.4668539104548;-0.250823974609375;0.0272918701171875;1 A
3;3545;35.4749839104343;-0.248382568359375;0.027227783203125;1 A
3;3546;35.4831139104137;-0.24591064453125;0.02723388671875;1 A
3;3547;35.4912439103932;-0.24346923828125;0.0271209716796875;1 A
3;3548;35.4993739103727;-0.240997314453125;0.027105712890625;1 A
3;3549;35.5075039103522;-0.23858642578125;0.027001953125;1 A
3;3550;35.5156339103316;-0.23614501953125;0.0269561767578125;1 A
3;3551;35.5237639103111;-0.23370361328125;0.026861572265625;1 A
3;3552;35.5318939102906;-0.231292724609375;0.026824951171875;1 A
3;3553;35.5400239102701;-0.22882080078125;0.026708984375;1 A
3;3554;35.5481539102495;-0.226409912109375;0.0266571044921875;1 A
3;3555;35.556283910229;-0.223968505859375;0.026513671875;1 A
3;3556;35.5644139102085;-0.22149658203125;0.026495361328125;1 A
3;3557;35.572543910188;-0.21905517578125;0.0263214111328125;1 A
3;3558;35.5806739101674;-0.216583251953125;0.026251220703125;1 A
3;3559;35.5888039101469;-0.214202880859375;0.0261016845703125;1 A
3;3560;35.5969339101264;-0.211761474609375;0.0259979248046875;1 A
3;3561;35.6050639101059;-0.209320068359375;0.0258453369140625;1 A
3;3562;35.6131939100853;-0.206878662109375;0.025762939453125;1 A
3;3563;35.6213239100648;-0.204437255859375;0.02559814453125;1 A
3;3564;35.6294539100443;-0.20208740234375;0.0254913330078125;1 A
3;3565;35.6375839100237;-0.1995849609375;0.025323486328125;1 A
3;3566;35.6457139100032;-0.197113037109375;0.02518310546875;1 A
3;3567;35.6538439099827;-0.194671630859375;0.0250396728515625;1 A
3;3568;35.6619739099622;-0.192169189453125;0.0248931884765625;1 A
3;3569;35.6701039099416;-0.189788818359375;0.0247406005859375;1 A
3;3570;35.6782339099211;-0.187286376953125;0.024560546875;1 A
3;3571;35.6863639099006;-0.18487548828125;0.0244384765625;1 A
3;3572;35.6944939098801;-0.1824951171875;0.02423095703125;1 A
3;3573;35.7026239098595;-0.180023193359375;0.024114990234375;1 A
3;3574;35.710753909839;-0.1776123046875;0.0239288330078125;1 A
3;3575;35.7188839098185;-0.17510986328125;0.0238006591796875;1 A
3;3576;35.727013909798;-0.17266845703125;0.0236083984375;1 A
3;3577;35.7351439097774;-0.170257568359375;0.02347412109375;1 A
3;3578;35.7432739097569;-0.167816162109375;0.023284912109375;1 A
3;3579;35.7514039097364;-0.16546630859375;0.0231414794921875;1 A
3;3580;35.7595339097159;-0.162933349609375;0.0229461669921875;1 A
3;3581;35.7676639096953;-0.1605224609375;0.022772216796875;1 A
3;3582;35.7757939096748;-0.158050537109375;0.0226165771484375;1 A
3;3583;35.7839239096543;-0.15557861328125;0.02244873046875;1 A
3;3584;35.7920539096338;-0.153289794921875;0.0222747802734375;1 A
3;3585;35.8001839096132;-0.1507568359375;0.0221038818359375;1 A
3;3586;35.8083139095927;-0.148284912109375;0.021917724609375;1 A
3;3587;35.8164439095722;-0.145904541015625;0.0217620849609375;1 A
3;3588;35.8245739095516;-0.1434326171875;0.0215728759765625;1 A
3;3589;35.8327039095311;-0.1409912109375;0.0214202880859375;1 A
3;3590;35.8408339095106;-0.1385498046875;0.0212371826171875;1 A
3;3591;35.8489639094901;-0.1361083984375;0.021099853515625;1 A
3;3592;35.8570939094695;-0.1336669921875;0.0208984375;1 A
3;3593;35.865223909449;-0.131256103515625;0.0207672119140625;1 A
3;3594;35.8733539094285;-0.128814697265625;0.0205657958984375;1 A
3;3595;35.881483909408;-0.1263427734375;0.0204559326171875;1 A
3;3596;35.8896139093874;-0.123931884765625;0.020257568359375;1 A
3;3597;35.8977439093669;-0.121490478515625;0.0201171875;1 A
3;3598;35.9058739093464;-0.11907958984375;0.019915771484375;1 A
3;3599;35.9140039093259;-0.116607666015625;0.019781494140625;1 A
3;3600;35.9221339093053;-0.114166259765625;0.0195953369140625;1 A
3;3601;35.9302639092848;-0.1116943359375;0.0194549560546875;1 A
3;3602;35.9383939092643;-0.1092529296875;0.0192535400390625;1 A
3;3603;35.9465239092438;-0.106842041015625;0.0191131591796875;1 A
3;3604;35.9546539092232;-0.10443115234375;0.01893310546875;1 A
3;3605;35.9627839092027;-0.101959228515625;0.0187957763671875;1 A
3;3606;35.9709139091822;-0.099517822265625;0.018634033203125;1 A
3;3607;35.9790439091616;-0.097076416015625;0.018499755859375;1 A
3;3608;35.9871739091411;-0.094635009765625;0.0183319091796875;1 A
3;3609;35.9953039091206;-0.09222412109375;0.0181884765625;1 A
3;3610;36.0034339091001;-0.0897216796875;0.018035888671875;1 A
3;3611;36.0115639090795;-0.087310791015625;0.0178924560546875;1 A
3;3612;36.019693909059;-0.08489990234375;0.0177520751953125;1 A
3;3613;36.0278239090385;-0.082427978515625;0.0175994873046875;1 A
3;3614;36.035953909018;-0.079986572265625;0.017474365234375;1 A
3;3615;36.0440839089974;-0.077545166015625;0.017303466796875;1 A
3;3616;36.0522139089769;-0.075164794921875;0.0171875;1 A
3;3617;36.0603439089564;-0.072662353515625;0.01700439453125;1 A
3;3618;36.0684739089359;-0.070220947265625;0.0168914794921875;1 A
3;3619;36.0766039089153;-0.06781005859375;0.0167205810546875;1 A
3;3620;36.0847339088948;-0.065338134765625;0.0165985107421875;1 A
3;3621;36.0928639088743;-0.06292724609375;0.0164459228515625;1 A
3;3622;36.1009939088538;-0.060455322265625;0.0163177490234375;1 A
3;3623;36.1091239088332;-0.0579833984375;0.0161773681640625;1 A
3;3624;36.1172539088127;-0.055572509765625;0.01605224609375;1 A
3;3625;36.1253839087922;-0.053192138671875;0.01590576171875;1 A
3;3626;36.1335139087716;-0.05072021484375;0.0157958984375;1 A
3;3627;36.1416439087511;-0.0482147216796875;0.015667724609375;1 A
3;3628;36.1497739087306;-0.045794677734375;0.015545654296875;1 A
3;3629;36.1579039087101;-0.04332275390625;0.015411376953125;1 A
3;3630;36.1660339086895;-0.040887451171875;0.0153106689453125;1 A
3;3631;36.174163908669;-0.03843994140625;0.0151763916015625;1 A
3;3632;36.1822939086485;-0.036029052734375;0.015069580078125;1 A
3;3633;36.190423908628;-0.033575439453125;0.0149383544921875;1 A
3;3634;36.1985539086074;-0.0311309814453125;0.014837646484375;1 A
3;3635;36.2066839085869;-0.0287139892578125;0.0147064208984375;1 A
3;3636;36.2148139085664;-0.026251220703125;0.014599609375;1 A
3;3637;36.2229439085459;-0.023828125;0.0144775390625;1 A
3;3638;36.2310739085253;-0.02138671875;0.0143707275390625;1 A
3;3639;36.2392039085048;-0.018939208984375;0.0142547607421875;1 A
3;3640;36.2473339084843;-0.016497802734375;0.01414794921875;1 A
3;3641;36.2554639084638;-0.0140625;0.0140228271484375;1 A
3;3642;36.2635939084432;-0.011614990234375;0.0139312744140625;1 A
3;3643;36.2717239084227;-0.00917968750000001;0.0138153076171875;1 A
3;3644;36.2798539084022;-0.006744384765625;0.013726806640625;1 A
3;3645;36.2879839083816;-0.00428466796875;0.013616943359375;1 A
3;3646;36.2961139083611;-0.001849365234375;0.0135284423828125;1 A
3;3647;36.3042439083406;0.000579833984375;0.013421630859375;1 A
3;3648;36.3123739083201;0.003021240234375;0.0133331298828125;1 A
3;3649;36.3205039082995;0.00545654296875001;0.013232421875;1 A
3;3650;36.328633908279;0.00789794921875001;0.01314697265625;1 A
3;3651;36.3367639082585;0.01033935546875;0.01304931640625;1 A
3;3652;36.344893908238;0.0127655029296875;0.0129547119140625;1 A
3;3653;36.3530239082174;0.0152069091796875;0.0128753662109375;1 A
3;3654;36.3611539081969;0.0176422119140625;0.012774658203125;1 A
3;3655;36.3692839081764;0.0201141357421875;0.0126953125;1 A
3;3656;36.3774139081559;0.02254638671875;0.01258544921875;1 A
3;3657;36.3855439081353;0.0249755859375;0.0125213623046875;1 A
3;3658;36.3936739081148;0.02742919921875;0.012420654296875;1 A
3;3659;36.4018039080943;0.029840087890625;0.012353515625;1 A
3;3660;36.4099339080738;0.032305908203125;0.0122589111328125;1 A
3;3661;36.4180639080532;0.034710693359375;0.0121917724609375;1 A
3;3662;36.4261939080327;0.037176513671875;0.012103271484375;1 A
3;3663;36.4343239080122;0.0396270751953125;0.0120361328125;1 A
3;3664;36.4424539079916;0.0420440673828125;0.0119659423828125;1 A
3;3665;36.4505839079711;0.044512939453125;0.01190185546875;1 A
3;3666;36.4587139079506;0.0469207763671875;0.0118133544921875;1 A
3;3667;36.4668439079301;0.049359130859375;0.0117584228515625;1 A
3;3668;36.4749739079095;0.051788330078125;0.0116790771484375;1 A
3;3669;36.483103907889;0.054229736328125;0.011614990234375;1 A
3;3670;36.4912339078685;0.05657958984375;0.011541748046875;1 A
3;3671;36.499363907848;0.059112548828125;0.0114776611328125;1 A
3;3672;36.5074939078274;0.061492919921875;0.011407470703125;1 A
3;3673;36.5156239078069;0.063934326171875;0.0113494873046875;1 A
3;3674;36.5237539077864;0.066436767578125;0.011279296875;1 A
3;3675;36.5318839077659;0.06884765625;0.01123046875;1 A
3;3676;36.5400139077453;0.071319580078125;0.0111602783203125;1 A
3;3677;36.5481439077248;0.073760986328125;0.0111053466796875;1 A
3;3678;36.5562739077043;0.076171875;0.0110443115234375;1 A
3;3679;36.5644039076838;0.078582763671875;0.0110015869140625;1 A
3;3680;36.5725339076632;0.0810546875;0.0109405517578125;1 A
3;3681;36.5806639076427;0.083465576171875;0.01090087890625;1 A
3;3682;36.5887939076222;0.085906982421875;0.0108551025390625;1 A
3;3683;36.5969239076016;0.08831787109375;0.010809326171875;1 A
3;3684;36.6050539075811;0.090789794921875;0.010760498046875;1 A
3;3685;36.6131839075606;0.093231201171875;0.0107208251953125;1 A
3;3686;36.6213139075401;0.09576416015625;0.0106719970703125;1 A
3;3687;36.6294439075195;0.098114013671875;0.01063232421875;1 A
3;3688;36.637573907499;0.100616455078125;0.010595703125;1 A
3;3689;36.6457039074785;0.102935791015625;0.010552978515625;1 A
3;3690;36.653833907458;0.105377197265625;0.0105133056640625;1 A
3;3691;36.6619639074374;0.107879638671875;0.010479736328125;1 A
3;3692;36.6700939074169;0.11029052734375;0.0104461669921875;1 A
3;3693;36.6782239073964;0.112762451171875;0.010406494140625;1 A
3;3694;36.6863539073759;0.115142822265625;0.010382080078125;1 A
3;3695;36.6944839073553;0.117584228515625;0.0103424072265625;1 A
3;3696;36.7026139073348;0.1201171875;0.0103271484375;1 A
3;3697;36.7107439073143;0.122528076171875;0.010284423828125;1 A
3;3698;36.7188739072938;0.124908447265625;0.0102752685546875;1 A
3;3699;36.7270039072732;0.127410888671875;0.010247802734375;1 A
3;3700;36.7351339072527;0.1298828125;0.010235595703125;1 A
3;3701;36.7432639072322;0.13232421875;0.0102081298828125;1 A
3;3702;36.7513939072117;0.13470458984375;0.010198974609375;1 A
3;3703;36.7595239071911;0.13714599609375;0.0101837158203125;1 A
3;3704;36.7676539071706;0.139617919921875;0.010174560546875;1 A
3;3705;36.7757839071501;0.141998291015625;0.0101593017578125;1 A
3;3706;36.7839139071295;0.144439697265625;0.0101531982421875;1 A
3;3707;36.792043907109;0.1468505859375;0.0101409912109375;1 A
3;3708;36.8001739070885;0.14935302734375;0.0101409912109375;1 A
3;3709;36.808303907068;0.15179443359375;0.0101318359375;1 A
3;3710;36.8164339070474;0.15423583984375;0.0101287841796875;1 A
3;3711;36.8245639070269;0.156646728515625;0.010125732421875;1 A
3;3712;36.8326939070064;0.15911865234375;0.0101318359375;1 A
3;3713;36.8408239069859;0.161468505859375;0.01011962890625;1 A
3;3714;36.8489539069653;0.16400146484375;0.010125732421875;1 A
3;3715;36.8570839069448;0.166473388671875;0.0101318359375;1 A
3;3716;36.8652139069243;0.16888427734375;0.010150146484375;1 A
3;3717;36.8733439069038;0.17132568359375;0.010150146484375;1 A
3;3718;36.8814739068832;0.173675537109375;0.010174560546875;1 A
3;3719;36.8896039068627;0.1761474609375;0.010174560546875;1 A
3;3720;36.8977339068422;0.1785888671875;0.01019287109375;1 A
3;3721;36.9058639068217;0.181060791015625;0.01019287109375;1 A
3;3722;36.9139939068011;0.18341064453125;0.0102142333984375;1 A
3;3723;36.9221239067806;0.1859130859375;0.010235595703125;1 A
3;3724;36.9302539067601;0.188385009765625;0.0102447509765625;1 A
3;3725;36.9383839067395;0.190826416015625;0.01025390625;1 A
3;3726;36.946513906719;0.193267822265625;0.0102783203125;1 A
3;3727;36.9546439066985;0.19573974609375;0.010284423828125;1 A
3;3728;36.962773906678;0.198150634765625;0.010308837890625;1 A
3;3729;36.9709039066574;0.2005615234375;0.0103179931640625;1 A
3;3730;36.9790339066369;0.203033447265625;0.0103424072265625;1 A
3;3731;36.9871639066164;0.205413818359375;0.010357666015625;1 A
3;3732;36.9952939065959;0.207916259765625;0.010382080078125;1 A
3;3733;37.0034239065753;0.21038818359375;0.0103973388671875;1 A
3;3734;37.0115539065548;0.212799072265625;0.0104248046875;1 A
3;3735;37.0196839065343;0.215179443359375;0.01044921875;1 A
3;3736;37.0278139065138;0.217620849609375;0.0104644775390625;1 A
3;3737;37.0359439064932;0.220123291015625;0.010498046875;1 A
3;3738;37.0440739064727;0.222503662109375;0.010516357421875;1 A
3;3739;37.0522039064522;0.225006103515625;0.01055908203125;1 A
3;3740;37.0603339064317;0.2274169921875;0.0105712890625;1 A
3;3741;37.0684639064111;0.229827880859375;0.010614013671875;1 A
3;3742;37.0765939063906;0.2322998046875;0.0106292724609375;1 A
3;3743;37.0847239063701;0.2347412109375;0.0106719970703125;1 A
3;3744;37.0928539063495;0.23712158203125;0.0106964111328125;1 A
3;3745;37.100983906329;0.239593505859375;0.0107330322265625;1 A
3;3746;37.1091139063085;0.242034912109375;0.0107574462890625;1 A
3;3747;37.117243906288;0.244476318359375;0.0108062744140625;1 A
3;3748;37.1253739062674;0.246917724609375;0.01083984375;1 A
3;3749;37.1335039062469;0.249298095703125;0.010888671875;1 A
3;3750;37.1416339062264;0.25177001953125;0.01092529296875;1 A
3;3751;37.1497639062059;0.2542724609375;0.010980224609375;1 A
3;3752;37.1578939061853;0.256683349609375;0.0110198974609375;1 A
3;3753;37.1660239061648;0.2591552734375;0.0110687255859375;1 A
3;3754;37.1741539061443;0.2615966796875;0.011114501953125;1 A
3;3755;37.1822839061238;0.263946533203125;0.011175537109375;1 A
3;3756;37.1904139061032;0.266357421875;0.011224365234375;1 A
3;3757;37.1985439060827;0.268798828125;0.011285400390625;1 A
3;3758;37.2066739060622;0.27130126953125;0.011346435546875;1 A
3;3759;37.2148039060417;0.2738037109375;0.011407470703125;1 A
3;3760;37.2229339060211;0.276214599609375;0.0114654541015625;1 A
3;3761;37.2310639060006;0.27862548828125;0.0115325927734375;1 A
3;3762;37.2391939059801;0.281097412109375;0.011590576171875;1 A
3;3763;37.2473239059595;0.283477783203125;0.0116607666015625;1 A
3;3764;37.255453905939;0.285919189453125;0.0117279052734375;1 A
3;3765;37.2635839059185;0.288421630859375;0.011798095703125;1 A
3;3766;37.271713905898;0.290863037109375;0.011865234375;1 A
3;3767;37.2798439058774;0.29327392578125;0.0119415283203125;1 A
3;3768;37.2879739058569;0.295654296875;0.01201171875;1 A
3;3769;37.2961039058364;0.298126220703125;0.0120849609375;1 A
3;3770;37.3042339058159;0.30059814453125;0.0121551513671875;1 A
3;3771;37.3123639057953;0.303009033203125;0.0122406005859375;1 A
3;3772;37.3204939057748;0.30548095703125;0.0123016357421875;1 A
3;3773;37.3286239057543;0.30792236328125;0.0123870849609375;1 A
3;3774;37.3367539057338;0.310333251953125;0.012457275390625;1 A
3;3775;37.3448839057132;0.312774658203125;0.01253662109375;1 A
3;3776;37.3530139056927;0.315185546875;0.0126220703125;1 A
3;3777;37.3611439056722;0.317626953125;0.0126800537109375;1 A
3;3778;37.3692739056517;0.320098876953125;0.0127655029296875;1 A
3;3779;37.3774039056311;0.322540283203125;0.0128265380859375;1 A
3;3780;37.3855339056106;0.324951171875;0.0129119873046875;1 A
3;3781;37.3936639055901;0.327423095703125;0.0129791259765625;1 A
3;3782;37.4017939055695;0.329833984375;0.0130584716796875;1 A
3;3783;37.409923905549;0.332275390625;0.0131134033203125;1 A
3;3784;37.4180539055285;0.334747314453125;0.0131988525390625;1 A
3;3785;37.426183905508;0.337158203125;0.0132598876953125;1 A
3;3786;37.4343139054874;0.339599609375;0.0133331298828125;1 A
3;3787;37.4424439054669;0.342071533203125;0.01339111328125;1 A
3;3788;37.4505739054464;0.344512939453125;0.0134613037109375;1 A
3;3789;37.4587039054259;0.346923828125;0.013519287109375;1 A
3;3790;37.4668339054053;0.349395751953125;0.0135833740234375;1 A
3;3791;37.4749639053848;0.351776123046875;0.01363525390625;1 A
3;3792;37.4830939053643;0.354248046875;0.013702392578125;1 A
3;3793;37.4912239053438;0.356658935546875;0.0137451171875;1 A
3;3794;37.4993539053232;0.359130859375;0.013812255859375;1 A
3;3795;37.5074839053027;0.361541748046875;0.01385498046875;1 A
3;3796;37.5156139052822;0.364044189453125;0.01390380859375;1 A
3;3797;37.5237439052617;0.36639404296875;0.0139251708984375;1 A
3;3798;37.5318739052411;0.368865966796875;0.01397705078125;1 A
3;3799;37.5400039052206;0.371307373046875;0.01400146484375;1 A
3;3800;37.5481339052001;0.373748779296875;0.0140350341796875;1 A
3;3801;37.5562639051795;0.376220703125;0.014056396484375;1 A
3;3802;37.564393905159;0.378631591796875;0.0140777587890625;1 A
3;3803;37.5725239051385;0.38104248046875;0.0140899658203125;1 A
3;3804;37.580653905118;0.383575439453125;0.01409912109375;1 A
3;3805;37.5887839050974;0.385986328125;0.01409912109375;1 A
3;3806;37.5969139050769;0.388397216796875;0.0140899658203125;1 A
3;3807;37.6050439050564;0.39080810546875;0.0140716552734375;1 A
3;3808;37.6131739050359;0.39324951171875;0.0140655517578125;1 A
3;3809;37.6213039050153;0.395721435546875;0.0140350341796875;1 A
3;3810;37.6294339049948;0.39813232421875;0.014007568359375;1 A
3;3811;37.6375639049743;0.400604248046875;0.013958740234375;1 A
3;3812;37.6456939049538;0.403045654296875;0.0139129638671875;1 A
3;3813;37.6538239049332;0.40545654296875;0.0138580322265625;1 A
3;3814;37.6619539049127;0.407928466796875;0.013800048828125;1 A
3;3815;37.6700839048922;0.41033935546875;0.013726806640625;1 A
3;3816;37.6782139048717;0.412841796875;0.013641357421875;1 A
3;3817;37.6863439048511;0.41522216796875;0.0135589599609375;1 A
3;3818;37.6944739048306;0.4176025390625;0.0134521484375;1 A
3;3819;37.7026039048101;0.42010498046875;0.0133544921875;1 A
3;3820;37.7107339047895;0.422454833984375;0.0132354736328125;1 A
3;3821;37.718863904769;0.424957275390625;0.013128662109375;1 A
3;3822;37.7269939047485;0.427459716796875;0.01298828125;1 A
3;3823;37.735123904728;0.4298095703125;0.012860107421875;1 A
3;3824;37.7432539047074;0.43231201171875;0.0127105712890625;1 A
3;3825;37.7513839046869;0.43475341796875;0.0125701904296875;1 A
3;3826;37.7595139046664;0.437225341796875;0.0124053955078125;1 A
3;3827;37.7676439046459;0.439605712890625;0.0122406005859375;1 A
3;3828;37.7757739046253;0.441986083984375;0.012060546875;1 A
3;3829;37.7839039046048;0.444488525390625;0.0118804931640625;1 A
3;3830;37.7920339045843;0.4468994140625;0.0116943359375;1 A
3;3831;37.8001639045638;0.449371337890625;0.0114990234375;1 A
3;3832;37.8082939045432;0.451812744140625;0.0113006591796875;1 A
3;3833;37.8164239045227;0.4542236328125;0.0110992431640625;1 A
3;3834;37.8245539045022;0.456634521484375;0.010894775390625;1 A
3;3835;37.8326839044817;0.45904541015625;0.010693359375;1 A
3;3836;37.8408139044611;0.4615478515625;0.0104827880859375;1 A
3;3837;37.8489439044406;0.46405029296875;0.01029052734375;1 A
3;3838;37.8570739044201;0.466461181640625;0.010089111328125;1 A
3;3839;37.8652039043996;0.468902587890625;0.0099029541015625;1 A
3;3840;37.873333904379;0.471282958984375;0.009716796875;1 A
3;3841;37.8814639043585;0.473785400390625;0.00954589843750001;1 A
3;3842;37.889593904338;0.476226806640625;0.0093719482421875;1 A
3;3843;37.8977239043174;0.478668212890625;0.00922241210937499;1 A
3;3844;37.9058539042969;0.4810791015625;0.009075927734375;1 A
3;3845;37.9139839042764;0.483551025390625;0.00893554687500001;1 A
3;3846;37.9221139042559;0.485931396484375;0.00881042480468749;1 A
3;3847;37.9302439042353;0.48834228515625;0.00868835449218749;1 A
3;3848;37.9383739042148;0.490814208984375;0.00856628417968749;1 A
3;3849;37.9465039041943;0.4932861328125;0.008453369140625;1 A
3;3850;37.9546339041738;0.495697021484375;0.0083465576171875;1 A
3;3851;37.9627639041532;0.49822998046875;0.008251953125;1 A
3;3852;37.9708939041327;0.5006103515625;0.0081512451171875;1 A
3;3853;37.9790239041122;0.503021240234375;0.00806884765625;1 A
3;3854;37.9871539040917;0.505523681640625;0.007977294921875;1 A
3;3855;37.9952839040711;0.507904052734375;0.00789794921875001;1 A
3;3856;38.0034139040506;0.5103759765625;0.00781860351562499;1 A
3;3857;38.0115439040301;0.5128173828125;0.0077484130859375;1 A
3;3858;38.0196739040096;0.5152587890625;0.0076934814453125;1 A
3;3859;38.027803903989;0.51763916015625;0.00762329101562501;1 A
3;3860;38.0359339039685;0.5201416015625;0.00758972167968749;1 A
3;3861;38.044063903948;0.522552490234375;0.00752868652343749;1 A
3;3862;38.0521939039274;0.5250244140625;0.0074951171875;1 A
3;3863;38.0603239039069;0.5274658203125;0.0074432373046875;1 A
3;3864;38.0684539038864;0.5299072265625;0.00742187499999999;1 A
3;3865;38.0765839038659;0.53228759765625;0.0073883056640625;1 A
3;3866;38.0847139038453;0.5347900390625;0.0073699951171875;1 A
3;3867;38.0928439038248;0.53717041015625;0.00734558105468749;1 A
3;3868;38.1009739038043;0.539642333984375;0.0073272705078125;1 A
3;3869;38.1091039037838;0.542083740234375;0.00731506347656249;1 A
3;3870;38.1172339037632;0.544586181640625;0.00729980468749999;1 A
3;3871;38.1253639037427;0.546966552734375;0.0072906494140625;1 A
3;3872;38.1334939037222;0.54937744140625;0.00728759765625001;1 A
3;3873;38.1416239037017;0.551849365234375;0.007275390625;1 A
3;3874;38.1497539036811;0.5543212890625;0.007281494140625;1 A
3;3875;38.1578839036606;0.5567626953125;0.00728454589843749;1 A
3;3876;38.1660139036401;0.55914306640625;0.0072906494140625;1 A
3;3877;38.1741439036196;0.56158447265625;0.0072906494140625;1 A
3;3878;38.182273903599;0.56402587890625;0.00729980468749999;1 A
3;3879;38.1904039035785;0.56646728515625;0.0072967529296875;1 A
3;3880;38.198533903558;0.56890869140625;0.007305908203125;1 A
3;3881;38.2066639035374;0.571258544921875;0.0073089599609375;1 A
3;3882;38.2147939035169;0.57379150390625;0.0073211669921875;1 A
3;3883;38.2229239034964;0.576202392578125;0.00733032226562499;1 A
3;3884;38.2310539034759;0.57861328125;0.00734863281250001;1 A
3;3885;38.2391839034553;0.581024169921875;0.007354736328125;1 A
3;3886;38.2473139034348;0.58349609375;0.00737609863281249;1 A
3;3887;38.2554439034143;0.586029052734375;0.00739135742187499;1 A
3;3888;38.2635739033938;0.58837890625;0.0074188232421875;1 A
3;3889;38.2717039033732;0.59088134765625;0.00744018554687501;1 A
3;3890;38.2798339033527;0.59326171875;0.00745849609375;1 A
3;3891;38.2879639033322;0.59576416015625;0.0074737548828125;1 A
3;3892;38.2960939033117;0.598175048828125;0.00749816894531249;1 A
3;3893;38.3042239032911;0.600555419921875;0.00751647949218751;1 A
3;3894;38.3123539032706;0.60302734375;0.00755615234375;1 A
3;3895;38.3204839032501;0.60546875;0.0075714111328125;1 A
3;3896;38.3286139032296;0.607879638671875;0.0076019287109375;1 A
3;3897;38.336743903209;0.610321044921875;0.00762329101562501;1 A
3;3898;38.3448739031885;0.61285400390625;0.0076416015625;1 A
3;3899;38.353003903168;0.615234375;0.00767822265625;1 A
3;3900;38.3611339031474;0.61767578125;0.0076873779296875;1 A
3;3901;38.3692639031269;0.620147705078125;0.00773010253906251;1 A
3;3902;38.3773939031064;0.622528076171875;0.007733154296875;1 A
3;3903;38.3855239030859;0.625091552734375;0.007769775390625;1 A
3;3904;38.3936539030653;0.627410888671875;0.00777587890625001;1 A
3;3905;38.4017839030448;0.629852294921875;0.00781860351562499;1 A
3;3906;38.4099139030243;0.63232421875;0.0078399658203125;1 A
3;3907;38.4180439030038;0.634765625;0.007861328125;1 A
3;3908;38.4261739029832;0.63714599609375;0.0078857421875;1 A
3;3909;38.4343039029627;0.63958740234375;0.0079071044921875;1 A
3;3910;38.4424339029422;0.64202880859375;0.00792541503906249;1 A
3;3911;38.4505639029217;0.64453125;0.0079681396484375;1 A
3;3912;38.4586939029011;0.64691162109375;0.00799560546875;1 A
3;3913;38.4668239028806;0.649322509765625;0.00800476074218751;1 A
3;3914;38.4749539028601;0.65179443359375;0.0080230712890625;1 A
3;3915;38.4830839028396;0.654266357421875;0.0080596923828125;1 A
3;3916;38.491213902819;0.65667724609375;0.008099365234375;1 A
3;3917;38.4993439027985;0.6591796875;0.00812377929687499;1 A
3;3918;38.507473902778;0.661529541015625;0.008135986328125;1 A
3;3919;38.5156039027574;0.66400146484375;0.00816955566406249;1 A
3;3920;38.5237339027369;0.666473388671875;0.0081939697265625;1 A
3;3921;38.5318639027164;0.668914794921875;0.00823364257812501;1 A
3;3922;38.5399939026959;0.6712646484375;0.00824890136718751;1 A
3;3923;38.5481239026753;0.673797607421875;0.0083038330078125;1 A
3;3924;38.5562539026548;0.676177978515625;0.0083343505859375;1 A
3;3925;38.5643839026343;0.678619384765625;0.00838623046875001;1 A
3;3926;38.5725139026138;0.681121826171875;0.0084228515625;1 A
3;3927;38.5806439025932;0.683441162109375;0.0084869384765625;1 A
3;3928;38.5887739025727;0.685943603515625;0.008544921875;1 A
3;3929;38.5969039025522;0.688385009765625;0.0085906982421875;1 A
3;3930;38.6050339025317;0.69085693359375;0.00864562988281251;1 A
3;3931;38.6131639025111;0.693267822265625;0.0087127685546875;1 A
3;3932;38.6212939024906;0.6956787109375;0.00877685546875;1 A
3;3933;38.6294239024701;0.6981201171875;0.00881042480468749;1 A
3;3934;38.6375539024496;0.69659423828125;0.00811767578125;1 A
3;3935;38.645683902429;0.694183349609375;0.00770263671875;1 A
3;3936;38.6538139024085;0.691741943359375;0.00733032226562499;1 A
3;3937;38.661943902388;0.689239501953125;0.0070220947265625;1 A
3;3938;38.6700739023674;0.686798095703125;0.0067413330078125;1 A
3;3939;38.6782039023469;0.68438720703125;0.0064697265625;1 A
3;3940;38.6863339023264;0.681976318359375;0.00625000000000001;1 A
3;3941;38.6944639023059;0.67950439453125;0.006011962890625;1 A
3;3942;38.7025939022853;0.677032470703125;0.00582275390625001;1 A
3;3943;38.7107239022648;0.67462158203125;0.0056182861328125;1 A
3;3944;38.7188539022443;0.672119140625;0.0054443359375;1 A
3;3945;38.7269839022238;0.66973876953125;0.0052764892578125;1 A
3;3946;38.7351139022032;0.66729736328125;0.00513610839843751;1 A
3;3947;38.7432439021827;0.66485595703125;0.0049774169921875;1 A
3;3948;38.7513739021622;0.66241455078125;0.0048370361328125;1 A
3;3949;38.7595039021417;0.660003662109375;0.00470581054687499;1 A
3;3950;38.7676339021211;0.657562255859375;0.00459899902343749;1 A
3;3951;38.7757639021006;0.655059814453125;0.0044830322265625;1 A
3;3952;38.7838939020801;0.652679443359375;0.0043792724609375;1 A
3;3953;38.7920239020596;0.65020751953125;0.00426635742187501;1 A
3;3954;38.800153902039;0.647705078125;0.00417480468750001;1 A
3;3955;38.8082839020185;0.645355224609375;0.00408020019531249;1 A
3;3956;38.816413901998;0.642852783203125;0.003997802734375;1 A
3;3957;38.8245439019774;0.640472412109375;0.0039031982421875;1 A
3;3958;38.8326739019569;0.638031005859375;0.003826904296875;1 A
3;3959;38.8408039019364;0.6356201171875;0.0037353515625;1 A
3;3960;38.8489339019159;0.633148193359375;0.00367126464843751;1 A
3;3961;38.8570639018953;0.630645751953125;0.00359191894531249;1 A
3;3962;38.8651939018748;0.628265380859375;0.00352783203125;1 A
3;3963;38.8733239018543;0.625732421875;0.00345764160156251;1 A
3;3964;38.8814539018338;0.623443603515625;0.003399658203125;1 A
3;3965;38.8895839018132;0.6209716796875;0.0033294677734375;1 A
3;3966;38.8977139017927;0.61846923828125;0.003277587890625;1 A
3;3967;38.9058439017722;0.616058349609375;0.00321350097656251;1 A
3;3968;38.9139739017517;0.613616943359375;0.00316772460937501;1 A
3;3969;38.9221039017311;0.611175537109375;0.00310363769531249;1 A
3;3970;38.9302339017106;0.608734130859375;0.00305786132812499;1 A
3;3971;38.9383639016901;0.6063232421875;0.00299987792968751;1 A
3;3972;38.9464939016696;0.60382080078125;0.00295410156250001;1 A
3;3973;38.954623901649;0.6014404296875;0.002899169921875;1 A
3;3974;38.9627539016285;0.599029541015625;0.00285949707031249;1 A
3;3975;38.970883901608;0.596527099609375;0.0028045654296875;1 A
3;3976;38.9790139015875;0.5941162109375;0.002764892578125;1 A
3;3977;38.9871439015669;0.591705322265625;0.00270690917968749;1 A
3;3978;38.9952739015464;0.5892333984375;0.00267333984375;1 A
3;3979;39.0034039015259;0.586761474609375;0.0026397705078125;1 A
3;3980;39.0115339015053;0.5843505859375;0.00258789062500001;1 A
3;3981;39.0196639014848;0.581878662109375;0.00255432128906249;1 A
3;3982;39.0277939014643;0.57940673828125;0.00250854492187499;1 A
3;3983;39.0359239014438;0.577056884765625;0.0024749755859375;1 A
3;3984;39.0440539014232;0.574615478515625;0.0024261474609375;1 A
3;3985;39.0521839014027;0.572174072265625;0.00240478515625001;1 A
3;3986;39.0603139013822;0.5697021484375;0.00235900878906251;1 A
3;3987;39.0684439013617;0.567230224609375;0.002337646484375;1 A
3;3988;39.0765739013411;0.564849853515625;0.0022918701171875;1 A
3;3989;39.0847039013206;0.56231689453125;0.0022613525390625;1 A
3;3990;39.0928339013001;0.55999755859375;0.002227783203125;1 A
3;3991;39.1009639012796;0.557525634765625;0.00220336914062499;1 A
3;3992;39.109093901259;0.5550537109375;0.0021636962890625;1 A
3;3993;39.1172239012385;0.552642822265625;0.0021392822265625;1 A
3;3994;39.125353901218;0.550201416015625;0.0021087646484375;1 A
3;3995;39.1334839011975;0.547760009765625;0.00208129882812499;1 A
3;3996;39.1416139011769;0.545379638671875;0.00205078124999999;1 A
3;3997;39.1497439011564;0.5428466796875;0.002032470703125;1 A
3;3998;39.1578739011359;0.54052734375;0.0019989013671875;1 A
3;3999;39.1660039011153;0.53802490234375;0.00197753906250001;1 A
3;4000;39.1741339010948;0.53558349609375;0.00194396972656249;1 A
3;4001;39.1822639010743;0.533050537109375;0.00192871093749999;1 A
3;4002;39.1903939010538;0.530731201171875;0.001904296875;1 A
3;4003;39.1985239010332;0.528228759765625;0.00188293457031249;1 A
3;4004;39.2066539010127;0.52581787109375;0.0018585205078125;1 A
3;4005;39.2147839009922;0.523345947265625;0.00184020996093751;1 A
3;4006;39.2229139009717;0.520904541015625;0.0018157958984375;1 A
3;4007;39.2310439009511;0.5184326171875;0.00179443359375001;1 A
3;4008;39.2391739009306;0.516021728515625;0.00177001953125;1 A
3;4009;39.2473039009101;0.513580322265625;0.0017547607421875;1 A
3;4010;39.2554339008896;0.51116943359375;0.0017242431640625;1 A
3;4011;39.263563900869;0.50872802734375;0.00171813964843751;1 A
3;4012;39.2716939008485;0.506317138671875;0.001690673828125;1 A
3;4013;39.279823900828;0.503875732421875;0.00168762207031251;1 A
3;4014;39.2879539008075;0.501373291015625;0.001666259765625;1 A
3;4015;39.2960839007869;0.498992919921875;0.0016632080078125;1 A
3;4016;39.3042139007664;0.49652099609375;0.00163879394531249;1 A
3;4017;39.3123439007459;0.49407958984375;0.001629638671875;1 A
3;4018;39.3204739007253;0.4915771484375;0.0016143798828125;1 A
3;4019;39.3286039007048;0.489227294921875;0.00159912109375;1 A
3;4020;39.3367339006843;0.48675537109375;0.00159301757812499;1 A
3;4021;39.3448639006638;0.48431396484375;0.001568603515625;1 A
3;4022;39.3529939006432;0.48193359375;0.00156249999999999;1 A
3;4023;39.3611239006227;0.479400634765625;0.001544189453125;1 A
3;4024;39.3692539006022;0.477020263671875;0.001544189453125;1 A
3;4025;39.3773839005817;0.47454833984375;0.0015228271484375;1 A
3;4026;39.3855139005611;0.472198486328125;0.0015228271484375;1 A
3;4027;39.3936439005406;0.46966552734375;0.00150146484374999;1 A
3;4028;39.4017739005201;0.46722412109375;0.00150146484374999;1 A
3;4029;39.4099039004996;0.46478271484375;0.001483154296875;1 A
3;4030;39.418033900479;0.462371826171875;0.00147705078125;1 A
3;4031;39.4261639004585;0.45989990234375;0.00146484375;1 A
3;4032;39.434293900438;0.457489013671875;0.00145874023437501;1 A
3;4033;39.4424239004175;0.455078125;0.00144348144531251;1 A
3;4034;39.4505539003969;0.452667236328125;0.0014373779296875;1 A
3;4035;39.4586839003764;0.45013427734375;0.00142517089843749;1 A
3;4036;39.4668139003559;0.447723388671875;0.001422119140625;1 A
3;4037;39.4749439003353;0.445220947265625;0.00140991210937499;1 A
3;4038;39.4830739003148;0.442901611328125;0.0014068603515625;1 A
3;4039;39.4912039002943;0.4404296875;0.00139465332031249;1 A
3;4040;39.4993339002738;0.43798828125;0.0013885498046875;1 A
3;4041;39.5074639002532;0.435546875;0.00137939453124999;1 A
3;4042;39.5155939002327;0.433135986328125;0.001373291015625;1 A
3;4043;39.5237239002122;0.4306640625;0.00136718750000001;1 A
3;4044;39.5318539001917;0.428253173828125;0.00136413574218749;1 A
3;4045;39.5399839001711;0.42572021484375;0.00135192871093751;1 A
3;4046;39.5481139001506;0.42333984375;0.00135498046875;1 A
3;4047;39.5562439001301;0.42095947265625;0.00133666992187501;1 A
3;4048;39.5643739001096;0.41845703125;0.00133666992187501;1 A
3;4049;39.572503900089;0.416015625;0.001324462890625;1 A
3;4050;39.5806339000685;0.41357421875;0.00132141113281251;1 A
3;4051;39.588763900048;0.411163330078125;0.001312255859375;1 A
3;4052;39.5968939000275;0.40869140625;0.0013153076171875;1 A
3;4053;39.6050239000069;0.406280517578125;0.0012939453125;1 A
3;4054;39.6131538999864;0.403778076171875;0.0012969970703125;1 A
3;4055;39.6212838999659;0.4013671875;0.0012847900390625;1 A
3;4056;39.6294138999453;0.398956298828125;0.00128784179687499;1 A
3;4057;39.6375438999248;0.396514892578125;0.00127258300781249;1 A
3;4058;39.6456738999043;0.39404296875;0.00127563476562501;1 A
3;4059;39.6538038998838;0.3916015625;0.00126037597656251;1 A
3;4060;39.6619338998632;0.389190673828125;0.00125732421874999;1 A
3;4061;39.6700638998427;0.386749267578125;0.0012542724609375;1 A
3;4062;39.6781938998222;0.38427734375;0.0012359619140625;1 A
3;4063;39.6863238998017;0.38189697265625;0.00124206542968749;1 A
3;4064;39.6944538997811;0.379425048828125;0.00122680664062499;1 A
3;4065;39.7025838997606;0.3770751953125;0.00123291015625;1 A
3;4066;39.7107138997401;0.374603271484375;0.0012237548828125;1 A
3;4067;39.7188438997196;0.372100830078125;0.00122680664062499;1 A
3;4068;39.726973899699;0.36968994140625;0.00121459960937501;1 A
3;4069;39.7351038996785;0.3673095703125;0.00121154785156249;1 A
3;4070;39.743233899658;0.364837646484375;0.00121154785156249;1 A
3;4071;39.7513638996375;0.36236572265625;0.001202392578125;1 A
3;4072;39.7594938996169;0.359954833984375;0.00119934082031251;1 A
3;4073;39.7676238995964;0.357452392578125;0.00119628906249999;1 A
3;4074;39.7757538995759;0.355133056640625;0.00118103027343749;1 A
3;4075;39.7838838995553;0.3526611328125;0.00118408203125001;1 A
3;4076;39.7920138995348;0.350189208984375;0.001171875;1 A
3;4077;39.8001438995143;0.347747802734375;0.00116577148437499;1 A
3;4078;39.8082738994938;0.3453369140625;0.0011566162109375;1 A
3;4079;39.8164038994732;0.342803955078125;0.00115051269531249;1 A
3;4080;39.8245338994527;0.3404541015625;0.00113830566406251;1 A
3;4081;39.8326638994322;0.337982177734375;0.001141357421875;1 A
3;4082;39.8407938994117;0.3355712890625;0.001129150390625;1 A
3;4083;39.8489238993911;0.333099365234375;0.001129150390625;1 A
3;4084;39.8570538993706;0.3306884765625;0.0011260986328125;1 A
3;4085;39.8651838993501;0.328216552734375;0.0011260986328125;1 A
3;4086;39.8733138993296;0.3258056640625;0.00110473632812499;1 A
3;4087;39.881443899309;0.323333740234375;0.00111083984375;1 A
3;4088;39.8895738992885;0.32086181640625;0.0011016845703125;1 A
3;4089;39.897703899268;0.3184814453125;0.00109252929687501;1 A
3;4090;39.9058338992475;0.3160400390625;0.0010833740234375;1 A
3;4091;39.9139638992269;0.313629150390625;0.00108642578125;1 A
3;4092;39.9220938992064;0.31121826171875;0.001068115234375;1 A
3;4093;39.9302238991859;0.3087158203125;0.0010711669921875;1 A
3;4094;39.9383538991653;0.306304931640625;0.001055908203125;1 A
3;4095;39.9464838991448;0.3038330078125;0.00105895996093749;1 A
3;4096;39.9546138991243;0.301422119140625;0.00104370117187499;1 A
3;4097;39.9627438991038;0.298980712890625;0.0010498046875;1 A
3;4098;39.9708738990832;0.296539306640625;0.00103759765625;1 A
3;4099;39.9790038990627;0.294158935546875;0.00102844238281249;1 A
3;4100;39.9871338990422;0.2916259765625;0.0010223388671875;1 A
3;4101;39.9952638990217;0.289215087890625;0.00101623535156251;1 A
3;4102;40.0033938990011;0.2867431640625;0.001019287109375;1 A
3;4103;40.0115238989806;0.284332275390625;0.000997924804687494;1 A
3;4104;40.0196538989601;0.281951904296875;0.000997924804687494;1 A
3;4105;40.0277838989396;0.27947998046875;0.000982666015624994;1 A
3;4106;40.035913898919;0.27703857421875;0.000985717773437506;1 A
3;4107;40.0440438988985;0.27459716796875;0.000970458984375006;1 A
3;4108;40.052173898878;0.272125244140625;0.000970458984375006;1 A
3;4109;40.0603038988575;0.26971435546875;0.000955200195312506;1 A
3;4110;40.0684338988369;0.26727294921875;0.000958251953125003;1 A
3;4111;40.0765638988164;0.26483154296875;0.000942993164062503;1 A
3;4112;40.0846938987959;0.262359619140625;0.000933837890624997;1 A
3;4113;40.0928238987754;0.25994873046875;0.000918579101562497;1 A
3;4114;40.1009538987548;0.25750732421875;0.000921630859374994;1 A
3;4115;40.1090838987343;0.255096435546875;0.000906372070312494;1 A
3;4116;40.1172138987138;0.252685546875;0.000897216796875003;1 A
3;4117;40.1253438986932;0.25018310546875;0.000891113281249994;1 A
3;4118;40.1334738986727;0.24774169921875;0.000872802734374997;1 A
3;4119;40.1416038986522;0.245269775390625;0.0008697509765625;1 A
3;4120;40.1497338986317;0.24285888671875;0.000866699218750003;1 A
3;4121;40.1578638986111;0.24041748046875;0.000851440429687503;1 A
3;4122;40.1659938985906;0.238006591796875;0.000842285156249997;1 A
3;4123;40.1741238985701;0.23553466796875;0.000833129882812506;1 A
3;4124;40.1822538985496;0.233154296875;0.000820922851562503;1 A
3;4125;40.190383898529;0.230712890625;0.000811767578124997;1 A
3;4126;40.1985138985085;0.228240966796875;0.0008087158203125;1 A
3;4127;40.206643898488;0.225830078125;0.000784301757812494;1 A
3;4128;40.2147738984675;0.223297119140625;0.000781249999999997;1 A
3;4129;40.2229038984469;0.220947265625;0.000765991210937497;1 A
3;4130;40.2310338984264;0.218475341796875;0.000756835937500006;1 A
3;4131;40.2391638984059;0.216064453125;0.000738525390624994;1 A
3;4132;40.2472938983854;0.213653564453125;0.000732421875;1 A
3;4133;40.2554238983648;0.211181640625;0.0007171630859375;1 A
3;4134;40.2635538983443;0.208740234375;0.0007171630859375;1 A
3;4135;40.2716838983238;0.206298828125;0.000692749023437494;1 A
3;4136;40.2798138983032;0.203857421875;0.0006866455078125;1 A
3;4137;40.2879438982827;0.201446533203125;0.000668334960937503;1 A
3;4138;40.2960738982622;0.198974609375;0.000665283203125006;1 A
3;4139;40.3042038982417;0.196533203125;0.000646972656249994;1 A
3;4140;40.3123338982211;0.194061279296875;0.000631713867187494;1 A
3;4141;40.3204638982006;0.191619873046875;0.000616455078124994;1 A
3;4142;40.3285938981801;0.189239501953125;0.000601196289062494;1 A
3;4143;40.3367238981596;0.186798095703125;0.000598144531249997;1 A
3;4144;40.344853898139;0.1844482421875;0.000567626953124997;1 A
3;4145;40.3529838981185;0.1820068359375;0.000567626953124997;1 A
3;4146;40.361113898098;0.179443359375;0.00054931640625;1 A
3;4147;40.3692438980775;0.177001953125;0.000540161132812494;1 A
3;4148;40.3773738980569;0.17462158203125;0.000515747070312503;1 A
3;4149;40.3855038980364;0.172149658203125;0.000512695312500006;1 A
3;4150;40.3936338980159;0.169708251953125;0.000485229492187503;1 A
3;4151;40.4017638979954;0.16729736328125;0.000479125976562494;1 A
3;4152;40.4098938979748;0.16485595703125;0.000463867187499994;1 A
3;4153;40.4180238979543;0.162445068359375;0.0004425048828125;1 A
3;4154;40.4261538979338;0.15997314453125;0.00042724609375;1 A
3;4155;40.4342838979132;0.15753173828125;0.000408935546875003;1 A
3;4156;40.4424138978927;0.155120849609375;0.000393676757812503;1 A
3;4157;40.4505438978722;0.15264892578125;0.000378417968750003;1 A
3;4158;40.4586738978517;0.15020751953125;0.000357055664062494;1 A
3;4159;40.4668038978311;0.14776611328125;0.000344848632812506;1 A
3;4160;40.4749338978106;0.145294189453125;0.000317382812500003;1 A
3;4161;40.4830638977901;0.1429443359375;0.00030517578125;1 A
3;4162;40.4911938977696;0.1405029296875;0.000274658203125;1 A
3;4163;40.499323897749;0.13800048828125;0.000265502929687494;1 A
3;4164;40.5074538977285;0.1356201171875;0.000244140625;1 A
3;4165;40.515583897708;0.133148193359375;0.0002288818359375;1 A
3;4166;40.5237138976875;0.130706787109375;0.000204467773437494;1 A
3;4167;40.5318438976669;0.128265380859375;0.000192260742187506;1 A
3;4168;40.5399738976464;0.12579345703125;0.000161743164062506;1 A
3;4169;40.5481038976259;0.123382568359375;0.000143432617187494;1 A
3;4170;40.5562338976054;0.1209716796875;0.000119018554687503;1 A
3;4171;40.5643638975848;0.11846923828125;0.000112915039062494;1 A
3;4172;40.5724938975643;0.116058349609375;7.62939453125E-05;1 A
3;4173;40.5806238975438;0.113677978515625;5.49316406250056E-05;1 A
3;4174;40.5887538975232;0.111175537109375;2.44140625000056E-05;1 A
3;4175;40.5968838975027;0.1087646484375;6.10351562499445E-06;1 A
3;4176;40.6050138974822;0.1063232421875;-2.74658203125028E-05;1 A
3;4177;40.6131438974617;0.1038818359375;-4.27246093750028E-05;1 A
3;4178;40.6212738974411;0.101531982421875;-7.93457031249972E-05;1 A
3;4179;40.6294038974206;0.09906005859375;-9.76562499999944E-05;1 A
4;4180;40.6375338974001;0.096649169921875;-0.000146484375000006;1 A
4;4181;40.6456638973796;0.094146728515625;-0.000155639648437497;1 A
4;4182;40.653793897359;0.0916748046875;-0.000180053710937503;1 A
4;4183;40.6619238973385;0.089263916015625;-0.000219726562499994;1 A
4;4184;40.670053897318;0.086822509765625;-0.000238037109375006;1 A
4;4185;40.6781838972975;0.084381103515625;-0.000280761718749994;1 A
4;4186;40.6863138972769;0.08197021484375;-0.000302124023437503;1 A
4;4187;40.6944438972564;0.0794677734375;-0.000344848632812506;1 A
4;4188;40.7025738972359;0.077056884765625;-0.000363159179687503;1 A
4;4189;40.7107038972154;0.07470703125;-0.000408935546875003;1 A
4;4190;40.7188338971948;0.072174072265625;-0.000436401367187506;1 A
4;4191;40.7269638971743;0.069732666015625;-0.000479125976562494;1 A
4;4192;40.7350938971538;0.0672607421875;-0.0005035400390625;1 A
4;4193;40.7432238971332;0.06488037109375;-0.000546264648437503;1 A
4;4194;40.7513538971127;0.06243896484375;-0.000579833984375;1 A
4;4195;40.7594838970922;0.060028076171875;-0.0006256103515625;1 A
4;4196;40.7676138970717;0.057586669921875;-0.000653076171875003;1 A
4;4197;40.7757438970511;0.05511474609375;-0.000708007812499994;1 A
4;4198;40.7838738970306;0.05267333984375;-0.000741577148437506;1 A
4;4199;40.7920038970101;0.050201416015625;-0.00079345703125;1 A
4;4200;40.8001338969896;0.04781494140625;-0.000823974609375;1 A
4;4201;40.808263896969;0.0453948974609375;-0.000878906250000006;1 A
4;4202;40.8163938969485;0.0429443359375;-0.000918579101562497;1 A
4;4203;40.824523896928;0.04051513671875;-0.000967407226562494;1 A
4;4204;40.8326538969075;0.038043212890625;-0.000997924804687494;1 A
4;4205;40.8407838968869;0.0356201171875;-0.00105895996093749;1 A
4;4206;40.8489138968664;0.0331939697265625;-0.0010986328125;1 A
4;4207;40.8570438968459;0.030743408203125;-0.00116577148437499;1 A
4;4208;40.8651738968254;0.0282989501953125;-0.001202392578125;1 A
4;4209;40.8733038968048;0.0258758544921875;-0.0012664794921875;1 A
4;4210;40.8814338967843;0.02344970703125;-0.00130310058593749;1 A
4;4211;40.8895638967638;0.0210357666015625;-0.00136718750000001;1 A
4;4212;40.8976938967432;0.01856689453125;-0.00141296386718751;1 A
4;4213;40.9058238967227;0.0161285400390625;-0.00147705078125;1 A
4;4214;40.9139538967022;0.013690185546875;-0.00151977539062501;1 A
4;4215;40.9220838966817;0.01124267578125;-0.0015869140625;1 A
4;4216;40.9302138966611;0.0087921142578125;-0.001629638671875;1 A
4;4217;40.9383438966406;0.00637207031250001;-0.0017059326171875;1 A
4;4218;40.9464738966201;0.003936767578125;-0.0017578125;1 A
4;4219;40.9546038965996;0.0014801025390625;-0.00182495117187501;1 A
4;4220;40.962733896579;-0.000949096679687497;-0.00188293457031249;1 A
4;4221;40.9708638965585;-0.00338134765625001;-0.00195922851562499;1 A
4;4222;40.978993896538;-0.005810546875;-0.00202331542968751;1 A
4;4223;40.9871238965175;-0.00826110839843749;-0.00208435058593751;1 A
4;4224;40.9952538964969;-0.0106964111328125;-0.00217285156249999;1 A
4;4225;41.0033838964764;-0.013134765625;-0.0022247314453125;1 A
4;4226;41.0115138964559;-0.0155609130859375;-0.00231323242187501;1 A
4;4227;41.0196438964354;-0.017999267578125;-0.00237426757812501;1 A
4;4228;41.0277738964148;-0.0204376220703125;-0.0024566650390625;1 A
4;4229;41.0359038963943;-0.0228729248046875;-0.0025177001953125;1 A
4;4230;41.0440338963738;-0.025323486328125;-0.0026092529296875;1 A
4;4231;41.0521638963532;-0.027764892578125;-0.00267944335937501;1 A
4;4232;41.0602938963327;-0.030206298828125;-0.00277099609375001;1 A
4;4233;41.0684238963122;-0.0326202392578125;-0.00284729003906251;1 A
4;4234;41.0765538962917;-0.0350830078125;-0.00294189453125;1 A
4;4235;41.0846838962711;-0.0375091552734375;-0.00303039550781251;1 A
4;4236;41.0928138962506;-0.03992919921875;-0.00311889648437499;1 A
4;4237;41.1009438962301;-0.0423736572265625;-0.00321350097656251;1 A
4;4238;41.1090738962096;-0.0448211669921875;-0.003314208984375;1 A
4;4239;41.117203896189;-0.047235107421875;-0.00340576171875;1 A
4;4240;41.1253338961685;-0.0497100830078125;-0.00351562499999999;1 A
4;4241;41.133463896148;-0.05218505859375;-0.00360717773437499;1 A
4;4242;41.1415938961275;-0.054595947265625;-0.0037200927734375;1 A
4;4243;41.1497238961069;-0.057098388671875;-0.00382080078124999;1 A
4;4244;41.1578538960864;-0.059478759765625;-0.003948974609375;1 A
4;4245;41.1659838960659;-0.061920166015625;-0.004046630859375;1 A
4;4246;41.1741138960454;-0.06439208984375;-0.004180908203125;1 A
4;4247;41.1822438960248;-0.066802978515625;-0.0042724609375;1 A
4;4248;41.1903738960043;-0.06927490234375;-0.004412841796875;1 A
4;4249;41.1985038959838;-0.0716552734375;-0.0045196533203125;1 A
4;4250;41.2066338959633;-0.074127197265625;-0.0046722412109375;1 A
4;4251;41.2147638959427;-0.076568603515625;-0.00478515625000001;1 A
4;4252;41.2228938959222;-0.07891845703125;-0.0049285888671875;1 A
4;4253;41.2310238959017;-0.08135986328125;-0.00505676269531249;1 A
4;4254;41.2391538958811;-0.083831787109375;-0.0052032470703125;1 A
4;4255;41.2472838958606;-0.0863037109375;-0.005340576171875;1 A
4;4256;41.2554138958401;-0.08880615234375;-0.00550231933593751;1 A
4;4257;41.2635438958196;-0.0911865234375;-0.00563659667968749;1 A
4;4258;41.271673895799;-0.093597412109375;-0.00580444335937499;1 A
4;4259;41.2798038957785;-0.096038818359375;-0.005963134765625;1 A
4;4260;41.287933895758;-0.0985107421875;-0.006134033203125;1 A
4;4261;41.2960638957375;-0.10101318359375;-0.00629272460937499;1 A
4;4262;41.3041938957169;-0.103424072265625;-0.00646362304687501;1 A
4;4263;41.3123238956964;-0.1058349609375;-0.00664367675781249;1 A
4;4264;41.3204538956759;-0.108306884765625;-0.006805419921875;1 A
4;4265;41.3285838956554;-0.11065673828125;-0.0070220947265625;1 A
4;4266;41.3367138956348;-0.1131591796875;-0.0071746826171875;1 A
4;4267;41.3448438956143;-0.115509033203125;-0.007403564453125;1 A
4;4268;41.3529738955938;-0.11798095703125;-0.0075653076171875;1 A
4;4269;41.3611038955733;-0.120452880859375;-0.007794189453125;1 A
4;4270;41.3692338955527;-0.1229248046875;-0.00797119140624999;1 A
4;4271;41.3773638955322;-0.12530517578125;-0.0082122802734375;1 A
4;4272;41.3854938955117;-0.12774658203125;-0.0084075927734375;1 A
4;4273;41.3936238954911;-0.130218505859375;-0.00865478515625;1 A
4;4274;41.4017538954706;-0.132598876953125;-0.00887451171875001;1 A
4;4275;41.4098838954501;-0.135101318359375;-0.00911560058593749;1 A
4;4276;41.4180138954296;-0.137542724609375;-0.0093536376953125;1 A
4;4277;41.426143895409;-0.139923095703125;-0.0095977783203125;1 A
4;4278;41.4342738953885;-0.142333984375;-0.00984802246093749;1 A
4;4279;41.442403895368;-0.144775390625;-0.010101318359375;1 A
4;4280;41.4505338953475;-0.14727783203125;-0.0103485107421875;1 A
4;4281;41.4586638953269;-0.149658203125;-0.01064453125;1 A
4;4282;41.4667938953064;-0.152130126953125;-0.010882568359375;1 A
4;4283;41.4749238952859;-0.154541015625;-0.0111846923828125;1 A
4;4284;41.4830538952654;-0.157012939453125;-0.0114227294921875;1 A
4;4285;41.4911838952448;-0.159423828125;-0.0117462158203125;1 A
4;4286;41.4993138952243;-0.161895751953125;-0.0120208740234375;1 A
4;4287;41.5074438952038;-0.16436767578125;-0.0123626708984375;1 A
4;4288;41.5155738951833;-0.16680908203125;-0.0126190185546875;1 A
4;4289;41.5237038951627;-0.169189453125;-0.012982177734375;1 A
4;4290;41.5318338951422;-0.171630859375;-0.01324462890625;1 A
4;4291;41.5399638951217;-0.17413330078125;-0.013623046875;1 A
4;4292;41.5480938951011;-0.17645263671875;-0.0139068603515625;1 A
4;4293;41.5562238950806;-0.178955078125;-0.0142852783203125;1 A
4;4294;41.5643538950601;-0.181365966796875;-0.0146087646484375;1 A
4;4295;41.5724838950396;-0.183807373046875;-0.0149871826171875;1 A
4;4296;41.580613895019;-0.186309814453125;-0.0153167724609375;1 A
4;4297;41.5887438949985;-0.188751220703125;-0.0157073974609375;1 A
4;4298;41.596873894978;-0.19110107421875;-0.0160736083984375;1 A
4;4299;41.6050038949575;-0.193572998046875;-0.01644287109375;1 A
4;4300;41.6131338949369;-0.196014404296875;-0.0167877197265625;1 A
4;4301;41.6212638949164;-0.198486328125;-0.0171875;1 A
4;4302;41.6293938948959;-0.20086669921875;-0.0175872802734375;1 A
4;4303;41.6375238948754;-0.203338623046875;-0.017987060546875;1 A
4;4304;41.6456538948548;-0.20574951171875;-0.0184112548828125;1 A
4;4305;41.6537838948343;-0.20819091796875;-0.01878662109375;1 A
4;4306;41.6619138948138;-0.21063232421875;-0.0192413330078125;1 A
4;4307;41.6700438947933;-0.213043212890625;-0.01961669921875;1 A
4;4308;41.6781738947727;-0.215484619140625;-0.0201202392578125;1 A
4;4309;41.6863038947522;-0.2178955078125;-0.02049560546875;1 A
4;4310;41.6944338947317;-0.220367431640625;-0.0210174560546875;1 A
4;4311;41.7025638947111;-0.222869873046875;-0.0214263916015625;1 A
4;4312;41.7106938946906;-0.22528076171875;-0.021917724609375;1 A
4;4313;41.7188238946701;-0.22772216796875;-0.0223846435546875;1 A
4;4314;41.7269538946496;-0.230133056640625;-0.02283935546875;1 A
4;4315;41.735083894629;-0.232574462890625;-0.0233428955078125;1 A
4;4316;41.7432138946085;-0.23504638671875;-0.0238128662109375;1 A
4;4317;41.751343894588;-0.23748779296875;-0.0243133544921875;1 A
4;4318;41.7594738945675;-0.23992919921875;-0.0248077392578125;1 A
4;4319;41.7676038945469;-0.24237060546875;-0.025311279296875;1 A
4;4320;41.7757338945264;-0.2447509765625;-0.025830078125;1 A
4;4321;41.7838638945059;-0.247222900390625;-0.0263092041015625;1 A
4;4322;41.7919938944854;-0.249603271484375;-0.026861572265625;1 A
4;4323;41.8001238944648;-0.252105712890625;-0.02735595703125;1 A
4;4324;41.8082538944443;-0.2545166015625;-0.0279571533203125;1 A
4;4325;41.8163838944238;-0.256988525390625;-0.02845458984375;1 A
4;4326;41.8245138944033;-0.259429931640625;-0.029058837890625;1 A
4;4327;41.8326438943827;-0.26177978515625;-0.0295196533203125;1 A
4;4328;41.8407738943622;-0.2642822265625;-0.0301910400390625;1 A
4;4329;41.8489038943417;-0.2667236328125;-0.030657958984375;1 A
4;4330;41.8570338943211;-0.269134521484375;-0.0313018798828125;1 A
4;4331;41.8651638943006;-0.27154541015625;-0.0318084716796875;1 A
4;4332;41.8732938942801;-0.274078369140625;-0.03243408203125;1 A
4;4333;41.8814238942596;-0.276519775390625;-0.03291015625;1 A
4;4334;41.889553894239;-0.27886962890625;-0.0335235595703125;1 A
4;4335;41.8976838942185;-0.28131103515625;-0.033990478515625;1 A
4;4336;41.905813894198;-0.283721923828125;-0.0346038818359375;1 A
4;4337;41.9139438941775;-0.286224365234375;-0.0350921630859375;1 A
4;4338;41.9220738941569;-0.288665771484375;-0.0356292724609375;1 A
4;4339;41.9302038941364;-0.291046142578125;-0.03612060546875;1 A
4;4340;41.9383338941159;-0.293548583984375;-0.036639404296875;1 A
4;4341;41.9464638940954;-0.295989990234375;-0.0371917724609375;1 A
4;4342;41.9545938940748;-0.29840087890625;-0.03765869140625;1 A
4;4343;41.9627238940543;-0.30084228515625;-0.0381866455078125;1 A
4;4344;41.9708538940338;-0.303253173828125;-0.0386138916015625;1 A
4;4345;41.9789838940133;-0.30572509765625;-0.0391632080078125;1 A
4;4346;41.9871138939927;-0.308197021484375;-0.03953857421875;1 A
4;4347;41.9952438939722;-0.310546875;-0.040167236328125;1 A
4;4348;42.0033738939517;-0.313018798828125;-0.040545654296875;1 A
4;4349;42.0115038939311;-0.31549072265625;-0.0411224365234375;1 A
4;4350;42.0196338939106;-0.31793212890625;-0.04151611328125;1 A
4;4351;42.0277638938901;-0.320404052734375;-0.0420318603515625;1 A
4;4352;42.0358938938696;-0.322784423828125;-0.0424560546875;1 A
4;4353;42.044023893849;-0.325225830078125;-0.0429595947265625;1 A
4;4354;42.0521538938285;-0.32763671875;-0.043353271484375;1 A
4;4355;42.060283893808;-0.330078125;-0.0438018798828125;1 A
4;4356;42.0684138937875;-0.33245849609375;-0.044219970703125;1 A
4;4357;42.0765438937669;-0.3349609375;-0.0446502685546875;1 A
4;4358;42.0846738937464;-0.33740234375;-0.045025634765625;1 A
4;4359;42.0928038937259;-0.33978271484375;-0.045465087890625;1 A
4;4360;42.1009338937054;-0.342315673828125;-0.045843505859375;1 A
4;4361;42.1090638936848;-0.344696044921875;-0.0462799072265625;1 A
4;4362;42.1171938936643;-0.347198486328125;-0.046600341796875;1 A
4;4363;42.1253238936438;-0.349609375;-0.0470062255859375;1 A
4;4364;42.1334538936233;-0.35198974609375;-0.0473297119140625;1 A
4;4365;42.1415838936027;-0.354461669921875;-0.0477783203125;1 A
4;4366;42.1497138935822;-0.35687255859375;-0.0480438232421875;1 A
4;4367;42.1578438935617;-0.359344482421875;-0.04849853515625;1 A
4;4368;42.1659738935411;-0.36175537109375;-0.048675537109375;1 A
4;4369;42.1741038935206;-0.364166259765625;-0.0491485595703125;1 A
4;4370;42.1822338935001;-0.366668701171875;-0.0493438720703125;1 A
4;4371;42.1903638934796;-0.369049072265625;-0.0497344970703125;1 A
4;4372;42.198493893459;-0.371551513671875;-0.049957275390625;1 A
4;4373;42.2066238934385;-0.373992919921875;-0.05029296875;1 A
4;4374;42.214753893418;-0.37640380859375;-0.050506591796875;1 A
4;4375;42.2228838933975;-0.37884521484375;-0.050811767578125;1 A
4;4376;42.2310138933769;-0.381256103515625;-0.050994873046875;1 A
4;4377;42.2391438933564;-0.383697509765625;-0.051239013671875;1 A
4;4378;42.2472738933359;-0.38616943359375;-0.051422119140625;1 A
4;4379;42.2554038933154;-0.38861083984375;-0.0516357421875;1 A
4;4380;42.2635338932948;-0.39105224609375;-0.051788330078125;1 A
4;4381;42.2716638932743;-0.39349365234375;-0.052032470703125;1 A
4;4382;42.2797938932538;-0.3958740234375;-0.05218505859375;1 A
4;4383;42.2879238932333;-0.398345947265625;-0.052337646484375;1 A
4;4384;42.2960538932127;-0.400787353515625;-0.052520751953125;1 A
4;4385;42.3041838931922;-0.403228759765625;-0.0526123046875;1 A
4;4386;42.3123138931717;-0.4056396484375;-0.052825927734375;1 A
4;4387;42.3204438931512;-0.4080810546875;-0.0528564453125;1 A
4;4388;42.3285738931306;-0.410614013671875;-0.053009033203125;1 A
4;4389;42.3367038931101;-0.4129638671875;-0.053009033203125;1 A
4;4390;42.3448338930896;-0.4154052734375;-0.05316162109375;1 A
4;4391;42.352963893069;-0.417877197265625;-0.053131103515625;1 A
4;4392;42.3610938930485;-0.420318603515625;-0.05328369140625;1 A
4;4393;42.369223893028;-0.422698974609375;-0.053253173828125;1 A
4;4394;42.3773538930075;-0.4251708984375;-0.053314208984375;1 A
4;4395;42.3854838929869;-0.427581787109375;-0.05328369140625;1 A
4;4396;42.3936138929664;-0.42999267578125;-0.053314208984375;1 A
4;4397;42.4017438929459;-0.4324951171875;-0.053253173828125;1 A
4;4398;42.4098738929254;-0.4349365234375;-0.053314208984375;1 A
4;4399;42.4180038929048;-0.437347412109375;-0.053253173828125;1 A
4;4400;42.4261338928843;-0.439788818359375;-0.05322265625;1 A
4;4401;42.4342638928638;-0.44219970703125;-0.05322265625;1 A
4;4402;42.4423938928433;-0.444671630859375;-0.053192138671875;1 A
4;4403;42.4505238928227;-0.447113037109375;-0.053131103515625;1 A
4;4404;42.4586538928022;-0.449554443359375;-0.05316162109375;1 A
4;4405;42.4667838927817;-0.4520263671875;-0.05303955078125;1 A
4;4406;42.4749138927612;-0.454345703125;-0.053009033203125;1 A
4;4407;42.4830438927406;-0.45684814453125;-0.052886962890625;1 A
4;4408;42.4911738927201;-0.45928955078125;-0.05291748046875;1 A
4;4409;42.4993038926996;-0.461669921875;-0.052734375;1 A
4;4410;42.507433892679;-0.464141845703125;-0.052734375;1 A
4;4411;42.5155638926585;-0.46661376953125;-0.05255126953125;1 A
4;4412;42.523693892638;-0.468994140625;-0.052490234375;1 A
4;4413;42.5318238926175;-0.471466064453125;-0.05230712890625;1 A
4;4414;42.5399538925969;-0.473968505859375;-0.052276611328125;1 A
4;4415;42.5480838925764;-0.476348876953125;-0.0521240234375;1 A
4;4416;42.5562138925559;-0.478851318359375;-0.052001953125;1 A
4;4417;42.5643438925354;-0.481201171875;-0.051849365234375;1 A
4;4418;42.5724738925148;-0.483673095703125;-0.0517578125;1 A
4;4419;42.5806038924943;-0.486083984375;-0.051605224609375;1 A
4;4420;42.5887338924738;-0.488494873046875;-0.051483154296875;1 A
4;4421;42.5968638924533;-0.490997314453125;-0.051361083984375;1 A
4;4422;42.6049938924327;-0.493408203125;-0.051239013671875;1 A
4;4423;42.6131238924122;-0.49591064453125;-0.051055908203125;1 A
4;4424;42.6212538923917;-0.498321533203125;-0.0509033203125;1 A
4;4425;42.6293838923712;-0.500762939453125;-0.05078125;1 A
4;4426;42.6375138923506;-0.503204345703125;-0.05059814453125;1 A
4;4427;42.6456438923301;-0.505645751953125;-0.05047607421875;1 A
4;4428;42.6537738923096;-0.50811767578125;-0.05023193359375;1 A
4;4429;42.661903892289;-0.510498046875;-0.05010986328125;1 A
4;4430;42.6700338922685;-0.51300048828125;-0.0498382568359375;1 A
4;4431;42.678163892248;-0.515350341796875;-0.0496978759765625;1 A
4;4432;42.6862938922275;-0.517791748046875;-0.049468994140625;1 A
4;4433;42.6944238922069;-0.520233154296875;-0.0493194580078125;1 A
4;4434;42.7025538921864;-0.522705078125;-0.0491058349609375;1 A
4;4435;42.7106838921659;-0.525115966796875;-0.0489227294921875;1 A
4;4436;42.7188138921454;-0.527557373046875;-0.048736572265625;1 A
4;4437;42.7269438921248;-0.530029296875;-0.048541259765625;1 A
4;4438;42.7350738921043;-0.5323486328125;-0.048382568359375;1 A
4;4439;42.7432038920838;-0.534881591796875;-0.0481842041015625;1 A
4;4440;42.7513338920633;-0.53729248046875;-0.048016357421875;1 A
4;4441;42.7594638920427;-0.539703369140625;-0.0478118896484375;1 A
4;4442;42.7675938920222;-0.542205810546875;-0.04764404296875;1 A
4;4443;42.7757238920017;-0.544647216796875;-0.047454833984375;1 A
4;4444;42.7838538919812;-0.547027587890625;-0.0472503662109375;1 A
4;4445;42.7919838919606;-0.5494384765625;-0.047064208984375;1 A
4;4446;42.8001138919401;-0.55194091796875;-0.04683837890625;1 A
4;4447;42.8082438919196;-0.554351806640625;-0.0466522216796875;1 A
4;4448;42.816373891899;-0.55682373046875;-0.0464111328125;1 A
4;4449;42.8245038918785;-0.559295654296875;-0.0462371826171875;1 A
4;4450;42.832633891858;-0.56170654296875;-0.04600830078125;1 A
4;4451;42.8407638918375;-0.56414794921875;-0.0458404541015625;1 A
4;4452;42.8488938918169;-0.5665283203125;-0.04560546875;1 A
4;4453;42.8570238917964;-0.56903076171875;-0.045440673828125;1 A
4;4454;42.8651538917759;-0.571441650390625;-0.045208740234375;1 A
4;4455;42.8732838917554;-0.5738525390625;-0.045037841796875;1 A
4;4456;42.8814138917348;-0.576324462890625;-0.04481201171875;1 A
4;4457;42.8895438917143;-0.5787353515625;-0.0446533203125;1 A
4;4458;42.8976738916938;-0.5811767578125;-0.044439697265625;1 A
4;4459;42.9058038916733;-0.583648681640625;-0.0442840576171875;1 A
4;4460;42.9139338916527;-0.58599853515625;-0.044061279296875;1 A
4;4461;42.9220638916322;-0.588531494140625;-0.0438934326171875;1 A
4;4462;42.9301938916117;-0.59088134765625;-0.0436767578125;1 A
4;4463;42.9383238915912;-0.59332275390625;-0.04349365234375;1 A
4;4464;42.9464538915706;-0.595703125;-0.043304443359375;1 A
4;4465;42.9545838915501;-0.598236083984375;-0.04310302734375;1 A
4;4466;42.9627138915296;-0.600738525390625;-0.042913818359375;1 A
4;4467;42.970843891509;-0.60308837890625;-0.0427276611328125;1 A
4;4468;42.9789738914885;-0.60552978515625;-0.0425445556640625;1 A
4;4469;42.987103891468;-0.60797119140625;-0.042340087890625;1 A
4;4470;42.9952338914475;-0.61041259765625;-0.042181396484375;1 A
4;4471;43.0033638914269;-0.6129150390625;-0.041986083984375;1 A
4;4472;43.0114938914064;-0.61529541015625;-0.0417999267578125;1 A
4;4473;43.0196238913859;-0.617706298828125;-0.0416229248046875;1 A
4;4474;43.0277538913654;-0.620208740234375;-0.041448974609375;1 A
4;4475;43.0358838913448;-0.622589111328125;-0.04127197265625;1 A
4;4476;43.0440138913243;-0.625030517578125;-0.0411285400390625;1 A
4;4477;43.0521438913038;-0.62750244140625;-0.0409515380859375;1 A
4;4478;43.0602738912833;-0.62994384765625;-0.0407958984375;1 A
4;4479;43.0684038912627;-0.63232421875;-0.0406158447265625;1 A
4;4480;43.0765338912422;-0.634796142578125;-0.04046630859375;1 A
4;4481;43.0846638912217;-0.637237548828125;-0.040289306640625;1 A
4;4482;43.0927938912012;-0.63970947265625;-0.04014892578125;1 A
4;4483;43.1009238911806;-0.64208984375;-0.039990234375;1 A
4;4484;43.1090538911601;-0.64453125;-0.0398529052734375;1 A
4;4485;43.1171838911396;-0.647003173828125;-0.039691162109375;1 A
4;4486;43.125313891119;-0.6494140625;-0.0395599365234375;1 A
4;4487;43.1334438910985;-0.651885986328125;-0.0394073486328125;1 A
4;4488;43.141573891078;-0.654327392578125;-0.0392822265625;1 A
4;4489;43.1497038910575;-0.656768798828125;-0.03912353515625;1 A
4;4490;43.1578338910369;-0.6591796875;-0.0390228271484375;1 A
4;4491;43.1659638910164;-0.661651611328125;-0.0388519287109375;1 A
4;4492;43.1740938909959;-0.6640625;-0.038763427734375;1 A
4;4493;43.1822238909754;-0.66656494140625;-0.038616943359375;1 A
4;4494;43.1903538909548;-0.668914794921875;-0.038519287109375;1 A
4;4495;43.1984838909343;-0.67132568359375;-0.0383758544921875;1 A
4;4496;43.2066138909138;-0.673797607421875;-0.038275146484375;1 A
4;4497;43.2147438908933;-0.676239013671875;-0.038128662109375;1 A
4;4498;43.2228738908727;-0.6787109375;-0.0380218505859375;1 A
4;4499;43.2310038908522;-0.68109130859375;-0.0378936767578125;1 A
4;4500;43.2391338908317;-0.683563232421875;-0.037799072265625;1 A
4;4501;43.2472638908112;-0.68597412109375;-0.0376617431640625;1 A
4;4502;43.2553938907906;-0.688385009765625;-0.037567138671875;1 A
4;4503;43.2635238907701;-0.69085693359375;-0.0374267578125;1 A
4;4504;43.2716538907496;-0.693359375;-0.037322998046875;1 A
4;4505;43.279783890729;-0.69573974609375;-0.03720703125;1 A
4;4506;43.2879138907085;-0.69818115234375;-0.037103271484375;1 A
4;4507;43.296043890688;-0.70062255859375;-0.036981201171875;1 A
4;4508;43.3041738906675;-0.7030029296875;-0.0368682861328125;1 A
4;4509;43.3123038906469;-0.70550537109375;-0.0367584228515625;1 A
4;4510;43.3204338906264;-0.7078857421875;-0.036627197265625;1 A
4;4511;43.3285638906059;-0.71038818359375;-0.03653564453125;1 A
4;4512;43.3366938905854;-0.712860107421875;-0.0363983154296875;1 A
4;4513;43.3448238905648;-0.7152099609375;-0.0363128662109375;1 A
4;4514;43.3529538905443;-0.717681884765625;-0.036163330078125;1 A
4;4515;43.3610838905238;-0.720123291015625;-0.036077880859375;1 A
4;4516;43.3692138905033;-0.722503662109375;-0.035931396484375;1 A
4;4517;43.3773438904827;-0.725006103515625;-0.0358428955078125;1 A
4;4518;43.3854738904622;-0.7274169921875;-0.0357177734375;1 A
4;4519;43.3936038904417;-0.729827880859375;-0.0356109619140625;1 A
4;4520;43.4017338904212;-0.7322998046875;-0.0354827880859375;1 A
4;4521;43.4098638904006;-0.73468017578125;-0.0353790283203125;1 A
4;4522;43.4179938903801;-0.73712158203125;-0.0352569580078125;1 A
4;4523;43.4261238903596;-0.7396240234375;-0.035150146484375;1 A
4;4524;43.4342538903391;-0.7420654296875;-0.0350341796875;1 A
4;4525;43.4423838903185;-0.744476318359375;-0.0349365234375;1 A
4;4526;43.450513890298;-0.746917724609375;-0.0348175048828125;1 A
4;4527;43.4586438902775;-0.74932861328125;-0.034716796875;1 A
4;4528;43.4667738902569;-0.751953125;-0.034588623046875;1 A
4;4529;43.4749038902364;-0.75408935546875;-0.034503173828125;1 A
4;4530;43.4830338902159;-0.75653076171875;-0.034381103515625;1 A
4;4531;43.4911638901954;-0.75897216796875;-0.0342803955078125;1 A
4;4532;43.4992938901748;-0.76141357421875;-0.03416748046875;1 A
4;4533;43.5074238901543;-0.76385498046875;-0.034063720703125;1 A
4;4534;43.5155538901338;-0.76629638671875;-0.0339508056640625;1 A
4;4535;43.5236838901133;-0.76873779296875;-0.033856201171875;1 A
4;4536;43.5318138900927;-0.7708740234375;-0.0337371826171875;1 A
4;4537;43.5399438900722;-0.7733154296875;-0.0336395263671875;1 A
4;4538;43.5480738900517;-0.77667236328125;-0.0335296630859375;1 A
4;4539;43.5562038900312;-0.77880859375;-0.033428955078125;1 A
4;4540;43.5643338900106;-0.78094482421875;-0.0333251953125;1 A
4;4541;43.5724638899901;-0.78399658203125;-0.0332366943359375;1 A
4;4542;43.5805938899696;-0.78582763671875;-0.0331268310546875;1 A
4;4543;43.5887238899491;-0.7879638671875;-0.0330291748046875;1 A
4;4544;43.5968538899285;-0.789794921875;-0.0329315185546875;1 A
4;4545;43.604983889908;-0.79315185546875;-0.0328369140625;1 A
4;4546;43.6131138898875;-0.79559326171875;-0.0327484130859375;1 A
4;4547;43.6212438898669;-0.79742431640625;-0.032659912109375;1 A
4;4548;43.6293738898464;-0.79986572265625;-0.0325531005859375;1 A
4;4549;43.6375038898259;-0.80291748046875;-0.032452392578125;1 A
4;4550;43.6456338898054;-0.80535888671875;-0.0323760986328125;1 A
4;4551;43.6537638897848;-0.80718994140625;-0.03226318359375;1 A
4;4552;43.6618938897643;-0.80963134765625;-0.0322021484375;1 A
4;4553;43.6700238897438;-0.81268310546875;-0.032098388671875;1 A
4;4554;43.6781538897233;-0.81451416015625;-0.0320281982421875;1 A
4;4555;43.6862838897027;-0.8172607421875;-0.0319366455078125;1 A
4;4556;43.6944138896822;-0.81939697265625;-0.0318634033203125;1 A
4;4557;43.7025438896617;-0.82244873046875;-0.031787109375;1 A
4;4558;43.7106738896412;-0.82489013671875;-0.0317169189453125;1 A
4;4559;43.7188038896206;-0.82763671875;-0.031634521484375;1 A
4;4560;43.7269338896001;-0.82977294921875;-0.031549072265625;1 A
4;4561;43.7350638895796;-0.83160400390625;-0.0314666748046875;1 A
4;4562;43.7431938895591;-0.8343505859375;-0.031378173828125;1 A
4;4563;43.7513238895385;-0.83740234375;-0.03131103515625;1 A
4;4564;43.759453889518;-0.83984375;-0.0312408447265625;1 A
4;4565;43.7675838894975;-0.84197998046875;-0.031158447265625;1 A
4;4566;43.7757138894769;-0.84442138671875;-0.0310760498046875;1 A
4;4567;43.7838438894564;-0.8465576171875;-0.0310028076171875;1 A
4;4568;43.7919738894359;-0.84930419921875;-0.0309295654296875;1 A
4;4569;43.8001038894154;-0.85174560546875;-0.0308624267578125;1 A
4;4570;43.8082338893948;-0.8544921875;-0.0307952880859375;1 A
4;4571;43.8163638893743;-0.85693359375;-0.0307159423828125;1 A
4;4572;43.8244938893538;-0.85906982421875;-0.0306365966796875;1 A
4;4573;43.8326238893333;-0.86090087890625;-0.0305633544921875;1 A
4;4574;43.8407538893127;-0.86395263671875;-0.0305023193359375;1 A
4;4575;43.8488838892922;-0.86639404296875;-0.0304229736328125;1 A
4;4576;43.8570138892717;-0.8685302734375;-0.030364990234375;1 A
4;4577;43.8651438892512;-0.87066650390625;-0.03028564453125;1 A
4;4578;43.8732738892306;-0.8740234375;-0.030230712890625;1 A
4;4579;43.8814038892101;-0.8758544921875;-0.0301666259765625;1 A
4;4580;43.8895338891896;-0.87799072265625;-0.0301055908203125;1 A
4;4581;43.8976638891691;-0.88104248046875;-0.030035400390625;1 A
4;4582;43.9057938891485;-0.8837890625;-0.0299774169921875;1 A
4;4583;43.913923889128;-0.88592529296875;-0.029901123046875;1 A
4;4584;43.9220538891075;-0.88836669921875;-0.0298492431640625;1 A
4;4585;43.9301838890869;-0.89019775390625;-0.0297882080078125;1 A
4;4586;43.9383138890664;-0.8929443359375;-0.0297393798828125;1 A
4;4587;43.9464438890459;-0.89569091796875;-0.029669189453125;1 A
4;4588;43.9545738890254;-0.89752197265625;-0.0296142578125;1 A
4;4589;43.9627038890048;-0.90057373046875;-0.0295562744140625;1 A
4;4590;43.9708338889843;-0.9027099609375;-0.0294952392578125;1 A
4;4591;43.9789638889638;-0.90484619140625;-0.0294586181640625;1 A
4;4592;43.9870938889433;-0.90789794921875;-0.02939453125;1 A
4;4593;43.9952238889227;-0.9100341796875;-0.029345703125;1 A
4;4594;44.0033538889022;-0.9124755859375;-0.0292755126953125;1 A
4;4595;44.0114838888817;-0.91522216796875;-0.0292449951171875;1 A
4;4596;44.0196138888612;-0.9173583984375;-0.0291839599609375;1 A
4;4597;44.0277438888406;-0.92010498046875;-0.029156494140625;1 A
4;4598;44.0358738888201;-0.9222412109375;-0.0291046142578125;1 A
4;4599;44.0440038887996;-0.924072265625;-0.029052734375;1 A
4;4600;44.0521338887791;-0.9271240234375;-0.0290191650390625;1 A
4;4601;44.0602638887585;-0.92987060546875;-0.0289703369140625;1 A
4;4602;44.068393888738;-0.93231201171875;-0.0289306640625;1 A
4;4603;44.0765238887175;-0.93475341796875;-0.0288848876953125;1 A
4;4604;44.0846538886969;-0.9368896484375;-0.0288482666015625;1 A
4;4605;44.0927838886764;-0.93902587890625;-0.0288055419921875;1 A
4;4606;44.1009138886559;-0.94207763671875;-0.02877197265625;1 A
4;4607;44.1090438886354;-0.94451904296875;-0.0287322998046875;1 A
4;4608;44.1171738886148;-0.94696044921875;-0.0287078857421875;1 A
4;4609;44.1253038885943;-0.9490966796875;-0.0286651611328125;1 A
4;4610;44.1334338885738;-0.9515380859375;-0.028631591796875;1 A
4;4611;44.1415638885533;-0.95428466796875;-0.0285888671875;1 A
4;4612;44.1496938885327;-0.95672607421875;-0.02855224609375;1 A
4;4613;44.1578238885122;-0.9588623046875;-0.0285308837890625;1 A
4;4614;44.1659538884917;-0.9613037109375;-0.0284942626953125;1 A
4;4615;44.1740838884712;-0.96343994140625;-0.0284820556640625;1 A
4;4616;44.1822138884506;-0.966796875;-0.02843017578125;1 A
4;4617;44.1903438884301;-0.9686279296875;-0.028411865234375;1 A
4;4618;44.1984738884096;-0.97076416015625;-0.028375244140625;1 A
4;4619;44.2066038883891;-0.9735107421875;-0.0283660888671875;1 A
4;4620;44.2147338883685;-0.9765625;-0.0283294677734375;1 A
4;4621;44.222863888348;-0.97808837890625;-0.0283172607421875;1 A
4;4622;44.2309938883275;-0.9808349609375;-0.028277587890625;1 A
4;4623;44.2391238883069;-0.9832763671875;-0.028271484375;1 A
4;4624;44.2472538882864;-0.9857177734375;-0.0282379150390625;1 A
4;4625;44.2553838882659;-0.9881591796875;-0.0282470703125;1 A
4;4626;44.2635138882454;-0.9906005859375;-0.028216552734375;1 A
4;4627;44.2716438882248;-0.9930419921875;-0.028216552734375;1 A
4;4628;44.2797738882043;-0.99578857421875;-0.0281829833984375;1 A
4;4629;44.2879038881838;-0.99853515625;-0.0281768798828125;1 A
4;4630;44.2960338881633;-1.00006103515625;-0.027423095703125;1 A
4;4631;44.3041638881427;-0.99700927734375;-0.02698974609375;1 A
4;4632;44.3122938881222;-0.99578857421875;-0.026763916015625;1 A
4;4633;44.3204238881017;-0.99273681640625;-0.0265869140625;1 A
4;4634;44.3285538880812;-0.99029541015625;-0.0264617919921875;1 A
4;4635;44.3366838880606;-0.98785400390625;-0.0263397216796875;1 A
4;4636;44.3448138880401;-0.98602294921875;-0.0262359619140625;1 A
4;4637;44.3529438880196;-0.982666015625;-0.026129150390625;1 A
4;4638;44.3610738879991;-0.9808349609375;-0.0260589599609375;1 A
4;4639;44.3692038879785;-0.97808837890625;-0.0259552001953125;1 A
4;4640;44.377333887958;-0.9759521484375;-0.025885009765625;1 A
4;4641;44.3854638879375;-0.97320556640625;-0.0258148193359375;1 A
4;4642;44.3935938879169;-0.9710693359375;-0.0257537841796875;1 A
4;4643;44.4017238878964;-0.96832275390625;-0.02568359375;1 A
4;4644;44.4098538878759;-0.96588134765625;-0.02562255859375;1 A
4;4645;44.4179838878554;-0.963134765625;-0.0255584716796875;1 A
4;4646;44.4261138878348;-0.960693359375;-0.0255035400390625;1 A
4;4647;44.4342438878143;-0.95855712890625;-0.0254486083984375;1 A
4;4648;44.4423738877938;-0.955810546875;-0.025396728515625;1 A
4;4649;44.4505038877733;-0.9539794921875;-0.0253265380859375;1 A
4;4650;44.4586338877527;-0.9515380859375;-0.025286865234375;1 A
4;4651;44.4667638877322;-0.94879150390625;-0.025225830078125;1 A
4;4652;44.4748938877117;-0.9466552734375;-0.025189208984375;1 A
4;4653;44.4830238876912;-0.94390869140625;-0.0251190185546875;1 A
4;4654;44.4911538876706;-0.9417724609375;-0.0250946044921875;1 A
4;4655;44.4992838876501;-0.93902587890625;-0.0250244140625;1 A
4;4656;44.5074138876296;-0.9368896484375;-0.0249969482421875;1 A
4;4657;44.5155438876091;-0.93475341796875;-0.02493896484375;1 A
4;4658;44.5236738875885;-0.9320068359375;-0.02491455078125;1 A
4;4659;44.531803887568;-0.92987060546875;-0.02486572265625;1 A
4;4660;44.5399338875475;-0.92681884765625;-0.024835205078125;1 A
4;4661;44.548063887527;-0.92437744140625;-0.024786376953125;1 A
4;4662;44.5561938875064;-0.92193603515625;-0.0247650146484375;1 A
4;4663;44.5643238874859;-0.91949462890625;-0.02470703125;1 A
4;4664;44.5724538874654;-0.916748046875;-0.024700927734375;1 A
4;4665;44.5805838874448;-0.9149169921875;-0.0246429443359375;1 A
4;4666;44.5887138874243;-0.91217041015625;-0.024615478515625;1 A
4;4667;44.5968438874038;-0.909423828125;-0.0245697021484375;1 A
4;4668;44.6049738873833;-0.9075927734375;-0.0245452880859375;1 A
4;4669;44.6131038873627;-0.90484619140625;-0.0244964599609375;1 A
4;4670;44.6212338873422;-0.902099609375;-0.0244659423828125;1 A
4;4671;44.6293638873217;-0.9002685546875;-0.0244354248046875;1 A
4;4672;44.6374938873012;-0.89813232421875;-0.02437744140625;1 A
4;4673;44.6456238872806;-0.8953857421875;-0.0243621826171875;1 A
4;4674;44.6537538872601;-0.892333984375;-0.0242950439453125;1 A
4;4675;44.6618838872396;-0.89019775390625;-0.02427978515625;1 A
4;4676;44.6700138872191;-0.88775634765625;-0.0242279052734375;1 A
4;4677;44.6781438871985;-0.88531494140625;-0.0242095947265625;1 A
4;4678;44.686273887178;-0.88287353515625;-0.02415771484375;1 A
4;4679;44.6944038871575;-0.8807373046875;-0.0241485595703125;1 A
4;4680;44.702533887137;-0.87799072265625;-0.0241058349609375;1 A
4;4681;44.7106638871164;-0.875244140625;-0.0241058349609375;1 A
4;4682;44.7187938870959;-0.87310791015625;-0.0240631103515625;1 A
4;4683;44.7269238870754;-0.8709716796875;-0.0240447998046875;1 A
4;4684;44.7350538870548;-0.86761474609375;-0.024005126953125;1 A
4;4685;44.7431838870343;-0.86578369140625;-0.0239990234375;1 A
4;4686;44.7513138870138;-0.86334228515625;-0.023968505859375;1 A
4;4687;44.7594438869933;-0.8612060546875;-0.0239501953125;1 A
4;4688;44.7675738869727;-0.858154296875;-0.0239166259765625;1 A
4;4689;44.7757038869522;-0.85540771484375;-0.02388916015625;1 A
4;4690;44.7838338869317;-0.85357666015625;-0.023870849609375;1 A
4;4691;44.7919638869112;-0.8514404296875;-0.0238494873046875;1 A
4;4692;44.8000938868906;-0.84930419921875;-0.023822021484375;1 A
4;4693;44.8082238868701;-0.84625244140625;-0.02381591796875;1 A
4;4694;44.8163538868496;-0.84442138671875;-0.02379150390625;1 A
4;4695;44.8244838868291;-0.84136962890625;-0.023797607421875;1 A
4;4696;44.8326138868085;-0.83953857421875;-0.02376708984375;1 A
4;4697;44.840743886788;-0.83648681640625;-0.02376708984375;1 A
4;4698;44.8488738867675;-0.833740234375;-0.02374267578125;1 A
4;4699;44.857003886747;-0.83160400390625;-0.0237335205078125;1 A
4;4700;44.8651338867264;-0.82916259765625;-0.02371826171875;1 A
4;4701;44.8732638867059;-0.82672119140625;-0.0236968994140625;1 A
4;4702;44.8813938866854;-0.82427978515625;-0.0236846923828125;1 A
4;4703;44.8895238866648;-0.82183837890625;-0.02369384765625;1 A
4;4704;44.8976538866443;-0.819091796875;-0.023651123046875;1 A
4;4705;44.9057838866238;-0.81695556640625;-0.02364501953125;1 A
4;4706;44.9139138866033;-0.81451416015625;-0.0236114501953125;1 A
4;4707;44.9220438865827;-0.811767578125;-0.023602294921875;1 A
4;4708;44.9301738865622;-0.80902099609375;-0.0235931396484375;1 A
4;4709;44.9383038865417;-0.806884765625;-0.0235809326171875;1 A
4;4710;44.9464338865212;-0.804443359375;-0.0235504150390625;1 A
4;4711;44.9545638865006;-0.80169677734375;-0.0235443115234375;1 A
4;4712;44.9626938864801;-0.799560546875;-0.02352294921875;1 A
4;4713;44.9708238864596;-0.797119140625;-0.0234893798828125;1 A
4;4714;44.9789538864391;-0.79437255859375;-0.023492431640625;1 A
4;4715;44.9870838864185;-0.79254150390625;-0.0234619140625;1 A
4;4716;44.995213886398;-0.789794921875;-0.02344970703125;1 A
4;4717;45.0033438863775;-0.78765869140625;-0.0234222412109375;1 A
4;4718;45.011473886357;-0.7855224609375;-0.0234161376953125;1 A
4;4719;45.0196038863364;-0.782470703125;-0.0233917236328125;1 A
4;4720;45.0277338863159;-0.78033447265625;-0.0233795166015625;1 A
4;4721;45.0358638862954;-0.7781982421875;-0.023345947265625;1 A
4;4722;45.0439938862748;-0.7757568359375;-0.02332763671875;1 A
4;4723;45.0521238862543;-0.7733154296875;-0.023309326171875;1 A
4;4724;45.0602538862338;-0.770263671875;-0.0232879638671875;1 A
4;4725;45.0683838862133;-0.767822265625;-0.0232574462890625;1 A
4;4726;45.0765138861927;-0.76568603515625;-0.0232452392578125;1 A
4;4727;45.0846438861722;-0.7635498046875;-0.023211669921875;1 A
4;4728;45.0927738861517;-0.7611083984375;-0.0231903076171875;1 A
4;4729;45.1009038861312;-0.75836181640625;-0.0231689453125;1 A
4;4730;45.1090338861106;-0.755615234375;-0.0231475830078125;1 A
4;4731;45.1171638860901;-0.7537841796875;-0.023126220703125;1 A
4;4732;45.1252938860696;-0.7513427734375;-0.023101806640625;1 A
4;4733;45.1334238860491;-0.74884033203125;-0.0230804443359375;1 A
4;4734;45.1415538860285;-0.746337890625;-0.02305908203125;1 A
4;4735;45.149683886008;-0.743865966796875;-0.02303466796875;1 A
4;4736;45.1578138859875;-0.741455078125;-0.0230072021484375;1 A
4;4737;45.165943885967;-0.739013671875;-0.0229736328125;1 A
4;4738;45.1740738859464;-0.736572265625;-0.0229583740234375;1 A
4;4739;45.1822038859259;-0.73419189453125;-0.0229156494140625;1 A
4;4740;45.1903338859054;-0.73175048828125;-0.0228973388671875;1 A
4;4741;45.1984638858848;-0.729248046875;-0.022857666015625;1 A
4;4742;45.2065938858643;-0.72686767578125;-0.0228271484375;1 A
4;4743;45.2147238858438;-0.72442626953125;-0.022784423828125;1 A
4;4744;45.2228538858233;-0.721954345703125;-0.0227630615234375;1 A
4;4745;45.2309838858027;-0.719482421875;-0.02271728515625;1 A
4;4746;45.2391138857822;-0.717071533203125;-0.0226898193359375;1 A
4;4747;45.2472438857617;-0.714569091796875;-0.0226470947265625;1 A
4;4748;45.2553738857412;-0.712188720703125;-0.0226104736328125;1 A
4;4749;45.2635038857206;-0.709716796875;-0.02255859375;1 A
4;4750;45.2716338857001;-0.707305908203125;-0.0225341796875;1 A
4;4751;45.2797638856796;-0.704864501953125;-0.0224822998046875;1 A
4;4752;45.2878938856591;-0.702484130859375;-0.0224517822265625;1 A
4;4753;45.2960238856385;-0.70001220703125;-0.0224029541015625;1 A
4;4754;45.304153885618;-0.69757080078125;-0.0223419189453125;1 A
4;4755;45.3122838855975;-0.69512939453125;-0.02230224609375;1 A
4;4756;45.320413885577;-0.69268798828125;-0.022235107421875;1 A
4;4757;45.3285438855564;-0.690216064453125;-0.0222015380859375;1 A
4;4758;45.3366738855359;-0.687744140625;-0.022125244140625;1 A
4;4759;45.3448038855154;-0.68536376953125;-0.0220855712890625;1 A
4;4760;45.3529338854948;-0.682891845703125;-0.0220123291015625;1 A
4;4761;45.3610638854743;-0.680419921875;-0.021954345703125;1 A
4;4762;45.3691938854538;-0.677978515625;-0.0218963623046875;1 A
4;4763;45.3773238854333;-0.67547607421875;-0.021826171875;1 A
4;4764;45.3854538854127;-0.67315673828125;-0.0217681884765625;1 A
4;4765;45.3935838853922;-0.670745849609375;-0.0216888427734375;1 A
4;4766;45.4017138853717;-0.66827392578125;-0.02161865234375;1 A
4;4767;45.4098438853512;-0.665771484375;-0.0215606689453125;1 A
4;4768;45.4179738853306;-0.663421630859375;-0.021490478515625;1 A
4;4769;45.4261038853101;-0.660919189453125;-0.0214141845703125;1 A
4;4770;45.4342338852896;-0.658477783203125;-0.021331787109375;1 A
4;4771;45.4423638852691;-0.65606689453125;-0.0212738037109375;1 A
4;4772;45.4504938852485;-0.653594970703125;-0.021173095703125;1 A
4;4773;45.458623885228;-0.65118408203125;-0.021112060546875;1 A
4;4774;45.4667538852075;-0.648712158203125;-0.0210052490234375;1 A
4;4775;45.474883885187;-0.646270751953125;-0.02093505859375;1 A
4;4776;45.4830138851664;-0.643890380859375;-0.020806884765625;1 A
4;4777;45.4911438851459;-0.641326904296875;-0.0207366943359375;1 A
4;4778;45.4992738851254;-0.63897705078125;-0.02060546875;1 A
4;4779;45.5074038851048;-0.636505126953125;-0.02054443359375;1 A
4;4780;45.5155338850843;-0.634063720703125;-0.0204071044921875;1 A
4;4781;45.5236638850638;-0.631683349609375;-0.0203277587890625;1 A
4;4782;45.5317938850433;-0.629241943359375;-0.020196533203125;1 A
4;4783;45.5399238850227;-0.626739501953125;-0.020111083984375;1 A
4;4784;45.5480538850022;-0.624359130859375;-0.019970703125;1 A
4;4785;45.5561838849817;-0.621917724609375;-0.0198760986328125;1 A
4;4786;45.5643138849612;-0.619415283203125;-0.019732666015625;1 A
4;4787;45.5724438849406;-0.61700439453125;-0.01964111328125;1 A
4;4788;45.5805738849201;-0.614593505859375;-0.0194976806640625;1 A
4;4789;45.5887038848996;-0.61212158203125;-0.0193756103515625;1 A
4;4790;45.5968338848791;-0.609649658203125;-0.019232177734375;1 A
4;4791;45.6049638848585;-0.60723876953125;-0.019110107421875;1 A
4;4792;45.613093884838;-0.60479736328125;-0.01895751953125;1 A
4;4793;45.6212238848175;-0.60235595703125;-0.0188262939453125;1 A
4;4794;45.629353884797;-0.59991455078125;-0.0186798095703125;1 A
4;4795;45.6374838847764;-0.597503662109375;-0.0185028076171875;1 A
4;4796;45.6456138847559;-0.5950927734375;-0.0183685302734375;1 A
4;4797;45.6537438847354;-0.59259033203125;-0.01817626953125;1 A
4;4798;45.6618738847149;-0.590179443359375;-0.0180419921875;1 A
4;4799;45.6700038846943;-0.58770751953125;-0.0178314208984375;1 A
4;4800;45.6781338846738;-0.58526611328125;-0.0177001953125;1 A
4;4801;45.6862638846533;-0.582855224609375;-0.0174957275390625;1 A
4;4802;45.6943938846327;-0.580474853515625;-0.0173370361328125;1 A
4;4803;45.7025238846122;-0.577972412109375;-0.0171478271484375;1 A
4;4804;45.7106538845917;-0.5755615234375;-0.016973876953125;1 A
4;4805;45.7187838845712;-0.573089599609375;-0.0167724609375;1 A
4;4806;45.7269138845506;-0.570648193359375;-0.0165802001953125;1 A
4;4807;45.7350438845301;-0.56817626953125;-0.01636962890625;1 A
4;4808;45.7431738845096;-0.565704345703125;-0.0161895751953125;1 A
4;4809;45.7513038844891;-0.563323974609375;-0.015960693359375;1 A
4;4810;45.7594338844685;-0.5609130859375;-0.0157684326171875;1 A
4;4811;45.767563884448;-0.558441162109375;-0.0155181884765625;1 A
4;4812;45.7756938844275;-0.555999755859375;-0.0153289794921875;1 A
4;4813;45.783823884407;-0.553558349609375;-0.0150665283203125;1 A
4;4814;45.7919538843864;-0.551177978515625;-0.014849853515625;1 A
4;4815;45.8000838843659;-0.5487060546875;-0.0145538330078125;1 A
4;4816;45.8082138843454;-0.546295166015625;-0.0143524169921875;1 A
4;4817;45.8163438843249;-0.543792724609375;-0.0140533447265625;1 A
4;4818;45.8244738843043;-0.541351318359375;-0.0138397216796875;1 A
4;4819;45.8326038842838;-0.538909912109375;-0.0135162353515625;1 A
4;4820;45.8407338842633;-0.536468505859375;-0.013299560546875;1 A
4;4821;45.8488638842427;-0.534088134765625;-0.0129974365234375;1 A
4;4822;45.8569938842222;-0.531585693359375;-0.012750244140625;1 A
4;4823;45.8651238842017;-0.529205322265625;-0.012420654296875;1 A
4;4824;45.8732538841812;-0.526702880859375;-0.012176513671875;1 A
4;4825;45.8813838841606;-0.524261474609375;-0.011834716796875;1 A
4;4826;45.8895138841401;-0.521820068359375;-0.0115753173828125;1 A
4;4827;45.8976438841196;-0.519439697265625;-0.01123046875;1 A
4;4828;45.9057738840991;-0.5169677734375;-0.01094970703125;1 A
4;4829;45.9139038840785;-0.5145263671875;-0.0105926513671875;1 A
4;4830;45.922033884058;-0.512115478515625;-0.0102874755859375;1 A
4;4831;45.9301638840375;-0.509674072265625;-0.00994262695312501;1 A
4;4832;45.938293884017;-0.507171630859375;-0.00962219238281251;1 A
4;4833;45.9464238839964;-0.5047607421875;-0.009246826171875;1 A
4;4834;45.9545538839759;-0.50238037109375;-0.00885620117187499;1 A
4;4835;45.9626838839554;-0.49993896484375;-0.00855712890625;1 A
4;4836;45.9708138839349;-0.497406005859375;-0.00812377929687499;1 A
4;4837;45.9789438839143;-0.4949951171875;-0.0078155517578125;1 A
4;4838;45.9870738838938;-0.492584228515625;-0.00737609863281249;1 A
4;4839;45.9952038838733;-0.490142822265625;-0.007061767578125;1 A
4;4840;46.0033338838527;-0.4876708984375;-0.00661315917968749;1 A
4;4841;46.0114638838322;-0.4852294921875;-0.00626220703124999;1 A
4;4842;46.0195938838117;-0.482818603515625;-0.0058319091796875;1 A
4;4843;46.0277238837912;-0.480377197265625;-0.00545654296875001;1 A
4;4844;46.0358538837706;-0.4779052734375;-0.00502624511718749;1 A
4;4845;46.0439838837501;-0.475433349609375;-0.004608154296875;1 A
4;4846;46.0521138837296;-0.4730224609375;-0.004193115234375;1 A
4;4847;46.0602438837091;-0.47064208984375;-0.00377502441406249;1 A
4;4848;46.0683738836885;-0.468109130859375;-0.003326416015625;1 A
4;4849;46.076503883668;-0.4656982421875;-0.00290527343749999;1 A
4;4850;46.0846338836475;-0.4632568359375;-0.0024444580078125;1 A
4;4851;46.092763883627;-0.460845947265625;-0.002001953125;1 A
4;4852;46.1008938836064;-0.458404541015625;-0.00148620605468749;1 A
4;4853;46.1090238835859;-0.455963134765625;-0.00107727050781251;1 A
4;4854;46.1171538835654;-0.4534912109375;-0.000582885742187497;1 A
4;4855;46.1252838835449;-0.451141357421875;-0.000164794921875003;1 A
4;4856;46.1334138835243;-0.448577880859375;0.000378417968750003;1 A
4;4857;46.1415438835038;-0.446258544921875;0.000781249999999997;1 A
4;4858;46.1496738834833;-0.443756103515625;0.00133666992187501;1 A
4;4859;46.1578038834627;-0.441314697265625;0.00173339843750001;1 A
4;4860;46.1659338834422;-0.43890380859375;0.00229797363281251;1 A
4;4861;46.1740638834217;-0.436492919921875;0.002728271484375;1 A
4;4862;46.1821938834012;-0.433990478515625;0.00328979492187501;1 A
4;4863;46.1903238833806;-0.4315185546875;0.00369873046874999;1 A
4;4864;46.1984538833601;-0.429168701171875;0.00426330566406249;1 A
4;4865;46.2065838833396;-0.426605224609375;0.00472106933593749;1 A
4;4866;46.2147138833191;-0.424224853515625;0.00527038574218749;1 A
4;4867;46.2228438832985;-0.4217529296875;0.00573120117187501;1 A
4;4868;46.230973883278;-0.419403076171875;0.00626525878906251;1 A
4;4869;46.2391038832575;-0.416900634765625;0.0067596435546875;1 A
4;4870;46.247233883237;-0.414459228515625;0.00728454589843749;1 A
4;4871;46.2553638832164;-0.41204833984375;0.0077850341796875;1 A
4;4872;46.2634938831959;-0.409576416015625;0.0083160400390625;1 A
4;4873;46.2716238831754;-0.407196044921875;0.008837890625;1 A
4;4874;46.2797538831549;-0.40472412109375;0.0092926025390625;1 A
4;4875;46.2878838831343;-0.4022216796875;0.00987854003906249;1 A
4;4876;46.2960138831138;-0.399810791015625;0.01029052734375;1 A
4;4877;46.3041438830933;-0.397369384765625;0.010870361328125;1 A
4;4878;46.3122738830727;-0.3948974609375;0.011285400390625;1 A
4;4879;46.3204038830522;-0.39251708984375;0.01185302734375;1 A
4;4880;46.3285338830317;-0.390045166015625;0.012261962890625;1 A
4;4881;46.3366638830112;-0.3876953125;0.0128173828125;1 A
4;4882;46.3447938829906;-0.38519287109375;0.0132537841796875;1 A
4;4883;46.3529238829701;-0.38275146484375;0.0137908935546875;1 A
4;4884;46.3610538829496;-0.38031005859375;0.014227294921875;1 A
4;4885;46.3691838829291;-0.3779296875;0.01470947265625;1 A
4;4886;46.3773138829085;-0.37542724609375;0.0151580810546875;1 A
4;4887;46.385443882888;-0.373016357421875;0.015655517578125;1 A
4;4888;46.3935738828675;-0.37060546875;0.0160919189453125;1 A
4;4889;46.401703882847;-0.3681640625;0.016552734375;1 A
4;4890;46.4098338828264;-0.365692138671875;0.016986083984375;1 A
4;4891;46.4179638828059;-0.36322021484375;0.017449951171875;1 A
4;4892;46.4260938827854;-0.36083984375;0.0178680419921875;1 A
4;4893;46.4342238827649;-0.35833740234375;0.0183135986328125;1 A
4;4894;46.4423538827443;-0.355987548828125;0.01866455078125;1 A
4;4895;46.4504838827238;-0.353485107421875;0.0191497802734375;1 A
4;4896;46.4586138827033;-0.351043701171875;0.0194549560546875;1 A
4;4897;46.4667438826827;-0.3486328125;0.019915771484375;1 A
4;4898;46.4748738826622;-0.346160888671875;0.020184326171875;1 A
4;4899;46.4830038826417;-0.34381103515625;0.020660400390625;1 A
4;4900;46.4911338826212;-0.34130859375;0.020916748046875;1 A
4;4901;46.4992638826006;-0.338897705078125;0.0213836669921875;1 A
4;4902;46.5073938825801;-0.336395263671875;0.021612548828125;1 A
4;4903;46.5155238825596;-0.333984375;0.022015380859375;1 A
4;4904;46.5236538825391;-0.331512451171875;0.0222625732421875;1 A
4;4905;46.5317838825185;-0.32904052734375;0.0226654052734375;1 A
4;4906;46.539913882498;-0.32666015625;0.0229156494140625;1 A
4;4907;46.5480438824775;-0.324188232421875;0.0232635498046875;1 A
4;4908;46.556173882457;-0.321807861328125;0.023480224609375;1 A
4;4909;46.5643038824364;-0.3193359375;0.0237945556640625;1 A
4;4910;46.5724338824159;-0.316925048828125;0.02406005859375;1 A
4;4911;46.5805638823954;-0.314422607421875;0.0243133544921875;1 A
4;4912;46.5886938823749;-0.312042236328125;0.0245452880859375;1 A
4;4913;46.5968238823543;-0.309600830078125;0.0247344970703125;1 A
4;4914;46.6049538823338;-0.307159423828125;0.024969482421875;1 A
4;4915;46.6130838823133;-0.304718017578125;0.0251251220703125;1 A
4;4916;46.6212138822927;-0.30224609375;0.0253875732421875;1 A
4;4917;46.6293438822722;-0.299835205078125;0.02547607421875;1 A
4;4918;46.6374738822517;-0.29736328125;0.0256988525390625;1 A
4;4919;46.6456038822312;-0.294952392578125;0.025787353515625;1 A
4;4920;46.6537338822106;-0.292572021484375;0.02601318359375;1 A
4;4921;46.6618638821901;-0.290069580078125;0.0260467529296875;1 A
4;4922;46.6699938821696;-0.287628173828125;0.026263427734375;1 A
4;4923;46.6781238821491;-0.28515625;0.0262939453125;1 A
4;4924;46.6862538821285;-0.28271484375;0.02645263671875;1 A
4;4925;46.694383882108;-0.280242919921875;0.0265106201171875;1 A
4;4926;46.7025138820875;-0.277862548828125;0.0266204833984375;1 A
4;4927;46.710643882067;-0.275421142578125;0.0266876220703125;1 A
4;4928;46.7187738820464;-0.272918701171875;0.02674560546875;1 A
4;4929;46.7269038820259;-0.270538330078125;0.0267913818359375;1 A
4;4930;46.7350338820054;-0.26806640625;0.0268280029296875;1 A
4;4931;46.7431638819849;-0.265625;0.0268341064453125;1 A
4;4932;46.7512938819643;-0.26324462890625;0.0268951416015625;1 A
4;4933;46.7594238819438;-0.260772705078125;0.02685546875;1 A
4;4934;46.7675538819233;-0.25836181640625;0.026885986328125;1 A
4;4935;46.7756838819028;-0.25592041015625;0.026806640625;1 A
4;4936;46.7838138818822;-0.25341796875;0.0268646240234375;1 A
4;4937;46.7919438818617;-0.2509765625;0.026776123046875;1 A
4;4938;46.8000738818412;-0.24859619140625;0.0268035888671875;1 A
4;4939;46.8082038818206;-0.246124267578125;0.0266845703125;1 A
4;4940;46.8163338818001;-0.24371337890625;0.02669677734375;1 A
4;4941;46.8244638817796;-0.24127197265625;0.0266021728515625;1 A
4;4942;46.8325938817591;-0.238861083984375;0.026593017578125;1 A
4;4943;46.8407238817385;-0.23638916015625;0.0264801025390625;1 A
4;4944;46.848853881718;-0.233917236328125;0.0264312744140625;1 A
4;4945;46.8569838816975;-0.2315673828125;0.026312255859375;1 A
4;4946;46.865113881677;-0.229034423828125;0.0262603759765625;1 A
4;4947;46.8732438816564;-0.226531982421875;0.0261199951171875;1 A
4;4948;46.8813738816359;-0.22418212890625;0.0260528564453125;1 A
4;4949;46.8895038816154;-0.221710205078125;0.025909423828125;1 A
4;4950;46.8976338815949;-0.21929931640625;0.0258087158203125;1 A
4;4951;46.9057638815743;-0.216888427734375;0.0256988525390625;1 A
4;4952;46.9138938815538;-0.21441650390625;0.025555419921875;1 A
4;4953;46.9220238815333;-0.211944580078125;0.025439453125;1 A
4;4954;46.9301538815128;-0.209564208984375;0.0253082275390625;1 A
4;4955;46.9382838814922;-0.20709228515625;0.0251739501953125;1 A
4;4956;46.9464138814717;-0.20465087890625;0.025;1 A
4;4957;46.9545438814512;-0.202301025390625;0.0249114990234375;1 A
4;4958;46.9626738814306;-0.19976806640625;0.02471923828125;1 A
4;4959;46.9708038814101;-0.1973876953125;0.02462158203125;1 A
4;4960;46.9789338813896;-0.1949462890625;0.02442626953125;1 A
4;4961;46.9870638813691;-0.1925048828125;0.0243255615234375;1 A
4;4962;46.9951938813485;-0.190032958984375;0.02412109375;1 A
4;4963;47.003323881328;-0.187591552734375;0.0240142822265625;1 A
4;4964;47.0114538813075;-0.18511962890625;0.023797607421875;1 A
4;4965;47.019583881287;-0.182708740234375;0.0236724853515625;1 A
4;4966;47.0277138812664;-0.18023681640625;0.023486328125;1 A
4;4967;47.0358438812459;-0.177764892578125;0.0233306884765625;1 A
4;4968;47.0439738812254;-0.17535400390625;0.0231597900390625;1 A
4;4969;47.0521038812049;-0.1729736328125;0.022991943359375;1 A
4;4970;47.0602338811843;-0.170501708984375;0.0228057861328125;1 A
4;4971;47.0683638811638;-0.1680908203125;0.0226287841796875;1 A
4;4972;47.0764938811433;-0.1656494140625;0.022454833984375;1 A
4;4973;47.0846238811228;-0.163177490234375;0.02227783203125;1 A
4;4974;47.0927538811022;-0.1607666015625;0.0220794677734375;1 A
4;4975;47.1008838810817;-0.1583251953125;0.021929931640625;1 A
4;4976;47.1090138810612;-0.155853271484375;0.0217376708984375;1 A
4;4977;47.1171438810406;-0.153472900390625;0.021588134765625;1 A
4;4978;47.1252738810201;-0.151031494140625;0.021380615234375;1 A
4;4979;47.1334038809996;-0.14849853515625;0.021240234375;1 A
4;4980;47.1415338809791;-0.14617919921875;0.021026611328125;1 A
4;4981;47.1496638809585;-0.14361572265625;0.020880126953125;1 A
4;4982;47.157793880938;-0.141265869140625;0.0206756591796875;1 A
4;4983;47.1659238809175;-0.138824462890625;0.0205474853515625;1 A
4;4984;47.174053880897;-0.1363525390625;0.020318603515625;1 A
4;4985;47.1821838808764;-0.133880615234375;0.0201751708984375;1 A
4;4986;47.1903138808559;-0.131439208984375;0.0199737548828125;1 A
4;4987;47.1984438808354;-0.1290283203125;0.0198150634765625;1 A
4;4988;47.2065738808149;-0.126556396484375;0.01961669921875;1 A
4;4989;47.2147038807943;-0.124114990234375;0.0194610595703125;1 A
4;4990;47.2228338807738;-0.121734619140625;0.0192626953125;1 A
4;4991;47.2309638807533;-0.119293212890625;0.0191162109375;1 A
4;4992;47.2390938807328;-0.1168212890625;0.018927001953125;1 A
4;4993;47.2472238807122;-0.1143798828125;0.0187591552734375;1 A
4;4994;47.2553538806917;-0.111968994140625;0.0185791015625;1 A
4;4995;47.2634838806712;-0.1094970703125;0.0184173583984375;1 A
4;4996;47.2716138806506;-0.107147216796875;0.01824951171875;1 A
4;4997;47.2797438806301;-0.10467529296875;0.01807861328125;1 A
4;4998;47.2878738806096;-0.102203369140625;0.0179412841796875;1 A
4;4999;47.2960038805891;-0.099700927734375;0.01776123046875;1 A
4;5000;47.3041338805685;-0.097320556640625;0.017626953125;1 A
4;5001;47.312263880548;-0.094879150390625;0.0174407958984375;1 A
4;5002;47.3203938805275;-0.09246826171875;0.0173248291015625;1 A
4;5003;47.328523880507;-0.09002685546875;0.017144775390625;1 A
4;5004;47.3366538804864;-0.087554931640625;0.0170135498046875;1 A
4;5005;47.3447838804659;-0.08514404296875;0.0168548583984375;1 A
4;5006;47.3529138804454;-0.08270263671875;0.0167022705078125;1 A
4;5007;47.3610438804249;-0.08026123046875;0.0165557861328125;1 A
4;5008;47.3691738804043;-0.077789306640625;0.0163970947265625;1 A
4;5009;47.3773038803838;-0.075347900390625;0.0162506103515625;1 A
4;5010;47.3854338803633;-0.07293701171875;0.0161102294921875;1 A
4;5011;47.3935638803428;-0.07049560546875;0.01595458984375;1 A
4;5012;47.4016938803222;-0.068084716796875;0.0158111572265625;1 A
4;5013;47.4098238803017;-0.06561279296875;0.01566162109375;1 A
4;5014;47.4179538802812;-0.063232421875;0.015521240234375;1 A
4;5015;47.4260838802606;-0.0606689453125;0.0153717041015625;1 A
4;5016;47.4342138802401;-0.0582275390625;0.0152496337890625;1 A
4;5017;47.4423438802196;-0.055877685546875;0.0151031494140625;1 A
4;5018;47.4504738801991;-0.053436279296875;0.0149871826171875;1 A
4;5019;47.4586038801785;-0.05096435546875;0.0148406982421875;1 A
4;5020;47.466733880158;-0.0484527587890625;0.014727783203125;1 A
4;5021;47.4748638801375;-0.0460296630859375;0.014605712890625;1 A
4;5022;47.482993880117;-0.043597412109375;0.014501953125;1 A
4;5023;47.4911238800964;-0.04114990234375;0.01436767578125;1 A
4;5024;47.4992538800759;-0.0386962890625;0.0142578125;1 A
4;5025;47.5073838800554;-0.0362579345703125;0.0141265869140625;1 A
4;5026;47.5155138800349;-0.033837890625;0.01402587890625;1 A
4;5027;47.5236438800143;-0.0313873291015625;0.0138916015625;1 A
4;5028;47.5317738799938;-0.0289459228515625;0.013787841796875;1 A
4;5029;47.5399038799733;-0.02652587890625;0.0136627197265625;1 A
4;5030;47.5480338799528;-0.024066162109375;0.0135498046875;1 A
4;5031;47.5561638799322;-0.0216094970703125;0.013421630859375;1 A
4;5032;47.5642938799117;-0.019195556640625;0.0133209228515625;1 A
4;5033;47.5724238798912;-0.0167572021484375;0.0131988525390625;1 A
4;5034;47.5805538798706;-0.0143035888671875;0.01309814453125;1 A
4;5035;47.5886838798501;-0.011859130859375;0.0129852294921875;1 A
4;5036;47.5968138798296;-0.0094329833984375;0.0128814697265625;1 A
4;5037;47.6049438798091;-0.00700988769531249;0.01278076171875;1 A
4;5038;47.6130738797885;-0.0045623779296875;0.0126861572265625;1 A
4;5039;47.621203879768;-0.00212707519531249;0.01259765625;1 A
4;5040;47.6293338797475;0.0003204345703125;0.0124969482421875;1 A
4;5041;47.637463879727;0.00277099609375001;0.0124237060546875;1 A
4;5042;47.6455938797064;0.00521240234375001;0.012322998046875;1 A
4;5043;47.6537238796859;0.0076446533203125;0.0122528076171875;1 A
4;5044;47.6618538796654;0.0100738525390625;0.0121490478515625;1 A
4;5045;47.6699838796449;0.0125274658203125;0.0120819091796875;1 A
4;5046;47.6781138796243;0.0149383544921875;0.01197509765625;1 A
4;5047;47.6862438796038;0.0173828125;0.0118988037109375;1 A
4;5048;47.6943738795833;0.0198394775390625;0.01180419921875;1 A
4;5049;47.7025038795628;0.0222869873046875;0.01170654296875;1 A
4;5050;47.7106338795422;0.0247283935546875;0.01162109375;1 A
4;5051;47.7187638795217;0.0271484375;0.011529541015625;1 A
4;5052;47.7268938795012;0.02958984375;0.0114410400390625;1 A
4;5053;47.7350238794807;0.03203125;0.0113616943359375;1 A
4;5054;47.7431538794601;0.03447265625;0.01126708984375;1 A
4;5055;47.7512838794396;0.036907958984375;0.0112060546875;1 A
4;5056;47.7594138794191;0.0393524169921875;0.011114501953125;1 A
4;5057;47.7675438793985;0.0417877197265625;0.0110565185546875;1 A
4;5058;47.775673879378;0.04422607421875;0.010980224609375;1 A
4;5059;47.7838038793575;0.046661376953125;0.010931396484375;1 A
4;5060;47.791933879337;0.0491302490234375;0.010845947265625;1 A
4;5061;47.8000638793164;0.051483154296875;0.0108062744140625;1 A
4;5062;47.8081938792959;0.053955078125;0.010723876953125;1 A
4;5063;47.8163238792754;0.05633544921875;0.010675048828125;1 A
4;5064;47.8244538792549;0.058807373046875;0.010601806640625;1 A
4;5065;47.8325838792343;0.061309814453125;0.010546875;1 A
4;5066;47.8407138792138;0.063629150390625;0.0104736328125;1 A
4;5067;47.8488438791933;0.066070556640625;0.010418701171875;1 A
4;5068;47.8569738791728;0.068572998046875;0.0103424072265625;1 A
4;5069;47.8651038791522;0.071014404296875;0.0102813720703125;1 A
4;5070;47.8732338791317;0.07342529296875;0.010211181640625;1 A
4;5071;47.8813638791112;0.0758056640625;0.0101654052734375;1 A
4;5072;47.8894938790907;0.078369140625;0.010101318359375;1 A
4;5073;47.8976238790701;0.08074951171875;0.0100494384765625;1 A
4;5074;47.9057538790496;0.08319091796875;0.00999755859375;1 A
4;5075;47.9138838790291;0.085662841796875;0.0099609375;1 A
4;5076;47.9220138790085;0.088043212890625;0.00990905761718749;1 A
4;5077;47.930143878988;0.090545654296875;0.00987854003906249;1 A
4;5078;47.9382738789675;0.0928955078125;0.0098419189453125;1 A
4;5079;47.946403878947;0.09539794921875;0.0097991943359375;1 A
4;5080;47.9545338789264;0.097808837890625;0.009783935546875;1 A
4;5081;47.9626638789059;0.10028076171875;0.009735107421875;1 A
4;5082;47.9707938788854;0.102691650390625;0.0097198486328125;1 A
4;5083;47.9789238788649;0.105194091796875;0.0096710205078125;1 A
4;5084;47.9870538788443;0.107574462890625;0.00965576171875;1 A
4;5085;47.9951838788238;0.110015869140625;0.00960388183593749;1 A
4;5086;48.0033138788033;0.112457275390625;0.00958862304687499;1 A
4;5087;48.0114438787828;0.114898681640625;0.0095489501953125;1 A
4;5088;48.0195738787622;0.11737060546875;0.00953063964843751;1 A
4;5089;48.0277038787417;0.119720458984375;0.009490966796875;1 A
4;5090;48.0358338787212;0.12225341796875;0.0094757080078125;1 A
4;5091;48.0439638787007;0.124725341796875;0.0094573974609375;1 A
4;5092;48.0520938786801;0.127105712890625;0.0094451904296875;1 A
4;5093;48.0602238786596;0.12957763671875;0.009429931640625;1 A
4;5094;48.0683538786391;0.13201904296875;0.009429931640625;1 A
4;5095;48.0764838786185;0.13446044921875;0.009417724609375;1 A
4;5096;48.084613878598;0.136932373046875;0.00942077636718749;1 A
4;5097;48.0927438785775;0.139312744140625;0.0094146728515625;1 A
4;5098;48.100873878557;0.141754150390625;0.00942077636718749;1 A
4;5099;48.1090038785364;0.144195556640625;0.00941162109375;1 A
4;5100;48.1171338785159;0.146697998046875;0.00942077636718749;1 A
4;5101;48.1252638784954;0.149017333984375;0.0094146728515625;1 A
4;5102;48.1333938784749;0.15142822265625;0.00942077636718749;1 A
4;5103;48.1415238784543;0.15399169921875;0.00942077636718749;1 A
4;5104;48.1496538784338;0.1563720703125;0.009429931640625;1 A
4;5105;48.1577838784133;0.1588134765625;0.00942382812500001;1 A
4;5106;48.1659138783928;0.1612548828125;0.0094268798828125;1 A
4;5107;48.1740438783722;0.16375732421875;0.0094329833984375;1 A
4;5108;48.1821738783517;0.1661376953125;0.0094329833984375;1 A
4;5109;48.1903038783312;0.16864013671875;0.00943908691406251;1 A
4;5110;48.1984338783107;0.1710205078125;0.00945434570312501;1 A
4;5111;48.2065638782901;0.1734619140625;0.00946044921875;1 A
4;5112;48.2146938782696;0.1759033203125;0.009490966796875;1 A
4;5113;48.2228238782491;0.1783447265625;0.00949707031249999;1 A
4;5114;48.2309538782285;0.1807861328125;0.00951232910156249;1 A
4;5115;48.239083878208;0.1832275390625;0.0095245361328125;1 A
4;5116;48.2472138781875;0.1856689453125;0.0095550537109375;1 A
4;5117;48.255343878167;0.188140869140625;0.0095550537109375;1 A
4;5118;48.2634738781464;0.190521240234375;0.0095794677734375;1 A
4;5119;48.2716038781259;0.1929931640625;0.0095855712890625;1 A
4;5120;48.2797338781054;0.1954345703125;0.00960693359375001;1 A
4;5121;48.2878638780849;0.197906494140625;0.00962219238281251;1 A
4;5122;48.2959938780643;0.2003173828125;0.00961914062499999;1 A
4;5123;48.3041238780438;0.2027587890625;0.0096435546875;1 A
4;5124;48.3122538780233;0.20513916015625;0.0096435546875;1 A
4;5125;48.3203838780028;0.207611083984375;0.0096710205078125;1 A
4;5126;48.3285138779822;0.21002197265625;0.0096710205078125;1 A
4;5127;48.3366438779617;0.212554931640625;0.00969543457031249;1 A
4;5128;48.3447738779412;0.214935302734375;0.00971069335937499;1 A
4;5129;48.3529038779207;0.217376708984375;0.0097381591796875;1 A
4;5130;48.3610338779001;0.219879150390625;0.0097503662109375;1 A
4;5131;48.3691638778796;0.2222900390625;0.00977783203125;1 A
4;5132;48.3772938778591;0.224700927734375;0.009796142578125;1 A
4;5133;48.3854238778385;0.2271728515625;0.0098236083984375;1 A
4;5134;48.393553877818;0.22955322265625;0.00984802246093749;1 A
4;5135;48.4016838777975;0.23193359375;0.00987548828125;1 A
4;5136;48.409813877777;0.23443603515625;0.0099029541015625;1 A
4;5137;48.4179438777564;0.236907958984375;0.009930419921875;1 A
4;5138;48.4260738777359;0.23931884765625;0.0099609375;1 A
4;5139;48.4342038777154;0.241790771484375;0.0099945068359375;1 A
4;5140;48.4423338776949;0.244171142578125;0.0100189208984375;1 A
4;5141;48.4504638776743;0.24664306640625;0.0100555419921875;1 A
4;5142;48.4585938776538;0.2491455078125;0.0100830078125;1 A
4;5143;48.4667238776333;0.25152587890625;0.010125732421875;1 A
4;5144;48.4748538776128;0.25396728515625;0.0101593017578125;1 A
4;5145;48.4829838775922;0.256439208984375;0.0102081298828125;1 A
4;5146;48.4911138775717;0.2587890625;0.0102508544921875;1 A
4;5147;48.4992438775512;0.261260986328125;0.0102996826171875;1 A
4;5148;48.5073738775307;0.263763427734375;0.0103424072265625;1 A
4;5149;48.5155038775101;0.266082763671875;0.0103973388671875;1 A
4;5150;48.5236338774896;0.268585205078125;0.01044921875;1 A
4;5151;48.5317638774691;0.271026611328125;0.0105133056640625;1 A
4;5152;48.5398938774485;0.273468017578125;0.010565185546875;1 A
4;5153;48.548023877428;0.27593994140625;0.01063232421875;1 A
4;5154;48.5561538774075;0.27838134765625;0.01068115234375;1 A
4;5155;48.564283877387;0.28082275390625;0.0107513427734375;1 A
4;5156;48.5724138773664;0.283233642578125;0.0108001708984375;1 A
4;5157;48.5805438773459;0.28570556640625;0.010870361328125;1 A
4;5158;48.5886738773254;0.288116455078125;0.010931396484375;1 A
4;5159;48.5968038773049;0.29052734375;0.0110015869140625;1 A
4;5160;48.6049338772843;0.292999267578125;0.0110595703125;1 A
4;5161;48.6130638772638;0.295440673828125;0.011126708984375;1 A
4;5162;48.6211938772433;0.29791259765625;0.01119384765625;1 A
4;5163;48.6293238772228;0.300323486328125;0.0112518310546875;1 A
4;5164;48.6374538772022;0.302764892578125;0.0113311767578125;1 A
4;5165;48.6455838771817;0.305145263671875;0.0113922119140625;1 A
4;5166;48.6537138771612;0.307647705078125;0.011474609375;1 A
4;5167;48.6618438771407;0.310089111328125;0.0115325927734375;1 A
4;5168;48.6699738771201;0.312530517578125;0.01162109375;1 A
4;5169;48.6781038770996;0.314910888671875;0.0116851806640625;1 A
4;5170;48.6862338770791;0.317413330078125;0.01175537109375;1 A
4;5171;48.6943638770585;0.319793701171875;0.01182861328125;1 A
4;5172;48.702493877038;0.32232666015625;0.011895751953125;1 A
4;5173;48.7106238770175;0.32470703125;0.011956787109375;1 A
4;5174;48.718753876997;0.327178955078125;0.0120269775390625;1 A
4;5175;48.7268838769764;0.32958984375;0.0120880126953125;1 A
4;5176;48.7350138769559;0.33203125;0.0121490478515625;1 A
4;5177;48.7431438769354;0.3343505859375;0.0122161865234375;1 A
4;5178;48.7512738769149;0.3369140625;0.012286376953125;1 A
4;5179;48.7594038768943;0.33929443359375;0.01234130859375;1 A
4;5180;48.7675338768738;0.341766357421875;0.0124053955078125;1 A
4;5181;48.7756638768533;0.344207763671875;0.0124542236328125;1 A
4;5182;48.7837938768328;0.346710205078125;0.012518310546875;1 A
4;5183;48.7919238768122;0.34912109375;0.0125701904296875;1 A
4;5184;48.8000538767917;0.351531982421875;0.0126373291015625;1 A
4;5185;48.8081838767712;0.35400390625;0.01268310546875;1 A
4;5186;48.8163138767507;0.35638427734375;0.012738037109375;1 A
4;5187;48.8244438767301;0.35888671875;0.0127777099609375;1 A
4;5188;48.8325738767096;0.361328125;0.0128265380859375;1 A
4;5189;48.8407038766891;0.363739013671875;0.0128692626953125;1 A
4;5190;48.8488338766686;0.366241455078125;0.0129119873046875;1 A
4;5191;48.856963876648;0.368621826171875;0.0129364013671875;1 A
4;5192;48.8650938766275;0.37103271484375;0.0129730224609375;1 A
4;5193;48.873223876607;0.37347412109375;0.01298828125;1 A
4;5194;48.8813538765864;0.375823974609375;0.013018798828125;1 A
4;5195;48.8894838765659;0.37835693359375;0.01302490234375;1 A
4;5196;48.8976138765454;0.380828857421875;0.0130340576171875;1 A
4;5197;48.9057438765249;0.383270263671875;0.0130279541015625;1 A
4;5198;48.9138738765043;0.385650634765625;0.0130401611328125;1 A
4;5199;48.9220038764838;0.38812255859375;0.0130218505859375;1 A
4;5200;48.9301338764633;0.390594482421875;0.01302490234375;1 A
4;5201;48.9382638764428;0.39300537109375;0.0130035400390625;1 A
4;5202;48.9463938764222;0.395416259765625;0.012969970703125;1 A
4;5203;48.9545238764017;0.397857666015625;0.012945556640625;1 A
4;5204;48.9626538763812;0.4002685546875;0.01290283203125;1 A
4;5205;48.9707838763607;0.402801513671875;0.0128692626953125;1 A
4;5206;48.9789138763401;0.405242919921875;0.0128021240234375;1 A
4;5207;48.9870438763196;0.407684326171875;0.01275634765625;1 A
4;5208;48.9951738762991;0.410064697265625;0.0126678466796875;1 A
4;5209;49.0033038762786;0.41253662109375;0.01259765625;1 A
4;5210;49.011433876258;0.4149169921875;0.0125;1 A
4;5211;49.0195638762375;0.417388916015625;0.012408447265625;1 A
4;5212;49.027693876217;0.41986083984375;0.0123046875;1 A
4;5213;49.0358238761964;0.422271728515625;0.0121917724609375;1 A
4;5214;49.0439538761759;0.42474365234375;0.0120635986328125;1 A
4;5215;49.0520838761554;0.4271240234375;0.011932373046875;1 A
4;5216;49.0602138761349;0.4295654296875;0.01180419921875;1 A
4;5217;49.0683438761143;0.432037353515625;0.0116668701171875;1 A
4;5218;49.0764738760938;0.434478759765625;0.0115142822265625;1 A
4;5219;49.0846038760733;0.4368896484375;0.011370849609375;1 A
4;5220;49.0927338760528;0.4393310546875;0.011199951171875;1 A
4;5221;49.1008638760322;0.4417724609375;0.0110382080078125;1 A
4;5222;49.1089938760117;0.444183349609375;0.0108673095703125;1 A
4;5223;49.1171238759912;0.446685791015625;0.010693359375;1 A
4;5224;49.1252538759707;0.4490966796875;0.010498046875;1 A
4;5225;49.1333838759501;0.4515380859375;0.010321044921875;1 A
4;5226;49.1415138759296;0.45391845703125;0.0101318359375;1 A
4;5227;49.1496438759091;0.456390380859375;0.0099456787109375;1 A
4;5228;49.1577738758886;0.458831787109375;0.00974121093749999;1 A
4;5229;49.165903875868;0.46136474609375;0.009564208984375;1 A
4;5230;49.1740338758475;0.463653564453125;0.00937805175781251;1 A
4;5231;49.182163875827;0.4661865234375;0.0091888427734375;1 A
4;5232;49.1902938758064;0.468658447265625;0.00900878906249999;1 A
4;5233;49.1984238757859;0.4710693359375;0.00884094238281249;1 A
4;5234;49.2065538757654;0.473480224609375;0.00867309570312499;1 A
4;5235;49.2146838757449;0.475860595703125;0.008526611328125;1 A
4;5236;49.2228138757243;0.47833251953125;0.0083740234375;1 A
4;5237;49.2309438757038;0.480865478515625;0.0082366943359375;1 A
4;5238;49.2390738756833;0.4832763671875;0.00810546875;1 A
4;5239;49.2472038756628;0.4857177734375;0.00799560546875;1 A
4;5240;49.2553338756422;0.488128662109375;0.00788269042968751;1 A
4;5241;49.2634638756217;0.490631103515625;0.0077789306640625;1 A
4;5242;49.2715938756012;0.49298095703125;0.00769958496093751;1 A
4;5243;49.2797238755807;0.495452880859375;0.0076019287109375;1 A
4;5244;49.2878538755601;0.497894287109375;0.0075408935546875;1 A
4;5245;49.2959838755396;0.500335693359375;0.0074493408203125;1 A
4;5246;49.3041138755191;0.5028076171875;0.00739440917968751;1 A
4;5247;49.3122438754986;0.505279541015625;0.00731811523437501;1 A
4;5248;49.320373875478;0.507720947265625;0.00726928710937499;1 A
4;5249;49.3285038754575;0.510162353515625;0.0072021484375;1 A
4;5250;49.336633875437;0.5125732421875;0.007159423828125;1 A
4;5251;49.3447638754164;0.5150146484375;0.0071075439453125;1 A
4;5252;49.3528938753959;0.517425537109375;0.00707092285156249;1 A
4;5253;49.3610238753754;0.519866943359375;0.00702819824218751;1 A
4;5254;49.3691538753549;0.522308349609375;0.0070037841796875;1 A
4;5255;49.3772838753343;0.524749755859375;0.00697021484375;1 A
4;5256;49.3854138753138;0.52716064453125;0.0069549560546875;1 A
4;5257;49.3935438752933;0.52960205078125;0.006939697265625;1 A
4;5258;49.4016738752728;0.53204345703125;0.0069305419921875;1 A
4;5259;49.4098038752522;0.5345458984375;0.00691833496093749;1 A
4;5260;49.4179338752317;0.536956787109375;0.0069122314453125;1 A
4;5261;49.4260638752112;0.539398193359375;0.0069091796875;1 A
4;5262;49.4341938751907;0.541839599609375;0.0069122314453125;1 A
4;5263;49.4423238751701;0.54425048828125;0.0069000244140625;1 A
4;5264;49.4504538751496;0.54669189453125;0.0069122314453125;1 A
4;5265;49.4585838751291;0.549041748046875;0.0069091796875;1 A
4;5266;49.4667138751086;0.5516357421875;0.006915283203125;1 A
4;5267;49.474843875088;0.55401611328125;0.00692138671875001;1 A
4;5268;49.4829738750675;0.556365966796875;0.00693664550781251;1 A
4;5269;49.491103875047;0.558868408203125;0.00694580078125;1 A
4;5270;49.4992338750264;0.56134033203125;0.0069549560546875;1 A
4;5271;49.5073638750059;0.563751220703125;0.00697021484375;1 A
4;5272;49.5154938749854;0.566192626953125;0.0069915771484375;1 A
4;5273;49.5236238749649;0.568634033203125;0.0070037841796875;1 A
4;5274;49.5317538749443;0.571136474609375;0.00702819824218751;1 A
4;5275;49.5398838749238;0.573455810546875;0.00704040527343749;1 A
4;5276;49.5480138749033;0.575927734375;0.0070770263671875;1 A
4;5277;49.5561438748828;0.57843017578125;0.00709228515625;1 A
4;5278;49.5642738748622;0.580780029296875;0.0071258544921875;1 A
4;5279;49.5724038748417;0.583282470703125;0.0071380615234375;1 A
4;5280;49.5805338748212;0.585693359375;0.007171630859375;1 A
4;5281;49.5886638748007;0.588134765625;0.0071990966796875;1 A
4;5282;49.5967938747801;0.590576171875;0.00722656250000001;1 A
4;5283;49.6049238747596;0.592987060546875;0.00725402832031249;1 A
4;5284;49.6130538747391;0.59552001953125;0.00728454589843749;1 A
4;5285;49.6211838747186;0.597900390625;0.00731811523437501;1 A
4;5286;49.629313874698;0.600372314453125;0.00733032226562499;1 A
4;5287;49.6374438746775;0.602783203125;0.00736389160156251;1 A
4;5288;49.645573874657;0.605255126953125;0.00738525390625;1 A
4;5289;49.6537038746364;0.607666015625;0.007415771484375;1 A
4;5290;49.6618338746159;0.61004638671875;0.0074310302734375;1 A
4;5291;49.6699638745954;0.612518310546875;0.007464599609375;1 A
4;5292;49.6780938745749;0.614959716796875;0.007489013671875;1 A
4;5293;49.6862238745543;0.617431640625;0.00751647949218751;1 A
4;5294;49.6943538745338;0.619903564453125;0.0075531005859375;1 A
4;5295;49.7024838745133;0.622314453125;0.00757446289062499;1 A
4;5296;49.7106138744928;0.624755859375;0.0076019287109375;1 A
4;5297;49.7187438744722;0.62713623046875;0.00762939453125;1 A
4;5298;49.7268738744517;0.629608154296875;0.0076568603515625;1 A
4;5299;49.7350038744312;0.632110595703125;0.00766906738281251;1 A
4;5300;49.7431338744107;0.63446044921875;0.0076934814453125;1 A
4;5301;49.7512638743901;0.636993408203125;0.00772705078124999;1 A
4;5302;49.7593938743696;0.63934326171875;0.00774536132812501;1 A
4;5303;49.7675238743491;0.641815185546875;0.007781982421875;1 A
4;5304;49.7756538743286;0.644287109375;0.00779113769531251;1 A
4;5305;49.783783874308;0.646697998046875;0.00782165527343751;1 A
4;5306;49.7919138742875;0.649169921875;0.00783691406250001;1 A
4;5307;49.800043874267;0.651611328125;0.0078704833984375;1 A
4;5308;49.8081738742464;0.65399169921875;0.0078887939453125;1 A
4;5309;49.8163038742259;0.656402587890625;0.00792236328125;1 A
4;5310;49.8244338742054;0.658935546875;0.00795593261718749;1 A
4;5311;49.8325638741849;0.661376953125;0.00798950195312501;1 A
4;5312;49.8406938741643;0.66375732421875;0.00801696777343749;1 A
4;5313;49.8488238741438;0.66619873046875;0.008056640625;1 A
4;5314;49.8569538741233;0.668609619140625;0.008099365234375;1 A
4;5315;49.8650838741028;0.67108154296875;0.00813903808593749;1 A
4;5316;49.8732138740822;0.673492431640625;0.00816650390625;1 A
4;5317;49.8813438740617;0.675933837890625;0.00823059082031249;1 A
4;5318;49.8894738740412;0.67840576171875;0.00827636718749999;1 A
4;5319;49.8976038740207;0.6807861328125;0.0083282470703125;1 A
4;5320;49.9057338740001;0.683258056640625;0.00836181640625;1 A
4;5321;49.9138638739796;0.68572998046875;0.008441162109375;1 A
4;5322;49.9219938739591;0.688140869140625;0.00848999023437499;1 A
4;5323;49.9301238739386;0.690582275390625;0.00855102539062499;1 A
4;5324;49.938253873918;0.693023681640625;0.0086212158203125;1 A
4;5325;49.9463838738975;0.6954345703125;0.00868835449218749;1 A
4;5326;49.954513873877;0.697906494140625;0.0087127685546875;1 A
4;5327;49.9626438738565;0.69622802734375;0.00800476074218751;1 A
4;5328;49.9707738738359;0.69378662109375;0.007586669921875;1 A
4;5329;49.9789038738154;0.691375732421875;0.007183837890625;1 A
4;5330;49.9870338737949;0.688934326171875;0.00686035156250001;1 A
4;5331;49.9951638737743;0.686492919921875;0.00654296875;1 A
4;5332;50.0032938737538;0.684051513671875;0.0062835693359375;1 A
4;5333;50.0114238737333;0.68157958984375;0.00604248046875;1 A
4;5334;50.0195538737128;0.679107666015625;0.00580444335937499;1 A
4;5335;50.0276838736922;0.6767578125;0.00557556152343749;1 A
4;5336;50.0358138736717;0.674224853515625;0.0053741455078125;1 A
4;5337;50.0439438736512;0.671844482421875;0.0051910400390625;1 A
4;5338;50.0520738736307;0.669464111328125;0.0050201416015625;1 A
4;5339;50.0602038736101;0.6669921875;0.0048553466796875;1 A
4;5340;50.0683338735896;0.664520263671875;0.00470581054687499;1 A
4;5341;50.0764638735691;0.66204833984375;0.0045440673828125;1 A
4;5342;50.0845938735486;0.659637451171875;0.00440673828125;1 A
4;5343;50.092723873528;0.65716552734375;0.00428161621093751;1 A
4;5344;50.1008538735075;0.654754638671875;0.004168701171875;1 A
4;5345;50.108983873487;0.65234375;0.00405273437500001;1 A
4;5346;50.1171138734665;0.64984130859375;0.00394287109374999;1 A
4;5347;50.1252438734459;0.647430419921875;0.0038299560546875;1 A
4;5348;50.1333738734254;0.644989013671875;0.0037353515625;1 A
4;5349;50.1415038734049;0.642578125;0.0036346435546875;1 A
4;5350;50.1496338733843;0.64013671875;0.003558349609375;1 A
4;5351;50.1577638733638;0.637725830078125;0.003460693359375;1 A
4;5352;50.1658938733433;0.63525390625;0.00338134765625001;1 A
4;5353;50.1740238733228;0.632843017578125;0.0032958984375;1 A
4;5354;50.1821538733022;0.630401611328125;0.00322265625;1 A
4;5355;50.1902838732817;0.627899169921875;0.00314941406249999;1 A
4;5356;50.1984138732612;0.62542724609375;0.0030792236328125;1 A
4;5357;50.2065438732407;0.62298583984375;0.0030059814453125;1 A
4;5358;50.2146738732201;0.620574951171875;0.00294189453125;1 A
4;5359;50.2228038731996;0.6181640625;0.00286865234375;1 A
4;5360;50.2309338731791;0.615753173828125;0.0028106689453125;1 A
4;5361;50.2390638731586;0.61328125;0.00274047851562501;1 A
4;5362;50.247193873138;0.61077880859375;0.00269470214843751;1 A
4;5363;50.2553238731175;0.6083984375;0.00263061523437499;1 A
4;5364;50.263453873097;0.605987548828125;0.0025787353515625;1 A
4;5365;50.2715838730765;0.603515625;0.0025299072265625;1 A
4;5366;50.2797138730559;0.60107421875;0.00246582031250001;1 A
4;5367;50.2878438730354;0.598663330078125;0.00242919921875;1 A
4;5368;50.2959738730149;0.59619140625;0.00237426757812501;1 A
4;5369;50.3041038729943;0.59375;0.00232543945312499;1 A
4;5370;50.3122338729738;0.59130859375;0.00226745605468751;1 A
4;5371;50.3203638729533;0.5888671875;0.00223388671874999;1 A
4;5372;50.3284938729328;0.58642578125;0.0021820068359375;1 A
4;5373;50.3366238729122;0.583984375;0.0021392822265625;1 A
4;5374;50.3447538728917;0.581573486328125;0.0020904541015625;1 A
4;5375;50.3528838728712;0.579132080078125;0.00205078124999999;1 A
4;5376;50.3610138728507;0.576690673828125;0.0020111083984375;1 A
4;5377;50.3691438728301;0.57421875;0.001971435546875;1 A
4;5378;50.3772738728096;0.571746826171875;0.0019256591796875;1 A
4;5379;50.3854038727891;0.569366455078125;0.0018890380859375;1 A
4;5380;50.3935338727686;0.56695556640625;0.00185241699218749;1 A
4;5381;50.401663872748;0.564544677734375;0.001812744140625;1 A
4;5382;50.4097938727275;0.562042236328125;0.00177001953125;1 A
4;5383;50.417923872707;0.559600830078125;0.00174560546874999;1 A
4;5384;50.4260538726865;0.55718994140625;0.00170288085937501;1 A
4;5385;50.4341838726659;0.554718017578125;0.00167236328125001;1 A
4;5386;50.4423138726454;0.55224609375;0.0016326904296875;1 A
4;5387;50.4504438726249;0.549896240234375;0.0016021728515625;1 A
4;5388;50.4585738726043;0.54742431640625;0.00156555175781251;1 A
4;5389;50.4667038725838;0.544921875;0.0015411376953125;1 A
4;5390;50.4748338725633;0.542449951171875;0.001513671875;1 A
4;5391;50.4829638725428;0.5401611328125;0.0014923095703125;1 A
4;5392;50.4910938725222;0.53765869140625;0.00145263671875;1 A
4;5393;50.4992238725017;0.535186767578125;0.001416015625;1 A
4;5394;50.5073538724812;0.532745361328125;0.00139770507812501;1 A
4;5395;50.5154838724607;0.530364990234375;0.0013702392578125;1 A
4;5396;50.5236138724401;0.52789306640625;0.0013458251953125;1 A
4;5397;50.5317438724196;0.525421142578125;0.00132141113281251;1 A
4;5398;50.5398738723991;0.523040771484375;0.0012939453125;1 A
4;5399;50.5480038723786;0.52056884765625;0.00127258300781249;1 A
4;5400;50.556133872358;0.518157958984375;0.00124511718750001;1 A
4;5401;50.5642638723375;0.51568603515625;0.00122985839843751;1 A
4;5402;50.572393872317;0.51324462890625;0.00119628906249999;1 A
4;5403;50.5805238722965;0.510833740234375;0.00118408203125001;1 A
4;5404;50.5886538722759;0.508392333984375;0.00115356445312501;1 A
4;5405;50.5967838722554;0.505950927734375;0.00113525390624999;1 A
4;5406;50.6049138722349;0.503509521484375;0.00111999511718749;1 A
4;5407;50.6130438722143;0.50103759765625;0.00109252929687501;1 A
4;5408;50.6211738721938;0.49859619140625;0.00109252929687501;1 A
4;5409;50.6293038721733;0.496124267578125;0.001055908203125;1 A
4;5410;50.6374338721528;0.493682861328125;0.00105895996093749;1 A
4;5411;50.6455638721322;0.491302490234375;0.00102844238281249;1 A
4;5412;50.6536938721117;0.488861083984375;0.001019287109375;1 A
4;5413;50.6618238720912;0.48638916015625;0.0009918212890625;1 A
4;5414;50.6699538720707;0.48406982421875;0.000982666015624994;1 A
4;5415;50.6780838720501;0.481536865234375;0.0009613037109375;1 A
4;5416;50.6862138720296;0.479095458984375;0.000949096679687497;1 A
4;5417;50.6943438720091;0.476715087890625;0.000936889648437494;1 A
4;5418;50.7024738719886;0.474273681640625;0.000933837890624997;1 A
4;5419;50.710603871968;0.4718017578125;0.000909423828125006;1 A
4;5420;50.7187338719475;0.4693603515625;0.000894165039062506;1 A
4;5421;50.726863871927;0.46685791015625;0.000875854492187494;1 A
4;5422;50.7349938719065;0.464447021484375;0.0008697509765625;1 A
4;5423;50.7431238718859;0.462066650390625;0.000857543945312497;1 A
4;5424;50.7512538718654;0.459564208984375;0.0008544921875;1 A
4;5425;50.7593838718449;0.457122802734375;0.000836181640625003;1 A
4;5426;50.7675138718243;0.4547119140625;0.000833129882812506;1 A
4;5427;50.7756438718038;0.4522705078125;0.000814819335937494;1 A
4;5428;50.7837738717833;0.449798583984375;0.000811767578124997;1 A
4;5429;50.7919038717628;0.447357177734375;0.00079345703125;1 A
4;5430;50.8000338717422;0.444976806640625;0.00079345703125;1 A
4;5431;50.8081638717217;0.4425048828125;0.000775146484375003;1 A
4;5432;50.8162938717012;0.4400634765625;0.0007781982421875;1 A
4;5433;50.8244238716807;0.43756103515625;0.000769042968749994;1 A
4;5434;50.8325538716601;0.4351806640625;0.000756835937500006;1 A
4;5435;50.8406838716396;0.432708740234375;0.0007476806640625;1 A
4;5436;50.8488138716191;0.4302978515625;0.000744628906250003;1 A
4;5437;50.8569438715986;0.427825927734375;0.000729370117187503;1 A
4;5438;50.865073871578;0.4254150390625;0.000732421875;1 A
4;5439;50.8732038715575;0.423004150390625;0.000714111328125003;1 A
4;5440;50.881333871537;0.4205322265625;0.0007171630859375;1 A
4;5441;50.8894638715165;0.4180908203125;0.000704956054687497;1 A
4;5442;50.8975938714959;0.4156494140625;0.000708007812499994;1 A
4;5443;50.9057238714754;0.413299560546875;0.0006866455078125;1 A
4;5444;50.9138538714549;0.410797119140625;0.000698852539062503;1 A
4;5445;50.9219838714343;0.408355712890625;0.000689697265624997;1 A
4;5446;50.9301138714138;0.40594482421875;0.000683593750000003;1 A
4;5447;50.9382438713933;0.4034423828125;0.0006866455078125;1 A
4;5448;50.9463738713728;0.40106201171875;0.000662231445312494;1 A
4;5449;50.9545038713522;0.398529052734375;0.000668334960937503;1 A
4;5450;50.9626338713317;0.396209716796875;0.0006561279296875;1 A
4;5451;50.9707638713112;0.393707275390625;0.000665283203125006;1 A
4;5452;50.9788938712907;0.39129638671875;0.000646972656249994;1 A
4;5453;50.9870238712701;0.38885498046875;0.0006561279296875;1 A
4;5454;50.9951538712496;0.386383056640625;0.000634765625000006;1 A
4;5455;51.0032838712291;0.383941650390625;0.000634765625000006;1 A
4;5456;51.0114138712086;0.381561279296875;0.000628662109374997;1 A
4;5457;51.019543871188;0.379119873046875;0.000622558593750003;1 A
4;5458;51.0276738711675;0.37664794921875;0.000619506835937506;1 A
4;5459;51.035803871147;0.374237060546875;0.0006256103515625;1 A
4;5460;51.0439338711265;0.371795654296875;0.000613403320312497;1 A
4;5461;51.0520638711059;0.36932373046875;0.000616455078124994;1 A
4;5462;51.0601938710854;0.366943359375;0.000604248046875006;1 A
4;5463;51.0683238710649;0.364410400390625;0.000604248046875006;1 A
4;5464;51.0764538710444;0.36199951171875;0.000598144531249997;1 A
4;5465;51.0845838710238;0.359619140625;0.0005950927734375;1 A
4;5466;51.0927138710033;0.357177734375;0.000592041015625003;1 A
4;5467;51.1008438709828;0.354705810546875;0.000588989257812506;1 A
4;5468;51.1089738709622;0.352264404296875;0.000582885742187497;1 A
4;5469;51.1171038709417;0.34979248046875;0.000579833984375;1 A
4;5470;51.1252338709212;0.347381591796875;0.000570678710937494;1 A
4;5471;51.1333638709007;0.345001220703125;0.000576782226562503;1 A
4;5472;51.1414938708801;0.342498779296875;0.000567626953124997;1 A
4;5473;51.1496238708596;0.34002685546875;0.000570678710937494;1 A
4;5474;51.1577538708391;0.337646484375;0.000558471679687506;1 A
4;5475;51.1658838708186;0.335235595703125;0.000558471679687506;1 A
4;5476;51.174013870798;0.33270263671875;0.000555419921874994;1 A
4;5477;51.1821438707775;0.330322265625;0.000555419921874994;1 A
4;5478;51.190273870757;0.327880859375;0.000546264648437503;1 A
4;5479;51.1984038707365;0.325408935546875;0.000546264648437503;1 A
4;5480;51.2065338707159;0.322998046875;0.000540161132812494;1 A
4;5481;51.2146638706954;0.320526123046875;0.000543212890625006;1 A
4;5482;51.2227938706749;0.318115234375;0.000540161132812494;1 A
4;5483;51.2309238706544;0.315673828125;0.000543212890625006;1 A
4;5484;51.2390538706338;0.31329345703125;0.000527954101562506;1 A
4;5485;51.2471838706133;0.310821533203125;0.000531005859375003;1 A
4;5486;51.2553138705928;0.308380126953125;0.000524902343749994;1 A
4;5487;51.2634438705722;0.30596923828125;0.000515747070312503;1 A
4;5488;51.2715738705517;0.303436279296875;0.000524902343749994;1 A
4;5489;51.2797038705312;0.301055908203125;0.000506591796874997;1 A
4;5490;51.2878338705107;0.298614501953125;0.000509643554687494;1 A
4;5491;51.2959638704901;0.29620361328125;0.000497436523437506;1 A
4;5492;51.3040938704696;0.293701171875;0.000512695312500006;1 A
4;5493;51.3122238704491;0.291290283203125;0.000494384765624994;1 A
4;5494;51.3203538704286;0.288909912109375;0.0005035400390625;1 A
4;5495;51.328483870408;0.286407470703125;0.000491333007812497;1 A
4;5496;51.3366138703875;0.283966064453125;0.000491333007812497;1 A
4;5497;51.344743870367;0.281524658203125;0.000485229492187503;1 A
4;5498;51.3528738703465;0.27911376953125;0.000482177734375006;1 A
4;5499;51.3610038703259;0.27667236328125;0.0004730224609375;1 A
4;5500;51.3691338703054;0.274200439453125;0.000476074218749997;1 A
4;5501;51.3772638702849;0.27178955078125;0.000469970703125003;1 A
4;5502;51.3853938702644;0.269317626953125;0.000460815429687497;1 A
4;5503;51.3935238702438;0.266845703125;0.000454711914062503;1 A
4;5504;51.4016538702233;0.264434814453125;0.000454711914062503;1 A
4;5505;51.4097838702028;0.261993408203125;0.000451660156250006;1 A
4;5506;51.4179138701822;0.25958251953125;0.000445556640624997;1 A
4;5507;51.4260438701617;0.257171630859375;0.000433349609374994;1 A
4;5508;51.4341738701412;0.25469970703125;0.000433349609374994;1 A
4;5509;51.4423038701207;0.252349853515625;0.000418090820312494;1 A
4;5510;51.4504338701001;0.249847412109375;0.000424194335937503;1 A
4;5511;51.4585638700796;0.247406005859375;0.0004119873046875;1 A
4;5512;51.4666938700591;0.24493408203125;0.0004119873046875;1 A
4;5513;51.4748238700386;0.242523193359375;0.000396728515625;1 A
4;5514;51.482953870018;0.24005126953125;0.000390625000000006;1 A
4;5515;51.4910838699975;0.23760986328125;0.0003814697265625;1 A
4;5516;51.499213869977;0.235198974609375;0.000372314453124994;1 A
4;5517;51.5073438699565;0.232757568359375;0.000360107421875006;1 A
4;5518;51.5154738699359;0.23040771484375;0.000360107421875006;1 A
4;5519;51.5236038699154;0.227874755859375;0.000344848632812506;1 A
4;5520;51.5317338698949;0.2254638671875;0.000335693359375;1 A
4;5521;51.5398638698744;0.222991943359375;0.000326538085937494;1 A
4;5522;51.5479938698538;0.220550537109375;0.0003204345703125;1 A
4;5523;51.5561238698333;0.21807861328125;0.000311279296874994;1 A
4;5524;51.5642538698128;0.215667724609375;0.00030517578125;1 A
4;5525;51.5723838697922;0.2132568359375;0.0002899169921875;1 A
4;5526;51.5805138697717;0.210845947265625;0.000280761718749994;1 A
4;5527;51.5886438697512;0.2083740234375;0.000274658203125;1 A
4;5528;51.5967738697307;0.205963134765625;0.000253295898437506;1 A
4;5529;51.6049038697101;0.2034912109375;0.000256347656250003;1 A
4;5530;51.6130338696896;0.2010498046875;0.000231933593749997;1 A
4;5531;51.6211638696691;0.1986083984375;0.000225830078125003;1 A
4;5532;51.6292938696486;0.196197509765625;0.000210571289062503;1 A
4;5533;51.637423869628;0.193756103515625;0.000210571289062503;1 A
4;5534;51.6455538696075;0.191314697265625;0.000180053710937503;1 A
4;5535;51.653683869587;0.18890380859375;0.00018310546875;1 A
4;5536;51.6618138695665;0.1864013671875;0.000155639648437497;1 A
4;5537;51.6699438695459;0.183990478515625;0.000146484375000006;1 A
4;5538;51.6780738695254;0.181549072265625;0.000134277343750003;1 A
4;5539;51.6862038695049;0.179046630859375;0.000125122070312497;1 A
4;5540;51.6943338694844;0.176727294921875;0.000112915039062494;1 A
4;5541;51.7024638694638;0.17425537109375;0.000100708007812506;1 A
4;5542;51.7105938694433;0.171844482421875;7.93457031249972E-05;1 A
4;5543;51.7187238694228;0.169403076171875;6.71386718749944E-05;1 A
4;5544;51.7268538694022;0.16693115234375;4.88281249999972E-05;1 A
4;5545;51.7349838693817;0.16448974609375;3.66210937499944E-05;1 A
4;5546;51.7431138693612;0.16204833984375;1.83105468749972E-05;1 A
4;5547;51.7512438693407;0.15960693359375;6.10351562499445E-06;1 A
4;5548;51.7593738693201;0.157135009765625;-1.83105468749972E-05;1 A
4;5549;51.7675038692996;0.154693603515625;-2.74658203125028E-05;1 A
4;5550;51.7756338692791;0.152252197265625;-4.88281249999972E-05;1 A
4;5551;51.7837638692586;0.149810791015625;-6.103515625E-05;1 A
4;5552;51.791893869238;0.14739990234375;-8.23974609374944E-05;1 A
4;5553;51.8000238692175;0.14495849609375;-9.46044921874972E-05;1 A
4;5554;51.808153869197;0.1424560546875;-0.000119018554687503;1 A
4;5555;51.8162838691765;0.14007568359375;-0.000131225585937506;1 A
4;5556;51.8244138691559;0.137664794921875;-0.000155639648437497;1 A
4;5557;51.8325438691354;0.135284423828125;-0.000170898437499997;1 A
4;5558;51.8406738691149;0.13275146484375;-0.000201416015624997;1 A
4;5559;51.8488038690944;0.130340576171875;-0.000210571289062503;1 A
4;5560;51.8569338690738;0.127960205078125;-0.000234985351562494;1 A
4;5561;51.8650638690533;0.125457763671875;-0.000247192382812497;1 A
4;5562;51.8731938690328;0.123046875;-0.000274658203125;1 A
4;5563;51.8813238690122;0.120574951171875;-0.000280761718749994;1 A
4;5564;51.8894538689917;0.118072509765625;-0.000314331054687506;1 A
4;5565;51.8975838689712;0.115692138671875;-0.000332641601562503;1 A
4;5566;51.9057138689507;0.113311767578125;-0.000363159179687503;1 A
4;5567;51.9138438689301;0.11083984375;-0.000372314453124994;1 A
4;5568;51.9219738689096;0.1083984375;-0.000402832031249994;1 A
4;5569;51.9301038688891;0.10601806640625;-0.000436401367187506;1 A
4;5570;51.9382338688686;0.103546142578125;-0.0004425048828125;1 A
4;5571;51.946363868848;0.10101318359375;-0.000479125976562494;1 A
5;5572;51.9544938688275;0.098663330078125;-0.000494384765624994;1 A
