Time (s);WE(1).Potential (V);WE(1).Current (A);Corrected time (s);Index;Current range
31.8579059195665;-0.199859619140625;0.00044677734375;0;1;100 mA
31.8679059195413;-0.19989013671875;0.00018951416015625;0.00999999997475243;2;100 mA
31.877905919516;-0.199951171875;5.82885742187497E-05;0.0199999999495049;3;100 mA
31.8879059194908;-0.199859619140625;-2.25830078125003E-05;0.0299999999242573;4;100 mA
31.8979059194655;-0.199920654296875;-7.44628906250003E-05;0.0399999998990097;5;100 mA
31.9079059194403;-0.199920654296875;-0.000119628906249999;0.0499999998737621;6;100 mA
31.917905919415;-0.199920654296875;-0.000145874023437501;0.0599999998485146;7;100 mA
31.9279059193898;-0.199920654296875;-0.00017364501953125;0.069999999823267;8;100 mA
31.9379059193645;-0.199920654296875;-0.00019561767578125;0.0799999997980194;9;100 mA
31.9479059193393;-0.199981689453125;-0.000209960937500001;0.0899999997727718;10;100 mA
31.957905919314;-0.199951171875;-0.00023040771484375;0.0999999997475243;11;100 mA
31.9679059192888;-0.19989013671875;-0.00023834228515625;0.109999999722277;12;100 mA
31.9779059192635;-0.199920654296875;-0.00025054931640625;0.119999999697029;13;100 mA
31.9879059192383;-0.19989013671875;-0.000263671875;0.129999999671782;14;100 mA
31.9979059192131;-0.199920654296875;-0.0002685546875;0.139999999646534;15;100 mA
32.0079059191878;-0.19989013671875;-0.00028045654296875;0.149999999621286;16;100 mA
32.0179059191626;-0.19989013671875;-0.000281677246093751;0.159999999596039;17;100 mA
32.0279059191373;-0.199859619140625;-0.00029266357421875;0.169999999570791;18;100 mA
32.0379059191121;-0.19989013671875;-0.00029876708984375;0.179999999545544;19;100 mA
32.0479059190868;-0.19989013671875;-0.000303039550781251;0.189999999520296;20;100 mA
32.0579059190616;-0.199951171875;-0.0003125;0.199999999495049;21;100 mA
32.0679059190363;-0.199859619140625;-0.000311889648437499;0.209999999469801;22;100 mA
32.0779059190111;-0.19989013671875;-0.000319519042968749;0.219999999444553;23;100 mA
32.0879059189858;-0.199859619140625;-0.0003265380859375;0.229999999419306;24;100 mA
32.0979059189606;-0.199951171875;-0.000325927734375001;0.239999999394058;25;100 mA
32.1079059189353;-0.199920654296875;-0.0003338623046875;0.249999999368811;26;100 mA
32.1179059189101;-0.19989013671875;-0.0003314208984375;0.259999999343563;27;100 mA
32.1279059188848;-0.199920654296875;-0.000336303710937499;0.269999999318316;28;100 mA
32.1379059188596;-0.199859619140625;-0.000343017578125;0.279999999293068;29;100 mA
32.1479059188343;-0.199920654296875;-0.000341186523437501;0.28999999926782;30;100 mA
32.1579059188091;-0.19989013671875;-0.000350036621093749;0.299999999242573;31;100 mA
32.1679059187838;-0.19989013671875;-0.00034637451171875;0.309999999217325;32;100 mA
32.1779059187586;-0.19989013671875;-0.0003497314453125;0.319999999192078;33;100 mA
32.1879059187333;-0.199981689453125;-0.00035552978515625;0.32999999916683;34;100 mA
32.1979059187081;-0.199981689453125;-0.00035400390625;0.339999999141583;35;100 mA
32.2079059186829;-0.199920654296875;-0.0003619384765625;0.349999999116335;36;100 mA
32.2179059186576;-0.199920654296875;-0.000357971191406251;0.359999999091087;37;100 mA
32.2279059186324;-0.199859619140625;-0.0003643798828125;0.36999999906584;38;100 mA
32.2379059186071;-0.19989013671875;-0.000368347167968749;0.379999999040592;39;100 mA
32.2479059185819;-0.199859619140625;-0.000366821289062499;0.389999999015345;40;100 mA
32.2579059185566;-0.199920654296875;-0.000371398925781249;0.399999998990097;41;100 mA
32.2679059185314;-0.199920654296875;-0.000367431640625;0.40999999896485;42;100 mA
32.2779059185061;-0.19989013671875;-0.00037200927734375;0.419999998939602;43;100 mA
32.2879059184809;-0.19989013671875;-0.000374450683593749;0.429999998914354;44;100 mA
32.2979059184556;-0.199859619140625;-0.000372314453125;0.439999998889107;45;100 mA
32.3079059184304;-0.199920654296875;-0.000377807617187501;0.449999998863859;46;100 mA
32.3179059184051;-0.199859619140625;-0.00037506103515625;0.459999998838612;47;100 mA
32.3279059183799;-0.19989013671875;-0.000377502441406249;0.469999998813364;48;100 mA
32.3379059183546;-0.199920654296875;-0.00038116455078125;0.479999998788116;49;100 mA
32.3479059183294;-0.19989013671875;-0.000379333496093751;0.489999998762869;50;100 mA
32.3579059183041;-0.199951171875;-0.00038604736328125;0.499999998737621;51;100 mA
32.3679059182789;-0.199920654296875;-0.0003802490234375;0.509999998712374;52;100 mA
32.3779059182536;-0.19989013671875;-0.0003857421875;0.519999998687126;53;100 mA
32.3879059182284;-0.199920654296875;-0.0003887939453125;0.529999998661879;54;100 mA
32.3979059182032;-0.199951171875;-0.000386962890625001;0.539999998636631;55;100 mA
32.4079059181779;-0.19989013671875;-0.00039215087890625;0.549999998611383;56;100 mA
32.4179059181527;-0.19989013671875;-0.00038787841796875;0.559999998586136;57;100 mA
32.4279059181274;-0.19989013671875;-0.000391235351562499;0.569999998560888;58;100 mA
32.4379059181022;-0.199920654296875;-0.0003936767578125;0.579999998535641;59;100 mA
32.4479059180769;-0.19989013671875;-0.00039093017578125;0.589999998510393;60;100 mA
32.4579059180517;-0.19989013671875;-0.000398864746093749;0.599999998485146;61;100 mA
32.4679059180264;-0.19989013671875;-0.000391540527343751;0.609999998459898;62;100 mA
32.4779059180012;-0.19989013671875;-0.000395812988281249;0.61999999843465;63;100 mA
32.4879059179759;-0.199859619140625;-0.000397644042968751;0.629999998409403;64;100 mA
32.4979059179507;-0.199920654296875;-0.00039642333984375;0.639999998384155;65;100 mA
32.5079059179254;-0.199859619140625;-0.000401611328125;0.649999998358908;66;100 mA
32.5179059179002;-0.19989013671875;-0.000397338867187499;0.65999999833366;67;100 mA
32.5279059178749;-0.199951171875;-0.000400390624999999;0.669999998308413;68;100 mA
32.5379059178497;-0.19989013671875;-0.000402221679687501;0.679999998283165;69;100 mA
32.5479059178244;-0.199920654296875;-0.0003997802734375;0.689999998257917;70;100 mA
32.5579059177992;-0.199920654296875;-0.00040557861328125;0.69999999823267;71;100 mA
32.5679059177739;-0.199920654296875;-0.0003985595703125;0.709999998207422;72;100 mA
32.5779059177487;-0.199951171875;-0.00040283203125;0.719999998182175;73;100 mA
32.5879059177234;-0.199859619140625;-0.00040618896484375;0.729999998156927;74;100 mA
32.5979059176982;-0.19989013671875;-0.000403747558593751;0.73999999813168;75;100 mA
32.607905917673;-0.199951171875;-0.000409545898437499;0.749999998106432;76;100 mA
32.6179059176477;-0.19989013671875;-0.00040435791015625;0.759999998081184;77;100 mA
32.6279059176225;-0.19989013671875;-0.00040740966796875;0.769999998055937;78;100 mA
32.6379059175972;-0.199920654296875;-0.00040924072265625;0.779999998030689;79;100 mA
32.647905917572;-0.199920654296875;-0.000406799316406251;0.789999998005442;80;100 mA
32.6579059175467;-0.199981689453125;-0.00041229248046875;0.799999997980194;81;100 mA
32.6679059175215;-0.199951171875;-0.0004046630859375;0.809999997954947;82;100 mA
32.6779059174962;-0.199951171875;-0.000409545898437499;0.819999997929699;83;100 mA
32.687905917471;-0.19989013671875;-0.0004132080078125;0.829999997904451;84;100 mA
32.6979059174457;-0.199951171875;-0.00041015625;0.839999997879204;85;100 mA
32.7079059174205;-0.19989013671875;-0.0004168701171875;0.849999997853956;86;100 mA
32.7179059173952;-0.199981689453125;-0.00040924072265625;0.859999997828709;87;100 mA
32.72790591737;-0.199920654296875;-0.0004132080078125;0.869999997803461;88;100 mA
32.7379059173447;-0.199920654296875;-0.00041656494140625;0.879999997778214;89;100 mA
32.7479059173195;-0.19989013671875;-0.00041168212890625;0.889999997752966;90;100 mA
32.7579059172942;-0.199920654296875;-0.000417175292968749;0.899999997727718;91;100 mA
32.767905917269;-0.199920654296875;-0.0004107666015625;0.909999997702471;92;100 mA
32.7779059172437;-0.199951171875;-0.00041534423828125;0.919999997677223;93;100 mA
32.7879059172185;-0.199859619140625;-0.000417480468750001;0.929999997651976;94;100 mA
32.7979059171932;-0.199920654296875;-0.00041473388671875;0.939999997626728;95;100 mA
32.807905917168;-0.199859619140625;-0.00042083740234375;0.949999997601481;96;100 mA
32.8179059171428;-0.19989013671875;-0.000415649414062499;0.959999997576233;97;100 mA
32.8279059171175;-0.199951171875;-0.0004180908203125;0.969999997550985;98;100 mA
32.8379059170923;-0.199920654296875;-0.000422058105468751;0.979999997525738;99;100 mA
32.847905917067;-0.199859619140625;-0.00041839599609375;0.98999999750049;100;100 mA
32.8579059170418;-0.19989013671875;-0.0004229736328125;0.999999997475243;101;100 mA
32.8679059170165;-0.19989013671875;-0.000417175292968749;1.00999999745;102;100 mA
32.8779059169913;-0.19989013671875;-0.000419006347656251;1.01999999742475;103;100 mA
32.887905916966;-0.199951171875;-0.0004229736328125;1.0299999973995;104;100 mA
32.8979059169408;-0.199951171875;-0.00041961669921875;1.03999999737425;105;100 mA
32.9079059169155;-0.19989013671875;-0.000425109863281251;1.049999997349;106;100 mA
32.9179059168903;-0.199981689453125;-0.0004193115234375;1.05999999732376;107;100 mA
32.927905916865;-0.199920654296875;-0.000420532226562501;1.06999999729851;108;100 mA
32.9379059168398;-0.199920654296875;-0.00042266845703125;1.07999999727326;109;100 mA
32.9479059168145;-0.19989013671875;-0.000420227050781249;1.08999999724801;110;100 mA
32.9579059167893;-0.199951171875;-0.00042724609375;1.09999999722277;111;100 mA
32.967905916764;-0.199920654296875;-0.000420532226562501;1.10999999719752;112;100 mA
32.9779059167388;-0.199920654296875;-0.000423278808593749;1.11999999717227;113;100 mA
32.9879059167135;-0.199920654296875;-0.000426025390625;1.12999999714702;114;100 mA
32.9979059166883;-0.199951171875;-0.0004229736328125;1.13999999712178;115;100 mA
33.007905916663;-0.19989013671875;-0.00042999267578125;1.14999999709653;116;100 mA
33.0179059166378;-0.199920654296875;-0.00042236328125;1.15999999707128;117;100 mA
33.0279059166126;-0.199951171875;-0.000426025390625;1.16999999704603;118;100 mA
33.0379059165873;-0.199920654296875;-0.000428466796875;1.17999999702079;119;100 mA
33.0479059165621;-0.19989013671875;-0.000426330566406249;1.18999999699554;120;100 mA
33.0579059165368;-0.19989013671875;-0.000430908203124999;1.19999999697029;121;100 mA
33.0679059165116;-0.199951171875;-0.000423278808593749;1.20999999694504;122;100 mA
33.0779059164863;-0.199859619140625;-0.00042694091796875;1.2199999969198;123;100 mA
33.0879059164611;-0.19989013671875;-0.00043060302734375;1.22999999689455;124;100 mA
33.0979059164358;-0.199951171875;-0.00042694091796875;1.2399999968693;125;100 mA
33.1079059164106;-0.199920654296875;-0.00043212890625;1.24999999684405;126;100 mA
33.1179059163853;-0.19989013671875;-0.00042572021484375;1.25999999681881;127;100 mA
33.1279059163601;-0.199920654296875;-0.00042877197265625;1.26999999679356;128;100 mA
33.1379059163348;-0.199920654296875;-0.0004315185546875;1.27999999676831;129;100 mA
33.1479059163096;-0.19989013671875;-0.00042755126953125;1.28999999674306;130;100 mA
33.1579059162843;-0.19989013671875;-0.00043487548828125;1.29999999671782;131;100 mA
33.1679059162591;-0.19989013671875;-0.000426635742187501;1.30999999669257;132;100 mA
33.1779059162338;-0.19989013671875;-0.00043060302734375;1.31999999666732;133;100 mA
33.1879059162086;-0.19989013671875;-0.00043182373046875;1.32999999664207;134;100 mA
33.1979059161833;-0.199859619140625;-0.000429382324218749;1.33999999661683;135;100 mA
33.2079059161581;-0.19989013671875;-0.00043487548828125;1.34999999659158;136;100 mA
33.2179059161328;-0.199951171875;-0.0004290771484375;1.35999999656633;137;100 mA
33.2279059161076;-0.19989013671875;-0.00043212890625;1.36999999654108;138;100 mA
33.2379059160824;-0.199951171875;-0.0004351806640625;1.37999999651583;139;100 mA
33.2479059160571;-0.19989013671875;-0.000432739257812501;1.38999999649059;140;100 mA
33.2579059160319;-0.199951171875;-0.0004376220703125;1.39999999646534;141;100 mA
33.2679059160066;-0.199920654296875;-0.000426635742187501;1.40999999644009;142;100 mA
33.2779059159814;-0.199920654296875;-0.000432434082031249;1.41999999641484;143;100 mA
33.2879059159561;-0.19989013671875;-0.000435791015625001;1.4299999963896;144;100 mA
33.2979059159309;-0.19989013671875;-0.000433349609375;1.43999999636435;145;100 mA
33.3079059159056;-0.199920654296875;-0.000438232421875;1.4499999963391;146;100 mA
33.3179059158804;-0.199951171875;-0.00042999267578125;1.45999999631385;147;100 mA
33.3279059158551;-0.19989013671875;-0.00043487548828125;1.46999999628861;148;100 mA
33.3379059158299;-0.19989013671875;-0.000437316894531251;1.47999999626336;149;100 mA
33.3479059158046;-0.199920654296875;-0.000434265136718751;1.48999999623811;150;100 mA
33.3579059157794;-0.199920654296875;-0.000439453125;1.49999999621286;151;100 mA
33.3679059157541;-0.199951171875;-0.000431213378906251;1.50999999618762;152;100 mA
33.3779059157289;-0.19989013671875;-0.0004351806640625;1.51999999616237;153;100 mA
33.3879059157036;-0.19989013671875;-0.000437316894531251;1.52999999613712;154;100 mA
33.3979059156784;-0.19989013671875;-0.0004345703125;1.53999999611187;155;100 mA
33.4079059156531;-0.19989013671875;-0.00044097900390625;1.54999999608663;156;100 mA
33.4179059156279;-0.19989013671875;-0.000433349609375;1.55999999606138;157;100 mA
33.4279059156027;-0.199859619140625;-0.000437011718749999;1.56999999603613;158;100 mA
33.4379059155774;-0.199951171875;-0.00043914794921875;1.57999999601088;159;100 mA
33.4479059155522;-0.199920654296875;-0.00043609619140625;1.58999999598564;160;100 mA
33.4579059155269;-0.19989013671875;-0.000440673828125;1.59999999596039;161;100 mA
33.4679059155017;-0.19989013671875;-0.00043365478515625;1.60999999593514;162;100 mA
33.4779059154764;-0.19989013671875;-0.000438232421875;1.61999999590989;163;100 mA
33.4879059154512;-0.19989013671875;-0.000440368652343751;1.62999999588465;164;100 mA
33.4979059154259;-0.199951171875;-0.0004376220703125;1.6399999958594;165;100 mA
33.5079059154007;-0.19989013671875;-0.000440368652343751;1.64999999583415;166;100 mA
33.5179059153754;-0.199920654296875;-0.000435791015625001;1.6599999958089;167;100 mA
33.5279059153502;-0.199920654296875;-0.000438537597656249;1.66999999578366;168;100 mA
33.5379059153249;-0.199951171875;-0.0004412841796875;1.67999999575841;169;100 mA
33.5479059152997;-0.199920654296875;-0.000439453125;1.68999999573316;170;100 mA
33.5579059152744;-0.19989013671875;-0.00044403076171875;1.69999999570791;171;100 mA
33.5679059152492;-0.199920654296875;-0.000435791015625001;1.70999999568267;172;100 mA
33.5779059152239;-0.199920654296875;-0.000439453125;1.71999999565742;173;100 mA
33.5879059151987;-0.19989013671875;-0.000443115234374999;1.72999999563217;174;100 mA
33.5979059151734;-0.199859619140625;-0.000440063476562499;1.73999999560692;175;100 mA
33.6079059151482;-0.199920654296875;-0.000443420410156251;1.74999999558167;176;100 mA
33.6179059151229;-0.199951171875;-0.0004376220703125;1.75999999555643;177;100 mA
33.6279059150977;-0.199859619140625;-0.0004412841796875;1.76999999553118;178;100 mA
33.6379059150725;-0.199920654296875;-0.00044281005859375;1.77999999550593;179;100 mA
33.6479059150472;-0.19989013671875;-0.000439453125;1.78999999548068;180;100 mA
33.657905915022;-0.19989013671875;-0.000444946289062501;1.79999999545544;181;100 mA
33.6679059149967;-0.199920654296875;-0.000438232421875;1.80999999543019;182;100 mA
33.6779059149715;-0.19989013671875;-0.00044219970703125;1.81999999540494;183;100 mA
33.6879059149462;-0.199859619140625;-0.000443420410156251;1.82999999537969;184;100 mA
33.697905914921;-0.199920654296875;-0.000441894531250001;1.83999999535445;185;100 mA
33.7079059148957;-0.199920654296875;-0.00044586181640625;1.8499999953292;186;100 mA
33.7179059148705;-0.199920654296875;-0.000440368652343751;1.85999999530395;187;100 mA
33.7279059148452;-0.199798583984375;-0.000443115234374999;1.8699999952787;188;100 mA
33.73790591482;-0.199951171875;-0.000446166992187499;1.87999999525346;189;100 mA
33.7479059147947;-0.199859619140625;-0.000441589355468749;1.88999999522821;190;100 mA
33.7579059147695;-0.19989013671875;-0.000446166992187499;1.89999999520296;191;100 mA
33.7679059147442;-0.199951171875;-0.00043914794921875;1.90999999517771;192;100 mA
33.777905914719;-0.199920654296875;-0.000443420410156251;1.91999999515247;193;100 mA
33.7879059146937;-0.199920654296875;-0.000445556640625;1.92999999512722;194;100 mA
33.7979059146685;-0.19989013671875;-0.00044403076171875;1.93999999510197;195;100 mA
33.8079059146432;-0.199920654296875;-0.0004473876953125;1.94999999507672;196;100 mA
33.817905914618;-0.19989013671875;-0.000438842773437501;1.95999999505148;197;100 mA
33.8279059145927;-0.199951171875;-0.0004437255859375;1.96999999502623;198;100 mA
33.8379059145675;-0.199920654296875;-0.00044708251953125;1.97999999500098;199;100 mA
33.8479059145423;-0.199920654296875;-0.000443115234374999;1.98999999497573;200;100 mA
33.857905914517;-0.199951171875;-0.000447692871093749;1.99999999495049;201;100 mA
33.8679059144918;-0.199920654296875;-0.000441589355468749;2.00999999492524;202;100 mA
33.8779059144665;-0.19989013671875;-0.000444946289062501;2.01999999489999;203;100 mA
33.8879059144413;-0.19989013671875;-0.00044586181640625;2.02999999487474;204;100 mA
33.897905914416;-0.19989013671875;-0.0004443359375;2.0399999948495;205;100 mA
33.9079059143908;-0.19989013671875;-0.000449218749999999;2.04999999482425;206;100 mA
33.9179059143655;-0.199920654296875;-0.000440368652343751;2.059999994799;207;100 mA
33.9279059143403;-0.199859619140625;-0.000444641113281249;2.06999999477375;208;100 mA
33.937905914315;-0.19989013671875;-0.000446166992187499;2.0799999947485;209;100 mA
33.9479059142898;-0.19989013671875;-0.0004443359375;2.08999999472326;210;100 mA
33.9579059142645;-0.199951171875;-0.00044891357421875;2.09999999469801;211;100 mA
33.9679059142393;-0.19989013671875;-0.000441894531250001;2.10999999467276;212;100 mA
33.977905914214;-0.199920654296875;-0.000445556640625;2.11999999464751;213;100 mA
33.9879059141888;-0.19989013671875;-0.000447692871093749;2.12999999462227;214;100 mA
33.9979059141635;-0.199920654296875;-0.0004443359375;2.13999999459702;215;100 mA
34.0079059141383;-0.199920654296875;-0.000450439453125;2.14999999457177;216;100 mA
34.017905914113;-0.199920654296875;-0.000441589355468749;2.15999999454652;217;100 mA
34.0279059140878;-0.19989013671875;-0.00044586181640625;2.16999999452128;218;100 mA
34.0379059140625;-0.20001220703125;-0.000446472167968751;2.17999999449603;219;100 mA
34.0479059140373;-0.199859619140625;-0.00044403076171875;2.18999999447078;220;100 mA
34.0579059140121;-0.199920654296875;-0.000450744628906249;2.19999999444553;221;100 mA
34.0679059139868;-0.19989013671875;-0.0004425048828125;2.20999999442029;222;100 mA
34.0779059139616;-0.199920654296875;-0.00044586181640625;2.21999999439504;223;100 mA
34.0879059139363;-0.199920654296875;-0.000447998046875001;2.22999999436979;224;100 mA
34.0979059139111;-0.199951171875;-0.000444641113281249;2.23999999434454;225;100 mA
34.1079059138858;-0.199920654296875;-0.000449218749999999;2.2499999943193;226;100 mA
34.1179059138606;-0.199859619140625;-0.0004443359375;2.25999999429405;227;100 mA
34.1279059138353;-0.199920654296875;-0.0004473876953125;2.2699999942688;228;100 mA
34.1379059138101;-0.199951171875;-0.0004486083984375;2.27999999424355;229;100 mA
34.1479059137848;-0.199920654296875;-0.000445556640625;2.28999999421831;230;100 mA
34.1579059137596;-0.199920654296875;-0.000450744628906249;2.29999999419306;231;100 mA
34.1679059137343;-0.19989013671875;-0.0004437255859375;2.30999999416781;232;100 mA
34.1779059137091;-0.19989013671875;-0.000446472167968751;2.31999999414256;233;100 mA
34.1879059136838;-0.199920654296875;-0.00044708251953125;2.32999999411732;234;100 mA
34.1979059136586;-0.19989013671875;-0.000446166992187499;2.33999999409207;235;100 mA
34.2079059136333;-0.199920654296875;-0.000452270507812499;2.34999999406682;236;100 mA
34.2179059136081;-0.19989013671875;-0.0004437255859375;2.35999999404157;237;100 mA
34.2279059135828;-0.19989013671875;-0.0004486083984375;2.36999999401633;238;100 mA
34.2379059135576;-0.199920654296875;-0.00044891357421875;2.37999999399108;239;100 mA
34.2479059135323;-0.19989013671875;-0.00044677734375;2.38999999396583;240;100 mA
34.2579059135071;-0.199920654296875;-0.000452270507812499;2.39999999394058;241;100 mA
34.2679059134819;-0.199951171875;-0.00044525146484375;2.40999999391533;242;100 mA
34.2779059134566;-0.199920654296875;-0.00044830322265625;2.41999999389009;243;100 mA
34.2879059134314;-0.19989013671875;-0.0004498291015625;2.42999999386484;244;100 mA
34.2979059134061;-0.19989013671875;-0.000446166992187499;2.43999999383959;245;100 mA
34.3079059133809;-0.199920654296875;-0.000452575683593751;2.44999999381434;246;100 mA
34.3179059133556;-0.199859619140625;-0.000444946289062501;2.4599999937891;247;100 mA
34.3279059133304;-0.199920654296875;-0.000447998046875001;2.46999999376385;248;100 mA
34.3379059133051;-0.199981689453125;-0.000449523925781251;2.4799999937386;249;100 mA
34.3479059132799;-0.19989013671875;-0.000446166992187499;2.48999999371335;250;100 mA
34.3579059132546;-0.19989013671875;-0.000451049804687501;2.49999999368811;251;100 mA
34.3679059132294;-0.19989013671875;-0.000445556640625;2.50999999366286;252;100 mA
34.3779059132041;-0.19989013671875;-0.000447998046875001;2.51999999363761;253;100 mA
34.3879059131789;-0.19989013671875;-0.00045135498046875;2.52999999361236;254;100 mA
34.3979059131536;-0.199859619140625;-0.0004473876953125;2.53999999358712;255;100 mA
34.4079059131284;-0.199920654296875;-0.000451049804687501;2.54999999356187;256;100 mA
34.4179059131031;-0.199920654296875;-0.000444641113281249;2.55999999353662;257;100 mA
34.4279059130779;-0.1998291015625;-0.000449523925781251;2.56999999351137;258;100 mA
34.4379059130526;-0.19989013671875;-0.000451049804687501;2.57999999348613;259;100 mA
34.4479059130274;-0.19989013671875;-0.000447692871093749;2.58999999346088;260;100 mA
34.4579059130022;-0.199920654296875;-0.00045166015625;2.59999999343563;261;100 mA
34.4679059129769;-0.199920654296875;-0.000445556640625;2.60999999341038;262;100 mA
34.4779059129517;-0.19989013671875;-0.0004486083984375;2.61999999338514;263;100 mA
34.4879059129264;-0.199920654296875;-0.00045013427734375;2.62999999335989;264;100 mA
34.4979059129012;-0.199920654296875;-0.000447692871093749;2.63999999333464;265;100 mA
34.5079059128759;-0.19989013671875;-0.000446166992187499;2.64999999330939;266;100 mA
34.5179059128507;-0.199951171875;-0.000443420410156251;2.65999999328415;267;100 mA
34.5279059128254;-0.199920654296875;-0.00044891357421875;2.6699999932589;268;100 mA
34.5379059128002;-0.19989013671875;-0.000450744628906249;2.67999999323365;269;100 mA
34.5479059127749;-0.199920654296875;-0.000447998046875001;2.6899999932084;270;100 mA
34.5579059127497;-0.19989013671875;-0.00045318603515625;2.69999999318316;271;100 mA
34.5679059127244;-0.199920654296875;-0.000446166992187499;2.70999999315791;272;100 mA
34.5779059126992;-0.19989013671875;-0.000447998046875001;2.71999999313266;273;100 mA
34.5879059126739;-0.199951171875;-0.000450744628906249;2.72999999310741;274;100 mA
34.5979059126487;-0.19989013671875;-0.000447692871093749;2.73999999308217;275;100 mA
34.6079059126234;-0.19989013671875;-0.00045166015625;2.74999999305692;276;100 mA
34.6179059125982;-0.19989013671875;-0.000444946289062501;2.75999999303167;277;100 mA
34.6279059125729;-0.19989013671875;-0.000449523925781251;2.76999999300642;278;100 mA
34.6379059125477;-0.199920654296875;-0.000450439453125;2.77999999298117;279;100 mA
34.6479059125224;-0.1998291015625;-0.00044708251953125;2.78999999295593;280;100 mA
34.6579059124972;-0.199859619140625;-0.000452270507812499;2.79999999293068;281;100 mA
34.667905912472;-0.19989013671875;-0.000446166992187499;2.80999999290543;282;100 mA
34.6779059124467;-0.19989013671875;-0.00044830322265625;2.81999999288018;283;100 mA
34.6879059124215;-0.19989013671875;-0.00045135498046875;2.82999999285494;284;100 mA
34.6979059123962;-0.199951171875;-0.00044677734375;2.83999999282969;285;100 mA
34.707905912371;-0.19989013671875;-0.000454101562500001;2.84999999280444;286;100 mA
34.7179059123457;-0.199951171875;-0.00044586181640625;2.85999999277919;287;100 mA
34.7279059123205;-0.199951171875;-0.000450439453125;2.86999999275395;288;100 mA
34.7379059122952;-0.199951171875;-0.00045196533203125;2.8799999927287;289;100 mA
34.74790591227;-0.199920654296875;-0.00044891357421875;2.88999999270345;290;100 mA
34.7579059122447;-0.19989013671875;-0.000454101562500001;2.8999999926782;291;100 mA
34.7679059122195;-0.199859619140625;-0.000447998046875001;2.90999999265296;292;100 mA
34.7779059121942;-0.19989013671875;-0.00045135498046875;2.91999999262771;293;100 mA
34.787905912169;-0.199920654296875;-0.00045196533203125;2.92999999260246;294;100 mA
34.7979059121437;-0.19989013671875;-0.000449218749999999;2.93999999257721;295;100 mA
34.8079059121185;-0.19989013671875;-0.00045440673828125;2.94999999255197;296;100 mA
34.8179059120932;-0.19989013671875;-0.0004473876953125;2.95999999252672;297;100 mA
34.827905912068;-0.19989013671875;-0.00045196533203125;2.96999999250147;298;100 mA
34.8379059120427;-0.199951171875;-0.000452880859375;2.97999999247622;299;100 mA
34.8479059120175;-0.199920654296875;-0.00044891357421875;2.98999999245098;300;100 mA
34.8579059119922;-0.199951171875;-0.0004547119140625;2.99999999242573;301;100 mA
34.867905911967;-0.199920654296875;-0.0004486083984375;3.00999999240048;302;100 mA
34.8779059119418;-0.199920654296875;-0.000452575683593751;3.01999999237523;303;100 mA
34.8879059119165;-0.199920654296875;-0.000452575683593751;3.02999999234999;304;100 mA
34.8979059118913;-0.199859619140625;-0.00045013427734375;3.03999999232474;305;100 mA
34.907905911866;-0.19989013671875;-0.0004559326171875;3.04999999229949;306;100 mA
34.9179059118408;-0.19989013671875;-0.00044830322265625;3.05999999227424;307;100 mA
34.9279059118155;-0.1998291015625;-0.000452270507812499;3.069999992249;308;100 mA
34.9379059117903;-0.199951171875;-0.000453796386718749;3.07999999222375;309;100 mA
34.947905911765;-0.199920654296875;-0.000449218749999999;3.0899999921985;310;100 mA
34.9579059117398;-0.199981689453125;-0.000455322265624999;3.09999999217325;311;100 mA
34.9679059117145;-0.199920654296875;-0.000449218749999999;3.109999992148;312;100 mA
34.9779059116893;-0.199920654296875;-0.000452575683593751;3.11999999212276;313;100 mA
34.987905911664;-0.199981689453125;-0.0004547119140625;3.12999999209751;314;100 mA
34.9979059116388;-0.199920654296875;-0.00045166015625;3.13999999207226;315;100 mA
35.0079059116135;-0.199920654296875;-0.00045654296875;3.14999999204701;316;100 mA
35.0179059115883;-0.199920654296875;-0.0004486083984375;3.15999999202177;317;100 mA
35.027905911563;-0.199859619140625;-0.000453796386718749;3.16999999199652;318;100 mA
35.0379059115378;-0.199951171875;-0.00045318603515625;3.17999999197127;319;100 mA
35.0479059115125;-0.19989013671875;-0.000452270507812499;3.18999999194602;320;100 mA
35.0579059114873;-0.19989013671875;-0.000456848144531249;3.19999999192078;321;100 mA
35.067905911462;-0.199920654296875;-0.0004486083984375;3.20999999189553;322;100 mA
35.0779059114368;-0.199920654296875;-0.000452880859375;3.21999999187028;323;100 mA
35.0879059114116;-0.199920654296875;-0.00045654296875;3.22999999184503;324;100 mA
35.0979059113863;-0.199920654296875;-0.000452270507812499;3.23999999181979;325;100 mA
35.1079059113611;-0.199859619140625;-0.00045745849609375;3.24999999179454;326;100 mA
35.1179059113358;-0.19989013671875;-0.00044891357421875;3.25999999176929;327;100 mA
35.1279059113106;-0.19989013671875;-0.000452880859375;3.26999999174404;328;100 mA
35.1379059112853;-0.19989013671875;-0.000455627441406251;3.2799999917188;329;100 mA
35.1479059112601;-0.199920654296875;-0.0004534912109375;3.28999999169355;330;100 mA
35.1579059112348;-0.199920654296875;-0.000457763671875;3.2999999916683;331;100 mA
35.1679059112096;-0.199951171875;-0.000450439453125;3.30999999164305;332;100 mA
35.1779059111843;-0.199920654296875;-0.00045501708984375;3.31999999161781;333;100 mA
35.1879059111591;-0.199920654296875;-0.000456848144531249;3.32999999159256;334;100 mA
35.1979059111338;-0.199859619140625;-0.000454101562500001;3.33999999156731;335;100 mA
35.2079059111086;-0.19989013671875;-0.0004595947265625;3.34999999154206;336;100 mA
35.2179059110833;-0.199920654296875;-0.000452575683593751;3.35999999151682;337;100 mA
35.2279059110581;-0.19989013671875;-0.00045654296875;3.36999999149157;338;100 mA
35.2379059110328;-0.199951171875;-0.000456848144531249;3.37999999146632;339;100 mA
35.2479059110076;-0.199920654296875;-0.000453796386718749;3.38999999144107;340;100 mA
35.2579059109823;-0.199951171875;-0.000458984375;3.39999999141583;341;100 mA
35.2679059109571;-0.199951171875;-0.000452270507812499;3.40999999139058;342;100 mA
35.2779059109318;-0.199951171875;-0.00045623779296875;3.41999999136533;343;100 mA
35.2879059109066;-0.19989013671875;-0.00045745849609375;3.42999999134008;344;100 mA
35.2979059108814;-0.199920654296875;-0.000454101562500001;3.43999999131483;345;100 mA
35.3079059108561;-0.19989013671875;-0.00045745849609375;3.44999999128959;346;100 mA
35.3179059108309;-0.199951171875;-0.00045318603515625;3.45999999126434;347;100 mA
35.3279059108056;-0.19989013671875;-0.00045654296875;3.46999999123909;348;100 mA
35.3379059107804;-0.199859619140625;-0.000458679199218751;3.47999999121384;349;100 mA
35.3479059107551;-0.19989013671875;-0.00045440673828125;3.4899999911886;350;100 mA
35.3579059107299;-0.199920654296875;-0.000460205078125001;3.49999999116335;351;100 mA
35.3679059107046;-0.199859619140625;-0.000453796386718749;3.5099999911381;352;100 mA
35.3779059106794;-0.19989013671875;-0.000456848144531249;3.51999999111285;353;100 mA
35.3879059106541;-0.199859619140625;-0.000457153320312501;3.52999999108761;354;100 mA
35.3979059106289;-0.199951171875;-0.000454101562500001;3.53999999106236;355;100 mA
35.4079059106036;-0.199981689453125;-0.00045928955078125;3.54999999103711;356;100 mA
35.4179059105784;-0.199981689453125;-0.00045196533203125;3.55999999101186;357;100 mA
35.4279059105531;-0.19989013671875;-0.00045806884765625;3.56999999098662;358;100 mA
35.4379059105279;-0.199920654296875;-0.000457763671875;3.57999999096137;359;100 mA
35.4479059105026;-0.199920654296875;-0.00045623779296875;3.58999999093612;360;100 mA
35.4579059104774;-0.19989013671875;-0.000460205078125001;3.59999999091087;361;100 mA
35.4679059104521;-0.199981689453125;-0.000452880859375;3.60999999088563;362;100 mA
35.4779059104269;-0.19989013671875;-0.00045806884765625;3.61999999086038;363;100 mA
35.4879059104017;-0.19989013671875;-0.000458679199218751;3.62999999083513;364;100 mA
35.4979059103764;-0.199859619140625;-0.000455322265624999;3.63999999080988;365;100 mA
35.5079059103512;-0.199859619140625;-0.000460205078125001;3.64999999078464;366;100 mA
35.5179059103259;-0.199920654296875;-0.000452575683593751;3.65999999075939;367;100 mA
35.5279059103007;-0.199951171875;-0.00045745849609375;3.66999999073414;368;100 mA
35.5379059102754;-0.199920654296875;-0.000458374023437499;3.67999999070889;369;100 mA
35.5479059102502;-0.19989013671875;-0.0004547119140625;3.68999999068365;370;100 mA
35.5579059102249;-0.19989013671875;-0.000460205078125001;3.6999999906584;371;100 mA
35.5679059101997;-0.199951171875;-0.0004534912109375;3.70999999063315;372;100 mA
35.5779059101744;-0.199920654296875;-0.0004559326171875;3.7199999906079;373;100 mA
35.5879059101492;-0.199951171875;-0.000458374023437499;3.72999999058266;374;100 mA
35.5979059101239;-0.199920654296875;-0.000456848144531249;3.73999999055741;375;100 mA
35.6079059100987;-0.199951171875;-0.00046051025390625;3.74999999053216;376;100 mA
35.6179059100734;-0.19989013671875;-0.000454101562500001;3.75999999050691;377;100 mA
35.6279059100482;-0.199920654296875;-0.000456848144531249;3.76999999048167;378;100 mA
35.6379059100229;-0.199859619140625;-0.000458679199218751;3.77999999045642;379;100 mA
35.6479059099977;-0.199920654296875;-0.00045654296875;3.78999999043117;380;100 mA
35.6579059099724;-0.199920654296875;-0.000461730957031251;3.79999999040592;381;100 mA
35.6679059099472;-0.19989013671875;-0.0004547119140625;3.80999999038067;382;100 mA
35.6779059099219;-0.199920654296875;-0.000458984375;3.81999999035543;383;100 mA
35.6879059098967;-0.19989013671875;-0.000460205078125001;3.82999999033018;384;100 mA
35.6979059098715;-0.199951171875;-0.000456848144531249;3.83999999030493;385;100 mA
35.7079059098462;-0.19989013671875;-0.0004608154296875;3.84999999027968;386;100 mA
35.717905909821;-0.199951171875;-0.0004547119140625;3.85999999025444;387;100 mA
35.7279059097957;-0.199859619140625;-0.00045806884765625;3.86999999022919;388;100 mA
35.7379059097705;-0.1998291015625;-0.0004595947265625;3.87999999020394;389;100 mA
35.7479059097452;-0.199951171875;-0.00045623779296875;3.88999999017869;390;100 mA
35.75790590972;-0.199951171875;-0.0004595947265625;3.89999999015345;391;100 mA
35.7679059096947;-0.199951171875;-0.0004534912109375;3.9099999901282;392;100 mA
35.7779059096695;-0.199920654296875;-0.00045745849609375;3.91999999010295;393;100 mA
35.7879059096442;-0.19989013671875;-0.000458984375;3.9299999900777;394;100 mA
35.797905909619;-0.19989013671875;-0.00045654296875;3.93999999005246;395;100 mA
35.8079059095937;-0.199859619140625;-0.000461425781249999;3.94999999002721;396;100 mA
35.8179059095685;-0.199981689453125;-0.00045440673828125;3.95999999000196;397;100 mA
35.8279059095432;-0.199951171875;-0.000457763671875;3.96999998997671;398;100 mA
35.837905909518;-0.199920654296875;-0.0004595947265625;3.97999998995147;399;100 mA
35.8479059094927;-0.199920654296875;-0.00045623779296875;3.98999998992622;400;100 mA
35.8579059094675;-0.199920654296875;-0.000461425781249999;3.99999998990097;401;100 mA
35.8679059094422;-0.199920654296875;-0.000452880859375;4.00999998987572;402;100 mA
35.877905909417;-0.19989013671875;-0.0004498291015625;4.01999998985048;403;100 mA
35.8879059093917;-0.199951171875;-0.00045654296875;4.02999998982523;404;100 mA
35.8979059093665;-0.199951171875;-0.000452880859375;4.03999998979998;405;100 mA
35.9079059093413;-0.199920654296875;-0.000458984375;4.04999998977473;406;100 mA
35.917905909316;-0.199920654296875;-0.00045196533203125;4.05999998974949;407;100 mA
35.9279059092908;-0.199951171875;-0.0004559326171875;4.06999998972424;408;100 mA
35.9379059092655;-0.199920654296875;-0.0004595947265625;4.07999998969899;409;100 mA
35.9479059092403;-0.199920654296875;-0.000457153320312501;4.08999998967374;410;100 mA
35.957905909215;-0.199859619140625;-0.0004608154296875;4.0999999896485;411;100 mA
35.9679059091898;-0.19989013671875;-0.000454101562500001;4.10999998962325;412;100 mA
35.9779059091645;-0.199920654296875;-0.00045745849609375;4.119999989598;413;100 mA
35.9879059091393;-0.199920654296875;-0.000459899902343749;4.12999998957275;414;100 mA
35.997905909114;-0.19989013671875;-0.000456848144531249;4.1399999895475;415;100 mA
36.0079059090888;-0.199981689453125;-0.000460205078125001;4.14999998952226;416;100 mA
36.0179059090635;-0.19989013671875;-0.00045135498046875;4.15999998949701;417;100 mA
36.0279059090383;-0.19989013671875;-0.000456848144531249;4.16999998947176;418;100 mA
36.037905909013;-0.199920654296875;-0.000458374023437499;4.17999998944651;419;100 mA
36.0479059089878;-0.199920654296875;-0.00045501708984375;4.18999998942127;420;100 mA
36.0579059089625;-0.19989013671875;-0.000460205078125001;4.19999998939602;421;100 mA
36.0679059089373;-0.199951171875;-0.000452575683593751;4.20999998937077;422;100 mA
36.077905908912;-0.19989013671875;-0.000456848144531249;4.21999998934552;423;100 mA
36.0879059088868;-0.199798583984375;-0.00045654296875;4.22999998932028;424;100 mA
36.0979059088615;-0.19989013671875;-0.000455627441406251;4.23999998929503;425;100 mA
36.1079059088363;-0.199951171875;-0.00046112060546875;4.24999998926978;426;100 mA
36.1179059088111;-0.199859619140625;-0.000453796386718749;4.25999998924453;427;100 mA
36.1279059087858;-0.19989013671875;-0.000458374023437499;4.26999998921929;428;100 mA
36.1379059087606;-0.199920654296875;-0.000458374023437499;4.27999998919404;429;100 mA
36.1479059087353;-0.19989013671875;-0.000455322265624999;4.28999998916879;430;100 mA
36.1579059087101;-0.199951171875;-0.00046112060546875;4.29999998914354;431;100 mA
36.1679059086848;-0.19989013671875;-0.0004547119140625;4.3099999891183;432;100 mA
36.1779059086596;-0.199951171875;-0.00045501708984375;4.31999998909305;433;100 mA
36.1879059086343;-0.19989013671875;-0.000458374023437499;4.3299999890678;434;100 mA
36.1979059086091;-0.199951171875;-0.000454101562500001;4.33999998904255;435;100 mA
36.2079059085838;-0.199920654296875;-0.000456848144531249;4.34999998901731;436;100 mA
36.2179059085586;-0.199951171875;-0.000454101562500001;4.35999998899206;437;100 mA
36.2279059085333;-0.19989013671875;-0.0004559326171875;4.36999998896681;438;100 mA
36.2379059085081;-0.199920654296875;-0.000456848144531249;4.37999998894156;439;100 mA
36.2479059084828;-0.199920654296875;-0.00045623779296875;4.38999998891632;440;100 mA
36.2579059084576;-0.199859619140625;-0.000458984375;4.39999998889107;441;100 mA
36.2679059084323;-0.199951171875;-0.000452880859375;4.40999998886582;442;100 mA
36.2779059084071;-0.19989013671875;-0.00045806884765625;4.41999998884057;443;100 mA
36.2879059083818;-0.19989013671875;-0.0004595947265625;4.42999998881533;444;100 mA
36.2979059083566;-0.199859619140625;-0.000456848144531249;4.43999998879008;445;100 mA
36.3079059083313;-0.199859619140625;-0.000459899902343749;4.44999998876483;446;100 mA
36.3179059083061;-0.199920654296875;-0.000453796386718749;4.45999998873958;447;100 mA
36.3279059082809;-0.199859619140625;-0.00045745849609375;4.46999998871433;448;100 mA
36.3379059082556;-0.199859619140625;-0.000458374023437499;4.47999998868909;449;100 mA
36.3479059082304;-0.199920654296875;-0.00045501708984375;4.48999998866384;450;100 mA
36.3579059082051;-0.19989013671875;-0.000458374023437499;4.49999998863859;451;100 mA
36.3679059081799;-0.199859619140625;-0.00045318603515625;4.50999998861334;452;100 mA
36.3779059081546;-0.199920654296875;-0.0004547119140625;4.5199999885881;453;100 mA
36.3879059081294;-0.199859619140625;-0.0004559326171875;4.52999998856285;454;100 mA
36.3979059081041;-0.19989013671875;-0.0004534912109375;4.5399999885376;455;100 mA
36.4079059080789;-0.199951171875;-0.00045745849609375;4.54999998851235;456;100 mA
36.4179059080536;-0.199859619140625;-0.00045166015625;4.55999998848711;457;100 mA
36.4279059080284;-0.199920654296875;-0.0004559326171875;4.56999998846186;458;100 mA
36.4379059080031;-0.19989013671875;-0.000457153320312501;4.57999998843661;459;100 mA
36.4479059079779;-0.199951171875;-0.000454101562500001;4.58999998841136;460;100 mA
36.4579059079526;-0.199859619140625;-0.000458679199218751;4.59999998838612;461;100 mA
36.4679059079274;-0.199920654296875;-0.00045013427734375;4.60999998836087;462;100 mA
36.4779059079021;-0.199920654296875;-0.00045501708984375;4.61999998833562;463;100 mA
36.4879059078769;-0.199859619140625;-0.00045623779296875;4.62999998831037;464;100 mA
36.4979059078516;-0.19989013671875;-0.000454101562500001;4.63999998828513;465;100 mA
36.5079059078264;-0.199981689453125;-0.00045806884765625;4.64999998825988;466;100 mA
36.5179059078012;-0.199859619140625;-0.00045196533203125;4.65999998823463;467;100 mA
36.5279059077759;-0.199859619140625;-0.00045745849609375;4.66999998820938;468;100 mA
36.5379059077507;-0.19989013671875;-0.000457153320312501;4.67999998818414;469;100 mA
36.5479059077254;-0.199920654296875;-0.00045135498046875;4.68999998815889;470;100 mA
36.5579059077002;-0.199920654296875;-0.000456848144531249;4.69999998813364;471;100 mA
36.5679059076749;-0.19989013671875;-0.000450744628906249;4.70999998810839;472;100 mA
36.5779059076497;-0.199920654296875;-0.0004547119140625;4.71999998808315;473;100 mA
36.5879059076244;-0.199951171875;-0.0004559326171875;4.7299999880579;474;100 mA
36.5979059075992;-0.199920654296875;-0.000455322265624999;4.73999998803265;475;100 mA
36.6079059075739;-0.199859619140625;-0.00045806884765625;4.7499999880074;476;100 mA
36.6179059075487;-0.199981689453125;-0.000451049804687501;4.75999998798216;477;100 mA
36.6279059075234;-0.1998291015625;-0.00045501708984375;4.76999998795691;478;100 mA
36.6379059074982;-0.19989013671875;-0.00045623779296875;4.77999998793166;479;100 mA
36.6479059074729;-0.199859619140625;-0.000452575683593751;4.78999998790641;480;100 mA
36.6579059074477;-0.199951171875;-0.000457153320312501;4.79999998788116;481;100 mA
36.6679059074224;-0.19989013671875;-0.00044891357421875;4.80999998785592;482;100 mA
36.6779059073972;-0.199920654296875;-0.00045440673828125;4.81999998783067;483;100 mA
36.6879059073719;-0.199859619140625;-0.0004547119140625;4.82999998780542;484;100 mA
36.6979059073467;-0.199951171875;-0.00045318603515625;4.83999998778017;485;100 mA
36.7079059073214;-0.19989013671875;-0.000457153320312501;4.84999998775493;486;100 mA
36.7179059072962;-0.199951171875;-0.00045196533203125;4.85999998772968;487;100 mA
36.727905907271;-0.199920654296875;-0.0004559326171875;4.86999998770443;488;100 mA
36.7379059072457;-0.199920654296875;-0.0004559326171875;4.87999998767918;489;100 mA
36.7479059072205;-0.199920654296875;-0.0004534912109375;4.88999998765394;490;100 mA
36.7579059071952;-0.199859619140625;-0.000458374023437499;4.89999998762869;491;100 mA
36.76790590717;-0.199920654296875;-0.000451049804687501;4.90999998760344;492;100 mA
36.7779059071447;-0.19989013671875;-0.00045654296875;4.91999998757819;493;100 mA
36.7879059071195;-0.19989013671875;-0.000455627441406251;4.92999998755295;494;100 mA
36.7979059070942;-0.199920654296875;-0.00045196533203125;4.9399999875277;495;100 mA
36.807905907069;-0.199920654296875;-0.00045745849609375;4.94999998750245;496;100 mA
36.8179059070437;-0.199920654296875;-0.00044891357421875;4.9599999874772;497;100 mA
36.8279059070185;-0.199920654296875;-0.0004547119140625;4.96999998745196;498;100 mA
36.8379059069932;-0.199859619140625;-0.00045440673828125;4.97999998742671;499;100 mA
36.847905906968;-0.19989013671875;-0.000452270507812499;4.98999998740146;500;100 mA
36.8579059069427;-0.19989013671875;-0.000455627441406251;4.99999998737621;501;100 mA
36.8679059069175;-0.199859619140625;-0.000450439453125;5.00999998735097;502;100 mA
36.8779059068922;-0.199920654296875;-0.000455322265624999;5.01999998732572;503;100 mA
36.887905906867;-0.19989013671875;-0.000455322265624999;5.02999998730047;504;100 mA
36.8979059068417;-0.199920654296875;-0.0004547119140625;5.03999998727522;505;100 mA
36.9079059068165;-0.199859619140625;-0.00045745849609375;5.04999998724998;506;100 mA
36.9179059067912;-0.1998291015625;-0.00045166015625;5.05999998722473;507;100 mA
36.927905906766;-0.19989013671875;-0.0004559326171875;5.06999998719948;508;100 mA
36.9379059067408;-0.199920654296875;-0.00045654296875;5.07999998717423;509;100 mA
36.9479059067155;-0.19989013671875;-0.00045318603515625;5.08999998714899;510;100 mA
36.9579059066903;-0.199951171875;-0.0004559326171875;5.09999998712374;511;100 mA
36.967905906665;-0.199981689453125;-0.000447998046875001;5.10999998709849;512;100 mA
36.9779059066398;-0.19989013671875;-0.0004534912109375;5.11999998707324;513;100 mA
36.9879059066145;-0.199951171875;-0.000452270507812499;5.129999987048;514;100 mA
36.9979059065893;-0.19989013671875;-0.000447692871093749;5.13999998702275;515;100 mA
37.007905906564;-0.199920654296875;-0.00045654296875;5.1499999869975;516;100 mA
37.0179059065388;-0.199920654296875;-0.0004486083984375;5.15999998697225;517;100 mA
37.0279059065135;-0.19989013671875;-0.00045318603515625;5.169999986947;518;100 mA
37.0379059064883;-0.19989013671875;-0.000454101562500001;5.17999998692176;519;100 mA
37.047905906463;-0.199951171875;-0.0004547119140625;5.18999998689651;520;100 mA
37.0579059064378;-0.19989013671875;-0.00045806884765625;5.19999998687126;521;100 mA
37.0679059064125;-0.199859619140625;-0.00045196533203125;5.20999998684601;522;100 mA
37.0779059063873;-0.199920654296875;-0.0004559326171875;5.21999998682077;523;100 mA
37.087905906362;-0.199920654296875;-0.00045654296875;5.22999998679552;524;100 mA
37.0979059063368;-0.199981689453125;-0.000455322265624999;5.23999998677027;525;100 mA
37.1079059063115;-0.19989013671875;-0.00045806884765625;5.24999998674502;526;100 mA
37.1179059062863;-0.19989013671875;-0.000449218749999999;5.25999998671978;527;100 mA
37.127905906261;-0.199920654296875;-0.00045318603515625;5.26999998669453;528;100 mA
37.1379059062358;-0.199859619140625;-0.00045135498046875;5.27999998666928;529;100 mA
37.1479059062106;-0.199920654296875;-0.00044891357421875;5.28999998664403;530;100 mA
37.1579059061853;-0.199951171875;-0.00045501708984375;5.29999998661879;531;100 mA
37.1679059061601;-0.19989013671875;-0.000446166992187499;5.30999998659354;532;100 mA
37.1779059061348;-0.199920654296875;-0.000453796386718749;5.31999998656829;533;100 mA
37.1879059061096;-0.199920654296875;-0.000453796386718749;5.32999998654304;534;100 mA
37.1979059060843;-0.199951171875;-0.000452880859375;5.3399999865178;535;100 mA
37.2079059060591;-0.19989013671875;-0.00045745849609375;5.34999998649255;536;100 mA
37.2179059060338;-0.19989013671875;-0.00045135498046875;5.3599999864673;537;100 mA
37.2279059060086;-0.19989013671875;-0.00045745849609375;5.36999998644205;538;100 mA
37.2379059059833;-0.19989013671875;-0.00045654296875;5.37999998641681;539;100 mA
37.2479059059581;-0.19989013671875;-0.000454101562500001;5.38999998639156;540;100 mA
37.2579059059328;-0.19989013671875;-0.000457153320312501;5.39999998636631;541;100 mA
37.2679059059076;-0.19989013671875;-0.000450439453125;5.40999998634106;542;100 mA
37.2779059058823;-0.19989013671875;-0.000454101562500001;5.41999998631582;543;100 mA
37.2879059058571;-0.1998291015625;-0.000452880859375;5.42999998629057;544;100 mA
37.2979059058318;-0.199920654296875;-0.000449523925781251;5.43999998626532;545;100 mA
37.3079059058066;-0.199920654296875;-0.00045501708984375;5.44999998624007;546;100 mA
37.3179059057813;-0.199951171875;-0.00044830322265625;5.45999998621483;547;100 mA
37.3279059057561;-0.199859619140625;-0.0004547119140625;5.46999998618958;548;100 mA
37.3379059057308;-0.199951171875;-0.0004559326171875;5.47999998616433;549;100 mA
37.3479059057056;-0.199951171875;-0.000454101562500001;5.48999998613908;550;100 mA
37.3579059056804;-0.19989013671875;-0.000458984375;5.49999998611383;551;100 mA
37.3679059056551;-0.19989013671875;-0.00045166015625;5.50999998608859;552;100 mA
37.3779059056299;-0.199920654296875;-0.00045654296875;5.51999998606334;553;100 mA
37.3879059056046;-0.199859619140625;-0.00045745849609375;5.52999998603809;554;100 mA
37.3979059055794;-0.199920654296875;-0.000455627441406251;5.53999998601284;555;100 mA
37.4079059055541;-0.199859619140625;-0.000458984375;5.5499999859876;556;100 mA
37.4179059055289;-0.19989013671875;-0.000450744628906249;5.55999998596235;557;100 mA
37.4279059055036;-0.19989013671875;-0.00045623779296875;5.5699999859371;558;100 mA
37.4379059054784;-0.1998291015625;-0.000453796386718749;5.57999998591185;559;100 mA
37.4479059054531;-0.19989013671875;-0.000452575683593751;5.58999998588661;560;100 mA
37.4579059054279;-0.199859619140625;-0.00045501708984375;5.59999998586136;561;100 mA
37.4679059054026;-0.199920654296875;-0.000449523925781251;5.60999998583611;562;100 mA
37.4779059053774;-0.199951171875;-0.000453796386718749;5.61999998581086;563;100 mA
37.4879059053521;-0.199859619140625;-0.00045501708984375;5.62999998578562;564;100 mA
37.4979059053269;-0.199920654296875;-0.000454101562500001;5.63999998576037;565;100 mA
37.5079059053016;-0.199859619140625;-0.00045806884765625;5.64999998573512;566;100 mA
37.5179059052764;-0.199951171875;-0.000449523925781251;5.65999998570987;567;100 mA
37.5279059052511;-0.199859619140625;-0.00045654296875;5.66999998568463;568;100 mA
37.5379059052259;-0.19989013671875;-0.000456848144531249;5.67999998565938;569;100 mA
37.5479059052007;-0.19989013671875;-0.00045501708984375;5.68999998563413;570;100 mA
37.5579059051754;-0.199920654296875;-0.000458679199218751;5.69999998560888;571;100 mA
37.5679059051502;-0.199859619140625;-0.000450744628906249;5.70999998558364;572;100 mA
37.5779059051249;-0.199920654296875;-0.00045654296875;5.71999998555839;573;100 mA
37.5879059050997;-0.199920654296875;-0.0004559326171875;5.72999998553314;574;100 mA
37.5979059050744;-0.19989013671875;-0.000451049804687501;5.73999998550789;575;100 mA
37.6079059050492;-0.19989013671875;-0.000455627441406251;5.74999998548265;576;100 mA
37.6179059050239;-0.199951171875;-0.00044677734375;5.7599999854574;577;100 mA
37.6279059049987;-0.199859619140625;-0.0004534912109375;5.76999998543215;578;100 mA
37.6379059049734;-0.199920654296875;-0.000453796386718749;5.7799999854069;579;100 mA
37.6479059049482;-0.199920654296875;-0.000452880859375;5.78999998538166;580;100 mA
37.6579059049229;-0.199859619140625;-0.000458984375;5.79999998535641;581;100 mA
37.6679059048977;-0.19989013671875;-0.00045318603515625;5.80999998533116;582;100 mA
37.6779059048724;-0.19989013671875;-0.00045806884765625;5.81999998530591;583;100 mA
37.6879059048472;-0.199920654296875;-0.00045654296875;5.82999998528066;584;100 mA
37.6979059048219;-0.199920654296875;-0.0004559326171875;5.83999998525542;585;100 mA
37.7079059047967;-0.19989013671875;-0.00046051025390625;5.84999998523017;586;100 mA
37.7179059047714;-0.199859619140625;-0.00045196533203125;5.85999998520492;587;100 mA
37.7279059047462;-0.199920654296875;-0.000456848144531249;5.86999998517967;588;100 mA
37.7379059047209;-0.199920654296875;-0.000458374023437499;5.87999998515443;589;100 mA
37.7479059046957;-0.19989013671875;-0.000454101562500001;5.88999998512918;590;100 mA
37.7579059046705;-0.19989013671875;-0.000456848144531249;5.89999998510393;591;100 mA
37.7679059046452;-0.199920654296875;-0.0004486083984375;5.90999998507868;592;100 mA
37.77790590462;-0.199859619140625;-0.0004534912109375;5.91999998505344;593;100 mA
37.7879059045947;-0.19989013671875;-0.00045745849609375;5.92999998502819;594;100 mA
37.7979059045695;-0.199981689453125;-0.0004547119140625;5.93999998500294;595;100 mA
37.8079059045442;-0.199920654296875;-0.000458374023437499;5.94999998497769;596;100 mA
37.817905904519;-0.199920654296875;-0.0004498291015625;5.95999998495245;597;100 mA
37.8279059044937;-0.19989013671875;-0.00045654296875;5.9699999849272;598;100 mA
37.8379059044685;-0.199951171875;-0.00045806884765625;5.97999998490195;599;100 mA
37.8479059044432;-0.19989013671875;-0.0004559326171875;5.9899999848767;600;100 mA
37.857905904418;-0.199859619140625;-0.0004608154296875;5.99999998485146;601;100 mA
37.8679059043927;-0.19989013671875;-0.000454101562500001;6.00999998482621;602;100 mA
37.8779059043675;-0.19989013671875;-0.000458679199218751;6.01999998480096;603;100 mA
37.8879059043422;-0.19989013671875;-0.00045745849609375;6.02999998477571;604;100 mA
37.897905904317;-0.199920654296875;-0.0004547119140625;6.03999998475047;605;100 mA
37.9079059042917;-0.199920654296875;-0.000458374023437499;6.04999998472522;606;100 mA
37.9179059042665;-0.199920654296875;-0.000447998046875001;6.05999998469997;607;100 mA
37.9279059042412;-0.19989013671875;-0.0004559326171875;6.06999998467472;608;100 mA
37.937905904216;-0.199981689453125;-0.000456848144531249;6.07999998464948;609;100 mA
37.9479059041907;-0.199920654296875;-0.0004547119140625;6.08999998462423;610;100 mA
37.9579059041655;-0.199920654296875;-0.000459899902343749;6.09999998459898;611;100 mA
37.9679059041403;-0.19989013671875;-0.00045166015625;6.10999998457373;612;100 mA
37.977905904115;-0.199920654296875;-0.00045654296875;6.11999998454849;613;100 mA
37.9879059040898;-0.19989013671875;-0.000458374023437499;6.12999998452324;614;100 mA
37.9979059040645;-0.199920654296875;-0.000456848144531249;6.13999998449799;615;100 mA
38.0079059040393;-0.199798583984375;-0.0004595947265625;6.14999998447274;616;100 mA
38.017905904014;-0.199859619140625;-0.0004534912109375;6.1599999844475;617;100 mA
38.0279059039888;-0.19989013671875;-0.00045806884765625;6.16999998442225;618;100 mA
38.0379059039635;-0.19989013671875;-0.000457763671875;6.179999984397;619;100 mA
38.0479059039383;-0.19989013671875;-0.0004559326171875;6.18999998437175;620;100 mA
38.057905903913;-0.199951171875;-0.000456848144531249;6.1999999843465;621;100 mA
38.0679059038878;-0.19989013671875;-0.000450744628906249;6.20999998432126;622;100 mA
38.0779059038625;-0.199920654296875;-0.00045654296875;6.21999998429601;623;100 mA
38.0879059038373;-0.199920654296875;-0.0004559326171875;6.22999998427076;624;100 mA
38.097905903812;-0.19989013671875;-0.000452880859375;6.23999998424551;625;100 mA
38.1079059037868;-0.19989013671875;-0.000458679199218751;6.24999998422027;626;100 mA
38.1179059037615;-0.199920654296875;-0.0004534912109375;6.25999998419502;627;100 mA
38.1279059037363;-0.199920654296875;-0.000458374023437499;6.26999998416977;628;100 mA
38.137905903711;-0.19989013671875;-0.000458374023437499;6.27999998414452;629;100 mA
38.1479059036858;-0.199859619140625;-0.000455627441406251;6.28999998411928;630;100 mA
38.1579059036605;-0.199920654296875;-0.00046051025390625;6.29999998409403;631;100 mA
38.1679059036353;-0.199920654296875;-0.00045318603515625;6.30999998406878;632;100 mA
38.1779059036101;-0.199859619140625;-0.00045806884765625;6.31999998404353;633;100 mA
38.1879059035848;-0.19989013671875;-0.000457153320312501;6.32999998401829;634;100 mA
38.1979059035596;-0.199920654296875;-0.000455627441406251;6.33999998399304;635;100 mA
38.2079059035343;-0.19989013671875;-0.00045745849609375;6.34999998396779;636;100 mA
38.2179059035091;-0.19989013671875;-0.0004498291015625;6.35999998394254;637;100 mA
38.2279059034838;-0.199920654296875;-0.00045623779296875;6.3699999839173;638;100 mA
38.2379059034586;-0.199859619140625;-0.00045654296875;6.37999998389205;639;100 mA
38.2479059034333;-0.19989013671875;-0.0004534912109375;6.3899999838668;640;100 mA
38.2579059034081;-0.19989013671875;-0.00045928955078125;6.39999998384155;641;100 mA
38.2679059033828;-0.19989013671875;-0.00045196533203125;6.40999998381631;642;100 mA
38.2779059033576;-0.199920654296875;-0.000457763671875;6.41999998379106;643;100 mA
38.2879059033323;-0.19989013671875;-0.00045623779296875;6.42999998376581;644;100 mA
38.2979059033071;-0.199920654296875;-0.0004559326171875;6.43999998374056;645;100 mA
38.3079059032818;-0.199951171875;-0.00045928955078125;6.44999998371532;646;100 mA
38.3179059032566;-0.199920654296875;-0.00045166015625;6.45999998369007;647;100 mA
38.3279059032313;-0.19989013671875;-0.00045806884765625;6.46999998366482;648;100 mA
38.3379059032061;-0.199951171875;-0.000457153320312501;6.47999998363957;649;100 mA
38.3479059031808;-0.199920654296875;-0.000453796386718749;6.48999998361433;650;100 mA
38.3579059031556;-0.199920654296875;-0.00045806884765625;6.49999998358908;651;100 mA
38.3679059031303;-0.19989013671875;-0.000450744628906249;6.50999998356383;652;100 mA
38.3779059031051;-0.199920654296875;-0.000455627441406251;6.51999998353858;653;100 mA
38.3879059030799;-0.199920654296875;-0.00045623779296875;6.52999998351333;654;100 mA
38.3979059030546;-0.199920654296875;-0.00045440673828125;6.53999998348809;655;100 mA
38.4079059030294;-0.199920654296875;-0.000458984375;6.54999998346284;656;100 mA
38.4179059030041;-0.199920654296875;-0.0004534912109375;6.55999998343759;657;100 mA
38.4279059029789;-0.20001220703125;-0.000457153320312501;6.56999998341234;658;100 mA
38.4379059029536;-0.1998291015625;-0.000458984375;6.5799999833871;659;100 mA
38.4479059029284;-0.199951171875;-0.00045623779296875;6.58999998336185;660;100 mA
38.4579059029031;-0.199920654296875;-0.0004595947265625;6.5999999833366;661;100 mA
38.4679059028779;-0.199951171875;-0.00045166015625;6.60999998331135;662;100 mA
38.4779059028526;-0.19989013671875;-0.000457153320312501;6.61999998328611;663;100 mA
38.4879059028274;-0.19989013671875;-0.000456848144531249;6.62999998326086;664;100 mA
38.4979059028021;-0.199859619140625;-0.0004547119140625;6.63999998323561;665;100 mA
38.5079059027769;-0.19989013671875;-0.00045745849609375;6.64999998321036;666;100 mA
38.5179059027516;-0.19989013671875;-0.000450439453125;6.65999998318512;667;100 mA
38.5279059027264;-0.199859619140625;-0.000455322265624999;6.66999998315987;668;100 mA
38.5379059027011;-0.199920654296875;-0.00045623779296875;6.67999998313462;669;100 mA
38.5479059026759;-0.19989013671875;-0.000452880859375;6.68999998310937;670;100 mA
38.5579059026506;-0.199951171875;-0.00045654296875;6.69999998308413;671;100 mA
38.5679059026254;-0.199859619140625;-0.00045166015625;6.70999998305888;672;100 mA
38.5779059026002;-0.199859619140625;-0.000457153320312501;6.71999998303363;673;100 mA
38.5879059025749;-0.199920654296875;-0.000456848144531249;6.72999998300838;674;100 mA
38.5979059025497;-0.19989013671875;-0.0004559326171875;6.73999998298314;675;100 mA
38.6079059025244;-0.19989013671875;-0.000458984375;6.74999998295789;676;100 mA
38.6179059024992;-0.199920654296875;-0.000452880859375;6.75999998293264;677;100 mA
38.6279059024739;-0.19989013671875;-0.000457153320312501;6.76999998290739;678;100 mA
38.6379059024487;-0.19989013671875;-0.000457153320312501;6.77999998288215;679;100 mA
38.6479059024234;-0.19989013671875;-0.000454101562500001;6.7899999828569;680;100 mA
38.6579059023982;-0.199859619140625;-0.00045654296875;6.79999998283165;681;100 mA
38.6679059023729;-0.199920654296875;-0.000449523925781251;6.8099999828064;682;100 mA
38.6779059023477;-0.19989013671875;-0.00045501708984375;6.81999998278116;683;100 mA
38.6879059023224;-0.199920654296875;-0.000454101562500001;6.82999998275591;684;100 mA
38.6979059022972;-0.19989013671875;-0.000454101562500001;6.83999998273066;685;100 mA
38.7079059022719;-0.19989013671875;-0.00045745849609375;6.84999998270541;686;100 mA
38.7179059022467;-0.19989013671875;-0.00045196533203125;6.85999998268016;687;100 mA
38.7279059022214;-0.19989013671875;-0.00045623779296875;6.86999998265492;688;100 mA
38.7379059021962;-0.199920654296875;-0.000456848144531249;6.87999998262967;689;100 mA
38.7479059021709;-0.19989013671875;-0.0004547119140625;6.88999998260442;690;100 mA
38.7579059021457;-0.19989013671875;-0.00045928955078125;6.89999998257917;691;100 mA
38.7679059021204;-0.199951171875;-0.000452575683593751;6.90999998255393;692;100 mA
38.7779059020952;-0.199981689453125;-0.00045654296875;6.91999998252868;693;100 mA
38.78790590207;-0.199951171875;-0.000458374023437499;6.92999998250343;694;100 mA
38.7979059020447;-0.19989013671875;-0.00045440673828125;6.93999998247818;695;100 mA
38.8079059020195;-0.199951171875;-0.000457153320312501;6.94999998245294;696;100 mA
38.8179059019942;-0.199981689453125;-0.000449218749999999;6.95999998242769;697;100 mA
38.827905901969;-0.19989013671875;-0.000455322265624999;6.96999998240244;698;100 mA
38.8379059019437;-0.199920654296875;-0.000455627441406251;6.97999998237719;699;100 mA
38.8479059019185;-0.19989013671875;-0.00045318603515625;6.98999998235195;700;100 mA
38.8579059018932;-0.19989013671875;-0.000457153320312501;6.9999999823267;701;100 mA
38.867905901868;-0.19989013671875;-0.00045166015625;7.00999998230145;702;100 mA
38.8779059018427;-0.19989013671875;-0.00045623779296875;7.0199999822762;703;100 mA
38.8879059018175;-0.199920654296875;-0.000455627441406251;7.02999998225096;704;100 mA
38.8979059017922;-0.199859619140625;-0.000454101562500001;7.03999998222571;705;100 mA
38.907905901767;-0.199981689453125;-0.000456848144531249;7.04999998220046;706;100 mA
38.9179059017417;-0.199920654296875;-0.000450744628906249;7.05999998217521;707;100 mA
38.9279059017165;-0.199859619140625;-0.00045654296875;7.06999998214997;708;100 mA
38.9379059016912;-0.19989013671875;-0.00045654296875;7.07999998212472;709;100 mA
38.947905901666;-0.19989013671875;-0.000452270507812499;7.08999998209947;710;100 mA
38.9579059016407;-0.199859619140625;-0.0004547119140625;7.09999998207422;711;100 mA
38.9679059016155;-0.199920654296875;-0.00045013427734375;7.10999998204898;712;100 mA
38.9779059015902;-0.199920654296875;-0.000454101562500001;7.11999998202373;713;100 mA
38.987905901565;-0.199920654296875;-0.000453796386718749;7.12999998199848;714;100 mA
38.9979059015398;-0.199920654296875;-0.000452270507812499;7.13999998197323;715;100 mA
39.0079059015145;-0.199920654296875;-0.000455627441406251;7.14999998194799;716;100 mA
39.0179059014893;-0.199920654296875;-0.000450439453125;7.15999998192274;717;100 mA
39.027905901464;-0.199920654296875;-0.0004547119140625;7.16999998189749;718;100 mA
39.0379059014388;-0.199920654296875;-0.0004559326171875;7.17999998187224;719;100 mA
39.0479059014135;-0.199920654296875;-0.000454101562500001;7.189999981847;720;100 mA
39.0579059013883;-0.199951171875;-0.00045745849609375;7.19999998182175;721;100 mA
39.067905901363;-0.19989013671875;-0.000452270507812499;7.2099999817965;722;100 mA
39.0779059013378;-0.199920654296875;-0.000455322265624999;7.21999998177125;723;100 mA
39.0879059013125;-0.199859619140625;-0.0004547119140625;7.229999981746;724;100 mA
39.0979059012873;-0.199920654296875;-0.00045166015625;7.23999998172076;725;100 mA
39.107905901262;-0.199981689453125;-0.0004559326171875;7.24999998169551;726;100 mA
39.1179059012368;-0.19989013671875;-0.000449218749999999;7.25999998167026;727;100 mA
39.1279059012115;-0.199951171875;-0.000452575683593751;7.26999998164501;728;100 mA
39.1379059011863;-0.19989013671875;-0.000452880859375;7.27999998161977;729;100 mA
39.147905901161;-0.199920654296875;-0.00045196533203125;7.28999998159452;730;100 mA
39.1579059011358;-0.19989013671875;-0.000453796386718749;7.29999998156927;731;100 mA
39.1679059011105;-0.19989013671875;-0.00044830322265625;7.30999998154402;732;100 mA
39.1779059010853;-0.19989013671875;-0.000454101562500001;7.31999998151878;733;100 mA
39.18790590106;-0.199951171875;-0.00045501708984375;7.32999998149353;734;100 mA
39.1979059010348;-0.199951171875;-0.000452880859375;7.33999998146828;735;100 mA
39.2079059010096;-0.19989013671875;-0.000455627441406251;7.34999998144303;736;100 mA
39.2179059009843;-0.199859619140625;-0.00045013427734375;7.35999998141779;737;100 mA
39.2279059009591;-0.19989013671875;-0.0004559326171875;7.36999998139254;738;100 mA
39.2379059009338;-0.199951171875;-0.0004534912109375;7.37999998136729;739;100 mA
39.2479059009086;-0.199920654296875;-0.000451049804687501;7.38999998134204;740;100 mA
39.2579059008833;-0.19989013671875;-0.00045440673828125;7.3999999813168;741;100 mA
39.2679059008581;-0.199951171875;-0.00044677734375;7.40999998129155;742;100 mA
39.2779059008328;-0.199920654296875;-0.000452575683593751;7.4199999812663;743;100 mA
39.2879059008076;-0.199920654296875;-0.000452270507812499;7.42999998124105;744;100 mA
39.2979059007823;-0.19989013671875;-0.000451049804687501;7.43999998121581;745;100 mA
39.3079059007571;-0.199951171875;-0.00045501708984375;7.44999998119056;746;100 mA
39.3179059007318;-0.199920654296875;-0.000447692871093749;7.45999998116531;747;100 mA
39.3279059007066;-0.199859619140625;-0.000452270507812499;7.46999998114006;748;100 mA
39.3379059006813;-0.199920654296875;-0.000453796386718749;7.47999998111482;749;100 mA
39.3479059006561;-0.19989013671875;-0.00045196533203125;7.48999998108957;750;100 mA
39.3579059006308;-0.199920654296875;-0.00045501708984375;7.49999998106432;751;100 mA
39.3679059006056;-0.199859619140625;-0.000449523925781251;7.50999998103907;752;100 mA
39.3779059005803;-0.199920654296875;-0.0004547119140625;7.51999998101383;753;100 mA
39.3879059005551;-0.199920654296875;-0.000455322265624999;7.52999998098858;754;100 mA
39.3979059005298;-0.199951171875;-0.000452880859375;7.53999998096333;755;100 mA
39.4079059005046;-0.19989013671875;-0.00045501708984375;7.54999998093808;756;100 mA
39.4179059004794;-0.199920654296875;-0.0004486083984375;7.55999998091283;757;100 mA
39.4279059004541;-0.199920654296875;-0.000451049804687501;7.56999998088759;758;100 mA
39.4379059004289;-0.19989013671875;-0.00045135498046875;7.57999998086234;759;100 mA
39.4479059004036;-0.199920654296875;-0.0004498291015625;7.58999998083709;760;100 mA
39.4579059003784;-0.199951171875;-0.000454101562500001;7.59999998081184;761;100 mA
39.4679059003531;-0.199859619140625;-0.000449523925781251;7.6099999807866;762;100 mA
39.4779059003279;-0.19989013671875;-0.00045440673828125;7.61999998076135;763;100 mA
39.4879059003026;-0.199859619140625;-0.000454101562500001;7.6299999807361;764;100 mA
39.4979059002774;-0.19989013671875;-0.00045135498046875;7.63999998071085;765;100 mA
39.5079059002521;-0.199920654296875;-0.00045440673828125;7.64999998068561;766;100 mA
39.5179059002269;-0.19989013671875;-0.00044830322265625;7.65999998066036;767;100 mA
39.5279059002016;-0.199920654296875;-0.000453796386718749;7.66999998063511;768;100 mA
39.5379059001764;-0.199920654296875;-0.0004547119140625;7.67999998060986;769;100 mA
39.5479059001511;-0.19989013671875;-0.000451049804687501;7.68999998058462;770;100 mA
39.5579059001259;-0.19989013671875;-0.0004547119140625;7.69999998055937;771;100 mA
39.5679059001006;-0.199920654296875;-0.00044830322265625;7.70999998053412;772;100 mA
39.5779059000754;-0.199951171875;-0.000452270507812499;7.71999998050887;773;100 mA
39.5879059000501;-0.199951171875;-0.000451049804687501;7.72999998048363;774;100 mA
39.5979059000249;-0.199920654296875;-0.000450744628906249;7.73999998045838;775;100 mA
39.6079058999997;-0.199951171875;-0.00045318603515625;7.74999998043313;776;100 mA
39.6179058999744;-0.199920654296875;-0.000446472167968751;7.75999998040788;777;100 mA
39.6279058999492;-0.19989013671875;-0.000452880859375;7.76999998038264;778;100 mA
39.6379058999239;-0.199951171875;-0.00045196533203125;7.77999998035739;779;100 mA
39.6479058998987;-0.199951171875;-0.000450439453125;7.78999998033214;780;100 mA
39.6579058998734;-0.199859619140625;-0.00045318603515625;7.79999998030689;781;100 mA
39.6679058998482;-0.199920654296875;-0.000447998046875001;7.80999998028165;782;100 mA
39.6779058998229;-0.199859619140625;-0.000453796386718749;7.8199999802564;783;100 mA
39.6879058997977;-0.199951171875;-0.00045196533203125;7.82999998023115;784;100 mA
39.6979058997724;-0.199981689453125;-0.000451049804687501;7.8399999802059;785;100 mA
39.7079058997472;-0.199920654296875;-0.000452575683593751;7.84999998018066;786;100 mA
39.7179058997219;-0.199920654296875;-0.000445556640625;7.85999998015541;787;100 mA
39.7279058996967;-0.199920654296875;-0.00045135498046875;7.86999998013016;788;100 mA
39.7379058996714;-0.19989013671875;-0.000449218749999999;7.87999998010491;789;100 mA
39.7479058996462;-0.19989013671875;-0.00044830322265625;7.88999998007966;790;100 mA
39.7579058996209;-0.19989013671875;-0.00045318603515625;7.89999998005442;791;100 mA
39.7679058995957;-0.19989013671875;-0.00044525146484375;7.90999998002917;792;100 mA
39.7779058995704;-0.199920654296875;-0.00045166015625;7.91999998000392;793;100 mA
39.7879058995452;-0.199920654296875;-0.000452575683593751;7.92999997997867;794;100 mA
39.7979058995199;-0.19989013671875;-0.0004498291015625;7.93999997995343;795;100 mA
39.8079058994947;-0.19989013671875;-0.000452270507812499;7.94999997992818;796;100 mA
39.8179058994695;-0.199951171875;-0.000446166992187499;7.95999997990293;797;100 mA
39.8279058994442;-0.199951171875;-0.000452575683593751;7.96999997987768;798;100 mA
39.837905899419;-0.19989013671875;-0.0004534912109375;7.97999997985244;799;100 mA
39.8479058993937;-0.19989013671875;-0.000452270507812499;7.98999997982719;800;100 mA
39.8579058993685;-0.19989013671875;-0.0004534912109375;7.99999997980194;801;100 mA
39.8679058993432;-0.199920654296875;-0.0004473876953125;8.00999997977669;802;100 mA
39.877905899318;-0.199859619140625;-0.000452270507812499;8.01999997975145;803;100 mA
39.8879058992927;-0.19989013671875;-0.00045166015625;8.0299999797262;804;100 mA
39.8979058992675;-0.199859619140625;-0.000449218749999999;8.03999997970095;805;100 mA
39.9079058992422;-0.19989013671875;-0.000452880859375;8.0499999796757;806;100 mA
39.917905899217;-0.19989013671875;-0.000446166992187499;8.05999997965046;807;100 mA
39.9279058991917;-0.19989013671875;-0.000450744628906249;8.06999997962521;808;100 mA
39.9379058991665;-0.199920654296875;-0.000450744628906249;8.07999997959996;809;100 mA
39.9479058991412;-0.199951171875;-0.00044708251953125;8.08999997957471;810;100 mA
39.957905899116;-0.19989013671875;-0.00045318603515625;8.09999997954947;811;100 mA
39.9679058990907;-0.199920654296875;-0.000446166992187499;8.10999997952422;812;100 mA
39.9779058990655;-0.199951171875;-0.000452270507812499;8.11999997949897;813;100 mA
39.9879058990402;-0.199920654296875;-0.000452575683593751;8.12999997947372;814;100 mA
39.997905899015;-0.199951171875;-0.0004498291015625;8.13999997944848;815;100 mA
40.0079058989897;-0.199920654296875;-0.00045135498046875;8.14999997942323;816;100 mA
40.0179058989645;-0.199920654296875;-0.0004473876953125;8.15999997939798;817;100 mA
40.0279058989393;-0.19989013671875;-0.000450744628906249;8.16999997937273;818;100 mA
40.037905898914;-0.19989013671875;-0.000450439453125;8.17999997934749;819;100 mA
40.0479058988888;-0.19989013671875;-0.00044830322265625;8.18999997932224;820;100 mA
40.0579058988635;-0.199920654296875;-0.000452880859375;8.19999997929699;821;100 mA
40.0679058988383;-0.199920654296875;-0.0004473876953125;8.20999997927174;822;100 mA
40.077905898813;-0.19989013671875;-0.00045166015625;8.2199999792465;823;100 mA
40.0879058987878;-0.20001220703125;-0.000450744628906249;8.22999997922125;824;100 mA
40.0979058987625;-0.19989013671875;-0.0004498291015625;8.239999979196;825;100 mA
40.1079058987373;-0.199920654296875;-0.000452270507812499;8.24999997917075;826;100 mA
40.117905898712;-0.199920654296875;-0.000446472167968751;8.2599999791455;827;100 mA
40.1279058986868;-0.199920654296875;-0.00045196533203125;8.26999997912026;828;100 mA
40.1379058986615;-0.199859619140625;-0.00044891357421875;8.27999997909501;829;100 mA
40.1479058986363;-0.199920654296875;-0.000447998046875001;8.28999997906976;830;100 mA
40.157905898611;-0.199859619140625;-0.000451049804687501;8.29999997904451;831;100 mA
40.1679058985858;-0.19989013671875;-0.0004443359375;8.30999997901927;832;100 mA
40.1779058985605;-0.199920654296875;-0.00045013427734375;8.31999997899402;833;100 mA
40.1879058985353;-0.199920654296875;-0.00044891357421875;8.32999997896877;834;100 mA
40.19790589851;-0.1998291015625;-0.000447692871093749;8.33999997894352;835;100 mA
40.2079058984848;-0.199920654296875;-0.000450744628906249;8.34999997891828;836;100 mA
40.2179058984595;-0.199920654296875;-0.000446472167968751;8.35999997889303;837;100 mA
40.2279058984343;-0.199920654296875;-0.000450744628906249;8.36999997886778;838;100 mA
40.2379058984091;-0.19989013671875;-0.000450439453125;8.37999997884253;839;100 mA
40.2479058983838;-0.199920654296875;-0.00044708251953125;8.38999997881729;840;100 mA
40.2579058983586;-0.19989013671875;-0.000451049804687501;8.39999997879204;841;100 mA
40.2679058983333;-0.199920654296875;-0.0004437255859375;8.40999997876679;842;100 mA
40.2779058983081;-0.199859619140625;-0.0004498291015625;8.41999997874154;843;100 mA
40.2879058982828;-0.199951171875;-0.000449218749999999;8.4299999787163;844;100 mA
40.2979058982576;-0.199859619140625;-0.0004473876953125;8.43999997869105;845;100 mA
40.3079058982323;-0.199920654296875;-0.000452270507812499;8.4499999786658;846;100 mA
40.3179058982071;-0.199859619140625;-0.000445556640625;8.45999997864055;847;100 mA
40.3279058981818;-0.19989013671875;-0.000452270507812499;8.46999997861531;848;100 mA
40.3379058981566;-0.199920654296875;-0.000451049804687501;8.47999997859006;849;100 mA
40.3479058981313;-0.199920654296875;-0.0004473876953125;8.48999997856481;850;100 mA
40.3579058981061;-0.199859619140625;-0.000451049804687501;8.49999997853956;851;100 mA
40.3679058980808;-0.199920654296875;-0.00044525146484375;8.50999997851432;852;100 mA
40.3779058980556;-0.199920654296875;-0.0004498291015625;8.51999997848907;853;100 mA
40.3879058980303;-0.19989013671875;-0.00044891357421875;8.52999997846382;854;100 mA
40.3979058980051;-0.19989013671875;-0.000447692871093749;8.53999997843857;855;100 mA
40.4079058979798;-0.199920654296875;-0.000452270507812499;8.54999997841333;856;100 mA
40.4179058979546;-0.199920654296875;-0.000444641113281249;8.55999997838808;857;100 mA
40.4279058979293;-0.19989013671875;-0.00044891357421875;8.56999997836283;858;100 mA
40.4379058979041;-0.19989013671875;-0.00044830322265625;8.57999997833758;859;100 mA
40.4479058978789;-0.19989013671875;-0.000447692871093749;8.58999997831233;860;100 mA
40.4579058978536;-0.199920654296875;-0.000449218749999999;8.59999997828709;861;100 mA
40.4679058978284;-0.1998291015625;-0.0004443359375;8.60999997826184;862;100 mA
40.4779058978031;-0.199951171875;-0.000451049804687501;8.61999997823659;863;100 mA
40.4879058977779;-0.19989013671875;-0.00044830322265625;8.62999997821134;864;100 mA
40.4979058977526;-0.1998291015625;-0.00044677734375;8.6399999781861;865;100 mA
40.5079058977274;-0.199951171875;-0.000450439453125;8.64999997816085;866;100 mA
40.5179058977021;-0.199859619140625;-0.0004443359375;8.6599999781356;867;100 mA
40.5279058976769;-0.199920654296875;-0.000449523925781251;8.66999997811035;868;100 mA
40.5379058976516;-0.199920654296875;-0.00044891357421875;8.67999997808511;869;100 mA
40.5479058976264;-0.199920654296875;-0.00044708251953125;8.68999997805986;870;100 mA
40.5579058976011;-0.199920654296875;-0.000452575683593751;8.69999997803461;871;100 mA
40.5679058975759;-0.199859619140625;-0.000445556640625;8.70999997800936;872;100 mA
40.5779058975506;-0.199859619140625;-0.000449523925781251;8.71999997798412;873;100 mA
40.5879058975254;-0.199920654296875;-0.0004486083984375;8.72999997795887;874;100 mA
40.5979058975001;-0.199920654296875;-0.00044525146484375;8.73999997793362;875;100 mA
40.6079058974749;-0.199920654296875;-0.000449523925781251;8.74999997790837;876;100 mA
40.6179058974496;-0.19989013671875;-0.0004443359375;8.75999997788313;877;100 mA
40.6279058974244;-0.19989013671875;-0.000449523925781251;8.76999997785788;878;100 mA
40.6379058973992;-0.19989013671875;-0.0004473876953125;8.77999997783263;879;100 mA
40.6479058973739;-0.199951171875;-0.00044586181640625;8.78999997780738;880;100 mA
40.6579058973487;-0.19989013671875;-0.00044891357421875;8.79999997778214;881;100 mA
40.6679058973234;-0.199951171875;-0.00044219970703125;8.80999997775689;882;100 mA
40.6779058972982;-0.199859619140625;-0.00045013427734375;8.81999997773164;883;100 mA
40.6879058972729;-0.19989013671875;-0.0004473876953125;8.82999997770639;884;100 mA
40.6979058972477;-0.19989013671875;-0.000445556640625;8.83999997768115;885;100 mA
40.7079058972224;-0.199920654296875;-0.00044708251953125;8.8499999776559;886;100 mA
40.7179058971972;-0.199920654296875;-0.00044281005859375;8.85999997763065;887;100 mA
40.7279058971719;-0.199920654296875;-0.00044830322265625;8.8699999776054;888;100 mA
40.7379058971467;-0.199920654296875;-0.000447998046875001;8.87999997758016;889;100 mA
40.7479058971214;-0.19989013671875;-0.00044677734375;8.88999997755491;890;100 mA
40.7579058970962;-0.199859619140625;-0.000449218749999999;8.89999997752966;891;100 mA
40.7679058970709;-0.199951171875;-0.0004425048828125;8.90999997750441;892;100 mA
40.7779058970457;-0.199920654296875;-0.000447998046875001;8.91999997747916;893;100 mA
40.7879058970204;-0.1998291015625;-0.000446166992187499;8.92999997745392;894;100 mA
40.7979058969952;-0.199920654296875;-0.00044586181640625;8.93999997742867;895;100 mA
40.8079058969699;-0.19989013671875;-0.000447998046875001;8.94999997740342;896;100 mA
40.8179058969447;-0.19989013671875;-0.0004437255859375;8.95999997737817;897;100 mA
40.8279058969194;-0.199920654296875;-0.00044708251953125;8.96999997735293;898;100 mA
40.8379058968942;-0.19989013671875;-0.000446472167968751;8.97999997732768;899;100 mA
40.847905896869;-0.19989013671875;-0.00044586181640625;8.98999997730243;900;100 mA
40.8579058968437;-0.199951171875;-0.000449523925781251;8.99999997727718;901;100 mA
40.8679058968185;-0.199859619140625;-0.0004437255859375;9.00999997725194;902;100 mA
40.8779058967932;-0.19989013671875;-0.000449218749999999;9.01999997722669;903;100 mA
40.887905896768;-0.19989013671875;-0.0004473876953125;9.02999997720144;904;100 mA
40.8979058967427;-0.19989013671875;-0.000444641113281249;9.03999997717619;905;100 mA
40.9079058967175;-0.199859619140625;-0.00044830322265625;9.04999997715095;906;100 mA
40.9179058966922;-0.19989013671875;-0.0004425048828125;9.0599999771257;907;100 mA
40.927905896667;-0.199951171875;-0.00044708251953125;9.06999997710045;908;100 mA
40.9379058966417;-0.19989013671875;-0.00044677734375;9.0799999770752;909;100 mA
40.9479058966165;-0.199859619140625;-0.0004437255859375;9.08999997704996;910;100 mA
40.9579058965912;-0.199951171875;-0.00044891357421875;9.09999997702471;911;100 mA
40.967905896566;-0.199920654296875;-0.000443115234374999;9.10999997699946;912;100 mA
40.9779058965407;-0.199920654296875;-0.000449218749999999;9.11999997697421;913;100 mA
40.9879058965155;-0.199920654296875;-0.0004473876953125;9.12999997694897;914;100 mA
40.9979058964902;-0.199951171875;-0.000445556640625;9.13999997692372;915;100 mA
41.007905896465;-0.199920654296875;-0.0004486083984375;9.14999997689847;916;100 mA
41.0179058964397;-0.199981689453125;-0.000443115234374999;9.15999997687322;917;100 mA
41.0279058964145;-0.19989013671875;-0.000449218749999999;9.16999997684798;918;100 mA
41.0379058963892;-0.199981689453125;-0.000446166992187499;9.17999997682273;919;100 mA
41.047905896364;-0.199920654296875;-0.000443115234374999;9.18999997679748;920;100 mA
41.0579058963388;-0.19989013671875;-0.00044708251953125;9.19999997677223;921;100 mA
41.0679058963135;-0.199951171875;-0.0004425048828125;9.20999997674699;922;100 mA
41.0779058962883;-0.19989013671875;-0.00044830322265625;9.21999997672174;923;100 mA
41.087905896263;-0.19989013671875;-0.000445556640625;9.22999997669649;924;100 mA
41.0979058962378;-0.19989013671875;-0.000444946289062501;9.23999997667124;925;100 mA
41.1079058962125;-0.19989013671875;-0.00044708251953125;9.249999976646;926;100 mA
41.1179058961873;-0.19989013671875;-0.0004412841796875;9.25999997662075;927;100 mA
41.127905896162;-0.199920654296875;-0.000449218749999999;9.2699999765955;928;100 mA
41.1379058961368;-0.199920654296875;-0.000445556640625;9.27999997657025;929;100 mA
41.1479058961115;-0.199859619140625;-0.000443420410156251;9.289999976545;930;100 mA
41.1579058960863;-0.199920654296875;-0.000446472167968751;9.29999997651976;931;100 mA
41.167905896061;-0.199951171875;-0.00044097900390625;9.30999997649451;932;100 mA
41.1779058960358;-0.19989013671875;-0.0004486083984375;9.31999997646926;933;100 mA
41.1879058960105;-0.199859619140625;-0.0004473876953125;9.32999997644401;934;100 mA
41.1979058959853;-0.199920654296875;-0.000444641113281249;9.33999997641877;935;100 mA
41.20790589596;-0.199920654296875;-0.000449218749999999;9.34999997639352;936;100 mA
41.2179058959348;-0.199920654296875;-0.000441894531250001;9.35999997636827;937;100 mA
41.2279058959095;-0.19989013671875;-0.000447692871093749;9.36999997634302;938;100 mA
41.2379058958843;-0.199920654296875;-0.000446472167968751;9.37999997631778;939;100 mA
41.247905895859;-0.199951171875;-0.0004425048828125;9.38999997629253;940;100 mA
41.2579058958338;-0.199920654296875;-0.000445556640625;9.39999997626728;941;100 mA
41.2679058958086;-0.199859619140625;-0.00044097900390625;9.40999997624203;942;100 mA
41.2779058957833;-0.199981689453125;-0.00044708251953125;9.41999997621679;943;100 mA
41.2879058957581;-0.199859619140625;-0.000445556640625;9.42999997619154;944;100 mA
41.2979058957328;-0.19989013671875;-0.00044403076171875;9.43999997616629;945;100 mA
41.3079058957076;-0.199951171875;-0.0004473876953125;9.44999997614104;946;100 mA
41.3179058956823;-0.19989013671875;-0.0004425048828125;9.4599999761158;947;100 mA
41.3279058956571;-0.199981689453125;-0.000447998046875001;9.46999997609055;948;100 mA
41.3379058956318;-0.199920654296875;-0.00044677734375;9.4799999760653;949;100 mA
41.3479058956066;-0.19989013671875;-0.00044525146484375;9.48999997604005;950;100 mA
41.3579058955813;-0.199951171875;-0.00044891357421875;9.49999997601481;951;100 mA
41.3679058955561;-0.199920654296875;-0.000440368652343751;9.50999997598956;952;100 mA
41.3779058955308;-0.199920654296875;-0.000446166992187499;9.51999997596431;953;100 mA
41.3879058955056;-0.199951171875;-0.000444946289062501;9.52999997593906;954;100 mA
41.3979058954803;-0.199920654296875;-0.0004437255859375;9.53999997591382;955;100 mA
41.4079058954551;-0.199951171875;-0.000446472167968751;9.54999997588857;956;100 mA
41.4179058954298;-0.19989013671875;-0.0004412841796875;9.55999997586332;957;100 mA
41.4279058954046;-0.199951171875;-0.000447998046875001;9.56999997583807;958;100 mA
41.4379058953793;-0.19989013671875;-0.000447692871093749;9.57999997581283;959;100 mA
41.4479058953541;-0.199920654296875;-0.00044525146484375;9.58999997578758;960;100 mA
41.4579058953288;-0.199920654296875;-0.000449523925781251;9.59999997576233;961;100 mA
41.4679058953036;-0.199951171875;-0.0004437255859375;9.60999997573708;962;100 mA
41.4779058952784;-0.19989013671875;-0.000449218749999999;9.61999997571183;963;100 mA
41.4879058952531;-0.199951171875;-0.00044586181640625;9.62999997568659;964;100 mA
41.4979058952279;-0.199920654296875;-0.0004437255859375;9.63999997566134;965;100 mA
41.5079058952026;-0.19989013671875;-0.00044708251953125;9.64999997563609;966;100 mA
41.5179058951774;-0.19989013671875;-0.000441589355468749;9.65999997561084;967;100 mA
41.5279058951521;-0.19989013671875;-0.00044586181640625;9.6699999755856;968;100 mA
41.5379058951269;-0.199859619140625;-0.00044525146484375;9.67999997556035;969;100 mA
41.5479058951016;-0.19989013671875;-0.00044281005859375;9.6899999755351;970;100 mA
41.5579058950764;-0.19989013671875;-0.00044525146484375;9.69999997550985;971;100 mA
41.5679058950511;-0.199859619140625;-0.00043975830078125;9.70999997548461;972;100 mA
41.5779058950259;-0.199920654296875;-0.00044708251953125;9.71999997545936;973;100 mA
41.5879058950006;-0.199920654296875;-0.00044586181640625;9.72999997543411;974;100 mA
41.5979058949754;-0.199951171875;-0.000445556640625;9.73999997540886;975;100 mA
41.6079058949501;-0.199859619140625;-0.000447692871093749;9.74999997538362;976;100 mA
41.6179058949249;-0.19989013671875;-0.000441894531250001;9.75999997535837;977;100 mA
41.6279058948996;-0.19989013671875;-0.00044830322265625;9.76999997533312;978;100 mA
41.6379058948744;-0.19989013671875;-0.00044677734375;9.77999997530787;979;100 mA
41.6479058948491;-0.19989013671875;-0.0004437255859375;9.78999997528263;980;100 mA
41.6579058948239;-0.19989013671875;-0.00044708251953125;9.79999997525738;981;100 mA
41.6679058947987;-0.199920654296875;-0.00043914794921875;9.80999997523213;982;100 mA
41.6779058947734;-0.199920654296875;-0.00044677734375;9.81999997520688;983;100 mA
41.6879058947482;-0.199951171875;-0.00044525146484375;9.82999997518164;984;100 mA
41.6979058947229;-0.199920654296875;-0.0004425048828125;9.83999997515639;985;100 mA
41.7079058946977;-0.199951171875;-0.00044677734375;9.84999997513114;986;100 mA
41.7179058946724;-0.199951171875;-0.000441589355468749;9.85999997510589;987;100 mA
41.7279058946472;-0.19989013671875;-0.000449218749999999;9.86999997508065;988;100 mA
41.7379058946219;-0.19989013671875;-0.00044708251953125;9.8799999750554;989;100 mA
41.7479058945967;-0.19989013671875;-0.000443420410156251;9.88999997503015;990;100 mA
41.7579058945714;-0.199859619140625;-0.000446166992187499;9.8999999750049;991;100 mA
41.7679058945462;-0.199920654296875;-0.000441589355468749;9.90999997497966;992;100 mA
41.7779058945209;-0.19989013671875;-0.00045013427734375;9.91999997495441;993;100 mA
41.7879058944957;-0.19989013671875;-0.0004473876953125;9.92999997492916;994;100 mA
41.7979058944704;-0.19989013671875;-0.00044525146484375;9.93999997490391;995;100 mA
41.8079058944452;-0.199920654296875;-0.0004486083984375;9.94999997487866;996;100 mA
41.8179058944199;-0.199951171875;-0.00044281005859375;9.95999997485342;997;100 mA
41.8279058943947;-0.199951171875;-0.0004473876953125;9.96999997482817;998;100 mA
41.8379058943694;-0.19989013671875;-0.000446166992187499;9.97999997480292;999;100 mA
41.8479058943442;-0.199920654296875;-0.00044281005859375;9.98999997477767;1000;100 mA
41.8579058943189;-0.199859619140625;-0.000447692871093749;9.99999997475243;1001;100 mA
41.8679058942937;-0.19989013671875;-0.000441589355468749;10.0099999747272;1002;100 mA
41.8779058942685;-0.199920654296875;-0.0004486083984375;10.0199999747019;1003;100 mA
41.8879058942432;-0.199920654296875;-0.000446472167968751;10.0299999746767;1004;100 mA
41.897905894218;-0.199981689453125;-0.00044403076171875;10.0399999746514;1005;100 mA
41.9079058941927;-0.19989013671875;-0.00044708251953125;10.0499999746262;1006;100 mA
41.9179058941675;-0.199920654296875;-0.00044281005859375;10.0599999746009;1007;100 mA
41.9279058941422;-0.199920654296875;-0.000449218749999999;10.0699999745757;1008;100 mA
41.937905894117;-0.1998291015625;-0.0004473876953125;10.0799999745504;1009;100 mA
41.9479058940917;-0.19989013671875;-0.000446166992187499;10.0899999745252;1010;100 mA
41.9579058940665;-0.19989013671875;-0.000450744628906249;10.0999999745;1011;100 mA
41.9679058940412;-0.199859619140625;-0.0004437255859375;10.1099999744747;1012;100 mA
41.977905894016;-0.19989013671875;-0.000450439453125;10.1199999744495;1013;100 mA
41.9879058939907;-0.199859619140625;-0.000447998046875001;10.1299999744242;1014;100 mA
41.9979058939655;-0.199951171875;-0.000444946289062501;10.139999974399;1015;100 mA
42.0079058939402;-0.199951171875;-0.00044891357421875;10.1499999743737;1016;100 mA
42.017905893915;-0.19989013671875;-0.000441589355468749;10.1599999743485;1017;100 mA
42.0279058938897;-0.199920654296875;-0.000447692871093749;10.1699999743232;1018;100 mA
42.0379058938645;-0.199920654296875;-0.000447692871093749;10.179999974298;1019;100 mA
42.0479058938392;-0.199859619140625;-0.00044677734375;10.1899999742727;1020;100 mA
42.057905893814;-0.199859619140625;-0.000449523925781251;10.1999999742475;1021;100 mA
42.0679058937887;-0.199951171875;-0.0004412841796875;10.2099999742222;1022;100 mA
42.0779058937635;-0.19989013671875;-0.0004498291015625;10.219999974197;1023;100 mA
42.0879058937383;-0.199859619140625;-0.0004486083984375;10.2299999741717;1024;100 mA
42.097905893713;-0.199920654296875;-0.00044708251953125;10.2399999741465;1025;100 mA
42.1079058936878;-0.19989013671875;-0.00045013427734375;10.2499999741212;1026;100 mA
42.1179058936625;-0.199920654296875;-0.0004443359375;10.259999974096;1027;100 mA
42.1279058936373;-0.199920654296875;-0.000450744628906249;10.2699999740707;1028;100 mA
42.137905893612;-0.199951171875;-0.000447998046875001;10.2799999740455;1029;100 mA
42.1479058935868;-0.199920654296875;-0.000446166992187499;10.2899999740202;1030;100 mA
42.1579058935615;-0.199951171875;-0.000449523925781251;10.299999973995;1031;100 mA
42.1679058935363;-0.19989013671875;-0.0004437255859375;10.3099999739698;1032;100 mA
42.177905893511;-0.199920654296875;-0.00045013427734375;10.3199999739445;1033;100 mA
42.1879058934858;-0.199920654296875;-0.00044891357421875;10.3299999739193;1034;100 mA
42.1979058934605;-0.199951171875;-0.000447692871093749;10.339999973894;1035;100 mA
42.2079058934353;-0.199920654296875;-0.000449523925781251;10.3499999738688;1036;100 mA
42.21790589341;-0.199859619140625;-0.00044525146484375;10.3599999738435;1037;100 mA
42.2279058933848;-0.19989013671875;-0.000451049804687501;10.3699999738183;1038;100 mA
42.2379058933595;-0.19989013671875;-0.00045013427734375;10.379999973793;1039;100 mA
42.2479058933343;-0.19989013671875;-0.0004473876953125;10.3899999737678;1040;100 mA
42.257905893309;-0.199859619140625;-0.000452270507812499;10.3999999737425;1041;100 mA
42.2679058932838;-0.199951171875;-0.00044403076171875;10.4099999737173;1042;100 mA
42.2779058932585;-0.199859619140625;-0.00045135498046875;10.419999973692;1043;100 mA
42.2879058932333;-0.199951171875;-0.0004498291015625;10.4299999736668;1044;100 mA
42.2979058932081;-0.199951171875;-0.000447998046875001;10.4399999736415;1045;100 mA
42.3079058931828;-0.199920654296875;-0.00045135498046875;10.4499999736163;1046;100 mA
42.3179058931576;-0.199859619140625;-0.00044830322265625;10.459999973591;1047;100 mA
42.3279058931323;-0.199859619140625;-0.0004547119140625;10.4699999735658;1048;100 mA
42.3379058931071;-0.199859619140625;-0.00045196533203125;10.4799999735405;1049;100 mA
42.3479058930818;-0.199859619140625;-0.000449523925781251;10.4899999735153;1050;100 mA
42.3579058930566;-0.19989013671875;-0.00045196533203125;10.49999997349;1051;100 mA
42.3679058930313;-0.199920654296875;-0.000446166992187499;10.5099999734648;1052;100 mA
42.3779058930061;-0.199920654296875;-0.0004534912109375;10.5199999734396;1053;100 mA
42.3879058929808;-0.199859619140625;-0.00045196533203125;10.5299999734143;1054;100 mA
42.3979058929556;-0.19989013671875;-0.0004486083984375;10.5399999733891;1055;100 mA
42.4079058929303;-0.199859619140625;-0.00045166015625;10.5499999733638;1056;100 mA
42.4179058929051;-0.199920654296875;-0.00044677734375;10.5599999733386;1057;100 mA
42.4279058928798;-0.199951171875;-0.00045196533203125;10.5699999733133;1058;100 mA
42.4379058928546;-0.19989013671875;-0.00045166015625;10.5799999732881;1059;100 mA
42.4479058928293;-0.199798583984375;-0.000449523925781251;10.5899999732628;1060;100 mA
42.4579058928041;-0.199981689453125;-0.00045196533203125;10.5999999732376;1061;100 mA
42.4679058927788;-0.199951171875;-0.0004473876953125;10.6099999732123;1062;100 mA
42.4779058927536;-0.199859619140625;-0.000454101562500001;10.6199999731871;1063;100 mA
42.4879058927283;-0.199920654296875;-0.00045166015625;10.6299999731618;1064;100 mA
42.4979058927031;-0.19989013671875;-0.000449218749999999;10.6399999731366;1065;100 mA
42.5079058926779;-0.199920654296875;-0.0004547119140625;10.6499999731113;1066;100 mA
42.5179058926526;-0.19989013671875;-0.000447998046875001;10.6599999730861;1067;100 mA
42.5279058926274;-0.19989013671875;-0.00045440673828125;10.6699999730608;1068;100 mA
42.5379058926021;-0.19989013671875;-0.00045318603515625;10.6799999730356;1069;100 mA
42.5479058925769;-0.199920654296875;-0.0004498291015625;10.6899999730103;1070;100 mA
42.5579058925516;-0.19989013671875;-0.00045166015625;10.6999999729851;1071;100 mA
42.5679058925264;-0.199981689453125;-0.00044708251953125;10.7099999729598;1072;100 mA
42.5779058925011;-0.199798583984375;-0.000454101562500001;10.7199999729346;1073;100 mA
42.5879058924759;-0.19989013671875;-0.00045135498046875;10.7299999729094;1074;100 mA
42.5979058924506;-0.199951171875;-0.000449218749999999;10.7399999728841;1075;100 mA
42.6079058924254;-0.199920654296875;-0.000451049804687501;10.7499999728589;1076;100 mA
42.6179058924001;-0.199920654296875;-0.000446472167968751;10.7599999728336;1077;100 mA
42.6279058923749;-0.199859619140625;-0.000452575683593751;10.7699999728084;1078;100 mA
42.6379058923496;-0.199859619140625;-0.00045166015625;10.7799999727831;1079;100 mA
42.6479058923244;-0.19989013671875;-0.000449218749999999;10.7899999727579;1080;100 mA
42.6579058922991;-0.19989013671875;-0.000452575683593751;10.7999999727326;1081;100 mA
42.6679058922739;-0.1998291015625;-0.000447692871093749;10.8099999727074;1082;100 mA
42.6779058922486;-0.199859619140625;-0.000455322265624999;10.8199999726821;1083;100 mA
42.6879058922234;-0.19989013671875;-0.00045013427734375;10.8299999726569;1084;100 mA
42.6979058921982;-0.199920654296875;-0.0004498291015625;10.8399999726316;1085;100 mA
42.7079058921729;-0.19989013671875;-0.000452880859375;10.8499999726064;1086;100 mA
42.7179058921477;-0.19989013671875;-0.00044708251953125;10.8599999725811;1087;100 mA
42.7279058921224;-0.199951171875;-0.000454101562500001;10.8699999725559;1088;100 mA
42.7379058920972;-0.199951171875;-0.00045318603515625;10.8799999725306;1089;100 mA
42.7479058920719;-0.19989013671875;-0.00044830322265625;10.8899999725054;1090;100 mA
42.7579058920467;-0.19989013671875;-0.00045196533203125;10.8999999724801;1091;100 mA
42.7679058920214;-0.199920654296875;-0.000446472167968751;10.9099999724549;1092;100 mA
42.7779058919962;-0.199859619140625;-0.000453796386718749;10.9199999724297;1093;100 mA
42.7879058919709;-0.199920654296875;-0.00045166015625;10.9299999724044;1094;100 mA
42.7979058919457;-0.19989013671875;-0.000449218749999999;10.9399999723792;1095;100 mA
42.8079058919204;-0.19989013671875;-0.000452880859375;10.9499999723539;1096;100 mA
42.8179058918952;-0.19989013671875;-0.0004473876953125;10.9599999723287;1097;100 mA
42.8279058918699;-0.19989013671875;-0.0004534912109375;10.9699999723034;1098;100 mA
42.8379058918447;-0.19989013671875;-0.000452270507812499;10.9799999722782;1099;100 mA
42.8479058918194;-0.19989013671875;-0.0004486083984375;10.9899999722529;1100;100 mA
42.8579058917942;-0.199920654296875;-0.00045166015625;10.9999999722277;1101;100 mA
42.8679058917689;-0.199859619140625;-0.000446472167968751;11.0099999722024;1102;100 mA
42.8779058917437;-0.199920654296875;-0.000452270507812499;11.0199999721772;1103;100 mA
42.8879058917184;-0.19989013671875;-0.000450439453125;11.0299999721519;1104;100 mA
42.8979058916932;-0.199920654296875;-0.000447692871093749;11.0399999721267;1105;100 mA
42.907905891668;-0.199920654296875;-0.00045166015625;11.0499999721014;1106;100 mA
42.9179058916427;-0.19989013671875;-0.000446166992187499;11.0599999720762;1107;100 mA
42.9279058916175;-0.199920654296875;-0.000454101562500001;11.0699999720509;1108;100 mA
42.9379058915922;-0.19989013671875;-0.00045196533203125;11.0799999720257;1109;100 mA
42.947905891567;-0.199920654296875;-0.0004486083984375;11.0899999720004;1110;100 mA
42.9579058915417;-0.19989013671875;-0.000452270507812499;11.0999999719752;1111;100 mA
42.9679058915165;-0.19989013671875;-0.000446166992187499;11.1099999719499;1112;100 mA
42.9779058914912;-0.199951171875;-0.000452270507812499;11.1199999719247;1113;100 mA
42.987905891466;-0.199920654296875;-0.000449523925781251;11.1299999718995;1114;100 mA
42.9979058914407;-0.19989013671875;-0.000447692871093749;11.1399999718742;1115;100 mA
43.0079058914155;-0.199920654296875;-0.000451049804687501;11.149999971849;1116;100 mA
43.0179058913902;-0.19989013671875;-0.000446166992187499;11.1599999718237;1117;100 mA
43.027905891365;-0.199920654296875;-0.000452575683593751;11.1699999717985;1118;100 mA
43.0379058913397;-0.19989013671875;-0.000451049804687501;11.1799999717732;1119;100 mA
43.0479058913145;-0.199951171875;-0.00044830322265625;11.189999971748;1120;100 mA
43.0579058912892;-0.199859619140625;-0.000450744628906249;11.1999999717227;1121;100 mA
43.067905891264;-0.199951171875;-0.000445556640625;11.2099999716975;1122;100 mA
43.0779058912387;-0.199920654296875;-0.000452575683593751;11.2199999716722;1123;100 mA
43.0879058912135;-0.199951171875;-0.000449218749999999;11.229999971647;1124;100 mA
43.0979058911882;-0.199920654296875;-0.0004473876953125;11.2399999716217;1125;100 mA
43.107905891163;-0.199859619140625;-0.00045013427734375;11.2499999715965;1126;100 mA
43.1179058911378;-0.199951171875;-0.0004443359375;11.2599999715712;1127;100 mA
43.1279058911125;-0.19989013671875;-0.000452575683593751;11.269999971546;1128;100 mA
43.1379058910873;-0.19989013671875;-0.00044891357421875;11.2799999715207;1129;100 mA
43.147905891062;-0.199920654296875;-0.000447998046875001;11.2899999714955;1130;100 mA
43.1579058910368;-0.19989013671875;-0.000450744628906249;11.2999999714702;1131;100 mA
43.1679058910115;-0.199951171875;-0.000444946289062501;11.309999971445;1132;100 mA
43.1779058909863;-0.19989013671875;-0.000452880859375;11.3199999714197;1133;100 mA
43.187905890961;-0.199859619140625;-0.000449218749999999;11.3299999713945;1134;100 mA
43.1979058909358;-0.199920654296875;-0.00044830322265625;11.3399999713693;1135;100 mA
43.2079058909105;-0.199920654296875;-0.00045135498046875;11.349999971344;1136;100 mA
43.2179058908853;-0.199859619140625;-0.00044525146484375;11.3599999713188;1137;100 mA
43.22790589086;-0.19989013671875;-0.000452270507812499;11.3699999712935;1138;100 mA
43.2379058908348;-0.199951171875;-0.00044830322265625;11.3799999712683;1139;100 mA
43.2479058908095;-0.19989013671875;-0.000445556640625;11.389999971243;1140;100 mA
43.2579058907843;-0.199981689453125;-0.0004498291015625;11.3999999712178;1141;100 mA
43.267905890759;-0.19989013671875;-0.000445556640625;11.4099999711925;1142;100 mA
43.2779058907338;-0.199859619140625;-0.000452270507812499;11.4199999711673;1143;100 mA
43.2879058907085;-0.199859619140625;-0.00045013427734375;11.429999971142;1144;100 mA
43.2979058906833;-0.199859619140625;-0.0004486083984375;11.4399999711168;1145;100 mA
43.307905890658;-0.19989013671875;-0.000451049804687501;11.4499999710915;1146;100 mA
43.3179058906328;-0.199951171875;-0.000445556640625;11.4599999710663;1147;100 mA
43.3279058906076;-0.199951171875;-0.000452270507812499;11.469999971041;1148;100 mA
43.3379058905823;-0.199981689453125;-0.0004498291015625;11.4799999710158;1149;100 mA
43.3479058905571;-0.19989013671875;-0.00044677734375;11.4899999709905;1150;100 mA
43.3579058905318;-0.199920654296875;-0.00045135498046875;11.4999999709653;1151;100 mA
43.3679058905066;-0.199920654296875;-0.000446166992187499;11.50999997094;1152;100 mA
43.3779058904813;-0.199859619140625;-0.000452575683593751;11.5199999709148;1153;100 mA
43.3879058904561;-0.19989013671875;-0.000450439453125;11.5299999708895;1154;100 mA
43.3979058904308;-0.199951171875;-0.000449218749999999;11.5399999708643;1155;100 mA
43.4079058904056;-0.199951171875;-0.000452270507812499;11.5499999708391;1156;100 mA
43.4179058903803;-0.199920654296875;-0.00044586181640625;11.5599999708138;1157;100 mA
43.4279058903551;-0.19989013671875;-0.00045318603515625;11.5699999707886;1158;100 mA
43.4379058903298;-0.199859619140625;-0.000450439453125;11.5799999707633;1159;100 mA
43.4479058903046;-0.199859619140625;-0.00044708251953125;11.5899999707381;1160;100 mA
43.4579058902793;-0.199920654296875;-0.0004498291015625;11.5999999707128;1161;100 mA
43.4679058902541;-0.199920654296875;-0.00044677734375;11.6099999706876;1162;100 mA
43.4779058902288;-0.19989013671875;-0.000452575683593751;11.6199999706623;1163;100 mA
43.4879058902036;-0.199920654296875;-0.0004486083984375;11.6299999706371;1164;100 mA
43.4979058901783;-0.19989013671875;-0.000447998046875001;11.6399999706118;1165;100 mA
43.5079058901531;-0.199920654296875;-0.000451049804687501;11.6499999705866;1166;100 mA
43.5179058901278;-0.199920654296875;-0.000444641113281249;11.6599999705613;1167;100 mA
43.5279058901026;-0.199859619140625;-0.00045318603515625;11.6699999705361;1168;100 mA
43.5379058900774;-0.199859619140625;-0.00044891357421875;11.6799999705108;1169;100 mA
43.5479058900521;-0.199920654296875;-0.00044708251953125;11.6899999704856;1170;100 mA
43.5579058900269;-0.199920654296875;-0.000450439453125;11.6999999704603;1171;100 mA
43.5679058900016;-0.19989013671875;-0.000446166992187499;11.7099999704351;1172;100 mA
43.5779058899764;-0.199920654296875;-0.0004534912109375;11.7199999704098;1173;100 mA
43.5879058899511;-0.199920654296875;-0.00044830322265625;11.7299999703846;1174;100 mA
43.5979058899259;-0.19989013671875;-0.00044830322265625;11.7399999703593;1175;100 mA
43.6079058899006;-0.19989013671875;-0.000451049804687501;11.7499999703341;1176;100 mA
43.6179058898754;-0.199920654296875;-0.00044525146484375;11.7599999703089;1177;100 mA
43.6279058898501;-0.199920654296875;-0.000452575683593751;11.7699999702836;1178;100 mA
43.6379058898249;-0.199920654296875;-0.000451049804687501;11.7799999702584;1179;100 mA
43.6479058897996;-0.19989013671875;-0.000447692871093749;11.7899999702331;1180;100 mA
43.6579058897744;-0.199920654296875;-0.00045135498046875;11.7999999702079;1181;100 mA
43.6679058897491;-0.199859619140625;-0.000445556640625;11.8099999701826;1182;100 mA
43.6779058897239;-0.19989013671875;-0.0004534912109375;11.8199999701574;1183;100 mA
43.6879058896986;-0.199859619140625;-0.000450744628906249;11.8299999701321;1184;100 mA
43.6979058896734;-0.199920654296875;-0.00044891357421875;11.8399999701069;1185;100 mA
43.7079058896481;-0.19989013671875;-0.000451049804687501;11.8499999700816;1186;100 mA
43.7179058896229;-0.19989013671875;-0.000446472167968751;11.8599999700564;1187;100 mA
43.7279058895977;-0.199859619140625;-0.000453796386718749;11.8699999700311;1188;100 mA
43.7379058895724;-0.199859619140625;-0.000452270507812499;11.8799999700059;1189;100 mA
43.7479058895472;-0.199920654296875;-0.000449218749999999;11.8899999699806;1190;100 mA
43.7579058895219;-0.19989013671875;-0.000450439453125;11.8999999699554;1191;100 mA
43.7679058894967;-0.199920654296875;-0.000444641113281249;11.9099999699301;1192;100 mA
43.7779058894714;-0.199859619140625;-0.0004534912109375;11.9199999699049;1193;100 mA
43.7879058894462;-0.19989013671875;-0.0004486083984375;11.9299999698796;1194;100 mA
43.7979058894209;-0.19989013671875;-0.00044830322265625;11.9399999698544;1195;100 mA
43.8079058893957;-0.199920654296875;-0.000450744628906249;11.9499999698292;1196;100 mA
43.8179058893704;-0.199920654296875;-0.0004443359375;11.9599999698039;1197;100 mA
43.8279058893452;-0.19989013671875;-0.00045135498046875;11.9699999697787;1198;100 mA
43.8379058893199;-0.199859619140625;-0.0004498291015625;11.9799999697534;1199;100 mA
43.8479058892947;-0.19989013671875;-0.00044830322265625;11.9899999697282;1200;100 mA
43.8579058892694;-0.199951171875;-0.00045013427734375;11.9999999697029;1201;100 mA
43.8679058892442;-0.19989013671875;-0.000446166992187499;12.0099999696777;1202;100 mA
43.8779058892189;-0.199859619140625;-0.0004534912109375;12.0199999696524;1203;100 mA
43.8879058891937;-0.199859619140625;-0.000450439453125;12.0299999696272;1204;100 mA
43.8979058891684;-0.199920654296875;-0.000449523925781251;12.0399999696019;1205;100 mA
43.9079058891432;-0.199920654296875;-0.00045196533203125;12.0499999695767;1206;100 mA
43.9179058891179;-0.199920654296875;-0.000446166992187499;12.0599999695514;1207;100 mA
43.9279058890927;-0.19989013671875;-0.00045196533203125;12.0699999695262;1208;100 mA
43.9379058890675;-0.199951171875;-0.0004486083984375;12.0799999695009;1209;100 mA
43.9479058890422;-0.19989013671875;-0.0004486083984375;12.0899999694757;1210;100 mA
43.957905889017;-0.19989013671875;-0.000450439453125;12.0999999694504;1211;100 mA
43.9679058889917;-0.199951171875;-0.0004443359375;12.1099999694252;1212;100 mA
43.9779058889665;-0.19989013671875;-0.00045318603515625;12.1199999693999;1213;100 mA
43.9879058889412;-0.199859619140625;-0.000449523925781251;12.1299999693747;1214;100 mA
43.997905888916;-0.19989013671875;-0.00044708251953125;12.1399999693494;1215;100 mA
44.0079058888907;-0.19989013671875;-0.000451049804687501;12.1499999693242;1216;100 mA
44.0179058888655;-0.199951171875;-0.000445556640625;12.159999969299;1217;100 mA
44.0279058888402;-0.19989013671875;-0.00045318603515625;12.1699999692737;1218;100 mA
44.037905888815;-0.19989013671875;-0.000451049804687501;12.1799999692485;1219;100 mA
44.0479058887897;-0.19989013671875;-0.000447998046875001;12.1899999692232;1220;100 mA
44.0579058887645;-0.19989013671875;-0.00045166015625;12.199999969198;1221;100 mA
44.0679058887392;-0.199951171875;-0.000446166992187499;12.2099999691727;1222;100 mA
44.077905888714;-0.199920654296875;-0.00045166015625;12.2199999691475;1223;100 mA
44.0879058886887;-0.199859619140625;-0.000449523925781251;12.2299999691222;1224;100 mA
44.0979058886635;-0.199859619140625;-0.00044830322265625;12.239999969097;1225;100 mA
44.1079058886382;-0.199920654296875;-0.0004498291015625;12.2499999690717;1226;100 mA
44.117905888613;-0.199981689453125;-0.000444946289062501;12.2599999690465;1227;100 mA
44.1279058885877;-0.199920654296875;-0.000452880859375;12.2699999690212;1228;100 mA
44.1379058885625;-0.19989013671875;-0.000449218749999999;12.279999968996;1229;100 mA
44.1479058885373;-0.19989013671875;-0.00044891357421875;12.2899999689707;1230;100 mA
44.157905888512;-0.199859619140625;-0.00045166015625;12.2999999689455;1231;100 mA
44.1679058884868;-0.199920654296875;-0.000446166992187499;12.3099999689202;1232;100 mA
44.1779058884615;-0.199951171875;-0.0004534912109375;12.319999968895;1233;100 mA
44.1879058884363;-0.1998291015625;-0.000450744628906249;12.3299999688697;1234;100 mA
44.197905888411;-0.19989013671875;-0.000449523925781251;12.3399999688445;1235;100 mA
44.2079058883858;-0.19989013671875;-0.00045166015625;12.3499999688192;1236;100 mA
44.2179058883605;-0.199920654296875;-0.00044708251953125;12.359999968794;1237;100 mA
44.2279058883353;-0.199951171875;-0.000453796386718749;12.3699999687688;1238;100 mA
44.23790588831;-0.19989013671875;-0.000450744628906249;12.3799999687435;1239;100 mA
44.2479058882848;-0.19989013671875;-0.00044891357421875;12.3899999687183;1240;100 mA
44.2579058882595;-0.199981689453125;-0.00045166015625;12.399999968693;1241;100 mA
44.2679058882343;-0.199951171875;-0.00044677734375;12.4099999686678;1242;100 mA
44.277905888209;-0.199859619140625;-0.0004534912109375;12.4199999686425;1243;100 mA
44.2879058881838;-0.199920654296875;-0.00045013427734375;12.4299999686173;1244;100 mA
44.2979058881585;-0.199920654296875;-0.000449218749999999;12.439999968592;1245;100 mA
44.3079058881333;-0.19989013671875;-0.00045196533203125;12.4499999685668;1246;100 mA
44.317905888108;-0.199920654296875;-0.000445556640625;12.4599999685415;1247;100 mA
44.3279058880828;-0.19989013671875;-0.0004534912109375;12.4699999685163;1248;100 mA
44.3379058880575;-0.19989013671875;-0.000451049804687501;12.479999968491;1249;100 mA
44.3479058880323;-0.199920654296875;-0.00044830322265625;12.4899999684658;1250;100 mA
44.3579058880071;-0.199859619140625;-0.00045196533203125;12.4999999684405;1251;100 mA
44.3679058879818;-0.19989013671875;-0.00044677734375;12.5099999684153;1252;100 mA
44.3779058879566;-0.19989013671875;-0.00045318603515625;12.51999996839;1253;100 mA
44.3879058879313;-0.199859619140625;-0.000451049804687501;12.5299999683648;1254;100 mA
44.3979058879061;-0.19989013671875;-0.000449218749999999;12.5399999683395;1255;100 mA
44.4079058878808;-0.199920654296875;-0.000452880859375;12.5499999683143;1256;100 mA
44.4179058878556;-0.199951171875;-0.00044677734375;12.559999968289;1257;100 mA
44.4279058878303;-0.199920654296875;-0.0004547119140625;12.5699999682638;1258;100 mA
44.4379058878051;-0.19989013671875;-0.0004498291015625;12.5799999682386;1259;100 mA
44.4479058877798;-0.19989013671875;-0.000449218749999999;12.5899999682133;1260;100 mA
44.4579058877546;-0.199920654296875;-0.00045166015625;12.5999999681881;1261;100 mA
44.4679058877293;-0.19989013671875;-0.000446472167968751;12.6099999681628;1262;100 mA
44.4779058877041;-0.199920654296875;-0.0004534912109375;12.6199999681376;1263;100 mA
44.4879058876788;-0.19989013671875;-0.00045166015625;12.6299999681123;1264;100 mA
44.4979058876536;-0.199859619140625;-0.000450439453125;12.6399999680871;1265;100 mA
44.5079058876283;-0.199859619140625;-0.0004534912109375;12.6499999680618;1266;100 mA
44.5179058876031;-0.199920654296875;-0.000447692871093749;12.6599999680366;1267;100 mA
44.5279058875778;-0.1998291015625;-0.00045440673828125;12.6699999680113;1268;100 mA
44.5379058875526;-0.19989013671875;-0.00045013427734375;12.6799999679861;1269;100 mA
44.5479058875273;-0.199859619140625;-0.00045013427734375;12.6899999679608;1270;100 mA
44.5579058875021;-0.199920654296875;-0.00045135498046875;12.6999999679356;1271;100 mA
44.5679058874769;-0.19989013671875;-0.000449218749999999;12.7099999679103;1272;100 mA
44.5779058874516;-0.199859619140625;-0.000455322265624999;12.7199999678851;1273;100 mA
44.5879058874264;-0.199951171875;-0.00045196533203125;12.7299999678598;1274;100 mA
44.5979058874011;-0.199920654296875;-0.000449218749999999;12.7399999678346;1275;100 mA
44.6079058873759;-0.199920654296875;-0.00045196533203125;12.7499999678093;1276;100 mA
44.6179058873506;-0.199920654296875;-0.000447998046875001;12.7599999677841;1277;100 mA
44.6279058873254;-0.19989013671875;-0.000453796386718749;12.7699999677588;1278;100 mA
44.6379058873001;-0.19989013671875;-0.00045196533203125;12.7799999677336;1279;100 mA
44.6479058872749;-0.199920654296875;-0.0004486083984375;12.7899999677084;1280;100 mA
44.6579058872496;-0.19989013671875;-0.00045166015625;12.7999999676831;1281;100 mA
44.6679058872244;-0.199859619140625;-0.000446472167968751;12.8099999676579;1282;100 mA
44.6779058871991;-0.199859619140625;-0.000454101562500001;12.8199999676326;1283;100 mA
44.6879058871739;-0.199859619140625;-0.000449218749999999;12.8299999676074;1284;100 mA
44.6979058871486;-0.199859619140625;-0.000449218749999999;12.8399999675821;1285;100 mA
44.7079058871234;-0.19989013671875;-0.000452880859375;12.8499999675569;1286;100 mA
44.7179058870981;-0.199920654296875;-0.00044677734375;12.8599999675316;1287;100 mA
44.7279058870729;-0.199951171875;-0.00045440673828125;12.8699999675064;1288;100 mA
44.7379058870476;-0.199920654296875;-0.000450744628906249;12.8799999674811;1289;100 mA
44.7479058870224;-0.199920654296875;-0.000450439453125;12.8899999674559;1290;100 mA
44.7579058869972;-0.19989013671875;-0.0004534912109375;12.8999999674306;1291;100 mA
44.7679058869719;-0.19989013671875;-0.000447692871093749;12.9099999674054;1292;100 mA
44.7779058869467;-0.199920654296875;-0.00045318603515625;12.9199999673801;1293;100 mA
44.7879058869214;-0.199920654296875;-0.000449218749999999;12.9299999673549;1294;100 mA
44.7979058868962;-0.199920654296875;-0.000449218749999999;12.9399999673296;1295;100 mA
44.8079058868709;-0.199920654296875;-0.00045196533203125;12.9499999673044;1296;100 mA
44.8179058868457;-0.199920654296875;-0.000447998046875001;12.9599999672791;1297;100 mA
44.8279058868204;-0.199951171875;-0.000455627441406251;12.9699999672539;1298;100 mA
44.8379058867952;-0.19989013671875;-0.000452270507812499;12.9799999672287;1299;100 mA
44.8479058867699;-0.199859619140625;-0.000451049804687501;12.9899999672034;1300;100 mA
44.8579058867447;-0.199859619140625;-0.0004534912109375;12.9999999671782;1301;100 mA
44.8679058867194;-0.199920654296875;-0.0004473876953125;13.0099999671529;1302;100 mA
44.8779058866942;-0.199859619140625;-0.000455322265624999;13.0199999671277;1303;100 mA
44.8879058866689;-0.199920654296875;-0.000450744628906249;13.0299999671024;1304;100 mA
44.8979058866437;-0.19989013671875;-0.00045166015625;13.0399999670772;1305;100 mA
44.9079058866184;-0.199951171875;-0.000452880859375;13.0499999670519;1306;100 mA
44.9179058865932;-0.199951171875;-0.00044891357421875;13.0599999670267;1307;100 mA
44.9279058865679;-0.199920654296875;-0.000455627441406251;13.0699999670014;1308;100 mA
44.9379058865427;-0.199981689453125;-0.00045166015625;13.0799999669762;1309;100 mA
44.9479058865174;-0.199951171875;-0.000449218749999999;13.0899999669509;1310;100 mA
44.9579058864922;-0.199951171875;-0.0004534912109375;13.0999999669257;1311;100 mA
44.967905886467;-0.199859619140625;-0.000449218749999999;13.1099999669004;1312;100 mA
44.9779058864417;-0.19989013671875;-0.00045501708984375;13.1199999668752;1313;100 mA
44.9879058864165;-0.199920654296875;-0.0004534912109375;13.1299999668499;1314;100 mA
44.9979058863912;-0.199951171875;-0.000451049804687501;13.1399999668247;1315;100 mA
45.007905886366;-0.19989013671875;-0.000452270507812499;13.1499999667994;1316;100 mA
45.0179058863407;-0.19989013671875;-0.000449218749999999;13.1599999667742;1317;100 mA
45.0279058863155;-0.1998291015625;-0.0004559326171875;13.1699999667489;1318;100 mA
45.0379058862902;-0.199920654296875;-0.000452270507812499;13.1799999667237;1319;100 mA
45.047905886265;-0.19989013671875;-0.0004498291015625;13.1899999666985;1320;100 mA
45.0579058862397;-0.199920654296875;-0.000452270507812499;13.1999999666732;1321;100 mA
45.0679058862145;-0.199920654296875;-0.0004486083984375;13.209999966648;1322;100 mA
45.0779058861892;-0.199920654296875;-0.000454101562500001;13.2199999666227;1323;100 mA
45.087905886164;-0.19989013671875;-0.00045135498046875;13.2299999665975;1324;100 mA
45.0979058861387;-0.19989013671875;-0.00045135498046875;13.2399999665722;1325;100 mA
45.1079058861135;-0.199981689453125;-0.000452880859375;13.249999966547;1326;100 mA
45.1179058860882;-0.199920654296875;-0.0004486083984375;13.2599999665217;1327;100 mA
45.127905886063;-0.199951171875;-0.00045501708984375;13.2699999664965;1328;100 mA
45.1379058860377;-0.199920654296875;-0.000452575683593751;13.2799999664712;1329;100 mA
45.1479058860125;-0.19989013671875;-0.00045135498046875;13.289999966446;1330;100 mA
45.1579058859872;-0.199859619140625;-0.00045440673828125;13.2999999664207;1331;100 mA
45.167905885962;-0.199920654296875;-0.00044891357421875;13.3099999663955;1332;100 mA
45.1779058859368;-0.199981689453125;-0.00045501708984375;13.3199999663702;1333;100 mA
45.1879058859115;-0.199920654296875;-0.000450744628906249;13.329999966345;1334;100 mA
45.1979058858863;-0.199951171875;-0.00045013427734375;13.3399999663197;1335;100 mA
45.207905885861;-0.19989013671875;-0.00045166015625;13.3499999662945;1336;100 mA
45.2179058858358;-0.199951171875;-0.00044891357421875;13.3599999662692;1337;100 mA
45.2279058858105;-0.199920654296875;-0.000454101562500001;13.369999966244;1338;100 mA
45.2379058857853;-0.19989013671875;-0.000451049804687501;13.3799999662187;1339;100 mA
45.24790588576;-0.199951171875;-0.000449523925781251;13.3899999661935;1340;100 mA
45.2579058857348;-0.199920654296875;-0.000453796386718749;13.3999999661683;1341;100 mA
45.2679058857095;-0.199920654296875;-0.00044891357421875;13.409999966143;1342;100 mA
45.2779058856843;-0.199951171875;-0.00045501708984375;13.4199999661178;1343;100 mA
45.287905885659;-0.19989013671875;-0.000450744628906249;13.4299999660925;1344;100 mA
45.2979058856338;-0.199920654296875;-0.00045135498046875;13.4399999660673;1345;100 mA
45.3079058856085;-0.19989013671875;-0.000452575683593751;13.449999966042;1346;100 mA
45.3179058855833;-0.199920654296875;-0.00044830322265625;13.4599999660168;1347;100 mA
45.327905885558;-0.199951171875;-0.000455627441406251;13.4699999659915;1348;100 mA
45.3379058855328;-0.199951171875;-0.000452270507812499;13.4799999659663;1349;100 mA
45.3479058855075;-0.199859619140625;-0.000451049804687501;13.489999965941;1350;100 mA
45.3579058854823;-0.19989013671875;-0.0004534912109375;13.4999999659158;1351;100 mA
45.367905885457;-0.199920654296875;-0.0004486083984375;13.5099999658905;1352;100 mA
45.3779058854318;-0.19989013671875;-0.000455627441406251;13.5199999658653;1353;100 mA
45.3879058854066;-0.199920654296875;-0.00045135498046875;13.52999996584;1354;100 mA
45.3979058853813;-0.199920654296875;-0.000449523925781251;13.5399999658148;1355;100 mA
45.4079058853561;-0.199920654296875;-0.000452575683593751;13.5499999657895;1356;100 mA
45.4179058853308;-0.199951171875;-0.0004473876953125;13.5599999657643;1357;100 mA
45.4279058853056;-0.199859619140625;-0.000455322265624999;13.569999965739;1358;100 mA
45.4379058852803;-0.19989013671875;-0.000452575683593751;13.5799999657138;1359;100 mA
45.4479058852551;-0.199859619140625;-0.000449523925781251;13.5899999656885;1360;100 mA
45.4579058852298;-0.199920654296875;-0.000452575683593751;13.5999999656633;1361;100 mA
45.4679058852046;-0.19989013671875;-0.0004486083984375;13.6099999656381;1362;100 mA
45.4779058851793;-0.199920654296875;-0.0004547119140625;13.6199999656128;1363;100 mA
45.4879058851541;-0.199920654296875;-0.000451049804687501;13.6299999655876;1364;100 mA
45.4979058851288;-0.199859619140625;-0.000449523925781251;13.6399999655623;1365;100 mA
45.5079058851036;-0.199859619140625;-0.0004534912109375;13.6499999655371;1366;100 mA
45.5179058850783;-0.19989013671875;-0.0004486083984375;13.6599999655118;1367;100 mA
45.5279058850531;-0.199920654296875;-0.00045440673828125;13.6699999654866;1368;100 mA
45.5379058850278;-0.199859619140625;-0.00045196533203125;13.6799999654613;1369;100 mA
45.5479058850026;-0.199951171875;-0.00044891357421875;13.6899999654361;1370;100 mA
45.5579058849773;-0.19989013671875;-0.000452575683593751;13.6999999654108;1371;100 mA
45.5679058849521;-0.199920654296875;-0.0004486083984375;13.7099999653856;1372;100 mA
45.5779058849268;-0.199920654296875;-0.0004547119140625;13.7199999653603;1373;100 mA
45.5879058849016;-0.199951171875;-0.000449523925781251;13.7299999653351;1374;100 mA
45.5979058848764;-0.19989013671875;-0.000450439453125;13.7399999653098;1375;100 mA
45.6079058848511;-0.199951171875;-0.000452880859375;13.7499999652846;1376;100 mA
45.6179058848259;-0.199951171875;-0.0004473876953125;13.7599999652593;1377;100 mA
45.6279058848006;-0.199951171875;-0.00045318603515625;13.7699999652341;1378;100 mA
45.6379058847754;-0.199920654296875;-0.000450744628906249;13.7799999652088;1379;100 mA
45.6479058847501;-0.19989013671875;-0.000450744628906249;13.7899999651836;1380;100 mA
45.6579058847249;-0.199859619140625;-0.000454101562500001;13.7999999651583;1381;100 mA
45.6679058846996;-0.199920654296875;-0.00044708251953125;13.8099999651331;1382;100 mA
45.6779058846744;-0.199920654296875;-0.000452880859375;13.8199999651079;1383;100 mA
45.6879058846491;-0.199951171875;-0.00045013427734375;13.8299999650826;1384;100 mA
45.6979058846239;-0.199920654296875;-0.000447998046875001;13.8399999650574;1385;100 mA
45.7079058845986;-0.19989013671875;-0.00045135498046875;13.8499999650321;1386;100 mA
45.7179058845734;-0.199920654296875;-0.000447998046875001;13.8599999650069;1387;100 mA
45.7279058845481;-0.199920654296875;-0.0004547119140625;13.8699999649816;1388;100 mA
45.7379058845229;-0.199920654296875;-0.000450439453125;13.8799999649564;1389;100 mA
45.7479058844976;-0.199951171875;-0.0004486083984375;13.8899999649311;1390;100 mA
45.7579058844724;-0.199859619140625;-0.000452575683593751;13.8999999649059;1391;100 mA
45.7679058844471;-0.199859619140625;-0.0004473876953125;13.9099999648806;1392;100 mA
45.7779058844219;-0.19989013671875;-0.00045440673828125;13.9199999648554;1393;100 mA
45.7879058843967;-0.199920654296875;-0.00045013427734375;13.9299999648301;1394;100 mA
45.7979058843714;-0.1998291015625;-0.000449218749999999;13.9399999648049;1395;100 mA
45.8079058843462;-0.199920654296875;-0.00045196533203125;13.9499999647796;1396;100 mA
45.8179058843209;-0.199920654296875;-0.00044708251953125;13.9599999647544;1397;100 mA
45.8279058842957;-0.199920654296875;-0.00045440673828125;13.9699999647291;1398;100 mA
45.8379058842704;-0.1998291015625;-0.00045013427734375;13.9799999647039;1399;100 mA
45.8479058842452;-0.19989013671875;-0.00045013427734375;13.9899999646786;1400;100 mA
45.8579058842199;-0.199859619140625;-0.000451049804687501;13.9999999646534;1401;100 mA
45.8679058841947;-0.199951171875;-0.000446166992187499;14.0099999646282;1402;100 mA
45.8779058841694;-0.199920654296875;-0.000454101562500001;14.0199999646029;1403;100 mA
45.8879058841442;-0.19989013671875;-0.00045013427734375;14.0299999645777;1404;100 mA
45.8979058841189;-0.199920654296875;-0.000450744628906249;14.0399999645524;1405;100 mA
45.9079058840937;-0.19989013671875;-0.000452270507812499;14.0499999645272;1406;100 mA
45.9179058840684;-0.19989013671875;-0.000446472167968751;14.0599999645019;1407;100 mA
45.9279058840432;-0.199920654296875;-0.0004534912109375;14.0699999644767;1408;100 mA
45.9379058840179;-0.19989013671875;-0.000449523925781251;14.0799999644514;1409;100 mA
45.9479058839927;-0.19989013671875;-0.00044677734375;14.0899999644262;1410;100 mA
45.9579058839674;-0.199920654296875;-0.00045135498046875;14.0999999644009;1411;100 mA
45.9679058839422;-0.199920654296875;-0.00044525146484375;14.1099999643757;1412;100 mA
45.9779058839169;-0.19989013671875;-0.000452270507812499;14.1199999643504;1413;100 mA
45.9879058838917;-0.19989013671875;-0.00044830322265625;14.1299999643252;1414;100 mA
45.9979058838665;-0.19989013671875;-0.0004486083984375;14.1399999642999;1415;100 mA
46.0079058838412;-0.199920654296875;-0.000451049804687501;14.1499999642747;1416;100 mA
46.017905883816;-0.199859619140625;-0.00044708251953125;14.1599999642494;1417;100 mA
46.0279058837907;-0.199920654296875;-0.00045440673828125;14.1699999642242;1418;100 mA
46.0379058837655;-0.199920654296875;-0.00045013427734375;14.1799999641989;1419;100 mA
46.0479058837402;-0.19989013671875;-0.00044891357421875;14.1899999641737;1420;100 mA
46.057905883715;-0.199951171875;-0.000450744628906249;14.1999999641484;1421;100 mA
46.0679058836897;-0.19989013671875;-0.000447692871093749;14.2099999641232;1422;100 mA
46.0779058836645;-0.199951171875;-0.000452880859375;14.219999964098;1423;100 mA
46.0879058836392;-0.199951171875;-0.000447998046875001;14.2299999640727;1424;100 mA
46.097905883614;-0.19989013671875;-0.00045013427734375;14.2399999640475;1425;100 mA
46.1079058835887;-0.19989013671875;-0.000451049804687501;14.2499999640222;1426;100 mA
46.1179058835635;-0.199859619140625;-0.00044677734375;14.259999963997;1427;100 mA
46.1279058835382;-0.199951171875;-0.000452880859375;14.2699999639717;1428;100 mA
46.137905883513;-0.19989013671875;-0.00044830322265625;14.2799999639465;1429;100 mA
46.1479058834877;-0.19989013671875;-0.00044891357421875;14.2899999639212;1430;100 mA
46.1579058834625;-0.199920654296875;-0.00045135498046875;14.299999963896;1431;100 mA
46.1679058834372;-0.199859619140625;-0.00044708251953125;14.3099999638707;1432;100 mA
46.177905883412;-0.199920654296875;-0.000454101562500001;14.3199999638455;1433;100 mA
46.1879058833867;-0.199920654296875;-0.000449523925781251;14.3299999638202;1434;100 mA
46.1979058833615;-0.199920654296875;-0.00045013427734375;14.339999963795;1435;100 mA
46.2079058833363;-0.199920654296875;-0.000450744628906249;14.3499999637697;1436;100 mA
46.217905883311;-0.199859619140625;-0.00044586181640625;14.3599999637445;1437;100 mA
46.2279058832858;-0.199920654296875;-0.00045440673828125;14.3699999637192;1438;100 mA
46.2379058832605;-0.19989013671875;-0.000449218749999999;14.379999963694;1439;100 mA
46.2479058832353;-0.199920654296875;-0.00044891357421875;14.3899999636687;1440;100 mA
46.25790588321;-0.199859619140625;-0.0004498291015625;14.3999999636435;1441;100 mA
46.2679058831848;-0.199859619140625;-0.000445556640625;14.4099999636182;1442;100 mA
46.2779058831595;-0.199951171875;-0.00045135498046875;14.419999963593;1443;100 mA
46.2879058831343;-0.199981689453125;-0.000444641113281249;14.4299999635678;1444;100 mA
46.297905883109;-0.1998291015625;-0.0004486083984375;14.4399999635425;1445;100 mA
46.3079058830838;-0.199920654296875;-0.000449523925781251;14.4499999635173;1446;100 mA
46.3179058830585;-0.19989013671875;-0.000444641113281249;14.459999963492;1447;100 mA
46.3279058830333;-0.19989013671875;-0.0004534912109375;14.4699999634668;1448;100 mA
46.337905883008;-0.1998291015625;-0.000449218749999999;14.4799999634415;1449;100 mA
46.3479058829828;-0.19989013671875;-0.000447998046875001;14.4899999634163;1450;100 mA
46.3579058829575;-0.19989013671875;-0.000452270507812499;14.499999963391;1451;100 mA
46.3679058829323;-0.19989013671875;-0.00044677734375;14.5099999633658;1452;100 mA
46.377905882907;-0.199859619140625;-0.00045440673828125;14.5199999633405;1453;100 mA
46.3879058828818;-0.19989013671875;-0.0004486083984375;14.5299999633153;1454;100 mA
46.3979058828565;-0.19989013671875;-0.000449523925781251;14.53999996329;1455;100 mA
46.4079058828313;-0.20001220703125;-0.00045135498046875;14.5499999632648;1456;100 mA
46.4179058828061;-0.19989013671875;-0.000444641113281249;14.5599999632395;1457;100 mA
46.4279058827808;-0.19989013671875;-0.00045196533203125;14.5699999632143;1458;100 mA
46.4379058827556;-0.199859619140625;-0.000447998046875001;14.579999963189;1459;100 mA
46.4479058827303;-0.19989013671875;-0.000447692871093749;14.5899999631638;1460;100 mA
46.4579058827051;-0.199859619140625;-0.0004498291015625;14.5999999631385;1461;100 mA
46.4679058826798;-0.199951171875;-0.000445556640625;14.6099999631133;1462;100 mA
46.4779058826546;-0.19989013671875;-0.000452575683593751;14.619999963088;1463;100 mA
46.4879058826293;-0.199920654296875;-0.000447692871093749;14.6299999630628;1464;100 mA
46.4979058826041;-0.19989013671875;-0.00044891357421875;14.6399999630376;1465;100 mA
46.5079058825788;-0.199920654296875;-0.00044891357421875;14.6499999630123;1466;100 mA
46.5179058825536;-0.19989013671875;-0.000446166992187499;14.6599999629871;1467;100 mA
46.5279058825283;-0.199920654296875;-0.000452575683593751;14.6699999629618;1468;100 mA
46.5379058825031;-0.199920654296875;-0.00044830322265625;14.6799999629366;1469;100 mA
46.5479058824778;-0.199951171875;-0.000447692871093749;14.6899999629113;1470;100 mA
46.5579058824526;-0.199951171875;-0.0004486083984375;14.6999999628861;1471;100 mA
46.5679058824273;-0.19989013671875;-0.000446472167968751;14.7099999628608;1472;100 mA
46.5779058824021;-0.199920654296875;-0.00045135498046875;14.7199999628356;1473;100 mA
46.5879058823768;-0.199951171875;-0.00044891357421875;14.7299999628103;1474;100 mA
46.5979058823516;-0.199859619140625;-0.000449218749999999;14.7399999627851;1475;100 mA
46.6079058823263;-0.199920654296875;-0.000449218749999999;14.7499999627598;1476;100 mA
46.6179058823011;-0.199920654296875;-0.000446472167968751;14.7599999627346;1477;100 mA
46.6279058822759;-0.199920654296875;-0.00045318603515625;14.7699999627093;1478;100 mA
46.6379058822506;-0.199920654296875;-0.0004486083984375;14.7799999626841;1479;100 mA
46.6479058822254;-0.199920654296875;-0.00044708251953125;14.7899999626588;1480;100 mA
46.6579058822001;-0.199859619140625;-0.000450744628906249;14.7999999626336;1481;100 mA
46.6679058821749;-0.199920654296875;-0.0004473876953125;14.8099999626083;1482;100 mA
46.6779058821496;-0.1998291015625;-0.0004534912109375;14.8199999625831;1483;100 mA
46.6879058821244;-0.199920654296875;-0.00044830322265625;14.8299999625578;1484;100 mA
46.6979058820991;-0.199920654296875;-0.000447692871093749;14.8399999625326;1485;100 mA
46.7079058820739;-0.199920654296875;-0.000449523925781251;14.8499999625074;1486;100 mA
46.7179058820486;-0.199859619140625;-0.00044586181640625;14.8599999624821;1487;100 mA
46.7279058820234;-0.199920654296875;-0.0004534912109375;14.8699999624569;1488;100 mA
46.7379058819981;-0.19989013671875;-0.0004486083984375;14.8799999624316;1489;100 mA
46.7479058819729;-0.199859619140625;-0.00044677734375;14.8899999624064;1490;100 mA
46.7579058819476;-0.19989013671875;-0.00045196533203125;14.8999999623811;1491;100 mA
46.7679058819224;-0.19989013671875;-0.000446166992187499;14.9099999623559;1492;100 mA
46.7779058818971;-0.199859619140625;-0.000452270507812499;14.9199999623306;1493;100 mA
46.7879058818719;-0.199920654296875;-0.000449218749999999;14.9299999623054;1494;100 mA
46.7979058818466;-0.199920654296875;-0.0004473876953125;14.9399999622801;1495;100 mA
46.8079058818214;-0.19989013671875;-0.000450439453125;14.9499999622549;1496;100 mA
46.8179058817962;-0.199859619140625;-0.0004443359375;14.9599999622296;1497;100 mA
46.8279058817709;-0.199920654296875;-0.00045166015625;14.9699999622044;1498;100 mA
46.8379058817457;-0.19989013671875;-0.000449218749999999;14.9799999621791;1499;100 mA
46.8479058817204;-0.19989013671875;-0.00044708251953125;14.9899999621539;1500;100 mA
