Time (s);WE(1).Potential (V);WE(1).Current (A);Corrected time (s);Index;Current range;Overload
43.6562528897786;-0.7537841796875;2.34771728515625;0;1;1 A;Current overload
43.6662528897533;-0.7420654296875;2.34710693359375;0.00999999997475243;2;1 A;Current overload
43.6762528897281;-0.73358154296875;2.3468017578125;0.0199999999495049;3;1 A;Current overload
43.6862528897028;-0.728302001953125;2.34649658203125;0.0299999999242573;4;1 A;Current overload
43.6962528896776;-0.724090576171875;2.34619140625;0.0399999998990097;5;1 A;Current overload
43.7062528896523;-0.721221923828125;2.34619140625;0.0499999998737621;6;1 A;Current overload
43.7162528896271;-0.71942138671875;2.34588623046875;0.0599999998485146;7;1 A;Current overload
43.7262528896018;-0.717437744140625;2.3455810546875;0.069999999823267;8;1 A;Current overload
43.7362528895766;-0.71630859375;2.3455810546875;0.0799999997980194;9;1 A;Current overload
43.7462528895513;-0.714385986328125;2.34527587890625;0.0899999997727718;10;1 A;Current overload
43.7562528895261;-0.71240234375;2.34527587890625;0.0999999997475243;11;1 A;Current overload
43.7662528895008;-0.709686279296875;2.344970703125;0.109999999722277;12;1 A;Current overload
43.7762528894756;-0.70672607421875;2.344970703125;0.119999999697029;13;1 A;Current overload
43.7862528894503;-0.70391845703125;2.344970703125;0.129999999671782;14;1 A;Current overload
43.7962528894251;-0.700927734375;2.34466552734375;0.139999999646534;15;1 A;Current overload
43.8062528893998;-0.69891357421875;2.34466552734375;0.149999999621286;16;1 A;Current overload
43.8162528893746;-0.69683837890625;2.34466552734375;0.159999999596039;17;1 A;Current overload
43.8262528893493;-0.69525146484375;2.3443603515625;0.169999999570791;18;1 A;Current overload
43.8362528893241;-0.6943359375;2.3443603515625;0.179999999545544;19;1 A;Current overload
43.8462528892989;-0.693389892578125;2.3443603515625;0.189999999520296;20;1 A;Current overload
43.8562528892736;-0.692718505859375;2.34405517578125;0.199999999495049;21;1 A;Current overload
43.8662528892484;-0.6915283203125;2.34405517578125;0.209999999469801;22;1 A;Current overload
43.8762528892231;-0.690093994140625;2.34405517578125;0.219999999444553;23;1 A;Current overload
43.8862528891979;-0.68841552734375;2.34375;0.229999999419306;24;1 A;Current overload
43.8962528891726;-0.68634033203125;2.34375;0.239999999394058;25;1 A;Current overload
43.9062528891474;-0.684326171875;2.34375;0.249999999368811;26;1 A;Current overload
43.9162528891221;-0.68206787109375;2.34375;0.259999999343563;27;1 A;Current overload
43.9262528890969;-0.680328369140625;2.34375;0.269999999318316;28;1 A;Current overload
43.9362528890716;-0.678741455078125;2.34344482421875;0.279999999293068;29;1 A;Current overload
43.9462528890464;-0.67669677734375;2.34344482421875;0.28999999926782;30;1 A;Current overload
43.9562528890211;-0.67498779296875;2.34344482421875;0.299999999242573;31;1 A;Current overload
43.9662528889959;-0.672760009765625;2.34344482421875;0.309999999217325;32;1 A;Current overload
43.9762528889706;-0.67047119140625;2.34344482421875;0.319999999192078;33;1 A;Current overload
43.9862528889454;-0.667999267578125;2.34344482421875;0.32999999916683;34;1 A;Current overload
43.9962528889201;-0.665069580078125;2.3431396484375;0.339999999141583;35;1 A;Current overload
44.0062528888949;-0.66229248046875;2.3431396484375;0.349999999116335;36;1 A;Current overload
44.0162528888696;-0.65948486328125;2.3431396484375;0.359999999091087;37;1 A;Current overload
44.0262528888444;-0.65692138671875;2.3431396484375;0.36999999906584;38;1 A;Current overload
44.0362528888191;-0.654571533203125;2.3431396484375;0.379999999040592;39;1 A;Current overload
44.0462528887939;-0.652435302734375;2.3431396484375;0.389999999015345;40;1 A;Current overload
44.0562528887687;-0.650909423828125;2.3431396484375;0.399999998990097;41;1 A;Current overload
44.0662528887434;-0.64971923828125;2.3431396484375;0.40999999896485;42;1 A;Current overload
44.0762528887182;-0.649169921875;2.3431396484375;0.419999998939602;43;1 A;Current overload
44.0862528886929;-0.64898681640625;2.3431396484375;0.429999998914354;44;1 A;Current overload
44.0962528886677;-0.648895263671875;2.3431396484375;0.439999998889107;45;1 A;Current overload
44.1062528886424;-0.64849853515625;2.3431396484375;0.449999998863859;46;1 A;Current overload
44.1162528886172;-0.64801025390625;2.34283447265625;0.459999998838612;47;1 A;Current overload
44.1262528885919;-0.64703369140625;2.34283447265625;0.469999998813364;48;1 A;Current overload
44.1362528885667;-0.64556884765625;2.34283447265625;0.479999998788116;49;1 A;Current overload
44.1462528885414;-0.64410400390625;2.34283447265625;0.489999998762869;50;1 A;Current overload
44.1562528885162;-0.64276123046875;2.34283447265625;0.499999998737621;51;1 A;Current overload
44.1662528884909;-0.64178466796875;2.34283447265625;0.509999998712374;52;1 A;Current overload
44.1762528884657;-0.64117431640625;2.34283447265625;0.519999998687126;53;1 A;Current overload
44.1862528884404;-0.640594482421875;2.34283447265625;0.529999998661879;54;1 A;Current overload
44.1962528884152;-0.640472412109375;2.34283447265625;0.539999998636631;55;1 A;Current overload
44.2062528883899;-0.640594482421875;2.34283447265625;0.549999998611383;56;1 A;Current overload
44.2162528883647;-0.640960693359375;2.34283447265625;0.559999998586136;57;1 A;Current overload
44.2262528883394;-0.640838623046875;2.34283447265625;0.569999998560888;58;1 A;Current overload
44.2362528883142;-0.640533447265625;2.34283447265625;0.579999998535641;59;1 A;Current overload
44.246252888289;-0.639312744140625;2.34283447265625;0.589999998510393;60;1 A;Current overload
44.2562528882637;-0.638214111328125;2.34283447265625;0.599999998485146;61;1 A;Current overload
44.2662528882385;-0.636962890625;2.342529296875;0.609999998459898;62;1 A;Current overload
44.2762528882132;-0.635528564453125;2.342529296875;0.61999999843465;63;1 A;Current overload
44.286252888188;-0.63494873046875;2.342529296875;0.629999998409403;64;1 A;Current overload
44.2962528881627;-0.63421630859375;2.342529296875;0.639999998384155;65;1 A;Current overload
44.3062528881375;-0.63397216796875;2.342529296875;0.649999998358908;66;1 A;Current overload
44.3162528881122;-0.634246826171875;2.342529296875;0.65999999833366;67;1 A;Current overload
44.326252888087;-0.63433837890625;2.342529296875;0.669999998308413;68;1 A;Current overload
44.3362528880617;-0.6348876953125;2.342529296875;0.679999998283165;69;1 A;Current overload
44.3462528880365;-0.63470458984375;2.342529296875;0.689999998257917;70;1 A;Current overload
44.3562528880112;-0.634429931640625;2.342529296875;0.69999999823267;71;1 A;Current overload
44.366252887986;-0.63330078125;2.342529296875;0.709999998207422;72;1 A;Current overload
44.3762528879607;-0.63189697265625;2.342529296875;0.719999998182175;73;1 A;Current overload
44.3862528879355;-0.630615234375;2.34222412109375;0.729999998156927;74;1 A;Current overload
44.3962528879102;-0.629302978515625;2.34222412109375;0.73999999813168;75;1 A;Current overload
44.406252887885;-0.6287841796875;2.34222412109375;0.749999998106432;76;1 A;Current overload
44.4162528878597;-0.628265380859375;2.34222412109375;0.759999998081184;77;1 A;Current overload
44.4262528878345;-0.62811279296875;2.34222412109375;0.769999998055937;78;1 A;Current overload
44.4362528878092;-0.62847900390625;2.34222412109375;0.779999998030689;79;1 A;Current overload
44.446252887784;-0.6287841796875;2.34222412109375;0.789999998005442;80;1 A;Current overload
44.4562528877588;-0.629241943359375;2.34222412109375;0.799999997980194;81;1 A;Current overload
44.4662528877335;-0.62890625;2.34222412109375;0.809999997954947;82;1 A;Current overload
44.4762528877083;-0.628204345703125;2.34222412109375;0.819999997929699;83;1 A;Current overload
44.486252887683;-0.6268310546875;2.34222412109375;0.829999997904451;84;1 A;Current overload
44.4962528876578;-0.624969482421875;2.34222412109375;0.839999997879204;85;1 A;Current overload
44.5062528876325;-0.62298583984375;2.34222412109375;0.849999997853956;86;1 A;Current overload
44.5162528876073;-0.62127685546875;2.3419189453125;0.859999997828709;87;1 A;Current overload
44.526252887582;-0.62060546875;2.3419189453125;0.869999997803461;88;1 A;Current overload
44.5362528875568;-0.6204833984375;2.3419189453125;0.879999997778214;89;1 A;Current overload
44.5462528875315;-0.620330810546875;2.3419189453125;0.889999997752966;90;1 A;Current overload
44.5562528875063;-0.62109375;2.3419189453125;0.899999997727718;91;1 A;Current overload
44.566252887481;-0.621124267578125;2.3419189453125;0.909999997702471;92;1 A;Current overload
44.5762528874558;-0.621612548828125;2.3419189453125;0.919999997677223;93;1 A;Current overload
44.5862528874305;-0.621063232421875;2.3419189453125;0.929999997651976;94;1 A;Current overload
44.5962528874053;-0.61944580078125;2.3419189453125;0.939999997626728;95;1 A;Current overload
44.60625288738;-0.61676025390625;2.3419189453125;0.949999997601481;96;1 A;Current overload
44.6162528873548;-0.613250732421875;2.3419189453125;0.959999997576233;97;1 A;Current overload
44.6262528873295;-0.609954833984375;2.34161376953125;0.969999997550985;98;1 A;Current overload
44.6362528873043;-0.607330322265625;2.34161376953125;0.979999997525738;99;1 A;Current overload
44.646252887279;-0.60638427734375;2.34161376953125;0.98999999750049;100;1 A;Current overload
44.6562528872538;-0.60614013671875;2.34161376953125;0.999999997475243;101;1 A;Current overload
44.6662528872286;-0.606231689453125;2.34161376953125;1.00999999745;102;1 A;Current overload
44.6762528872033;-0.606903076171875;2.34161376953125;1.01999999742475;103;1 A;Current overload
44.6862528871781;-0.60662841796875;2.34161376953125;1.0299999973995;104;1 A;Current overload
44.6962528871528;-0.60638427734375;2.34161376953125;1.03999999737425;105;1 A;Current overload
44.7062528871276;-0.60382080078125;2.34161376953125;1.049999997349;106;1 A;Current overload
44.7162528871023;-0.599822998046875;2.34130859375;1.05999999732376;107;1 A;Current overload
44.7262528870771;-0.59356689453125;2.34130859375;1.06999999729851;108;1 A;Current overload
44.7362528870518;-0.58575439453125;2.34130859375;1.07999999727326;109;1 A;Current overload
44.7462528870266;-0.578582763671875;2.34130859375;1.08999999724801;110;1 A;Current overload
44.7562528870013;-0.572998046875;2.34130859375;1.09999999722277;111;1 A;Current overload
44.7662528869761;-0.569580078125;2.34100341796875;1.10999999719752;112;1 A;Current overload
44.7762528869508;-0.566375732421875;2.34100341796875;1.11999999717227;113;1 A;Current overload
44.7862528869256;-0.56280517578125;2.34100341796875;1.12999999714702;114;1 A;Current overload
44.7962528869003;-0.55853271484375;2.3406982421875;1.13999999712178;115;1 A;Current overload
44.8062528868751;-0.55377197265625;2.3406982421875;1.14999999709653;116;1 A;Current overload
44.8162528868498;-0.5478515625;2.3406982421875;1.15999999707128;117;1 A;Current overload
44.8262528868246;-0.534912109375;2.34039306640625;1.16999999704603;118;1 A;Current overload
44.8362528867993;-0.51641845703125;2.34039306640625;1.17999999702079;119;1 A;Current overload
44.8462528867741;-0.4923095703125;2.340087890625;1.18999999699554;120;1 A;Current overload
44.8562528867488;-0.467620849609375;2.340087890625;1.19999999697029;121;1 A;Current overload
44.8662528867236;-0.442108154296875;2.33978271484375;1.20999999694504;122;1 A;Current overload
44.8762528866984;-0.414031982421875;2.3394775390625;1.2199999969198;123;1 A;Current overload
44.8862528866731;-0.38397216796875;2.33917236328125;1.22999999689455;124;1 A;Current overload
44.8962528866479;-0.343048095703125;2.33856201171875;1.2399999968693;125;1 A;Current overload
44.9062528866226;-0.264312744140625;2.337646484375;1.24999999684405;126;1 A;Current overload
44.9162528865974;-0.173309326171875;2.33673095703125;1.25999999681881;127;1 A;Current overload
44.9262528865721;-0.124542236328125;2.30712890625;1.26999999679356;128;1 A;Current overload
44.9362528865469;-0.09765625;1.80572509765625;1.27999999676831;129;1 A;
44.9462528865216;-0.099365234375;1.3995361328125;1.28999999674306;130;1 A;
44.9562528864964;-0.099578857421875;1.11114501953125;1.29999999671782;131;1 A;
44.9662528864711;-0.09967041015625;0.89996337890625;1.30999999669257;132;1 A;
44.9762528864459;-0.09967041015625;0.731201171875;1.31999999666732;133;1 A;
44.9862528864206;-0.099884033203125;0.62957763671875;1.32999999664207;134;1 A;
44.9962528863954;-0.09991455078125;0.57525634765625;1.33999999661683;135;1 A;
45.0062528863701;-0.099822998046875;0.5169677734375;1.34999999659158;136;1 A;
45.0162528863449;-0.099853515625;0.4656982421875;1.35999999656633;137;1 A;
45.0262528863196;-0.099822998046875;0.43621826171875;1.36999999654108;138;1 A;
45.0362528862944;-0.09991455078125;0.401580810546875;1.37999999651583;139;1 A;
45.0462528862691;-0.099853515625;0.327423095703125;1.38999999649059;140;1 A;
45.0562528862439;-0.099853515625;0.286865234375;1.39999999646534;141;1 A;
45.0662528862186;-0.099822998046875;0.244873046875;1.40999999644009;142;1 A;
45.0762528861934;-0.099853515625;0.2261962890625;1.41999999641484;143;1 A;
45.0862528861682;-0.09991455078125;0.208343505859375;1.4299999963896;144;1 A;
45.0962528861429;-0.099853515625;0.195037841796875;1.43999999636435;145;1 A;
45.1062528861177;-0.099853515625;0.18231201171875;1.4499999963391;146;1 A;
45.1162528860924;-0.099853515625;0.17156982421875;1.45999999631385;147;1 A;
45.1262528860672;-0.099884033203125;0.162628173828125;1.46999999628861;148;1 A;
45.1362528860419;-0.099884033203125;0.154541015625;1.47999999626336;149;1 A;
45.1462528860167;-0.099853515625;0.15167236328125;1.48999999623811;150;1 A;
45.1562528859914;-0.099945068359375;0.154998779296875;1.49999999621286;151;1 A;
45.1662528859662;-0.099853515625;0.143798828125;1.50999999618762;152;1 A;
45.1762528859409;-0.09991455078125;0.1424560546875;1.51999999616237;153;1 A;
45.1862528859157;-0.09991455078125;0.129241943359375;1.52999999613712;154;1 A;
45.1962528858904;-0.099853515625;0.124267578125;1.53999999611187;155;1 A;
45.2062528858652;-0.099884033203125;0.12030029296875;1.54999999608663;156;1 A;
45.2162528858399;-0.099884033203125;0.119049072265625;1.55999999606138;157;1 A;
45.2262528858147;-0.099822998046875;0.112335205078125;1.56999999603613;158;1 A;
45.2362528857894;-0.09991455078125;0.108489990234375;1.57999999601088;159;1 A;
45.2462528857642;-0.100006103515625;0.10247802734375;1.58999999598564;160;1 A;
45.2562528857389;-0.099822998046875;0.0989990234375;1.59999999596039;161;1 A;
45.2662528857137;-0.09991455078125;0.0966796875;1.60999999593514;162;1 A;
45.2762528856885;-0.099853515625;0.102020263671875;1.61999999590989;163;1 A;
45.2862528856632;-0.099884033203125;0.09466552734375;1.62999999588465;164;1 A;
45.296252885638;-0.099884033203125;0.092559814453125;1.6399999958594;165;1 A;
45.3062528856127;-0.099884033203125;0.086700439453125;1.64999999583415;166;1 A;
45.3162528855875;-0.099884033203125;0.085174560546875;1.6599999958089;167;1 A;
45.3262528855622;-0.099853515625;0.084197998046875;1.66999999578366;168;1 A;
45.336252885537;-0.099884033203125;0.083099365234375;1.67999999575841;169;1 A;
45.3462528855117;-0.09991455078125;0.07904052734375;1.68999999573316;170;1 A;
45.3562528854865;-0.09991455078125;0.07745361328125;1.69999999570791;171;1 A;
45.3662528854612;-0.09991455078125;0.07330322265625;1.70999999568267;172;1 A;
45.376252885436;-0.099884033203125;0.071929931640625;1.71999999565742;173;1 A;
45.3862528854107;-0.099884033203125;0.072052001953125;1.72999999563217;174;1 A;
45.3962528853855;-0.09991455078125;0.073333740234375;1.73999999560692;175;1 A;
45.4062528853602;-0.09991455078125;0.06927490234375;1.74999999558167;176;1 A;
45.416252885335;-0.0999755859375;0.0692138671875;1.75999999555643;177;1 A;
45.4262528853097;-0.09991455078125;0.063995361328125;1.76999999553118;178;1 A;
45.4362528852845;-0.099884033203125;0.06317138671875;1.77999999550593;179;1 A;
45.4462528852592;-0.09991455078125;0.061248779296875;1.78999999548068;180;1 A;
45.456252885234;-0.099853515625;0.059661865234375;1.79999999545544;181;1 A;
45.4662528852087;-0.09991455078125;0.057525634765625;1.80999999543019;182;1 A;
45.4762528851835;-0.09991455078125;0.056243896484375;1.81999999540494;183;1 A;
45.4862528851583;-0.09991455078125;0.05401611328125;1.82999999537969;184;1 A;
45.496252885133;-0.099884033203125;0.053741455078125;1.83999999535445;185;1 A;
45.5062528851078;-0.099884033203125;0.0537109375;1.8499999953292;186;1 A;
45.5162528850825;-0.09991455078125;0.05426025390625;1.85999999530395;187;1 A;
45.5262528850573;-0.099884033203125;0.051483154296875;1.8699999952787;188;1 A;
45.536252885032;-0.099822998046875;0.049652099609375;1.87999999525346;189;1 A;
45.5462528850068;-0.099884033203125;0.047906494140625;1.88999999522821;190;1 A;
45.5562528849815;-0.09991455078125;0.048065185546875;1.89999999520296;191;1 A;
45.5662528849563;-0.099822998046875;0.0464752197265625;1.90999999517771;192;1 A;
45.576252884931;-0.09991455078125;0.0456939697265625;1.91999999515247;193;1 A;
45.5862528849058;-0.099853515625;0.0448333740234375;1.92999999512722;194;1 A;
45.5962528848805;-0.099884033203125;0.0434051513671875;1.93999999510197;195;1 A;
45.6062528848553;-0.099853515625;0.04212646484375;1.94999999507672;196;1 A;
45.61625288483;-0.099853515625;0.0410400390625;1.95999999505148;197;1 A;
45.6262528848048;-0.099822998046875;0.041119384765625;1.96999999502623;198;1 A;
45.6362528847795;-0.099884033203125;0.0413116455078125;1.97999999500098;199;1 A;
45.6462528847543;-0.099853515625;0.0399749755859375;1.98999999497573;200;1 A;
45.656252884729;-0.099822998046875;0.0393341064453125;1.99999999495049;201;1 A;
45.6662528847038;-0.099884033203125;0.0376983642578125;2.00999999492524;202;1 A;
45.6762528846785;-0.099822998046875;0.0381744384765625;2.01999999489999;203;1 A;
45.6862528846533;-0.09991455078125;0.0367767333984375;2.02999999487474;204;1 A;
45.6962528846281;-0.099884033203125;0.0360382080078125;2.0399999948495;205;1 A;
45.7062528846028;-0.099822998046875;0.0355987548828125;2.04999999482425;206;1 A;
45.7162528845776;-0.09991455078125;0.03472900390625;2.059999994799;207;1 A;
45.7262528845523;-0.099884033203125;0.03389892578125;2.06999999477375;208;1 A;
45.7362528845271;-0.099853515625;0.03359375;2.0799999947485;209;1 A;
45.7462528845018;-0.09991455078125;0.03353271484375;2.08999999472326;210;1 A;
45.7562528844766;-0.099884033203125;0.0333831787109375;2.09999999469801;211;1 A;
45.7662528844513;-0.099884033203125;0.03310546875;2.10999999467276;212;1 A;
45.7762528844261;-0.099884033203125;0.0328704833984375;2.11999999464751;213;1 A;
45.7862528844008;-0.099853515625;0.031158447265625;2.12999999462227;214;1 A;
45.7962528843756;-0.09991455078125;0.03062744140625;2.13999999459702;215;1 A;
45.8062528843503;-0.099853515625;0.0302581787109375;2.14999999457177;216;1 A;
45.8162528843251;-0.099853515625;0.030120849609375;2.15999999454652;217;1 A;
45.8262528842998;-0.099853515625;0.029644775390625;2.16999999452128;218;1 A;
45.8362528842746;-0.099822998046875;0.02879638671875;2.17999999449603;219;1 A;
45.8462528842493;-0.0999755859375;0.0282440185546875;2.18999999447078;220;1 A;
45.8562528842241;-0.099853515625;0.0275054931640625;2.19999999444553;221;1 A;
45.8662528841988;-0.099822998046875;0.027435302734375;2.20999999442029;222;1 A;
45.8762528841736;-0.099884033203125;0.0281982421875;2.21999999439504;223;1 A;
45.8862528841483;-0.099822998046875;0.027606201171875;2.22999999436979;224;1 A;
45.8962528841231;-0.099945068359375;0.0270843505859375;2.23999999434454;225;1 A;
45.9062528840979;-0.099853515625;0.026007080078125;2.2499999943193;226;1 A;
45.9162528840726;-0.099853515625;0.0258819580078125;2.25999999429405;227;1 A;
45.9262528840474;-0.099853515625;0.025762939453125;2.2699999942688;228;1 A;
45.9362528840221;-0.099884033203125;0.025543212890625;2.27999999424355;229;1 A;
45.9462528839969;-0.099853515625;0.024798583984375;2.28999999421831;230;1 A;
45.9562528839716;-0.099884033203125;0.0243499755859375;2.29999999419306;231;1 A;
45.9662528839464;-0.099822998046875;0.02386474609375;2.30999999416781;232;1 A;
45.9762528839211;-0.099853515625;0.023321533203125;2.31999999414256;233;1 A;
45.9862528838959;-0.099884033203125;0.0235687255859375;2.32999999411732;234;1 A;
45.9962528838706;-0.099853515625;0.02401123046875;2.33999999409207;235;1 A;
46.0062528838454;-0.099884033203125;0.0232421875;2.34999999406682;236;1 A;
46.0162528838201;-0.099884033203125;0.023162841796875;2.35999999404157;237;1 A;
46.0262528837949;-0.099822998046875;0.02208251953125;2.36999999401633;238;1 A;
46.0362528837696;-0.099884033203125;0.0216400146484375;2.37999999399108;239;1 A;
46.0462528837444;-0.099853515625;0.021527099609375;2.38999999396583;240;1 A;
46.0562528837191;-0.099822998046875;0.02103271484375;2.39999999394058;241;1 A;
46.0662528836939;-0.099884033203125;0.0207366943359375;2.40999999391533;242;1 A;
46.0762528836686;-0.099884033203125;0.020166015625;2.41999999389009;243;1 A;
46.0862528836434;-0.09991455078125;0.0198089599609375;2.42999999386484;244;1 A;
46.0962528836181;-0.099853515625;0.0197723388671875;2.43999999383959;245;1 A;
46.1062528835929;-0.099853515625;0.0199554443359375;2.44999999381434;246;1 A;
46.1162528835677;-0.099853515625;0.0207366943359375;2.4599999937891;247;1 A;
46.1262528835424;-0.099853515625;0.01968994140625;2.46999999376385;248;1 A;
46.1362528835172;-0.099822998046875;0.0190399169921875;2.4799999937386;249;1 A;
46.1462528834919;-0.09991455078125;0.018682861328125;2.48999999371335;250;1 A;
46.1562528834667;-0.09991455078125;0.01871337890625;2.49999999368811;251;1 A;
46.1662528834414;-0.09979248046875;0.018365478515625;2.50999999366286;252;1 A;
46.1762528834162;-0.099822998046875;0.018060302734375;2.51999999363761;253;1 A;
46.1862528833909;-0.099822998046875;0.017742919921875;2.52999999361236;254;1 A;
46.1962528833657;-0.099884033203125;0.0176849365234375;2.53999999358712;255;1 A;
46.2062528833404;-0.099853515625;0.0170989990234375;2.54999999356187;256;1 A;
46.2162528833152;-0.099853515625;0.016790771484375;2.55999999353662;257;1 A;
46.2262528832899;-0.099822998046875;0.016900634765625;2.56999999351137;258;1 A;
46.2362528832647;-0.099853515625;0.0174713134765625;2.57999999348613;259;1 A;
46.2462528832394;-0.099884033203125;0.016925048828125;2.58999999346088;260;1 A;
46.2562528832142;-0.099822998046875;0.0163909912109375;2.59999999343563;261;1 A;
46.2662528831889;-0.099853515625;0.0159393310546875;2.60999999341038;262;1 A;
46.2762528831637;-0.099853515625;0.0158935546875;2.61999999338514;263;1 A;
46.2862528831384;-0.099853515625;0.015618896484375;2.62999999335989;264;1 A;
46.2962528831132;-0.099761962890625;0.0155426025390625;2.63999999333464;265;1 A;
46.306252883088;-0.099853515625;0.015234375;2.64999999330939;266;1 A;
46.3162528830627;-0.099822998046875;0.0150726318359375;2.65999999328415;267;1 A;
46.3262528830375;-0.099884033203125;0.0148101806640625;2.6699999932589;268;1 A;
46.3362528830122;-0.099884033203125;0.014691162109375;2.67999999323365;269;1 A;
46.346252882987;-0.099853515625;0.014501953125;2.6899999932084;270;1 A;
46.3562528829617;-0.099853515625;0.0148284912109375;2.69999999318316;271;1 A;
46.3662528829365;-0.099853515625;0.0147491455078125;2.70999999315791;272;1 A;
46.3762528829112;-0.099853515625;0.014935302734375;2.71999999313266;273;1 A;
46.386252882886;-0.09991455078125;0.014129638671875;2.72999999310741;274;1 A;
46.3962528828607;-0.09991455078125;0.01400146484375;2.73999999308217;275;1 A;
46.4062528828355;-0.099884033203125;0.013873291015625;2.74999999305692;276;1 A;
46.4162528828102;-0.099853515625;0.0139007568359375;2.75999999303167;277;1 A;
46.426252882785;-0.099853515625;0.013629150390625;2.76999999300642;278;1 A;
46.4362528827597;-0.099884033203125;0.0134307861328125;2.77999999298117;279;1 A;
46.4462528827345;-0.099884033203125;0.0131866455078125;2.78999999295593;280;1 A;
46.4562528827092;-0.099884033203125;0.012933349609375;2.79999999293068;281;1 A;
46.466252882684;-0.099822998046875;0.01290283203125;2.80999999290543;282;1 A;
46.4762528826587;-0.099822998046875;0.013397216796875;2.81999999288018;283;1 A;
46.4862528826335;-0.099822998046875;0.0130767822265625;2.82999999285494;284;1 A;
46.4962528826082;-0.099884033203125;0.0128936767578125;2.83999999282969;285;1 A;
46.506252882583;-0.099853515625;0.0126800537109375;2.84999999280444;286;1 A;
46.5162528825578;-0.09979248046875;0.0126678466796875;2.85999999277919;287;1 A;
46.5262528825325;-0.099853515625;0.0126251220703125;2.86999999275395;288;1 A;
46.5362528825073;-0.099853515625;0.01258544921875;2.8799999927287;289;1 A;
46.546252882482;-0.09991455078125;0.012213134765625;2.88999999270345;290;1 A;
46.5562528824568;-0.099884033203125;0.0121826171875;2.8999999926782;291;1 A;
46.5662528824315;-0.099822998046875;0.011883544921875;2.90999999265296;292;1 A;
46.5762528824063;-0.099853515625;0.01180419921875;2.91999999262771;293;1 A;
46.586252882381;-0.099884033203125;0.0119354248046875;2.92999999260246;294;1 A;
46.5962528823558;-0.099884033203125;0.012127685546875;2.93999999257721;295;1 A;
46.6062528823305;-0.099853515625;0.011663818359375;2.94999999255197;296;1 A;
46.6162528823053;-0.099884033203125;0.0117950439453125;2.95999999252672;297;1 A;
46.62625288228;-0.09979248046875;0.0113494873046875;2.96999999250147;298;1 A;
46.6362528822548;-0.099822998046875;0.0112823486328125;2.97999999247622;299;1 A;
46.6462528822295;-0.099884033203125;0.0111053466796875;2.98999999245098;300;1 A;
46.6562528822043;-0.09991455078125;0.01085205078125;2.99999999242573;301;1 A;
46.666252882179;-0.099884033203125;0.010662841796875;3.00999999240048;302;1 A;
46.6762528821538;-0.099884033203125;0.0105438232421875;3.01999999237523;303;1 A;
46.6862528821285;-0.099853515625;0.0103790283203125;3.02999999234999;304;1 A;
46.6962528821033;-0.099884033203125;0.01036376953125;3.03999999232474;305;1 A;
46.706252882078;-0.099853515625;0.010662841796875;3.04999999229949;306;1 A;
46.7162528820528;-0.099853515625;0.0110321044921875;3.05999999227424;307;1 A;
46.7262528820276;-0.099884033203125;0.0104217529296875;3.069999992249;308;1 A;
46.7362528820023;-0.099884033203125;0.0101165771484375;3.07999999222375;309;1 A;
46.7462528819771;-0.09991455078125;0.00977172851562499;3.0899999921985;310;1 A;
46.7562528819518;-0.099884033203125;0.00979003906250001;3.09999999217325;311;1 A;
46.7662528819266;-0.099822998046875;0.00972900390625001;3.109999992148;312;1 A;
46.7762528819013;-0.099884033203125;0.009814453125;3.11999999212276;313;1 A;
46.7862528818761;-0.09991455078125;0.009613037109375;3.12999999209751;314;1 A;
46.7962528818508;-0.099853515625;0.0094451904296875;3.13999999207226;315;1 A;
46.8062528818256;-0.099884033203125;0.00927734375;3.14999999204701;316;1 A;
46.8162528818003;-0.099822998046875;0.0091552734375;3.15999999202177;317;1 A;
46.8262528817751;-0.099822998046875;0.00916748046875;3.16999999199652;318;1 A;
46.8362528817498;-0.099853515625;0.0093048095703125;3.17999999197127;319;1 A;
46.8462528817246;-0.099884033203125;0.00916748046875;3.18999999194602;320;1 A;
46.8562528816993;-0.099884033203125;0.00936279296875001;3.19999999192078;321;1 A;
46.8662528816741;-0.099884033203125;0.00894775390624999;3.20999999189553;322;1 A;
46.8762528816488;-0.099822998046875;0.00887145996093749;3.21999999187028;323;1 A;
46.8862528816236;-0.099884033203125;0.0088958740234375;3.22999999184503;324;1 A;
46.8962528815983;-0.099884033203125;0.00882568359374999;3.23999999181979;325;1 A;
46.9062528815731;-0.09991455078125;0.0087432861328125;3.24999999179454;326;1 A;
46.9162528815478;-0.099884033203125;0.00853576660156249;3.25999999176929;327;1 A;
46.9262528815226;-0.09991455078125;0.00839843749999999;3.26999999174404;328;1 A;
46.9362528814974;-0.099884033203125;0.00828857421875;3.2799999917188;329;1 A;
46.9462528814721;-0.099884033203125;0.00829162597656249;3.28999999169355;330;1 A;
46.9562528814469;-0.099822998046875;0.0085113525390625;3.2999999916683;331;1 A;
46.9662528814216;-0.099884033203125;0.00850830078125001;3.30999999164305;332;1 A;
46.9762528813964;-0.099822998046875;0.00871887207031249;3.31999999161781;333;1 A;
46.9862528813711;-0.099822998046875;0.0082855224609375;3.32999999159256;334;1 A;
46.9962528813459;-0.099884033203125;0.00820007324218749;3.33999999156731;335;1 A;
47.0062528813206;-0.099945068359375;0.00823364257812501;3.34999999154206;336;1 A;
47.0162528812954;-0.099822998046875;0.00818481445312499;3.35999999151682;337;1 A;
47.0262528812701;-0.09991455078125;0.00804748535156249;3.36999999149157;338;1 A;
47.0362528812449;-0.099853515625;0.0078765869140625;3.37999999146632;339;1 A;
47.0462528812196;-0.099884033203125;0.00768127441406249;3.38999999144107;340;1 A;
47.0562528811944;-0.09991455078125;0.00762329101562501;3.39999999141583;341;1 A;
47.0662528811691;-0.099822998046875;0.0076324462890625;3.40999999139058;342;1 A;
47.0762528811439;-0.099884033203125;0.0080078125;3.41999999136533;343;1 A;
47.0862528811186;-0.099822998046875;0.0077392578125;3.42999999134008;344;1 A;
47.0962528810934;-0.099853515625;0.0076324462890625;3.43999999131483;345;1 A;
47.1062528810681;-0.09979248046875;0.00748596191406251;3.44999999128959;346;1 A;
47.1162528810429;-0.099822998046875;0.00748291015624999;3.45999999126434;347;1 A;
47.1262528810176;-0.099884033203125;0.0074615478515625;3.46999999123909;348;1 A;
47.1362528809924;-0.099853515625;0.0074920654296875;3.47999999121384;349;1 A;
47.1462528809672;-0.09991455078125;0.00723876953124999;3.4899999911886;350;1 A;
47.1562528809419;-0.09991455078125;0.0073577880859375;3.49999999116335;351;1 A;
47.1662528809167;-0.099822998046875;0.007232666015625;3.5099999911381;352;1 A;
47.1762528808914;-0.099884033203125;0.00714111328125;3.51999999111285;353;1 A;
47.1862528808662;-0.099822998046875;0.00748596191406251;3.52999999108761;354;1 A;
47.1962528808409;-0.099884033203125;0.00760498046874999;3.53999999106236;355;1 A;
47.2062528808157;-0.099853515625;0.00714721679687499;3.54999999103711;356;1 A;
47.2162528807904;-0.099853515625;0.0071685791015625;3.55999999101186;357;1 A;
47.2262528807652;-0.09979248046875;0.00687255859374999;3.56999999098662;358;1 A;
47.2362528807399;-0.099884033203125;0.00699768066406251;3.57999999096137;359;1 A;
47.2462528807147;-0.09991455078125;0.006884765625;3.58999999093612;360;1 A;
47.2562528806894;-0.099884033203125;0.0069305419921875;3.59999999091087;361;1 A;
47.2662528806642;-0.099853515625;0.0066986083984375;3.60999999088563;362;1 A;
47.2762528806389;-0.099884033203125;0.0066497802734375;3.61999999086038;363;1 A;
47.2862528806137;-0.09991455078125;0.00652465820312501;3.62999999083513;364;1 A;
47.2962528805884;-0.099853515625;0.00655212402343749;3.63999999080988;365;1 A;
47.3062528805632;-0.099853515625;0.00665893554687499;3.64999999078464;366;1 A;
47.3162528805379;-0.099822998046875;0.00719299316406249;3.65999999075939;367;1 A;
47.3262528805127;-0.099853515625;0.006787109375;3.66999999073414;368;1 A;
47.3362528804875;-0.09991455078125;0.00699462890624999;3.67999999070889;369;1 A;
47.3462528804622;-0.099884033203125;0.00652160644531249;3.68999999068365;370;1 A;
47.356252880437;-0.099945068359375;0.0064971923828125;3.6999999906584;371;1 A;
47.3662528804117;-0.099884033203125;0.006390380859375;3.70999999063315;372;1 A;
47.3762528803865;-0.099884033203125;0.0063323974609375;3.7199999906079;373;1 A;
47.3862528803612;-0.099884033203125;0.006182861328125;3.72999999058266;374;1 A;
47.396252880336;-0.099884033203125;0.00609741210937501;3.73999999055741;375;1 A;
47.4062528803107;-0.099853515625;0.00597229003906249;3.74999999053216;376;1 A;
47.4162528802855;-0.099884033203125;0.005938720703125;3.75999999050691;377;1 A;
47.4262528802602;-0.09991455078125;0.0059844970703125;3.76999999048167;378;1 A;
47.436252880235;-0.099853515625;0.00627746582031249;3.77999999045642;379;1 A;
47.4462528802097;-0.099884033203125;0.00608215332031251;3.78999999043117;380;1 A;
47.4562528801845;-0.09991455078125;0.00611267089843751;3.79999999040592;381;1 A;
47.4662528801592;-0.099884033203125;0.005810546875;3.80999999038067;382;1 A;
47.476252880134;-0.099822998046875;0.00583801269531251;3.81999999035543;383;1 A;
47.4862528801087;-0.099884033203125;0.00597534179687501;3.82999999033018;384;1 A;
47.4962528800835;-0.099822998046875;0.005877685546875;3.83999999030493;385;1 A;
47.5062528800582;-0.099853515625;0.00577392578124999;3.84999999027968;386;1 A;
47.516252880033;-0.099853515625;0.0057647705078125;3.85999999025444;387;1 A;
47.5262528800077;-0.099884033203125;0.00562438964843751;3.86999999022919;388;1 A;
47.5362528799825;-0.099853515625;0.00555419921875;3.87999999020394;389;1 A;
47.5462528799573;-0.099853515625;0.005572509765625;3.88999999017869;390;1 A;
47.556252879932;-0.09979248046875;0.00569763183593749;3.89999999015345;391;1 A;
47.5662528799068;-0.09991455078125;0.00575866699218749;3.9099999901282;392;1 A;
47.5762528798815;-0.099822998046875;0.005810546875;3.91999999010295;393;1 A;
47.5862528798563;-0.099853515625;0.005462646484375;3.9299999900777;394;1 A;
47.596252879831;-0.09991455078125;0.00548706054687501;3.93999999005246;395;1 A;
47.6062528798058;-0.099822998046875;0.005462646484375;3.94999999002721;396;1 A;
47.6162528797805;-0.099853515625;0.00547180175781251;3.95999999000196;397;1 A;
47.6262528797553;-0.099884033203125;0.00539245605468749;3.96999998997671;398;1 A;
47.63625287973;-0.099822998046875;0.0052490234375;3.97999998995147;399;1 A;
47.6462528797048;-0.099853515625;0.00514831542968749;3.98999998992622;400;1 A;
47.6562528796795;-0.099853515625;0.0051605224609375;3.99999998990097;401;1 A;
47.6662528796543;-0.099884033203125;0.0052459716796875;4.00999998987572;402;1 A;
47.676252879629;-0.099822998046875;0.0053741455078125;4.01999998985048;403;1 A;
47.6862528796038;-0.099853515625;0.00524291992187501;4.02999998982523;404;1 A;
47.6962528795785;-0.099853515625;0.00523681640625;4.03999998979998;405;1 A;
47.7062528795533;-0.099884033203125;0.0050506591796875;4.04999998977473;406;1 A;
47.716252879528;-0.09979248046875;0.00505676269531249;4.05999998974949;407;1 A;
47.7262528795028;-0.099822998046875;0.00491943359374999;4.06999998972424;408;1 A;
47.7362528794775;-0.099945068359375;0.00499572753906249;4.07999998969899;409;1 A;
47.7462528794523;-0.099884033203125;0.0048828125;4.08999998967374;410;1 A;
47.7562528794271;-0.099884033203125;0.0049285888671875;4.0999999896485;411;1 A;
47.7662528794018;-0.099822998046875;0.004840087890625;4.10999998962325;412;1 A;
47.7762528793766;-0.099822998046875;0.00479736328124999;4.119999989598;413;1 A;
47.7862528793513;-0.099945068359375;0.004925537109375;4.12999998957275;414;1 A;
47.7962528793261;-0.09991455078125;0.00511779785156249;4.1399999895475;415;1 A;
47.8062528793008;-0.09991455078125;0.0048980712890625;4.14999998952226;416;1 A;
47.8162528792756;-0.099884033203125;0.0049102783203125;4.15999998949701;417;1 A;
47.8262528792503;-0.099853515625;0.0047943115234375;4.16999998947176;418;1 A;
47.8362528792251;-0.099822998046875;0.0048065185546875;4.17999998944651;419;1 A;
47.8462528791998;-0.099884033203125;0.0046661376953125;4.18999998942127;420;1 A;
47.8562528791746;-0.099884033203125;0.00466003417968749;4.19999998939602;421;1 A;
47.8662528791493;-0.099884033203125;0.00472412109375001;4.20999998937077;422;1 A;
47.8762528791241;-0.099822998046875;0.00457153320312501;4.21999998934552;423;1 A;
47.8862528790988;-0.099853515625;0.00465087890625;4.22999998932028;424;1 A;
47.8962528790736;-0.099853515625;0.004669189453125;4.23999998929503;425;1 A;
47.9062528790483;-0.099822998046875;0.00461730957031251;4.24999998926978;426;1 A;
47.9162528790231;-0.09991455078125;0.00505676269531249;4.25999998924453;427;1 A;
47.9262528789978;-0.099884033203125;0.00462646484375;4.26999998921929;428;1 A;
47.9362528789726;-0.099853515625;0.0048370361328125;4.27999998919404;429;1 A;
47.9462528789473;-0.099884033203125;0.00473632812499999;4.28999998916879;430;1 A;
47.9562528789221;-0.099822998046875;0.00451049804687501;4.29999998914354;431;1 A;
47.9662528788969;-0.099853515625;0.0044281005859375;4.3099999891183;432;1 A;
47.9762528788716;-0.09991455078125;0.00446166992187499;4.31999998909305;433;1 A;
47.9862528788464;-0.099884033203125;0.004351806640625;4.3299999890678;434;1 A;
47.9962528788211;-0.099884033203125;0.0044097900390625;4.33999998904255;435;1 A;
48.0062528787959;-0.099884033203125;0.00425109863281251;4.34999998901731;436;1 A;
48.0162528787706;-0.099853515625;0.00418701171874999;4.35999998899206;437;1 A;
48.0262528787454;-0.09991455078125;0.00419921875;4.36999998896681;438;1 A;
48.0362528787201;-0.099853515625;0.0044097900390625;4.37999998894156;439;1 A;
48.0462528786949;-0.099853515625;0.0043060302734375;4.38999998891632;440;1 A;
48.0562528786696;-0.099884033203125;0.00424804687499999;4.39999998889107;441;1 A;
48.0662528786444;-0.09979248046875;0.00409545898437499;4.40999998886582;442;1 A;
48.0762528786191;-0.099761962890625;0.00417480468750001;4.41999998884057;443;1 A;
48.0862528785939;-0.099884033203125;0.00417480468750001;4.42999998881533;444;1 A;
48.0962528785686;-0.099884033203125;0.004168701171875;4.43999998879008;445;1 A;
48.1062528785434;-0.099853515625;0.004058837890625;4.44999998876483;446;1 A;
48.1162528785181;-0.099884033203125;0.00411071777343749;4.45999998873958;447;1 A;
48.1262528784929;-0.099822998046875;0.0039337158203125;4.46999998871433;448;1 A;
48.1362528784676;-0.09991455078125;0.0039520263671875;4.47999998868909;449;1 A;
48.1462528784424;-0.099884033203125;0.00402221679687501;4.48999998866384;450;1 A;
48.1562528784171;-0.099884033203125;0.004107666015625;4.49999998863859;451;1 A;
48.1662528783919;-0.099853515625;0.00408020019531249;4.50999998861334;452;1 A;
48.1762528783667;-0.099884033203125;0.00415954589843751;4.5199999885881;453;1 A;
48.1862528783414;-0.099853515625;0.00386962890625001;4.52999998856285;454;1 A;
48.1962528783162;-0.099884033203125;0.00391540527343751;4.5399999885376;455;1 A;
48.2062528782909;-0.099822998046875;0.00397644042968751;4.54999998851235;456;1 A;
48.2162528782657;-0.099884033203125;0.00412597656249999;4.55999998848711;457;1 A;
48.2262528782404;-0.099853515625;0.00401611328125;4.56999998846186;458;1 A;
48.2362528782152;-0.099822998046875;0.0038909912109375;4.57999998843661;459;1 A;
48.2462528781899;-0.099822998046875;0.0037994384765625;4.58999998841136;460;1 A;
48.2562528781647;-0.099822998046875;0.00379333496093751;4.59999998838612;461;1 A;
48.2662528781394;-0.09979248046875;0.0037811279296875;4.60999998836087;462;1 A;
48.2762528781142;-0.09991455078125;0.00394287109374999;4.61999998833562;463;1 A;
48.2862528780889;-0.09979248046875;0.0038177490234375;4.62999998831037;464;1 A;
48.2962528780637;-0.09991455078125;0.00379333496093751;4.63999998828513;465;1 A;
48.3062528780384;-0.099884033203125;0.00370178222656251;4.64999998825988;466;1 A;
48.3162528780132;-0.099884033203125;0.00386657714843749;4.65999998823463;467;1 A;
48.3262528779879;-0.099853515625;0.0037689208984375;4.66999998820938;468;1 A;
48.3362528779627;-0.099853515625;0.0037200927734375;4.67999998818414;469;1 A;
48.3462528779374;-0.099884033203125;0.00372314453125;4.68999998815889;470;1 A;
48.3562528779122;-0.099884033203125;0.0037689208984375;4.69999998813364;471;1 A;
48.366252877887;-0.09979248046875;0.00359191894531249;4.70999998810839;472;1 A;
48.3762528778617;-0.099884033203125;0.0035430908203125;4.71999998808315;473;1 A;
48.3862528778365;-0.09991455078125;0.003582763671875;4.7299999880579;474;1 A;
48.3962528778112;-0.099853515625;0.003741455078125;4.73999998803265;475;1 A;
48.406252877786;-0.099822998046875;0.0035888671875;4.7499999880074;476;1 A;
48.4162528777607;-0.099853515625;0.0035675048828125;4.75999998798216;477;1 A;
48.4262528777355;-0.09979248046875;0.0035247802734375;4.76999998795691;478;1 A;
48.4362528777102;-0.099853515625;0.00356140136718749;4.77999998793166;479;1 A;
48.446252877685;-0.099853515625;0.00351562499999999;4.78999998790641;480;1 A;
48.4562528776597;-0.099853515625;0.00350036621093749;4.79999998788116;481;1 A;
48.4662528776345;-0.099853515625;0.00353393554687501;4.80999998785592;482;1 A;
48.4762528776092;-0.099853515625;0.00342407226562499;4.81999998783067;483;1 A;
48.486252877584;-0.099853515625;0.0034027099609375;4.82999998780542;484;1 A;
48.4962528775587;-0.099822998046875;0.003399658203125;4.83999998778017;485;1 A;
48.5062528775335;-0.099822998046875;0.00343933105468749;4.84999998775493;486;1 A;
48.5162528775082;-0.099884033203125;0.003680419921875;4.85999998772968;487;1 A;
48.526252877483;-0.099853515625;0.00353393554687501;4.86999998770443;488;1 A;
48.5362528774577;-0.099822998046875;0.003680419921875;4.87999998767918;489;1 A;
48.5462528774325;-0.099945068359375;0.00347900390625;4.88999998765394;490;1 A;
48.5562528774072;-0.099853515625;0.0035430908203125;4.89999998762869;491;1 A;
48.566252877382;-0.099853515625;0.00342712402343751;4.90999998760344;492;1 A;
48.5762528773568;-0.099884033203125;0.00350036621093749;4.91999998757819;493;1 A;
48.5862528773315;-0.099853515625;0.0033538818359375;4.92999998755295;494;1 A;
48.5962528773063;-0.099884033203125;0.0033294677734375;4.9399999875277;495;1 A;
48.606252877281;-0.099853515625;0.0032379150390625;4.94999998750245;496;1 A;
48.6162528772558;-0.099884033203125;0.0032318115234375;4.9599999874772;497;1 A;
48.6262528772305;-0.099853515625;0.0032989501953125;4.96999998745196;498;1 A;
48.6362528772053;-0.099884033203125;0.003558349609375;4.97999998742671;499;1 A;
48.64625287718;-0.099822998046875;0.0034759521484375;4.98999998740146;500;1 A;
48.6562528771548;-0.099884033203125;0.003448486328125;4.99999998737621;501;1 A;
48.6662528771295;-0.099822998046875;0.0033538818359375;5.00999998735097;502;1 A;
48.6762528771043;-0.099822998046875;0.0036285400390625;5.01999998732572;503;1 A;
48.686252877079;-0.099884033203125;0.0034454345703125;5.02999998730047;504;1 A;
48.6962528770538;-0.099822998046875;0.0033843994140625;5.03999998727522;505;1 A;
48.7062528770285;-0.099853515625;0.00342407226562499;5.04999998724998;506;1 A;
48.7162528770033;-0.099853515625;0.003277587890625;5.05999998722473;507;1 A;
48.726252876978;-0.099853515625;0.00319519042968749;5.06999998719948;508;1 A;
48.7362528769528;-0.099884033203125;0.0031707763671875;5.07999998717423;509;1 A;
48.7462528769275;-0.09979248046875;0.0032806396484375;5.08999998714899;510;1 A;
48.7562528769023;-0.099884033203125;0.003704833984375;5.09999998712374;511;1 A;
48.766252876877;-0.099884033203125;0.00343017578125;5.10999998709849;512;1 A;
48.7762528768518;-0.09979248046875;0.003448486328125;5.11999998707324;513;1 A;
48.7862528768266;-0.099822998046875;0.003466796875;5.129999987048;514;1 A;
48.7962528768013;-0.09991455078125;0.00325622558593749;5.13999998702275;515;1 A;
48.8062528767761;-0.099822998046875;0.00322570800781249;5.1499999869975;516;1 A;
48.8162528767508;-0.099853515625;0.00313720703125001;5.15999998697225;517;1 A;
48.8262528767256;-0.099822998046875;0.00317993164062499;5.169999986947;518;1 A;
48.8362528767003;-0.099853515625;0.003070068359375;5.17999998692176;519;1 A;
48.8462528766751;-0.09991455078125;0.0030853271484375;5.18999998689651;520;1 A;
48.8562528766498;-0.099853515625;0.00307312011718749;5.19999998687126;521;1 A;
48.8662528766246;-0.099822998046875;0.003253173828125;5.20999998684601;522;1 A;
48.8762528765993;-0.09991455078125;0.00330810546875;5.21999998682077;523;1 A;
48.8862528765741;-0.099761962890625;0.0031402587890625;5.22999998679552;524;1 A;
48.8962528765488;-0.09991455078125;0.00307312011718749;5.23999998677027;525;1 A;
48.9062528765236;-0.099884033203125;0.0031005859375;5.24999998674502;526;1 A;
48.9162528764983;-0.099853515625;0.0030853271484375;5.25999998671978;527;1 A;
48.9262528764731;-0.099945068359375;0.0030059814453125;5.26999998669453;528;1 A;
48.9362528764478;-0.099853515625;0.003021240234375;5.27999998666928;529;1 A;
48.9462528764226;-0.099884033203125;0.00295410156250001;5.28999998664403;530;1 A;
48.9562528763973;-0.099884033203125;0.00298461914062501;5.29999998661879;531;1 A;
48.9662528763721;-0.099822998046875;0.0029144287109375;5.30999998659354;532;1 A;
48.9762528763468;-0.099822998046875;0.0028045654296875;5.31999998656829;533;1 A;
48.9862528763216;-0.099853515625;0.0029022216796875;5.32999998654304;534;1 A;
48.9962528762964;-0.099884033203125;0.00328979492187501;5.3399999865178;535;1 A;
49.0062528762711;-0.099853515625;0.003021240234375;5.34999998649255;536;1 A;
49.0162528762459;-0.099853515625;0.00290832519531251;5.3599999864673;537;1 A;
49.0262528762206;-0.09979248046875;0.0028533935546875;5.36999998644205;538;1 A;
49.0362528761954;-0.09991455078125;0.00285949707031249;5.37999998641681;539;1 A;
49.0462528761701;-0.099884033203125;0.00281372070312499;5.38999998639156;540;1 A;
49.0562528761449;-0.099853515625;0.0029144287109375;5.39999998636631;541;1 A;
49.0662528761196;-0.099822998046875;0.00278320312499999;5.40999998634106;542;1 A;
49.0762528760944;-0.099884033203125;0.002777099609375;5.41999998631582;543;1 A;
49.0862528760691;-0.099884033203125;0.00275268554687499;5.42999998629057;544;1 A;
49.0962528760439;-0.099822998046875;0.0027313232421875;5.43999998626532;545;1 A;
49.1062528760186;-0.099822998046875;0.00275268554687499;5.44999998624007;546;1 A;
49.1162528759934;-0.09991455078125;0.00303955078125;5.45999998621483;547;1 A;
49.1262528759681;-0.099884033203125;0.002880859375;5.46999998618958;548;1 A;
49.1362528759429;-0.09979248046875;0.0028961181640625;5.47999998616433;549;1 A;
49.1462528759176;-0.09991455078125;0.0027130126953125;5.48999998613908;550;1 A;
49.1562528758924;-0.099822998046875;0.00264892578125001;5.49999998611383;551;1 A;
49.1662528758671;-0.099822998046875;0.0026397705078125;5.50999998608859;552;1 A;
49.1762528758419;-0.099884033203125;0.00270996093750001;5.51999998606334;553;1 A;
49.1862528758166;-0.09991455078125;0.0026580810546875;5.52999998603809;554;1 A;
49.1962528757914;-0.099853515625;0.0026580810546875;5.53999998601284;555;1 A;
49.2062528757662;-0.099853515625;0.00264892578125001;5.5499999859876;556;1 A;
49.2162528757409;-0.099822998046875;0.00252380371093749;5.55999998596235;557;1 A;
49.2262528757157;-0.099853515625;0.00262451171875;5.5699999859371;558;1 A;
49.2362528756904;-0.099822998046875;0.00280151367187501;5.57999998591185;559;1 A;
49.2462528756652;-0.09991455078125;0.002685546875;5.58999998588661;560;1 A;
49.2562528756399;-0.099822998046875;0.00261840820312501;5.59999998586136;561;1 A;
49.2662528756147;-0.099853515625;0.0025909423828125;5.60999998583611;562;1 A;
49.2762528755894;-0.099884033203125;0.00257263183593751;5.61999998581086;563;1 A;
49.2862528755642;-0.09991455078125;0.00267333984375;5.62999998578562;564;1 A;
49.2962528755389;-0.099853515625;0.00269470214843751;5.63999998576037;565;1 A;
49.3062528755137;-0.099853515625;0.00257568359375;5.64999998573512;566;1 A;
49.3162528754884;-0.099884033203125;0.00258789062500001;5.65999998570987;567;1 A;
49.3262528754632;-0.099884033203125;0.0025360107421875;5.66999998568463;568;1 A;
49.3362528754379;-0.099945068359375;0.0025299072265625;5.67999998565938;569;1 A;
49.3462528754127;-0.09979248046875;0.0027008056640625;5.68999998563413;570;1 A;
49.3562528753874;-0.099853515625;0.00294189453125;5.69999998560888;571;1 A;
49.3662528753622;-0.099853515625;0.00278625488281251;5.70999998558364;572;1 A;
49.3762528753369;-0.099822998046875;0.002764892578125;5.71999998555839;573;1 A;
49.3862528753117;-0.099884033203125;0.002593994140625;5.72999998553314;574;1 A;
49.3962528752865;-0.099884033203125;0.00289306640625001;5.73999998550789;575;1 A;
49.4062528752612;-0.099761962890625;0.00258483886718749;5.74999998548265;576;1 A;
49.416252875236;-0.099853515625;0.002593994140625;5.7599999854574;577;1 A;
49.4262528752107;-0.099822998046875;0.00242919921875;5.76999998543215;578;1 A;
49.4362528751855;-0.099822998046875;0.00240478515625001;5.7799999854069;579;1 A;
49.4462528751602;-0.099884033203125;0.0023681640625;5.78999998538166;580;1 A;
49.456252875135;-0.099853515625;0.0024444580078125;5.79999998535641;581;1 A;
49.4662528751097;-0.099853515625;0.00249633789062501;5.80999998533116;582;1 A;
49.4762528750845;-0.099884033203125;0.00270690917968749;5.81999998530591;583;1 A;
49.4862528750592;-0.099945068359375;0.0025604248046875;5.82999998528066;584;1 A;
49.496252875034;-0.099853515625;0.0025360107421875;5.83999998525542;585;1 A;
49.5062528750087;-0.099884033203125;0.0024383544921875;5.84999998523017;586;1 A;
49.5162528749835;-0.09979248046875;0.0025177001953125;5.85999998520492;587;1 A;
49.5262528749582;-0.09991455078125;0.00244140625;5.86999998517967;588;1 A;
49.536252874933;-0.099853515625;0.0025054931640625;5.87999998515443;589;1 A;
49.5462528749077;-0.099853515625;0.002459716796875;5.88999998512918;590;1 A;
49.5562528748825;-0.099884033203125;0.00238647460937499;5.89999998510393;591;1 A;
49.5662528748572;-0.099822998046875;0.0022857666015625;5.90999998507868;592;1 A;
49.576252874832;-0.099853515625;0.00226440429687499;5.91999998505344;593;1 A;
49.5862528748067;-0.099884033203125;0.002288818359375;5.92999998502819;594;1 A;
49.5962528747815;-0.099822998046875;0.00257568359375;5.93999998500294;595;1 A;
49.6062528747563;-0.099853515625;0.00243530273437501;5.94999998497769;596;1 A;
49.616252874731;-0.099853515625;0.00235595703124999;5.95999998495245;597;1 A;
49.6262528747058;-0.099822998046875;0.0022552490234375;5.9699999849272;598;1 A;
49.6362528746805;-0.09991455078125;0.00223388671874999;5.97999998490195;599;1 A;
49.6462528746553;-0.09991455078125;0.0022705078125;5.9899999848767;600;1 A;
49.65625287463;-0.099884033203125;0.0023223876953125;5.99999998485146;601;1 A;
49.6662528746048;-0.099853515625;0.002288818359375;6.00999998482621;602;1 A;
49.6762528745795;-0.099822998046875;0.00223388671874999;6.01999998480096;603;1 A;
49.6862528745543;-0.099884033203125;0.0022308349609375;6.02999998477571;604;1 A;
49.696252874529;-0.09979248046875;0.00218505859375;6.03999998475047;605;1 A;
49.7062528745038;-0.099884033203125;0.00221862792968749;6.04999998472522;606;1 A;
49.7162528744785;-0.09979248046875;0.00234375000000001;6.05999998469997;607;1 A;
49.7262528744533;-0.099853515625;0.0023956298828125;6.06999998467472;608;1 A;
49.736252874428;-0.099945068359375;0.00242004394531251;6.07999998464948;609;1 A;
49.7462528744028;-0.09991455078125;0.0022705078125;6.08999998462423;610;1 A;
49.7562528743775;-0.099853515625;0.0022613525390625;6.09999998459898;611;1 A;
49.7662528743523;-0.099853515625;0.0022003173828125;6.10999998457373;612;1 A;
49.776252874327;-0.099822998046875;0.00234375000000001;6.11999998454849;613;1 A;
49.7862528743018;-0.099822998046875;0.00226745605468751;6.12999998452324;614;1 A;
49.7962528742765;-0.099853515625;0.0022552490234375;6.13999998449799;615;1 A;
49.8062528742513;-0.099853515625;0.0021484375;6.14999998447274;616;1 A;
49.8162528742261;-0.099884033203125;0.002105712890625;6.1599999844475;617;1 A;
49.8262528742008;-0.099822998046875;0.00220947265625;6.16999998442225;618;1 A;
49.8362528741756;-0.099853515625;0.002606201171875;6.179999984397;619;1 A;
49.8462528741503;-0.099822998046875;0.0024383544921875;6.18999998437175;620;1 A;
49.8562528741251;-0.09979248046875;0.0022308349609375;6.1999999843465;621;1 A;
49.8662528740998;-0.099884033203125;0.00223693847656251;6.20999998432126;622;1 A;
49.8762528740746;-0.099853515625;0.0022613525390625;6.21999998429601;623;1 A;
49.8862528740493;-0.09991455078125;0.00230712890625;6.22999998427076;624;1 A;
49.8962528740241;-0.099884033203125;0.002276611328125;6.23999998424551;625;1 A;
49.9062528739988;-0.09991455078125;0.0021942138671875;6.24999998422027;626;1 A;
49.9162528739736;-0.099853515625;0.0023345947265625;6.25999998419502;627;1 A;
49.9262528739483;-0.09991455078125;0.002227783203125;6.26999998416977;628;1 A;
49.9362528739231;-0.099884033203125;0.0022247314453125;6.27999998414452;629;1 A;
49.9462528738978;-0.099884033203125;0.0023681640625;6.28999998411928;630;1 A;
49.9562528738726;-0.099884033203125;0.00254211425781251;6.29999998409403;631;1 A;
49.9662528738473;-0.099822998046875;0.00237426757812501;6.30999998406878;632;1 A;
49.9762528738221;-0.099822998046875;0.0023468017578125;6.31999998404353;633;1 A;
49.9862528737968;-0.099884033203125;0.00230712890625;6.32999998401829;634;1 A;
49.9962528737716;-0.099884033203125;0.0023529052734375;6.33999998399304;635;1 A;
50.0062528737463;-0.099853515625;0.00224609375;6.34999998396779;636;1 A;
50.0162528737211;-0.099945068359375;0.0023345947265625;6.35999998394254;637;1 A;
50.0262528736959;-0.099853515625;0.00211486816406251;6.3699999839173;638;1 A;
50.0362528736706;-0.099884033203125;0.0020782470703125;6.37999998389205;639;1 A;
50.0462528736454;-0.099853515625;0.00206298828125;6.3899999838668;640;1 A;
50.0562528736201;-0.099853515625;0.00208740234375;6.39999998384155;641;1 A;
50.0662528735949;-0.099853515625;0.00216064453125001;6.40999998381631;642;1 A;
50.0762528735696;-0.099884033203125;0.0024871826171875;6.41999998379106;643;1 A;
50.0862528735444;-0.099884033203125;0.00215759277343749;6.42999998376581;644;1 A;
50.0962528735191;-0.099884033203125;0.00220947265625;6.43999998374056;645;1 A;
50.1062528734939;-0.099853515625;0.00208435058593751;6.44999998371532;646;1 A;
50.1162528734686;-0.099853515625;0.00206298828125;6.45999998369007;647;1 A;
50.1262528734434;-0.099884033203125;0.0020416259765625;6.46999998366482;648;1 A;
50.1362528734181;-0.099853515625;0.00219116210937501;6.47999998363957;649;1 A;
50.1462528733929;-0.099884033203125;0.00197753906250001;6.48999998361433;650;1 A;
50.1562528733676;-0.099853515625;0.00188293457031249;6.49999998358908;651;1 A;
50.1662528733424;-0.099822998046875;0.0018157958984375;6.50999998356383;652;1 A;
50.1762528733171;-0.099853515625;0.0018798828125;6.51999998353858;653;1 A;
50.1862528732919;-0.099884033203125;0.001971435546875;6.52999998351333;654;1 A;
50.1962528732666;-0.099884033203125;0.0021697998046875;6.53999998348809;655;1 A;
50.2062528732414;-0.09991455078125;0.0019683837890625;6.54999998346284;656;1 A;
50.2162528732161;-0.099822998046875;0.0020416259765625;6.55999998343759;657;1 A;
50.2262528731909;-0.09991455078125;0.0019073486328125;6.56999998341234;658;1 A;
50.2362528731657;-0.099945068359375;0.0018890380859375;6.5799999833871;659;1 A;
50.2462528731404;-0.099853515625;0.0019683837890625;6.58999998336185;660;1 A;
50.2562528731152;-0.09991455078125;0.00195922851562499;6.5999999833366;661;1 A;
50.2662528730899;-0.099853515625;0.00185241699218749;6.60999998331135;662;1 A;
50.2762528730647;-0.099884033203125;0.001812744140625;6.61999998328611;663;1 A;
50.2862528730394;-0.09991455078125;0.00180969238281251;6.62999998326086;664;1 A;
50.2962528730142;-0.099853515625;0.00182495117187501;6.63999998323561;665;1 A;
50.3062528729889;-0.099884033203125;0.00190124511718751;6.64999998321036;666;1 A;
50.3162528729637;-0.099853515625;0.001995849609375;6.65999998318512;667;1 A;
50.3262528729384;-0.099884033203125;0.0020294189453125;6.66999998315987;668;1 A;
50.3362528729132;-0.09991455078125;0.001953125;6.67999998313462;669;1 A;
50.3462528728879;-0.099822998046875;0.001849365234375;6.68999998310937;670;1 A;
50.3562528728627;-0.099884033203125;0.0018890380859375;6.69999998308413;671;1 A;
50.3662528728374;-0.099945068359375;0.00185241699218749;6.70999998305888;672;1 A;
50.3762528728122;-0.099853515625;0.001971435546875;6.71999998303363;673;1 A;
50.3862528727869;-0.09991455078125;0.0018310546875;6.72999998300838;674;1 A;
50.3962528727617;-0.09991455078125;0.0018035888671875;6.73999998298314;675;1 A;
50.4062528727364;-0.099822998046875;0.00188293457031249;6.74999998295789;676;1 A;
50.4162528727112;-0.09991455078125;0.001727294921875;6.75999998293264;677;1 A;
50.426252872686;-0.09991455078125;0.00177917480468751;6.76999998290739;678;1 A;
50.4362528726607;-0.09979248046875;0.0019500732421875;6.77999998288215;679;1 A;
50.4462528726355;-0.099822998046875;0.001934814453125;6.7899999828569;680;1 A;
50.4562528726102;-0.099822998046875;0.00185241699218749;6.79999998283165;681;1 A;
50.466252872585;-0.099884033203125;0.00177001953125;6.8099999828064;682;1 A;
50.4762528725597;-0.09991455078125;0.0018157958984375;6.81999998278116;683;1 A;
50.4862528725345;-0.099884033203125;0.00174560546874999;6.82999998275591;684;1 A;
50.4962528725092;-0.099884033203125;0.0018768310546875;6.83999998273066;685;1 A;
50.506252872484;-0.099884033203125;0.00179138183593749;6.84999998270541;686;1 A;
50.5162528724587;-0.09979248046875;0.0018157958984375;6.85999998268016;687;1 A;
50.5262528724335;-0.099884033203125;0.00174560546874999;6.86999998265492;688;1 A;
50.5362528724082;-0.099853515625;0.00177612304687499;6.87999998262967;689;1 A;
50.546252872383;-0.099822998046875;0.0019378662109375;6.88999998260442;690;1 A;
50.5562528723577;-0.099822998046875;0.002117919921875;6.89999998257917;691;1 A;
50.5662528723325;-0.099853515625;0.0018890380859375;6.90999998255393;692;1 A;
50.5762528723072;-0.099853515625;0.00189208984375;6.91999998252868;693;1 A;
50.586252872282;-0.099945068359375;0.00182495117187501;6.92999998250343;694;1 A;
50.5962528722567;-0.099884033203125;0.001873779296875;6.93999998247818;695;1 A;
50.6062528722315;-0.099822998046875;0.00185546875000001;6.94999998245294;696;1 A;
50.6162528722062;-0.099884033203125;0.0018157958984375;6.95999998242769;697;1 A;
50.626252872181;-0.099822998046875;0.001739501953125;6.96999998240244;698;1 A;
50.6362528721558;-0.099884033203125;0.0016632080078125;6.97999998237719;699;1 A;
50.6462528721305;-0.09991455078125;0.0016326904296875;6.98999998235195;700;1 A;
50.6562528721053;-0.099822998046875;0.0016937255859375;6.9999999823267;701;1 A;
50.66625287208;-0.099853515625;0.0018341064453125;7.00999998230145;702;1 A;
50.6762528720548;-0.09991455078125;0.0021942138671875;7.0199999822762;703;1 A;
50.6862528720295;-0.099884033203125;0.00197448730468749;7.02999998225096;704;1 A;
50.6962528720043;-0.099853515625;0.0020416259765625;7.03999998222571;705;1 A;
50.706252871979;-0.099822998046875;0.00189819335937499;7.04999998220046;706;1 A;
50.7162528719538;-0.099822998046875;0.0018035888671875;7.05999998217521;707;1 A;
50.7262528719285;-0.099884033203125;0.00180969238281251;7.06999998214997;708;1 A;
50.7362528719033;-0.099822998046875;0.001751708984375;7.07999998212472;709;1 A;
50.746252871878;-0.099822998046875;0.001666259765625;7.08999998209947;710;1 A;
50.7562528718528;-0.09991455078125;0.0017059326171875;7.09999998207422;711;1 A;
50.7662528718275;-0.099884033203125;0.00163879394531249;7.10999998204898;712;1 A;
50.7762528718023;-0.09991455078125;0.00165710449218751;7.11999998202373;713;1 A;
50.786252871777;-0.099884033203125;0.0016815185546875;7.12999998199848;714;1 A;
50.7962528717518;-0.099884033203125;0.0019866943359375;7.13999998197323;715;1 A;
50.8062528717265;-0.099884033203125;0.0017059326171875;7.14999998194799;716;1 A;
50.8162528717013;-0.099822998046875;0.00177001953125;7.15999998192274;717;1 A;
50.826252871676;-0.099884033203125;0.001556396484375;7.16999998189749;718;1 A;
50.8362528716508;-0.099853515625;0.00168762207031251;7.17999998187224;719;1 A;
50.8462528716256;-0.099853515625;0.00165405273437499;7.189999981847;720;1 A;
50.8562528716003;-0.09991455078125;0.00194091796875;7.19999998182175;721;1 A;
50.8662528715751;-0.099884033203125;0.001605224609375;7.2099999817965;722;1 A;
50.8762528715498;-0.099822998046875;0.0014984130859375;7.21999998177125;723;1 A;
50.8862528715246;-0.099853515625;0.0014495849609375;7.229999981746;724;1 A;
50.8962528714993;-0.099884033203125;0.00144348144531251;7.23999998172076;725;1 A;
50.9062528714741;-0.099853515625;0.00153198242187499;7.24999998169551;726;1 A;
50.9162528714488;-0.09991455078125;0.0017547607421875;7.25999998167026;727;1 A;
50.9262528714236;-0.099822998046875;0.0017120361328125;7.26999998164501;728;1 A;
50.9362528713983;-0.09991455078125;0.00168762207031251;7.27999998161977;729;1 A;
50.9462528713731;-0.099822998046875;0.0014678955078125;7.28999998159452;730;1 A;
50.9562528713478;-0.099853515625;0.00150146484374999;7.29999998156927;731;1 A;
50.9662528713226;-0.099853515625;0.001513671875;7.30999998154402;732;1 A;
50.9762528712973;-0.09991455078125;0.0015594482421875;7.31999998151878;733;1 A;
50.9862528712721;-0.09991455078125;0.001446533203125;7.32999998149353;734;1 A;
50.9962528712468;-0.099822998046875;0.00145568847656249;7.33999998146828;735;1 A;
51.0062528712216;-0.099853515625;0.00137939453124999;7.34999998144303;736;1 A;
51.0162528711963;-0.099884033203125;0.00133666992187501;7.35999998141779;737;1 A;
51.0262528711711;-0.099853515625;0.001446533203125;7.36999998139254;738;1 A;
51.0362528711458;-0.099884033203125;0.00168762207031251;7.37999998136729;739;1 A;
51.0462528711206;-0.099853515625;0.00161132812500001;7.38999998134204;740;1 A;
51.0562528710954;-0.099822998046875;0.00145874023437501;7.3999999813168;741;1 A;
51.0662528710701;-0.099884033203125;0.0014373779296875;7.40999998129155;742;1 A;
51.0762528710449;-0.099945068359375;0.0014495849609375;7.4199999812663;743;1 A;
51.0862528710196;-0.09991455078125;0.00135498046875;7.42999998124105;744;1 A;
51.0962528709944;-0.099853515625;0.001422119140625;7.43999998121581;745;1 A;
51.1062528709691;-0.099853515625;0.00144348144531251;7.44999998119056;746;1 A;
51.1162528709439;-0.099853515625;0.00137939453124999;7.45999998116531;747;1 A;
51.1262528709186;-0.099884033203125;0.00134887695312499;7.46999998114006;748;1 A;
51.1362528708934;-0.099853515625;0.00133666992187501;7.47999998111482;749;1 A;
51.1462528708681;-0.099822998046875;0.00150451660156251;7.48999998108957;750;1 A;
51.1562528708429;-0.099853515625;0.0017059326171875;7.49999998106432;751;1 A;
51.1662528708176;-0.099884033203125;0.00145874023437501;7.50999998103907;752;1 A;
51.1762528707924;-0.099884033203125;0.00151672363281249;7.51999998101383;753;1 A;
51.1862528707671;-0.099945068359375;0.00147399902343751;7.52999998098858;754;1 A;
51.1962528707419;-0.099853515625;0.00160827636718749;7.53999998096333;755;1 A;
51.2062528707166;-0.099822998046875;0.00148620605468749;7.54999998093808;756;1 A;
51.2162528706914;-0.099884033203125;0.001483154296875;7.55999998091283;757;1 A;
51.2262528706661;-0.099884033203125;0.00135192871093751;7.56999998088759;758;1 A;
51.2362528706409;-0.099884033203125;0.0013397216796875;7.57999998086234;759;1 A;
51.2462528706156;-0.099822998046875;0.0013580322265625;7.58999998083709;760;1 A;
51.2562528705904;-0.099853515625;0.0013763427734375;7.59999998081184;761;1 A;
51.2662528705652;-0.099884033203125;0.001422119140625;7.6099999807866;762;1 A;
51.2762528705399;-0.099853515625;0.0017547607421875;7.61999998076135;763;1 A;
51.2862528705147;-0.099822998046875;0.0014495849609375;7.6299999807361;764;1 A;
51.2962528704894;-0.099884033203125;0.00147705078125;7.63999998071085;765;1 A;
51.3062528704642;-0.099822998046875;0.001312255859375;7.64999998068561;766;1 A;
51.3162528704389;-0.099884033203125;0.0013702392578125;7.65999998066036;767;1 A;
51.3262528704137;-0.099884033203125;0.00135192871093751;7.66999998063511;768;1 A;
51.3362528703884;-0.099853515625;0.00151672363281249;7.67999998060986;769;1 A;
51.3462528703632;-0.09979248046875;0.0013885498046875;7.68999998058462;770;1 A;
51.3562528703379;-0.099884033203125;0.0012939453125;7.69999998055937;771;1 A;
51.3662528703127;-0.099853515625;0.00129089355468751;7.70999998053412;772;1 A;
51.3762528702874;-0.099853515625;0.0011871337890625;7.71999998050887;773;1 A;
51.3862528702622;-0.099761962890625;0.00122680664062499;7.72999998048363;774;1 A;
51.3962528702369;-0.09991455078125;0.0014007568359375;7.73999998045838;775;1 A;
51.4062528702117;-0.099884033203125;0.00136413574218749;7.74999998043313;776;1 A;
51.4162528701864;-0.099822998046875;0.00133056640625;7.75999998040788;777;1 A;
51.4262528701612;-0.0999755859375;0.00122680664062499;7.76999998038264;778;1 A;
51.4362528701359;-0.099822998046875;0.0013702392578125;7.77999998035739;779;1 A;
51.4462528701107;-0.09979248046875;0.00133361816406249;7.78999998033214;780;1 A;
51.4562528700855;-0.09991455078125;0.0013397216796875;7.79999998030689;781;1 A;
51.4662528700602;-0.099853515625;0.00123291015625;7.80999998028165;782;1 A;
51.476252870035;-0.099884033203125;0.00129089355468751;7.8199999802564;783;1 A;
51.4862528700097;-0.099853515625;0.00118103027343749;7.82999998023115;784;1 A;
51.4962528699845;-0.099853515625;0.0011322021484375;7.8399999802059;785;1 A;
51.5062528699592;-0.099822998046875;0.00115051269531249;7.84999998018066;786;1 A;
51.516252869934;-0.09991455078125;0.0013092041015625;7.85999998015541;787;1 A;
51.5262528699087;-0.099853515625;0.00122680664062499;7.86999998013016;788;1 A;
51.5362528698835;-0.099853515625;0.0013153076171875;7.87999998010491;789;1 A;
51.5462528698582;-0.099853515625;0.00115966796875;7.88999998007966;790;1 A;
51.556252869833;-0.099884033203125;0.00110473632812499;7.89999998005442;791;1 A;
51.5662528698077;-0.099945068359375;0.00107727050781251;7.90999998002917;792;1 A;
51.5762528697825;-0.099822998046875;0.0011566162109375;7.91999998000392;793;1 A;
51.5862528697572;-0.09979248046875;0.0010833740234375;7.92999997997867;794;1 A;
51.596252869732;-0.099822998046875;0.0010498046875;7.93999997995343;795;1 A;
51.6062528697067;-0.099822998046875;0.000985717773437506;7.94999997992818;796;1 A;
51.6162528696815;-0.099884033203125;0.0010101318359375;7.95999997990293;797;1 A;
51.6262528696562;-0.099853515625;0.0010406494140625;7.96999997987768;798;1 A;
51.636252869631;-0.099945068359375;0.001177978515625;7.97999997985244;799;1 A;
51.6462528696057;-0.099853515625;0.0011138916015625;7.98999997982719;800;1 A;
51.6562528695805;-0.099822998046875;0.0010986328125;7.99999997980194;801;1 A;
51.6662528695553;-0.099884033203125;0.0010406494140625;8.00999997977669;802;1 A;
51.67625286953;-0.099884033203125;0.0011627197265625;8.01999997975145;803;1 A;
51.6862528695048;-0.099822998046875;0.00106201171875001;8.0299999797262;804;1 A;
51.6962528694795;-0.099853515625;0.00104675292968751;8.03999997970095;805;1 A;
51.7062528694543;-0.099853515625;0.001055908203125;8.0499999796757;806;1 A;
51.716252869429;-0.099853515625;0.000994873046874997;8.05999997965046;807;1 A;
51.7262528694038;-0.099884033203125;0.000933837890624997;8.06999997962521;808;1 A;
51.7362528693785;-0.099822998046875;0.000912475585937503;8.07999997959996;809;1 A;
51.7462528693533;-0.099853515625;0.00102844238281249;8.08999997957471;810;1 A;
51.756252869328;-0.099884033203125;0.001263427734375;8.09999997954947;811;1 A;
51.7662528693028;-0.099853515625;0.00100097656250001;8.10999997952422;812;1 A;
51.7762528692775;-0.09991455078125;0.000994873046874997;8.11999997949897;813;1 A;
51.7862528692523;-0.099884033203125;0.000933837890624997;8.12999997947372;814;1 A;
51.796252869227;-0.099822998046875;0.00101318359374999;8.13999997944848;815;1 A;
51.8062528692018;-0.099853515625;0.000958251953125003;8.14999997942323;816;1 A;
51.8162528691765;-0.099853515625;0.0010528564453125;8.15999997939798;817;1 A;
51.8262528691513;-0.099884033203125;0.0009613037109375;8.16999997937273;818;1 A;
51.836252869126;-0.099884033203125;0.000860595703124994;8.17999997934749;819;1 A;
51.8462528691008;-0.099822998046875;0.000848388671875006;8.18999997932224;820;1 A;
51.8562528690755;-0.099884033203125;0.000836181640625003;8.19999997929699;821;1 A;
51.8662528690503;-0.09991455078125;0.000888061523437497;8.20999997927174;822;1 A;
51.8762528690251;-0.099853515625;0.00113525390624999;8.2199999792465;823;1 A;
51.8862528689998;-0.099884033203125;0.00105895996093749;8.22999997922125;824;1 A;
51.8962528689746;-0.099884033203125;0.0010955810546875;8.239999979196;825;1 A;
51.9062528689493;-0.099945068359375;0.0009613037109375;8.24999997917075;826;1 A;
51.9162528689241;-0.099884033203125;0.000946044921875;8.2599999791455;827;1 A;
51.9262528688988;-0.099822998046875;0.000936889648437494;8.26999997912026;828;1 A;
51.9362528688736;-0.099822998046875;0.00108642578125;8.27999997909501;829;1 A;
51.9462528688483;-0.099884033203125;0.0008697509765625;8.28999997906976;830;1 A;
51.9562528688231;-0.099822998046875;0.000784301757812494;8.29999997904451;831;1 A;
51.9662528687978;-0.099822998046875;0.000744628906250003;8.30999997901927;832;1 A;
51.9762528687726;-0.099853515625;0.000698852539062503;8.31999997899402;833;1 A;
51.9862528687473;-0.099884033203125;0.0007476806640625;8.32999997896877;834;1 A;
51.9962528687221;-0.09991455078125;0.000994873046874997;8.33999997894352;835;1 A;
52.0062528686968;-0.099884033203125;0.000851440429687503;8.34999997891828;836;1 A;
52.0162528686716;-0.09991455078125;0.000970458984375006;8.35999997889303;837;1 A;
52.0262528686463;-0.099853515625;0.000964355468749997;8.36999997886778;838;1 A;
52.0362528686211;-0.099853515625;0.0009307861328125;8.37999997884253;839;1 A;
52.0462528685958;-0.099884033203125;0.000872802734374997;8.38999997881729;840;1 A;
52.0562528685706;-0.099945068359375;0.000906372070312494;8.39999997879204;841;1 A;
52.0662528685453;-0.099884033203125;0.000769042968749994;8.40999997876679;842;1 A;
52.0762528685201;-0.099853515625;0.0009307861328125;8.41999997874154;843;1 A;
52.0862528684949;-0.099853515625;0.000695800781250006;8.4299999787163;844;1 A;
52.0962528684696;-0.099853515625;0.000708007812499994;8.43999997869105;845;1 A;
52.1062528684444;-0.099884033203125;0.000845336914062494;8.4499999786658;846;1 A;
52.1162528684191;-0.099853515625;0.000988769531250003;8.45999997864055;847;1 A;
52.1262528683939;-0.09991455078125;0.000906372070312494;8.46999997861531;848;1 A;
52.1362528683686;-0.09991455078125;0.000897216796875003;8.47999997859006;849;1 A;
52.1462528683434;-0.099853515625;0.000704956054687497;8.48999997856481;850;1 A;
52.1562528683181;-0.099853515625;0.000784301757812494;8.49999997853956;851;1 A;
52.1662528682929;-0.099853515625;0.000790405273437503;8.50999997851432;852;1 A;
52.1762528682676;-0.099884033203125;0.0008392333984375;8.51999997848907;853;1 A;
52.1862528682424;-0.099853515625;0.0006561279296875;8.52999997846382;854;1 A;
52.1962528682171;-0.099853515625;0.000665283203125006;8.53999997843857;855;1 A;
52.2062528681919;-0.09979248046875;0.000561523437500003;8.54999997841333;856;1 A;
52.2162528681666;-0.099884033203125;0.000582885742187497;8.55999997838808;857;1 A;
52.2262528681414;-0.09979248046875;0.000692749023437494;8.56999997836283;858;1 A;
52.2362528681161;-0.099822998046875;0.000738525390624994;8.57999997833758;859;1 A;
52.2462528680909;-0.099853515625;0.00067138671875;8.58999997831233;860;1 A;
52.2562528680656;-0.099884033203125;0.000665283203125006;8.59999997828709;861;1 A;
52.2662528680404;-0.099853515625;0.0005950927734375;8.60999997826184;862;1 A;
52.2762528680151;-0.099884033203125;0.000683593750000003;8.61999997823659;863;1 A;
52.2862528679899;-0.09979248046875;0.000598144531249997;8.62999997821134;864;1 A;
52.2962528679647;-0.099884033203125;0.0005950927734375;8.6399999781861;865;1 A;
52.3062528679394;-0.099822998046875;0.000573730468750006;8.64999997816085;866;1 A;
52.3162528679142;-0.099822998046875;0.000631713867187494;8.6599999781356;867;1 A;
52.3262528678889;-0.099822998046875;0.000531005859375003;8.66999997811035;868;1 A;
52.3362528678637;-0.099853515625;0.0005035400390625;8.67999997808511;869;1 A;
52.3462528678384;-0.099884033203125;0.000601196289062494;8.68999997805986;870;1 A;
52.3562528678132;-0.099884033203125;0.000613403320312497;8.69999997803461;871;1 A;
52.3662528677879;-0.099853515625;0.0007171630859375;8.70999997800936;872;1 A;
52.3762528677627;-0.099853515625;0.000585937499999994;8.71999997798412;873;1 A;
52.3862528677374;-0.099822998046875;0.000537109374999997;8.72999997795887;874;1 A;
52.3962528677122;-0.099884033203125;0.000601196289062494;8.73999997793362;875;1 A;
52.4062528676869;-0.09991455078125;0.000527954101562506;8.74999997790837;876;1 A;
52.4162528676617;-0.099884033203125;0.000518798828125;8.75999997788313;877;1 A;
52.4262528676364;-0.099822998046875;0.000570678710937494;8.76999997785788;878;1 A;
52.4362528676112;-0.099853515625;0.000491333007812497;8.77999997783263;879;1 A;
52.4462528675859;-0.099884033203125;0.000460815429687497;8.78999997780738;880;1 A;
52.4562528675607;-0.099853515625;0.000463867187499994;8.79999997778214;881;1 A;
52.4662528675354;-0.099884033203125;0.0005035400390625;8.80999997775689;882;1 A;
52.4762528675102;-0.099853515625;0.000643920898437497;8.81999997773164;883;1 A;
52.486252867485;-0.099884033203125;0.000555419921874994;8.82999997770639;884;1 A;
52.4962528674597;-0.099884033203125;0.000628662109374997;8.83999997768115;885;1 A;
52.5062528674345;-0.099853515625;0.000476074218749997;8.8499999776559;886;1 A;
52.5162528674092;-0.099884033203125;0.000491333007812497;8.85999997763065;887;1 A;
52.526252867384;-0.099853515625;0.000491333007812497;8.8699999776054;888;1 A;
52.5362528673587;-0.099822998046875;0.000537109374999997;8.87999997758016;889;1 A;
52.5462528673335;-0.099884033203125;0.000491333007812497;8.88999997755491;890;1 A;
52.5562528673082;-0.09991455078125;0.000479125976562494;8.89999997752966;891;1 A;
52.566252867283;-0.099884033203125;0.000421142578125006;8.90999997750441;892;1 A;
52.5762528672577;-0.099822998046875;0.000408935546875003;8.91999997747916;893;1 A;
52.5862528672325;-0.09991455078125;0.000402832031249994;8.92999997745392;894;1 A;
52.5962528672072;-0.09991455078125;0.000665283203125006;8.93999997742867;895;1 A;
52.606252867182;-0.099884033203125;0.000552368164062497;8.94999997740342;896;1 A;
52.6162528671567;-0.099853515625;0.000662231445312494;8.95999997737817;897;1 A;
52.6262528671315;-0.099884033203125;0.000543212890625006;8.96999997735293;898;1 A;
52.6362528671062;-0.09979248046875;0.000677490234374994;8.97999997732768;899;1 A;
52.646252867081;-0.09991455078125;0.000708007812499994;8.98999997730243;900;1 A;
52.6562528670557;-0.099853515625;0.000662231445312494;8.99999997727718;901;1 A;
52.6662528670305;-0.099945068359375;0.000555419921874994;9.00999997725194;902;1 A;
52.6762528670052;-0.099853515625;0.000628662109374997;9.01999997722669;903;1 A;
52.68625286698;-0.099822998046875;0.000494384765624994;9.02999997720144;904;1 A;
52.6962528669548;-0.09991455078125;0.000506591796874997;9.03999997717619;905;1 A;
52.7062528669295;-0.099884033203125;0.000665283203125006;9.04999997715095;906;1 A;
52.7162528669043;-0.099822998046875;0.000720214843749997;9.0599999771257;907;1 A;
52.726252866879;-0.099884033203125;0.0005645751953125;9.06999997710045;908;1 A;
52.7362528668538;-0.099822998046875;0.000518798828125;9.0799999770752;909;1 A;
52.7462528668285;-0.099884033203125;0.000445556640624997;9.08999997704996;910;1 A;
52.7562528668033;-0.099884033203125;0.000567626953124997;9.09999997702471;911;1 A;
52.766252866778;-0.099853515625;0.0005950927734375;9.10999997699946;912;1 A;
52.7762528667528;-0.099884033203125;0.0005950927734375;9.11999997697421;913;1 A;
52.7862528667275;-0.099884033203125;0.000436401367187506;9.12999997694897;914;1 A;
52.7962528667023;-0.099884033203125;0.0004119873046875;9.13999997692372;915;1 A;
52.806252866677;-0.099884033203125;0.000372314453124994;9.14999997689847;916;1 A;
52.8162528666518;-0.099853515625;0.000396728515625;9.15999997687322;917;1 A;
52.8262528666265;-0.099822998046875;0.000439453125000003;9.16999997684798;918;1 A;
52.8362528666013;-0.099822998046875;0.0005950927734375;9.17999997682273;919;1 A;
52.846252866576;-0.099853515625;0.000512695312500006;9.18999997679748;920;1 A;
52.8562528665508;-0.099853515625;0.000418090820312494;9.19999997677223;921;1 A;
52.8662528665255;-0.099853515625;0.000335693359375;9.20999997674699;922;1 A;
52.8762528665003;-0.09979248046875;0.0003662109375;9.21999997672174;923;1 A;
52.886252866475;-0.09991455078125;0.000308227539062497;9.22999997669649;924;1 A;
52.8962528664498;-0.099853515625;0.0004119873046875;9.23999997667124;925;1 A;
52.9062528664246;-0.099853515625;0.000375366210937506;9.249999976646;926;1 A;
52.9162528663993;-0.099884033203125;0.00030517578125;9.25999997662075;927;1 A;
52.9262528663741;-0.099853515625;0.000302124023437503;9.2699999765955;928;1 A;
52.9362528663488;-0.099822998046875;0.000274658203125;9.27999997657025;929;1 A;
52.9462528663236;-0.099853515625;0.000341796874999994;9.289999976545;930;1 A;
52.9562528662983;-0.099884033203125;0.000436401367187506;9.29999997651976;931;1 A;
52.9662528662731;-0.099853515625;0.000433349609374994;9.30999997649451;932;1 A;
52.9762528662478;-0.09979248046875;0.000326538085937494;9.31999997646926;933;1 A;
52.9862528662226;-0.099822998046875;0.000332641601562503;9.32999997644401;934;1 A;
52.9962528661973;-0.099884033203125;0.000262451171874997;9.33999997641877;935;1 A;
53.0062528661721;-0.099853515625;0.00030517578125;9.34999997639352;936;1 A;
53.0162528661468;-0.099853515625;0.000396728515625;9.35999997636827;937;1 A;
53.0262528661216;-0.099822998046875;0.000354003906249997;9.36999997634302;938;1 A;
53.0362528660963;-0.099884033203125;0.000292968749999997;9.37999997631778;939;1 A;
53.0462528660711;-0.099884033203125;0.000299072265625006;9.38999997629253;940;1 A;
53.0562528660458;-0.099853515625;0.000256347656250003;9.39999997626728;941;1 A;
53.0662528660206;-0.099853515625;0.000286865234375003;9.40999997624203;942;1 A;
53.0762528659953;-0.099853515625;0.000512695312500006;9.41999997621679;943;1 A;
53.0862528659701;-0.099853515625;0.000476074218749997;9.42999997619154;944;1 A;
53.0962528659448;-0.099853515625;0.000692749023437494;9.43999997616629;945;1 A;
53.1062528659196;-0.099853515625;0.0006256103515625;9.44999997614104;946;1 A;
53.1162528658944;-0.099822998046875;0.000491333007812497;9.4599999761158;947;1 A;
53.1262528658691;-0.099853515625;0.000378417968750003;9.46999997609055;948;1 A;
53.1362528658439;-0.09979248046875;0.000579833984375;9.4799999760653;949;1 A;
53.1462528658186;-0.09991455078125;0.000543212890625006;9.48999997604005;950;1 A;
53.1562528657934;-0.09991455078125;0.000344848632812506;9.49999997601481;951;1 A;
53.1662528657681;-0.099853515625;0.000390625000000006;9.50999997598956;952;1 A;
53.1762528657429;-0.099853515625;0.0002593994140625;9.51999997596431;953;1 A;
53.1862528657176;-0.099884033203125;0.000424194335937503;9.52999997593906;954;1 A;
53.1962528656924;-0.099853515625;0.000460815429687497;9.53999997591382;955;1 A;
53.2062528656671;-0.099853515625;0.000497436523437506;9.54999997588857;956;1 A;
53.2162528656419;-0.099853515625;0.000372314453124994;9.55999997586332;957;1 A;
53.2262528656166;-0.09979248046875;0.000332641601562503;9.56999997583807;958;1 A;
53.2362528655914;-0.099884033203125;0.0003814697265625;9.57999997581283;959;1 A;
53.2462528655661;-0.099884033203125;0.000357055664062494;9.58999997578758;960;1 A;
53.2562528655409;-0.099853515625;0.000524902343749994;9.59999997576233;961;1 A;
53.2662528655156;-0.099884033203125;0.000341796874999994;9.60999997573708;962;1 A;
53.2762528654904;-0.099853515625;0.000363159179687503;9.61999997571183;963;1 A;
53.2862528654651;-0.099853515625;0.000347900390625003;9.62999997568659;964;1 A;
53.2962528654399;-0.099853515625;0.0002899169921875;9.63999997566134;965;1 A;
53.3062528654146;-0.099853515625;0.000402832031249994;9.64999997563609;966;1 A;
53.3162528653894;-0.099822998046875;0.000842285156249997;9.65999997561084;967;1 A;
53.3262528653642;-0.099853515625;0.0006256103515625;9.6699999755856;968;1 A;
53.3362528653389;-0.099884033203125;0.000448608398437494;9.67999997556035;969;1 A;
53.3462528653137;-0.099884033203125;0.000326538085937494;9.6899999755351;970;1 A;
53.3562528652884;-0.099853515625;0.000317382812500003;9.69999997550985;971;1 A;
53.3662528652632;-0.099884033203125;0.000296020507812494;9.70999997548461;972;1 A;
53.3762528652379;-0.099884033203125;0.000292968749999997;9.71999997545936;973;1 A;
53.3862528652127;-0.099884033203125;0.000244140625;9.72999997543411;974;1 A;
53.3962528651874;-0.099853515625;0.000244140625;9.73999997540886;975;1 A;
53.4062528651622;-0.099884033203125;0.000158691406249994;9.74999997538362;976;1 A;
53.4162528651369;-0.099884033203125;0.000302124023437503;9.75999997535837;977;1 A;
53.4262528651117;-0.099884033203125;0.000323486328124997;9.76999997533312;978;1 A;
53.4362528650864;-0.099884033203125;0.000604248046875006;9.77999997530787;979;1 A;
53.4462528650612;-0.099822998046875;0.000451660156250006;9.78999997528263;980;1 A;
53.4562528650359;-0.09991455078125;0.0004425048828125;9.79999997525738;981;1 A;
53.4662528650107;-0.099853515625;0.000421142578125006;9.80999997523213;982;1 A;
53.4762528649854;-0.09991455078125;0.000253295898437506;9.81999997520688;983;1 A;
53.4862528649602;-0.099853515625;0.000213623046875;9.82999997518164;984;1 A;
53.4962528649349;-0.099884033203125;0.000210571289062503;9.83999997515639;985;1 A;
53.5062528649097;-0.099853515625;0.000140380859374997;9.84999997513114;986;1 A;
53.5162528648844;-0.099853515625;6.40869140624972E-05;9.85999997510589;987;1 A;
53.5262528648592;-0.099853515625;3.35693359374972E-05;9.86999997508065;988;1 A;
53.536252864834;-0.09991455078125;2.74658203125028E-05;9.8799999750554;989;1 A;
53.5462528648087;-0.099884033203125;0.000134277343750003;9.88999997503015;990;1 A;
53.5562528647835;-0.099884033203125;0.000256347656250003;9.8999999750049;991;1 A;
53.5662528647582;-0.099853515625;0.000143432617187494;9.90999997497966;992;1 A;
53.576252864733;-0.099853515625;0.000231933593749997;9.91999997495441;993;1 A;
53.5862528647077;-0.099884033203125;7.01904296875056E-05;9.92999997492916;994;1 A;
53.5962528646825;-0.099884033203125;0.000115966796875006;9.93999997490391;995;1 A;
53.6062528646572;-0.099853515625;0.000115966796875006;9.94999997487866;996;1 A;
53.616252864632;-0.099853515625;0.000100708007812506;9.95999997485342;997;1 A;
53.6262528646067;-0.099853515625;0.0001068115234375;9.96999997482817;998;1 A;
53.6362528645815;-0.099853515625;2.13623046874944E-05;9.97999997480292;999;1 A;
53.6462528645562;-0.099884033203125;-3.66210937499944E-05;9.98999997477767;1000;1 A;
53.656252864531;-0.099853515625;-4.88281249999972E-05;9.99999997475243;1001;1 A;
53.6662528645057;-0.099853515625;-4.88281249999972E-05;10.0099999747272;1002;1 A;
53.6762528644805;-0.099853515625;0.000146484375000006;10.0199999747019;1003;1 A;
53.6862528644552;-0.099853515625;0.000119018554687503;10.0299999746767;1004;1 A;
53.69625286443;-0.09991455078125;0.000128173828124994;10.0399999746514;1005;1 A;
53.7062528644047;-0.099853515625;-5.49316406250056E-05;10.0499999746262;1006;1 A;
53.7162528643795;-0.099884033203125;-9.15527343750555E-06;10.0599999746009;1007;1 A;
53.7262528643543;-0.09991455078125;0;10.0699999745757;1008;1 A;
53.736252864329;-0.099884033203125;0.000173950195312494;10.0799999745504;1009;1 A;
53.7462528643038;-0.099761962890625;0.000180053710937503;10.0899999745252;1010;1 A;
53.7562528642785;-0.099853515625;3.05175781249722E-06;10.0999999745;1011;1 A;
53.7662528642533;-0.099822998046875;-3.0517578125E-05;10.1099999744747;1012;1 A;
53.776252864228;-0.099884033203125;-3.05175781249722E-06;10.1199999744495;1013;1 A;
53.7862528642028;-0.099853515625;3.05175781249722E-06;10.1299999744242;1014;1 A;
53.7962528641775;-0.099822998046875;7.01904296875056E-05;10.139999974399;1015;1 A;
53.8062528641523;-0.099822998046875;4.88281249999972E-05;10.1499999743737;1016;1 A;
53.816252864127;-0.099822998046875;0.000231933593749997;10.1599999743485;1017;1 A;
53.8262528641018;-0.099853515625;6.103515625E-05;10.1699999743232;1018;1 A;
53.8362528640765;-0.099884033203125;-3.05175781249722E-06;10.179999974298;1019;1 A;
53.8462528640513;-0.09979248046875;3.0517578125E-05;10.1899999742727;1020;1 A;
53.856252864026;-0.099884033203125;5.18798828124944E-05;10.1999999742475;1021;1 A;
53.8662528640008;-0.099853515625;0.000100708007812506;10.2099999742222;1022;1 A;
53.8762528639755;-0.099884033203125;2.44140625000056E-05;10.219999974197;1023;1 A;
53.8862528639503;-0.09991455078125;-9.1552734375E-05;10.2299999741717;1024;1 A;
53.896252863925;-0.099884033203125;-3.35693359374972E-05;10.2399999741465;1025;1 A;
53.9062528638998;-0.099822998046875;0.000262451171874997;10.2499999741212;1026;1 A;
53.9162528638745;-0.099853515625;0.000268554687500006;10.259999974096;1027;1 A;
53.9262528638493;-0.099884033203125;7.01904296875056E-05;10.2699999740707;1028;1 A;
53.9362528638241;-0.099884033203125;-2.74658203125028E-05;10.2799999740455;1029;1 A;
53.9462528637988;-0.099945068359375;-7.32421875000028E-05;10.2899999740202;1030;1 A;
53.9562528637736;-0.099853515625;0;10.299999973995;1031;1 A;
53.9662528637483;-0.099853515625;3.66210937499944E-05;10.3099999739698;1032;1 A;
53.9762528637231;-0.099853515625;4.57763671875E-05;10.3199999739445;1033;1 A;
53.9862528636978;-0.099853515625;-5.79833984375028E-05;10.3299999739193;1034;1 A;
53.9962528636726;-0.09991455078125;-9.46044921874972E-05;10.339999973894;1035;1 A;
54.0062528636473;-0.099884033203125;-0.000177001953125006;10.3499999738688;1036;1 A;
54.0162528636221;-0.099822998046875;-0.000180053710937503;10.3599999738435;1037;1 A;
54.0262528635968;-0.09991455078125;-6.10351562499445E-06;10.3699999738183;1038;1 A;
54.0362528635716;-0.099853515625;0.000219726562499994;10.379999973793;1039;1 A;
54.0462528635463;-0.099853515625;6.40869140624972E-05;10.3899999737678;1040;1 A;
54.0562528635211;-0.099853515625;-2.74658203125028E-05;10.3999999737425;1041;1 A;
54.0662528634958;-0.099822998046875;-0.000155639648437497;10.4099999737173;1042;1 A;
54.0762528634706;-0.099853515625;-9.76562499999944E-05;10.419999973692;1043;1 A;
54.0862528634453;-0.099853515625;-0.000177001953125006;10.4299999736668;1044;1 A;
54.0962528634201;-0.099884033203125;-0.000112915039062494;10.4399999736415;1045;1 A;
54.1062528633948;-0.099853515625;-0.000189208984374994;10.4499999736163;1046;1 A;
54.1162528633696;-0.09991455078125;-0.000216674804687497;10.459999973591;1047;1 A;
54.1262528633443;-0.099853515625;-0.000238037109375006;10.4699999735658;1048;1 A;
54.1362528633191;-0.09991455078125;-0.000274658203125;10.4799999735405;1049;1 A;
54.1462528632939;-0.099853515625;-0.000234985351562494;10.4899999735153;1050;1 A;
54.1562528632686;-0.099884033203125;-0.000115966796875006;10.49999997349;1051;1 A;
54.1662528632434;-0.099853515625;-8.23974609374944E-05;10.5099999734648;1052;1 A;
54.1762528632181;-0.099884033203125;-0.000131225585937506;10.5199999734396;1053;1 A;
54.1862528631929;-0.099853515625;-0.000219726562499994;10.5299999734143;1054;1 A;
54.1962528631676;-0.099822998046875;-0.0002593994140625;10.5399999733891;1055;1 A;
54.2062528631424;-0.09979248046875;-0.000155639648437497;10.5499999733638;1056;1 A;
54.2162528631171;-0.099822998046875;-0.000201416015624997;10.5599999733386;1057;1 A;
54.2262528630919;-0.099884033203125;-0.000222778320312506;10.5699999733133;1058;1 A;
54.2362528630666;-0.099884033203125;-0.000170898437499997;10.5799999732881;1059;1 A;
54.2462528630414;-0.099853515625;-0.0002593994140625;10.5899999732628;1060;1 A;
54.2562528630161;-0.099853515625;-0.000274658203125;10.5999999732376;1061;1 A;
54.2662528629909;-0.09991455078125;-0.000283813476562506;10.6099999732123;1062;1 A;
54.2762528629656;-0.099822998046875;-0.000140380859374997;10.6199999731871;1063;1 A;
54.2862528629404;-0.099884033203125;-9.76562499999944E-05;10.6299999731618;1064;1 A;
54.2962528629151;-0.099884033203125;1.52587890625E-05;10.6399999731366;1065;1 A;
54.3062528628899;-0.099853515625;-0.000262451171874997;10.6499999731113;1066;1 A;
54.3162528628646;-0.099884033203125;-4.27246093750028E-05;10.6599999730861;1067;1 A;
54.3262528628394;-0.09991455078125;-0.000250244140624994;10.6699999730608;1068;1 A;
54.3362528628141;-0.099945068359375;-0.000186157226562497;10.6799999730356;1069;1 A;
54.3462528627889;-0.099853515625;-0.000201416015624997;10.6899999730103;1070;1 A;
54.3562528627637;-0.099822998046875;-0.000280761718749994;10.6999999729851;1071;1 A;
54.3662528627384;-0.09991455078125;-0.000329589843750006;10.7099999729598;1072;1 A;
54.3762528627132;-0.09991455078125;-0.00030517578125;10.7199999729346;1073;1 A;
54.3862528626879;-0.099853515625;-0.0002899169921875;10.7299999729094;1074;1 A;
54.3962528626627;-0.099884033203125;-0.000173950195312494;10.7399999728841;1075;1 A;
54.4062528626374;-0.099884033203125;-0.000231933593749997;10.7499999728589;1076;1 A;
54.4162528626122;-0.099853515625;-0.000280761718749994;10.7599999728336;1077;1 A;
54.4262528625869;-0.099945068359375;-0.0002899169921875;10.7699999728084;1078;1 A;
54.4362528625617;-0.09991455078125;-0.000216674804687497;10.7799999727831;1079;1 A;
54.4462528625364;-0.099853515625;-0.000265502929687494;10.7899999727579;1080;1 A;
54.4562528625112;-0.099853515625;-0.000274658203125;10.7999999727326;1081;1 A;
54.4662528624859;-0.099884033203125;-0.000265502929687494;10.8099999727074;1082;1 A;
54.4762528624607;-0.099884033203125;-0.000311279296874994;10.8199999726821;1083;1 A;
54.4862528624354;-0.099853515625;-0.000335693359375;10.8299999726569;1084;1 A;
54.4962528624102;-0.099884033203125;-0.000323486328124997;10.8399999726316;1085;1 A;
54.5062528623849;-0.099884033203125;-0.000277709960937497;10.8499999726064;1086;1 A;
54.5162528623597;-0.099884033203125;-0.000225830078125003;10.8599999725811;1087;1 A;
54.5262528623344;-0.099853515625;-0.000280761718749994;10.8699999725559;1088;1 A;
54.5362528623092;-0.099884033203125;-0.000238037109375006;10.8799999725306;1089;1 A;
54.5462528622839;-0.09991455078125;-0.0003814697265625;10.8899999725054;1090;1 A;
54.5562528622587;-0.099884033203125;-0.000369262695312497;10.8999999724801;1091;1 A;
54.5662528622335;-0.099822998046875;-0.000418090820312494;10.9099999724549;1092;1 A;
54.5762528622082;-0.09991455078125;-0.000384521484374997;10.9199999724297;1093;1 A;
54.586252862183;-0.09991455078125;-0.000396728515625;10.9299999724044;1094;1 A;
54.5962528621577;-0.09991455078125;-0.000436401367187506;10.9399999723792;1095;1 A;
54.6062528621325;-0.099853515625;-0.00042724609375;10.9499999723539;1096;1 A;
54.6162528621072;-0.099822998046875;-0.000460815429687497;10.9599999723287;1097;1 A;
54.626252862082;-0.099853515625;-0.000375366210937506;10.9699999723034;1098;1 A;
54.6362528620567;-0.099822998046875;-0.000186157226562497;10.9799999722782;1099;1 A;
54.6462528620315;-0.099853515625;-0.000311279296874994;10.9899999722529;1100;1 A;
54.6562528620062;-0.09991455078125;-0.000213623046875;10.9999999722277;1101;1 A;
54.666252861981;-0.099853515625;-0.00042724609375;11.0099999722024;1102;1 A;
54.6762528619557;-0.099884033203125;-0.000408935546875003;11.0199999721772;1103;1 A;
54.6862528619305;-0.099853515625;-0.000451660156250006;11.0299999721519;1104;1 A;
54.6962528619052;-0.099853515625;-0.000424194335937503;11.0399999721267;1105;1 A;
54.70625286188;-0.099853515625;-0.000466918945312506;11.0499999721014;1106;1 A;
54.7162528618547;-0.099884033203125;-0.000494384765624994;11.0599999720762;1107;1 A;
54.7262528618295;-0.099884033203125;-0.000524902343749994;11.0699999720509;1108;1 A;
54.7362528618042;-0.099853515625;-0.000479125976562494;11.0799999720257;1109;1 A;
54.746252861779;-0.099853515625;-0.0004730224609375;11.0899999720004;1110;1 A;
54.7562528617538;-0.09991455078125;-0.000390625000000006;11.0999999719752;1111;1 A;
54.7662528617285;-0.099884033203125;-0.000469970703125003;11.1099999719499;1112;1 A;
54.7762528617033;-0.099853515625;-0.000491333007812497;11.1199999719247;1113;1 A;
54.786252861678;-0.09979248046875;-0.000521850585937497;11.1299999718995;1114;1 A;
54.7962528616528;-0.099822998046875;-0.000354003906249997;11.1399999718742;1115;1 A;
54.8062528616275;-0.099822998046875;-0.000451660156250006;11.149999971849;1116;1 A;
54.8162528616023;-0.099822998046875;-0.000433349609374994;11.1599999718237;1117;1 A;
54.826252861577;-0.099853515625;-0.000457763671875;11.1699999717985;1118;1 A;
54.8362528615518;-0.099853515625;-0.00048828125;11.1799999717732;1119;1 A;
54.8462528615265;-0.099822998046875;-0.000561523437500003;11.189999971748;1120;1 A;
54.8562528615013;-0.099853515625;-0.000579833984375;11.1999999717227;1121;1 A;
54.866252861476;-0.09991455078125;-0.0005645751953125;11.2099999716975;1122;1 A;
54.8762528614508;-0.099853515625;-0.000439453125000003;11.2199999716722;1123;1 A;
54.8862528614255;-0.099884033203125;-0.000482177734375006;11.229999971647;1124;1 A;
54.8962528614003;-0.099853515625;-0.000497436523437506;11.2399999716217;1125;1 A;
54.906252861375;-0.099853515625;-0.000540161132812494;11.2499999715965;1126;1 A;
54.9162528613498;-0.09991455078125;-0.000518798828125;11.2599999715712;1127;1 A;
54.9262528613245;-0.099822998046875;-0.000555419921874994;11.269999971546;1128;1 A;
54.9362528612993;-0.099853515625;-0.000540161132812494;11.2799999715207;1129;1 A;
54.946252861274;-0.09991455078125;-0.000509643554687494;11.2899999714955;1130;1 A;
54.9562528612488;-0.099853515625;-0.000567626953124997;11.2999999714702;1131;1 A;
54.9662528612236;-0.099884033203125;-0.000650024414062506;11.309999971445;1132;1 A;
54.9762528611983;-0.099853515625;-0.000650024414062506;11.3199999714197;1133;1 A;
54.9862528611731;-0.099822998046875;-0.000601196289062494;11.3299999713945;1134;1 A;
54.9962528611478;-0.099884033203125;-0.000573730468750006;11.3399999713693;1135;1 A;
55.0062528611226;-0.099853515625;-0.000604248046875006;11.349999971344;1136;1 A;
55.0162528610973;-0.099884033203125;-0.0006561279296875;11.3599999713188;1137;1 A;
55.0262528610721;-0.09991455078125;-0.0006866455078125;11.3699999712935;1138;1 A;
55.0362528610468;-0.099853515625;-0.000604248046875006;11.3799999712683;1139;1 A;
55.0462528610216;-0.09991455078125;-0.000653076171875003;11.389999971243;1140;1 A;
55.0562528609963;-0.099853515625;-0.000637817382812503;11.3999999712178;1141;1 A;
55.0662528609711;-0.099853515625;-0.000674438476562497;11.4099999711925;1142;1 A;
55.0762528609458;-0.099853515625;-0.000616455078124994;11.4199999711673;1143;1 A;
55.0862528609206;-0.099822998046875;-0.000613403320312497;11.429999971142;1144;1 A;
55.0962528608953;-0.099884033203125;-0.000714111328125003;11.4399999711168;1145;1 A;
55.1062528608701;-0.099884033203125;-0.000598144531249997;11.4499999710915;1146;1 A;
55.1162528608448;-0.099853515625;-0.000509643554687494;11.4599999710663;1147;1 A;
55.1262528608196;-0.099884033203125;-0.000546264648437503;11.469999971041;1148;1 A;
55.1362528607943;-0.099853515625;-0.000650024414062506;11.4799999710158;1149;1 A;
55.1462528607691;-0.099853515625;-0.000708007812499994;11.4899999709905;1150;1 A;
55.1562528607438;-0.09991455078125;-0.000640869140625;11.4999999709653;1151;1 A;
55.1662528607186;-0.099822998046875;-0.000665283203125006;11.50999997094;1152;1 A;
55.1762528606934;-0.099884033203125;-0.000683593750000003;11.5199999709148;1153;1 A;
55.1862528606681;-0.099853515625;-0.000723266601562494;11.5299999708895;1154;1 A;
55.1962528606429;-0.099884033203125;-0.000695800781250006;11.5399999708643;1155;1 A;
55.2062528606176;-0.09991455078125;-0.0006561279296875;11.5499999708391;1156;1 A;
55.2162528605924;-0.099853515625;-0.000769042968749994;11.5599999708138;1157;1 A;
55.2262528605671;-0.099884033203125;-0.0007171630859375;11.5699999707886;1158;1 A;
55.2362528605419;-0.099884033203125;-0.000567626953124997;11.5799999707633;1159;1 A;
55.2462528605166;-0.09991455078125;-0.000540161132812494;11.5899999707381;1160;1 A;
55.2562528604914;-0.099884033203125;-0.000463867187499994;11.5999999707128;1161;1 A;
55.2662528604661;-0.099853515625;-0.000622558593750003;11.6099999706876;1162;1 A;
55.2762528604409;-0.099884033203125;-0.000631713867187494;11.6199999706623;1163;1 A;
55.2862528604156;-0.099853515625;-0.000570678710937494;11.6299999706371;1164;1 A;
55.2962528603904;-0.099884033203125;-0.000634765625000006;11.6399999706118;1165;1 A;
55.3062528603651;-0.09991455078125;-0.000659179687499997;11.6499999705866;1166;1 A;
55.3162528603399;-0.09979248046875;-0.000521850585937497;11.6599999705613;1167;1 A;
55.3262528603146;-0.099884033203125;-0.000708007812499994;11.6699999705361;1168;1 A;
55.3362528602894;-0.099822998046875;-0.000787353515625006;11.6799999705108;1169;1 A;
55.3462528602641;-0.099945068359375;-0.000741577148437506;11.6899999704856;1170;1 A;
55.3562528602389;-0.099945068359375;-0.000650024414062506;11.6999999704603;1171;1 A;
55.3662528602136;-0.099822998046875;-0.000598144531249997;11.7099999704351;1172;1 A;
55.3762528601884;-0.09979248046875;-0.000662231445312494;11.7199999704098;1173;1 A;
55.3862528601632;-0.099853515625;-0.000765991210937497;11.7299999703846;1174;1 A;
55.3962528601379;-0.099884033203125;-0.000714111328125003;11.7399999703593;1175;1 A;
55.4062528601127;-0.099884033203125;-0.000668334960937503;11.7499999703341;1176;1 A;
55.4162528600874;-0.099822998046875;-0.00067138671875;11.7599999703089;1177;1 A;
55.4262528600622;-0.099822998046875;-0.000683593750000003;11.7699999702836;1178;1 A;
55.4362528600369;-0.099884033203125;-0.000732421875;11.7799999702584;1179;1 A;
55.4462528600117;-0.099822998046875;-0.000775146484375003;11.7899999702331;1180;1 A;
55.4562528599864;-0.099853515625;-0.0007171630859375;11.7999999702079;1181;1 A;
55.4662528599612;-0.099822998046875;-0.000646972656249994;11.8099999701826;1182;1 A;
55.4762528599359;-0.099853515625;-0.0006256103515625;11.8199999701574;1183;1 A;
55.4862528599107;-0.099884033203125;-0.000494384765624994;11.8299999701321;1184;1 A;
55.4962528598854;-0.099853515625;-0.000631713867187494;11.8399999701069;1185;1 A;
55.5062528598602;-0.099853515625;-0.000753784179687494;11.8499999700816;1186;1 A;
55.5162528598349;-0.099853515625;-0.000659179687499997;11.8599999700564;1187;1 A;
55.5262528598097;-0.099822998046875;-0.000753784179687494;11.8699999700311;1188;1 A;
55.5362528597844;-0.099853515625;-0.000720214843749997;11.8799999700059;1189;1 A;
55.5462528597592;-0.099884033203125;-0.000711059570312506;11.8899999699806;1190;1 A;
55.5562528597339;-0.099884033203125;-0.0007781982421875;11.8999999699554;1191;1 A;
55.5662528597087;-0.09979248046875;-0.000830078124999994;11.9099999699301;1192;1 A;
55.5762528596834;-0.099884033203125;-0.000796508789062497;11.9199999699049;1193;1 A;
55.5862528596582;-0.09991455078125;-0.000720214843749997;11.9299999698796;1194;1 A;
55.596252859633;-0.099884033203125;-0.000588989257812506;11.9399999698544;1195;1 A;
55.6062528596077;-0.099822998046875;-0.000692749023437494;11.9499999698292;1196;1 A;
55.6162528595825;-0.099822998046875;-0.0007171630859375;11.9599999698039;1197;1 A;
55.6262528595572;-0.099822998046875;-0.0007781982421875;11.9699999697787;1198;1 A;
55.636252859532;-0.099884033203125;-0.000775146484375003;11.9799999697534;1199;1 A;
55.6462528595067;-0.09991455078125;-0.000781249999999997;11.9899999697282;1200;1 A;
55.6562528594815;-0.099853515625;-0.000833129882812506;11.9999999697029;1201;1 A;
55.6662528594562;-0.09979248046875;-0.000775146484375003;12.0099999696777;1202;1 A;
55.676252859431;-0.099822998046875;-0.0008544921875;12.0199999696524;1203;1 A;
55.6862528594057;-0.099884033203125;-0.000875854492187494;12.0299999696272;1204;1 A;
55.6962528593805;-0.09991455078125;-0.000888061523437497;12.0399999696019;1205;1 A;
55.7062528593552;-0.099853515625;-0.000842285156249997;12.0499999695767;1206;1 A;
55.71625285933;-0.099822998046875;-0.000787353515625006;12.0599999695514;1207;1 A;
55.7262528593047;-0.099853515625;-0.000787353515625006;12.0699999695262;1208;1 A;
55.7362528592795;-0.099822998046875;-0.000759887695312503;12.0799999695009;1209;1 A;
55.7462528592542;-0.099884033203125;-0.000830078124999994;12.0899999694757;1210;1 A;
55.756252859229;-0.099884033203125;-0.000866699218750003;12.0999999694504;1211;1 A;
55.7662528592037;-0.099822998046875;-0.000872802734374997;12.1099999694252;1212;1 A;
55.7762528591785;-0.099853515625;-0.000897216796875003;12.1199999693999;1213;1 A;
55.7862528591533;-0.099853515625;-0.000878906250000006;12.1299999693747;1214;1 A;
55.796252859128;-0.099822998046875;-0.0009002685546875;12.1399999693494;1215;1 A;
55.8062528591028;-0.09991455078125;-0.000924682617187506;12.1499999693242;1216;1 A;
55.8162528590775;-0.099853515625;-0.000924682617187506;12.159999969299;1217;1 A;
55.8262528590523;-0.099884033203125;-0.0009307861328125;12.1699999692737;1218;1 A;
55.836252859027;-0.099853515625;-0.0008697509765625;12.1799999692485;1219;1 A;
55.8462528590018;-0.099853515625;-0.0008087158203125;12.1899999692232;1220;1 A;
55.8562528589765;-0.099853515625;-0.000820922851562503;12.199999969198;1221;1 A;
55.8662528589513;-0.099822998046875;-0.000872802734374997;12.2099999691727;1222;1 A;
55.876252858926;-0.099822998046875;-0.000875854492187494;12.2199999691475;1223;1 A;
55.8862528589008;-0.09991455078125;-0.000903320312499997;12.2299999691222;1224;1 A;
55.8962528588755;-0.099822998046875;-0.000857543945312497;12.239999969097;1225;1 A;
55.9062528588503;-0.09991455078125;-0.000878906250000006;12.2499999690717;1226;1 A;
55.916252858825;-0.099822998046875;-0.000918579101562497;12.2599999690465;1227;1 A;
55.9262528587998;-0.099884033203125;-0.000881958007812503;12.2699999690212;1228;1 A;
55.9362528587745;-0.099853515625;-0.000903320312499997;12.279999968996;1229;1 A;
55.9462528587493;-0.099884033203125;-0.00091552734375;12.2899999689707;1230;1 A;
55.956252858724;-0.099822998046875;-0.000790405273437503;12.2999999689455;1231;1 A;
55.9662528586988;-0.09991455078125;-0.000830078124999994;12.3099999689202;1232;1 A;
55.9762528586735;-0.099853515625;-0.000820922851562503;12.319999968895;1233;1 A;
55.9862528586483;-0.099884033203125;-0.000921630859374994;12.3299999688697;1234;1 A;
55.9962528586231;-0.099822998046875;-0.000845336914062494;12.3399999688445;1235;1 A;
56.0062528585978;-0.099884033203125;-0.0007781982421875;12.3499999688192;1236;1 A;
56.0162528585726;-0.099853515625;-0.000744628906250003;12.359999968794;1237;1 A;
56.0262528585473;-0.09991455078125;-0.000967407226562494;12.3699999687688;1238;1 A;
56.0362528585221;-0.099822998046875;-0.000946044921875;12.3799999687435;1239;1 A;
56.0462528584968;-0.0999755859375;-0.000985717773437506;12.3899999687183;1240;1 A;
56.0562528584716;-0.09979248046875;-0.0009918212890625;12.399999968693;1241;1 A;
56.0662528584463;-0.099853515625;-0.0008392333984375;12.4099999686678;1242;1 A;
56.0762528584211;-0.099853515625;-0.000863647460937506;12.4199999686425;1243;1 A;
56.0862528583958;-0.099853515625;-0.000775146484375003;12.4299999686173;1244;1 A;
56.0962528583706;-0.099884033203125;-0.000894165039062506;12.439999968592;1245;1 A;
56.1062528583453;-0.09979248046875;-0.000894165039062506;12.4499999685668;1246;1 A;
56.1162528583201;-0.099853515625;-0.000878906250000006;12.4599999685415;1247;1 A;
56.1262528582948;-0.099945068359375;-0.000949096679687497;12.4699999685163;1248;1 A;
56.1362528582696;-0.099822998046875;-0.000952148437499994;12.479999968491;1249;1 A;
56.1462528582443;-0.099822998046875;-0.000927734375000003;12.4899999684658;1250;1 A;
56.1562528582191;-0.099884033203125;-0.0009918212890625;12.4999999684405;1251;1 A;
56.1662528581938;-0.099853515625;-0.000970458984375006;12.5099999684153;1252;1 A;
56.1762528581686;-0.099853515625;-0.000967407226562494;12.51999996839;1253;1 A;
56.1862528581433;-0.09991455078125;-0.0009307861328125;12.5299999683648;1254;1 A;
56.1962528581181;-0.099822998046875;-0.000927734375000003;12.5399999683395;1255;1 A;
56.2062528580929;-0.099884033203125;-0.000933837890624997;12.5499999683143;1256;1 A;
56.2162528580676;-0.099884033203125;-0.000964355468749997;12.559999968289;1257;1 A;
56.2262528580424;-0.099853515625;-0.00101623535156251;12.5699999682638;1258;1 A;
56.2362528580171;-0.099853515625;-0.00102844238281249;12.5799999682386;1259;1 A;
56.2462528579919;-0.09991455078125;-0.000949096679687497;12.5899999682133;1260;1 A;
56.2562528579666;-0.099884033203125;-0.00101318359374999;12.5999999681881;1261;1 A;
56.2662528579414;-0.09991455078125;-0.000970458984375006;12.6099999681628;1262;1 A;
56.2762528579161;-0.099853515625;-0.001055908203125;12.6199999681376;1263;1 A;
56.2862528578909;-0.0999755859375;-0.00105895996093749;12.6299999681123;1264;1 A;
56.2962528578656;-0.09991455078125;-0.0010345458984375;12.6399999680871;1265;1 A;
56.3062528578404;-0.099853515625;-0.0010040283203125;12.6499999680618;1266;1 A;
56.3162528578151;-0.099822998046875;-0.000949096679687497;12.6599999680366;1267;1 A;
56.3262528577899;-0.099853515625;-0.000897216796875003;12.6699999680113;1268;1 A;
56.3362528577646;-0.099822998046875;-0.0010406494140625;12.6799999679861;1269;1 A;
56.3462528577394;-0.09991455078125;-0.001068115234375;12.6899999679608;1270;1 A;
56.3562528577141;-0.099884033203125;-0.00104370117187499;12.6999999679356;1271;1 A;
56.3662528576889;-0.099884033203125;-0.000988769531250003;12.7099999679103;1272;1 A;
56.3762528576636;-0.099822998046875;-0.00101623535156251;12.7199999678851;1273;1 A;
56.3862528576384;-0.099853515625;-0.000994873046874997;12.7299999678598;1274;1 A;
56.3962528576131;-0.099853515625;-0.0010498046875;12.7399999678346;1275;1 A;
56.4062528575879;-0.099853515625;-0.00104370117187499;12.7499999678093;1276;1 A;
56.4162528575627;-0.099884033203125;-0.00105895996093749;12.7599999677841;1277;1 A;
56.4262528575374;-0.099884033203125;-0.00106201171875001;12.7699999677588;1278;1 A;
56.4362528575122;-0.099884033203125;-0.000964355468749997;12.7799999677336;1279;1 A;
56.4462528574869;-0.099884033203125;-0.000979614257812497;12.7899999677084;1280;1 A;
56.4562528574617;-0.099822998046875;-0.000949096679687497;12.7999999676831;1281;1 A;
56.4662528574364;-0.099822998046875;-0.00104370117187499;12.8099999676579;1282;1 A;
56.4762528574112;-0.099884033203125;-0.000970458984375006;12.8199999676326;1283;1 A;
56.4862528573859;-0.099853515625;-0.000979614257812497;12.8299999676074;1284;1 A;
56.4962528573607;-0.099822998046875;-0.000997924804687494;12.8399999675821;1285;1 A;
56.5062528573354;-0.099853515625;-0.00102844238281249;12.8499999675569;1286;1 A;
56.5162528573102;-0.099884033203125;-0.001025390625;12.8599999675316;1287;1 A;
56.5262528572849;-0.099945068359375;-0.001080322265625;12.8699999675064;1288;1 A;
56.5362528572597;-0.099853515625;-0.0011138916015625;12.8799999674811;1289;1 A;
56.5462528572344;-0.099853515625;-0.0010406494140625;12.8899999674559;1290;1 A;
56.5562528572092;-0.099853515625;-0.000924682617187506;12.8999999674306;1291;1 A;
56.5662528571839;-0.09991455078125;-0.000924682617187506;12.9099999674054;1292;1 A;
56.5762528571587;-0.09991455078125;-0.000866699218750003;12.9199999673801;1293;1 A;
56.5862528571334;-0.09991455078125;-0.0010406494140625;12.9299999673549;1294;1 A;
56.5962528571082;-0.099822998046875;-0.0009765625;12.9399999673296;1295;1 A;
56.6062528570829;-0.099884033203125;-0.001025390625;12.9499999673044;1296;1 A;
56.6162528570577;-0.099884033203125;-0.000949096679687497;12.9599999672791;1297;1 A;
56.6262528570325;-0.099853515625;-0.001019287109375;12.9699999672539;1298;1 A;
56.6362528570072;-0.099822998046875;-0.0010498046875;12.9799999672287;1299;1 A;
56.646252856982;-0.099853515625;-0.000982666015624994;12.9899999672034;1300;1 A;
56.6562528569567;-0.099853515625;-0.0011138916015625;12.9999999671782;1301;1 A;
56.6662528569315;-0.099884033203125;-0.000933837890624997;13.0099999671529;1302;1 A;
56.6762528569062;-0.09991455078125;-0.000964355468749997;13.0199999671277;1303;1 A;
56.686252856881;-0.099853515625;-0.00101623535156251;13.0299999671024;1304;1 A;
56.6962528568557;-0.099822998046875;-0.00105895996093749;13.0399999670772;1305;1 A;
56.7062528568305;-0.099884033203125;-0.000949096679687497;13.0499999670519;1306;1 A;
56.7162528568052;-0.099945068359375;-0.000878906250000006;13.0599999670267;1307;1 A;
56.72625285678;-0.09991455078125;-0.001007080078125;13.0699999670014;1308;1 A;
56.7362528567547;-0.099853515625;-0.001068115234375;13.0799999669762;1309;1 A;
56.7462528567295;-0.099853515625;-0.0010406494140625;13.0899999669509;1310;1 A;
56.7562528567042;-0.099853515625;-0.00115966796875;13.0999999669257;1311;1 A;
56.766252856679;-0.099884033203125;-0.0011566162109375;13.1099999669004;1312;1 A;
56.7762528566537;-0.09979248046875;-0.00108947753906249;13.1199999668752;1313;1 A;
56.7862528566285;-0.099884033203125;-0.00112304687500001;13.1299999668499;1314;1 A;
56.7962528566032;-0.09991455078125;-0.0010101318359375;13.1399999668247;1315;1 A;
56.806252856578;-0.09991455078125;-0.00115051269531249;13.1499999667994;1316;1 A;
56.8162528565528;-0.099853515625;-0.001190185546875;13.1599999667742;1317;1 A;
56.8262528565275;-0.09991455078125;-0.0011627197265625;13.1699999667489;1318;1 A;
56.8362528565023;-0.099853515625;-0.0012054443359375;13.1799999667237;1319;1 A;
56.846252856477;-0.09979248046875;-0.0011322021484375;13.1899999666985;1320;1 A;
56.8562528564518;-0.099884033203125;-0.00116882324218751;13.1999999666732;1321;1 A;
56.8662528564265;-0.09991455078125;-0.0011871337890625;13.209999966648;1322;1 A;
56.8762528564013;-0.099884033203125;-0.00121459960937501;13.2199999666227;1323;1 A;
56.886252856376;-0.099822998046875;-0.0011871337890625;13.2299999665975;1324;1 A;
56.8962528563508;-0.099853515625;-0.00105895996093749;13.2399999665722;1325;1 A;
56.9062528563255;-0.099884033203125;-0.001129150390625;13.249999966547;1326;1 A;
56.9162528563003;-0.099853515625;-0.00111999511718749;13.2599999665217;1327;1 A;
56.926252856275;-0.0999755859375;-0.00108947753906249;13.2699999664965;1328;1 A;
56.9362528562498;-0.099853515625;-0.00115356445312501;13.2799999664712;1329;1 A;
56.9462528562245;-0.099822998046875;-0.00115966796875;13.289999966446;1330;1 A;
56.9562528561993;-0.099853515625;-0.00115356445312501;13.2999999664207;1331;1 A;
56.966252856174;-0.099884033203125;-0.0011474609375;13.3099999663955;1332;1 A;
56.9762528561488;-0.09991455078125;-0.0011749267578125;13.3199999663702;1333;1 A;
56.9862528561235;-0.099884033203125;-0.001190185546875;13.329999966345;1334;1 A;
56.9962528560983;-0.099884033203125;-0.0011566162109375;13.3399999663197;1335;1 A;
57.006252856073;-0.099884033203125;-0.0010498046875;13.3499999662945;1336;1 A;
57.0162528560478;-0.09991455078125;-0.00111083984375;13.3599999662692;1337;1 A;
57.0262528560226;-0.099884033203125;-0.0011138916015625;13.369999966244;1338;1 A;
57.0362528559973;-0.09991455078125;-0.001129150390625;13.3799999662187;1339;1 A;
57.0462528559721;-0.099884033203125;-0.0010986328125;13.3899999661935;1340;1 A;
57.0562528559468;-0.099822998046875;-0.001171875;13.3999999661683;1341;1 A;
57.0662528559216;-0.099822998046875;-0.00118408203125001;13.409999966143;1342;1 A;
57.0762528558963;-0.099822998046875;-0.00115356445312501;13.4199999661178;1343;1 A;
57.0862528558711;-0.099884033203125;-0.00115051269531249;13.4299999660925;1344;1 A;
57.0962528558458;-0.099884033203125;-0.00116577148437499;13.4399999660673;1345;1 A;
57.1062528558206;-0.099884033203125;-0.001171875;13.449999966042;1346;1 A;
57.1162528557953;-0.099853515625;-0.0011627197265625;13.4599999660168;1347;1 A;
57.1262528557701;-0.099853515625;-0.001171875;13.4699999659915;1348;1 A;
57.1362528557448;-0.099853515625;-0.00122985839843751;13.4799999659663;1349;1 A;
57.1462528557196;-0.09991455078125;-0.00118408203125001;13.489999965941;1350;1 A;
57.1562528556943;-0.099853515625;-0.0011322021484375;13.4999999659158;1351;1 A;
57.1662528556691;-0.099884033203125;-0.001141357421875;13.5099999658905;1352;1 A;
57.1762528556438;-0.099853515625;-0.001177978515625;13.5199999658653;1353;1 A;
57.1862528556186;-0.099822998046875;-0.00116577148437499;13.52999996584;1354;1 A;
57.1962528555933;-0.099853515625;-0.001129150390625;13.5399999658148;1355;1 A;
57.2062528555681;-0.099853515625;-0.00116577148437499;13.5499999657895;1356;1 A;
57.2162528555428;-0.099853515625;-0.00113525390624999;13.5599999657643;1357;1 A;
57.2262528555176;-0.099884033203125;-0.00115356445312501;13.569999965739;1358;1 A;
57.2362528554924;-0.099822998046875;-0.0011474609375;13.5799999657138;1359;1 A;
57.2462528554671;-0.099884033203125;-0.00119628906249999;13.5899999656885;1360;1 A;
57.2562528554419;-0.09991455078125;-0.00121459960937501;13.5999999656633;1361;1 A;
57.2662528554166;-0.099822998046875;-0.0011138916015625;13.6099999656381;1362;1 A;
57.2762528553914;-0.099761962890625;-0.00108642578125;13.6199999656128;1363;1 A;
57.2862528553661;-0.099884033203125;-0.0010986328125;13.6299999655876;1364;1 A;
57.2962528553409;-0.099822998046875;-0.00107421874999999;13.6399999655623;1365;1 A;
57.3062528553156;-0.099884033203125;-0.0011474609375;13.6499999655371;1366;1 A;
57.3162528552904;-0.099884033203125;-0.0010528564453125;13.6599999655118;1367;1 A;
57.3262528552651;-0.099822998046875;-0.001055908203125;13.6699999654866;1368;1 A;
57.3362528552399;-0.099853515625;-0.001141357421875;13.6799999654613;1369;1 A;
57.3462528552146;-0.099853515625;-0.0011138916015625;13.6899999654361;1370;1 A;
57.3562528551894;-0.099884033203125;-0.001190185546875;13.6999999654108;1371;1 A;
57.3662528551641;-0.099884033203125;-0.0011749267578125;13.7099999653856;1372;1 A;
57.3762528551389;-0.099853515625;-0.00119934082031251;13.7199999653603;1373;1 A;
57.3862528551136;-0.099822998046875;-0.00100097656250001;13.7299999653351;1374;1 A;
57.3962528550884;-0.099822998046875;-0.0010345458984375;13.7399999653098;1375;1 A;
57.4062528550631;-0.099884033203125;-0.00107727050781251;13.7499999652846;1376;1 A;
57.4162528550379;-0.099822998046875;-0.00108642578125;13.7599999652593;1377;1 A;
57.4262528550126;-0.099853515625;-0.0011474609375;13.7699999652341;1378;1 A;
57.4362528549874;-0.099853515625;-0.001141357421875;13.7799999652088;1379;1 A;
57.4462528549622;-0.099822998046875;-0.00113830566406251;13.7899999651836;1380;1 A;
57.4562528549369;-0.099853515625;-0.00115356445312501;13.7999999651583;1381;1 A;
57.4662528549117;-0.099884033203125;-0.0012176513671875;13.8099999651331;1382;1 A;
57.4762528548864;-0.099884033203125;-0.0012054443359375;13.8199999651079;1383;1 A;
57.4862528548612;-0.09991455078125;-0.00121459960937501;13.8299999650826;1384;1 A;
57.4962528548359;-0.099945068359375;-0.00116577148437499;13.8399999650574;1385;1 A;
57.5062528548107;-0.099853515625;-0.0011871337890625;13.8499999650321;1386;1 A;
57.5162528547854;-0.099884033203125;-0.0010986328125;13.8599999650069;1387;1 A;
57.5262528547602;-0.099822998046875;-0.00113525390624999;13.8699999649816;1388;1 A;
57.5362528547349;-0.099822998046875;-0.0011932373046875;13.8799999649564;1389;1 A;
57.5462528547097;-0.099853515625;-0.001202392578125;13.8899999649311;1390;1 A;
57.5562528546844;-0.099884033203125;-0.001202392578125;13.8999999649059;1391;1 A;
57.5662528546592;-0.099884033203125;-0.001202392578125;13.9099999648806;1392;1 A;
57.5762528546339;-0.099822998046875;-0.00119934082031251;13.9199999648554;1393;1 A;
57.5862528546087;-0.09991455078125;-0.00124511718750001;13.9299999648301;1394;1 A;
57.5962528545834;-0.099884033203125;-0.001239013671875;13.9399999648049;1395;1 A;
57.6062528545582;-0.099822998046875;-0.00113525390624999;13.9499999647796;1396;1 A;
57.6162528545329;-0.099884033203125;-0.00126037597656251;13.9599999647544;1397;1 A;
57.6262528545077;-0.099853515625;-0.0012176513671875;13.9699999647291;1398;1 A;
57.6362528544824;-0.09991455078125;-0.0011749267578125;13.9799999647039;1399;1 A;
57.6462528544572;-0.09991455078125;-0.00109252929687501;13.9899999646786;1400;1 A;
57.656252854432;-0.099884033203125;-0.00107727050781251;13.9999999646534;1401;1 A;
57.6662528544067;-0.09991455078125;-0.00121459960937501;14.0099999646282;1402;1 A;
57.6762528543815;-0.099853515625;-0.0011749267578125;14.0199999646029;1403;1 A;
57.6862528543562;-0.09991455078125;-0.00115356445312501;14.0299999645777;1404;1 A;
57.696252854331;-0.09991455078125;-0.00118408203125001;14.0399999645524;1405;1 A;
57.7062528543057;-0.099822998046875;-0.001202392578125;14.0499999645272;1406;1 A;
57.7162528542805;-0.09991455078125;-0.00122985839843751;14.0599999645019;1407;1 A;
57.7262528542552;-0.099853515625;-0.0012786865234375;14.0699999644767;1408;1 A;
57.73625285423;-0.099853515625;-0.00126953125;14.0799999644514;1409;1 A;
57.7462528542047;-0.099822998046875;-0.0012054443359375;14.0899999644262;1410;1 A;
57.7562528541795;-0.099884033203125;-0.0011627197265625;14.0999999644009;1411;1 A;
57.7662528541542;-0.099822998046875;-0.00119934082031251;14.1099999643757;1412;1 A;
57.776252854129;-0.099853515625;-0.00122985839843751;14.1199999643504;1413;1 A;
57.7862528541037;-0.099853515625;-0.0012481689453125;14.1299999643252;1414;1 A;
57.7962528540785;-0.099884033203125;-0.00119628906249999;14.1399999642999;1415;1 A;
57.8062528540532;-0.099853515625;-0.0012176513671875;14.1499999642747;1416;1 A;
57.816252854028;-0.099822998046875;-0.00116577148437499;14.1599999642494;1417;1 A;
57.8262528540027;-0.099853515625;-0.00122680664062499;14.1699999642242;1418;1 A;
57.8362528539775;-0.099884033203125;-0.0012054443359375;14.1799999641989;1419;1 A;
57.8462528539523;-0.09991455078125;-0.00113525390624999;14.1899999641737;1420;1 A;
57.856252853927;-0.099822998046875;-0.00124511718750001;14.1999999641484;1421;1 A;
57.8662528539018;-0.099822998046875;-0.0012054443359375;14.2099999641232;1422;1 A;
57.8762528538765;-0.099884033203125;-0.00119934082031251;14.219999964098;1423;1 A;
57.8862528538513;-0.099822998046875;-0.00118408203125001;14.2299999640727;1424;1 A;
57.896252853826;-0.09991455078125;-0.00121154785156249;14.2399999640475;1425;1 A;
57.9062528538008;-0.099853515625;-0.001220703125;14.2499999640222;1426;1 A;
57.9162528537755;-0.099822998046875;-0.001202392578125;14.259999963997;1427;1 A;
57.9262528537503;-0.09991455078125;-0.00121154785156249;14.2699999639717;1428;1 A;
57.936252853725;-0.099853515625;-0.00116882324218751;14.2799999639465;1429;1 A;
57.9462528536998;-0.09991455078125;-0.0011871337890625;14.2899999639212;1430;1 A;
57.9562528536745;-0.099884033203125;-0.00127563476562501;14.299999963896;1431;1 A;
57.9662528536493;-0.099822998046875;-0.00128173828125;14.3099999638707;1432;1 A;
57.976252853624;-0.09991455078125;-0.00126953125;14.3199999638455;1433;1 A;
57.9862528535988;-0.09991455078125;-0.0011566162109375;14.3299999638202;1434;1 A;
57.9962528535735;-0.099884033203125;-0.00115966796875;14.339999963795;1435;1 A;
58.0062528535483;-0.09991455078125;-0.00120849609375;14.3499999637697;1436;1 A;
58.016252853523;-0.099884033203125;-0.001202392578125;14.3599999637445;1437;1 A;
58.0262528534978;-0.099853515625;-0.00124511718750001;14.3699999637192;1438;1 A;
58.0362528534725;-0.09991455078125;-0.00116577148437499;14.379999963694;1439;1 A;
58.0462528534473;-0.099884033203125;-0.0011260986328125;14.3899999636687;1440;1 A;
58.0562528534221;-0.099884033203125;-0.00115356445312501;14.3999999636435;1441;1 A;
58.0662528533968;-0.099853515625;-0.00126037597656251;14.4099999636182;1442;1 A;
58.0762528533716;-0.099884033203125;-0.00130310058593749;14.419999963593;1443;1 A;
58.0862528533463;-0.099822998046875;-0.00133666992187501;14.4299999635678;1444;1 A;
58.0962528533211;-0.099853515625;-0.0013427734375;14.4399999635425;1445;1 A;
58.1062528532958;-0.09991455078125;-0.0012664794921875;14.4499999635173;1446;1 A;
58.1162528532706;-0.09979248046875;-0.00130310058593749;14.459999963492;1447;1 A;
58.1262528532453;-0.099884033203125;-0.00130615234375001;14.4699999634668;1448;1 A;
58.1362528532201;-0.099884033203125;-0.0013153076171875;14.4799999634415;1449;1 A;
58.1462528531948;-0.099884033203125;-0.0013397216796875;14.4899999634163;1450;1 A;
58.1562528531696;-0.09991455078125;-0.00135192871093751;14.499999963391;1451;1 A;
58.1662528531443;-0.099884033203125;-0.00134887695312499;14.5099999633658;1452;1 A;
58.1762528531191;-0.09979248046875;-0.001324462890625;14.5199999633405;1453;1 A;
58.1862528530938;-0.099822998046875;-0.0013885498046875;14.5299999633153;1454;1 A;
58.1962528530686;-0.099822998046875;-0.00139770507812501;14.53999996329;1455;1 A;
58.2062528530433;-0.099853515625;-0.00136413574218749;14.5499999632648;1456;1 A;
58.2162528530181;-0.09991455078125;-0.0013580322265625;14.5599999632395;1457;1 A;
58.2262528529928;-0.099822998046875;-0.0013458251953125;14.5699999632143;1458;1 A;
58.2362528529676;-0.099853515625;-0.0013458251953125;14.579999963189;1459;1 A;
58.2462528529423;-0.099884033203125;-0.00123291015625;14.5899999631638;1460;1 A;
58.2562528529171;-0.099884033203125;-0.00133056640625;14.5999999631385;1461;1 A;
58.2662528528919;-0.09979248046875;-0.00131835937499999;14.6099999631133;1462;1 A;
58.2762528528666;-0.099853515625;-0.0013702392578125;14.619999963088;1463;1 A;
58.2862528528414;-0.09979248046875;-0.0013427734375;14.6299999630628;1464;1 A;
58.2962528528161;-0.099853515625;-0.00137939453124999;14.6399999630376;1465;1 A;
58.3062528527909;-0.099884033203125;-0.00138244628906251;14.6499999630123;1466;1 A;
58.3162528527656;-0.099853515625;-0.00136718750000001;14.6599999629871;1467;1 A;
58.3262528527404;-0.099822998046875;-0.0013458251953125;14.6699999629618;1468;1 A;
58.3362528527151;-0.09991455078125;-0.00138244628906251;14.6799999629366;1469;1 A;
58.3462528526899;-0.099853515625;-0.0013397216796875;14.6899999629113;1470;1 A;
58.3562528526646;-0.09991455078125;-0.00132141113281251;14.6999999628861;1471;1 A;
58.3662528526394;-0.099884033203125;-0.0013458251953125;14.7099999628608;1472;1 A;
58.3762528526141;-0.099884033203125;-0.0013153076171875;14.7199999628356;1473;1 A;
58.3862528525889;-0.099822998046875;-0.00133666992187501;14.7299999628103;1474;1 A;
58.3962528525636;-0.099822998046875;-0.00116577148437499;14.7399999627851;1475;1 A;
58.4062528525384;-0.099884033203125;-0.00130310058593749;14.7499999627598;1476;1 A;
58.4162528525131;-0.099884033203125;-0.00130615234375001;14.7599999627346;1477;1 A;
58.4262528524879;-0.09991455078125;-0.0013153076171875;14.7699999627093;1478;1 A;
58.4362528524626;-0.099884033203125;-0.00136413574218749;14.7799999626841;1479;1 A;
58.4462528524374;-0.099853515625;-0.00134887695312499;14.7899999626588;1480;1 A;
58.4562528524121;-0.099822998046875;-0.001361083984375;14.7999999626336;1481;1 A;
58.4662528523869;-0.099945068359375;-0.0013275146484375;14.8099999626083;1482;1 A;
58.4762528523617;-0.099853515625;-0.0012969970703125;14.8199999625831;1483;1 A;
58.4862528523364;-0.09991455078125;-0.0012786865234375;14.8299999625578;1484;1 A;
58.4962528523112;-0.09991455078125;-0.0012939453125;14.8399999625326;1485;1 A;
58.5062528522859;-0.099884033203125;-0.001300048828125;14.8499999625074;1486;1 A;
58.5162528522607;-0.099884033203125;-0.0013427734375;14.8599999624821;1487;1 A;
58.5262528522354;-0.099822998046875;-0.0013153076171875;14.8699999624569;1488;1 A;
58.5362528522102;-0.099853515625;-0.00135192871093751;14.8799999624316;1489;1 A;
58.5462528521849;-0.099822998046875;-0.00133361816406249;14.8899999624064;1490;1 A;
58.5562528521597;-0.099822998046875;-0.0013427734375;14.8999999623811;1491;1 A;
58.5662528521344;-0.099853515625;-0.001251220703125;14.9099999623559;1492;1 A;
58.5762528521092;-0.099853515625;-0.001373291015625;14.9199999623306;1493;1 A;
58.5862528520839;-0.099853515625;-0.00127258300781249;14.9299999623054;1494;1 A;
58.5962528520587;-0.099853515625;-0.0012664794921875;14.9399999622801;1495;1 A;
58.6062528520334;-0.099853515625;-0.00126037597656251;14.9499999622549;1496;1 A;
58.6162528520082;-0.09979248046875;-0.0012939453125;14.9599999622296;1497;1 A;
58.6262528519829;-0.099822998046875;-0.00130615234375001;14.9699999622044;1498;1 A;
58.6362528519577;-0.09991455078125;-0.0013092041015625;14.9799999621791;1499;1 A;
58.6462528519324;-0.099853515625;-0.00127563476562501;14.9899999621539;1500;1 A;
58.6562528519072;-0.099884033203125;-0.001312255859375;14.9999999621286;1501;1 A;
58.6662528518819;-0.099884033203125;-0.00130615234375001;15.0099999621034;1502;1 A;
58.6762528518567;-0.099853515625;-0.001324462890625;15.0199999620781;1503;1 A;
58.6862528518315;-0.099884033203125;-0.0013458251953125;15.0299999620529;1504;1 A;
58.6962528518062;-0.099822998046875;-0.00136718750000001;15.0399999620277;1505;1 A;
58.706252851781;-0.099853515625;-0.00137939453124999;15.0499999620024;1506;1 A;
58.7162528517557;-0.09991455078125;-0.00127258300781249;15.0599999619772;1507;1 A;
58.7262528517305;-0.09979248046875;-0.0012847900390625;15.0699999619519;1508;1 A;
58.7362528517052;-0.099884033203125;-0.001300048828125;15.0799999619267;1509;1 A;
58.74625285168;-0.099945068359375;-0.001263427734375;15.0899999619014;1510;1 A;
58.7562528516547;-0.09979248046875;-0.0012664794921875;15.0999999618762;1511;1 A;
58.7662528516295;-0.099822998046875;-0.00128173828125;15.1099999618509;1512;1 A;
58.7762528516042;-0.099853515625;-0.0013153076171875;15.1199999618257;1513;1 A;
58.786252851579;-0.099853515625;-0.0013702392578125;15.1299999618004;1514;1 A;
58.7962528515537;-0.099884033203125;-0.00134887695312499;15.1399999617752;1515;1 A;
58.8062528515285;-0.099853515625;-0.001373291015625;15.1499999617499;1516;1 A;
58.8162528515032;-0.09991455078125;-0.0013580322265625;15.1599999617247;1517;1 A;
58.826252851478;-0.099853515625;-0.0013580322265625;15.1699999616994;1518;1 A;
58.8362528514527;-0.09991455078125;-0.00127258300781249;15.1799999616742;1519;1 A;
58.8462528514275;-0.099884033203125;-0.00121154785156249;15.1899999616489;1520;1 A;
58.8562528514022;-0.099884033203125;-0.001324462890625;15.1999999616237;1521;1 A;
58.866252851377;-0.099822998046875;-0.001263427734375;15.2099999615984;1522;1 A;
58.8762528513518;-0.099822998046875;-0.0013153076171875;15.2199999615732;1523;1 A;
58.8862528513265;-0.099945068359375;-0.00134887695312499;15.2299999615479;1524;1 A;
58.8962528513013;-0.099853515625;-0.00131835937499999;15.2399999615227;1525;1 A;
58.906252851276;-0.099853515625;-0.00133666992187501;15.2499999614975;1526;1 A;
58.9162528512508;-0.099853515625;-0.001373291015625;15.2599999614722;1527;1 A;
58.9262528512255;-0.099884033203125;-0.0013763427734375;15.269999961447;1528;1 A;
58.9362528512003;-0.099945068359375;-0.00140380859375;15.2799999614217;1529;1 A;
58.946252851175;-0.099884033203125;-0.00135498046875;15.2899999613965;1530;1 A;
58.9562528511498;-0.099853515625;-0.00133361816406249;15.2999999613712;1531;1 A;
58.9662528511245;-0.099884033203125;-0.0013885498046875;15.309999961346;1532;1 A;
58.9762528510993;-0.099853515625;-0.00140991210937499;15.3199999613207;1533;1 A;
58.986252851074;-0.099761962890625;-0.00142517089843749;15.3299999612955;1534;1 A;
58.9962528510488;-0.099884033203125;-0.00139770507812501;15.3399999612702;1535;1 A;
59.0062528510235;-0.09991455078125;-0.001385498046875;15.349999961245;1536;1 A;
59.0162528509983;-0.09991455078125;-0.00144042968749999;15.3599999612197;1537;1 A;
59.026252850973;-0.099822998046875;-0.00144348144531251;15.3699999611945;1538;1 A;
59.0362528509478;-0.09979248046875;-0.00145568847656249;15.3799999611692;1539;1 A;
59.0462528509225;-0.099884033203125;-0.00145568847656249;15.389999961144;1540;1 A;
59.0562528508973;-0.099884033203125;-0.00145874023437501;15.3999999611187;1541;1 A;
59.066252850872;-0.099853515625;-0.001446533203125;15.4099999610935;1542;1 A;
59.0762528508468;-0.099822998046875;-0.001434326171875;15.4199999610682;1543;1 A;
59.0862528508216;-0.099884033203125;-0.00140380859375;15.429999961043;1544;1 A;
59.0962528507963;-0.099822998046875;-0.0014068603515625;15.4399999610177;1545;1 A;
59.1062528507711;-0.099822998046875;-0.00146484375;15.4499999609925;1546;1 A;
59.1162528507458;-0.099853515625;-0.00139770507812501;15.4599999609673;1547;1 A;
59.1262528507206;-0.099822998046875;-0.00145568847656249;15.469999960942;1548;1 A;
59.1362528506953;-0.099884033203125;-0.0014617919921875;15.4799999609168;1549;1 A;
59.1462528506701;-0.099853515625;-0.00145568847656249;15.4899999608915;1550;1 A;
59.1562528506448;-0.099853515625;-0.001483154296875;15.4999999608663;1551;1 A;
59.1662528506196;-0.099853515625;-0.00134887695312499;15.509999960841;1552;1 A;
59.1762528505943;-0.099853515625;-0.001446533203125;15.5199999608158;1553;1 A;
59.1862528505691;-0.099761962890625;-0.001507568359375;15.5299999607905;1554;1 A;
59.1962528505438;-0.099822998046875;-0.0014617919921875;15.5399999607653;1555;1 A;
59.2062528505186;-0.099853515625;-0.0014068603515625;15.54999996074;1556;1 A;
59.2162528504933;-0.099884033203125;-0.00147094726562499;15.5599999607148;1557;1 A;
59.2262528504681;-0.099884033203125;-0.00147094726562499;15.5699999606895;1558;1 A;
59.2362528504428;-0.099884033203125;-0.00148620605468749;15.5799999606643;1559;1 A;
59.2462528504176;-0.099853515625;-0.0014923095703125;15.589999960639;1560;1 A;
59.2562528503923;-0.09979248046875;-0.001483154296875;15.5999999606138;1561;1 A;
59.2662528503671;-0.099884033203125;-0.0014617919921875;15.6099999605885;1562;1 A;
59.2762528503418;-0.099853515625;-0.00147399902343751;15.6199999605633;1563;1 A;
59.2862528503166;-0.099853515625;-0.00150451660156251;15.629999960538;1564;1 A;
59.2962528502914;-0.099853515625;-0.00151672363281249;15.6399999605128;1565;1 A;
59.3062528502661;-0.099884033203125;-0.001495361328125;15.6499999604875;1566;1 A;
59.3162528502409;-0.099853515625;-0.0014923095703125;15.6599999604623;1567;1 A;
59.3262528502156;-0.09991455078125;-0.00147094726562499;15.6699999604371;1568;1 A;
59.3362528501904;-0.099853515625;-0.00148925781250001;15.6799999604118;1569;1 A;
59.3462528501651;-0.099853515625;-0.0015106201171875;15.6899999603866;1570;1 A;
59.3562528501399;-0.09991455078125;-0.00153503417968751;15.6999999603613;1571;1 A;
59.3662528501146;-0.099853515625;-0.00148620605468749;15.7099999603361;1572;1 A;
59.3762528500894;-0.099853515625;-0.0015289306640625;15.7199999603108;1573;1 A;
59.3862528500641;-0.09991455078125;-0.001513671875;15.7299999602856;1574;1 A;
59.3962528500389;-0.099822998046875;-0.00151672363281249;15.7399999602603;1575;1 A;
59.4062528500136;-0.099822998046875;-0.00150146484374999;15.7499999602351;1576;1 A;
59.4162528499884;-0.09991455078125;-0.00151672363281249;15.7599999602098;1577;1 A;
59.4262528499631;-0.09991455078125;-0.0014068603515625;15.7699999601846;1578;1 A;
59.4362528499379;-0.099884033203125;-0.0013153076171875;15.7799999601593;1579;1 A;
59.4462528499126;-0.09991455078125;-0.001446533203125;15.7899999601341;1580;1 A;
59.4562528498874;-0.099822998046875;-0.00145568847656249;15.7999999601088;1581;1 A;
59.4662528498621;-0.099884033203125;-0.00151672363281249;15.8099999600836;1582;1 A;
59.4762528498369;-0.099853515625;-0.0015228271484375;15.8199999600583;1583;1 A;
59.4862528498116;-0.099884033203125;-0.00148620605468749;15.8299999600331;1584;1 A;
59.4962528497864;-0.099884033203125;-0.0014678955078125;15.8399999600078;1585;1 A;
59.5062528497612;-0.09979248046875;-0.00150146484374999;15.8499999599826;1586;1 A;
59.5162528497359;-0.099884033203125;-0.0015228271484375;15.8599999599573;1587;1 A;
59.5262528497107;-0.099853515625;-0.00148620605468749;15.8699999599321;1588;1 A;
59.5362528496854;-0.099884033203125;-0.00150146484374999;15.8799999599069;1589;1 A;
59.5462528496602;-0.099853515625;-0.00147094726562499;15.8899999598816;1590;1 A;
59.5562528496349;-0.099853515625;-0.00147094726562499;15.8999999598564;1591;1 A;
59.5662528496097;-0.099853515625;-0.0015106201171875;15.9099999598311;1592;1 A;
59.5762528495844;-0.099853515625;-0.00148620605468749;15.9199999598059;1593;1 A;
59.5862528495592;-0.09991455078125;-0.00145568847656249;15.9299999597806;1594;1 A;
59.5962528495339;-0.099822998046875;-0.001416015625;15.9399999597554;1595;1 A;
59.6062528495087;-0.099853515625;-0.001483154296875;15.9499999597301;1596;1 A;
59.6162528494834;-0.099853515625;-0.0015106201171875;15.9599999597049;1597;1 A;
59.6262528494582;-0.099853515625;-0.0015228271484375;15.9699999596796;1598;1 A;
59.6362528494329;-0.09991455078125;-0.0015380859375;15.9799999596544;1599;1 A;
59.6462528494077;-0.099884033203125;-0.00152587890625;15.9899999596291;1600;1 A;
59.6562528493824;-0.099822998046875;-0.00151977539062501;15.9999999596039;1601;1 A;
59.6662528493572;-0.099822998046875;-0.0015228271484375;16.0099999595786;1602;1 A;
59.6762528493319;-0.099884033203125;-0.00151977539062501;16.0199999595534;1603;1 A;
59.6862528493067;-0.099853515625;-0.00152587890625;16.0299999595281;1604;1 A;
59.6962528492814;-0.099884033203125;-0.0015106201171875;16.0399999595029;1605;1 A;
59.7062528492562;-0.09991455078125;-0.00151672363281249;16.0499999594776;1606;1 A;
59.716252849231;-0.099853515625;-0.0015228271484375;16.0599999594524;1607;1 A;
59.7262528492057;-0.099884033203125;-0.0015106201171875;16.0699999594272;1608;1 A;
59.7362528491805;-0.09979248046875;-0.00145568847656249;16.0799999594019;1609;1 A;
59.7462528491552;-0.099884033203125;-0.00155029296875001;16.0899999593767;1610;1 A;
59.75625284913;-0.099853515625;-0.0015411376953125;16.0999999593514;1611;1 A;
59.7662528491047;-0.09979248046875;-0.0015533447265625;16.1099999593262;1612;1 A;
59.7762528490795;-0.099853515625;-0.0015594482421875;16.1199999593009;1613;1 A;
59.7862528490542;-0.099853515625;-0.001507568359375;16.1299999592757;1614;1 A;
59.796252849029;-0.09991455078125;-0.00153503417968751;16.1399999592504;1615;1 A;
59.8062528490037;-0.09979248046875;-0.00141296386718751;16.1499999592252;1616;1 A;
59.8162528489785;-0.099853515625;-0.00153503417968751;16.1599999591999;1617;1 A;
59.8262528489532;-0.099884033203125;-0.00155029296875001;16.1699999591747;1618;1 A;
59.836252848928;-0.099853515625;-0.00159912109375;16.1799999591494;1619;1 A;
59.8462528489027;-0.09991455078125;-0.00154724121093749;16.1899999591242;1620;1 A;
59.8562528488775;-0.09991455078125;-0.00157470703125;16.1999999590989;1621;1 A;
59.8662528488522;-0.099884033203125;-0.00156555175781251;16.2099999590737;1622;1 A;
59.876252848827;-0.099853515625;-0.00158081054687501;16.2199999590484;1623;1 A;
59.8862528488017;-0.099884033203125;-0.00156555175781251;16.2299999590232;1624;1 A;
59.8962528487765;-0.099884033203125;-0.001617431640625;16.2399999589979;1625;1 A;
59.9062528487513;-0.099884033203125;-0.001495361328125;16.2499999589727;1626;1 A;
59.916252848726;-0.09991455078125;-0.001312255859375;16.2599999589474;1627;1 A;
59.9262528487008;-0.099853515625;-0.00147705078125;16.2699999589222;1628;1 A;
59.9362528486755;-0.099822998046875;-0.00155029296875001;16.279999958897;1629;1 A;
59.9462528486503;-0.099884033203125;-0.00159606933593751;16.2899999588717;1630;1 A;
59.956252848625;-0.09991455078125;-0.001568603515625;16.2999999588465;1631;1 A;
59.9662528485998;-0.099822998046875;-0.0015228271484375;16.3099999588212;1632;1 A;
59.9762528485745;-0.099853515625;-0.001544189453125;16.319999958796;1633;1 A;
59.9862528485493;-0.099822998046875;-0.00147705078125;16.3299999587707;1634;1 A;
59.996252848524;-0.099822998046875;-0.00157470703125;16.3399999587455;1635;1 A;
60.0062528484988;-0.099884033203125;-0.00161132812500001;16.3499999587202;1636;1 A;
60.0162528484735;-0.099822998046875;-0.00162353515624999;16.359999958695;1637;1 A;
60.0262528484483;-0.099853515625;-0.00148620605468749;16.3699999586697;1638;1 A;
60.036252848423;-0.099853515625;-0.0014190673828125;16.3799999586445;1639;1 A;
60.0462528483978;-0.099853515625;-0.0014617919921875;16.3899999586192;1640;1 A;
60.0562528483725;-0.09991455078125;-0.00145874023437501;16.399999958594;1641;1 A;
60.0662528483473;-0.099884033203125;-0.00138244628906251;16.4099999585687;1642;1 A;
60.076252848322;-0.09979248046875;-0.00138244628906251;16.4199999585435;1643;1 A;
60.0862528482968;-0.099853515625;-0.001422119140625;16.4299999585182;1644;1 A;
60.0962528482715;-0.099853515625;-0.0015228271484375;16.439999958493;1645;1 A;
60.1062528482463;-0.099884033203125;-0.0014923095703125;16.4499999584677;1646;1 A;
60.1162528482211;-0.099853515625;-0.00147705078125;16.4599999584425;1647;1 A;
60.1262528481958;-0.099822998046875;-0.001544189453125;16.4699999584172;1648;1 A;
60.1362528481706;-0.099853515625;-0.0014923095703125;16.479999958392;1649;1 A;
60.1462528481453;-0.099822998046875;-0.001483154296875;16.4899999583668;1650;1 A;
60.1562528481201;-0.099884033203125;-0.001507568359375;16.4999999583415;1651;1 A;
60.1662528480948;-0.099853515625;-0.00155029296875001;16.5099999583163;1652;1 A;
60.1762528480696;-0.099853515625;-0.00156249999999999;16.519999958291;1653;1 A;
60.1862528480443;-0.099822998046875;-0.0015716552734375;16.5299999582658;1654;1 A;
60.1962528480191;-0.099884033203125;-0.0015716552734375;16.5399999582405;1655;1 A;
60.2062528479938;-0.099884033203125;-0.00157775878906249;16.5499999582153;1656;1 A;
60.2162528479686;-0.099853515625;-0.0015838623046875;16.55999995819;1657;1 A;
60.2262528479433;-0.099822998046875;-0.0016021728515625;16.5699999581648;1658;1 A;
60.2362528479181;-0.099853515625;-0.001617431640625;16.5799999581395;1659;1 A;
60.2462528478928;-0.099853515625;-0.0016204833984375;16.5899999581143;1660;1 A;
60.2562528478676;-0.09991455078125;-0.00162658691406251;16.599999958089;1661;1 A;
60.2662528478423;-0.099853515625;-0.00159912109375;16.6099999580638;1662;1 A;
60.2762528478171;-0.099884033203125;-0.001568603515625;16.6199999580385;1663;1 A;
60.2862528477918;-0.099853515625;-0.00158081054687501;16.6299999580133;1664;1 A;
60.2962528477666;-0.099853515625;-0.00159606933593751;16.639999957988;1665;1 A;
60.3062528477413;-0.099884033203125;-0.0014801025390625;16.6499999579628;1666;1 A;
60.3162528477161;-0.099853515625;-0.0015289306640625;16.6599999579375;1667;1 A;
60.3262528476909;-0.099853515625;-0.0014495849609375;16.6699999579123;1668;1 A;
60.3362528476656;-0.099822998046875;-0.0014923095703125;16.679999957887;1669;1 A;
60.3462528476404;-0.09991455078125;-0.00157470703125;16.6899999578618;1670;1 A;
60.3562528476151;-0.099853515625;-0.00153198242187499;16.6999999578366;1671;1 A;
60.3662528475899;-0.09991455078125;-0.00145263671875;16.7099999578113;1672;1 A;
60.3762528475646;-0.099884033203125;-0.00151977539062501;16.7199999577861;1673;1 A;
60.3862528475394;-0.099853515625;-0.001544189453125;16.7299999577608;1674;1 A;
60.3962528475141;-0.09991455078125;-0.0016143798828125;16.7399999577356;1675;1 A;
60.4062528474889;-0.099853515625;-0.00159912109375;16.7499999577103;1676;1 A;
60.4162528474636;-0.099822998046875;-0.0015838623046875;16.7599999576851;1677;1 A;
60.4262528474384;-0.09991455078125;-0.001513671875;16.7699999576598;1678;1 A;
60.4362528474131;-0.09991455078125;-0.00157775878906249;16.7799999576346;1679;1 A;
60.4462528473879;-0.099822998046875;-0.0015594482421875;16.7899999576093;1680;1 A;
60.4562528473626;-0.099884033203125;-0.0016021728515625;16.7999999575841;1681;1 A;
60.4662528473374;-0.099822998046875;-0.001605224609375;16.8099999575588;1682;1 A;
60.4762528473121;-0.09979248046875;-0.00162353515624999;16.8199999575336;1683;1 A;
60.4862528472869;-0.099884033203125;-0.0016357421875;16.8299999575083;1684;1 A;
60.4962528472616;-0.099822998046875;-0.001617431640625;16.8399999574831;1685;1 A;
60.5062528472364;-0.099853515625;-0.00162353515624999;16.8499999574578;1686;1 A;
60.5162528472111;-0.099822998046875;-0.00159606933593751;16.8599999574326;1687;1 A;
60.5262528471859;-0.099822998046875;-0.0015838623046875;16.8699999574073;1688;1 A;
60.5362528471607;-0.099884033203125;-0.00162658691406251;16.8799999573821;1689;1 A;
60.5462528471354;-0.099853515625;-0.00160827636718749;16.8899999573568;1690;1 A;
60.5562528471102;-0.099822998046875;-0.00162658691406251;16.8999999573316;1691;1 A;
60.5662528470849;-0.099884033203125;-0.0016021728515625;16.9099999573064;1692;1 A;
60.5762528470597;-0.09991455078125;-0.00162353515624999;16.9199999572811;1693;1 A;
60.5862528470344;-0.099884033203125;-0.00163879394531249;16.9299999572559;1694;1 A;
60.5962528470092;-0.099822998046875;-0.0016204833984375;16.9399999572306;1695;1 A;
60.6062528469839;-0.09979248046875;-0.00162353515624999;16.9499999572054;1696;1 A;
60.6162528469587;-0.099853515625;-0.00162658691406251;16.9599999571801;1697;1 A;
60.6262528469334;-0.099853515625;-0.00159606933593751;16.9699999571549;1698;1 A;
60.6362528469082;-0.099853515625;-0.00161132812500001;16.9799999571296;1699;1 A;
60.6462528468829;-0.099853515625;-0.0015716552734375;16.9899999571044;1700;1 A;
60.6562528468577;-0.09991455078125;-0.0016143798828125;16.9999999570791;1701;1 A;
60.6662528468324;-0.099853515625;-0.00163879394531249;17.0099999570539;1702;1 A;
60.6762528468072;-0.09991455078125;-0.001605224609375;17.0199999570286;1703;1 A;
60.6862528467819;-0.099884033203125;-0.00162658691406251;17.0299999570034;1704;1 A;
60.6962528467567;-0.099884033203125;-0.0016326904296875;17.0399999569781;1705;1 A;
60.7062528467314;-0.099853515625;-0.001629638671875;17.0499999569529;1706;1 A;
60.7162528467062;-0.099822998046875;-0.00165405273437499;17.0599999569276;1707;1 A;
60.7262528466809;-0.09991455078125;-0.00166015625;17.0699999569024;1708;1 A;
60.7362528466557;-0.099884033203125;-0.00164184570312501;17.0799999568771;1709;1 A;
60.7462528466305;-0.099853515625;-0.0016448974609375;17.0899999568519;1710;1 A;
60.7562528466052;-0.099822998046875;-0.0016204833984375;17.0999999568267;1711;1 A;
60.76625284658;-0.099884033203125;-0.00153503417968751;17.1099999568014;1712;1 A;
60.7762528465547;-0.099884033203125;-0.00164184570312501;17.1199999567762;1713;1 A;
60.7862528465295;-0.09991455078125;-0.001617431640625;17.1299999567509;1714;1 A;
60.7962528465042;-0.099853515625;-0.00164184570312501;17.1399999567257;1715;1 A;
60.806252846479;-0.09991455078125;-0.00166015625;17.1499999567004;1716;1 A;
60.8162528464537;-0.099884033203125;-0.00168457031249999;17.1599999566752;1717;1 A;
60.8262528464285;-0.099884033203125;-0.00168457031249999;17.1699999566499;1718;1 A;
60.8362528464032;-0.099884033203125;-0.00170288085937501;17.1799999566247;1719;1 A;
60.846252846378;-0.09991455078125;-0.0016815185546875;17.1899999565994;1720;1 A;
60.8562528463527;-0.09979248046875;-0.00171508789062499;17.1999999565742;1721;1 A;
60.8662528463275;-0.099853515625;-0.0017120361328125;17.2099999565489;1722;1 A;
60.8762528463022;-0.099884033203125;-0.001708984375;17.2199999565237;1723;1 A;
60.886252846277;-0.099884033203125;-0.0017242431640625;17.2299999564984;1724;1 A;
60.8962528462517;-0.09991455078125;-0.0017242431640625;17.2399999564732;1725;1 A;
60.9062528462265;-0.099884033203125;-0.00174560546874999;17.2499999564479;1726;1 A;
60.9162528462012;-0.09979248046875;-0.0017120361328125;17.2599999564227;1727;1 A;
60.926252846176;-0.099822998046875;-0.0017364501953125;17.2699999563974;1728;1 A;
60.9362528461508;-0.099884033203125;-0.00174560546874999;17.2799999563722;1729;1 A;
60.9462528461255;-0.099884033203125;-0.00174865722656251;17.2899999563469;1730;1 A;
60.9562528461003;-0.09991455078125;-0.0017730712890625;17.2999999563217;1731;1 A;
60.966252846075;-0.099822998046875;-0.0017822265625;17.3099999562965;1732;1 A;
60.9762528460498;-0.099853515625;-0.0017852783203125;17.3199999562712;1733;1 A;
60.9862528460245;-0.09991455078125;-0.00179138183593749;17.329999956246;1734;1 A;
60.9962528459993;-0.09991455078125;-0.00176086425781249;17.3399999562207;1735;1 A;
61.006252845974;-0.099853515625;-0.0017669677734375;17.3499999561955;1736;1 A;
61.0162528459488;-0.099822998046875;-0.001800537109375;17.3599999561702;1737;1 A;
61.0262528459235;-0.099853515625;-0.001788330078125;17.369999956145;1738;1 A;
61.0362528458983;-0.099822998046875;-0.00180969238281251;17.3799999561197;1739;1 A;
61.046252845873;-0.099884033203125;-0.00179443359375001;17.3899999560945;1740;1 A;
61.0562528458478;-0.099884033203125;-0.001800537109375;17.3999999560692;1741;1 A;
61.0662528458225;-0.099884033203125;-0.00174560546874999;17.409999956044;1742;1 A;
61.0762528457973;-0.099884033203125;-0.00182189941406249;17.4199999560187;1743;1 A;
61.086252845772;-0.099884033203125;-0.00184326171875;17.4299999559935;1744;1 A;
61.0962528457468;-0.099853515625;-0.00184326171875;17.4399999559682;1745;1 A;
61.1062528457215;-0.099945068359375;-0.00184020996093751;17.449999955943;1746;1 A;
61.1162528456963;-0.099853515625;-0.001812744140625;17.4599999559177;1747;1 A;
61.126252845671;-0.099822998046875;-0.00180664062499999;17.4699999558925;1748;1 A;
61.1362528456458;-0.099822998046875;-0.00180969238281251;17.4799999558672;1749;1 A;
61.1462528456206;-0.099884033203125;-0.00182495117187501;17.489999955842;1750;1 A;
61.1562528455953;-0.09991455078125;-0.0018310546875;17.4999999558167;1751;1 A;
61.1662528455701;-0.099853515625;-0.00182189941406249;17.5099999557915;1752;1 A;
61.1762528455448;-0.099884033203125;-0.00185546875000001;17.5199999557663;1753;1 A;
61.1862528455196;-0.099822998046875;-0.00179138183593749;17.529999955741;1754;1 A;
61.1962528454943;-0.099853515625;-0.00185546875000001;17.5399999557158;1755;1 A;
61.2062528454691;-0.099822998046875;-0.00185546875000001;17.5499999556905;1756;1 A;
61.2162528454438;-0.099853515625;-0.00188293457031249;17.5599999556653;1757;1 A;
61.2262528454186;-0.099822998046875;-0.0018585205078125;17.56999995564;1758;1 A;
61.2362528453933;-0.099884033203125;-0.0018646240234375;17.5799999556148;1759;1 A;
61.2462528453681;-0.099822998046875;-0.00185241699218749;17.5899999555895;1760;1 A;
61.2562528453428;-0.099853515625;-0.0018585205078125;17.5999999555643;1761;1 A;
61.2662528453176;-0.099884033203125;-0.00187072753906251;17.609999955539;1762;1 A;
61.2762528452923;-0.09991455078125;-0.0018798828125;17.6199999555138;1763;1 A;
61.2862528452671;-0.099853515625;-0.00188598632812501;17.6299999554885;1764;1 A;
61.2962528452418;-0.09991455078125;-0.00180969238281251;17.6399999554633;1765;1 A;
61.3062528452166;-0.09991455078125;-0.0018798828125;17.649999955438;1766;1 A;
61.3162528451913;-0.099884033203125;-0.0018951416015625;17.6599999554128;1767;1 A;
61.3262528451661;-0.099822998046875;-0.0018951416015625;17.6699999553875;1768;1 A;
61.3362528451408;-0.099853515625;-0.0019073486328125;17.6799999553623;1769;1 A;
61.3462528451156;-0.099822998046875;-0.0018310546875;17.689999955337;1770;1 A;
61.3562528450904;-0.099853515625;-0.00188293457031249;17.6999999553118;1771;1 A;
61.3662528450651;-0.099884033203125;-0.00186767578124999;17.7099999552865;1772;1 A;
61.3762528450399;-0.09991455078125;-0.0018646240234375;17.7199999552613;1773;1 A;
61.3862528450146;-0.09991455078125;-0.00185241699218749;17.7299999552361;1774;1 A;
61.3962528449894;-0.099822998046875;-0.0018768310546875;17.7399999552108;1775;1 A;
61.4062528449641;-0.099945068359375;-0.00188598632812501;17.7499999551856;1776;1 A;
61.4162528449389;-0.0999755859375;-0.0018646240234375;17.7599999551603;1777;1 A;
61.4262528449136;-0.099853515625;-0.00188293457031249;17.7699999551351;1778;1 A;
61.4362528448884;-0.099884033203125;-0.0019073486328125;17.7799999551098;1779;1 A;
61.4462528448631;-0.099853515625;-0.0019195556640625;17.7899999550846;1780;1 A;
61.4562528448379;-0.099884033203125;-0.00194396972656249;17.7999999550593;1781;1 A;
61.4662528448126;-0.099884033203125;-0.0019500732421875;17.8099999550341;1782;1 A;
61.4762528447874;-0.09991455078125;-0.00193176269531251;17.8199999550088;1783;1 A;
61.4862528447621;-0.099822998046875;-0.001910400390625;17.8299999549836;1784;1 A;
61.4962528447369;-0.099853515625;-0.00194702148437501;17.8399999549583;1785;1 A;
61.5062528447116;-0.09979248046875;-0.00196228027343751;17.8499999549331;1786;1 A;
61.5162528446864;-0.099884033203125;-0.00196228027343751;17.8599999549078;1787;1 A;
61.5262528446611;-0.09991455078125;-0.00191650390625001;17.8699999548826;1788;1 A;
61.5362528446359;-0.099853515625;-0.00194091796875;17.8799999548573;1789;1 A;
61.5462528446106;-0.09979248046875;-0.00196533203125;17.8899999548321;1790;1 A;
61.5562528445854;-0.099853515625;-0.001983642578125;17.8999999548068;1791;1 A;
61.5662528445602;-0.099884033203125;-0.001995849609375;17.9099999547816;1792;1 A;
61.5762528445349;-0.099884033203125;-0.0019989013671875;17.9199999547563;1793;1 A;
61.5862528445097;-0.099884033203125;-0.00199279785156251;17.9299999547311;1794;1 A;
61.5962528444844;-0.099853515625;-0.0019561767578125;17.9399999547059;1795;1 A;
61.6062528444592;-0.099853515625;-0.00196228027343751;17.9499999546806;1796;1 A;
61.6162528444339;-0.09979248046875;-0.00195922851562499;17.9599999546554;1797;1 A;
61.6262528444087;-0.09991455078125;-0.00197448730468749;17.9699999546301;1798;1 A;
61.6362528443834;-0.099853515625;-0.0019866943359375;17.9799999546049;1799;1 A;
61.6462528443582;-0.099853515625;-0.0019256591796875;17.9899999545796;1800;1 A;
61.6562528443329;-0.099853515625;-0.00196533203125;17.9999999545544;1801;1 A;
61.6662528443077;-0.099884033203125;-0.0019195556640625;18.0099999545291;1802;1 A;
61.6762528442824;-0.099853515625;-0.00193176269531251;18.0199999545039;1803;1 A;
61.6862528442572;-0.099853515625;-0.0019683837890625;18.0299999544786;1804;1 A;
61.6962528442319;-0.099884033203125;-0.001995849609375;18.0399999544534;1805;1 A;
61.7062528442067;-0.099853515625;-0.001983642578125;18.0499999544281;1806;1 A;
61.7162528441814;-0.099822998046875;-0.00150451660156251;18.0599999544029;1807;1 A;
61.7262528441562;-0.099853515625;-0.001953125;18.0699999543776;1808;1 A;
61.7362528441309;-0.099884033203125;-0.001983642578125;18.0799999543524;1809;1 A;
61.7462528441057;-0.099884033203125;-0.00197753906250001;18.0899999543271;1810;1 A;
61.7562528440804;-0.099884033203125;-0.0019683837890625;18.0999999543019;1811;1 A;
61.7662528440552;-0.099853515625;-0.001971435546875;18.1099999542766;1812;1 A;
61.77625284403;-0.099853515625;-0.00196228027343751;18.1199999542514;1813;1 A;
61.7862528440047;-0.099884033203125;-0.0019805908203125;18.1299999542262;1814;1 A;
61.7962528439795;-0.099884033203125;-0.0019805908203125;18.1399999542009;1815;1 A;
61.8062528439542;-0.099884033203125;-0.0019866943359375;18.1499999541757;1816;1 A;
61.816252843929;-0.099853515625;-0.002001953125;18.1599999541504;1817;1 A;
61.8262528439037;-0.099853515625;-0.00199279785156251;18.1699999541252;1818;1 A;
61.8362528438785;-0.099853515625;-0.00197448730468749;18.1799999540999;1819;1 A;
61.8462528438532;-0.099853515625;-0.00196228027343751;18.1899999540747;1820;1 A;
61.856252843828;-0.099853515625;-0.0019866943359375;18.1999999540494;1821;1 A;
61.8662528438027;-0.099853515625;-0.0019989013671875;18.2099999540242;1822;1 A;
61.8762528437775;-0.099822998046875;-0.00197753906250001;18.2199999539989;1823;1 A;
61.8862528437522;-0.09991455078125;-0.0019866943359375;18.2299999539737;1824;1 A;
61.896252843727;-0.099884033203125;-0.00193176269531251;18.2399999539484;1825;1 A;
61.9062528437017;-0.099853515625;-0.0019561767578125;18.2499999539232;1826;1 A;
61.9162528436765;-0.099822998046875;-0.001983642578125;18.2599999538979;1827;1 A;
61.9262528436512;-0.099884033203125;-0.001983642578125;18.2699999538727;1828;1 A;
61.936252843626;-0.099853515625;-0.001995849609375;18.2799999538474;1829;1 A;
61.9462528436007;-0.099884033203125;-0.00195922851562499;18.2899999538222;1830;1 A;
61.9562528435755;-0.099822998046875;-0.0019378662109375;18.2999999537969;1831;1 A;
61.9662528435503;-0.099853515625;-0.0019378662109375;18.3099999537717;1832;1 A;
61.976252843525;-0.09991455078125;-0.00194091796875;18.3199999537464;1833;1 A;
61.9862528434998;-0.09991455078125;-0.00186767578124999;18.3299999537212;1834;1 A;
61.9962528434745;-0.099884033203125;-0.001934814453125;18.339999953696;1835;1 A;
62.0062528434493;-0.099884033203125;-0.00194396972656249;18.3499999536707;1836;1 A;
62.016252843424;-0.099853515625;-0.00193176269531251;18.3599999536455;1837;1 A;
62.0262528433988;-0.099884033203125;-0.0019561767578125;18.3699999536202;1838;1 A;
62.0362528433735;-0.099822998046875;-0.00197753906250001;18.379999953595;1839;1 A;
62.0462528433483;-0.099884033203125;-0.00197448730468749;18.3899999535697;1840;1 A;
62.056252843323;-0.099853515625;-0.001971435546875;18.3999999535445;1841;1 A;
62.0662528432978;-0.099822998046875;-0.00196228027343751;18.4099999535192;1842;1 A;
62.0762528432725;-0.099853515625;-0.00196533203125;18.419999953494;1843;1 A;
62.0862528432473;-0.099884033203125;-0.00196228027343751;18.4299999534687;1844;1 A;
62.096252843222;-0.099853515625;-0.0019683837890625;18.4399999534435;1845;1 A;
62.1062528431968;-0.099853515625;-0.0019805908203125;18.4499999534182;1846;1 A;
62.1162528431715;-0.099945068359375;-0.0019805908203125;18.459999953393;1847;1 A;
62.1262528431463;-0.099822998046875;-0.00196228027343751;18.4699999533677;1848;1 A;
62.136252843121;-0.099884033203125;-0.00196228027343751;18.4799999533425;1849;1 A;
62.1462528430958;-0.09991455078125;-0.001953125;18.4899999533172;1850;1 A;
62.1562528430705;-0.099884033203125;-0.001971435546875;18.499999953292;1851;1 A;
62.1662528430453;-0.09991455078125;-0.00196533203125;18.5099999532667;1852;1 A;
62.1762528430201;-0.099884033203125;-0.0019805908203125;18.5199999532415;1853;1 A;
62.1862528429948;-0.099884033203125;-0.0019683837890625;18.5299999532162;1854;1 A;
62.1962528429696;-0.099853515625;-0.0018157958984375;18.539999953191;1855;1 A;
62.2062528429443;-0.099853515625;-0.0018768310546875;18.5499999531658;1856;1 A;
62.2162528429191;-0.09991455078125;-0.001953125;18.5599999531405;1857;1 A;
62.2262528428938;-0.099853515625;-0.00194396972656249;18.5699999531153;1858;1 A;
62.2362528428686;-0.099822998046875;-0.0019683837890625;18.57999995309;1859;1 A;
62.2462528428433;-0.09991455078125;-0.0019500732421875;18.5899999530648;1860;1 A;
62.2562528428181;-0.099853515625;-0.0019683837890625;18.5999999530395;1861;1 A;
62.2662528427928;-0.09991455078125;-0.001971435546875;18.6099999530143;1862;1 A;
62.2762528427676;-0.099853515625;-0.00197753906250001;18.619999952989;1863;1 A;
62.2862528427423;-0.09991455078125;-0.00199279785156251;18.6299999529638;1864;1 A;
62.2962528427171;-0.099853515625;-0.001983642578125;18.6399999529385;1865;1 A;
62.3062528426918;-0.099884033203125;-0.00194091796875;18.6499999529133;1866;1 A;
62.3162528426666;-0.099853515625;-0.001953125;18.659999952888;1867;1 A;
62.3262528426413;-0.099884033203125;-0.00194396972656249;18.6699999528628;1868;1 A;
62.3362528426161;-0.099853515625;-0.00196533203125;18.6799999528375;1869;1 A;
62.3462528425908;-0.099822998046875;-0.001953125;18.6899999528123;1870;1 A;
62.3562528425656;-0.09991455078125;-0.00196228027343751;18.699999952787;1871;1 A;
62.3662528425403;-0.099884033203125;-0.00194091796875;18.7099999527618;1872;1 A;
62.3762528425151;-0.099853515625;-0.001953125;18.7199999527365;1873;1 A;
62.3862528424899;-0.099822998046875;-0.00195922851562499;18.7299999527113;1874;1 A;
62.3962528424646;-0.099884033203125;-0.00195922851562499;18.739999952686;1875;1 A;
62.4062528424394;-0.099853515625;-0.001971435546875;18.7499999526608;1876;1 A;
62.4162528424141;-0.099853515625;-0.001983642578125;18.7599999526356;1877;1 A;
62.4262528423889;-0.099884033203125;-0.001971435546875;18.7699999526103;1878;1 A;
62.4362528423636;-0.099884033203125;-0.0019683837890625;18.7799999525851;1879;1 A;
62.4462528423384;-0.09991455078125;-0.0018768310546875;18.7899999525598;1880;1 A;
62.4562528423131;-0.099822998046875;-0.00192871093749999;18.7999999525346;1881;1 A;
62.4662528422879;-0.099853515625;-0.0019500732421875;18.8099999525093;1882;1 A;
62.4762528422626;-0.099884033203125;-0.00194702148437501;18.8199999524841;1883;1 A;
62.4862528422374;-0.099853515625;-0.00196533203125;18.8299999524588;1884;1 A;
62.4962528422121;-0.099853515625;-0.0019378662109375;18.8399999524336;1885;1 A;
62.5062528421869;-0.099884033203125;-0.00195922851562499;18.8499999524083;1886;1 A;
62.5162528421616;-0.099822998046875;-0.00182495117187501;18.8599999523831;1887;1 A;
62.5262528421364;-0.099884033203125;-0.001849365234375;18.8699999523578;1888;1 A;
62.5362528421111;-0.099853515625;-0.00197753906250001;18.8799999523326;1889;1 A;
62.5462528420859;-0.099884033203125;-0.00196228027343751;18.8899999523073;1890;1 A;
62.5562528420606;-0.099853515625;-0.001971435546875;18.8999999522821;1891;1 A;
62.5662528420354;-0.099884033203125;-0.001953125;18.9099999522568;1892;1 A;
62.5762528420101;-0.099853515625;-0.00196533203125;18.9199999522316;1893;1 A;
62.5862528419849;-0.09991455078125;-0.0019561767578125;18.9299999522063;1894;1 A;
62.5962528419597;-0.09979248046875;-0.00195922851562499;18.9399999521811;1895;1 A;
62.6062528419344;-0.099853515625;-0.0019378662109375;18.9499999521558;1896;1 A;
62.6162528419092;-0.099822998046875;-0.00195922851562499;18.9599999521306;1897;1 A;
62.6262528418839;-0.099884033203125;-0.00195922851562499;18.9699999521054;1898;1 A;
62.6362528418587;-0.099853515625;-0.0019805908203125;18.9799999520801;1899;1 A;
62.6462528418334;-0.099853515625;-0.0019683837890625;18.9899999520549;1900;1 A;
62.6562528418082;-0.099853515625;-0.00199279785156251;18.9999999520296;1901;1 A;
62.6662528417829;-0.099884033203125;-0.00198974609374999;19.0099999520044;1902;1 A;
62.6762528417577;-0.099822998046875;-0.00190124511718751;19.0199999519791;1903;1 A;
62.6862528417324;-0.09979248046875;-0.00194091796875;19.0299999519539;1904;1 A;
62.6962528417072;-0.099884033203125;-0.00191345214843749;19.0399999519286;1905;1 A;
62.7062528416819;-0.099822998046875;-0.00191345214843749;19.0499999519034;1906;1 A;
62.7162528416567;-0.099884033203125;-0.0019561767578125;19.0599999518781;1907;1 A;
62.7262528416314;-0.099884033203125;-0.00188598632812501;19.0699999518529;1908;1 A;
62.7362528416062;-0.099853515625;-0.00194091796875;19.0799999518276;1909;1 A;
62.7462528415809;-0.09979248046875;-0.00191650390625001;19.0899999518024;1910;1 A;
62.7562528415557;-0.099822998046875;-0.001934814453125;19.0999999517771;1911;1 A;
62.7662528415304;-0.099853515625;-0.00194091796875;19.1099999517519;1912;1 A;
62.7762528415052;-0.099853515625;-0.00193176269531251;19.1199999517266;1913;1 A;
62.7862528414799;-0.09979248046875;-0.001953125;19.1299999517014;1914;1 A;
62.7962528414547;-0.099822998046875;-0.00194091796875;19.1399999516761;1915;1 A;
62.8062528414295;-0.099884033203125;-0.00194091796875;19.1499999516509;1916;1 A;
62.8162528414042;-0.099853515625;-0.0019561767578125;19.1599999516257;1917;1 A;
62.826252841379;-0.099853515625;-0.00193176269531251;19.1699999516004;1918;1 A;
62.8362528413537;-0.099853515625;-0.0019378662109375;19.1799999515752;1919;1 A;
62.8462528413285;-0.099822998046875;-0.001953125;19.1899999515499;1920;1 A;
62.8562528413032;-0.099853515625;-0.0018951416015625;19.1999999515247;1921;1 A;
62.866252841278;-0.099884033203125;-0.00193176269531251;19.2099999514994;1922;1 A;
62.8762528412527;-0.099853515625;-0.00194702148437501;19.2199999514742;1923;1 A;
62.8862528412275;-0.099822998046875;-0.0019683837890625;19.2299999514489;1924;1 A;
62.8962528412022;-0.099822998046875;-0.0019561767578125;19.2399999514237;1925;1 A;
62.906252841177;-0.099853515625;-0.0017852783203125;19.2499999513984;1926;1 A;
62.9162528411517;-0.099884033203125;-0.001849365234375;19.2599999513732;1927;1 A;
62.9262528411265;-0.099884033203125;-0.00193176269531251;19.2699999513479;1928;1 A;
62.9362528411012;-0.099884033203125;-0.001904296875;19.2799999513227;1929;1 A;
62.946252841076;-0.099884033203125;-0.0019378662109375;19.2899999512974;1930;1 A;
62.9562528410507;-0.099853515625;-0.00194396972656249;19.2999999512722;1931;1 A;
62.9662528410255;-0.099853515625;-0.001922607421875;19.3099999512469;1932;1 A;
62.9762528410002;-0.099884033203125;-0.00184020996093751;19.3199999512217;1933;1 A;
62.986252840975;-0.099884033203125;-0.00189819335937499;19.3299999511964;1934;1 A;
62.9962528409498;-0.099884033203125;-0.00188293457031249;19.3399999511712;1935;1 A;
63.0062528409245;-0.09979248046875;-0.0019256591796875;19.3499999511459;1936;1 A;
63.0162528408993;-0.099884033203125;-0.0019378662109375;19.3599999511207;1937;1 A;
63.026252840874;-0.099822998046875;-0.0019256591796875;19.3699999510955;1938;1 A;
63.0362528408488;-0.099884033203125;-0.0018890380859375;19.3799999510702;1939;1 A;
63.0462528408235;-0.099822998046875;-0.0018890380859375;19.389999951045;1940;1 A;
63.0562528407983;-0.099884033203125;-0.0019073486328125;19.3999999510197;1941;1 A;
63.066252840773;-0.099822998046875;-0.00191345214843749;19.4099999509945;1942;1 A;
63.0762528407478;-0.09991455078125;-0.001904296875;19.4199999509692;1943;1 A;
63.0862528407225;-0.09991455078125;-0.001910400390625;19.429999950944;1944;1 A;
63.0962528406973;-0.099822998046875;-0.00189208984375;19.4399999509187;1945;1 A;
63.106252840672;-0.099822998046875;-0.00189208984375;19.4499999508935;1946;1 A;
63.1162528406468;-0.099884033203125;-0.00189208984375;19.4599999508682;1947;1 A;
63.1262528406215;-0.099853515625;-0.00190124511718751;19.469999950843;1948;1 A;
63.1362528405963;-0.099884033203125;-0.001910400390625;19.4799999508177;1949;1 A;
63.146252840571;-0.09991455078125;-0.00189208984375;19.4899999507925;1950;1 A;
63.1562528405458;-0.099853515625;-0.00190124511718751;19.4999999507672;1951;1 A;
63.1662528405205;-0.099884033203125;-0.001861572265625;19.509999950742;1952;1 A;
63.1762528404953;-0.099884033203125;-0.00176086425781249;19.5199999507167;1953;1 A;
63.18625284047;-0.09991455078125;-0.00188293457031249;19.5299999506915;1954;1 A;
63.1962528404448;-0.099945068359375;-0.00187072753906251;19.5399999506662;1955;1 A;
63.2062528404196;-0.099853515625;-0.00183715820312499;19.549999950641;1956;1 A;
63.2162528403943;-0.099853515625;-0.00183715820312499;19.5599999506157;1957;1 A;
63.2262528403691;-0.099884033203125;-0.0018768310546875;19.5699999505905;1958;1 A;
63.2362528403438;-0.09991455078125;-0.00189819335937499;19.5799999505653;1959;1 A;
63.2462528403186;-0.099884033203125;-0.00188293457031249;19.58999995054;1960;1 A;
63.2562528402933;-0.099884033203125;-0.0019073486328125;19.5999999505148;1961;1 A;
63.2662528402681;-0.099822998046875;-0.00189208984375;19.6099999504895;1962;1 A;
63.2762528402428;-0.099884033203125;-0.00188293457031249;19.6199999504643;1963;1 A;
63.2862528402176;-0.09991455078125;-0.0018951416015625;19.629999950439;1964;1 A;
63.2962528401923;-0.09991455078125;-0.001873779296875;19.6399999504138;1965;1 A;
63.3062528401671;-0.099884033203125;-0.0018951416015625;19.6499999503885;1966;1 A;
63.3162528401418;-0.099945068359375;-0.0018951416015625;19.6599999503633;1967;1 A;
63.3262528401166;-0.099853515625;-0.0018890380859375;19.669999950338;1968;1 A;
63.3362528400913;-0.099822998046875;-0.00188293457031249;19.6799999503128;1969;1 A;
63.3462528400661;-0.099822998046875;-0.001861572265625;19.6899999502875;1970;1 A;
63.3562528400408;-0.099884033203125;-0.0018768310546875;19.6999999502623;1971;1 A;
63.3662528400156;-0.099853515625;-0.0018798828125;19.709999950237;1972;1 A;
63.3762528399903;-0.099853515625;-0.00187072753906251;19.7199999502118;1973;1 A;
63.3862528399651;-0.09991455078125;-0.001861572265625;19.7299999501865;1974;1 A;
63.3962528399398;-0.099884033203125;-0.00173034667968749;19.7399999501613;1975;1 A;
63.4062528399146;-0.099884033203125;-0.00185546875000001;19.749999950136;1976;1 A;
63.4162528398894;-0.099884033203125;-0.001873779296875;19.7599999501108;1977;1 A;
63.4262528398641;-0.099884033203125;-0.0018768310546875;19.7699999500855;1978;1 A;
63.4362528398389;-0.099884033203125;-0.0018890380859375;19.7799999500603;1979;1 A;
63.4462528398136;-0.09991455078125;-0.00185546875000001;19.7899999500351;1980;1 A;
63.4562528397884;-0.099853515625;-0.0018768310546875;19.7999999500098;1981;1 A;
63.4662528397631;-0.09991455078125;-0.0018798828125;19.8099999499846;1982;1 A;
63.4762528397379;-0.09991455078125;-0.00189208984375;19.8199999499593;1983;1 A;
63.4862528397126;-0.099853515625;-0.001910400390625;19.8299999499341;1984;1 A;
63.4962528396874;-0.09991455078125;-0.0018951416015625;19.8399999499088;1985;1 A;
63.5062528396621;-0.09991455078125;-0.00189819335937499;19.8499999498836;1986;1 A;
63.5162528396369;-0.099884033203125;-0.0018798828125;19.8599999498583;1987;1 A;
63.5262528396116;-0.099853515625;-0.00188293457031249;19.8699999498331;1988;1 A;
63.5362528395864;-0.099884033203125;-0.001910400390625;19.8799999498078;1989;1 A;
63.5462528395611;-0.099822998046875;-0.00190124511718751;19.8899999497826;1990;1 A;
63.5562528395359;-0.099853515625;-0.00191650390625001;19.8999999497573;1991;1 A;
63.5662528395106;-0.099884033203125;-0.001922607421875;19.9099999497321;1992;1 A;
63.5762528394854;-0.099853515625;-0.00191650390625001;19.9199999497068;1993;1 A;
63.5862528394601;-0.099853515625;-0.00192871093749999;19.9299999496816;1994;1 A;
63.5962528394349;-0.099822998046875;-0.0019073486328125;19.9399999496563;1995;1 A;
63.6062528394096;-0.099884033203125;-0.00192871093749999;19.9499999496311;1996;1 A;
63.6162528393844;-0.099884033203125;-0.001934814453125;19.9599999496058;1997;1 A;
63.6262528393592;-0.099822998046875;-0.00193176269531251;19.9699999495806;1998;1 A;
63.6362528393339;-0.099853515625;-0.00193176269531251;19.9799999495553;1999;1 A;
63.6462528393087;-0.099853515625;-0.00192871093749999;19.9899999495301;2000;1 A;
