Time (s);WE(1).Potential (V);WE(1).Current (A);Corrected time (s);Index;Current range
42.7150888921548;0.4498291015625;0.289886474609375;0;1;100 mA
42.7250888921295;0.450439453125;0.200927734375;0.00999999997475243;2;100 mA
42.7350888921043;0.450531005859375;0.1595458984375;0.0199999999495049;3;100 mA
42.745088892079;0.450439453125;0.134552001953125;0.0299999999242573;4;100 mA
42.7550888920538;0.450469970703125;0.117218017578125;0.0399999998990097;5;100 mA
42.7650888920285;0.450592041015625;0.1044921875;0.0499999998737621;6;100 mA
42.7750888920033;0.45050048828125;0.094482421875;0.0599999998485146;7;100 mA
42.785088891978;0.45050048828125;0.08636474609375;0.069999999823267;8;100 mA
42.7950888919528;0.450531005859375;0.079559326171875;0.0799999997980194;9;100 mA
42.8050888919275;0.450531005859375;0.0738525390625;0.0899999997727718;10;100 mA
42.8150888919023;0.4505615234375;0.068939208984375;0.0999999997475243;11;100 mA
42.825088891877;0.4505615234375;0.064666748046875;0.109999999722277;12;100 mA
42.8350888918518;0.4505615234375;0.0609130859375;0.119999999697029;13;100 mA
42.8450888918265;0.450469970703125;0.05767822265625;0.129999999671782;14;100 mA
42.8550888918013;0.4505615234375;0.0546875;0.139999999646534;15;100 mA
42.8650888917761;0.450469970703125;0.051971435546875;0.149999999621286;16;100 mA
42.8750888917508;0.450592041015625;0.049468994140625;0.159999999596039;17;100 mA
42.8850888917256;0.4505615234375;0.0471710205078125;0.169999999570791;18;100 mA
42.8950888917003;0.45062255859375;0.0451324462890625;0.179999999545544;19;100 mA
42.9050888916751;0.450531005859375;0.0431854248046875;0.189999999520296;20;100 mA
42.9150888916498;0.4505615234375;0.0414703369140625;0.199999999495049;21;100 mA
42.9250888916246;0.4505615234375;0.0398895263671875;0.209999999469801;22;100 mA
42.9350888915993;0.4505615234375;0.0383941650390625;0.219999999444553;23;100 mA
42.9450888915741;0.450592041015625;0.0369110107421875;0.229999999419306;24;100 mA
42.9550888915488;0.450592041015625;0.0355438232421875;0.239999999394058;25;100 mA
42.9650888915236;0.45050048828125;0.0342437744140625;0.249999999368811;26;100 mA
42.9750888914983;0.450592041015625;0.0330352783203125;0.259999999343563;27;100 mA
42.9850888914731;0.450531005859375;0.0318878173828125;0.269999999318316;28;100 mA
42.9950888914478;0.45062255859375;0.0308837890625;0.279999999293068;29;100 mA
43.0050888914226;0.45050048828125;0.0298675537109375;0.28999999926782;30;100 mA
43.0150888913973;0.450592041015625;0.028955078125;0.299999999242573;31;100 mA
43.0250888913721;0.450469970703125;0.02799072265625;0.309999999217325;32;100 mA
43.0350888913468;0.450592041015625;0.0271148681640625;0.319999999192078;33;100 mA
43.0450888913216;0.45062255859375;0.02628173828125;0.32999999916683;34;100 mA
43.0550888912964;0.450592041015625;0.025457763671875;0.339999999141583;35;100 mA
43.0650888912711;0.450714111328125;0.0247314453125;0.349999999116335;36;100 mA
43.0750888912459;0.450469970703125;0.0240386962890625;0.359999999091087;37;100 mA
43.0850888912206;0.4505615234375;0.02337646484375;0.36999999906584;38;100 mA
43.0950888911954;0.45068359375;0.022747802734375;0.379999999040592;39;100 mA
43.1050888911701;0.450531005859375;0.0220794677734375;0.389999999015345;40;100 mA
43.1150888911449;0.45068359375;0.0214447021484375;0.399999998990097;41;100 mA
43.1250888911196;0.450653076171875;0.02086181640625;0.40999999896485;42;100 mA
43.1350888910944;0.45074462890625;0.0202850341796875;0.419999998939602;43;100 mA
43.1450888910691;0.45050048828125;0.0197845458984375;0.429999998914354;44;100 mA
43.1550888910439;0.45062255859375;0.0192718505859375;0.439999998889107;45;100 mA
43.1650888910186;0.45068359375;0.018817138671875;0.449999998863859;46;100 mA
43.1750888909934;0.45068359375;0.018365478515625;0.459999998838612;47;100 mA
43.1850888909681;0.450592041015625;0.0179046630859375;0.469999998813364;48;100 mA
43.1950888909429;0.450531005859375;0.0174713134765625;0.479999998788116;49;100 mA
43.2050888909176;0.450592041015625;0.01702880859375;0.489999998762869;50;100 mA
43.2150888908924;0.45062255859375;0.0166259765625;0.499999998737621;51;100 mA
43.2250888908671;0.45062255859375;0.0162506103515625;0.509999998712374;52;100 mA
43.2350888908419;0.45062255859375;0.01590576171875;0.519999998687126;53;100 mA
43.2450888908166;0.4505615234375;0.015576171875;0.529999998661879;54;100 mA
43.2550888907914;0.450653076171875;0.01522216796875;0.539999998636631;55;100 mA
43.2650888907662;0.450469970703125;0.014898681640625;0.549999998611383;56;100 mA
43.2750888907409;0.450592041015625;0.0145538330078125;0.559999998586136;57;100 mA
43.2850888907157;0.45068359375;0.0142120361328125;0.569999998560888;58;100 mA
43.2950888906904;0.45062255859375;0.0139007568359375;0.579999998535641;59;100 mA
43.3050888906652;0.45062255859375;0.0136016845703125;0.589999998510393;60;100 mA
43.3150888906399;0.450531005859375;0.013330078125;0.599999998485146;61;100 mA
43.3250888906147;0.4505615234375;0.0130645751953125;0.609999998459898;62;100 mA
43.3350888905894;0.4505615234375;0.0128021240234375;0.61999999843465;63;100 mA
43.3450888905642;0.450531005859375;0.0125335693359375;0.629999998409403;64;100 mA
43.3550888905389;0.45062255859375;0.01224365234375;0.639999998384155;65;100 mA
43.3650888905137;0.4505615234375;0.0120025634765625;0.649999998358908;66;100 mA
43.3750888904884;0.450592041015625;0.01175537109375;0.65999999833366;67;100 mA
43.3850888904632;0.450592041015625;0.011517333984375;0.669999998308413;68;100 mA
43.3950888904379;0.4505615234375;0.0113311767578125;0.679999998283165;69;100 mA
43.4050888904127;0.450653076171875;0.0111328125;0.689999998257917;70;100 mA
43.4150888903874;0.45068359375;0.010931396484375;0.69999999823267;71;100 mA
43.4250888903622;0.4505615234375;0.01072998046875;0.709999998207422;72;100 mA
43.4350888903369;0.450469970703125;0.01053466796875;0.719999998182175;73;100 mA
43.4450888903117;0.450653076171875;0.010345458984375;0.729999998156927;74;100 mA
43.4550888902864;0.4505615234375;0.010137939453125;0.73999999813168;75;100 mA
43.4650888902612;0.450714111328125;0.0099609375;0.749999998106432;76;100 mA
43.475088890236;0.45062255859375;0.00980224609375;0.759999998081184;77;100 mA
43.4850888902107;0.45050048828125;0.009649658203125;0.769999998055937;78;100 mA
43.4950888901855;0.45062255859375;0.0094818115234375;0.779999998030689;79;100 mA
43.5050888901602;0.450439453125;0.0093231201171875;0.789999998005442;80;100 mA
43.515088890135;0.450653076171875;0.0091552734375;0.799999997980194;81;100 mA
43.5250888901097;0.450592041015625;0.008990478515625;0.809999997954947;82;100 mA
43.5350888900845;0.45062255859375;0.0088226318359375;0.819999997929699;83;100 mA
43.5450888900592;0.450714111328125;0.008685302734375;0.829999997904451;84;100 mA
43.555088890034;0.450531005859375;0.008551025390625;0.839999997879204;85;100 mA
43.5650888900087;0.4505615234375;0.008441162109375;0.849999997853956;86;100 mA
43.5750888899835;0.45062255859375;0.0083160400390625;0.859999997828709;87;100 mA
43.5850888899582;0.4505615234375;0.0081939697265625;0.869999997803461;88;100 mA
43.595088889933;0.450592041015625;0.0080596923828125;0.879999997778214;89;100 mA
43.6050888899077;0.450592041015625;0.0079254150390625;0.889999997752966;90;100 mA
43.6150888898825;0.450653076171875;0.00780029296875;0.899999997727718;91;100 mA
43.6250888898572;0.45062255859375;0.0076812744140625;0.909999997702471;92;100 mA
43.635088889832;0.450653076171875;0.0075927734375;0.919999997677223;93;100 mA
43.6450888898067;0.45062255859375;0.007501220703125;0.929999997651976;94;100 mA
43.6550888897815;0.45068359375;0.0073974609375;0.939999997626728;95;100 mA
43.6650888897562;0.450531005859375;0.0073150634765625;0.949999997601481;96;100 mA
43.675088889731;0.450592041015625;0.0071929931640625;0.959999997576233;97;100 mA
43.6850888897058;0.450653076171875;0.007080078125;0.969999997550985;98;100 mA
43.6950888896805;0.45068359375;0.006982421875;0.979999997525738;99;100 mA
43.7050888896553;0.450714111328125;0.0068695068359375;0.98999999750049;100;100 mA
43.71508888963;0.450531005859375;0.006793212890625;0.999999997475243;101;100 mA
43.7250888896048;0.450531005859375;0.0067138671875;1.00999999745;102;100 mA
43.7350888895795;0.450653076171875;0.0066131591796875;1.01999999742475;103;100 mA
43.7450888895543;0.4505615234375;0.0065399169921875;1.0299999973995;104;100 mA
43.755088889529;0.450653076171875;0.00643310546875;1.03999999737425;105;100 mA
43.7650888895038;0.45062255859375;0.0063385009765625;1.049999997349;106;100 mA
43.7750888894785;0.45062255859375;0.006243896484375;1.05999999732376;107;100 mA
43.7850888894533;0.4505615234375;0.00616455078125;1.06999999729851;108;100 mA
43.795088889428;0.450531005859375;0.0060882568359375;1.07999999727326;109;100 mA
43.8050888894028;0.45068359375;0.0060211181640625;1.08999999724801;110;100 mA
43.8150888893775;0.450653076171875;0.0059539794921875;1.09999999722277;111;100 mA
43.8250888893523;0.450592041015625;0.0058868408203125;1.10999999719752;112;100 mA
43.835088889327;0.4505615234375;0.005792236328125;1.11999999717227;113;100 mA
43.8450888893018;0.450592041015625;0.0057342529296875;1.12999999714702;114;100 mA
43.8550888892765;0.45062255859375;0.0056396484375;1.13999999712178;115;100 mA
43.8650888892513;0.450653076171875;0.0055572509765625;1.14999999709653;116;100 mA
43.875088889226;0.45062255859375;0.0055084228515625;1.15999999707128;117;100 mA
43.8850888892008;0.45050048828125;0.0054534912109375;1.16999999704603;118;100 mA
43.8950888891756;0.45062255859375;0.0053863525390625;1.17999999702079;119;100 mA
43.9050888891503;0.450531005859375;0.0053253173828125;1.18999999699554;120;100 mA
43.9150888891251;0.45062255859375;0.0052459716796875;1.19999999697029;121;100 mA
43.9250888890998;0.450653076171875;0.005169677734375;1.20999999694504;122;100 mA
43.9350888890746;0.4505615234375;0.0050994873046875;1.2199999969198;123;100 mA
43.9450888890493;0.450714111328125;0.0050384521484375;1.22999999689455;124;100 mA
43.9550888890241;0.450531005859375;0.0049835205078125;1.2399999968693;125;100 mA
43.9650888889988;0.45062255859375;0.004937744140625;1.24999999684405;126;100 mA
43.9750888889736;0.45062255859375;0.004864501953125;1.25999999681881;127;100 mA
43.9850888889483;0.450592041015625;0.0048187255859375;1.26999999679356;128;100 mA
43.9950888889231;0.45062255859375;0.0047393798828125;1.27999999676831;129;100 mA
44.0050888888978;0.45050048828125;0.0046661376953125;1.28999999674306;130;100 mA
44.0150888888726;0.45068359375;0.004609375;1.29999999671782;131;100 mA
44.0250888888473;0.45068359375;0.0045391845703125;1.30999999669257;132;100 mA
44.0350888888221;0.450592041015625;0.00449127197265625;1.31999999666732;133;100 mA
44.0450888887968;0.450592041015625;0.0044464111328125;1.32999999664207;134;100 mA
44.0550888887716;0.45068359375;0.00437652587890625;1.33999999661683;135;100 mA
44.0650888887463;0.450592041015625;0.00434417724609375;1.34999999659158;136;100 mA
44.0750888887211;0.450653076171875;0.0042578125;1.35999999656633;137;100 mA
44.0850888886959;0.45068359375;0.0042108154296875;1.36999999654108;138;100 mA
44.0950888886706;0.45062255859375;0.00415008544921875;1.37999999651583;139;100 mA
44.1050888886454;0.45074462890625;0.00406982421875;1.38999999649059;140;100 mA
44.1150888886201;0.450714111328125;0.00405853271484375;1.39999999646534;141;100 mA
44.1250888885949;0.45062255859375;0.0040185546875;1.40999999644009;142;100 mA
44.1350888885696;0.45068359375;0.0039642333984375;1.41999999641484;143;100 mA
44.1450888885444;0.450531005859375;0.0039312744140625;1.4299999963896;144;100 mA
44.1550888885191;0.450714111328125;0.00385894775390625;1.43999999636435;145;100 mA
44.1650888884939;0.45068359375;0.0038201904296875;1.4499999963391;146;100 mA
44.1750888884686;0.45068359375;0.00376708984375;1.45999999631385;147;100 mA
44.1850888884434;0.450592041015625;0.0037139892578125;1.46999999628861;148;100 mA
44.1950888884181;0.450592041015625;0.00368194580078125;1.47999999626336;149;100 mA
44.2050888883929;0.450653076171875;0.0036541748046875;1.48999999623811;150;100 mA
44.2150888883676;0.45074462890625;0.00361114501953125;1.49999999621286;151;100 mA
44.2250888883424;0.45062255859375;0.0035760498046875;1.50999999618762;152;100 mA
44.2350888883171;0.450653076171875;0.0035174560546875;1.51999999616237;153;100 mA
44.2450888882919;0.45062255859375;0.003487548828125;1.52999999613712;154;100 mA
44.2550888882666;0.45062255859375;0.00342010498046875;1.53999999611187;155;100 mA
44.2650888882414;0.45068359375;0.00339080810546875;1.54999999608663;156;100 mA
44.2750888882161;0.45068359375;0.00336334228515625;1.55999999606138;157;100 mA
44.2850888881909;0.450653076171875;0.00332794189453125;1.56999999603613;158;100 mA
44.2950888881657;0.450714111328125;0.0032781982421875;1.57999999601088;159;100 mA
44.3050888881404;0.450531005859375;0.0032574462890625;1.58999999598564;160;100 mA
44.3150888881152;0.45062255859375;0.00320465087890625;1.59999999596039;161;100 mA
44.3250888880899;0.450653076171875;0.00315765380859375;1.60999999593514;162;100 mA
44.3350888880647;0.45062255859375;0.003111572265625;1.61999999590989;163;100 mA
44.3450888880394;0.4508056640625;0.00307373046875;1.62999999588465;164;100 mA
44.3550888880142;0.450653076171875;0.0030389404296875;1.6399999958594;165;100 mA
44.3650888879889;0.4505615234375;0.00302947998046875;1.64999999583415;166;100 mA
44.3750888879637;0.45068359375;0.0029852294921875;1.6599999958089;167;100 mA
44.3850888879384;0.450531005859375;0.00295379638671875;1.66999999578366;168;100 mA
44.3950888879132;0.450653076171875;0.00291107177734375;1.67999999575841;169;100 mA
44.4050888878879;0.450592041015625;0.00287261962890625;1.68999999573316;170;100 mA
44.4150888878627;0.450714111328125;0.00284393310546875;1.69999999570791;171;100 mA
44.4250888878374;0.45062255859375;0.00280487060546875;1.70999999568267;172;100 mA
44.4350888878122;0.45062255859375;0.002783203125;1.71999999565742;173;100 mA
44.4450888877869;0.450714111328125;0.00276885986328125;1.72999999563217;174;100 mA
44.4550888877617;0.45068359375;0.002718505859375;1.73999999560692;175;100 mA
44.4650888877364;0.450653076171875;0.00270965576171875;1.74999999558167;176;100 mA
44.4750888877112;0.45068359375;0.00265899658203125;1.75999999555643;177;100 mA
44.4850888876859;0.450653076171875;0.0026287841796875;1.76999999553118;178;100 mA
44.4950888876607;0.450592041015625;0.0026043701171875;1.77999999550593;179;100 mA
44.5050888876355;0.45074462890625;0.0025579833984375;1.78999999548068;180;100 mA
44.5150888876102;0.45074462890625;0.00255584716796875;1.79999999545544;181;100 mA
44.525088887585;0.450653076171875;0.00252899169921875;1.80999999543019;182;100 mA
44.5350888875597;0.45062255859375;0.0024951171875;1.81999999540494;183;100 mA
44.5450888875345;0.4505615234375;0.00247833251953125;1.82999999537969;184;100 mA
44.5550888875092;0.450714111328125;0.00243408203125;1.83999999535445;185;100 mA
44.565088887484;0.45062255859375;0.0024224853515625;1.8499999953292;186;100 mA
44.5750888874587;0.45062255859375;0.00238250732421875;1.85999999530395;187;100 mA
44.5850888874335;0.450775146484375;0.00235626220703125;1.8699999952787;188;100 mA
44.5950888874082;0.45062255859375;0.0023492431640625;1.87999999525346;189;100 mA
44.605088887383;0.45062255859375;0.0023284912109375;1.88999999522821;190;100 mA
44.6150888873577;0.45068359375;0.0023040771484375;1.89999999520296;191;100 mA
44.6250888873325;0.450653076171875;0.00228546142578125;1.90999999517771;192;100 mA
44.6350888873072;0.45068359375;0.0022564697265625;1.91999999515247;193;100 mA
44.645088887282;0.450531005859375;0.00223876953125;1.92999999512722;194;100 mA
44.6550888872567;0.45062255859375;0.00219085693359375;1.93999999510197;195;100 mA
44.6650888872315;0.45068359375;0.00217254638671875;1.94999999507672;196;100 mA
44.6750888872062;0.450653076171875;0.0021649169921875;1.95999999505148;197;100 mA
44.685088887181;0.45074462890625;0.00214996337890625;1.96999999502623;198;100 mA
44.6950888871557;0.45068359375;0.002127685546875;1.97999999500098;199;100 mA
44.7050888871305;0.45062255859375;0.0021087646484375;1.98999999497573;200;100 mA
44.7150888871053;0.4505615234375;0.00208251953125;1.99999999495049;201;100 mA
44.72508888708;0.450714111328125;0.0020587158203125;2.00999999492524;202;100 mA
44.7350888870548;0.45062255859375;0.00203460693359375;2.01999999489999;203;100 mA
44.7450888870295;0.450714111328125;0.00201263427734375;2.02999999487474;204;100 mA
44.7550888870043;0.45068359375;0.00199066162109375;2.0399999948495;205;100 mA
44.765088886979;0.450592041015625;0.00200531005859375;2.04999999482425;206;100 mA
44.7750888869538;0.450714111328125;0.00196929931640625;2.059999994799;207;100 mA
44.7850888869285;0.4505615234375;0.00195037841796875;2.06999999477375;208;100 mA
44.7950888869033;0.450714111328125;0.00192413330078125;2.0799999947485;209;100 mA
44.805088886878;0.450653076171875;0.00189910888671875;2.08999999472326;210;100 mA
44.8150888868528;0.45068359375;0.00188201904296875;2.09999999469801;211;100 mA
44.8250888868275;0.450653076171875;0.001849365234375;2.10999999467276;212;100 mA
44.8350888868023;0.4505615234375;0.0018450927734375;2.11999999464751;213;100 mA
44.845088886777;0.450714111328125;0.0018438720703125;2.12999999462227;214;100 mA
44.8550888867518;0.45068359375;0.00180633544921875;2.13999999459702;215;100 mA
44.8650888867265;0.45068359375;0.00181243896484375;2.14999999457177;216;100 mA
44.8750888867013;0.450592041015625;0.0017791748046875;2.15999999454652;217;100 mA
44.885088886676;0.450653076171875;0.00176483154296875;2.16999999452128;218;100 mA
44.8950888866508;0.45062255859375;0.00174560546875;2.17999999449603;219;100 mA
44.9050888866255;0.450653076171875;0.00171783447265625;2.18999999447078;220;100 mA
44.9150888866003;0.450714111328125;0.0017242431640625;2.19999999444553;221;100 mA
44.9250888865751;0.450592041015625;0.00171539306640625;2.20999999442029;222;100 mA
44.9350888865498;0.450653076171875;0.001722412109375;2.21999999439504;223;100 mA
44.9450888865246;0.45062255859375;0.00169036865234375;2.22999999436979;224;100 mA
44.9550888864993;0.450653076171875;0.00166412353515625;2.23999999434454;225;100 mA
44.9650888864741;0.450653076171875;0.001651611328125;2.2499999943193;226;100 mA
44.9750888864488;0.450653076171875;0.001630859375;2.25999999429405;227;100 mA
44.9850888864236;0.450836181640625;0.0016021728515625;2.2699999942688;228;100 mA
44.9950888863983;0.450592041015625;0.00160980224609375;2.27999999424355;229;100 mA
45.0050888863731;0.45068359375;0.001593017578125;2.28999999421831;230;100 mA
45.0150888863478;0.45068359375;0.001583251953125;2.29999999419306;231;100 mA
45.0250888863226;0.45068359375;0.0015740966796875;2.30999999416781;232;100 mA
45.0350888862973;0.450653076171875;0.0015521240234375;2.31999999414256;233;100 mA
45.0450888862721;0.450653076171875;0.00155181884765625;2.32999999411732;234;100 mA
45.0550888862468;0.45062255859375;0.00152069091796875;2.33999999409207;235;100 mA
45.0650888862216;0.45068359375;0.00151275634765625;2.34999999406682;236;100 mA
45.0750888861963;0.45068359375;0.001512451171875;2.35999999404157;237;100 mA
45.0850888861711;0.450714111328125;0.00152496337890625;2.36999999401633;238;100 mA
45.0950888861458;0.45074462890625;0.00150177001953125;2.37999999399108;239;100 mA
45.1050888861206;0.45062255859375;0.00149169921875;2.38999999396583;240;100 mA
45.1150888860954;0.450592041015625;0.001483154296875;2.39999999394058;241;100 mA
45.1250888860701;0.450714111328125;0.0014642333984375;2.40999999391533;242;100 mA
45.1350888860449;0.4505615234375;0.00145416259765625;2.41999999389009;243;100 mA
45.1450888860196;0.450714111328125;0.0014410400390625;2.42999999386484;244;100 mA
45.1550888859944;0.450714111328125;0.001427001953125;2.43999999383959;245;100 mA
45.1650888859691;0.4505615234375;0.00144744873046875;2.44999999381434;246;100 mA
45.1750888859439;0.45068359375;0.00142242431640625;2.4599999937891;247;100 mA
45.1850888859186;0.45062255859375;0.0014208984375;2.46999999376385;248;100 mA
45.1950888858934;0.450714111328125;0.00140869140625;2.4799999937386;249;100 mA
45.2050888858681;0.450592041015625;0.00138824462890625;2.48999999371335;250;100 mA
45.2150888858429;0.450653076171875;0.00139678955078125;2.49999999368811;251;100 mA
45.2250888858176;0.45074462890625;0.001361083984375;2.50999999366286;252;100 mA
45.2350888857924;0.45062255859375;0.001361083984375;2.51999999363761;253;100 mA
45.2450888857671;0.45062255859375;0.0013751220703125;2.52999999361236;254;100 mA
45.2550888857419;0.45068359375;0.00135009765625;2.53999999358712;255;100 mA
45.2650888857166;0.450714111328125;0.001356201171875;2.54999999356187;256;100 mA
45.2750888856914;0.450714111328125;0.00132415771484375;2.55999999353662;257;100 mA
45.2850888856661;0.450592041015625;0.0013214111328125;2.56999999351137;258;100 mA
45.2950888856409;0.4505615234375;0.00131500244140625;2.57999999348613;259;100 mA
45.3050888856156;0.450653076171875;0.00128692626953125;2.58999999346088;260;100 mA
45.3150888855904;0.450714111328125;0.00129150390625;2.59999999343563;261;100 mA
45.3250888855652;0.45068359375;0.00129486083984375;2.60999999341038;262;100 mA
45.3350888855399;0.45068359375;0.00128448486328125;2.61999999338514;263;100 mA
45.3450888855147;0.4505615234375;0.00126495361328125;2.62999999335989;264;100 mA
45.3550888854894;0.45062255859375;0.00124725341796875;2.63999999333464;265;100 mA
45.3650888854642;0.45068359375;0.00124359130859375;2.64999999330939;266;100 mA
45.3750888854389;0.450653076171875;0.00123077392578125;2.65999999328415;267;100 mA
45.3850888854137;0.450775146484375;0.0012164306640625;2.6699999932589;268;100 mA
45.3950888853884;0.450653076171875;0.00121612548828125;2.67999999323365;269;100 mA
45.4050888853632;0.45062255859375;0.00121673583984375;2.6899999932084;270;100 mA
45.4150888853379;0.450653076171875;0.0012109375;2.69999999318316;271;100 mA
45.4250888853127;0.450592041015625;0.00120513916015625;2.70999999315791;272;100 mA
45.4350888852874;0.45068359375;0.00118499755859375;2.71999999313266;273;100 mA
45.4450888852622;0.45062255859375;0.00118255615234375;2.72999999310741;274;100 mA
45.4550888852369;0.45062255859375;0.0011663818359375;2.73999999308217;275;100 mA
45.4650888852117;0.45068359375;0.00116241455078125;2.74999999305692;276;100 mA
45.4750888851864;0.450653076171875;0.00115692138671875;2.75999999303167;277;100 mA
45.4850888851612;0.450714111328125;0.00116455078125;2.76999999300642;278;100 mA
45.4950888851359;0.450714111328125;0.00115570068359375;2.77999999298117;279;100 mA
45.5050888851107;0.450653076171875;0.00114044189453125;2.78999999295593;280;100 mA
45.5150888850854;0.4505615234375;0.00113555908203125;2.79999999293068;281;100 mA
45.5250888850602;0.45068359375;0.0011260986328125;2.80999999290543;282;100 mA
45.535088885035;0.45062255859375;0.00111480712890625;2.81999999288018;283;100 mA
45.5450888850097;0.450653076171875;0.00110137939453125;2.82999999285494;284;100 mA
45.5550888849845;0.45068359375;0.00110504150390625;2.83999999282969;285;100 mA
45.5650888849592;0.45062255859375;0.00111480712890625;2.84999999280444;286;100 mA
45.575088884934;0.45068359375;0.0010980224609375;2.85999999277919;287;100 mA
45.5850888849087;0.4505615234375;0.001090087890625;2.86999999275395;288;100 mA
45.5950888848835;0.45062255859375;0.00108734130859375;2.8799999927287;289;100 mA
45.6050888848582;0.450653076171875;0.00107025146484375;2.88999999270345;290;100 mA
45.615088884833;0.450592041015625;0.001080322265625;2.8999999926782;291;100 mA
45.6250888848077;0.450775146484375;0.00105926513671875;2.90999999265296;292;100 mA
45.6350888847825;0.45062255859375;0.0010577392578125;2.91999999262771;293;100 mA
45.6450888847572;0.450653076171875;0.00106536865234375;2.92999999260246;294;100 mA
45.655088884732;0.45068359375;0.00104705810546875;2.93999999257721;295;100 mA
45.6650888847067;0.450714111328125;0.0010498046875;2.94999999255197;296;100 mA
45.6750888846815;0.45074462890625;0.0010296630859375;2.95999999252672;297;100 mA
45.6850888846562;0.4505615234375;0.00102813720703125;2.96999999250147;298;100 mA
45.695088884631;0.450592041015625;0.0010296630859375;2.97999999247622;299;100 mA
45.7050888846057;0.450653076171875;0.00101531982421875;2.98999999245098;300;100 mA
45.7150888845805;0.45068359375;0.0010247802734375;2.99999999242573;301;100 mA
45.7250888845552;0.45074462890625;0.001014404296875;3.00999999240048;302;100 mA
45.73508888453;0.45062255859375;0.00101531982421875;3.01999999237523;303;100 mA
45.7450888845048;0.45068359375;0.000997009277343749;3.02999999234999;304;100 mA
45.7550888844795;0.450653076171875;0.0009869384765625;3.03999999232474;305;100 mA
45.7650888844543;0.450653076171875;0.000991210937500001;3.04999999229949;306;100 mA
45.775088884429;0.450653076171875;0.000980529785156251;3.05999999227424;307;100 mA
45.7850888844038;0.45074462890625;0.000968017578125;3.069999992249;308;100 mA
45.7950888843785;0.450653076171875;0.000969543457031249;3.07999999222375;309;100 mA
45.8050888843533;0.450592041015625;0.000977783203125;3.0899999921985;310;100 mA
45.815088884328;0.45062255859375;0.0009722900390625;3.09999999217325;311;100 mA
45.8250888843028;0.4505615234375;0.000963134765625;3.109999992148;312;100 mA
45.8350888842775;0.450714111328125;0.0009588623046875;3.11999999212276;313;100 mA
45.8450888842523;0.450653076171875;0.00095062255859375;3.12999999209751;314;100 mA
45.855088884227;0.45068359375;0.00093963623046875;3.13999999207226;315;100 mA
45.8650888842018;0.450653076171875;0.000934448242187499;3.14999999204701;316;100 mA
45.8750888841765;0.45062255859375;0.000927734375;3.15999999202177;317;100 mA
45.8850888841513;0.45068359375;0.00093994140625;3.16999999199652;318;100 mA
45.895088884126;0.450714111328125;0.0009283447265625;3.17999999197127;319;100 mA
45.9050888841008;0.450653076171875;0.00092071533203125;3.18999999194602;320;100 mA
45.9150888840755;0.450653076171875;0.00091522216796875;3.19999999192078;321;100 mA
45.9250888840503;0.45062255859375;0.000910034179687499;3.20999999189553;322;100 mA
45.935088884025;0.45062255859375;0.000905761718750001;3.21999999187028;323;100 mA
45.9450888839998;0.450653076171875;0.0008917236328125;3.22999999184503;324;100 mA
45.9550888839746;0.450714111328125;0.00088958740234375;3.23999999181979;325;100 mA
45.9650888839493;0.450653076171875;0.00090484619140625;3.24999999179454;326;100 mA
45.9750888839241;0.450653076171875;0.0008917236328125;3.25999999176929;327;100 mA
45.9850888838988;0.450592041015625;0.00088470458984375;3.26999999174404;328;100 mA
45.9950888838736;0.45062255859375;0.000879516601562499;3.2799999917188;329;100 mA
46.0050888838483;0.450653076171875;0.00086944580078125;3.28999999169355;330;100 mA
46.0150888838231;0.4505615234375;0.00088226318359375;3.2999999916683;331;100 mA
46.0250888837978;0.4508056640625;0.00086669921875;3.30999999164305;332;100 mA
46.0350888837726;0.450592041015625;0.00085723876953125;3.31999999161781;333;100 mA
46.0450888837473;0.45062255859375;0.00086944580078125;3.32999999159256;334;100 mA
46.0550888837221;0.450653076171875;0.00085205078125;3.33999999156731;335;100 mA
46.0650888836968;0.450653076171875;0.00085479736328125;3.34999999154206;336;100 mA
46.0750888836716;0.450714111328125;0.00084228515625;3.35999999151682;337;100 mA
46.0850888836463;0.450531005859375;0.000841674804687501;3.36999999149157;338;100 mA
46.0950888836211;0.450653076171875;0.00084075927734375;3.37999999146632;339;100 mA
46.1050888835958;0.45068359375;0.000821838378906251;3.38999999144107;340;100 mA
46.1150888835706;0.450653076171875;0.000829467773437501;3.39999999141583;341;100 mA
46.1250888835453;0.450714111328125;0.0008453369140625;3.40999999139058;342;100 mA
46.1350888835201;0.450714111328125;0.00082305908203125;3.41999999136533;343;100 mA
46.1450888834949;0.45068359375;0.000824890136718751;3.42999999134008;344;100 mA
46.1550888834696;0.450592041015625;0.00080841064453125;3.43999999131483;345;100 mA
46.1650888834444;0.45068359375;0.000812683105468751;3.44999999128959;346;100 mA
46.1750888834191;0.4505615234375;0.00080902099609375;3.45999999126434;347;100 mA
46.1850888833939;0.450714111328125;0.000797119140624999;3.46999999123909;348;100 mA
46.1950888833686;0.4508056640625;0.00080230712890625;3.47999999121384;349;100 mA
46.2050888833434;0.45062255859375;0.0008099365234375;3.4899999911886;350;100 mA
46.2150888833181;0.450653076171875;0.000804748535156249;3.49999999116335;351;100 mA
46.2250888832929;0.45062255859375;0.000792236328125;3.5099999911381;352;100 mA
46.2350888832676;0.450775146484375;0.0007855224609375;3.51999999111285;353;100 mA
46.2450888832424;0.45068359375;0.000782470703125;3.52999999108761;354;100 mA
46.2550888832171;0.45062255859375;0.00077178955078125;3.53999999106236;355;100 mA
46.2650888831919;0.45074462890625;0.00076904296875;3.54999999103711;356;100 mA
46.2750888831666;0.450653076171875;0.00076629638671875;3.55999999101186;357;100 mA
46.2850888831414;0.45074462890625;0.00078094482421875;3.56999999098662;358;100 mA
46.2950888831161;0.450653076171875;0.000777587890625001;3.57999999096137;359;100 mA
46.3050888830909;0.45068359375;0.00075836181640625;3.58999999093612;360;100 mA
46.3150888830656;0.45062255859375;0.00075958251953125;3.59999999091087;361;100 mA
46.3250888830404;0.450653076171875;0.000753173828125001;3.60999999088563;362;100 mA
46.3350888830151;0.450592041015625;0.000755920410156249;3.61999999086038;363;100 mA
46.3450888829899;0.4505615234375;0.000743713378906249;3.62999999083513;364;100 mA
46.3550888829647;0.45068359375;0.0007452392578125;3.63999999080988;365;100 mA
46.3650888829394;0.45068359375;0.000758056640625;3.64999999078464;366;100 mA
46.3750888829142;0.450653076171875;0.00075225830078125;3.65999999075939;367;100 mA
46.3850888828889;0.45062255859375;0.00074615478515625;3.66999999073414;368;100 mA
46.3950888828637;0.450592041015625;0.000739440917968751;3.67999999070889;369;100 mA
46.4050888828384;0.45074462890625;0.00072296142578125;3.68999999068365;370;100 mA
46.4150888828132;0.450592041015625;0.000740966796875001;3.6999999906584;371;100 mA
46.4250888827879;0.450714111328125;0.000725402832031249;3.70999999063315;372;100 mA
46.4350888827627;0.45062255859375;0.000723876953125;3.7199999906079;373;100 mA
46.4450888827374;0.45062255859375;0.00073089599609375;3.72999999058266;374;100 mA
46.4550888827122;0.45068359375;0.000721435546875;3.73999999055741;375;100 mA
46.4650888826869;0.45074462890625;0.00072357177734375;3.74999999053216;376;100 mA
46.4750888826617;0.450714111328125;0.000715026855468751;3.75999999050691;377;100 mA
46.4850888826364;0.45062255859375;0.00070770263671875;3.76999999048167;378;100 mA
46.4950888826112;0.450653076171875;0.000718994140625;3.77999999045642;379;100 mA
46.5050888825859;0.450592041015625;0.00070220947265625;3.78999999043117;380;100 mA
46.5150888825607;0.45062255859375;0.00070709228515625;3.79999999040592;381;100 mA
46.5250888825354;0.45074462890625;0.000712890625;3.80999999038067;382;100 mA
46.5350888825102;0.450714111328125;0.00070648193359375;3.81999999035543;383;100 mA
46.5450888824849;0.45074462890625;0.00070068359375;3.82999999033018;384;100 mA
46.5550888824597;0.450592041015625;0.00069549560546875;3.83999999030493;385;100 mA
46.5650888824345;0.450714111328125;0.00069183349609375;3.84999999027968;386;100 mA
46.5750888824092;0.45062255859375;0.0006915283203125;3.85999999025444;387;100 mA
46.585088882384;0.450653076171875;0.00069000244140625;3.86999999022919;388;100 mA
46.5950888823587;0.4508056640625;0.00068939208984375;3.87999999020394;389;100 mA
46.6050888823335;0.45062255859375;0.00069427490234375;3.88999999017869;390;100 mA
46.6150888823082;0.450653076171875;0.00069122314453125;3.89999999015345;391;100 mA
46.625088882283;0.450653076171875;0.000684509277343751;3.9099999901282;392;100 mA
46.6350888822577;0.450653076171875;0.000678405761718751;3.91999999010295;393;100 mA
46.6450888822325;0.45068359375;0.00067291259765625;3.9299999900777;394;100 mA
46.6550888822072;0.45062255859375;0.00067108154296875;3.93999999005246;395;100 mA
46.665088882182;0.450714111328125;0.00067657470703125;3.94999999002721;396;100 mA
46.6750888821567;0.450592041015625;0.00067291259765625;3.95999999000196;397;100 mA
46.6850888821315;0.450714111328125;0.00067779541015625;3.96999998997671;398;100 mA
46.6950888821062;0.450653076171875;0.00067047119140625;3.97999998995147;399;100 mA
46.705088882081;0.45074462890625;0.00066650390625;3.98999998992622;400;100 mA
46.7150888820557;0.45068359375;0.000662841796875;3.99999998990097;401;100 mA
46.7250888820305;0.45062255859375;0.00065948486328125;4.00999998987572;402;100 mA
46.7350888820052;0.45062255859375;0.00065948486328125;4.01999998985048;403;100 mA
46.74508888198;0.450653076171875;0.0006512451171875;4.02999998982523;404;100 mA
46.7550888819547;0.45074462890625;0.000650939941406251;4.03999998979998;405;100 mA
46.7650888819295;0.45074462890625;0.000662841796875;4.04999998977473;406;100 mA
46.7750888819043;0.4505615234375;0.000661621093750001;4.05999998974949;407;100 mA
46.785088881879;0.45068359375;0.00065460205078125;4.06999998972424;408;100 mA
46.7950888818538;0.450592041015625;0.00064666748046875;4.07999998969899;409;100 mA
46.8050888818285;0.45068359375;0.0006451416015625;4.08999998967374;410;100 mA
46.8150888818033;0.450653076171875;0.00064697265625;4.0999999896485;411;100 mA
46.825088881778;0.45068359375;0.000644836425781251;4.10999998962325;412;100 mA
46.8350888817528;0.450714111328125;0.00064056396484375;4.119999989598;413;100 mA
46.8450888817275;0.450592041015625;0.00064849853515625;4.12999998957275;414;100 mA
46.8550888817023;0.45062255859375;0.00065155029296875;4.1399999895475;415;100 mA
46.865088881677;0.45062255859375;0.000640869140625;4.14999998952226;416;100 mA
46.8750888816518;0.45068359375;0.000633850097656249;4.15999998949701;417;100 mA
46.8850888816265;0.450592041015625;0.000634155273437501;4.16999998947176;418;100 mA
46.8950888816013;0.45068359375;0.000640869140625;4.17999998944651;419;100 mA
46.905088881576;0.450653076171875;0.0006329345703125;4.18999998942127;420;100 mA
46.9150888815508;0.45062255859375;0.000640869140625;4.19999998939602;421;100 mA
46.9250888815255;0.450653076171875;0.000638732910156251;4.20999998937077;422;100 mA
46.9350888815003;0.45062255859375;0.000638427734375;4.21999998934552;423;100 mA
46.945088881475;0.450775146484375;0.00062896728515625;4.22999998932028;424;100 mA
46.9550888814498;0.45062255859375;0.0006304931640625;4.23999998929503;425;100 mA
46.9650888814245;0.45062255859375;0.0006298828125;4.24999998926978;426;100 mA
46.9750888813993;0.450592041015625;0.00062835693359375;4.25999998924453;427;100 mA
46.9850888813741;0.450653076171875;0.000620117187499999;4.26999998921929;428;100 mA
46.9950888813488;0.45074462890625;0.00062530517578125;4.27999998919404;429;100 mA
47.0050888813236;0.450653076171875;0.000626525878906251;4.28999998916879;430;100 mA
47.0150888812983;0.450653076171875;0.000635986328125;4.29999998914354;431;100 mA
47.0250888812731;0.45068359375;0.000617370605468751;4.3099999891183;432;100 mA
47.0350888812478;0.45062255859375;0.00061492919921875;4.31999998909305;433;100 mA
47.0450888812226;0.45062255859375;0.00061553955078125;4.3299999890678;434;100 mA
47.0550888811973;0.450592041015625;0.00061492919921875;4.33999998904255;435;100 mA
47.0650888811721;0.45074462890625;0.00061553955078125;4.34999998901731;436;100 mA
47.0750888811468;0.45062255859375;0.00060760498046875;4.35999998899206;437;100 mA
47.0850888811216;0.45068359375;0.000616455078125;4.36999998896681;438;100 mA
47.0950888810963;0.450653076171875;0.000614318847656251;4.37999998894156;439;100 mA
47.1050888810711;0.450714111328125;0.00060791015625;4.38999998891632;440;100 mA
47.1150888810458;0.45068359375;0.000604858398437499;4.39999998889107;441;100 mA
47.1250888810206;0.4505615234375;0.00059967041015625;4.40999998886582;442;100 mA
47.1350888809953;0.45062255859375;0.00060394287109375;4.41999998884057;443;100 mA
47.1450888809701;0.4505615234375;0.000602111816406251;4.42999998881533;444;100 mA
47.1550888809448;0.45062255859375;0.00059234619140625;4.43999998879008;445;100 mA
47.1650888809196;0.45074462890625;0.000603637695312501;4.44999998876483;446;100 mA
47.1750888808944;0.45062255859375;0.00060699462890625;4.45999998873958;447;100 mA
47.1850888808691;0.45068359375;0.000596008300781251;4.46999998871433;448;100 mA
47.1950888808439;0.45062255859375;0.000596008300781251;4.47999998868909;449;100 mA
47.2050888808186;0.45062255859375;0.000585327148437501;4.48999998866384;450;100 mA
47.2150888807934;0.450653076171875;0.0005938720703125;4.49999998863859;451;100 mA
47.2250888807681;0.450592041015625;0.00058868408203125;4.50999998861334;452;100 mA
47.2350888807429;0.45068359375;0.00058441162109375;4.5199999885881;453;100 mA
47.2450888807176;0.45068359375;0.000592956542968751;4.52999998856285;454;100 mA
47.2550888806924;0.45068359375;0.000588378906250001;4.5399999885376;455;100 mA
47.2650888806671;0.450653076171875;0.00058135986328125;4.54999998851235;456;100 mA
47.2750888806419;0.45068359375;0.00058258056640625;4.55999998848711;457;100 mA
47.2850888806166;0.450653076171875;0.00057220458984375;4.56999998846186;458;100 mA
47.2950888805914;0.45062255859375;0.0005841064453125;4.57999998843661;459;100 mA
47.3050888805661;0.4505615234375;0.0005810546875;4.58999998841136;460;100 mA
47.3150888805409;0.450592041015625;0.0005816650390625;4.59999998838612;461;100 mA
47.3250888805156;0.45068359375;0.000579833984375;4.60999998836087;462;100 mA
47.3350888804904;0.45062255859375;0.0005810546875;4.61999998833562;463;100 mA
47.3450888804651;0.45074462890625;0.00057342529296875;4.62999998831037;464;100 mA
47.3550888804399;0.450653076171875;0.000565490722656251;4.63999998828513;465;100 mA
47.3650888804146;0.450653076171875;0.0005596923828125;4.64999998825988;466;100 mA
47.3750888803894;0.4505615234375;0.00056793212890625;4.65999998823463;467;100 mA
47.3850888803642;0.450653076171875;0.0005633544921875;4.66999998820938;468;100 mA
47.3950888803389;0.450714111328125;0.000563964843750001;4.67999998818414;469;100 mA
47.4050888803137;0.45062255859375;0.00056427001953125;4.68999998815889;470;100 mA
47.4150888802884;0.450653076171875;0.000567626953125;4.69999998813364;471;100 mA
47.4250888802632;0.45062255859375;0.000556030273437499;4.70999998810839;472;100 mA
47.4350888802379;0.450653076171875;0.000550231933593751;4.71999998808315;473;100 mA
47.4450888802127;0.450592041015625;0.00054962158203125;4.7299999880579;474;100 mA
47.4550888801874;0.450592041015625;0.00055084228515625;4.73999998803265;475;100 mA
47.4650888801622;0.45074462890625;0.0005596923828125;4.7499999880074;476;100 mA
47.4750888801369;0.45062255859375;0.000547180175781251;4.75999998798216;477;100 mA
47.4850888801117;0.45068359375;0.00055816650390625;4.76999998795691;478;100 mA
47.4950888800864;0.450653076171875;0.0005523681640625;4.77999998793166;479;100 mA
47.5050888800612;0.450714111328125;0.000535888671875;4.78999998790641;480;100 mA
47.5150888800359;0.45068359375;0.000540771484374999;4.79999998788116;481;100 mA
47.5250888800107;0.450531005859375;0.00053131103515625;4.80999998785592;482;100 mA
47.5350888799854;0.450592041015625;0.0005322265625;4.81999998783067;483;100 mA
47.5450888799602;0.450592041015625;0.0005401611328125;4.82999998780542;484;100 mA
47.5550888799349;0.45074462890625;0.000528869628906251;4.83999998778017;485;100 mA
47.5650888799097;0.45074462890625;0.000537719726562499;4.84999998775493;486;100 mA
47.5750888798844;0.45062255859375;0.000537109375;4.85999998772968;487;100 mA
47.5850888798592;0.45068359375;0.00052947998046875;4.86999998770443;488;100 mA
47.595088879834;0.4505615234375;0.00052825927734375;4.87999998767918;489;100 mA
47.6050888798087;0.450714111328125;0.00051849365234375;4.88999998765394;490;100 mA
47.6150888797835;0.45062255859375;0.00052764892578125;4.89999998762869;491;100 mA
47.6250888797582;0.4505615234375;0.000520935058593749;4.90999998760344;492;100 mA
47.635088879733;0.450714111328125;0.00052215576171875;4.91999998757819;493;100 mA
47.6450888797077;0.450653076171875;0.000530090332031249;4.92999998755295;494;100 mA
47.6550888796825;0.450592041015625;0.00052764892578125;4.9399999875277;495;100 mA
47.6650888796572;0.45062255859375;0.0005169677734375;4.94999998750245;496;100 mA
47.675088879632;0.450714111328125;0.00051849365234375;4.9599999874772;497;100 mA
47.6850888796067;0.45062255859375;0.000511474609375;4.96999998745196;498;100 mA
47.6950888795815;0.450592041015625;0.000518188476562501;4.97999998742671;499;100 mA
47.7050888795562;0.450592041015625;0.00051239013671875;4.98999998740146;500;100 mA
47.715088879531;0.45062255859375;0.000512084960937501;4.99999998737621;501;100 mA
47.7250888795057;0.450653076171875;0.0005108642578125;5.00999998735097;502;100 mA
47.7350888794805;0.45062255859375;0.000513610839843751;5.01999998732572;503;100 mA
47.7450888794552;0.45074462890625;0.000509033203125001;5.02999998730047;504;100 mA
47.75508887943;0.450653076171875;0.000498352050781251;5.03999998727522;505;100 mA
47.7650888794047;0.450592041015625;0.000502624511718749;5.04999998724998;506;100 mA
47.7750888793795;0.4505615234375;0.000506591796875;5.05999998722473;507;100 mA
47.7850888793542;0.450592041015625;0.000505676269531249;5.06999998719948;508;100 mA
47.795088879329;0.45068359375;0.0005010986328125;5.07999998717423;509;100 mA
47.8050888793038;0.450653076171875;0.00050079345703125;5.08999998714899;510;100 mA
47.8150888792785;0.45062255859375;0.00051116943359375;5.09999998712374;511;100 mA
47.8250888792533;0.45062255859375;0.000492248535156251;5.10999998709849;512;100 mA
47.835088879228;0.4505615234375;0.0004925537109375;5.11999998707324;513;100 mA
47.8450888792028;0.45068359375;0.000488891601562499;5.129999987048;514;100 mA
47.8550888791775;0.450592041015625;0.000494384765625;5.13999998702275;515;100 mA
47.8650888791523;0.45068359375;0.000495300292968751;5.1499999869975;516;100 mA
47.875088879127;0.45062255859375;0.00049102783203125;5.15999998697225;517;100 mA
47.8850888791018;0.450592041015625;0.000499267578125;5.169999986947;518;100 mA
47.8950888790765;0.450592041015625;0.00050048828125;5.17999998692176;519;100 mA
47.9050888790513;0.450653076171875;0.00048553466796875;5.18999998689651;520;100 mA
47.915088879026;0.45074462890625;0.0004864501953125;5.19999998687126;521;100 mA
47.9250888790008;0.45062255859375;0.000478515625000001;5.20999998684601;522;100 mA
47.9350888789755;0.45062255859375;0.000484313964843749;5.21999998682077;523;100 mA
47.9450888789503;0.450592041015625;0.000490722656250001;5.22999998679552;524;100 mA
47.955088878925;0.45062255859375;0.000481567382812501;5.23999998677027;525;100 mA
47.9650888788998;0.45068359375;0.00049102783203125;5.24999998674502;526;100 mA
47.9750888788745;0.45062255859375;0.00049346923828125;5.25999998671978;527;100 mA
47.9850888788493;0.45068359375;0.00048065185546875;5.26999998669453;528;100 mA
47.995088878824;0.450653076171875;0.000481567382812501;5.27999998666928;529;100 mA
48.0050888787988;0.450653076171875;0.000469970703125;5.28999998664403;530;100 mA
48.0150888787736;0.45062255859375;0.0004833984375;5.29999998661879;531;100 mA
48.0250888787483;0.45062255859375;0.0004803466796875;5.30999998659354;532;100 mA
48.0350888787231;0.450714111328125;0.000474853515625;5.31999998656829;533;100 mA
48.0450888786978;0.450653076171875;0.00048248291015625;5.32999998654304;534;100 mA
48.0550888786726;0.450653076171875;0.00048095703125;5.3399999865178;535;100 mA
48.0650888786473;0.450592041015625;0.00047576904296875;5.34999998649255;536;100 mA
48.0750888786221;0.450714111328125;0.000475158691406249;5.3599999864673;537;100 mA
48.0850888785968;0.45062255859375;0.000464477539062499;5.36999998644205;538;100 mA
48.0950888785716;0.45062255859375;0.00047607421875;5.37999998641681;539;100 mA
48.1050888785463;0.450653076171875;0.000469055175781249;5.38999998639156;540;100 mA
48.1150888785211;0.450592041015625;0.000475158691406249;5.39999998636631;541;100 mA
48.1250888784958;0.45068359375;0.000473632812499999;5.40999998634106;542;100 mA
48.1350888784706;0.4505615234375;0.000477294921875;5.41999998631582;543;100 mA
48.1450888784453;0.45074462890625;0.00047149658203125;5.42999998629057;544;100 mA
48.1550888784201;0.450714111328125;0.0004638671875;5.43999998626532;545;100 mA
48.1650888783948;0.45062255859375;0.000463256835937501;5.44999998624007;546;100 mA
48.1750888783696;0.45062255859375;0.0004656982421875;5.45999998621483;547;100 mA
48.1850888783443;0.4505615234375;0.000466308593750001;5.46999998618958;548;100 mA
48.1950888783191;0.450653076171875;0.000462951660156249;5.47999998616433;549;100 mA
48.2050888782939;0.450653076171875;0.0004608154296875;5.48999998613908;550;100 mA
48.2150888782686;0.45068359375;0.000474853515625;5.49999998611383;551;100 mA
48.2250888782434;0.45068359375;0.000455627441406251;5.50999998608859;552;100 mA
48.2350888782181;0.450531005859375;0.000461730957031251;5.51999998606334;553;100 mA
48.2450888781929;0.450592041015625;0.00046112060546875;5.52999998603809;554;100 mA
48.2550888781676;0.450653076171875;0.000452575683593751;5.53999998601284;555;100 mA
48.2650888781424;0.45068359375;0.000469055175781249;5.5499999859876;556;100 mA
48.2750888781171;0.45062255859375;0.00046112060546875;5.55999998596235;557;100 mA
48.2850888780919;0.450653076171875;0.0004547119140625;5.5699999859371;558;100 mA
48.2950888780666;0.4505615234375;0.000469970703125;5.57999998591185;559;100 mA
48.3050888780414;0.45068359375;0.000452575683593751;5.58999998588661;560;100 mA
48.3150888780161;0.45068359375;0.000459899902343749;5.59999998586136;561;100 mA
48.3250888779909;0.45068359375;0.000443420410156251;5.60999998583611;562;100 mA
48.3350888779656;0.450592041015625;0.000455627441406251;5.61999998581086;563;100 mA
48.3450888779404;0.45050048828125;0.000467529296874999;5.62999998578562;564;100 mA
48.3550888779151;0.45062255859375;0.00044586181640625;5.63999998576037;565;100 mA
48.3650888778899;0.450653076171875;0.00046112060546875;5.64999998573512;566;100 mA
48.3750888778646;0.45062255859375;0.0004638671875;5.65999998570987;567;100 mA
48.3850888778394;0.45074462890625;0.000453796386718749;5.66999998568463;568;100 mA
48.3950888778141;0.450592041015625;0.00045654296875;5.67999998565938;569;100 mA
48.4050888777889;0.450653076171875;0.00044097900390625;5.68999998563413;570;100 mA
48.4150888777637;0.450653076171875;0.0004559326171875;5.69999998560888;571;100 mA
48.4250888777384;0.45062255859375;0.000450744628906249;5.70999998558364;572;100 mA
48.4350888777132;0.45068359375;0.0004534912109375;5.71999998555839;573;100 mA
48.4450888776879;0.45062255859375;0.00045196533203125;5.72999998553314;574;100 mA
48.4550888776627;0.4505615234375;0.000456848144531249;5.73999998550789;575;100 mA
48.4650888776374;0.450592041015625;0.000451049804687501;5.74999998548265;576;100 mA
48.4750888776122;0.450653076171875;0.0004443359375;5.7599999854574;577;100 mA
48.4850888775869;0.45068359375;0.000439453125;5.76999998543215;578;100 mA
48.4950888775617;0.45062255859375;0.000452880859375;5.7799999854069;579;100 mA
48.5050888775364;0.45074462890625;0.000441894531250001;5.78999998538166;580;100 mA
48.5150888775112;0.4505615234375;0.00045623779296875;5.79999998535641;581;100 mA
48.5250888774859;0.45062255859375;0.000447998046875001;5.80999998533116;582;100 mA
48.5350888774607;0.450531005859375;0.000455627441406251;5.81999998530591;583;100 mA
48.5450888774354;0.45074462890625;0.0004437255859375;5.82999998528066;584;100 mA
48.5550888774102;0.45062255859375;0.0004376220703125;5.83999998525542;585;100 mA
48.5650888773849;0.45062255859375;0.00043975830078125;5.84999998523017;586;100 mA
48.5750888773597;0.450653076171875;0.000435791015625001;5.85999998520492;587;100 mA
48.5850888773344;0.450531005859375;0.0004412841796875;5.86999998517967;588;100 mA
48.5950888773092;0.450653076171875;0.0004425048828125;5.87999998515443;589;100 mA
48.6050888772839;0.450714111328125;0.000435485839843749;5.88999998512918;590;100 mA
48.6150888772587;0.450592041015625;0.00045135498046875;5.89999998510393;591;100 mA
48.6250888772335;0.45068359375;0.000433349609375;5.90999998507868;592;100 mA
48.6350888772082;0.450531005859375;0.00043609619140625;5.91999998505344;593;100 mA
48.645088877183;0.45062255859375;0.000429382324218749;5.92999998502819;594;100 mA
48.6550888771577;0.45062255859375;0.000426330566406249;5.93999998500294;595;100 mA
48.6650888771325;0.45062255859375;0.00044830322265625;5.94999998497769;596;100 mA
48.6750888771072;0.450653076171875;0.00043182373046875;5.95999998495245;597;100 mA
48.685088877082;0.45068359375;0.000435485839843749;5.9699999849272;598;100 mA
48.6950888770567;0.450592041015625;0.000438537597656249;5.97999998490195;599;100 mA
48.7050888770315;0.45062255859375;0.00043060302734375;5.9899999848767;600;100 mA
48.7150888770062;0.450653076171875;0.0004315185546875;5.99999998485146;601;100 mA
48.725088876981;0.45062255859375;0.000421142578125;6.00999998482621;602;100 mA
48.7350888769557;0.45062255859375;0.000429382324218749;6.01999998480096;603;100 mA
48.7450888769305;0.450531005859375;0.000437011718749999;6.02999998477571;604;100 mA
48.7550888769052;0.450653076171875;0.00042266845703125;6.03999998475047;605;100 mA
48.76508887688;0.45062255859375;0.000437011718749999;6.04999998472522;606;100 mA
48.7750888768547;0.45068359375;0.000429687500000001;6.05999998469997;607;100 mA
48.7850888768295;0.450714111328125;0.000420227050781249;6.06999998467472;608;100 mA
48.7950888768042;0.45068359375;0.0004229736328125;6.07999998464948;609;100 mA
48.805088876779;0.45062255859375;0.00040771484375;6.08999998462423;610;100 mA
48.8150888767537;0.45062255859375;0.00042572021484375;6.09999998459898;611;100 mA
48.8250888767285;0.45062255859375;0.000428161621093751;6.10999998457373;612;100 mA
48.8350888767033;0.450653076171875;0.0004254150390625;6.11999998454849;613;100 mA
48.845088876678;0.4505615234375;0.0004290771484375;6.12999998452324;614;100 mA
48.8550888766528;0.45062255859375;0.000420532226562501;6.13999998449799;615;100 mA
48.8650888766275;0.450592041015625;0.0004229736328125;6.14999998447274;616;100 mA
48.8750888766023;0.45062255859375;0.0004150390625;6.1599999844475;617;100 mA
48.885088876577;0.45068359375;0.00040740966796875;6.16999998442225;618;100 mA
48.8950888765518;0.450714111328125;0.000414428710937501;6.179999984397;619;100 mA
48.9050888765265;0.450714111328125;0.0004132080078125;6.18999998437175;620;100 mA
48.9150888765013;0.450592041015625;0.000417480468750001;6.1999999843465;621;100 mA
48.925088876476;0.45062255859375;0.000417175292968749;6.20999998432126;622;100 mA
48.9350888764508;0.450592041015625;0.00042755126953125;6.21999998429601;623;100 mA
48.9450888764255;0.45074462890625;0.000412902832031251;6.22999998427076;624;100 mA
48.9550888764003;0.450653076171875;0.000409545898437499;6.23999998424551;625;100 mA
48.965088876375;0.450592041015625;0.000411376953125001;6.24999998422027;626;100 mA
48.9750888763498;0.450653076171875;0.000404968261718749;6.25999998419502;627;100 mA
48.9850888763245;0.450531005859375;0.00041473388671875;6.26999998416977;628;100 mA
48.9950888762993;0.450714111328125;0.000414428710937501;6.27999998414452;629;100 mA
49.005088876274;0.450653076171875;0.00040771484375;6.28999998411928;630;100 mA
49.0150888762488;0.45062255859375;0.00041778564453125;6.29999998409403;631;100 mA
49.0250888762235;0.45068359375;0.000406494140624999;6.30999998406878;632;100 mA
49.0350888761983;0.450531005859375;0.000408935546875;6.31999998404353;633;100 mA
49.0450888761731;0.450653076171875;0.000404052734375;6.32999998401829;634;100 mA
49.0550888761478;0.45068359375;0.000398864746093749;6.33999998399304;635;100 mA
49.0650888761226;0.450653076171875;0.000415649414062499;6.34999998396779;636;100 mA
49.0750888760973;0.45074462890625;0.00040130615234375;6.35999998394254;637;100 mA
49.0850888760721;0.45062255859375;0.000408935546875;6.3699999839173;638;100 mA
49.0950888760468;0.450653076171875;0.0004150390625;6.37999998389205;639;100 mA
49.1050888760216;0.450653076171875;0.000397338867187499;6.3899999838668;640;100 mA
49.1150888759963;0.45074462890625;0.000411376953125001;6.39999998384155;641;100 mA
49.1250888759711;0.450653076171875;0.000397338867187499;6.40999998381631;642;100 mA
49.1350888759458;0.45068359375;0.00039794921875;6.41999998379106;643;100 mA
49.1450888759206;0.450531005859375;0.00040863037109375;6.42999998376581;644;100 mA
49.1550888758953;0.45062255859375;0.000397338867187499;6.43999998374056;645;100 mA
49.1650888758701;0.450653076171875;0.000408325195312501;6.44999998371532;646;100 mA
49.1750888758448;0.4505615234375;0.0004071044921875;6.45999998369007;647;100 mA
49.1850888758196;0.450714111328125;0.0003985595703125;6.46999998366482;648;100 mA
49.1950888757943;0.450714111328125;0.000396118164062501;6.47999998363957;649;100 mA
49.2050888757691;0.4505615234375;0.000388183593749999;6.48999998361433;650;100 mA
49.2150888757438;0.450653076171875;0.00040008544921875;6.49999998358908;651;100 mA
49.2250888757186;0.450592041015625;0.000404052734375;6.50999998356383;652;100 mA
49.2350888756934;0.45068359375;0.000401611328125;6.51999998353858;653;100 mA
49.2450888756681;0.4505615234375;0.000400390624999999;6.52999998351333;654;100 mA
49.2550888756429;0.450592041015625;0.00040435791015625;6.53999998348809;655;100 mA
49.2650888756176;0.450653076171875;0.00039703369140625;6.54999998346284;656;100 mA
49.2750888755924;0.45062255859375;0.000391235351562499;6.55999998343759;657;100 mA
49.2850888755671;0.45068359375;0.0003814697265625;6.56999998341234;658;100 mA
49.2950888755419;0.45062255859375;0.000391540527343751;6.5799999833871;659;100 mA
49.3050888755166;0.450653076171875;0.00039337158203125;6.58999998336185;660;100 mA
49.3150888754914;0.450592041015625;0.000397644042968751;6.5999999833366;661;100 mA
49.3250888754661;0.450653076171875;0.0003857421875;6.60999998331135;662;100 mA
49.3350888754409;0.45062255859375;0.0003985595703125;6.61999998328611;663;100 mA
49.3450888754156;0.45068359375;0.000394592285156251;6.62999998326086;664;100 mA
49.3550888753904;0.450714111328125;0.000379028320312499;6.63999998323561;665;100 mA
49.3650888753651;0.45062255859375;0.000385437011718751;6.64999998321036;666;100 mA
49.3750888753399;0.450653076171875;0.00037567138671875;6.65999998318512;667;100 mA
49.3850888753146;0.4505615234375;0.0003863525390625;6.66999998315987;668;100 mA
49.3950888752894;0.450653076171875;0.000388183593749999;6.67999998313462;669;100 mA
49.4050888752641;0.45068359375;0.00037872314453125;6.68999998310937;670;100 mA
49.4150888752389;0.4505615234375;0.00039825439453125;6.69999998308413;671;100 mA
49.4250888752136;0.45074462890625;0.000384521484375;6.70999998305888;672;100 mA
49.4350888751884;0.4505615234375;0.00038299560546875;6.71999998303363;673;100 mA
49.4450888751632;0.450653076171875;0.0003741455078125;6.72999998300838;674;100 mA
49.4550888751379;0.45062255859375;0.0003704833984375;6.73999998298314;675;100 mA
49.4650888751127;0.45068359375;0.000390625;6.74999998295789;676;100 mA
49.4750888750874;0.450653076171875;0.0003802490234375;6.75999998293264;677;100 mA
49.4850888750622;0.450653076171875;0.000384521484375;6.76999998290739;678;100 mA
49.4950888750369;0.45062255859375;0.0003887939453125;6.77999998288215;679;100 mA
49.5050888750117;0.450653076171875;0.0003753662109375;6.7899999828569;680;100 mA
49.5150888749864;0.45062255859375;0.00037811279296875;6.79999998283165;681;100 mA
49.5250888749612;0.45062255859375;0.00037384033203125;6.8099999828064;682;100 mA
49.5350888749359;0.450653076171875;0.00037353515625;6.81999998278116;683;100 mA
49.5450888749107;0.450469970703125;0.000382080078124999;6.82999998275591;684;100 mA
49.5550888748854;0.450531005859375;0.000375976562499999;6.83999998273066;685;100 mA
49.5650888748602;0.45062255859375;0.000382080078124999;6.84999998270541;686;100 mA
49.5750888748349;0.45068359375;0.000376281738281251;6.85999998268016;687;100 mA
49.5850888748097;0.4508056640625;0.000371398925781249;6.86999998265492;688;100 mA
49.5950888747844;0.450653076171875;0.00037353515625;6.87999998262967;689;100 mA
49.6050888747592;0.450653076171875;0.000369873046874999;6.88999998260442;690;100 mA
49.6150888747339;0.45062255859375;0.000374755859375001;6.89999998257917;691;100 mA
49.6250888747087;0.45062255859375;0.000382080078124999;6.90999998255393;692;100 mA
49.6350888746834;0.450714111328125;0.000377502441406249;6.91999998252868;693;100 mA
49.6450888746582;0.45068359375;0.000374755859375001;6.92999998250343;694;100 mA
49.655088874633;0.450592041015625;0.00037841796875;6.93999998247818;695;100 mA
49.6650888746077;0.450592041015625;0.000379028320312499;6.94999998245294;696;100 mA
49.6750888745825;0.45062255859375;0.00037353515625;6.95999998242769;697;100 mA
49.6850888745572;0.450714111328125;0.0003680419921875;6.96999998240244;698;100 mA
49.695088874532;0.450653076171875;0.000365295410156249;6.97999998237719;699;100 mA
49.7050888745067;0.450653076171875;0.00037353515625;6.98999998235195;700;100 mA
49.7150888744815;0.45050048828125;0.000379638671875;6.9999999823267;701;100 mA
49.7250888744562;0.450592041015625;0.000377502441406249;7.00999998230145;702;100 mA
49.735088874431;0.450592041015625;0.00037872314453125;7.0199999822762;703;100 mA
49.7450888744057;0.450714111328125;0.0003692626953125;7.02999998225096;704;100 mA
49.7550888743805;0.45062255859375;0.00036895751953125;7.03999998222571;705;100 mA
49.7650888743552;0.450592041015625;0.0003662109375;7.04999998220046;706;100 mA
49.77508887433;0.45062255859375;0.000362243652343749;7.05999998217521;707;100 mA
49.7850888743047;0.4505615234375;0.000376281738281251;7.06999998214997;708;100 mA
49.7950888742795;0.45074462890625;0.000366821289062499;7.07999998212472;709;100 mA
49.8050888742542;0.450714111328125;0.00036285400390625;7.08999998209947;710;100 mA
49.815088874229;0.450653076171875;0.0003802490234375;7.09999998207422;711;100 mA
49.8250888742037;0.450714111328125;0.00037261962890625;7.10999998204898;712;100 mA
49.8350888741785;0.450653076171875;0.000372924804687499;7.11999998202373;713;100 mA
49.8450888741532;0.450653076171875;0.00036285400390625;7.12999998199848;714;100 mA
49.855088874128;0.45068359375;0.00036468505859375;7.13999998197323;715;100 mA
49.8650888741028;0.450592041015625;0.000382080078124999;7.14999998194799;716;100 mA
49.8750888740775;0.45068359375;0.000368347167968749;7.15999998192274;717;100 mA
49.8850888740523;0.45062255859375;0.000369873046874999;7.16999998189749;718;100 mA
49.895088874027;0.450592041015625;0.00037689208984375;7.17999998187224;719;100 mA
49.9050888740018;0.45062255859375;0.00036895751953125;7.189999981847;720;100 mA
49.9150888739765;0.45074462890625;0.000374755859375001;7.19999998182175;721;100 mA
49.9250888739513;0.45068359375;0.000362548828125001;7.2099999817965;722;100 mA
49.935088873926;0.45074462890625;0.000357666015624999;7.21999998177125;723;100 mA
49.9450888739008;0.45050048828125;0.0003680419921875;7.229999981746;724;100 mA
49.9550888738755;0.45062255859375;0.00036285400390625;7.23999998172076;725;100 mA
49.9650888738503;0.45068359375;0.000374450683593749;7.24999998169551;726;100 mA
49.975088873825;0.45062255859375;0.0003704833984375;7.25999998167026;727;100 mA
49.9850888737998;0.45074462890625;0.00037109375;7.26999998164501;728;100 mA
49.9950888737745;0.45068359375;0.0003631591796875;7.27999998161977;729;100 mA
50.0050888737493;0.45062255859375;0.000359497070312501;7.28999998159452;730;100 mA
50.015088873724;0.450653076171875;0.0003631591796875;7.29999998156927;731;100 mA
50.0250888736988;0.450592041015625;0.00037384033203125;7.30999998154402;732;100 mA
50.0350888736735;0.450836181640625;0.000367431640625;7.31999998151878;733;100 mA
50.0450888736483;0.45068359375;0.00036163330078125;7.32999998149353;734;100 mA
50.055088873623;0.45068359375;0.000369873046874999;7.33999998146828;735;100 mA
50.0650888735978;0.450653076171875;0.0003704833984375;7.34999998144303;736;100 mA
50.0750888735726;0.450653076171875;0.000360717773437499;7.35999998141779;737;100 mA
50.0850888735473;0.450714111328125;0.00035888671875;7.36999998139254;738;100 mA
50.0950888735221;0.45062255859375;0.000357666015624999;7.37999998136729;739;100 mA
50.1050888734968;0.450653076171875;0.000367431640625;7.38999998134204;740;100 mA
50.1150888734716;0.450592041015625;0.000367431640625;7.3999999813168;741;100 mA
50.1250888734463;0.450653076171875;0.000361328125;7.40999998129155;742;100 mA
50.1350888734211;0.4505615234375;0.000371704101562501;7.4199999812663;743;100 mA
50.1450888733958;0.450714111328125;0.000360107421875;7.42999998124105;744;100 mA
50.1550888733706;0.450653076171875;0.0003619384765625;7.43999998121581;745;100 mA
50.1650888733453;0.45062255859375;0.00036163330078125;7.44999998119056;746;100 mA
50.1750888733201;0.45068359375;0.00035400390625;7.45999998116531;747;100 mA
50.1850888732948;0.450531005859375;0.00037109375;7.46999998114006;748;100 mA
50.1950888732696;0.450653076171875;0.000367431640625;7.47999998111482;749;100 mA
50.2050888732443;0.45068359375;0.0003619384765625;7.48999998108957;750;100 mA
50.2150888732191;0.450653076171875;0.0003704833984375;7.49999998106432;751;100 mA
50.2250888731938;0.450653076171875;0.0003631591796875;7.50999998103907;752;100 mA
50.2350888731686;0.450653076171875;0.000357666015624999;7.51999998101383;753;100 mA
50.2450888731433;0.450653076171875;0.00035125732421875;7.52999998098858;754;100 mA
50.2550888731181;0.450653076171875;0.0003509521484375;7.53999998096333;755;100 mA
50.2650888730929;0.45068359375;0.0003643798828125;7.54999998093808;756;100 mA
50.2750888730676;0.450653076171875;0.00036590576171875;7.55999998091283;757;100 mA
50.2850888730424;0.450653076171875;0.0003570556640625;7.56999998088759;758;100 mA
50.2950888730171;0.45062255859375;0.000366821289062499;7.57999998086234;759;100 mA
50.3050888729919;0.450653076171875;0.00036285400390625;7.58999998083709;760;100 mA
50.3150888729666;0.450714111328125;0.000359191894531249;7.59999998081184;761;100 mA
50.3250888729414;0.45062255859375;0.000350036621093749;7.6099999807866;762;100 mA
50.3350888729161;0.450714111328125;0.000348815917968751;7.61999998076135;763;100 mA
50.3450888728909;0.450531005859375;0.000361328125;7.6299999807361;764;100 mA
50.3550888728656;0.450592041015625;0.00035552978515625;7.63999998071085;765;100 mA
50.3650888728404;0.45068359375;0.00035675048828125;7.64999998068561;766;100 mA
50.3750888728151;0.450592041015625;0.00035980224609375;7.65999998066036;767;100 mA
50.3850888727899;0.450775146484375;0.00036041259765625;7.66999998063511;768;100 mA
50.3950888727646;0.450653076171875;0.00035888671875;7.67999998060986;769;100 mA
50.4050888727394;0.450653076171875;0.00035247802734375;7.68999998058462;770;100 mA
50.4150888727141;0.450653076171875;0.000353088378906249;7.69999998055937;771;100 mA
50.4250888726889;0.45062255859375;0.000356140136718749;7.70999998053412;772;100 mA
50.4350888726636;0.450775146484375;0.0003509521484375;7.71999998050887;773;100 mA
50.4450888726384;0.450592041015625;0.00034942626953125;7.72999998048363;774;100 mA
50.4550888726131;0.450653076171875;0.000353393554687501;7.73999998045838;775;100 mA
50.4650888725879;0.450653076171875;0.0003558349609375;7.74999998043313;776;100 mA
50.4750888725627;0.450714111328125;0.00034820556640625;7.75999998040788;777;100 mA
50.4850888725374;0.450653076171875;0.0003460693359375;7.76999998038264;778;100 mA
50.4950888725122;0.450714111328125;0.000342712402343751;7.77999998035739;779;100 mA
50.5050888724869;0.450592041015625;0.000353088378906249;7.78999998033214;780;100 mA
50.5150888724617;0.450592041015625;0.00035552978515625;7.79999998030689;781;100 mA
50.5250888724364;0.450653076171875;0.00034515380859375;7.80999998028165;782;100 mA
50.5350888724112;0.450653076171875;0.000353393554687501;7.8199999802564;783;100 mA
50.5450888723859;0.45068359375;0.00035125732421875;7.82999998023115;784;100 mA
50.5550888723607;0.45074462890625;0.00034637451171875;7.8399999802059;785;100 mA
50.5650888723354;0.450592041015625;0.0003521728515625;7.84999998018066;786;100 mA
50.5750888723102;0.45068359375;0.00034027099609375;7.85999998015541;787;100 mA
50.5850888722849;0.4505615234375;0.00035675048828125;7.86999998013016;788;100 mA
50.5950888722597;0.450714111328125;0.00035064697265625;7.87999998010491;789;100 mA
50.6050888722344;0.45068359375;0.0003460693359375;7.88999998007966;790;100 mA
50.6150888722092;0.450653076171875;0.00035888671875;7.89999998005442;791;100 mA
50.6250888721839;0.45062255859375;0.000350341796875001;7.90999998002917;792;100 mA
50.6350888721587;0.450653076171875;0.00034637451171875;7.91999998000392;793;100 mA
50.6450888721334;0.450653076171875;0.000343933105468749;7.92999997997867;794;100 mA
50.6550888721082;0.45068359375;0.000340576171875;7.93999997995343;795;100 mA
50.6650888720829;0.450653076171875;0.00035125732421875;7.94999997992818;796;100 mA
50.6750888720577;0.450653076171875;0.00034912109375;7.95999997990293;797;100 mA
50.6850888720325;0.45062255859375;0.000348815917968751;7.96999997987768;798;100 mA
50.6950888720072;0.45068359375;0.0003570556640625;7.97999997985244;799;100 mA
50.705088871982;0.450653076171875;0.00034759521484375;7.98999997982719;800;100 mA
50.7150888719567;0.45068359375;0.0003521728515625;7.99999997980194;801;100 mA
50.7250888719315;0.45068359375;0.00034027099609375;8.00999997977669;802;100 mA
50.7350888719062;0.45074462890625;0.00033111572265625;8.01999997975145;803;100 mA
50.745088871881;0.450592041015625;0.000344238281250001;8.0299999797262;804;100 mA
50.7550888718557;0.45062255859375;0.000344238281250001;8.03999997970095;805;100 mA
50.7650888718305;0.450592041015625;0.000344238281250001;8.0499999796757;806;100 mA
50.7750888718052;0.4505615234375;0.000346984863281249;8.05999997965046;807;100 mA
50.78508887178;0.450714111328125;0.00034210205078125;8.06999997962521;808;100 mA
50.7950888717547;0.45062255859375;0.00033905029296875;8.07999997959996;809;100 mA
50.8050888717295;0.45062255859375;0.0003338623046875;8.08999997957471;810;100 mA
50.8150888717042;0.4505615234375;0.000341796875;8.09999997954947;811;100 mA
50.825088871679;0.45062255859375;0.000335693359375;8.10999997952422;812;100 mA
50.8350888716537;0.450775146484375;0.0003375244140625;8.11999997949897;813;100 mA
50.8450888716285;0.45062255859375;0.00033416748046875;8.12999997947372;814;100 mA
50.8550888716032;0.450592041015625;0.000340576171875;8.13999997944848;815;100 mA
50.865088871578;0.45068359375;0.000343017578125;8.14999997942323;816;100 mA
50.8750888715527;0.45062255859375;0.00034149169921875;8.15999997939798;817;100 mA
50.8850888715275;0.45068359375;0.0003338623046875;8.16999997937273;818;100 mA
50.8950888715023;0.450653076171875;0.00032806396484375;8.17999997934749;819;100 mA
50.905088871477;0.450714111328125;0.00033599853515625;8.18999997932224;820;100 mA
50.9150888714518;0.4505615234375;0.000340881347656249;8.19999997929699;821;100 mA
50.9250888714265;0.450653076171875;0.000327148437499999;8.20999997927174;822;100 mA
50.9350888714013;0.450653076171875;0.000337829589843749;8.2199999792465;823;100 mA
50.945088871376;0.450653076171875;0.0003399658203125;8.22999997922125;824;100 mA
50.9550888713508;0.45068359375;0.0003369140625;8.239999979196;825;100 mA
50.9650888713255;0.45068359375;0.00033447265625;8.24999997917075;826;100 mA
50.9750888713003;0.450714111328125;0.000328369140625;8.2599999791455;827;100 mA
50.985088871275;0.4505615234375;0.000338134765625001;8.26999997912026;828;100 mA
50.9950888712498;0.450653076171875;0.0003387451171875;8.27999997909501;829;100 mA
51.0050888712245;0.450775146484375;0.000330200195312499;8.28999997906976;830;100 mA
51.0150888711993;0.45062255859375;0.00034637451171875;8.29999997904451;831;100 mA
51.025088871174;0.450653076171875;0.0003338623046875;8.30999997901927;832;100 mA
51.0350888711488;0.450592041015625;0.0003369140625;8.31999997899402;833;100 mA
51.0450888711235;0.45068359375;0.000335083007812501;8.32999997896877;834;100 mA
51.0550888710983;0.45062255859375;0.00032623291015625;8.33999997894352;835;100 mA
51.065088871073;0.450592041015625;0.000338134765625001;8.34999997891828;836;100 mA
51.0750888710478;0.450592041015625;0.000333251953124999;8.35999997889303;837;100 mA
51.0850888710225;0.450653076171875;0.000333557128906251;8.36999997886778;838;100 mA
51.0950888709973;0.450653076171875;0.000335083007812501;8.37999997884253;839;100 mA
51.1050888709721;0.45062255859375;0.000335083007812501;8.38999997881729;840;100 mA
51.1150888709468;0.45074462890625;0.0003387451171875;8.39999997879204;841;100 mA
51.1250888709216;0.450653076171875;0.000323486328125;8.40999997876679;842;100 mA
51.1350888708963;0.450714111328125;0.00032196044921875;8.41999997874154;843;100 mA
51.1450888708711;0.450592041015625;0.000332031250000001;8.4299999787163;844;100 mA
51.1550888708458;0.45062255859375;0.0003369140625;8.43999997869105;845;100 mA
51.1650888708206;0.45068359375;0.00033843994140625;8.4499999786658;846;100 mA
51.1750888707953;0.450531005859375;0.0003387451171875;8.45999997864055;847;100 mA
51.1850888707701;0.450775146484375;0.00033599853515625;8.46999997861531;848;100 mA
51.1950888707448;0.450592041015625;0.000335693359375;8.47999997859006;849;100 mA
51.2050888707196;0.45068359375;0.00032684326171875;8.48999997856481;850;100 mA
51.2150888706943;0.450714111328125;0.00032989501953125;8.49999997853956;851;100 mA
51.2250888706691;0.4505615234375;0.00033111572265625;8.50999997851432;852;100 mA
51.2350888706438;0.450714111328125;0.00033111572265625;8.51999997848907;853;100 mA
51.2450888706186;0.45068359375;0.000333251953124999;8.52999997846382;854;100 mA
51.2550888705933;0.450653076171875;0.00033416748046875;8.53999997843857;855;100 mA
51.2650888705681;0.450592041015625;0.00034332275390625;8.54999997841333;856;100 mA
51.2750888705428;0.450714111328125;0.000330200195312499;8.55999997838808;857;100 mA
51.2850888705176;0.45068359375;0.0003253173828125;8.56999997836283;858;100 mA
51.2950888704923;0.450714111328125;0.000330200195312499;8.57999997833758;859;100 mA
51.3050888704671;0.45062255859375;0.000332031250000001;8.58999997831233;860;100 mA
51.3150888704419;0.450592041015625;0.000339660644531251;8.59999997828709;861;100 mA
51.3250888704166;0.450653076171875;0.00032470703125;8.60999997826184;862;100 mA
51.3350888703914;0.450592041015625;0.0003338623046875;8.61999997823659;863;100 mA
51.3450888703661;0.450775146484375;0.000335083007812501;8.62999997821134;864;100 mA
51.3550888703409;0.45068359375;0.00033294677734375;8.6399999781861;865;100 mA
51.3650888703156;0.45068359375;0.00033294677734375;8.64999997816085;866;100 mA
51.3750888702904;0.45074462890625;0.0003253173828125;8.6599999781356;867;100 mA
51.3850888702651;0.450531005859375;0.000336608886718751;8.66999997811035;868;100 mA
51.3950888702399;0.450653076171875;0.00033233642578125;8.67999997808511;869;100 mA
51.4050888702146;0.450592041015625;0.000330505371093751;8.68999997805986;870;100 mA
51.4150888701894;0.45068359375;0.000340576171875;8.69999997803461;871;100 mA
51.4250888701641;0.45062255859375;0.000330810546875;8.70999997800936;872;100 mA
51.4350888701389;0.4505615234375;0.00033447265625;8.71999997798412;873;100 mA
51.4450888701136;0.45068359375;0.000332031250000001;8.72999997795887;874;100 mA
51.4550888700884;0.45068359375;0.000321350097656251;8.73999997793362;875;100 mA
51.4650888700631;0.450653076171875;0.000332031250000001;8.74999997790837;876;100 mA
51.4750888700379;0.450592041015625;0.000332031250000001;8.75999997788313;877;100 mA
51.4850888700126;0.450592041015625;0.000327453613281251;8.76999997785788;878;100 mA
51.4950888699874;0.45062255859375;0.000337829589843749;8.77999997783263;879;100 mA
51.5050888699622;0.450653076171875;0.000330505371093751;8.78999997780738;880;100 mA
51.5150888699369;0.45074462890625;0.00033599853515625;8.79999997778214;881;100 mA
51.5250888699117;0.45062255859375;0.000322875976562501;8.80999997775689;882;100 mA
51.5350888698864;0.450714111328125;0.000323486328125;8.81999997773164;883;100 mA
51.5450888698612;0.4505615234375;0.000330810546875;8.82999997770639;884;100 mA
51.5550888698359;0.450653076171875;0.000331726074218749;8.83999997768115;885;100 mA
51.5650888698107;0.45074462890625;0.00032989501953125;8.8499999776559;886;100 mA
51.5750888697854;0.450653076171875;0.000333557128906251;8.85999997763065;887;100 mA
51.5850888697602;0.450714111328125;0.000334777832031249;8.8699999776054;888;100 mA
51.5950888697349;0.45062255859375;0.000333557128906251;8.87999997758016;889;100 mA
51.6050888697097;0.45062255859375;0.00032623291015625;8.88999997755491;890;100 mA
51.6150888696844;0.45068359375;0.0003253173828125;8.89999997752966;891;100 mA
51.6250888696592;0.450592041015625;0.000321044921874999;8.90999997750441;892;100 mA
51.6350888696339;0.45068359375;0.000327148437499999;8.91999997747916;893;100 mA
51.6450888696087;0.4505615234375;0.00032989501953125;8.92999997745392;894;100 mA
51.6550888695834;0.450653076171875;0.000330200195312499;8.93999997742867;895;100 mA
51.6650888695582;0.4505615234375;0.000336608886718751;8.94999997740342;896;100 mA
51.6750888695329;0.450592041015625;0.00032501220703125;8.95999997737817;897;100 mA
51.6850888695077;0.450653076171875;0.000324401855468751;8.96999997735293;898;100 mA
51.6950888694824;0.450714111328125;0.000321350097656251;8.97999997732768;899;100 mA
51.7050888694572;0.45068359375;0.0003216552734375;8.98999997730243;900;100 mA
51.715088869432;0.450592041015625;0.000328979492187501;8.99999997727718;901;100 mA
51.7250888694067;0.45062255859375;0.0003265380859375;9.00999997725194;902;100 mA
51.7350888693815;0.450592041015625;0.000328674316406249;9.01999997722669;903;100 mA
51.7450888693562;0.450653076171875;0.000335083007812501;9.02999997720144;904;100 mA
51.755088869331;0.45068359375;0.000327148437499999;9.03999997717619;905;100 mA
51.7650888693057;0.450653076171875;0.000328369140625;9.04999997715095;906;100 mA
51.7750888692805;0.45068359375;0.00031585693359375;9.0599999771257;907;100 mA
51.7850888692552;0.45062255859375;0.000321350097656251;9.06999997710045;908;100 mA
51.79508886923;0.45068359375;0.0003265380859375;9.0799999770752;909;100 mA
51.8050888692047;0.450653076171875;0.0003216552734375;9.08999997704996;910;100 mA
51.8150888691795;0.45068359375;0.000330810546875;9.09999997702471;911;100 mA
51.8250888691542;0.450592041015625;0.00032073974609375;9.10999997699946;912;100 mA
51.835088869129;0.450531005859375;0.0003314208984375;9.11999997697421;913;100 mA
51.8450888691037;0.45068359375;0.000327453613281251;9.12999997694897;914;100 mA
51.8550888690785;0.450653076171875;0.000314941406249999;9.13999997692372;915;100 mA
51.8650888690532;0.450714111328125;0.00032684326171875;9.14999997689847;916;100 mA
51.875088869028;0.450531005859375;0.00032012939453125;9.15999997687322;917;100 mA
51.8850888690027;0.450653076171875;0.000319519042968749;9.16999997684798;918;100 mA
51.8950888689775;0.450653076171875;0.0003265380859375;9.17999997682273;919;100 mA
51.9050888689522;0.45068359375;0.00032623291015625;9.18999997679748;920;100 mA
51.915088868927;0.45074462890625;0.000325927734375001;9.19999997677223;921;100 mA
51.9250888689018;0.450653076171875;0.000316467285156249;9.20999997674699;922;100 mA
51.9350888688765;0.45068359375;0.00031097412109375;9.21999997672174;923;100 mA
51.9450888688513;0.450592041015625;0.0003216552734375;9.22999997669649;924;100 mA
51.955088868826;0.45062255859375;0.000314941406249999;9.23999997667124;925;100 mA
51.9650888688008;0.450653076171875;0.000324096679687499;9.249999976646;926;100 mA
51.9750888687755;0.450653076171875;0.000316467285156249;9.25999997662075;927;100 mA
51.9850888687503;0.45074462890625;0.00032012939453125;9.2699999765955;928;100 mA
51.995088868725;0.4505615234375;0.00032623291015625;9.27999997657025;929;100 mA
52.0050888686998;0.45068359375;0.000316467285156249;9.289999976545;930;100 mA
52.0150888686745;0.450653076171875;0.00031463623046875;9.29999997651976;931;100 mA
52.0250888686493;0.450653076171875;0.000311279296875;9.30999997649451;932;100 mA
52.035088868624;0.450653076171875;0.00031890869140625;9.31999997646926;933;100 mA
52.0450888685988;0.4505615234375;0.00032196044921875;9.32999997644401;934;100 mA
52.0550888685735;0.45062255859375;0.00031707763671875;9.33999997641877;935;100 mA
52.0650888685483;0.4505615234375;0.00032684326171875;9.34999997639352;936;100 mA
52.075088868523;0.450653076171875;0.00031768798828125;9.35999997636827;937;100 mA
52.0850888684978;0.450714111328125;0.0003173828125;9.36999997634302;938;100 mA
52.0950888684725;0.45074462890625;0.0003131103515625;9.37999997631778;939;100 mA
52.1050888684473;0.450592041015625;0.000314941406249999;9.38999997629253;940;100 mA
52.115088868422;0.45062255859375;0.00032012939453125;9.39999997626728;941;100 mA
52.1250888683968;0.450653076171875;0.00031280517578125;9.40999997624203;942;100 mA
52.1350888683716;0.450592041015625;0.0003192138671875;9.41999997621679;943;100 mA
52.1450888683463;0.450653076171875;0.000327453613281251;9.42999997619154;944;100 mA
52.1550888683211;0.450714111328125;0.000316772460937501;9.43999997616629;945;100 mA
52.1650888682958;0.45062255859375;0.0003216552734375;9.44999997614104;946;100 mA
52.1750888682706;0.450714111328125;0.00030670166015625;9.4599999761158;947;100 mA
52.1850888682453;0.450592041015625;0.000318298339843751;9.46999997609055;948;100 mA
52.1950888682201;0.45062255859375;0.0003253173828125;9.4799999760653;949;100 mA
52.2050888681948;0.45062255859375;0.00031402587890625;9.48999997604005;950;100 mA
52.2150888681696;0.450653076171875;0.00032318115234375;9.49999997601481;951;100 mA
52.2250888681443;0.4505615234375;0.000316772460937501;9.50999997598956;952;100 mA
52.2350888681191;0.45062255859375;0.00031768798828125;9.51999997596431;953;100 mA
52.2450888680938;0.45062255859375;0.000324096679687499;9.52999997593906;954;100 mA
52.2550888680686;0.450714111328125;0.000306396484375;9.53999997591382;955;100 mA
52.2650888680433;0.45074462890625;0.000319519042968749;9.54999997588857;956;100 mA
52.2750888680181;0.450592041015625;0.0003094482421875;9.55999997586332;957;100 mA
52.2850888679928;0.45062255859375;0.000312194824218751;9.56999997583807;958;100 mA
52.2950888679676;0.4505615234375;0.000321350097656251;9.57999997581283;959;100 mA
52.3050888679423;0.45062255859375;0.00031585693359375;9.58999997578758;960;100 mA
52.3150888679171;0.450714111328125;0.000319519042968749;9.59999997576233;961;100 mA
52.3250888678918;0.4505615234375;0.000306091308593751;9.60999997573708;962;100 mA
52.3350888678666;0.450714111328125;0.000306091308593751;9.61999997571183;963;100 mA
52.3450888678414;0.450653076171875;0.0003125;9.62999997568659;964;100 mA
52.3550888678161;0.45068359375;0.00031158447265625;9.63999997566134;965;100 mA
52.3650888677909;0.45074462890625;0.0003173828125;9.64999997563609;966;100 mA
52.3750888677656;0.450653076171875;0.00031158447265625;9.65999997561084;967;100 mA
52.3850888677404;0.450592041015625;0.000322570800781249;9.6699999755856;968;100 mA
52.3950888677151;0.45062255859375;0.00031585693359375;9.67999997556035;969;100 mA
52.4050888676899;0.45068359375;0.0003094482421875;9.6899999755351;970;100 mA
52.4150888676646;0.45068359375;0.00030792236328125;9.69999997550985;971;100 mA
52.4250888676394;0.450714111328125;0.0003009033203125;9.70999997548461;972;100 mA
52.4350888676141;0.45062255859375;0.0003125;9.71999997545936;973;100 mA
52.4450888675889;0.45062255859375;0.000316467285156249;9.72999997543411;974;100 mA
52.4550888675636;0.45068359375;0.000307312011718749;9.73999997540886;975;100 mA
52.4650888675384;0.45062255859375;0.0003192138671875;9.74999997538362;976;100 mA
52.4750888675131;0.450714111328125;0.00030853271484375;9.75999997535837;977;100 mA
52.4850888674879;0.450714111328125;0.000313415527343749;9.76999997533312;978;100 mA
52.4950888674626;0.450775146484375;0.000306091308593751;9.77999997530787;979;100 mA
52.5050888674374;0.450653076171875;0.000299682617187499;9.78999997528263;980;100 mA
52.5150888674121;0.450592041015625;0.000310668945312501;9.79999997525738;981;100 mA
52.5250888673869;0.450714111328125;0.000303955078125;9.80999997523213;982;100 mA
52.5350888673617;0.45050048828125;0.000316467285156249;9.81999997520688;983;100 mA
52.5450888673364;0.450653076171875;0.000322265625;9.82999997518164;984;100 mA
52.5550888673112;0.450592041015625;0.0003094482421875;9.83999997515639;985;100 mA
52.5650888672859;0.45062255859375;0.000313720703125001;9.84999997513114;986;100 mA
52.5750888672607;0.450653076171875;0.000298461914062501;9.85999997510589;987;100 mA
52.5850888672354;0.450653076171875;0.000307312011718749;9.86999997508065;988;100 mA
52.5950888672102;0.45068359375;0.000316162109375;9.8799999750554;989;100 mA
52.6050888671849;0.45062255859375;0.000307312011718749;9.88999997503015;990;100 mA
52.6150888671597;0.450653076171875;0.0003143310546875;9.8999999750049;991;100 mA
52.6250888671344;0.45062255859375;0.000315246582031251;9.90999997497966;992;100 mA
52.6350888671092;0.450653076171875;0.000316467285156249;9.91999997495441;993;100 mA
52.6450888670839;0.450653076171875;0.000318298339843751;9.92999997492916;994;100 mA
52.6550888670587;0.45074462890625;0.00030059814453125;9.93999997490391;995;100 mA
52.6650888670334;0.45068359375;0.00031097412109375;9.94999997487866;996;100 mA
52.6750888670082;0.450653076171875;0.00030517578125;9.95999997485342;997;100 mA
52.6850888669829;0.45062255859375;0.0003082275390625;9.96999997482817;998;100 mA
52.6950888669577;0.450653076171875;0.0003125;9.97999997480292;999;100 mA
52.7050888669324;0.45068359375;0.00031585693359375;9.98999997477767;1000;100 mA
52.7150888669072;0.45068359375;0.000322265625;9.99999997475243;1001;100 mA
52.7250888668819;0.450653076171875;0.00031005859375;10.0099999747272;1002;100 mA
52.7350888668567;0.450714111328125;0.000307617187500001;10.0199999747019;1003;100 mA
52.7450888668315;0.4505615234375;0.0003125;10.0299999746767;1004;100 mA
52.7550888668062;0.450653076171875;0.00031005859375;10.0399999746514;1005;100 mA
52.765088866781;0.450714111328125;0.0003125;10.0499999746262;1006;100 mA
52.7750888667557;0.450653076171875;0.00030792236328125;10.0599999746009;1007;100 mA
52.7850888667305;0.450653076171875;0.000321044921874999;10.0699999745757;1008;100 mA
52.7950888667052;0.4505615234375;0.0003192138671875;10.0799999745504;1009;100 mA
52.80508886668;0.45068359375;0.0003094482421875;10.0899999745252;1010;100 mA
52.8150888666547;0.45068359375;0.000313415527343749;10.0999999745;1011;100 mA
52.8250888666295;0.45068359375;0.000304260253906249;10.1099999744747;1012;100 mA
52.8350888666042;0.450653076171875;0.0003143310546875;10.1199999744495;1013;100 mA
52.845088866579;0.45050048828125;0.00032012939453125;10.1299999744242;1014;100 mA
52.8550888665537;0.45068359375;0.000308837890624999;10.139999974399;1015;100 mA
52.8650888665285;0.45062255859375;0.000322570800781249;10.1499999743737;1016;100 mA
52.8750888665032;0.4508056640625;0.000310668945312501;10.1599999743485;1017;100 mA
52.885088866478;0.45062255859375;0.0003192138671875;10.1699999743232;1018;100 mA
52.8950888664527;0.450775146484375;0.00030792236328125;10.179999974298;1019;100 mA
52.9050888664275;0.45062255859375;0.000303039550781251;10.1899999742727;1020;100 mA
52.9150888664022;0.45062255859375;0.000314941406249999;10.1999999742475;1021;100 mA
52.925088866377;0.450775146484375;0.0003131103515625;10.2099999742222;1022;100 mA
52.9350888663517;0.45062255859375;0.000318603515625;10.219999974197;1023;100 mA
52.9450888663265;0.45062255859375;0.000325927734375001;10.2299999741717;1024;100 mA
52.9550888663013;0.45062255859375;0.00031097412109375;10.2399999741465;1025;100 mA
52.965088866276;0.450653076171875;0.000322265625;10.2499999741212;1026;100 mA
52.9750888662508;0.45068359375;0.000301208496093749;10.259999974096;1027;100 mA
52.9850888662255;0.450653076171875;0.00030853271484375;10.2699999740707;1028;100 mA
52.9950888662003;0.45074462890625;0.0003131103515625;10.2799999740455;1029;100 mA
53.005088866175;0.450592041015625;0.0003131103515625;10.2899999740202;1030;100 mA
53.0150888661498;0.450653076171875;0.000317993164062499;10.299999973995;1031;100 mA
53.0250888661245;0.4505615234375;0.000319824218750001;10.3099999739698;1032;100 mA
53.0350888660993;0.450653076171875;0.00031890869140625;10.3199999739445;1033;100 mA
53.045088866074;0.450653076171875;0.00032958984375;10.3299999739193;1034;100 mA
53.0550888660488;0.45068359375;0.0003070068359375;10.339999973894;1035;100 mA
53.0650888660235;0.45068359375;0.00031097412109375;10.3499999738688;1036;100 mA
53.0750888659983;0.450592041015625;0.000307617187500001;10.3599999738435;1037;100 mA
53.085088865973;0.450592041015625;0.000321350097656251;10.3699999738183;1038;100 mA
53.0950888659478;0.45068359375;0.000319519042968749;10.379999973793;1039;100 mA
53.1050888659225;0.450653076171875;0.000316467285156249;10.3899999737678;1040;100 mA
53.1150888658973;0.45062255859375;0.00032379150390625;10.3999999737425;1041;100 mA
53.125088865872;0.45062255859375;0.0003192138671875;10.4099999737173;1042;100 mA
53.1350888658468;0.45062255859375;0.0003143310546875;10.419999973692;1043;100 mA
53.1450888658215;0.4505615234375;0.000311889648437499;10.4299999736668;1044;100 mA
53.1550888657963;0.45074462890625;0.000309143066406251;10.4399999736415;1045;100 mA
53.1650888657711;0.450714111328125;0.00031707763671875;10.4499999736163;1046;100 mA
53.1750888657458;0.450714111328125;0.000311889648437499;10.459999973591;1047;100 mA
53.1850888657206;0.450653076171875;0.00032684326171875;10.4699999735658;1048;100 mA
53.1950888656953;0.450653076171875;0.000319519042968749;10.4799999735405;1049;100 mA
53.2050888656701;0.450653076171875;0.00032196044921875;10.4899999735153;1050;100 mA
53.2150888656448;0.45074462890625;0.00031707763671875;10.49999997349;1051;100 mA
53.2250888656196;0.45074462890625;0.000317993164062499;10.5099999734648;1052;100 mA
53.2350888655943;0.4505615234375;0.00032379150390625;10.5199999734396;1053;100 mA
53.2450888655691;0.450592041015625;0.000325622558593749;10.5299999734143;1054;100 mA
53.2550888655438;0.45068359375;0.00031280517578125;10.5399999733891;1055;100 mA
53.2650888655186;0.450592041015625;0.00033111572265625;10.5499999733638;1056;100 mA
53.2750888654933;0.45074462890625;0.000316162109375;10.5599999733386;1057;100 mA
53.2850888654681;0.45062255859375;0.00032623291015625;10.5699999733133;1058;100 mA
53.2950888654428;0.450653076171875;0.00031585693359375;10.5799999732881;1059;100 mA
53.3050888654176;0.450592041015625;0.000315246582031251;10.5899999732628;1060;100 mA
53.3150888653923;0.45062255859375;0.000324096679687499;10.5999999732376;1061;100 mA
53.3250888653671;0.45068359375;0.0003216552734375;10.6099999732123;1062;100 mA
53.3350888653418;0.45068359375;0.00032379150390625;10.6199999731871;1063;100 mA
53.3450888653166;0.450592041015625;0.000334777832031249;10.6299999731618;1064;100 mA
53.3550888652913;0.450592041015625;0.0003216552734375;10.6399999731366;1065;100 mA
53.3650888652661;0.450653076171875;0.00033233642578125;10.6499999731113;1066;100 mA
53.3750888652409;0.45068359375;0.0003131103515625;10.6599999730861;1067;100 mA
53.3850888652156;0.450714111328125;0.0003173828125;10.6699999730608;1068;100 mA
53.3950888651904;0.45074462890625;0.0003204345703125;10.6799999730356;1069;100 mA
53.4050888651651;0.450592041015625;0.00031890869140625;10.6899999730103;1070;100 mA
53.4150888651399;0.45068359375;0.000324401855468751;10.6999999729851;1071;100 mA
53.4250888651146;0.450531005859375;0.000333251953124999;10.7099999729598;1072;100 mA
53.4350888650894;0.450714111328125;0.000327453613281251;10.7199999729346;1073;100 mA
53.4450888650641;0.45062255859375;0.00032989501953125;10.7299999729094;1074;100 mA
53.4550888650389;0.450714111328125;0.000318603515625;10.7399999728841;1075;100 mA
53.4650888650136;0.450653076171875;0.000314941406249999;10.7499999728589;1076;100 mA
53.4750888649884;0.450592041015625;0.00031158447265625;10.7599999728336;1077;100 mA
53.4850888649631;0.45074462890625;0.00032684326171875;10.7699999728084;1078;100 mA
53.4950888649379;0.45068359375;0.00032684326171875;10.7799999727831;1079;100 mA
53.5050888649126;0.45068359375;0.000330505371093751;10.7899999727579;1080;100 mA
53.5150888648874;0.450653076171875;0.0003326416015625;10.7999999727326;1081;100 mA
53.5250888648621;0.45068359375;0.00033294677734375;10.8099999727074;1082;100 mA
53.5350888648369;0.45068359375;0.00032012939453125;10.8199999726821;1083;100 mA
53.5450888648116;0.45062255859375;0.00031280517578125;10.8299999726569;1084;100 mA
53.5550888647864;0.45068359375;0.0003192138671875;10.8399999726316;1085;100 mA
53.5650888647612;0.45062255859375;0.00033233642578125;10.8499999726064;1086;100 mA
53.5750888647359;0.45062255859375;0.000312194824218751;10.8599999725811;1087;100 mA
53.5850888647107;0.450592041015625;0.00033599853515625;10.8699999725559;1088;100 mA
53.5950888646854;0.450592041015625;0.00032806396484375;10.8799999725306;1089;100 mA
53.6050888646602;0.450714111328125;0.0003277587890625;10.8899999725054;1090;100 mA
53.6150888646349;0.450653076171875;0.0003253173828125;10.8999999724801;1091;100 mA
53.6250888646097;0.45074462890625;0.000321350097656251;10.9099999724549;1092;100 mA
53.6350888645844;0.450531005859375;0.000328369140625;10.9199999724297;1093;100 mA
53.6450888645592;0.450592041015625;0.000328979492187501;10.9299999724044;1094;100 mA
53.6550888645339;0.45074462890625;0.000321350097656251;10.9399999723792;1095;100 mA
53.6650888645087;0.45062255859375;0.000335693359375;10.9499999723539;1096;100 mA
53.6750888644834;0.45074462890625;0.000321350097656251;10.9599999723287;1097;100 mA
53.6850888644582;0.450653076171875;0.00033294677734375;10.9699999723034;1098;100 mA
53.6950888644329;0.45068359375;0.0003204345703125;10.9799999722782;1099;100 mA
53.7050888644077;0.450653076171875;0.000311279296875;10.9899999722529;1100;100 mA
53.7150888643824;0.45062255859375;0.000325622558593749;10.9999999722277;1101;100 mA
53.7250888643572;0.45068359375;0.000330810546875;11.0099999722024;1102;100 mA
53.7350888643319;0.450653076171875;0.000328674316406249;11.0199999721772;1103;100 mA
53.7450888643067;0.45062255859375;0.000336608886718751;11.0299999721519;1104;100 mA
53.7550888642814;0.450592041015625;0.000325927734375001;11.0399999721267;1105;100 mA
53.7650888642562;0.45068359375;0.00033905029296875;11.0499999721014;1106;100 mA
53.775088864231;0.45068359375;0.00031280517578125;11.0599999720762;1107;100 mA
53.7850888642057;0.450714111328125;0.000322570800781249;11.0699999720509;1108;100 mA
53.7950888641805;0.450653076171875;0.000327148437499999;11.0799999720257;1109;100 mA
53.8050888641552;0.450592041015625;0.0003314208984375;11.0899999720004;1110;100 mA
53.81508886413;0.45074462890625;0.000322875976562501;11.0999999719752;1111;100 mA
53.8250888641047;0.450592041015625;0.000336303710937499;11.1099999719499;1112;100 mA
53.8350888640795;0.45062255859375;0.00033294677734375;11.1199999719247;1113;100 mA
53.8450888640542;0.450653076171875;0.000327148437499999;11.1299999718995;1114;100 mA
53.855088864029;0.450714111328125;0.00031768798828125;11.1399999718742;1115;100 mA
53.8650888640037;0.450653076171875;0.00032501220703125;11.149999971849;1116;100 mA
53.8750888639785;0.450592041015625;0.00031585693359375;11.1599999718237;1117;100 mA
53.8850888639532;0.45062255859375;0.000336303710937499;11.1699999717985;1118;100 mA
53.895088863928;0.450714111328125;0.0003253173828125;11.1799999717732;1119;100 mA
53.9050888639027;0.45068359375;0.000328674316406249;11.189999971748;1120;100 mA
53.9150888638775;0.45062255859375;0.000332031250000001;11.1999999717227;1121;100 mA
53.9250888638522;0.45068359375;0.000335083007812501;11.2099999716975;1122;100 mA
53.935088863827;0.450653076171875;0.000330505371093751;11.2199999716722;1123;100 mA
53.9450888638017;0.450775146484375;0.000314941406249999;11.229999971647;1124;100 mA
53.9550888637765;0.4508056640625;0.0003155517578125;11.2399999716217;1125;100 mA
53.9650888637512;0.450592041015625;0.00033599853515625;11.2499999715965;1126;100 mA
53.975088863726;0.45068359375;0.0003216552734375;11.2599999715712;1127;100 mA
53.9850888637008;0.45062255859375;0.000335693359375;11.269999971546;1128;100 mA
53.9950888636755;0.45062255859375;0.000331726074218749;11.2799999715207;1129;100 mA
54.0050888636503;0.45068359375;0.00033111572265625;11.2899999714955;1130;100 mA
54.015088863625;0.45068359375;0.00032623291015625;11.2999999714702;1131;100 mA
54.0250888635998;0.45074462890625;0.00032196044921875;11.309999971445;1132;100 mA
54.0350888635745;0.45062255859375;0.000324401855468751;11.3199999714197;1133;100 mA
54.0450888635493;0.450714111328125;0.00032958984375;11.3299999713945;1134;100 mA
54.055088863524;0.45068359375;0.00032196044921875;11.3399999713693;1135;100 mA
54.0650888634988;0.45062255859375;0.00033447265625;11.349999971344;1136;100 mA
54.0750888634735;0.450653076171875;0.000322570800781249;11.3599999713188;1137;100 mA
54.0850888634483;0.4505615234375;0.00033447265625;11.3699999712935;1138;100 mA
54.095088863423;0.450653076171875;0.000324401855468751;11.3799999712683;1139;100 mA
54.1050888633978;0.450592041015625;0.000316772460937501;11.389999971243;1140;100 mA
54.1150888633725;0.45062255859375;0.000330810546875;11.3999999712178;1141;100 mA
54.1250888633473;0.450653076171875;0.000334777832031249;11.4099999711925;1142;100 mA
54.135088863322;0.45074462890625;0.00032806396484375;11.4199999711673;1143;100 mA
54.1450888632968;0.450592041015625;0.0003338623046875;11.429999971142;1144;100 mA
54.1550888632715;0.450653076171875;0.000324401855468751;11.4399999711168;1145;100 mA
54.1650888632463;0.45068359375;0.00033416748046875;11.4499999710915;1146;100 mA
54.175088863221;0.450714111328125;0.000310363769531249;11.4599999710663;1147;100 mA
54.1850888631958;0.45074462890625;0.00032379150390625;11.469999971041;1148;100 mA
54.1950888631706;0.450653076171875;0.000323486328125;11.4799999710158;1149;100 mA
54.2050888631453;0.45068359375;0.00032501220703125;11.4899999709905;1150;100 mA
54.2150888631201;0.450714111328125;0.00032501220703125;11.4999999709653;1151;100 mA
54.2250888630948;0.45062255859375;0.00033538818359375;11.50999997094;1152;100 mA
54.2350888630696;0.45068359375;0.000327453613281251;11.5199999709148;1153;100 mA
54.2450888630443;0.45068359375;0.00032958984375;11.5299999708895;1154;100 mA
54.2550888630191;0.450714111328125;0.00031585693359375;11.5399999708643;1155;100 mA
54.2650888629938;0.450592041015625;0.0003155517578125;11.5499999708391;1156;100 mA
54.2750888629686;0.450653076171875;0.00031158447265625;11.5599999708138;1157;100 mA
54.2850888629433;0.450714111328125;0.00033233642578125;11.5699999707886;1158;100 mA
54.2950888629181;0.450714111328125;0.00032623291015625;11.5799999707633;1159;100 mA
54.3050888628928;0.450653076171875;0.00032928466796875;11.5899999707381;1160;100 mA
54.3150888628676;0.45062255859375;0.00033111572265625;11.5999999707128;1161;100 mA
54.3250888628423;0.450714111328125;0.00032989501953125;11.6099999706876;1162;100 mA
54.3350888628171;0.45068359375;0.000321044921874999;11.6199999706623;1163;100 mA
54.3450888627918;0.45074462890625;0.000310668945312501;11.6299999706371;1164;100 mA
54.3550888627666;0.450775146484375;0.00031890869140625;11.6399999706118;1165;100 mA
54.3650888627413;0.45062255859375;0.00032958984375;11.6499999705866;1166;100 mA
54.3750888627161;0.450653076171875;0.0003143310546875;11.6599999705613;1167;100 mA
54.3850888626908;0.4505615234375;0.000330505371093751;11.6699999705361;1168;100 mA
54.3950888626656;0.45068359375;0.000325622558593749;11.6799999705108;1169;100 mA
54.4050888626404;0.450653076171875;0.00032318115234375;11.6899999704856;1170;100 mA
54.4150888626151;0.45068359375;0.00031890869140625;11.6999999704603;1171;100 mA
54.4250888625899;0.450714111328125;0.00031402587890625;11.7099999704351;1172;100 mA
54.4350888625646;0.450653076171875;0.0003192138671875;11.7199999704098;1173;100 mA
54.4450888625394;0.450653076171875;0.0003253173828125;11.7299999703846;1174;100 mA
54.4550888625141;0.45068359375;0.000317993164062499;11.7399999703593;1175;100 mA
54.4650888624889;0.45068359375;0.00033294677734375;11.7499999703341;1176;100 mA
54.4750888624636;0.450653076171875;0.000318603515625;11.7599999703089;1177;100 mA
54.4850888624384;0.450653076171875;0.00032318115234375;11.7699999702836;1178;100 mA
54.4950888624131;0.45068359375;0.00031585693359375;11.7799999702584;1179;100 mA
54.5050888623879;0.450653076171875;0.0003143310546875;11.7899999702331;1180;100 mA
54.5150888623626;0.450714111328125;0.0003192138671875;11.7999999702079;1181;100 mA
54.5250888623374;0.45062255859375;0.000324096679687499;11.8099999701826;1182;100 mA
54.5350888623121;0.45074462890625;0.000315246582031251;11.8199999701574;1183;100 mA
54.5450888622869;0.45062255859375;0.000323486328125;11.8299999701321;1184;100 mA
54.5550888622616;0.45068359375;0.0003143310546875;11.8399999701069;1185;100 mA
54.5650888622364;0.45068359375;0.0003314208984375;11.8499999700816;1186;100 mA
54.5750888622111;0.450653076171875;0.000316467285156249;11.8599999700564;1187;100 mA
54.5850888621859;0.45074462890625;0.000314941406249999;11.8699999700311;1188;100 mA
54.5950888621607;0.450592041015625;0.0003131103515625;11.8799999700059;1189;100 mA
54.6050888621354;0.450653076171875;0.000322875976562501;11.8899999699806;1190;100 mA
54.6150888621102;0.45074462890625;0.000313720703125001;11.8999999699554;1191;100 mA
54.6250888620849;0.45068359375;0.000324096679687499;11.9099999699301;1192;100 mA
54.6350888620597;0.450714111328125;0.000318298339843751;11.9199999699049;1193;100 mA
54.6450888620344;0.45062255859375;0.000322570800781249;11.9299999698796;1194;100 mA
54.6550888620092;0.45062255859375;0.0003125;11.9399999698544;1195;100 mA
54.6650888619839;0.45062255859375;0.00030792236328125;11.9499999698292;1196;100 mA
54.6750888619587;0.450653076171875;0.000307617187500001;11.9599999698039;1197;100 mA
54.6850888619334;0.45068359375;0.0003277587890625;11.9699999697787;1198;100 mA
54.6950888619082;0.450714111328125;0.00031158447265625;11.9799999697534;1199;100 mA
54.7050888618829;0.450653076171875;0.00031890869140625;11.9899999697282;1200;100 mA
54.7150888618577;0.4505615234375;0.000322265625;11.9999999697029;1201;100 mA
54.7250888618324;0.45062255859375;0.00032684326171875;12.0099999696777;1202;100 mA
54.7350888618072;0.45068359375;0.000317993164062499;12.0199999696524;1203;100 mA
54.7450888617819;0.45074462890625;0.000308837890624999;12.0299999696272;1204;100 mA
54.7550888617567;0.450653076171875;0.000309143066406251;12.0399999696019;1205;100 mA
54.7650888617314;0.4505615234375;0.000325622558593749;12.0499999695767;1206;100 mA
54.7750888617062;0.45068359375;0.00030548095703125;12.0599999695514;1207;100 mA
54.7850888616809;0.4505615234375;0.000321044921874999;12.0699999695262;1208;100 mA
54.7950888616557;0.450714111328125;0.0003192138671875;12.0799999695009;1209;100 mA
54.8050888616305;0.450653076171875;0.000318298339843751;12.0899999694757;1210;100 mA
54.8150888616052;0.45068359375;0.000319519042968749;12.0999999694504;1211;100 mA
54.82508886158;0.450592041015625;0.00031005859375;12.1099999694252;1212;100 mA
54.8350888615547;0.450653076171875;0.00030975341796875;12.1199999693999;1213;100 mA
54.8450888615295;0.45074462890625;0.000316772460937501;12.1299999693747;1214;100 mA
54.8550888615042;0.45068359375;0.00030975341796875;12.1399999693494;1215;100 mA
54.865088861479;0.45068359375;0.000321350097656251;12.1499999693242;1216;100 mA
54.8750888614537;0.4505615234375;0.0003131103515625;12.159999969299;1217;100 mA
54.8850888614285;0.45062255859375;0.00032318115234375;12.1699999692737;1218;100 mA
54.8950888614032;0.450653076171875;0.000311279296875;12.1799999692485;1219;100 mA
54.905088861378;0.45074462890625;0.000296936035156251;12.1899999692232;1220;100 mA
54.9150888613527;0.450653076171875;0.000313415527343749;12.199999969198;1221;100 mA
54.9250888613275;0.450592041015625;0.000322265625;12.2099999691727;1222;100 mA
54.9350888613022;0.450714111328125;0.00030975341796875;12.2199999691475;1223;100 mA
54.945088861277;0.45062255859375;0.000316467285156249;12.2299999691222;1224;100 mA
54.9550888612517;0.45068359375;0.000317993164062499;12.239999969097;1225;100 mA
54.9650888612265;0.45068359375;0.000318603515625;12.2499999690717;1226;100 mA
54.9750888612012;0.45062255859375;0.00031005859375;12.2599999690465;1227;100 mA
54.985088861176;0.45062255859375;0.000311279296875;12.2699999690212;1228;100 mA
54.9950888611507;0.450592041015625;0.00030853271484375;12.279999968996;1229;100 mA
55.0050888611255;0.45062255859375;0.00032501220703125;12.2899999689707;1230;100 mA
55.0150888611003;0.45074462890625;0.0003082275390625;12.2999999689455;1231;100 mA
55.025088861075;0.45074462890625;0.00032012939453125;12.3099999689202;1232;100 mA
55.0350888610498;0.45068359375;0.000316772460937501;12.319999968895;1233;100 mA
55.0450888610245;0.450653076171875;0.00031463623046875;12.3299999688697;1234;100 mA
55.0550888609993;0.450592041015625;0.000319519042968749;12.3399999688445;1235;100 mA
55.065088860974;0.450714111328125;0.0003094482421875;12.3499999688192;1236;100 mA
55.0750888609488;0.45068359375;0.00030670166015625;12.359999968794;1237;100 mA
55.0850888609235;0.450714111328125;0.000325622558593749;12.3699999687688;1238;100 mA
55.0950888608983;0.450714111328125;0.000310363769531249;12.3799999687435;1239;100 mA
55.105088860873;0.45062255859375;0.000317993164062499;12.3899999687183;1240;100 mA
55.1150888608478;0.450592041015625;0.0003173828125;12.399999968693;1241;100 mA
55.1250888608225;0.45068359375;0.0003173828125;12.4099999686678;1242;100 mA
55.1350888607973;0.45068359375;0.000316162109375;12.4199999686425;1243;100 mA
55.145088860772;0.450775146484375;0.0002978515625;12.4299999686173;1244;100 mA
55.1550888607468;0.450592041015625;0.00030792236328125;12.439999968592;1245;100 mA
55.1650888607215;0.45062255859375;0.0003204345703125;12.4499999685668;1246;100 mA
55.1750888606963;0.450653076171875;0.00030242919921875;12.4599999685415;1247;100 mA
55.185088860671;0.45068359375;0.000319519042968749;12.4699999685163;1248;100 mA
55.1950888606458;0.450714111328125;0.00030975341796875;12.479999968491;1249;100 mA
55.2050888606205;0.45062255859375;0.000313415527343749;12.4899999684658;1250;100 mA
55.2150888605953;0.450653076171875;0.000313415527343749;12.4999999684405;1251;100 mA
55.2250888605701;0.45062255859375;0.000303039550781251;12.5099999684153;1252;100 mA
55.2350888605448;0.450714111328125;0.00030364990234375;12.51999996839;1253;100 mA
55.2450888605196;0.4508056640625;0.00031005859375;12.5299999683648;1254;100 mA
55.2550888604943;0.450653076171875;0.00030364990234375;12.5399999683395;1255;100 mA
55.2650888604691;0.45062255859375;0.000318603515625;12.5499999683143;1256;100 mA
55.2750888604438;0.45062255859375;0.000307617187500001;12.559999968289;1257;100 mA
55.2850888604186;0.45068359375;0.0003125;12.5699999682638;1258;100 mA
55.2950888603933;0.45068359375;0.000308837890624999;12.5799999682386;1259;100 mA
55.3050888603681;0.450775146484375;0.00030059814453125;12.5899999682133;1260;100 mA
55.3150888603428;0.450653076171875;0.00030670166015625;12.5999999681881;1261;100 mA
55.3250888603176;0.45062255859375;0.0003155517578125;12.6099999681628;1262;100 mA
55.3350888602923;0.45074462890625;0.00030242919921875;12.6199999681376;1263;100 mA
55.3450888602671;0.450653076171875;0.00030975341796875;12.6299999681123;1264;100 mA
55.3550888602418;0.450714111328125;0.00030242919921875;12.6399999680871;1265;100 mA
55.3650888602166;0.45068359375;0.000312194824218751;12.6499999680618;1266;100 mA
55.3750888601913;0.450653076171875;0.00031097412109375;12.6599999680366;1267;100 mA
55.3850888601661;0.450653076171875;0.000298156738281249;12.6699999680113;1268;100 mA
55.3950888601408;0.450653076171875;0.000298461914062501;12.6799999679861;1269;100 mA
55.4050888601156;0.450714111328125;0.00031097412109375;12.6899999679608;1270;100 mA
55.4150888600903;0.45068359375;0.000303955078125;12.6999999679356;1271;100 mA
55.4250888600651;0.45068359375;0.000310363769531249;12.7099999679103;1272;100 mA
55.4350888600399;0.450714111328125;0.00030548095703125;12.7199999678851;1273;100 mA
55.4450888600146;0.450653076171875;0.00030487060546875;12.7299999678598;1274;100 mA
55.4550888599894;0.450653076171875;0.00030670166015625;12.7399999678346;1275;100 mA
55.4650888599641;0.45068359375;0.00030059814453125;12.7499999678093;1276;100 mA
55.4750888599389;0.45074462890625;0.000299987792968751;12.7599999677841;1277;100 mA
55.4850888599136;0.45062255859375;0.000312194824218751;12.7699999677588;1278;100 mA
55.4950888598884;0.45068359375;0.00030181884765625;12.7799999677336;1279;100 mA
55.5050888598631;0.450531005859375;0.00030670166015625;12.7899999677084;1280;100 mA
55.5150888598379;0.450653076171875;0.00030792236328125;12.7999999676831;1281;100 mA
55.5250888598126;0.450714111328125;0.0003070068359375;12.8099999676579;1282;100 mA
55.5350888597874;0.450714111328125;0.000302734374999999;12.8199999676326;1283;100 mA
55.5450888597621;0.4508056640625;0.000289001464843749;12.8299999676074;1284;100 mA
55.5550888597369;0.450531005859375;0.00029876708984375;12.8399999675821;1285;100 mA
55.5650888597116;0.450653076171875;0.00030792236328125;12.8499999675569;1286;100 mA
55.5750888596864;0.450653076171875;0.000291748046875;12.8599999675316;1287;100 mA
55.5850888596611;0.45068359375;0.00030548095703125;12.8699999675064;1288;100 mA
55.5950888596359;0.45068359375;0.00030487060546875;12.8799999674811;1289;100 mA
55.6050888596106;0.45062255859375;0.000303039550781251;12.8899999674559;1290;100 mA
55.6150888595854;0.450592041015625;0.000308837890624999;12.8999999674306;1291;100 mA
55.6250888595602;0.45062255859375;0.000291748046875;12.9099999674054;1292;100 mA
55.6350888595349;0.45068359375;0.000295410156250001;12.9199999673801;1293;100 mA
55.6450888595097;0.45068359375;0.0003033447265625;12.9299999673549;1294;100 mA
55.6550888594844;0.450714111328125;0.000299072265625;12.9399999673296;1295;100 mA
55.6650888594592;0.450592041015625;0.0003082275390625;12.9499999673044;1296;100 mA
55.6750888594339;0.4505615234375;0.00029571533203125;12.9599999672791;1297;100 mA
55.6850888594087;0.45068359375;0.00030364990234375;12.9699999672539;1298;100 mA
55.6950888593834;0.450592041015625;0.000307617187500001;12.9799999672287;1299;100 mA
55.7050888593582;0.450714111328125;0.000291748046875;12.9899999672034;1300;100 mA
55.7150888593329;0.450592041015625;0.000301513671875001;12.9999999671782;1301;100 mA
55.7250888593077;0.450592041015625;0.000311889648437499;13.0099999671529;1302;100 mA
55.7350888592824;0.45074462890625;0.00029144287109375;13.0199999671277;1303;100 mA
55.7450888592572;0.450653076171875;0.000299987792968751;13.0299999671024;1304;100 mA
55.7550888592319;0.450714111328125;0.00029754638671875;13.0399999670772;1305;100 mA
55.7650888592067;0.450653076171875;0.000301208496093749;13.0499999670519;1306;100 mA
55.7750888591814;0.450592041015625;0.00030181884765625;13.0599999670267;1307;100 mA
55.7850888591562;0.45062255859375;0.00029571533203125;13.0699999670014;1308;100 mA
55.7950888591309;0.45068359375;0.00028961181640625;13.0799999669762;1309;100 mA
55.8050888591057;0.45074462890625;0.00030181884765625;13.0899999669509;1310;100 mA
55.8150888590804;0.45074462890625;0.00029296875;13.0999999669257;1311;100 mA
55.8250888590552;0.450653076171875;0.0002978515625;13.1099999669004;1312;100 mA
55.83508885903;0.4505615234375;0.000295410156250001;13.1199999668752;1313;100 mA
55.8450888590047;0.450653076171875;0.000293884277343751;13.1299999668499;1314;100 mA
55.8550888589795;0.45062255859375;0.000299987792968751;13.1399999668247;1315;100 mA
55.8650888589542;0.450836181640625;0.0002850341796875;13.1499999667994;1316;100 mA
55.875088858929;0.450653076171875;0.000289001464843749;13.1599999667742;1317;100 mA
55.8850888589037;0.450592041015625;0.000299987792968751;13.1699999667489;1318;100 mA
55.8950888588785;0.450714111328125;0.000289001464843749;13.1799999667237;1319;100 mA
55.9050888588532;0.450592041015625;0.000292358398437501;13.1899999666985;1320;100 mA
55.915088858828;0.450653076171875;0.000298461914062501;13.1999999666732;1321;100 mA
55.9250888588027;0.450714111328125;0.00029449462890625;13.209999966648;1322;100 mA
55.9350888587775;0.450653076171875;0.00029296875;13.2199999666227;1323;100 mA
55.9450888587522;0.45068359375;0.000281982421875;13.2299999665975;1324;100 mA
55.955088858727;0.450592041015625;0.00028411865234375;13.2399999665722;1325;100 mA
55.9650888587017;0.45068359375;0.000299682617187499;13.249999966547;1326;100 mA
55.9750888586765;0.45062255859375;0.00028411865234375;13.2599999665217;1327;100 mA
55.9850888586512;0.45074462890625;0.000292358398437501;13.2699999664965;1328;100 mA
55.995088858626;0.450653076171875;0.0002899169921875;13.2799999664712;1329;100 mA
56.0050888586007;0.45062255859375;0.0002899169921875;13.289999966446;1330;100 mA
56.0150888585755;0.450592041015625;0.000301513671875001;13.2999999664207;1331;100 mA
56.0250888585502;0.45062255859375;0.000283203125000001;13.3099999663955;1332;100 mA
56.035088858525;0.4508056640625;0.00028076171875;13.3199999663702;1333;100 mA
56.0450888584998;0.450714111328125;0.000290527343749999;13.329999966345;1334;100 mA
56.0550888584745;0.450714111328125;0.00028656005859375;13.3399999663197;1335;100 mA
56.0650888584493;0.45062255859375;0.0002911376953125;13.3499999662945;1336;100 mA
56.075088858424;0.45062255859375;0.00028564453125;13.3599999662692;1337;100 mA
56.0850888583988;0.450653076171875;0.00029632568359375;13.369999966244;1338;100 mA
56.0950888583735;0.450592041015625;0.0002972412109375;13.3799999662187;1339;100 mA
56.1050888583483;0.450836181640625;0.0002789306640625;13.3899999661935;1340;100 mA
56.115088858323;0.45062255859375;0.00028839111328125;13.3999999661683;1341;100 mA
56.1250888582978;0.450592041015625;0.000290527343749999;13.409999966143;1342;100 mA
56.1350888582725;0.45068359375;0.000281982421875;13.4199999661178;1343;100 mA
56.1450888582473;0.45074462890625;0.000287780761718751;13.4299999660925;1344;100 mA
56.155088858222;0.450653076171875;0.000290832519531251;13.4399999660673;1345;100 mA
56.1650888581968;0.450653076171875;0.00029327392578125;13.449999966042;1346;100 mA
56.1750888581715;0.450592041015625;0.000290832519531251;13.4599999660168;1347;100 mA
56.1850888581463;0.450653076171875;0.000276794433593749;13.4699999659915;1348;100 mA
56.195088858121;0.450714111328125;0.000282897949218749;13.4799999659663;1349;100 mA
56.2050888580958;0.45074462890625;0.000293884277343751;13.489999965941;1350;100 mA
56.2150888580705;0.450714111328125;0.00028533935546875;13.4999999659158;1351;100 mA
56.2250888580453;0.450653076171875;0.0002899169921875;13.5099999658905;1352;100 mA
56.23508885802;0.450653076171875;0.000283203125000001;13.5199999658653;1353;100 mA
56.2450888579948;0.450653076171875;0.000282897949218749;13.52999996584;1354;100 mA
56.2550888579696;0.4505615234375;0.000295410156250001;13.5399999658148;1355;100 mA
56.2650888579443;0.450775146484375;0.00028533935546875;13.5499999657895;1356;100 mA
56.2750888579191;0.45068359375;0.000283203125000001;13.5599999657643;1357;100 mA
56.2850888578938;0.450653076171875;0.000293884277343751;13.569999965739;1358;100 mA
56.2950888578686;0.450592041015625;0.00028350830078125;13.5799999657138;1359;100 mA
56.3050888578433;0.450592041015625;0.000289001464843749;13.5899999656885;1360;100 mA
56.3150888578181;0.450714111328125;0.00029327392578125;13.5999999656633;1361;100 mA
56.3250888577928;0.450653076171875;0.0002838134765625;13.6099999656381;1362;100 mA
56.3350888577676;0.45068359375;0.000289001464843749;13.6199999656128;1363;100 mA
56.3450888577423;0.45062255859375;0.0002734375;13.6299999655876;1364;100 mA
56.3550888577171;0.45062255859375;0.000281677246093751;13.6399999655623;1365;100 mA
56.3650888576918;0.45074462890625;0.000289306640625001;13.6499999655371;1366;100 mA
56.3750888576666;0.450653076171875;0.000281372070312499;13.6599999655118;1367;100 mA
56.3850888576413;0.45062255859375;0.00028656005859375;13.6699999654866;1368;100 mA
56.3950888576161;0.450592041015625;0.0002838134765625;13.6799999654613;1369;100 mA
56.4050888575908;0.45062255859375;0.0002838134765625;13.6899999654361;1370;100 mA
56.4150888575656;0.450592041015625;0.000292053222656249;13.6999999654108;1371;100 mA
56.4250888575403;0.450714111328125;0.0002777099609375;13.7099999653856;1372;100 mA
56.4350888575151;0.450714111328125;0.00027435302734375;13.7199999653603;1373;100 mA
56.4450888574898;0.45068359375;0.00027923583984375;13.7299999653351;1374;100 mA
56.4550888574646;0.45068359375;0.0002777099609375;13.7399999653098;1375;100 mA
56.4650888574394;0.4505615234375;0.000282897949218749;13.7499999652846;1376;100 mA
56.4750888574141;0.45062255859375;0.00027923583984375;13.7599999652593;1377;100 mA
56.4850888573889;0.45068359375;0.000285949707031249;13.7699999652341;1378;100 mA
56.4950888573636;0.450592041015625;0.000286865234375;13.7799999652088;1379;100 mA
56.5050888573384;0.450714111328125;0.00027191162109375;13.7899999651836;1380;100 mA
56.5150888573131;0.450592041015625;0.00028411865234375;13.7999999651583;1381;100 mA
56.5250888572879;0.450653076171875;0.00028533935546875;13.8099999651331;1382;100 mA
56.5350888572626;0.45068359375;0.000278320312499999;13.8199999651079;1383;100 mA
56.5450888572374;0.450653076171875;0.00028045654296875;13.8299999650826;1384;100 mA
56.5550888572121;0.45062255859375;0.000281677246093751;13.8399999650574;1385;100 mA
56.5650888571869;0.450592041015625;0.000279541015625;13.8499999650321;1386;100 mA
56.5750888571616;0.4505615234375;0.0002886962890625;13.8599999650069;1387;100 mA
56.5850888571364;0.45068359375;0.00027618408203125;13.8699999649816;1388;100 mA
56.5950888571111;0.450775146484375;0.000274658203125;13.8799999649564;1389;100 mA
56.6050888570859;0.450653076171875;0.00028717041015625;13.8899999649311;1390;100 mA
56.6150888570606;0.450714111328125;0.000280151367187501;13.8999999649059;1391;100 mA
56.6250888570354;0.45062255859375;0.000279541015625;13.9099999648806;1392;100 mA
56.6350888570101;0.450653076171875;0.00028076171875;13.9199999648554;1393;100 mA
56.6450888569849;0.45068359375;0.00028228759765625;13.9299999648301;1394;100 mA
56.6550888569597;0.45062255859375;0.000289001464843749;13.9399999648049;1395;100 mA
56.6650888569344;0.450775146484375;0.000281372070312499;13.9499999647796;1396;100 mA
56.6750888569092;0.45050048828125;0.00027618408203125;13.9599999647544;1397;100 mA
56.6850888568839;0.450653076171875;0.0002880859375;13.9699999647291;1398;100 mA
56.6950888568587;0.45068359375;0.00027801513671875;13.9799999647039;1399;100 mA
56.7050888568334;0.450653076171875;0.00027740478515625;13.9899999646786;1400;100 mA
56.7150888568082;0.45068359375;0.0002880859375;13.9999999646534;1401;100 mA
56.7250888567829;0.450592041015625;0.00027587890625;14.0099999646282;1402;100 mA
56.7350888567577;0.450653076171875;0.00028106689453125;14.0199999646029;1403;100 mA
56.7450888567324;0.45062255859375;0.000276794433593749;14.0299999645777;1404;100 mA
56.7550888567072;0.45068359375;0.0002789306640625;14.0399999645524;1405;100 mA
56.7650888566819;0.450714111328125;0.00028564453125;14.0499999645272;1406;100 mA
56.7750888566567;0.45074462890625;0.00027496337890625;14.0599999645019;1407;100 mA
56.7850888566314;0.450653076171875;0.000281372070312499;14.0699999644767;1408;100 mA
56.7950888566062;0.450592041015625;0.0002825927734375;14.0799999644514;1409;100 mA
56.8050888565809;0.45062255859375;0.00028411865234375;14.0899999644262;1410;100 mA
56.8150888565557;0.45062255859375;0.00028717041015625;14.0999999644009;1411;100 mA
56.8250888565304;0.45074462890625;0.0002764892578125;14.1099999643757;1412;100 mA
56.8350888565052;0.4505615234375;0.00028076171875;14.1199999643504;1413;100 mA
56.8450888564799;0.45068359375;0.000281982421875;14.1299999643252;1414;100 mA
56.8550888564547;0.45062255859375;0.00028228759765625;14.1399999642999;1415;100 mA
56.8650888564295;0.45068359375;0.00028839111328125;14.1499999642747;1416;100 mA
56.8750888564042;0.450714111328125;0.000276794433593749;14.1599999642494;1417;100 mA
56.885088856379;0.45068359375;0.00028076171875;14.1699999642242;1418;100 mA
56.8950888563537;0.450714111328125;0.000289001464843749;14.1799999641989;1419;100 mA
56.9050888563285;0.45062255859375;0.000273742675781249;14.1899999641737;1420;100 mA
56.9150888563032;0.450653076171875;0.00028656005859375;14.1999999641484;1421;100 mA
56.925088856278;0.45074462890625;0.000286254882812501;14.2099999641232;1422;100 mA
56.9350888562527;0.450653076171875;0.000279541015625;14.219999964098;1423;100 mA
56.9450888562275;0.450714111328125;0.000282897949218749;14.2299999640727;1424;100 mA
56.9550888562022;0.45062255859375;0.00028076171875;14.2399999640475;1425;100 mA
56.965088856177;0.45062255859375;0.00028839111328125;14.2499999640222;1426;100 mA
56.9750888561517;0.450592041015625;0.00028656005859375;14.259999963997;1427;100 mA
56.9850888561265;0.45068359375;0.00028045654296875;14.2699999639717;1428;100 mA
56.9950888561012;0.45068359375;0.000281677246093751;14.2799999639465;1429;100 mA
57.005088856076;0.450592041015625;0.000285949707031249;14.2899999639212;1430;100 mA
57.0150888560507;0.450714111328125;0.00028350830078125;14.299999963896;1431;100 mA
57.0250888560255;0.45050048828125;0.00028106689453125;14.3099999638707;1432;100 mA
57.0350888560002;0.45062255859375;0.00027923583984375;14.3199999638455;1433;100 mA
57.045088855975;0.450714111328125;0.000281677246093751;14.3299999638202;1434;100 mA
57.0550888559497;0.4505615234375;0.000293884277343751;14.339999963795;1435;100 mA
57.0650888559245;0.45068359375;0.000281372070312499;14.3499999637697;1436;100 mA
57.0750888558993;0.450592041015625;0.00028228759765625;14.3599999637445;1437;100 mA
57.085088855874;0.45068359375;0.00028717041015625;14.3699999637192;1438;100 mA
57.0950888558488;0.45062255859375;0.0002850341796875;14.379999963694;1439;100 mA
57.1050888558235;0.450653076171875;0.0002838134765625;14.3899999636687;1440;100 mA
57.1150888557983;0.450653076171875;0.0002850341796875;14.3999999636435;1441;100 mA
57.125088855773;0.450592041015625;0.00027801513671875;14.4099999636182;1442;100 mA
57.1350888557478;0.4505615234375;0.00028717041015625;14.419999963593;1443;100 mA
57.1450888557225;0.45068359375;0.000278625488281251;14.4299999635678;1444;100 mA
57.1550888556973;0.450714111328125;0.00027801513671875;14.4399999635425;1445;100 mA
57.165088855672;0.450714111328125;0.0002880859375;14.4499999635173;1446;100 mA
57.1750888556468;0.450653076171875;0.000284729003906251;14.459999963492;1447;100 mA
57.1850888556215;0.45062255859375;0.000281677246093751;14.4699999634668;1448;100 mA
57.1950888555963;0.45068359375;0.00028106689453125;14.4799999634415;1449;100 mA
57.205088855571;0.450714111328125;0.000278625488281251;14.4899999634163;1450;100 mA
57.2150888555458;0.45062255859375;0.000292053222656249;14.499999963391;1451;100 mA
57.2250888555205;0.45074462890625;0.000273742675781249;14.5099999633658;1452;100 mA
57.2350888554953;0.4505615234375;0.00027496337890625;14.5199999633405;1453;100 mA
57.24508885547;0.450714111328125;0.00028717041015625;14.5299999633153;1454;100 mA
57.2550888554448;0.45062255859375;0.00028045654296875;14.53999996329;1455;100 mA
57.2650888554195;0.450653076171875;0.000281982421875;14.5499999632648;1456;100 mA
57.2750888553943;0.45062255859375;0.00027923583984375;14.5599999632395;1457;100 mA
57.2850888553691;0.450653076171875;0.000279541015625;14.5699999632143;1458;100 mA
57.2950888553438;0.450592041015625;0.000287475585937499;14.579999963189;1459;100 mA
57.3050888553186;0.450653076171875;0.0002764892578125;14.5899999631638;1460;100 mA
57.3150888552933;0.45074462890625;0.0002825927734375;14.5999999631385;1461;100 mA
57.3250888552681;0.45068359375;0.000281982421875;14.6099999631133;1462;100 mA
57.3350888552428;0.45062255859375;0.00027923583984375;14.619999963088;1463;100 mA
57.3450888552176;0.45068359375;0.000278625488281251;14.6299999630628;1464;100 mA
57.3550888551923;0.45062255859375;0.000280151367187501;14.6399999630376;1465;100 mA
57.3650888551671;0.45068359375;0.000278625488281251;14.6499999630123;1466;100 mA
57.3750888551418;0.450592041015625;0.00028411865234375;14.6599999629871;1467;100 mA
57.3850888551166;0.45074462890625;0.000270996093750001;14.6699999629618;1468;100 mA
57.3950888550913;0.45062255859375;0.00027587890625;14.6799999629366;1469;100 mA
57.4050888550661;0.45068359375;0.000281982421875;14.6899999629113;1470;100 mA
57.4150888550408;0.450714111328125;0.0002777099609375;14.6999999628861;1471;100 mA
57.4250888550156;0.450592041015625;0.00027587890625;14.7099999628608;1472;100 mA
57.4350888549903;0.450714111328125;0.00027801513671875;14.7199999628356;1473;100 mA
57.4450888549651;0.450653076171875;0.000275573730468751;14.7299999628103;1474;100 mA
57.4550888549398;0.450653076171875;0.0002838134765625;14.7399999627851;1475;100 mA
57.4650888549146;0.450592041015625;0.000281372070312499;14.7499999627598;1476;100 mA
57.4750888548893;0.450653076171875;0.00027923583984375;14.7599999627346;1477;100 mA
57.4850888548641;0.45074462890625;0.00028533935546875;14.7699999627093;1478;100 mA
57.4950888548389;0.45068359375;0.0002838134765625;14.7799999626841;1479;100 mA
57.5050888548136;0.45068359375;0.000276794433593749;14.7899999626588;1480;100 mA
57.5150888547884;0.450592041015625;0.0002880859375;14.7999999626336;1481;100 mA
57.5250888547631;0.45062255859375;0.000269775390625;14.8099999626083;1482;100 mA
57.5350888547379;0.450531005859375;0.000284729003906251;14.8199999625831;1483;100 mA
57.5450888547126;0.450653076171875;0.0002825927734375;14.8299999625578;1484;100 mA
57.5550888546874;0.450714111328125;0.0002777099609375;14.8399999625326;1485;100 mA
57.5650888546621;0.45062255859375;0.000282897949218749;14.8499999625074;1486;100 mA
57.5750888546369;0.450653076171875;0.00027618408203125;14.8599999624821;1487;100 mA
57.5850888546116;0.450592041015625;0.000281372070312499;14.8699999624569;1488;100 mA
57.5950888545864;0.450714111328125;0.00028350830078125;14.8799999624316;1489;100 mA
57.6050888545611;0.450714111328125;0.000267944335937501;14.8899999624064;1490;100 mA
57.6150888545359;0.450653076171875;0.00028839111328125;14.8999999623811;1491;100 mA
57.6250888545106;0.450775146484375;0.000270996093750001;14.9099999623559;1492;100 mA
57.6350888544854;0.450592041015625;0.000275268554687499;14.9199999623306;1493;100 mA
57.6450888544601;0.450653076171875;0.0002825927734375;14.9299999623054;1494;100 mA
57.6550888544349;0.450592041015625;0.000277099609375001;14.9399999622801;1495;100 mA
57.6650888544096;0.45074462890625;0.000281372070312499;14.9499999622549;1496;100 mA
57.6750888543844;0.45062255859375;0.00027313232421875;14.9599999622296;1497;100 mA
57.6850888543592;0.450592041015625;0.0002728271484375;14.9699999622044;1498;100 mA
57.6950888543339;0.4505615234375;0.0002838134765625;14.9799999621791;1499;100 mA
57.7050888543087;0.45068359375;0.0002734375;14.9899999621539;1500;100 mA
57.7150888542834;0.45062255859375;0.00028076171875;14.9999999621286;1501;100 mA
57.7250888542582;0.45068359375;0.000269470214843751;15.0099999621034;1502;100 mA
57.7350888542329;0.450653076171875;0.00027801513671875;15.0199999620781;1503;100 mA
57.7450888542077;0.450592041015625;0.000278625488281251;15.0299999620529;1504;100 mA
57.7550888541824;0.45062255859375;0.00027191162109375;15.0399999620277;1505;100 mA
57.7650888541572;0.450714111328125;0.000272521972656251;15.0499999620024;1506;100 mA
57.7750888541319;0.450592041015625;0.000279846191406249;15.0599999619772;1507;100 mA
57.7850888541067;0.45068359375;0.00027130126953125;15.0699999619519;1508;100 mA
57.7950888540814;0.450592041015625;0.000270690917968749;15.0799999619267;1509;100 mA
57.8050888540562;0.45068359375;0.000274658203125;15.0899999619014;1510;100 mA
57.8150888540309;0.450592041015625;0.0002734375;15.0999999618762;1511;100 mA
57.8250888540057;0.450714111328125;0.00026702880859375;15.1099999618509;1512;100 mA
57.8350888539804;0.450653076171875;0.00027130126953125;15.1199999618257;1513;100 mA
57.8450888539552;0.45062255859375;0.000274658203125;15.1299999618004;1514;100 mA
57.8550888539299;0.450592041015625;0.000279541015625;15.1399999617752;1515;100 mA
57.8650888539047;0.450592041015625;0.00027740478515625;15.1499999617499;1516;100 mA
57.8750888538794;0.45068359375;0.0002667236328125;15.1599999617247;1517;100 mA
57.8850888538542;0.45074462890625;0.0002716064453125;15.1699999616994;1518;100 mA
57.895088853829;0.45062255859375;0.0002789306640625;15.1799999616742;1519;100 mA
57.9050888538037;0.45062255859375;0.00027313232421875;15.1899999616489;1520;100 mA
57.9150888537785;0.450653076171875;0.0002734375;15.1999999616237;1521;100 mA
57.9250888537532;0.450653076171875;0.000263366699218751;15.2099999615984;1522;100 mA
57.935088853728;0.450592041015625;0.000272521972656251;15.2199999615732;1523;100 mA
57.9450888537027;0.45062255859375;0.0002789306640625;15.2299999615479;1524;100 mA
57.9550888536775;0.45062255859375;0.000267944335937501;15.2399999615227;1525;100 mA
57.9650888536522;0.450653076171875;0.00027191162109375;15.2499999614975;1526;100 mA
57.975088853627;0.45062255859375;0.0002734375;15.2599999614722;1527;100 mA
57.9850888536017;0.450653076171875;0.00026702880859375;15.269999961447;1528;100 mA
57.9950888535765;0.450653076171875;0.00027313232421875;15.2799999614217;1529;100 mA
58.0050888535512;0.450653076171875;0.0002655029296875;15.2899999613965;1530;100 mA
58.015088853526;0.45062255859375;0.00027313232421875;15.2999999613712;1531;100 mA
58.0250888535007;0.450592041015625;0.000266418457031251;15.309999961346;1532;100 mA
58.0350888534755;0.45062255859375;0.00027008056640625;15.3199999613207;1533;100 mA
58.0450888534502;0.45074462890625;0.000275268554687499;15.3299999612955;1534;100 mA
58.055088853425;0.450653076171875;0.0002716064453125;15.3399999612702;1535;100 mA
58.0650888533997;0.450714111328125;0.000269165039062499;15.349999961245;1536;100 mA
58.0750888533745;0.45062255859375;0.000262451171875;15.3599999612197;1537;100 mA
58.0850888533492;0.450714111328125;0.00026123046875;15.3699999611945;1538;100 mA
58.095088853324;0.450592041015625;0.0002685546875;15.3799999611692;1539;100 mA
58.1050888532988;0.450714111328125;0.000263061523437499;15.389999961144;1540;100 mA
58.1150888532735;0.45068359375;0.0002703857421875;15.3999999611187;1541;100 mA
58.1250888532483;0.4505615234375;0.000263061523437499;15.4099999610935;1542;100 mA
58.135088853223;0.450592041015625;0.0002703857421875;15.4199999610682;1543;100 mA
58.1450888531978;0.45062255859375;0.0002703857421875;15.429999961043;1544;100 mA
58.1550888531725;0.45068359375;0.000261535644531249;15.4399999610177;1545;100 mA
58.1650888531473;0.450653076171875;0.000263671875;15.4499999609925;1546;100 mA
58.175088853122;0.450653076171875;0.000263671875;15.4599999609673;1547;100 mA
58.1850888530968;0.45062255859375;0.000263061523437499;15.469999960942;1548;100 mA
58.1950888530715;0.450592041015625;0.00026824951171875;15.4799999609168;1549;100 mA
58.2050888530463;0.450714111328125;0.000266113281249999;15.4899999608915;1550;100 mA
58.215088853021;0.450592041015625;0.0002777099609375;15.4999999608663;1551;100 mA
58.2250888529958;0.45074462890625;0.000258483886718749;15.509999960841;1552;100 mA
58.2350888529705;0.45062255859375;0.000261840820312501;15.5199999608158;1553;100 mA
58.2450888529453;0.450592041015625;0.000266113281249999;15.5299999607905;1554;100 mA
58.25508885292;0.4505615234375;0.00026702880859375;15.5399999607653;1555;100 mA
58.2650888528948;0.450592041015625;0.000264892578125001;15.54999996074;1556;100 mA
58.2750888528695;0.45074462890625;0.000261535644531249;15.5599999607148;1557;100 mA
58.2850888528443;0.45062255859375;0.000267639160156249;15.5699999606895;1558;100 mA
58.295088852819;0.45062255859375;0.000275573730468751;15.5799999606643;1559;100 mA
58.3050888527938;0.450592041015625;0.000264892578125001;15.589999960639;1560;100 mA
58.3150888527686;0.45062255859375;0.00026824951171875;15.5999999606138;1561;100 mA
58.3250888527433;0.450653076171875;0.00025146484375;15.6099999605885;1562;100 mA
58.3350888527181;0.450653076171875;0.000266113281249999;15.6199999605633;1563;100 mA
58.3450888526928;0.450653076171875;0.00026885986328125;15.629999960538;1564;100 mA
58.3550888526676;0.4505615234375;0.00025604248046875;15.6399999605128;1565;100 mA
58.3650888526423;0.45062255859375;0.00026885986328125;15.6499999604875;1566;100 mA
58.3750888526171;0.4505615234375;0.0002667236328125;15.6599999604623;1567;100 mA
58.3850888525918;0.450775146484375;0.000260009765624999;15.6699999604371;1568;100 mA
58.3950888525666;0.450592041015625;0.00026580810546875;15.6799999604118;1569;100 mA
58.4050888525413;0.450592041015625;0.000257263183593751;15.6899999603866;1570;100 mA
58.4150888525161;0.450531005859375;0.000274658203125;15.6999999603613;1571;100 mA
58.4250888524908;0.45062255859375;0.000263366699218751;15.7099999603361;1572;100 mA
58.4350888524656;0.45062255859375;0.000267944335937501;15.7199999603108;1573;100 mA
58.4450888524403;0.450653076171875;0.00026824951171875;15.7299999602856;1574;100 mA
58.4550888524151;0.450653076171875;0.00026580810546875;15.7399999602603;1575;100 mA
58.4650888523898;0.45062255859375;0.0002655029296875;15.7499999602351;1576;100 mA
58.4750888523646;0.45068359375;0.00025970458984375;15.7599999602098;1577;100 mA
58.4850888523393;0.450653076171875;0.000255432128906249;15.7699999601846;1578;100 mA
58.4950888523141;0.45062255859375;0.00026702880859375;15.7799999601593;1579;100 mA
58.5050888522888;0.450714111328125;0.00026519775390625;15.7899999601341;1580;100 mA
58.5150888522636;0.45062255859375;0.00026580810546875;15.7999999601088;1581;100 mA
58.5250888522384;0.45068359375;0.000257263183593751;15.8099999600836;1582;100 mA
58.5350888522131;0.450592041015625;0.00027191162109375;15.8199999600583;1583;100 mA
58.5450888521879;0.450653076171875;0.0002716064453125;15.8299999600331;1584;100 mA
58.5550888521626;0.450775146484375;0.00025634765625;15.8399999600078;1585;100 mA
58.5650888521374;0.450653076171875;0.00026092529296875;15.8499999599826;1586;100 mA
58.5750888521121;0.45062255859375;0.000260009765624999;15.8599999599573;1587;100 mA
58.5850888520869;0.450592041015625;0.000266113281249999;15.8699999599321;1588;100 mA
58.5950888520616;0.45062255859375;0.000267639160156249;15.8799999599069;1589;100 mA
58.6050888520364;0.45074462890625;0.000261840820312501;15.8899999598816;1590;100 mA
58.6150888520111;0.450592041015625;0.0002777099609375;15.8999999598564;1591;100 mA
58.6250888519859;0.450775146484375;0.000255126953125;15.9099999598311;1592;100 mA
58.6350888519606;0.450531005859375;0.000263671875;15.9199999598059;1593;100 mA
58.6450888519354;0.450653076171875;0.00026092529296875;15.9299999597806;1594;100 mA
58.6550888519101;0.450592041015625;0.000258483886718749;15.9399999597554;1595;100 mA
58.6650888518849;0.450653076171875;0.0002703857421875;15.9499999597301;1596;100 mA
58.6750888518596;0.45068359375;0.000257263183593751;15.9599999597049;1597;100 mA
58.6850888518344;0.45062255859375;0.0002667236328125;15.9699999596796;1598;100 mA
58.6950888518091;0.450592041015625;0.00026885986328125;15.9799999596544;1599;100 mA
58.7050888517839;0.4505615234375;0.0002606201171875;15.9899999596291;1600;100 mA
58.7150888517587;0.45074462890625;0.00026519775390625;15.9999999596039;1601;100 mA
58.7250888517334;0.450653076171875;0.0002484130859375;16.0099999595786;1602;100 mA
58.7350888517082;0.450653076171875;0.000266113281249999;16.0199999595534;1603;100 mA
58.7450888516829;0.450531005859375;0.000272216796874999;16.0299999595281;1604;100 mA
58.7550888516577;0.450653076171875;0.00025604248046875;16.0399999595029;1605;100 mA
58.7650888516324;0.450714111328125;0.0002655029296875;16.0499999594776;1606;100 mA
58.7750888516072;0.450592041015625;0.00026702880859375;16.0599999594524;1607;100 mA
58.7850888515819;0.45068359375;0.000264587402343749;16.0699999594272;1608;100 mA
58.7950888515567;0.450592041015625;0.000264587402343749;16.0799999594019;1609;100 mA
58.8050888515314;0.450653076171875;0.00025634765625;16.0899999593767;1610;100 mA
58.8150888515062;0.450592041015625;0.000263061523437499;16.0999999593514;1611;100 mA
58.8250888514809;0.450653076171875;0.000258789062500001;16.1099999593262;1612;100 mA
58.8350888514557;0.450714111328125;0.0002667236328125;16.1199999593009;1613;100 mA
58.8450888514304;0.4505615234375;0.00026885986328125;16.1299999592757;1614;100 mA
58.8550888514052;0.450592041015625;0.00027008056640625;16.1399999592504;1615;100 mA
58.8650888513799;0.4505615234375;0.00026702880859375;16.1499999592252;1616;100 mA
58.8750888513547;0.450653076171875;0.000256958007812499;16.1599999591999;1617;100 mA
58.8850888513294;0.450714111328125;0.00025482177734375;16.1699999591747;1618;100 mA
58.8950888513042;0.450653076171875;0.00026275634765625;16.1799999591494;1619;100 mA
58.9050888512789;0.45068359375;0.000264892578125001;16.1899999591242;1620;100 mA
58.9150888512537;0.450592041015625;0.000269470214843751;16.1999999590989;1621;100 mA
58.9250888512285;0.450653076171875;0.000260314941406251;16.2099999590737;1622;100 mA
58.9350888512032;0.450531005859375;0.000274047851562501;16.2199999590484;1623;100 mA
58.945088851178;0.450714111328125;0.00026519775390625;16.2299999590232;1624;100 mA
58.9550888511527;0.45068359375;0.000261535644531249;16.2399999589979;1625;100 mA
58.9650888511275;0.450592041015625;0.0002606201171875;16.2499999589727;1626;100 mA
58.9750888511022;0.450592041015625;0.0002581787109375;16.2599999589474;1627;100 mA
58.985088851077;0.450592041015625;0.00026580810546875;16.2699999589222;1628;100 mA
58.9950888510517;0.450653076171875;0.0002642822265625;16.279999958897;1629;100 mA
59.0050888510265;0.45062255859375;0.00026214599609375;16.2899999588717;1630;100 mA
59.0150888510012;0.45062255859375;0.00027740478515625;16.2999999588465;1631;100 mA
59.025088850976;0.45062255859375;0.00025970458984375;16.3099999588212;1632;100 mA
59.0350888509507;0.450653076171875;0.00026702880859375;16.319999958796;1633;100 mA
59.0450888509255;0.450714111328125;0.00025909423828125;16.3299999587707;1634;100 mA
59.0550888509002;0.45068359375;0.000257263183593751;16.3399999587455;1635;100 mA
59.065088850875;0.45068359375;0.000270690917968749;16.3499999587202;1636;100 mA
59.0750888508497;0.450592041015625;0.000261840820312501;16.359999958695;1637;100 mA
59.0850888508245;0.45062255859375;0.00026519775390625;16.3699999586697;1638;100 mA
59.0950888507992;0.450592041015625;0.00027435302734375;16.3799999586445;1639;100 mA
59.105088850774;0.45068359375;0.00026397705078125;16.3899999586192;1640;100 mA
59.1150888507487;0.45074462890625;0.000262451171875;16.399999958594;1641;100 mA
59.1250888507235;0.45062255859375;0.00024871826171875;16.4099999585687;1642;100 mA
59.1350888506983;0.4505615234375;0.0002642822265625;16.4199999585435;1643;100 mA
59.145088850673;0.450469970703125;0.00027191162109375;16.4299999585182;1644;100 mA
59.1550888506478;0.450653076171875;0.00026214599609375;16.439999958493;1645;100 mA
59.1650888506225;0.450714111328125;0.000266418457031251;16.4499999584677;1646;100 mA
59.1750888505973;0.450653076171875;0.000272216796874999;16.4599999584425;1647;100 mA
59.185088850572;0.45068359375;0.00026702880859375;16.4699999584172;1648;100 mA
59.1950888505468;0.4505615234375;0.000269775390625;16.479999958392;1649;100 mA
59.2050888505215;0.450653076171875;0.0002581787109375;16.4899999583668;1650;100 mA
59.2150888504963;0.450653076171875;0.000270996093750001;16.4999999583415;1651;100 mA
59.225088850471;0.45062255859375;0.00026275634765625;16.5099999583163;1652;100 mA
59.2350888504458;0.45062255859375;0.000267333984375;16.519999958291;1653;100 mA
59.2450888504205;0.450531005859375;0.00027618408203125;16.5299999582658;1654;100 mA
59.2550888503953;0.450592041015625;0.000270690917968749;16.5399999582405;1655;100 mA
59.26508885037;0.45074462890625;0.000263671875;16.5499999582153;1656;100 mA
59.2750888503448;0.450653076171875;0.00026275634765625;16.55999995819;1657;100 mA
59.2850888503195;0.45068359375;0.0002581787109375;16.5699999581648;1658;100 mA
59.2950888502943;0.45074462890625;0.000261535644531249;16.5799999581395;1659;100 mA
59.305088850269;0.45062255859375;0.000262451171875;16.5899999581143;1660;100 mA
59.3150888502438;0.450592041015625;0.00026702880859375;16.599999958089;1661;100 mA
59.3250888502185;0.45068359375;0.000261535644531249;16.6099999580638;1662;100 mA
59.3350888501933;0.45062255859375;0.000278320312499999;16.6199999580385;1663;100 mA
59.3450888501681;0.45068359375;0.000270996093750001;16.6299999580133;1664;100 mA
59.3550888501428;0.450592041015625;0.000262451171875;16.639999957988;1665;100 mA
59.3650888501176;0.4505615234375;0.0002606201171875;16.6499999579628;1666;100 mA
59.3750888500923;0.450592041015625;0.000252380371093749;16.6599999579375;1667;100 mA
59.3850888500671;0.4505615234375;0.000272521972656251;16.6699999579123;1668;100 mA
59.3950888500418;0.45074462890625;0.000264892578125001;16.679999957887;1669;100 mA
59.4050888500166;0.45062255859375;0.00026123046875;16.6899999578618;1670;100 mA
59.4150888499913;0.450653076171875;0.0002734375;16.6999999578366;1671;100 mA
59.4250888499661;0.450592041015625;0.0002606201171875;16.7099999578113;1672;100 mA
59.4350888499408;0.45062255859375;0.000264587402343749;16.7199999577861;1673;100 mA
59.4450888499156;0.450653076171875;0.00026214599609375;16.7299999577608;1674;100 mA
59.4550888498903;0.450714111328125;0.0002484130859375;16.7399999577356;1675;100 mA
59.4650888498651;0.450592041015625;0.00026702880859375;16.7499999577103;1676;100 mA
59.4750888498398;0.4505615234375;0.00026123046875;16.7599999576851;1677;100 mA
59.4850888498146;0.45062255859375;0.000266113281249999;16.7699999576598;1678;100 mA
59.4950888497893;0.450592041015625;0.000270996093750001;16.7799999576346;1679;100 mA
59.5050888497641;0.45074462890625;0.0002606201171875;16.7899999576093;1680;100 mA
59.5150888497388;0.45062255859375;0.000261535644531249;16.7999999575841;1681;100 mA
59.5250888497136;0.45062255859375;0.00025054931640625;16.8099999575588;1682;100 mA
59.5350888496883;0.4505615234375;0.0002581787109375;16.8199999575336;1683;100 mA
59.5450888496631;0.4505615234375;0.000270690917968749;16.8299999575083;1684;100 mA
59.5550888496379;0.450775146484375;0.00025634765625;16.8399999574831;1685;100 mA
59.5650888496126;0.450592041015625;0.000258789062500001;16.8499999574578;1686;100 mA
59.5750888495874;0.450592041015625;0.000269775390625;16.8599999574326;1687;100 mA
59.5850888495621;0.45074462890625;0.00026092529296875;16.8699999574073;1688;100 mA
59.5950888495369;0.45068359375;0.0002655029296875;16.8799999573821;1689;100 mA
59.6050888495116;0.450653076171875;0.000251159667968751;16.8899999573568;1690;100 mA
59.6150888494864;0.45062255859375;0.00025787353515625;16.8999999573316;1691;100 mA
59.6250888494611;0.45068359375;0.000256958007812499;16.9099999573064;1692;100 mA
59.6350888494359;0.4505615234375;0.000267333984375;16.9199999572811;1693;100 mA
59.6450888494106;0.450653076171875;0.0002642822265625;16.9299999572559;1694;100 mA
59.6550888493854;0.45062255859375;0.000267944335937501;16.9399999572306;1695;100 mA
59.6650888493601;0.450714111328125;0.000267333984375;16.9499999572054;1696;100 mA
59.6750888493349;0.450714111328125;0.00025665283203125;16.9599999571801;1697;100 mA
59.6850888493096;0.45062255859375;0.000255126953125;16.9699999571549;1698;100 mA
59.6950888492844;0.45068359375;0.00025146484375;16.9799999571296;1699;100 mA
59.7050888492591;0.45050048828125;0.000263061523437499;16.9899999571044;1700;100 mA
59.7150888492339;0.45068359375;0.000260314941406251;16.9999999570791;1701;100 mA
59.7250888492086;0.450714111328125;0.000255126953125;17.0099999570539;1702;100 mA
59.7350888491834;0.45062255859375;0.00027496337890625;17.0199999570286;1703;100 mA
59.7450888491582;0.450653076171875;0.0002655029296875;17.0299999570034;1704;100 mA
59.7550888491329;0.45062255859375;0.0002593994140625;17.0399999569781;1705;100 mA
59.7650888491077;0.45068359375;0.000255737304687501;17.0499999569529;1706;100 mA
59.7750888490824;0.45062255859375;0.000246582031250001;17.0599999569276;1707;100 mA
59.7850888490572;0.450653076171875;0.0002655029296875;17.0699999569024;1708;100 mA
59.7950888490319;0.450653076171875;0.000257568359375;17.0799999568771;1709;100 mA
59.8050888490067;0.450592041015625;0.000255737304687501;17.0899999568519;1710;100 mA
59.8150888489814;0.450592041015625;0.00027618408203125;17.0999999568267;1711;100 mA
59.8250888489562;0.45068359375;0.0002581787109375;17.1099999568014;1712;100 mA
59.8350888489309;0.45062255859375;0.000269470214843751;17.1199999567762;1713;100 mA
59.8450888489057;0.45062255859375;0.000260314941406251;17.1299999567509;1714;100 mA
59.8550888488804;0.45074462890625;0.000247802734374999;17.1399999567257;1715;100 mA
59.8650888488552;0.4505615234375;0.000266113281249999;17.1499999567004;1716;100 mA
59.8750888488299;0.450714111328125;0.000253906249999999;17.1599999566752;1717;100 mA
59.8850888488047;0.450653076171875;0.000264587402343749;17.1699999566499;1718;100 mA
59.8950888487794;0.45062255859375;0.00027191162109375;17.1799999566247;1719;100 mA
59.9050888487542;0.450714111328125;0.000256958007812499;17.1899999565994;1720;100 mA
59.9150888487289;0.450592041015625;0.00026702880859375;17.1999999565742;1721;100 mA
59.9250888487037;0.450714111328125;0.00025054931640625;17.2099999565489;1722;100 mA
59.9350888486784;0.450653076171875;0.00026123046875;17.2199999565237;1723;100 mA
59.9450888486532;0.4505615234375;0.000272216796874999;17.2299999564984;1724;100 mA
59.955088848628;0.45068359375;0.0002581787109375;17.2399999564732;1725;100 mA
59.9650888486027;0.450592041015625;0.0002655029296875;17.2499999564479;1726;100 mA
59.9750888485775;0.45062255859375;0.00026824951171875;17.2599999564227;1727;100 mA
59.9850888485522;0.45068359375;0.00026397705078125;17.2699999563974;1728;100 mA
59.995088848527;0.450714111328125;0.000263671875;17.2799999563722;1729;100 mA
60.0050888485017;0.45062255859375;0.000257568359375;17.2899999563469;1730;100 mA
60.0150888484765;0.45068359375;0.00025787353515625;17.2999999563217;1731;100 mA
60.0250888484512;0.4505615234375;0.000258483886718749;17.3099999562965;1732;100 mA
60.035088848426;0.450592041015625;0.000270996093750001;17.3199999562712;1733;100 mA
60.0450888484007;0.45068359375;0.000269470214843751;17.329999956246;1734;100 mA
60.0550888483755;0.450653076171875;0.00027496337890625;17.3399999562207;1735;100 mA
60.0650888483502;0.450653076171875;0.00027008056640625;17.3499999561955;1736;100 mA
60.075088848325;0.450653076171875;0.00026214599609375;17.3599999561702;1737;100 mA
60.0850888482997;0.45062255859375;0.000266113281249999;17.369999956145;1738;100 mA
60.0950888482745;0.450653076171875;0.00026092529296875;17.3799999561197;1739;100 mA
60.1050888482492;0.450653076171875;0.000269775390625;17.3899999560945;1740;100 mA
60.115088848224;0.45074462890625;0.000266113281249999;17.3999999560692;1741;100 mA
60.1250888481987;0.4505615234375;0.00026519775390625;17.409999956044;1742;100 mA
60.1350888481735;0.450592041015625;0.00028045654296875;17.4199999560187;1743;100 mA
60.1450888481482;0.450592041015625;0.000272521972656251;17.4299999559935;1744;100 mA
60.155088848123;0.450714111328125;0.00026580810546875;17.4399999559682;1745;100 mA
60.1650888480978;0.450653076171875;0.00026885986328125;17.449999955943;1746;100 mA
60.1750888480725;0.45068359375;0.0002545166015625;17.4599999559177;1747;100 mA
60.1850888480473;0.45068359375;0.00027496337890625;17.4699999558925;1748;100 mA
60.195088848022;0.450531005859375;0.00027191162109375;17.4799999558672;1749;100 mA
60.2050888479968;0.45068359375;0.000266418457031251;17.489999955842;1750;100 mA
60.2150888479715;0.450653076171875;0.00027801513671875;17.4999999558167;1751;100 mA
60.2250888479463;0.45068359375;0.000266418457031251;17.5099999557915;1752;100 mA
60.235088847921;0.45062255859375;0.0002764892578125;17.5199999557663;1753;100 mA
60.2450888478958;0.4505615234375;0.00026824951171875;17.529999955741;1754;100 mA
60.2550888478705;0.45062255859375;0.000255737304687501;17.5399999557158;1755;100 mA
60.2650888478453;0.450592041015625;0.0002777099609375;17.5499999556905;1756;100 mA
60.27508884782;0.45068359375;0.00026519775390625;17.5599999556653;1757;100 mA
60.2850888477948;0.4505615234375;0.000269470214843751;17.56999995564;1758;100 mA
60.2950888477695;0.450592041015625;0.00028045654296875;17.5799999556148;1759;100 mA
60.3050888477443;0.450653076171875;0.00026824951171875;17.5899999555895;1760;100 mA
60.315088847719;0.450592041015625;0.0002716064453125;17.5999999555643;1761;100 mA
60.3250888476938;0.450653076171875;0.00025634765625;17.609999955539;1762;100 mA
60.3350888476685;0.45062255859375;0.0002667236328125;17.6199999555138;1763;100 mA
60.3450888476433;0.45068359375;0.00027435302734375;17.6299999554885;1764;100 mA
60.355088847618;0.45062255859375;0.000263366699218751;17.6399999554633;1765;100 mA
60.3650888475928;0.45062255859375;0.000264892578125001;17.649999955438;1766;100 mA
60.3750888475676;0.450592041015625;0.000270690917968749;17.6599999554128;1767;100 mA
60.3850888475423;0.45068359375;0.000274658203125;17.6699999553875;1768;100 mA
60.3950888475171;0.45068359375;0.000270690917968749;17.6799999553623;1769;100 mA
60.4050888474918;0.450592041015625;0.00025909423828125;17.689999955337;1770;100 mA
60.4150888474666;0.45062255859375;0.00025970458984375;17.6999999553118;1771;100 mA
60.4250888474413;0.4505615234375;0.00026123046875;17.7099999552865;1772;100 mA
60.4350888474161;0.45068359375;0.000274047851562501;17.7199999552613;1773;100 mA
60.4450888473908;0.45068359375;0.000267333984375;17.7299999552361;1774;100 mA
60.4550888473656;0.45068359375;0.000269470214843751;17.7399999552108;1775;100 mA
60.4650888473403;0.450714111328125;0.00027008056640625;17.7499999551856;1776;100 mA
60.4750888473151;0.45062255859375;0.000258483886718749;17.7599999551603;1777;100 mA
60.4850888472898;0.45068359375;0.000264587402343749;17.7699999551351;1778;100 mA
60.4950888472646;0.45068359375;0.000252685546875001;17.7799999551098;1779;100 mA
60.5050888472393;0.450653076171875;0.000262451171875;17.7899999550846;1780;100 mA
60.5150888472141;0.450653076171875;0.0002685546875;17.7999999550593;1781;100 mA
60.5250888471888;0.45062255859375;0.00025634765625;17.8099999550341;1782;100 mA
60.5350888471636;0.45062255859375;0.00027923583984375;17.8199999550088;1783;100 mA
60.5450888471383;0.450653076171875;0.0002667236328125;17.8299999549836;1784;100 mA
60.5550888471131;0.450714111328125;0.000266113281249999;17.8399999549583;1785;100 mA
60.5650888470878;0.45062255859375;0.0002642822265625;17.8499999549331;1786;100 mA
60.5750888470626;0.450714111328125;0.000243530273437501;17.8599999549078;1787;100 mA
60.5850888470374;0.4505615234375;0.000269470214843751;17.8699999548826;1788;100 mA
60.5950888470121;0.450653076171875;0.000264587402343749;17.8799999548573;1789;100 mA
60.6050888469869;0.450714111328125;0.0002642822265625;17.8899999548321;1790;100 mA
60.6150888469616;0.45068359375;0.00027130126953125;17.8999999548068;1791;100 mA
60.6250888469364;0.45074462890625;0.00026092529296875;17.9099999547816;1792;100 mA
60.6350888469111;0.450592041015625;0.000267944335937501;17.9199999547563;1793;100 mA
60.6450888468859;0.45068359375;0.00025787353515625;17.9299999547311;1794;100 mA
60.6550888468606;0.450714111328125;0.000246582031250001;17.9399999547059;1795;100 mA
60.6650888468354;0.45068359375;0.000267639160156249;17.9499999546806;1796;100 mA
60.6750888468101;0.450714111328125;0.00025665283203125;17.9599999546554;1797;100 mA
60.6850888467849;0.4505615234375;0.000263366699218751;17.9699999546301;1798;100 mA
60.6950888467596;0.45062255859375;0.00027008056640625;17.9799999546049;1799;100 mA
60.7050888467344;0.45062255859375;0.000261535644531249;17.9899999545796;1800;100 mA
60.7150888467091;0.45068359375;0.0002655029296875;17.9999999545544;1801;100 mA
60.7250888466839;0.45074462890625;0.000254211425781251;18.0099999545291;1802;100 mA
60.7350888466586;0.450775146484375;0.0002520751953125;18.0199999545039;1803;100 mA
60.7450888466334;0.450592041015625;0.000263366699218751;18.0299999544786;1804;100 mA
60.7550888466081;0.45068359375;0.000256958007812499;18.0399999544534;1805;100 mA
60.7650888465829;0.450653076171875;0.00026580810546875;18.0499999544281;1806;100 mA
60.7750888465577;0.45062255859375;0.0002655029296875;18.0599999544029;1807;100 mA
60.7850888465324;0.45068359375;0.000269470214843751;18.0699999543776;1808;100 mA
60.7950888465072;0.45062255859375;0.00026092529296875;18.0799999543524;1809;100 mA
60.8050888464819;0.450653076171875;0.0002581787109375;18.0899999543271;1810;100 mA
60.8150888464567;0.45062255859375;0.00025299072265625;18.0999999543019;1811;100 mA
60.8250888464314;0.450592041015625;0.000258483886718749;18.1099999542766;1812;100 mA
60.8350888464062;0.45074462890625;0.000261535644531249;18.1199999542514;1813;100 mA
60.8450888463809;0.450653076171875;0.000255432128906249;18.1299999542262;1814;100 mA
60.8550888463557;0.450653076171875;0.00026519775390625;18.1399999542009;1815;100 mA
60.8650888463304;0.450592041015625;0.000270690917968749;18.1499999541757;1816;100 mA
60.8750888463052;0.45068359375;0.00025970458984375;18.1599999541504;1817;100 mA
60.8850888462799;0.45062255859375;0.000266113281249999;18.1699999541252;1818;100 mA
60.8950888462547;0.450714111328125;0.00025054931640625;18.1799999540999;1819;100 mA
60.9050888462294;0.45062255859375;0.0002606201171875;18.1899999540747;1820;100 mA
60.9150888462042;0.450592041015625;0.0002642822265625;18.1999999540494;1821;100 mA
60.9250888461789;0.450592041015625;0.0002593994140625;18.2099999540242;1822;100 mA
60.9350888461537;0.45062255859375;0.000272521972656251;18.2199999539989;1823;100 mA
60.9450888461284;0.45074462890625;0.000263671875;18.2299999539737;1824;100 mA
60.9550888461032;0.450653076171875;0.000260009765624999;18.2399999539484;1825;100 mA
60.9650888460779;0.450592041015625;0.00026092529296875;18.2499999539232;1826;100 mA
60.9750888460527;0.450653076171875;0.000240478515625001;18.2599999538979;1827;100 mA
60.9850888460275;0.450531005859375;0.0002606201171875;18.2699999538727;1828;100 mA
60.9950888460022;0.45068359375;0.000258483886718749;18.2799999538474;1829;100 mA
61.005088845977;0.450653076171875;0.00025604248046875;18.2899999538222;1830;100 mA
61.0150888459517;0.450653076171875;0.0002685546875;18.2999999537969;1831;100 mA
61.0250888459265;0.450653076171875;0.000261840820312501;18.3099999537717;1832;100 mA
61.0350888459012;0.450653076171875;0.00025909423828125;18.3199999537464;1833;100 mA
61.045088845876;0.450653076171875;0.000260314941406251;18.3299999537212;1834;100 mA
61.0550888458507;0.45068359375;0.0002484130859375;18.339999953696;1835;100 mA
61.0650888458255;0.45068359375;0.00026580810546875;18.3499999536707;1836;100 mA
61.0750888458002;0.45062255859375;0.000250854492187499;18.3599999536455;1837;100 mA
61.085088845775;0.4505615234375;0.000261535644531249;18.3699999536202;1838;100 mA
61.0950888457497;0.450653076171875;0.0002685546875;18.379999953595;1839;100 mA
61.1050888457245;0.450714111328125;0.000260009765624999;18.3899999535697;1840;100 mA
61.1150888456992;0.45068359375;0.000263366699218751;18.3999999535445;1841;100 mA
61.125088845674;0.450653076171875;0.00024993896484375;18.4099999535192;1842;100 mA
61.1350888456487;0.450714111328125;0.00024444580078125;18.419999953494;1843;100 mA
61.1450888456235;0.4505615234375;0.000255737304687501;18.4299999534687;1844;100 mA
61.1550888455982;0.45068359375;0.00025665283203125;18.4399999534435;1845;100 mA
61.165088845573;0.45068359375;0.000256958007812499;18.4499999534182;1846;100 mA
61.1750888455477;0.450653076171875;0.000262451171875;18.459999953393;1847;100 mA
61.1850888455225;0.45062255859375;0.000266418457031251;18.4699999533677;1848;100 mA
61.1950888454973;0.450592041015625;0.000261535644531249;18.4799999533425;1849;100 mA
61.205088845472;0.450714111328125;0.00025665283203125;18.4899999533172;1850;100 mA
61.2150888454468;0.450653076171875;0.000244140625;18.499999953292;1851;100 mA
61.2250888454215;0.450653076171875;0.000252685546875001;18.5099999532667;1852;100 mA
61.2350888453963;0.4505615234375;0.00025665283203125;18.5199999532415;1853;100 mA
61.245088845371;0.450592041015625;0.0002532958984375;18.5299999532162;1854;100 mA
61.2550888453458;0.450653076171875;0.00026397705078125;18.539999953191;1855;100 mA
61.2650888453205;0.450592041015625;0.000261535644531249;18.5499999531658;1856;100 mA
61.2750888452953;0.450714111328125;0.00025360107421875;18.5599999531405;1857;100 mA
61.28508884527;0.45062255859375;0.000257568359375;18.5699999531153;1858;100 mA
61.2950888452448;0.450775146484375;0.0002410888671875;18.57999995309;1859;100 mA
61.3050888452195;0.4505615234375;0.00025634765625;18.5899999530648;1860;100 mA
61.3150888451943;0.450653076171875;0.0002606201171875;18.5999999530395;1861;100 mA
61.325088845169;0.450714111328125;0.00024688720703125;18.6099999530143;1862;100 mA
61.3350888451438;0.45068359375;0.000263671875;18.619999952989;1863;100 mA
61.3450888451185;0.450653076171875;0.0002593994140625;18.6299999529638;1864;100 mA
61.3550888450933;0.450592041015625;0.00025604248046875;18.6399999529385;1865;100 mA
61.365088845068;0.45068359375;0.0002532958984375;18.6499999529133;1866;100 mA
61.3750888450428;0.450653076171875;0.0002349853515625;18.659999952888;1867;100 mA
61.3850888450175;0.450653076171875;0.00025604248046875;18.6699999528628;1868;100 mA
61.3950888449923;0.45068359375;0.0002545166015625;18.6799999528375;1869;100 mA
61.4050888449671;0.450592041015625;0.000249328613281249;18.6899999528123;1870;100 mA
61.4150888449418;0.4505615234375;0.0002655029296875;18.699999952787;1871;100 mA
61.4250888449166;0.45062255859375;0.000252380371093749;18.7099999527618;1872;100 mA
61.4350888448913;0.45074462890625;0.000254211425781251;18.7199999527365;1873;100 mA
61.4450888448661;0.45062255859375;0.00024993896484375;18.7299999527113;1874;100 mA
61.4550888448408;0.450714111328125;0.000238037109375;18.739999952686;1875;100 mA
61.4650888448156;0.4505615234375;0.000249633789062501;18.7499999526608;1876;100 mA
61.4750888447903;0.4505615234375;0.0002423095703125;18.7599999526356;1877;100 mA
61.4850888447651;0.45062255859375;0.0002545166015625;18.7699999526103;1878;100 mA
61.4950888447398;0.450653076171875;0.000257568359375;18.7799999525851;1879;100 mA
61.5050888447146;0.45068359375;0.000255126953125;18.7899999525598;1880;100 mA
61.5150888446893;0.4505615234375;0.00026214599609375;18.7999999525346;1881;100 mA
61.5250888446641;0.450714111328125;0.00024688720703125;18.8099999525093;1882;100 mA
61.5350888446388;0.450714111328125;0.000237426757812501;18.8199999524841;1883;100 mA
61.5450888446136;0.450653076171875;0.00024871826171875;18.8299999524588;1884;100 mA
61.5550888445883;0.45074462890625;0.00024871826171875;18.8399999524336;1885;100 mA
61.5650888445631;0.45062255859375;0.0002520751953125;18.8499999524083;1886;100 mA
61.5750888445378;0.45068359375;0.0002520751953125;18.8599999523831;1887;100 mA
61.5850888445126;0.450592041015625;0.00025634765625;18.8699999523578;1888;100 mA
61.5950888444873;0.45068359375;0.0002545166015625;18.8799999523326;1889;100 mA
61.6050888444621;0.450653076171875;0.000252685546875001;18.8899999523073;1890;100 mA
61.6150888444369;0.45074462890625;0.000240173339843749;18.8999999522821;1891;100 mA
61.6250888444116;0.450714111328125;0.00024078369140625;18.9099999522568;1892;100 mA
61.6350888443864;0.450592041015625;0.0002471923828125;18.9199999522316;1893;100 mA
61.6450888443611;0.450592041015625;0.00025177001953125;18.9299999522063;1894;100 mA
61.6550888443359;0.4505615234375;0.000257568359375;18.9399999521811;1895;100 mA
61.6650888443106;0.450653076171875;0.00025970458984375;18.9499999521558;1896;100 mA
61.6750888442854;0.450653076171875;0.0002520751953125;18.9599999521306;1897;100 mA
61.6850888442601;0.450653076171875;0.00025360107421875;18.9699999521054;1898;100 mA
61.6950888442349;0.450653076171875;0.0002349853515625;18.9799999520801;1899;100 mA
61.7050888442096;0.4505615234375;0.000254211425781251;18.9899999520549;1900;100 mA
61.7150888441844;0.45068359375;0.000250244140625;18.9999999520296;1901;100 mA
61.7250888441591;0.450714111328125;0.000245056152343751;19.0099999520044;1902;100 mA
61.7350888441339;0.450714111328125;0.00025360107421875;19.0199999519791;1903;100 mA
61.7450888441086;0.450653076171875;0.000252685546875001;19.0299999519539;1904;100 mA
61.7550888440834;0.450653076171875;0.00024749755859375;19.0399999519286;1905;100 mA
61.7650888440581;0.450714111328125;0.0002520751953125;19.0499999519034;1906;100 mA
61.7750888440329;0.450714111328125;0.000230712890625;19.0599999518781;1907;100 mA
61.7850888440076;0.45068359375;0.0002545166015625;19.0699999518529;1908;100 mA
61.7950888439824;0.45062255859375;0.000245056152343751;19.0799999518276;1909;100 mA
61.8050888439572;0.450592041015625;0.00025482177734375;19.0899999518024;1910;100 mA
61.8150888439319;0.450653076171875;0.000255737304687501;19.0999999517771;1911;100 mA
61.8250888439067;0.450714111328125;0.0002520751953125;19.1099999517519;1912;100 mA
61.8350888438814;0.45074462890625;0.0002484130859375;19.1199999517266;1913;100 mA
61.8450888438562;0.450714111328125;0.000243225097656249;19.1299999517014;1914;100 mA
61.8550888438309;0.450714111328125;0.00023651123046875;19.1399999516761;1915;100 mA
61.8650888438057;0.450592041015625;0.00024749755859375;19.1499999516509;1916;100 mA
61.8750888437804;0.45068359375;0.00024261474609375;19.1599999516257;1917;100 mA
61.8850888437552;0.45068359375;0.000250854492187499;19.1699999516004;1918;100 mA
61.8950888437299;0.45062255859375;0.000252380371093749;19.1799999515752;1919;100 mA
61.9050888437047;0.450653076171875;0.000255737304687501;19.1899999515499;1920;100 mA
61.9150888436794;0.450592041015625;0.000253906249999999;19.1999999515247;1921;100 mA
61.9250888436542;0.450592041015625;0.00024688720703125;19.2099999514994;1922;100 mA
61.9350888436289;0.450653076171875;0.0002337646484375;19.2199999514742;1923;100 mA
61.9450888436037;0.45068359375;0.000244140625;19.2299999514489;1924;100 mA
61.9550888435784;0.450592041015625;0.00025054931640625;19.2399999514237;1925;100 mA
61.9650888435532;0.450592041015625;0.00024993896484375;19.2499999513984;1926;100 mA
61.9750888435279;0.450714111328125;0.000246582031250001;19.2599999513732;1927;100 mA
61.9850888435027;0.450592041015625;0.00026092529296875;19.2699999513479;1928;100 mA
61.9950888434774;0.45068359375;0.0002471923828125;19.2799999513227;1929;100 mA
62.0050888434522;0.450592041015625;0.000252685546875001;19.2899999512974;1930;100 mA
62.015088843427;0.45074462890625;0.00023956298828125;19.2999999512722;1931;100 mA
62.0250888434017;0.450531005859375;0.000235595703124999;19.3099999512469;1932;100 mA
62.0350888433765;0.450653076171875;0.00024688720703125;19.3199999512217;1933;100 mA
62.0450888433512;0.45074462890625;0.000243530273437501;19.3299999511964;1934;100 mA
62.055088843326;0.45068359375;0.000249328613281249;19.3399999511712;1935;100 mA
62.0650888433007;0.45062255859375;0.0002545166015625;19.3499999511459;1936;100 mA
62.0750888432755;0.450653076171875;0.000242004394531251;19.3599999511207;1937;100 mA
62.0850888432502;0.450653076171875;0.00025299072265625;19.3699999510955;1938;100 mA
62.095088843225;0.450653076171875;0.00023040771484375;19.3799999510702;1939;100 mA
62.1050888431997;0.45068359375;0.000237426757812501;19.389999951045;1940;100 mA
62.1150888431745;0.45074462890625;0.00024444580078125;19.3999999510197;1941;100 mA
62.1250888431492;0.450592041015625;0.00023834228515625;19.4099999509945;1942;100 mA
62.135088843124;0.45074462890625;0.000246276855468749;19.4199999509692;1943;100 mA
62.1450888430987;0.45068359375;0.000247802734374999;19.429999950944;1944;100 mA
62.1550888430735;0.45068359375;0.000245056152343751;19.4399999509187;1945;100 mA
62.1650888430482;0.450653076171875;0.0002520751953125;19.4499999508935;1946;100 mA
62.175088843023;0.45074462890625;0.00022613525390625;19.4599999508682;1947;100 mA
62.1850888429977;0.450592041015625;0.000246582031250001;19.469999950843;1948;100 mA
62.1950888429725;0.45062255859375;0.00023773193359375;19.4799999508177;1949;100 mA
62.2050888429472;0.45068359375;0.00024444580078125;19.4899999507925;1950;100 mA
62.215088842922;0.450653076171875;0.000250244140625;19.4999999507672;1951;100 mA
62.2250888428968;0.450714111328125;0.0002459716796875;19.509999950742;1952;100 mA
62.2350888428715;0.450653076171875;0.000245361328125;19.5199999507167;1953;100 mA
62.2450888428463;0.45068359375;0.00024139404296875;19.5299999506915;1954;100 mA
62.255088842821;0.45068359375;0.0002337646484375;19.5399999506662;1955;100 mA
62.2650888427958;0.450653076171875;0.000245361328125;19.549999950641;1956;100 mA
62.2750888427705;0.450775146484375;0.000238037109375;19.5599999506157;1957;100 mA
62.2850888427453;0.4505615234375;0.00025146484375;19.5699999505905;1958;100 mA
62.29508884272;0.450714111328125;0.0002459716796875;19.5799999505653;1959;100 mA
62.3050888426948;0.450592041015625;0.0002484130859375;19.58999995054;1960;100 mA
62.3150888426695;0.450653076171875;0.0002490234375;19.5999999505148;1961;100 mA
62.3250888426443;0.45062255859375;0.000243530273437501;19.6099999504895;1962;100 mA
62.335088842619;0.45074462890625;0.0002301025390625;19.6199999504643;1963;100 mA
62.3450888425938;0.45068359375;0.000237426757812501;19.629999950439;1964;100 mA
62.3550888425685;0.45062255859375;0.000240173339843749;19.6399999504138;1965;100 mA
62.3650888425433;0.45068359375;0.0002490234375;19.6499999503885;1966;100 mA
62.375088842518;0.450592041015625;0.000246276855468749;19.6599999503633;1967;100 mA
62.3850888424928;0.450714111328125;0.000252685546875001;19.669999950338;1968;100 mA
62.3950888424675;0.450714111328125;0.000246276855468749;19.6799999503128;1969;100 mA
62.4050888424423;0.45062255859375;0.000250854492187499;19.6899999502875;1970;100 mA
62.415088842417;0.450653076171875;0.000238037109375;19.6999999502623;1971;100 mA
62.4250888423918;0.45062255859375;0.000234069824218749;19.709999950237;1972;100 mA
62.4350888423666;0.45074462890625;0.000240478515625001;19.7199999502118;1973;100 mA
62.4450888423413;0.45062255859375;0.000238952636718751;19.7299999501865;1974;100 mA
62.4550888423161;0.450653076171875;0.000245361328125;19.7399999501613;1975;100 mA
62.4650888422908;0.4505615234375;0.000254211425781251;19.749999950136;1976;100 mA
62.4750888422656;0.4505615234375;0.00024383544921875;19.7599999501108;1977;100 mA
62.4850888422403;0.45062255859375;0.000257568359375;19.7699999500855;1978;100 mA
62.4950888422151;0.45068359375;0.0002337646484375;19.7799999500603;1979;100 mA
62.5050888421898;0.45074462890625;0.000234375000000001;19.7899999500351;1980;100 mA
62.5150888421646;0.450592041015625;0.00024383544921875;19.7999999500098;1981;100 mA
62.5250888421393;0.4505615234375;0.000243530273437501;19.8099999499846;1982;100 mA
62.5350888421141;0.450714111328125;0.00024261474609375;19.8199999499593;1983;100 mA
62.5450888420888;0.450714111328125;0.000250854492187499;19.8299999499341;1984;100 mA
62.5550888420636;0.450653076171875;0.000248107910156251;19.8399999499088;1985;100 mA
62.5650888420383;0.45062255859375;0.00025360107421875;19.8499999498836;1986;100 mA
62.5750888420131;0.450653076171875;0.00023468017578125;19.8599999498583;1987;100 mA
62.5850888419878;0.450592041015625;0.000240173339843749;19.8699999498331;1988;100 mA
62.5950888419626;0.450653076171875;0.00024688720703125;19.8799999498078;1989;100 mA
62.6050888419373;0.45068359375;0.000247802734374999;19.8899999497826;1990;100 mA
62.6150888419121;0.45068359375;0.00024871826171875;19.8999999497573;1991;100 mA
62.6250888418868;0.45062255859375;0.000251159667968751;19.9099999497321;1992;100 mA
62.6350888418616;0.45062255859375;0.0002471923828125;19.9199999497068;1993;100 mA
62.6450888418364;0.450775146484375;0.0002410888671875;19.9299999496816;1994;100 mA
62.6550888418111;0.450653076171875;0.0002410888671875;19.9399999496563;1995;100 mA
62.6650888417859;0.450775146484375;0.000237121582031249;19.9499999496311;1996;100 mA
62.6750888417606;0.4505615234375;0.000241699218749999;19.9599999496058;1997;100 mA
62.6850888417354;0.4505615234375;0.000252685546875001;19.9699999495806;1998;100 mA
62.6950888417101;0.45068359375;0.00024749755859375;19.9799999495553;1999;100 mA
62.7050888416849;0.4505615234375;0.000253906249999999;19.9899999495301;2000;100 mA
62.7150888416596;0.45068359375;0.00025146484375;19.9999999495049;2001;100 mA
62.7250888416344;0.450592041015625;0.000245056152343751;20.0099999494796;2002;100 mA
62.7350888416091;0.45074462890625;0.000230712890625;20.0199999494544;2003;100 mA
62.7450888415839;0.450531005859375;0.000242004394531251;20.0299999494291;2004;100 mA
62.7550888415586;0.450653076171875;0.000246582031250001;20.0399999494039;2005;100 mA
62.7650888415334;0.45068359375;0.000252380371093749;20.0499999493786;2006;100 mA
62.7750888415081;0.450653076171875;0.000248107910156251;20.0599999493534;2007;100 mA
62.7850888414829;0.45062255859375;0.00025970458984375;20.0699999493281;2008;100 mA
62.7950888414576;0.45062255859375;0.00025054931640625;20.0799999493029;2009;100 mA
62.8050888414324;0.450653076171875;0.00025054931640625;20.0899999492776;2010;100 mA
62.8150888414071;0.450653076171875;0.000240478515625001;20.0999999492524;2011;100 mA
62.8250888413819;0.450653076171875;0.00023773193359375;20.1099999492271;2012;100 mA
62.8350888413567;0.450653076171875;0.000246582031250001;20.1199999492019;2013;100 mA
62.8450888413314;0.45062255859375;0.000249633789062501;20.1299999491766;2014;100 mA
62.8550888413062;0.450653076171875;0.0002490234375;20.1399999491514;2015;100 mA
62.8650888412809;0.4505615234375;0.0002606201171875;20.1499999491261;2016;100 mA
62.8750888412557;0.45074462890625;0.000244140625;20.1599999491009;2017;100 mA
62.8850888412304;0.45068359375;0.000255126953125;20.1699999490756;2018;100 mA
62.8950888412052;0.45068359375;0.000240478515625001;20.1799999490504;2019;100 mA
62.9050888411799;0.4505615234375;0.000249633789062501;20.1899999490252;2020;100 mA
62.9150888411547;0.45062255859375;0.00024688720703125;20.1999999489999;2021;100 mA
62.9250888411294;0.450592041015625;0.00025146484375;20.2099999489747;2022;100 mA
62.9350888411042;0.45068359375;0.00025360107421875;20.2199999489494;2023;100 mA
62.9450888410789;0.45068359375;0.0002581787109375;20.2299999489242;2024;100 mA
62.9550888410537;0.450653076171875;0.00024749755859375;20.2399999488989;2025;100 mA
62.9650888410284;0.45062255859375;0.00025787353515625;20.2499999488737;2026;100 mA
62.9750888410032;0.450653076171875;0.000240478515625001;20.2599999488484;2027;100 mA
62.9850888409779;0.45074462890625;0.000248107910156251;20.2699999488232;2028;100 mA
62.9950888409527;0.450714111328125;0.000249633789062501;20.2799999487979;2029;100 mA
63.0050888409274;0.450653076171875;0.0002532958984375;20.2899999487727;2030;100 mA
63.0150888409022;0.450653076171875;0.00025604248046875;20.2999999487474;2031;100 mA
63.0250888408769;0.450592041015625;0.000256958007812499;20.3099999487222;2032;100 mA
63.0350888408517;0.45062255859375;0.000257263183593751;20.3199999486969;2033;100 mA
63.0450888408265;0.45074462890625;0.00025909423828125;20.3299999486717;2034;100 mA
63.0550888408012;0.45068359375;0.00024688720703125;20.3399999486464;2035;100 mA
63.065088840776;0.45068359375;0.000248107910156251;20.3499999486212;2036;100 mA
63.0750888407507;0.450592041015625;0.00024871826171875;20.3599999485959;2037;100 mA
63.0850888407255;0.450592041015625;0.000263061523437499;20.3699999485707;2038;100 mA
63.0950888407002;0.45068359375;0.0002532958984375;20.3799999485454;2039;100 mA
63.105088840675;0.450653076171875;0.000256958007812499;20.3899999485202;2040;100 mA
63.1150888406497;0.45062255859375;0.00025787353515625;20.399999948495;2041;100 mA
63.1250888406245;0.45062255859375;0.000257568359375;20.4099999484697;2042;100 mA
63.1350888405992;0.45074462890625;0.0002471923828125;20.4199999484445;2043;100 mA
63.145088840574;0.45062255859375;0.00024383544921875;20.4299999484192;2044;100 mA
63.1550888405487;0.45068359375;0.00025054931640625;20.439999948394;2045;100 mA
63.1650888405235;0.45062255859375;0.00025360107421875;20.4499999483687;2046;100 mA
63.1750888404982;0.45074462890625;0.000249633789062501;20.4599999483435;2047;100 mA
63.185088840473;0.4505615234375;0.000261840820312501;20.4699999483182;2048;100 mA
63.1950888404477;0.450653076171875;0.000252380371093749;20.479999948293;2049;100 mA
63.2050888404225;0.450714111328125;0.00026123046875;20.4899999482677;2050;100 mA
63.2150888403972;0.45074462890625;0.000249633789062501;20.4999999482425;2051;100 mA
63.225088840372;0.45074462890625;0.000242004394531251;20.5099999482172;2052;100 mA
63.2350888403467;0.450592041015625;0.0002490234375;20.519999948192;2053;100 mA
63.2450888403215;0.45068359375;0.0002532958984375;20.5299999481667;2054;100 mA
63.2550888402963;0.45062255859375;0.000255126953125;20.5399999481415;2055;100 mA
63.265088840271;0.450714111328125;0.000260009765624999;20.5499999481162;2056;100 mA
63.2750888402458;0.45068359375;0.000252685546875001;20.559999948091;2057;100 mA
63.2850888402205;0.45062255859375;0.000263061523437499;20.5699999480657;2058;100 mA
63.2950888401953;0.45068359375;0.000241699218749999;20.5799999480405;2059;100 mA
63.30508884017;0.450592041015625;0.00024749755859375;20.5899999480152;2060;100 mA
63.3150888401448;0.45068359375;0.0002490234375;20.59999994799;2061;100 mA
63.3250888401195;0.45062255859375;0.00025054931640625;20.6099999479648;2062;100 mA
63.3350888400943;0.450714111328125;0.00025360107421875;20.6199999479395;2063;100 mA
63.345088840069;0.450592041015625;0.000257568359375;20.6299999479143;2064;100 mA
63.3550888400438;0.450653076171875;0.00025634765625;20.639999947889;2065;100 mA
63.3650888400185;0.45068359375;0.000260314941406251;20.6499999478638;2066;100 mA
63.3750888399933;0.45068359375;0.000243225097656249;20.6599999478385;2067;100 mA
63.385088839968;0.450775146484375;0.00025146484375;20.6699999478133;2068;100 mA
63.3950888399428;0.450592041015625;0.000249328613281249;20.679999947788;2069;100 mA
63.4050888399175;0.450653076171875;0.000254211425781251;20.6899999477628;2070;100 mA
63.4150888398923;0.45068359375;0.00025299072265625;20.6999999477375;2071;100 mA
63.425088839867;0.450653076171875;0.0002532958984375;20.7099999477123;2072;100 mA
63.4350888398418;0.450714111328125;0.00025146484375;20.719999947687;2073;100 mA
63.4450888398165;0.45062255859375;0.00025360107421875;20.7299999476618;2074;100 mA
63.4550888397913;0.450653076171875;0.000250244140625;20.7399999476365;2075;100 mA
63.4650888397661;0.450653076171875;0.00024383544921875;20.7499999476113;2076;100 mA
63.4750888397408;0.45068359375;0.000240173339843749;20.759999947586;2077;100 mA
63.4850888397156;0.45062255859375;0.00026123046875;20.7699999475608;2078;100 mA
63.4950888396903;0.45068359375;0.000246582031250001;20.7799999475355;2079;100 mA
63.5050888396651;0.45062255859375;0.000254211425781251;20.7899999475103;2080;100 mA
63.5150888396398;0.4505615234375;0.000256958007812499;20.799999947485;2081;100 mA
63.5250888396146;0.45062255859375;0.000251159667968751;20.8099999474598;2082;100 mA
63.5350888395893;0.45062255859375;0.000246276855468749;20.8199999474346;2083;100 mA
63.5450888395641;0.45074462890625;0.000241699218749999;20.8299999474093;2084;100 mA
63.5550888395388;0.450653076171875;0.0002410888671875;20.8399999473841;2085;100 mA
63.5650888395136;0.450592041015625;0.0002532958984375;20.8499999473588;2086;100 mA
63.5750888394883;0.450653076171875;0.000247802734374999;20.8599999473336;2087;100 mA
63.5850888394631;0.450592041015625;0.00025970458984375;20.8699999473083;2088;100 mA
63.5950888394378;0.450775146484375;0.00024871826171875;20.8799999472831;2089;100 mA
63.6050888394126;0.450653076171875;0.000254211425781251;20.8899999472578;2090;100 mA
63.6150888393873;0.45068359375;0.0002459716796875;20.8999999472326;2091;100 mA
63.6250888393621;0.450592041015625;0.00023651123046875;20.9099999472073;2092;100 mA
63.6350888393368;0.450653076171875;0.000249328613281249;20.9199999471821;2093;100 mA
63.6450888393116;0.45068359375;0.000252685546875001;20.9299999471568;2094;100 mA
63.6550888392863;0.45074462890625;0.00024749755859375;20.9399999471316;2095;100 mA
63.6650888392611;0.450592041015625;0.00025970458984375;20.9499999471063;2096;100 mA
63.6750888392359;0.45062255859375;0.000249633789062501;20.9599999470811;2097;100 mA
63.6850888392106;0.45062255859375;0.00025970458984375;20.9699999470558;2098;100 mA
63.6950888391854;0.45062255859375;0.000243530273437501;20.9799999470306;2099;100 mA
63.7050888391601;0.450714111328125;0.000243225097656249;20.9899999470053;2100;100 mA
63.7150888391349;0.45074462890625;0.000245056152343751;20.9999999469801;2101;100 mA
63.7250888391096;0.450592041015625;0.00024688720703125;21.0099999469548;2102;100 mA
63.7350888390844;0.45068359375;0.00024566650390625;21.0199999469296;2103;100 mA
63.7450888390591;0.450592041015625;0.000252685546875001;21.0299999469044;2104;100 mA
63.7550888390339;0.450714111328125;0.00025299072265625;21.0399999468791;2105;100 mA
63.7650888390086;0.450653076171875;0.00025787353515625;21.0499999468539;2106;100 mA
63.7750888389834;0.45074462890625;0.0002362060546875;21.0599999468286;2107;100 mA
63.7850888389581;0.450653076171875;0.0002398681640625;21.0699999468034;2108;100 mA
63.7950888389329;0.4505615234375;0.000243225097656249;21.0799999467781;2109;100 mA
63.8050888389076;0.450653076171875;0.000255126953125;21.0899999467529;2110;100 mA
63.8150888388824;0.45068359375;0.000242919921875;21.0999999467276;2111;100 mA
63.8250888388571;0.450653076171875;0.000248107910156251;21.1099999467024;2112;100 mA
63.8350888388319;0.45062255859375;0.0002484130859375;21.1199999466771;2113;100 mA
63.8450888388066;0.450653076171875;0.000251159667968751;21.1299999466519;2114;100 mA
63.8550888387814;0.45062255859375;0.00024383544921875;21.1399999466266;2115;100 mA
63.8650888387562;0.450714111328125;0.000238952636718751;21.1499999466014;2116;100 mA
63.8750888387309;0.45068359375;0.00023834228515625;21.1599999465761;2117;100 mA
63.8850888387057;0.450592041015625;0.0002520751953125;21.1699999465509;2118;100 mA
63.8950888386804;0.45074462890625;0.000245056152343751;21.1799999465256;2119;100 mA
63.9050888386552;0.450592041015625;0.0002545166015625;21.1899999465004;2120;100 mA
63.9150888386299;0.450653076171875;0.00025360107421875;21.1999999464751;2121;100 mA
63.9250888386047;0.45068359375;0.000250854492187499;21.2099999464499;2122;100 mA
63.9350888385794;0.45074462890625;0.000238647460937499;21.2199999464247;2123;100 mA
63.9450888385542;0.450653076171875;0.00023651123046875;21.2299999463994;2124;100 mA
63.9550888385289;0.450592041015625;0.000246582031250001;21.2399999463742;2125;100 mA
63.9650888385037;0.45062255859375;0.000250244140625;21.2499999463489;2126;100 mA
63.9750888384784;0.45068359375;0.00024261474609375;21.2599999463237;2127;100 mA
63.9850888384532;0.45068359375;0.000254211425781251;21.2699999462984;2128;100 mA
63.9950888384279;0.45068359375;0.000245056152343751;21.2799999462732;2129;100 mA
64.0050888384027;0.450653076171875;0.000250854492187499;21.2899999462479;2130;100 mA
64.0150888383774;0.45068359375;0.000242919921875;21.2999999462227;2131;100 mA
64.0250888383522;0.45068359375;0.00023529052734375;21.3099999461974;2132;100 mA
64.0350888383269;0.45074462890625;0.000243530273437501;21.3199999461722;2133;100 mA
64.0450888383017;0.45068359375;0.0002490234375;21.3299999461469;2134;100 mA
64.0550888382764;0.450653076171875;0.000246582031250001;21.3399999461217;2135;100 mA
64.0650888382512;0.450592041015625;0.000252380371093749;21.3499999460964;2136;100 mA
64.075088838226;0.450653076171875;0.000244140625;21.3599999460712;2137;100 mA
64.0850888382007;0.450714111328125;0.00025054931640625;21.3699999460459;2138;100 mA
64.0950888381755;0.450653076171875;0.0002398681640625;21.3799999460207;2139;100 mA
64.1050888381502;0.450775146484375;0.0002392578125;21.3899999459954;2140;100 mA
64.115088838125;0.450592041015625;0.000245361328125;21.3999999459702;2141;100 mA
64.1250888380997;0.450653076171875;0.000246582031250001;21.4099999459449;2142;100 mA
64.1350888380745;0.450714111328125;0.00024871826171875;21.4199999459197;2143;100 mA
64.1450888380492;0.450653076171875;0.00025054931640625;21.4299999458945;2144;100 mA
64.155088838024;0.45068359375;0.000244140625;21.4399999458692;2145;100 mA
64.1650888379987;0.45062255859375;0.000247802734374999;21.449999945844;2146;100 mA
64.1750888379735;0.45068359375;0.00024078369140625;21.4599999458187;2147;100 mA
64.1850888379482;0.450653076171875;0.0002392578125;21.4699999457935;2148;100 mA
64.195088837923;0.45068359375;0.00024078369140625;21.4799999457682;2149;100 mA
64.2050888378977;0.450653076171875;0.000244750976562499;21.489999945743;2150;100 mA
64.2150888378725;0.450714111328125;0.000242004394531251;21.4999999457177;2151;100 mA
64.2250888378472;0.4505615234375;0.000244750976562499;21.5099999456925;2152;100 mA
64.235088837822;0.45062255859375;0.00024444580078125;21.5199999456672;2153;100 mA
64.2450888377967;0.45068359375;0.00024871826171875;21.529999945642;2154;100 mA
64.2550888377715;0.450592041015625;0.0002471923828125;21.5399999456167;2155;100 mA
64.2650888377462;0.450775146484375;0.00023345947265625;21.5499999455915;2156;100 mA
64.275088837721;0.450653076171875;0.0002349853515625;21.5599999455662;2157;100 mA
64.2850888376958;0.45068359375;0.00024993896484375;21.569999945541;2158;100 mA
64.2950888376705;0.45068359375;0.00024261474609375;21.5799999455157;2159;100 mA
64.3050888376453;0.450653076171875;0.00024444580078125;21.5899999454905;2160;100 mA
64.31508883762;0.450714111328125;0.000244140625;21.5999999454652;2161;100 mA
64.3250888375948;0.450653076171875;0.0002423095703125;21.60999994544;2162;100 mA
64.3350888375695;0.45062255859375;0.000244750976562499;21.6199999454147;2163;100 mA
64.3450888375443;0.450592041015625;0.00023681640625;21.6299999453895;2164;100 mA
64.355088837519;0.450653076171875;0.000243530273437501;21.6399999453643;2165;100 mA
64.3650888374938;0.45068359375;0.0002484130859375;21.649999945339;2166;100 mA
64.3750888374685;0.45068359375;0.000235900878906251;21.6599999453138;2167;100 mA
64.3850888374433;0.450592041015625;0.0002545166015625;21.6699999452885;2168;100 mA
64.395088837418;0.450592041015625;0.000242919921875;21.6799999452633;2169;100 mA
64.4050888373928;0.45068359375;0.000246276855468749;21.689999945238;2170;100 mA
64.4150888373675;0.45068359375;0.000238952636718751;21.6999999452128;2171;100 mA
64.4250888373423;0.45074462890625;0.00023223876953125;21.7099999451875;2172;100 mA
64.435088837317;0.45068359375;0.000237426757812501;21.7199999451623;2173;100 mA
64.4450888372918;0.450653076171875;0.000244750976562499;21.729999945137;2174;100 mA
64.4550888372665;0.450653076171875;0.000235900878906251;21.7399999451118;2175;100 mA
64.4650888372413;0.45062255859375;0.0002459716796875;21.7499999450865;2176;100 mA
64.475088837216;0.450653076171875;0.0002392578125;21.7599999450613;2177;100 mA
64.4850888371908;0.450653076171875;0.00024444580078125;21.769999945036;2178;100 mA
64.4950888371656;0.450714111328125;0.000240173339843749;21.7799999450108;2179;100 mA
64.5050888371403;0.45062255859375;0.00023223876953125;21.7899999449855;2180;100 mA
64.5150888371151;0.450653076171875;0.00023651123046875;21.7999999449603;2181;100 mA
64.5250888370898;0.45068359375;0.00024139404296875;21.809999944935;2182;100 mA
64.5350888370646;0.450714111328125;0.000237121582031249;21.8199999449098;2183;100 mA
64.5450888370393;0.45068359375;0.000243225097656249;21.8299999448845;2184;100 mA
64.5550888370141;0.45062255859375;0.000238952636718751;21.8399999448593;2185;100 mA
64.5650888369888;0.45074462890625;0.000245361328125;21.8499999448341;2186;100 mA
64.5750888369636;0.450653076171875;0.000232849121093751;21.8599999448088;2187;100 mA
64.5850888369383;0.45068359375;0.00023681640625;21.8699999447836;2188;100 mA
64.5950888369131;0.450714111328125;0.000235900878906251;21.8799999447583;2189;100 mA
64.6050888368878;0.45062255859375;0.000246276855468749;21.8899999447331;2190;100 mA
64.6150888368626;0.45068359375;0.00023956298828125;21.8999999447078;2191;100 mA
64.6250888368373;0.4505615234375;0.00024139404296875;21.9099999446826;2192;100 mA
64.6350888368121;0.45068359375;0.000240478515625001;21.9199999446573;2193;100 mA
64.6450888367868;0.450653076171875;0.000238952636718751;21.9299999446321;2194;100 mA
64.6550888367616;0.45068359375;0.00024139404296875;21.9399999446068;2195;100 mA
64.6650888367363;0.45068359375;0.000226440429687499;21.9499999445816;2196;100 mA
64.6750888367111;0.450592041015625;0.00022705078125;21.9599999445563;2197;100 mA
64.6850888366858;0.450653076171875;0.000245056152343751;21.9699999445311;2198;100 mA
64.6950888366606;0.45074462890625;0.000234069824218749;21.9799999445058;2199;100 mA
64.7050888366354;0.45068359375;0.0002398681640625;21.9899999444806;2200;100 mA
64.7150888366101;0.4505615234375;0.0002459716796875;21.9999999444553;2201;100 mA
64.7250888365849;0.45062255859375;0.00024139404296875;22.0099999444301;2202;100 mA
64.7350888365596;0.45062255859375;0.00023681640625;22.0199999444048;2203;100 mA
64.7450888365344;0.450653076171875;0.00022918701171875;22.0299999443796;2204;100 mA
64.7550888365091;0.450775146484375;0.000231323242187501;22.0399999443543;2205;100 mA
64.7650888364839;0.450592041015625;0.000241699218749999;22.0499999443291;2206;100 mA
64.7750888364586;0.450714111328125;0.000233154296875;22.0599999443039;2207;100 mA
64.7850888364334;0.4505615234375;0.000244140625;22.0699999442786;2208;100 mA
64.7950888364081;0.45068359375;0.00023956298828125;22.0799999442534;2209;100 mA
64.8050888363829;0.45068359375;0.0002362060546875;22.0899999442281;2210;100 mA
64.8150888363576;0.45068359375;0.000238647460937499;22.0999999442029;2211;100 mA
64.8250888363324;0.450714111328125;0.00022705078125;22.1099999441776;2212;100 mA
64.8350888363071;0.45062255859375;0.00023345947265625;22.1199999441524;2213;100 mA
64.8450888362819;0.45062255859375;0.00024078369140625;22.1299999441271;2214;100 mA
64.8550888362566;0.450714111328125;0.00023468017578125;22.1399999441019;2215;100 mA
64.8650888362314;0.450653076171875;0.00024261474609375;22.1499999440766;2216;100 mA
64.8750888362061;0.450653076171875;0.00023193359375;22.1599999440514;2217;100 mA
64.8850888361809;0.45068359375;0.000240173339843749;22.1699999440261;2218;100 mA
64.8950888361557;0.45062255859375;0.000237121582031249;22.1799999440009;2219;100 mA
64.9050888361304;0.450714111328125;0.00022857666015625;22.1899999439756;2220;100 mA
64.9150888361052;0.450775146484375;0.0002349853515625;22.1999999439504;2221;100 mA
64.9250888360799;0.450653076171875;0.0002349853515625;22.2099999439251;2222;100 mA
64.9350888360547;0.450714111328125;0.000233154296875;22.2199999438999;2223;100 mA
64.9450888360294;0.4505615234375;0.000237426757812501;22.2299999438746;2224;100 mA
64.9550888360042;0.450714111328125;0.0002337646484375;22.2399999438494;2225;100 mA
64.9650888359789;0.450653076171875;0.000238952636718751;22.2499999438242;2226;100 mA
64.9750888359537;0.450714111328125;0.00023040771484375;22.2599999437989;2227;100 mA
64.9850888359284;0.450714111328125;0.000226745605468751;22.2699999437737;2228;100 mA
64.9950888359032;0.450653076171875;0.000229797363281251;22.2799999437484;2229;100 mA
65.0050888358779;0.45062255859375;0.000241699218749999;22.2899999437232;2230;100 mA
65.0150888358527;0.450714111328125;0.00023529052734375;22.2999999436979;2231;100 mA
65.0250888358274;0.450653076171875;0.0002349853515625;22.3099999436727;2232;100 mA
65.0350888358022;0.450653076171875;0.000237121582031249;22.3199999436474;2233;100 mA
65.0450888357769;0.450592041015625;0.0002362060546875;22.3299999436222;2234;100 mA
65.0550888357517;0.45062255859375;0.0002362060546875;22.3399999435969;2235;100 mA
65.0650888357264;0.45062255859375;0.000233154296875;22.3499999435717;2236;100 mA
65.0750888357012;0.45068359375;0.00023162841796875;22.3599999435464;2237;100 mA
65.0850888356759;0.450714111328125;0.000245361328125;22.3699999435212;2238;100 mA
65.0950888356507;0.450714111328125;0.000231323242187501;22.3799999434959;2239;100 mA
65.1050888356255;0.450592041015625;0.000235900878906251;22.3899999434707;2240;100 mA
65.1150888356002;0.450653076171875;0.000238037109375;22.3999999434454;2241;100 mA
65.125088835575;0.450653076171875;0.00023345947265625;22.4099999434202;2242;100 mA
65.1350888355497;0.45062255859375;0.000240478515625001;22.4199999433949;2243;100 mA
65.1450888355245;0.450714111328125;0.00022918701171875;22.4299999433697;2244;100 mA
65.1550888354992;0.450592041015625;0.000230712890625;22.4399999433444;2245;100 mA
65.165088835474;0.45062255859375;0.0002392578125;22.4499999433192;2246;100 mA
65.1750888354487;0.45068359375;0.000225830078125;22.459999943294;2247;100 mA
65.1850888354235;0.450714111328125;0.00024078369140625;22.4699999432687;2248;100 mA
65.1950888353982;0.450714111328125;0.0002301025390625;22.4799999432435;2249;100 mA
65.205088835373;0.4505615234375;0.000235595703124999;22.4899999432182;2250;100 mA
65.2150888353477;0.450592041015625;0.00024566650390625;22.499999943193;2251;100 mA
65.2250888353225;0.450653076171875;0.000226745605468751;22.5099999431677;2252;100 mA
65.2350888352972;0.45068359375;0.00023223876953125;22.5199999431425;2253;100 mA
65.245088835272;0.450775146484375;0.00023651123046875;22.5299999431172;2254;100 mA
65.2550888352467;0.450714111328125;0.000228271484375001;22.539999943092;2255;100 mA
65.2650888352215;0.450653076171875;0.00023651123046875;22.5499999430667;2256;100 mA
65.2750888351962;0.450592041015625;0.000231323242187501;22.5599999430415;2257;100 mA
65.285088835171;0.45068359375;0.000232849121093751;22.5699999430162;2258;100 mA
65.2950888351457;0.450653076171875;0.0002337646484375;22.579999942991;2259;100 mA
65.3050888351205;0.45074462890625;0.000223388671874999;22.5899999429657;2260;100 mA
65.3150888350953;0.45062255859375;0.000229797363281251;22.5999999429405;2261;100 mA
65.32508883507;0.450653076171875;0.000231323242187501;22.6099999429152;2262;100 mA
65.3350888350448;0.45068359375;0.000231323242187501;22.61999994289;2263;100 mA
65.3450888350195;0.450592041015625;0.00023651123046875;22.6299999428647;2264;100 mA
65.3550888349943;0.45068359375;0.000232849121093751;22.6399999428395;2265;100 mA
65.365088834969;0.45062255859375;0.000232543945312499;22.6499999428142;2266;100 mA
65.3750888349438;0.450714111328125;0.00022918701171875;22.659999942789;2267;100 mA
65.3850888349185;0.45062255859375;0.000232849121093751;22.6699999427638;2268;100 mA
65.3950888348933;0.45062255859375;0.000229797363281251;22.6799999427385;2269;100 mA
65.405088834868;0.45074462890625;0.00023681640625;22.6899999427133;2270;100 mA
65.4150888348428;0.45068359375;0.00022705078125;22.699999942688;2271;100 mA
65.4250888348175;0.45062255859375;0.00022705078125;22.7099999426628;2272;100 mA
65.4350888347923;0.4505615234375;0.0002392578125;22.7199999426375;2273;100 mA
65.445088834767;0.45062255859375;0.0002301025390625;22.7299999426123;2274;100 mA
65.4550888347418;0.4505615234375;0.00023345947265625;22.739999942587;2275;100 mA
65.4650888347165;0.45068359375;0.000225219726562501;22.7499999425618;2276;100 mA
65.4750888346913;0.45068359375;0.0002215576171875;22.7599999425365;2277;100 mA
65.485088834666;0.450653076171875;0.0002398681640625;22.7699999425113;2278;100 mA
65.4950888346408;0.45068359375;0.00022857666015625;22.779999942486;2279;100 mA
65.5050888346155;0.45062255859375;0.000231323242187501;22.7899999424608;2280;100 mA
65.5150888345903;0.450775146484375;0.00022705078125;22.7999999424355;2281;100 mA
65.5250888345651;0.450714111328125;0.0002276611328125;22.8099999424103;2282;100 mA
65.5350888345398;0.45068359375;0.000234375000000001;22.819999942385;2283;100 mA
65.5450888345146;0.45068359375;0.000220947265625;22.8299999423598;2284;100 mA
65.5550888344893;0.450714111328125;0.000223388671874999;22.8399999423345;2285;100 mA
65.5650888344641;0.450714111328125;0.000237121582031249;22.8499999423093;2286;100 mA
65.5750888344388;0.45068359375;0.000227966308593749;22.859999942284;2287;100 mA
65.5850888344136;0.4508056640625;0.000235900878906251;22.8699999422588;2288;100 mA
65.5950888343883;0.4505615234375;0.0002288818359375;22.8799999422336;2289;100 mA
65.6050888343631;0.450653076171875;0.000233154296875;22.8899999422083;2290;100 mA
65.6150888343378;0.45062255859375;0.00023681640625;22.8999999421831;2291;100 mA
65.6250888343126;0.45068359375;0.000225219726562501;22.9099999421578;2292;100 mA
65.6350888342873;0.45074462890625;0.000235900878906251;22.9199999421326;2293;100 mA
65.6450888342621;0.45068359375;0.0002362060546875;22.9299999421073;2294;100 mA
65.6550888342368;0.45068359375;0.0002301025390625;22.9399999420821;2295;100 mA
65.6650888342116;0.450592041015625;0.000238952636718751;22.9499999420568;2296;100 mA
65.6750888341863;0.450653076171875;0.00023468017578125;22.9599999420316;2297;100 mA
65.6850888341611;0.450653076171875;0.000240173339843749;22.9699999420063;2298;100 mA
65.6950888341358;0.450714111328125;0.00023773193359375;22.9799999419811;2299;100 mA
65.7050888341106;0.450653076171875;0.00023193359375;22.9899999419558;2300;100 mA
65.7150888340853;0.450653076171875;0.000231018066406249;22.9999999419306;2301;100 mA
65.7250888340601;0.450592041015625;0.000237426757812501;23.0099999419053;2302;100 mA
65.7350888340349;0.45062255859375;0.00024078369140625;23.0199999418801;2303;100 mA
65.7450888340096;0.450714111328125;0.000242004394531251;23.0299999418548;2304;100 mA
65.7550888339844;0.450592041015625;0.000240173339843749;23.0399999418296;2305;100 mA
65.7650888339591;0.450653076171875;0.000240173339843749;23.0499999418043;2306;100 mA
65.7750888339339;0.45062255859375;0.00023956298828125;23.0599999417791;2307;100 mA
65.7850888339086;0.45068359375;0.000235900878906251;23.0699999417538;2308;100 mA
65.7950888338834;0.450775146484375;0.000240173339843749;23.0799999417286;2309;100 mA
65.8050888338581;0.450592041015625;0.000243225097656249;23.0899999417034;2310;100 mA
65.8150888338329;0.450653076171875;0.000243225097656249;23.0999999416781;2311;100 mA
65.8250888338076;0.450531005859375;0.0002392578125;23.1099999416529;2312;100 mA
65.8350888337824;0.450653076171875;0.000244750976562499;23.1199999416276;2313;100 mA
65.8450888337571;0.450714111328125;0.000238647460937499;23.1299999416024;2314;100 mA
65.8550888337319;0.4505615234375;0.000247802734374999;23.1399999415771;2315;100 mA
65.8650888337066;0.45068359375;0.0002423095703125;23.1499999415519;2316;100 mA
65.8750888336814;0.4505615234375;0.000234375000000001;23.1599999415266;2317;100 mA
65.8850888336561;0.450653076171875;0.00024993896484375;23.1699999415014;2318;100 mA
65.8950888336309;0.45062255859375;0.000246582031250001;23.1799999414761;2319;100 mA
65.9050888336056;0.45074462890625;0.000245361328125;23.1899999414509;2320;100 mA
65.9150888335804;0.45068359375;0.00024871826171875;23.1999999414256;2321;100 mA
65.9250888335552;0.450653076171875;0.0002392578125;23.2099999414004;2322;100 mA
65.9350888335299;0.45062255859375;0.000250854492187499;23.2199999413751;2323;100 mA
65.9450888335047;0.450653076171875;0.000242919921875;23.2299999413499;2324;100 mA
65.9550888334794;0.45068359375;0.000243530273437501;23.2399999413246;2325;100 mA
65.9650888334542;0.45062255859375;0.000255737304687501;23.2499999412994;2326;100 mA
65.9750888334289;0.450653076171875;0.00024444580078125;23.2599999412741;2327;100 mA
65.9850888334037;0.45062255859375;0.000250854492187499;23.2699999412489;2328;100 mA
65.9950888333784;0.45068359375;0.000246276855468749;23.2799999412237;2329;100 mA
66.0050888333532;0.45068359375;0.000250244140625;23.2899999411984;2330;100 mA
66.0150888333279;0.45062255859375;0.000258483886718749;23.2999999411732;2331;100 mA
66.0250888333027;0.450714111328125;0.000248107910156251;23.3099999411479;2332;100 mA
66.0350888332774;0.450592041015625;0.0002532958984375;23.3199999411227;2333;100 mA
66.0450888332522;0.450714111328125;0.000257263183593751;23.3299999410974;2334;100 mA
66.0550888332269;0.45062255859375;0.000255126953125;23.3399999410722;2335;100 mA
66.0650888332017;0.450714111328125;0.00025360107421875;23.3499999410469;2336;100 mA
66.0750888331764;0.45068359375;0.00025054931640625;23.3599999410217;2337;100 mA
66.0850888331512;0.450592041015625;0.000253906249999999;23.3699999409964;2338;100 mA
66.0950888331259;0.450592041015625;0.00025665283203125;23.3799999409712;2339;100 mA
66.1050888331007;0.450592041015625;0.000246276855468749;23.3899999409459;2340;100 mA
66.1150888330754;0.450714111328125;0.00025299072265625;23.3999999409207;2341;100 mA
66.1250888330502;0.45068359375;0.000252380371093749;23.4099999408954;2342;100 mA
66.135088833025;0.450714111328125;0.000255126953125;23.4199999408702;2343;100 mA
66.1450888329997;0.450531005859375;0.000257568359375;23.4299999408449;2344;100 mA
66.1550888329745;0.450653076171875;0.00025360107421875;23.4399999408197;2345;100 mA
66.1650888329492;0.45068359375;0.00025604248046875;23.4499999407944;2346;100 mA
66.175088832924;0.450653076171875;0.000255737304687501;23.4599999407692;2347;100 mA
66.1850888328987;0.450775146484375;0.000252380371093749;23.4699999407439;2348;100 mA
66.1950888328735;0.45062255859375;0.00025177001953125;23.4799999407187;2349;100 mA
66.2050888328482;0.450714111328125;0.00025360107421875;23.4899999406935;2350;100 mA
66.215088832823;0.450653076171875;0.0002581787109375;23.4999999406682;2351;100 mA
66.2250888327977;0.450653076171875;0.000252685546875001;23.509999940643;2352;100 mA
66.2350888327725;0.45068359375;0.000260009765624999;23.5199999406177;2353;100 mA
66.2450888327472;0.4505615234375;0.0002545166015625;23.5299999405925;2354;100 mA
66.255088832722;0.450592041015625;0.00025970458984375;23.5399999405672;2355;100 mA
66.2650888326967;0.450592041015625;0.000255126953125;23.549999940542;2356;100 mA
66.2750888326715;0.450714111328125;0.000250244140625;23.5599999405167;2357;100 mA
66.2850888326462;0.45068359375;0.000257568359375;23.5699999404915;2358;100 mA
66.295088832621;0.45068359375;0.000252380371093749;23.5799999404662;2359;100 mA
66.3050888325957;0.45068359375;0.00025360107421875;23.589999940441;2360;100 mA
66.3150888325705;0.450592041015625;0.000255737304687501;23.5999999404157;2361;100 mA
66.3250888325452;0.45074462890625;0.000245361328125;23.6099999403905;2362;100 mA
66.33508883252;0.450592041015625;0.000263366699218751;23.6199999403652;2363;100 mA
66.3450888324948;0.450775146484375;0.0002532958984375;23.62999994034;2364;100 mA
66.3550888324695;0.45062255859375;0.000253906249999999;23.6399999403147;2365;100 mA
66.3650888324443;0.450653076171875;0.0002606201171875;23.6499999402895;2366;100 mA
66.375088832419;0.450714111328125;0.00024993896484375;23.6599999402642;2367;100 mA
66.3850888323938;0.45062255859375;0.0002593994140625;23.669999940239;2368;100 mA
66.3950888323685;0.45074462890625;0.00025482177734375;23.6799999402137;2369;100 mA
66.4050888323433;0.450592041015625;0.00025665283203125;23.6899999401885;2370;100 mA
66.415088832318;0.450653076171875;0.000264587402343749;23.6999999401633;2371;100 mA
66.4250888322928;0.4505615234375;0.00025299072265625;23.709999940138;2372;100 mA
66.4350888322675;0.45062255859375;0.000258789062500001;23.7199999401128;2373;100 mA
66.4450888322423;0.450775146484375;0.000261535644531249;23.7299999400875;2374;100 mA
66.455088832217;0.45068359375;0.000254211425781251;23.7399999400623;2375;100 mA
66.4650888321918;0.450592041015625;0.000255432128906249;23.749999940037;2376;100 mA
66.4750888321665;0.4505615234375;0.00025909423828125;23.7599999400118;2377;100 mA
66.4850888321413;0.450714111328125;0.00025482177734375;23.7699999399865;2378;100 mA
66.495088832116;0.450714111328125;0.00025787353515625;23.7799999399613;2379;100 mA
66.5050888320908;0.450714111328125;0.0002490234375;23.789999939936;2380;100 mA
66.5150888320655;0.45068359375;0.000252685546875001;23.7999999399108;2381;100 mA
66.5250888320403;0.450531005859375;0.000260009765624999;23.8099999398855;2382;100 mA
66.535088832015;0.450653076171875;0.000260009765624999;23.8199999398603;2383;100 mA
66.5450888319898;0.45068359375;0.000257568359375;23.829999939835;2384;100 mA
66.5550888319646;0.45074462890625;0.000252685546875001;23.8399999398098;2385;100 mA
66.5650888319393;0.45062255859375;0.000255126953125;23.8499999397845;2386;100 mA
66.5750888319141;0.45062255859375;0.00025787353515625;23.8599999397593;2387;100 mA
66.5850888318888;0.450592041015625;0.00025604248046875;23.869999939734;2388;100 mA
66.5950888318636;0.45062255859375;0.0002545166015625;23.8799999397088;2389;100 mA
66.6050888318383;0.450653076171875;0.000261535644531249;23.8899999396835;2390;100 mA
66.6150888318131;0.45068359375;0.000264587402343749;23.8999999396583;2391;100 mA
66.6250888317878;0.45068359375;0.0002545166015625;23.9099999396331;2392;100 mA
66.6350888317626;0.450592041015625;0.000257263183593751;23.9199999396078;2393;100 mA
66.6450888317373;0.45062255859375;0.000254211425781251;23.9299999395826;2394;100 mA
66.6550888317121;0.45062255859375;0.000264587402343749;23.9399999395573;2395;100 mA
66.6650888316868;0.450714111328125;0.000255432128906249;23.9499999395321;2396;100 mA
66.6750888316616;0.450714111328125;0.000253906249999999;23.9599999395068;2397;100 mA
66.6850888316363;0.450592041015625;0.0002655029296875;23.9699999394816;2398;100 mA
66.6950888316111;0.45062255859375;0.00026397705078125;23.9799999394563;2399;100 mA
66.7050888315858;0.450592041015625;0.00025970458984375;23.9899999394311;2400;100 mA
66.7150888315606;0.450714111328125;0.00025970458984375;23.9999999394058;2401;100 mA
66.7250888315353;0.45062255859375;0.000254211425781251;24.0099999393806;2402;100 mA
66.7350888315101;0.450653076171875;0.000266113281249999;24.0199999393553;2403;100 mA
66.7450888314848;0.45062255859375;0.000252380371093749;24.0299999393301;2404;100 mA
66.7550888314596;0.45062255859375;0.00025634765625;24.0399999393048;2405;100 mA
66.7650888314344;0.450775146484375;0.0002593994140625;24.0499999392796;2406;100 mA
66.7750888314091;0.45068359375;0.000256958007812499;24.0599999392543;2407;100 mA
66.7850888313839;0.450714111328125;0.000262451171875;24.0699999392291;2408;100 mA
66.7950888313586;0.450592041015625;0.000257263183593751;24.0799999392038;2409;100 mA
66.8050888313334;0.450653076171875;0.00025482177734375;24.0899999391786;2410;100 mA
66.8150888313081;0.4505615234375;0.000263061523437499;24.0999999391533;2411;100 mA
66.8250888312829;0.45068359375;0.000253906249999999;24.1099999391281;2412;100 mA
66.8350888312576;0.450714111328125;0.00025909423828125;24.1199999391029;2413;100 mA
66.8450888312324;0.45062255859375;0.000260314941406251;24.1299999390776;2414;100 mA
66.8550888312071;0.45068359375;0.000256958007812499;24.1399999390524;2415;100 mA
66.8650888311819;0.45062255859375;0.000257568359375;24.1499999390271;2416;100 mA
66.8750888311566;0.450653076171875;0.00025054931640625;24.1599999390019;2417;100 mA
66.8850888311314;0.450653076171875;0.000255432128906249;24.1699999389766;2418;100 mA
66.8950888311061;0.450714111328125;0.000257568359375;24.1799999389514;2419;100 mA
66.9050888310809;0.45062255859375;0.0002532958984375;24.1899999389261;2420;100 mA
66.9150888310556;0.4505615234375;0.000255737304687501;24.1999999389009;2421;100 mA
66.9250888310304;0.45062255859375;0.0002545166015625;24.2099999388756;2422;100 mA
66.9350888310051;0.450592041015625;0.000263366699218751;24.2199999388504;2423;100 mA
66.9450888309799;0.45068359375;0.000251159667968751;24.2299999388251;2424;100 mA
66.9550888309547;0.4505615234375;0.000252685546875001;24.2399999387999;2425;100 mA
66.9650888309294;0.450592041015625;0.0002484130859375;24.2499999387746;2426;100 mA
66.9750888309042;0.45062255859375;0.0002532958984375;24.2599999387494;2427;100 mA
66.9850888308789;0.450653076171875;0.000255126953125;24.2699999387241;2428;100 mA
66.9950888308537;0.450714111328125;0.0002520751953125;24.2799999386989;2429;100 mA
67.0050888308284;0.450653076171875;0.000257568359375;24.2899999386736;2430;100 mA
67.0150888308032;0.450714111328125;0.000258789062500001;24.2999999386484;2431;100 mA
67.0250888307779;0.450592041015625;0.00024749755859375;24.3099999386232;2432;100 mA
67.0350888307527;0.45068359375;0.00025177001953125;24.3199999385979;2433;100 mA
67.0450888307274;0.45062255859375;0.000246582031250001;24.3299999385727;2434;100 mA
67.0550888307022;0.450714111328125;0.00025177001953125;24.3399999385474;2435;100 mA
67.0650888306769;0.450714111328125;0.0002490234375;24.3499999385222;2436;100 mA
67.0750888306517;0.4505615234375;0.00024871826171875;24.3599999384969;2437;100 mA
67.0850888306264;0.45068359375;0.00025177001953125;24.3699999384717;2438;100 mA
67.0950888306012;0.4505615234375;0.0002545166015625;24.3799999384464;2439;100 mA
67.1050888305759;0.450714111328125;0.00025054931640625;24.3899999384212;2440;100 mA
67.1150888305507;0.45068359375;0.000254211425781251;24.3999999383959;2441;100 mA
67.1250888305254;0.4505615234375;0.000242919921875;24.4099999383707;2442;100 mA
67.1350888305002;0.4505615234375;0.00025604248046875;24.4199999383454;2443;100 mA
67.1450888304749;0.45062255859375;0.000247802734374999;24.4299999383202;2444;100 mA
67.1550888304497;0.45074462890625;0.000249328613281249;24.4399999382949;2445;100 mA
67.1650888304245;0.450653076171875;0.0002532958984375;24.4499999382697;2446;100 mA
67.1750888303992;0.45068359375;0.00024444580078125;24.4599999382444;2447;100 mA
67.185088830374;0.45050048828125;0.00025787353515625;24.4699999382192;2448;100 mA
67.1950888303487;0.45062255859375;0.00024749755859375;24.4799999381939;2449;100 mA
67.2050888303235;0.450775146484375;0.0002423095703125;24.4899999381687;2450;100 mA
67.2150888302982;0.450592041015625;0.000255126953125;24.4999999381434;2451;100 mA
67.225088830273;0.45074462890625;0.00024078369140625;24.5099999381182;2452;100 mA
67.2350888302477;0.4505615234375;0.000254211425781251;24.519999938093;2453;100 mA
67.2450888302225;0.45062255859375;0.000251159667968751;24.5299999380677;2454;100 mA
67.2550888301972;0.450592041015625;0.0002520751953125;24.5399999380425;2455;100 mA
67.265088830172;0.450714111328125;0.000252380371093749;24.5499999380172;2456;100 mA
67.2750888301467;0.45062255859375;0.000244140625;24.559999937992;2457;100 mA
67.2850888301215;0.45062255859375;0.000246276855468749;24.5699999379667;2458;100 mA
67.2950888300962;0.4505615234375;0.000250244140625;24.5799999379415;2459;100 mA
67.305088830071;0.45062255859375;0.000245361328125;24.5899999379162;2460;100 mA
67.3150888300457;0.450653076171875;0.0002520751953125;24.599999937891;2461;100 mA
67.3250888300205;0.450714111328125;0.000243530273437501;24.6099999378657;2462;100 mA
67.3350888299952;0.4505615234375;0.00025482177734375;24.6199999378405;2463;100 mA
67.34508882997;0.45068359375;0.000245056152343751;24.6299999378152;2464;100 mA
67.3550888299447;0.45062255859375;0.00024688720703125;24.63999993779;2465;100 mA
67.3650888299195;0.45068359375;0.00024871826171875;24.6499999377647;2466;100 mA
67.3750888298943;0.4505615234375;0.000249328613281249;24.6599999377395;2467;100 mA
67.385088829869;0.450775146484375;0.000246276855468749;24.6699999377142;2468;100 mA
67.3950888298438;0.450592041015625;0.000244750976562499;24.679999937689;2469;100 mA
67.4050888298185;0.450653076171875;0.000246276855468749;24.6899999376637;2470;100 mA
67.4150888297933;0.450592041015625;0.000255737304687501;24.6999999376385;2471;100 mA
67.425088829768;0.45068359375;0.00024688720703125;24.7099999376132;2472;100 mA
67.4350888297428;0.45068359375;0.000246582031250001;24.719999937588;2473;100 mA
67.4450888297175;0.45062255859375;0.00024749755859375;24.7299999375628;2474;100 mA
67.4550888296923;0.450592041015625;0.000246276855468749;24.7399999375375;2475;100 mA
67.465088829667;0.450592041015625;0.00025054931640625;24.7499999375123;2476;100 mA
67.4750888296418;0.45062255859375;0.000244750976562499;24.759999937487;2477;100 mA
67.4850888296165;0.45074462890625;0.000252380371093749;24.7699999374618;2478;100 mA
67.4950888295913;0.45062255859375;0.000251159667968751;24.7799999374365;2479;100 mA
67.505088829566;0.45062255859375;0.00024383544921875;24.7899999374113;2480;100 mA
67.5150888295408;0.4505615234375;0.00024749755859375;24.799999937386;2481;100 mA
67.5250888295155;0.450653076171875;0.00024139404296875;24.8099999373608;2482;100 mA
67.5350888294903;0.45062255859375;0.000250244140625;24.8199999373355;2483;100 mA
67.545088829465;0.45074462890625;0.000246276855468749;24.8299999373103;2484;100 mA
67.5550888294398;0.45062255859375;0.0002459716796875;24.839999937285;2485;100 mA
67.5650888294145;0.45068359375;0.0002484130859375;24.8499999372598;2486;100 mA
67.5750888293893;0.450592041015625;0.000250244140625;24.8599999372345;2487;100 mA
67.5850888293641;0.450653076171875;0.0002484130859375;24.8699999372093;2488;100 mA
67.5950888293388;0.45068359375;0.00024444580078125;24.879999937184;2489;100 mA
67.6050888293136;0.45068359375;0.0002423095703125;24.8899999371588;2490;100 mA
67.6150888292883;0.450653076171875;0.0002471923828125;24.8999999371335;2491;100 mA
67.6250888292631;0.450531005859375;0.000246582031250001;24.9099999371083;2492;100 mA
67.6350888292378;0.450653076171875;0.000246276855468749;24.919999937083;2493;100 mA
67.6450888292126;0.450714111328125;0.000244750976562499;24.9299999370578;2494;100 mA
67.6550888291873;0.45062255859375;0.00024993896484375;24.9399999370326;2495;100 mA
67.6650888291621;0.450714111328125;0.000244750976562499;24.9499999370073;2496;100 mA
67.6750888291368;0.45062255859375;0.00024688720703125;24.9599999369821;2497;100 mA
67.6850888291116;0.45068359375;0.0002423095703125;24.9699999369568;2498;100 mA
67.6950888290863;0.450592041015625;0.000242919921875;24.9799999369316;2499;100 mA
67.7050888290611;0.45074462890625;0.000244140625;24.9899999369063;2500;100 mA
67.7150888290358;0.450653076171875;0.00024444580078125;24.9999999368811;2501;100 mA
67.7250888290106;0.45062255859375;0.00024139404296875;25.0099999368558;2502;100 mA
67.7350888289853;0.450592041015625;0.000252685546875001;25.0199999368306;2503;100 mA
67.7450888289601;0.45068359375;0.000245361328125;25.0299999368053;2504;100 mA
67.7550888289348;0.450714111328125;0.000242004394531251;25.0399999367801;2505;100 mA
67.7650888289096;0.450592041015625;0.000240478515625001;25.0499999367548;2506;100 mA
67.7750888288843;0.45068359375;0.000242919921875;25.0599999367296;2507;100 mA
67.7850888288591;0.4505615234375;0.000249328613281249;25.0699999367043;2508;100 mA
67.7950888288339;0.45062255859375;0.000242919921875;25.0799999366791;2509;100 mA
67.8050888288086;0.45068359375;0.00024566650390625;25.0899999366538;2510;100 mA
67.8150888287834;0.45062255859375;0.00025299072265625;25.0999999366286;2511;100 mA
67.8250888287581;0.45068359375;0.0002392578125;25.1099999366033;2512;100 mA
67.8350888287329;0.450592041015625;0.000246582031250001;25.1199999365781;2513;100 mA
67.8450888287076;0.450653076171875;0.00023956298828125;25.1299999365528;2514;100 mA
67.8550888286824;0.45068359375;0.00024383544921875;25.1399999365276;2515;100 mA
67.8650888286571;0.450653076171875;0.000247802734374999;25.1499999365024;2516;100 mA
67.8750888286319;0.45068359375;0.00024261474609375;25.1599999364771;2517;100 mA
67.8850888286066;0.4505615234375;0.00025360107421875;25.1699999364519;2518;100 mA
67.8950888285814;0.45062255859375;0.000251159667968751;25.1799999364266;2519;100 mA
67.9050888285561;0.45062255859375;0.00024749755859375;25.1899999364014;2520;100 mA
67.9150888285309;0.45068359375;0.000245361328125;25.1999999363761;2521;100 mA
67.9250888285056;0.450653076171875;0.000238952636718751;25.2099999363509;2522;100 mA
67.9350888284804;0.45062255859375;0.000250854492187499;25.2199999363256;2523;100 mA
67.9450888284551;0.450592041015625;0.0002490234375;25.2299999363004;2524;100 mA
67.9550888284299;0.45062255859375;0.000244750976562499;25.2399999362751;2525;100 mA
67.9650888284046;0.45074462890625;0.00024749755859375;25.2499999362499;2526;100 mA
67.9750888283794;0.45062255859375;0.000248107910156251;25.2599999362246;2527;100 mA
67.9850888283542;0.450714111328125;0.00024566650390625;25.2699999361994;2528;100 mA
67.9950888283289;0.450531005859375;0.000247802734374999;25.2799999361741;2529;100 mA
68.0050888283037;0.4505615234375;0.000240478515625001;25.2899999361489;2530;100 mA
68.0150888282784;0.450653076171875;0.000246276855468749;25.2999999361236;2531;100 mA
68.0250888282532;0.45062255859375;0.000244140625;25.3099999360984;2532;100 mA
68.0350888282279;0.45068359375;0.000247802734374999;25.3199999360731;2533;100 mA
68.0450888282027;0.450592041015625;0.000246276855468749;25.3299999360479;2534;100 mA
68.0550888281774;0.45062255859375;0.00024993896484375;25.3399999360227;2535;100 mA
68.0650888281522;0.45062255859375;0.0002490234375;25.3499999359974;2536;100 mA
68.0750888281269;0.45068359375;0.000243530273437501;25.3599999359722;2537;100 mA
68.0850888281017;0.45062255859375;0.000251159667968751;25.3699999359469;2538;100 mA
68.0950888280764;0.45062255859375;0.0002484130859375;25.3799999359217;2539;100 mA
68.1050888280512;0.450592041015625;0.00024749755859375;25.3899999358964;2540;100 mA
68.1150888280259;0.450592041015625;0.00025360107421875;25.3999999358712;2541;100 mA
68.1250888280007;0.450714111328125;0.000240478515625001;25.4099999358459;2542;100 mA
68.1350888279754;0.45062255859375;0.0002593994140625;25.4199999358207;2543;100 mA
68.1450888279502;0.450775146484375;0.000251159667968751;25.4299999357954;2544;100 mA
68.1550888279249;0.450653076171875;0.00024749755859375;25.4399999357702;2545;100 mA
68.1650888278997;0.450653076171875;0.000248107910156251;25.4499999357449;2546;100 mA
68.1750888278744;0.450592041015625;0.00024688720703125;25.4599999357197;2547;100 mA
68.1850888278492;0.45062255859375;0.00025146484375;25.4699999356944;2548;100 mA
68.195088827824;0.45074462890625;0.000242004394531251;25.4799999356692;2549;100 mA
68.2050888277987;0.45062255859375;0.0002484130859375;25.4899999356439;2550;100 mA
68.2150888277735;0.450653076171875;0.000257263183593751;25.4999999356187;2551;100 mA
68.2250888277482;0.45062255859375;0.00024139404296875;25.5099999355934;2552;100 mA
68.235088827723;0.450714111328125;0.00024749755859375;25.5199999355682;2553;100 mA
68.2450888276977;0.45068359375;0.00024261474609375;25.5299999355429;2554;100 mA
68.2550888276725;0.450653076171875;0.000249328613281249;25.5399999355177;2555;100 mA
68.2650888276472;0.45062255859375;0.000255432128906249;25.5499999354925;2556;100 mA
68.275088827622;0.45062255859375;0.000242919921875;25.5599999354672;2557;100 mA
68.2850888275967;0.45068359375;0.00025054931640625;25.569999935442;2558;100 mA
68.2950888275715;0.45062255859375;0.00025299072265625;25.5799999354167;2559;100 mA
68.3050888275462;0.450653076171875;0.00025299072265625;25.5899999353915;2560;100 mA
68.315088827521;0.45062255859375;0.000250854492187499;25.5999999353662;2561;100 mA
68.3250888274957;0.45062255859375;0.000243225097656249;25.609999935341;2562;100 mA
68.3350888274705;0.45062255859375;0.0002490234375;25.6199999353157;2563;100 mA
68.3450888274452;0.450592041015625;0.000247802734374999;25.6299999352905;2564;100 mA
68.35508882742;0.45074462890625;0.00024383544921875;25.6399999352652;2565;100 mA
68.3650888273947;0.45068359375;0.00025482177734375;25.64999993524;2566;100 mA
68.3750888273695;0.450653076171875;0.000252685546875001;25.6599999352147;2567;100 mA
68.3850888273442;0.450653076171875;0.000250854492187499;25.6699999351895;2568;100 mA
68.395088827319;0.45068359375;0.00025177001953125;25.6799999351642;2569;100 mA
68.4050888272938;0.450653076171875;0.000242004394531251;25.689999935139;2570;100 mA
68.4150888272685;0.45068359375;0.0002484130859375;25.6999999351137;2571;100 mA
68.4250888272433;0.450592041015625;0.000258483886718749;25.7099999350885;2572;100 mA
68.435088827218;0.4505615234375;0.00024993896484375;25.7199999350632;2573;100 mA
68.4450888271928;0.450653076171875;0.00025146484375;25.729999935038;2574;100 mA
68.4550888271675;0.4505615234375;0.000255432128906249;25.7399999350127;2575;100 mA
68.4650888271423;0.450653076171875;0.00025054931640625;25.7499999349875;2576;100 mA
68.475088827117;0.45062255859375;0.00024688720703125;25.7599999349623;2577;100 mA
68.4850888270918;0.450592041015625;0.000242919921875;25.769999934937;2578;100 mA
68.4950888270665;0.450592041015625;0.0002459716796875;25.7799999349118;2579;100 mA
68.5050888270413;0.45062255859375;0.000246276855468749;25.7899999348865;2580;100 mA
68.515088827016;0.45074462890625;0.000248107910156251;25.7999999348613;2581;100 mA
68.5250888269908;0.450592041015625;0.00024688720703125;25.809999934836;2582;100 mA
68.5350888269655;0.45062255859375;0.0002581787109375;25.8199999348108;2583;100 mA
68.5450888269403;0.45062255859375;0.000246276855468749;25.8299999347855;2584;100 mA
68.555088826915;0.45068359375;0.000246582031250001;25.8399999347603;2585;100 mA
68.5650888268898;0.450714111328125;0.000243225097656249;25.849999934735;2586;100 mA
68.5750888268645;0.45062255859375;0.000240173339843749;25.8599999347098;2587;100 mA
68.5850888268393;0.450653076171875;0.000253906249999999;25.8699999346845;2588;100 mA
68.595088826814;0.450592041015625;0.000246276855468749;25.8799999346593;2589;100 mA
68.6050888267888;0.450653076171875;0.00024383544921875;25.889999934634;2590;100 mA
68.6150888267636;0.4505615234375;0.0002545166015625;25.8999999346088;2591;100 mA
68.6250888267383;0.45074462890625;0.00024139404296875;25.9099999345835;2592;100 mA
68.6350888267131;0.450714111328125;0.000249328613281249;25.9199999345583;2593;100 mA
68.6450888266878;0.45062255859375;0.00023651123046875;25.929999934533;2594;100 mA
68.6550888266626;0.450714111328125;0.00023834228515625;25.9399999345078;2595;100 mA
68.6650888266373;0.450531005859375;0.000250244140625;25.9499999344825;2596;100 mA
68.6750888266121;0.450714111328125;0.00023956298828125;25.9599999344573;2597;100 mA
68.6850888265868;0.45068359375;0.00024444580078125;25.9699999344321;2598;100 mA
68.6950888265616;0.45062255859375;0.000251159667968751;25.9799999344068;2599;100 mA
68.7050888265363;0.45068359375;0.000247802734374999;25.9899999343816;2600;100 mA
68.7150888265111;0.450653076171875;0.0002471923828125;25.9999999343563;2601;100 mA
68.7250888264858;0.45068359375;0.000238952636718751;26.0099999343311;2602;100 mA
68.7350888264606;0.45062255859375;0.000244140625;26.0199999343058;2603;100 mA
68.7450888264353;0.45074462890625;0.0002490234375;26.0299999342806;2604;100 mA
68.7550888264101;0.4505615234375;0.000244750976562499;26.0399999342553;2605;100 mA
68.7650888263848;0.450653076171875;0.0002459716796875;26.0499999342301;2606;100 mA
68.7750888263596;0.45062255859375;0.000247802734374999;26.0599999342048;2607;100 mA
68.7850888263343;0.45068359375;0.00024871826171875;26.0699999341796;2608;100 mA
68.7950888263091;0.45068359375;0.00024566650390625;26.0799999341543;2609;100 mA
68.8050888262838;0.45068359375;0.00024139404296875;26.0899999341291;2610;100 mA
68.8150888262586;0.45062255859375;0.000238952636718751;26.0999999341038;2611;100 mA
68.8250888262334;0.450531005859375;0.00024383544921875;26.1099999340786;2612;100 mA
68.8350888262081;0.45068359375;0.0002490234375;26.1199999340533;2613;100 mA
68.8450888261829;0.45068359375;0.00024749755859375;26.1299999340281;2614;100 mA
68.8550888261576;0.4505615234375;0.00025665283203125;26.1399999340028;2615;100 mA
68.8650888261324;0.45068359375;0.000244750976562499;26.1499999339776;2616;100 mA
68.8750888261071;0.450592041015625;0.0002392578125;26.1599999339523;2617;100 mA
68.8850888260819;0.45068359375;0.00023834228515625;26.1699999339271;2618;100 mA
68.8950888260566;0.45062255859375;0.0002392578125;26.1799999339019;2619;100 mA
68.9050888260314;0.45062255859375;0.000244750976562499;26.1899999338766;2620;100 mA
68.9150888260061;0.45062255859375;0.00024444580078125;26.1999999338514;2621;100 mA
68.9250888259809;0.45062255859375;0.00023834228515625;26.2099999338261;2622;100 mA
68.9350888259556;0.4505615234375;0.000257568359375;26.2199999338009;2623;100 mA
68.9450888259304;0.45062255859375;0.00024566650390625;26.2299999337756;2624;100 mA
68.9550888259051;0.450714111328125;0.0002410888671875;26.2399999337504;2625;100 mA
68.9650888258799;0.45062255859375;0.0002398681640625;26.2499999337251;2626;100 mA
68.9750888258546;0.450714111328125;0.0002288818359375;26.2599999336999;2627;100 mA
68.9850888258294;0.450531005859375;0.00024871826171875;26.2699999336746;2628;100 mA
68.9950888258041;0.450531005859375;0.000247802734374999;26.2799999336494;2629;100 mA
69.0050888257789;0.450714111328125;0.000241699218749999;26.2899999336241;2630;100 mA
69.0150888257537;0.45062255859375;0.0002545166015625;26.2999999335989;2631;100 mA
69.0250888257284;0.45068359375;0.000240173339843749;26.3099999335736;2632;100 mA
69.0350888257032;0.45062255859375;0.000244750976562499;26.3199999335484;2633;100 mA
69.0450888256779;0.45062255859375;0.0002392578125;26.3299999335231;2634;100 mA
69.0550888256527;0.450653076171875;0.000237426757812501;26.3399999334979;2635;100 mA
69.0650888256274;0.450653076171875;0.000246582031250001;26.3499999334726;2636;100 mA
69.0750888256022;0.450714111328125;0.00023956298828125;26.3599999334474;2637;100 mA
69.0850888255769;0.450592041015625;0.00024749755859375;26.3699999334222;2638;100 mA
69.0950888255517;0.45062255859375;0.000250244140625;26.3799999333969;2639;100 mA
69.1050888255264;0.450653076171875;0.000243225097656249;26.3899999333717;2640;100 mA
69.1150888255012;0.45074462890625;0.0002410888671875;26.3999999333464;2641;100 mA
69.1250888254759;0.450592041015625;0.00023773193359375;26.4099999333212;2642;100 mA
69.1350888254507;0.450653076171875;0.000235900878906251;26.4199999332959;2643;100 mA
69.1450888254254;0.45068359375;0.00024139404296875;26.4299999332707;2644;100 mA
69.1550888254002;0.450531005859375;0.000247802734374999;26.4399999332454;2645;100 mA
69.1650888253749;0.450653076171875;0.000246276855468749;26.4499999332202;2646;100 mA
69.1750888253497;0.4505615234375;0.00025054931640625;26.4599999331949;2647;100 mA
69.1850888253244;0.450775146484375;0.0002410888671875;26.4699999331697;2648;100 mA
69.1950888252992;0.45068359375;0.00024566650390625;26.4799999331444;2649;100 mA
69.2050888252739;0.450653076171875;0.000230712890625;26.4899999331192;2650;100 mA
69.2150888252487;0.450653076171875;0.00023681640625;26.4999999330939;2651;100 mA
69.2250888252235;0.450531005859375;0.000242004394531251;26.5099999330687;2652;100 mA
69.2350888251982;0.450714111328125;0.000245361328125;26.5199999330434;2653;100 mA
69.245088825173;0.45074462890625;0.0002362060546875;26.5299999330182;2654;100 mA
69.2550888251477;0.45068359375;0.000246582031250001;26.5399999329929;2655;100 mA
69.2650888251225;0.45074462890625;0.000243225097656249;26.5499999329677;2656;100 mA
69.2750888250972;0.450592041015625;0.000238037109375;26.5599999329424;2657;100 mA
69.285088825072;0.45062255859375;0.000235900878906251;26.5699999329172;2658;100 mA
69.2950888250467;0.45062255859375;0.00023162841796875;26.579999932892;2659;100 mA
69.3050888250215;0.450592041015625;0.00023773193359375;26.5899999328667;2660;100 mA
69.3150888249962;0.450775146484375;0.000238952636718751;26.5999999328415;2661;100 mA
69.325088824971;0.45068359375;0.000238037109375;26.6099999328162;2662;100 mA
69.3350888249457;0.45062255859375;0.000249633789062501;26.619999932791;2663;100 mA
69.3450888249205;0.450592041015625;0.00023773193359375;26.6299999327657;2664;100 mA
69.3550888248952;0.45068359375;0.000238952636718751;26.6399999327405;2665;100 mA
69.36508882487;0.45062255859375;0.0002337646484375;26.6499999327152;2666;100 mA
69.3750888248447;0.450653076171875;0.00023162841796875;26.65999993269;2667;100 mA
69.3850888248195;0.45068359375;0.000243530273437501;26.6699999326647;2668;100 mA
69.3950888247942;0.4505615234375;0.000238952636718751;26.6799999326395;2669;100 mA
69.405088824769;0.450653076171875;0.00023834228515625;26.6899999326142;2670;100 mA
69.4150888247437;0.45068359375;0.0002484130859375;26.699999932589;2671;100 mA
69.4250888247185;0.450714111328125;0.000235595703124999;26.7099999325637;2672;100 mA
69.4350888246933;0.450714111328125;0.000243225097656249;26.7199999325385;2673;100 mA
69.445088824668;0.450592041015625;0.000231323242187501;26.7299999325132;2674;100 mA
69.4550888246428;0.45068359375;0.00022735595703125;26.739999932488;2675;100 mA
69.4650888246175;0.4505615234375;0.0002398681640625;26.7499999324627;2676;100 mA
69.4750888245923;0.45068359375;0.00024078369140625;26.7599999324375;2677;100 mA
69.485088824567;0.45074462890625;0.0002423095703125;26.7699999324122;2678;100 mA
69.4950888245418;0.45062255859375;0.0002490234375;26.779999932387;2679;100 mA
69.5050888245165;0.450714111328125;0.0002423095703125;26.7899999323618;2680;100 mA
69.5150888244913;0.450592041015625;0.00023773193359375;26.7999999323365;2681;100 mA
69.525088824466;0.45062255859375;0.000231018066406249;26.8099999323113;2682;100 mA
69.5350888244408;0.450714111328125;0.000232543945312499;26.819999932286;2683;100 mA
69.5450888244155;0.450653076171875;0.0002392578125;26.8299999322608;2684;100 mA
69.5550888243903;0.450714111328125;0.00023773193359375;26.8399999322355;2685;100 mA
69.565088824365;0.45062255859375;0.000241699218749999;26.8499999322103;2686;100 mA
69.5750888243398;0.45062255859375;0.000246582031250001;26.859999932185;2687;100 mA
69.5850888243145;0.45062255859375;0.000248107910156251;26.8699999321598;2688;100 mA
69.5950888242893;0.450653076171875;0.00024688720703125;26.8799999321345;2689;100 mA
69.605088824264;0.450714111328125;0.00023162841796875;26.8899999321093;2690;100 mA
69.6150888242388;0.45074462890625;0.00023162841796875;26.899999932084;2691;100 mA
69.6250888242135;0.45062255859375;0.000238952636718751;26.9099999320588;2692;100 mA
69.6350888241883;0.4505615234375;0.00024444580078125;26.9199999320335;2693;100 mA
69.6450888241631;0.450653076171875;0.0002398681640625;26.9299999320083;2694;100 mA
69.6550888241378;0.45062255859375;0.00024688720703125;26.939999931983;2695;100 mA
69.6650888241126;0.450714111328125;0.000243225097656249;26.9499999319578;2696;100 mA
69.6750888240873;0.45068359375;0.00023834228515625;26.9599999319325;2697;100 mA
69.6850888240621;0.450592041015625;0.0002349853515625;26.9699999319073;2698;100 mA
69.6950888240368;0.450653076171875;0.000228271484375001;26.979999931882;2699;100 mA
69.7050888240116;0.45062255859375;0.000238647460937499;26.9899999318568;2700;100 mA
69.7150888239863;0.45068359375;0.00024383544921875;26.9999999318316;2701;100 mA
69.7250888239611;0.45068359375;0.0002362060546875;27.0099999318063;2702;100 mA
69.7350888239358;0.45068359375;0.0002545166015625;27.0199999317811;2703;100 mA
69.7450888239106;0.45068359375;0.000241699218749999;27.0299999317558;2704;100 mA
69.7550888238853;0.45062255859375;0.000234069824218749;27.0399999317306;2705;100 mA
69.7650888238601;0.450714111328125;0.0002423095703125;27.0499999317053;2706;100 mA
69.7750888238348;0.450653076171875;0.000227966308593749;27.0599999316801;2707;100 mA
69.7850888238096;0.450714111328125;0.000242004394531251;27.0699999316548;2708;100 mA
69.7950888237843;0.450592041015625;0.000241699218749999;27.0799999316296;2709;100 mA
69.8050888237591;0.4505615234375;0.000238647460937499;27.0899999316043;2710;100 mA
69.8150888237338;0.450592041015625;0.000249328613281249;27.0999999315791;2711;100 mA
69.8250888237086;0.45062255859375;0.000240173339843749;27.1099999315538;2712;100 mA
69.8350888236833;0.450714111328125;0.000244750976562499;27.1199999315286;2713;100 mA
69.8450888236581;0.450653076171875;0.00023651123046875;27.1299999315033;2714;100 mA
69.8550888236329;0.45068359375;0.00023223876953125;27.1399999314781;2715;100 mA
69.8650888236076;0.4505615234375;0.00024444580078125;27.1499999314528;2716;100 mA
69.8750888235824;0.450592041015625;0.000240478515625001;27.1599999314276;2717;100 mA
69.8850888235571;0.450714111328125;0.00024139404296875;27.1699999314023;2718;100 mA
69.8950888235319;0.4505615234375;0.000247802734374999;27.1799999313771;2719;100 mA
69.9050888235066;0.450775146484375;0.000245056152343751;27.1899999313518;2720;100 mA
69.9150888234814;0.45068359375;0.000243225097656249;27.1999999313266;2721;100 mA
69.9250888234561;0.45062255859375;0.00023468017578125;27.2099999313014;2722;100 mA
69.9350888234309;0.45062255859375;0.000238647460937499;27.2199999312761;2723;100 mA
69.9450888234056;0.450592041015625;0.00023956298828125;27.2299999312509;2724;100 mA
69.9550888233804;0.450653076171875;0.00023834228515625;27.2399999312256;2725;100 mA
69.9650888233551;0.4505615234375;0.000244750976562499;27.2499999312004;2726;100 mA
69.9750888233299;0.450653076171875;0.00025177001953125;27.2599999311751;2727;100 mA
69.9850888233046;0.45062255859375;0.0002520751953125;27.2699999311499;2728;100 mA
69.9950888232794;0.450531005859375;0.000245056152343751;27.2799999311246;2729;100 mA
70.0050888232541;0.450653076171875;0.000235900878906251;27.2899999310994;2730;100 mA
70.0150888232289;0.450653076171875;0.00023468017578125;27.2999999310741;2731;100 mA
70.0250888232036;0.45062255859375;0.000241699218749999;27.3099999310489;2732;100 mA
70.0350888231784;0.45062255859375;0.000245361328125;27.3199999310236;2733;100 mA
70.0450888231532;0.45062255859375;0.000238647460937499;27.3299999309984;2734;100 mA
70.0550888231279;0.45062255859375;0.0002471923828125;27.3399999309731;2735;100 mA
70.0650888231027;0.45062255859375;0.00024566650390625;27.3499999309479;2736;100 mA
70.0750888230774;0.45068359375;0.000240173339843749;27.3599999309226;2737;100 mA
70.0850888230522;0.45062255859375;0.0002398681640625;27.3699999308974;2738;100 mA
70.0950888230269;0.450653076171875;0.0002301025390625;27.3799999308721;2739;100 mA
70.1050888230017;0.450531005859375;0.000240478515625001;27.3899999308469;2740;100 mA
70.1150888229764;0.4505615234375;0.000244750976562499;27.3999999308217;2741;100 mA
70.1250888229512;0.45068359375;0.000237426757812501;27.4099999307964;2742;100 mA
70.1350888229259;0.45062255859375;0.00024871826171875;27.4199999307712;2743;100 mA
70.1450888229007;0.450714111328125;0.000241699218749999;27.4299999307459;2744;100 mA
70.1550888228754;0.45068359375;0.000245056152343751;27.4399999307207;2745;100 mA
70.1650888228502;0.45062255859375;0.00024078369140625;27.4499999306954;2746;100 mA
70.1750888228249;0.45062255859375;0.000224914550781249;27.4599999306702;2747;100 mA
70.1850888227997;0.450592041015625;0.0002484130859375;27.4699999306449;2748;100 mA
70.1950888227744;0.450714111328125;0.00024444580078125;27.4799999306197;2749;100 mA
70.2050888227492;0.450653076171875;0.0002362060546875;27.4899999305944;2750;100 mA
70.2150888227239;0.45062255859375;0.00024993896484375;27.4999999305692;2751;100 mA
70.2250888226987;0.4505615234375;0.000244140625;27.5099999305439;2752;100 mA
70.2350888226734;0.45068359375;0.000248107910156251;27.5199999305187;2753;100 mA
70.2450888226482;0.450653076171875;0.00023834228515625;27.5299999304934;2754;100 mA
70.255088822623;0.45068359375;0.00023162841796875;27.5399999304682;2755;100 mA
70.2650888225977;0.450714111328125;0.0002471923828125;27.5499999304429;2756;100 mA
70.2750888225725;0.45062255859375;0.00023651123046875;27.5599999304177;2757;100 mA
70.2850888225472;0.4505615234375;0.00024566650390625;27.5699999303924;2758;100 mA
70.295088822522;0.450592041015625;0.000251159667968751;27.5799999303672;2759;100 mA
70.3050888224967;0.45068359375;0.00024383544921875;27.5899999303419;2760;100 mA
70.3150888224715;0.450714111328125;0.000245056152343751;27.5999999303167;2761;100 mA
70.3250888224462;0.450653076171875;0.0002392578125;27.6099999302915;2762;100 mA
70.335088822421;0.45068359375;0.000235595703124999;27.6199999302662;2763;100 mA
70.3450888223957;0.450592041015625;0.000240173339843749;27.629999930241;2764;100 mA
70.3550888223705;0.45062255859375;0.00024078369140625;27.6399999302157;2765;100 mA
70.3650888223452;0.45074462890625;0.0002392578125;27.6499999301905;2766;100 mA
70.37508882232;0.4505615234375;0.000245056152343751;27.6599999301652;2767;100 mA
70.3850888222947;0.45068359375;0.000246582031250001;27.66999993014;2768;100 mA
70.3950888222695;0.450592041015625;0.000241699218749999;27.6799999301147;2769;100 mA
70.4050888222442;0.45062255859375;0.000237121582031249;27.6899999300895;2770;100 mA
70.415088822219;0.450653076171875;0.0002349853515625;27.6999999300642;2771;100 mA
70.4250888221937;0.450653076171875;0.00023651123046875;27.709999930039;2772;100 mA
70.4350888221685;0.450775146484375;0.0002423095703125;27.7199999300137;2773;100 mA
70.4450888221432;0.450592041015625;0.000238037109375;27.7299999299885;2774;100 mA
70.455088822118;0.45062255859375;0.00024444580078125;27.7399999299632;2775;100 mA
70.4650888220928;0.45062255859375;0.000242919921875;27.749999929938;2776;100 mA
70.4750888220675;0.45068359375;0.0002349853515625;27.7599999299127;2777;100 mA
70.4850888220423;0.450653076171875;0.00024261474609375;27.7699999298875;2778;100 mA
70.495088822017;0.45068359375;0.000228271484375001;27.7799999298622;2779;100 mA
70.5050888219918;0.450653076171875;0.0002410888671875;27.789999929837;2780;100 mA
70.5150888219665;0.4505615234375;0.000245361328125;27.7999999298117;2781;100 mA
70.5250888219413;0.45062255859375;0.000232849121093751;27.8099999297865;2782;100 mA
70.535088821916;0.45062255859375;0.000248107910156251;27.8199999297613;2783;100 mA
70.5450888218908;0.450714111328125;0.000240478515625001;27.829999929736;2784;100 mA
70.5550888218655;0.450714111328125;0.00023773193359375;27.8399999297108;2785;100 mA
70.5650888218403;0.450592041015625;0.00024261474609375;27.8499999296855;2786;100 mA
70.575088821815;0.45068359375;0.000224609375;27.8599999296603;2787;100 mA
70.5850888217898;0.450592041015625;0.000243530273437501;27.869999929635;2788;100 mA
70.5950888217645;0.450714111328125;0.000238647460937499;27.8799999296098;2789;100 mA
70.6050888217393;0.45074462890625;0.000237121582031249;27.8899999295845;2790;100 mA
70.615088821714;0.450653076171875;0.000255126953125;27.8999999295593;2791;100 mA
70.6250888216888;0.45068359375;0.00023956298828125;27.909999929534;2792;100 mA
70.6350888216635;0.450531005859375;0.00024688720703125;27.9199999295088;2793;100 mA
70.6450888216383;0.45062255859375;0.00023529052734375;27.9299999294835;2794;100 mA
70.655088821613;0.45068359375;0.000226745605468751;27.9399999294583;2795;100 mA
70.6650888215878;0.450653076171875;0.0002410888671875;27.949999929433;2796;100 mA
70.6750888215626;0.45062255859375;0.0002410888671875;27.9599999294078;2797;100 mA
70.6850888215373;0.450653076171875;0.00024261474609375;27.9699999293825;2798;100 mA
70.6950888215121;0.45068359375;0.00024871826171875;27.9799999293573;2799;100 mA
70.7050888214868;0.450653076171875;0.000238647460937499;27.989999929332;2800;100 mA
70.7150888214616;0.45068359375;0.000243225097656249;27.9999999293068;2801;100 mA
70.7250888214363;0.450653076171875;0.000235900878906251;28.0099999292815;2802;100 mA
70.7350888214111;0.45068359375;0.00023223876953125;28.0199999292563;2803;100 mA
70.7450888213858;0.45062255859375;0.0002392578125;28.0299999292311;2804;100 mA
70.7550888213606;0.4505615234375;0.000240478515625001;28.0399999292058;2805;100 mA
70.7650888213353;0.450653076171875;0.00024383544921875;28.0499999291806;2806;100 mA
70.7750888213101;0.45062255859375;0.000243530273437501;28.0599999291553;2807;100 mA
70.7850888212848;0.450714111328125;0.000250854492187499;28.0699999291301;2808;100 mA
70.7950888212596;0.450653076171875;0.000241699218749999;28.0799999291048;2809;100 mA
70.8050888212343;0.450653076171875;0.000234069824218749;28.0899999290796;2810;100 mA
70.8150888212091;0.450714111328125;0.0002276611328125;28.0999999290543;2811;100 mA
70.8250888211838;0.4505615234375;0.00023681640625;28.1099999290291;2812;100 mA
70.8350888211586;0.450714111328125;0.00023956298828125;28.1199999290038;2813;100 mA
70.8450888211333;0.450653076171875;0.00023834228515625;28.1299999289786;2814;100 mA
70.8550888211081;0.450653076171875;0.00025054931640625;28.1399999289533;2815;100 mA
70.8650888210828;0.45068359375;0.00024688720703125;28.1499999289281;2816;100 mA
70.8750888210576;0.450531005859375;0.000237121582031249;28.1599999289028;2817;100 mA
70.8850888210324;0.450653076171875;0.000244140625;28.1699999288776;2818;100 mA
70.8950888210071;0.450653076171875;0.00023040771484375;28.1799999288523;2819;100 mA
70.9050888209819;0.45068359375;0.00023681640625;28.1899999288271;2820;100 mA
70.9150888209566;0.45062255859375;0.0002392578125;28.1999999288018;2821;100 mA
70.9250888209314;0.4505615234375;0.000229797363281251;28.2099999287766;2822;100 mA
70.9350888209061;0.45068359375;0.000248107910156251;28.2199999287513;2823;100 mA
70.9450888208809;0.45062255859375;0.000235595703124999;28.2299999287261;2824;100 mA
70.9550888208556;0.45068359375;0.000240478515625001;28.2399999287009;2825;100 mA
70.9650888208304;0.450653076171875;0.000240173339843749;28.2499999286756;2826;100 mA
70.9750888208051;0.450714111328125;0.0002227783203125;28.2599999286504;2827;100 mA
70.9850888207799;0.450592041015625;0.000241699218749999;28.2699999286251;2828;100 mA
70.9950888207546;0.450592041015625;0.00023529052734375;28.2799999285999;2829;100 mA
71.0050888207294;0.450592041015625;0.000234375000000001;28.2899999285746;2830;100 mA
71.0150888207041;0.45062255859375;0.00024383544921875;28.2999999285494;2831;100 mA
71.0250888206789;0.45068359375;0.0002349853515625;28.3099999285241;2832;100 mA
71.0350888206536;0.450653076171875;0.0002410888671875;28.3199999284989;2833;100 mA
71.0450888206284;0.450653076171875;0.000230712890625;28.3299999284736;2834;100 mA
71.0550888206031;0.450714111328125;0.00022125244140625;28.3399999284484;2835;100 mA
71.0650888205779;0.450592041015625;0.00024078369140625;28.3499999284231;2836;100 mA
71.0750888205527;0.45074462890625;0.00022857666015625;28.3599999283979;2837;100 mA
71.0850888205274;0.450653076171875;0.00023773193359375;28.3699999283726;2838;100 mA
71.0950888205022;0.450653076171875;0.0002423095703125;28.3799999283474;2839;100 mA
71.1050888204769;0.450653076171875;0.00023529052734375;28.3899999283221;2840;100 mA
71.1150888204517;0.45062255859375;0.00023956298828125;28.3999999282969;2841;100 mA
71.1250888204264;0.45068359375;0.000232543945312499;28.4099999282716;2842;100 mA
71.1350888204012;0.450714111328125;0.000226440429687499;28.4199999282464;2843;100 mA
71.1450888203759;0.45074462890625;0.000233154296875;28.4299999282212;2844;100 mA
71.1550888203507;0.450653076171875;0.000229797363281251;28.4399999281959;2845;100 mA
71.1650888203254;0.450653076171875;0.000234375000000001;28.4499999281707;2846;100 mA
71.1750888203002;0.45062255859375;0.0002362060546875;28.4599999281454;2847;100 mA
71.1850888202749;0.450653076171875;0.00024139404296875;28.4699999281202;2848;100 mA
71.1950888202497;0.45068359375;0.0002349853515625;28.4799999280949;2849;100 mA
71.2050888202244;0.450592041015625;0.000231018066406249;28.4899999280697;2850;100 mA
71.2150888201992;0.45074462890625;0.000220947265625;28.4999999280444;2851;100 mA
71.2250888201739;0.450592041015625;0.00022735595703125;28.5099999280192;2852;100 mA
71.2350888201487;0.450592041015625;0.000238647460937499;28.5199999279939;2853;100 mA
71.2450888201234;0.450653076171875;0.000230712890625;28.5299999279687;2854;100 mA
71.2550888200982;0.450653076171875;0.000238647460937499;28.5399999279434;2855;100 mA
71.2650888200729;0.45068359375;0.000241699218749999;28.5499999279182;2856;100 mA
71.2750888200477;0.45062255859375;0.00023040771484375;28.5599999278929;2857;100 mA
71.2850888200225;0.450592041015625;0.00023956298828125;28.5699999278677;2858;100 mA
71.2950888199972;0.45062255859375;0.0002239990234375;28.5799999278424;2859;100 mA
71.305088819972;0.450653076171875;0.000232543945312499;28.5899999278172;2860;100 mA
71.3150888199467;0.45074462890625;0.000235595703124999;28.5999999277919;2861;100 mA
71.3250888199215;0.45062255859375;0.000233154296875;28.6099999277667;2862;100 mA
71.3350888198962;0.45062255859375;0.00024444580078125;28.6199999277414;2863;100 mA
71.345088819871;0.4505615234375;0.000240173339843749;28.6299999277162;2864;100 mA
71.3550888198457;0.45068359375;0.00023193359375;28.639999927691;2865;100 mA
71.3650888198205;0.450653076171875;0.000232849121093751;28.6499999276657;2866;100 mA
71.3750888197952;0.45068359375;0.00021820068359375;28.6599999276405;2867;100 mA
71.38508881977;0.45068359375;0.00024139404296875;28.6699999276152;2868;100 mA
71.3950888197447;0.450592041015625;0.000234069824218749;28.67999992759;2869;100 mA
71.4050888197195;0.45068359375;0.00023651123046875;28.6899999275647;2870;100 mA
71.4150888196942;0.450592041015625;0.000240478515625001;28.6999999275395;2871;100 mA
71.425088819669;0.45074462890625;0.000232849121093751;28.7099999275142;2872;100 mA
71.4350888196437;0.450714111328125;0.000235595703124999;28.719999927489;2873;100 mA
71.4450888196185;0.45062255859375;0.000232543945312499;28.7299999274637;2874;100 mA
71.4550888195932;0.450653076171875;0.000218505859375;28.7399999274385;2875;100 mA
71.465088819568;0.450531005859375;0.0002349853515625;28.7499999274132;2876;100 mA
71.4750888195427;0.450653076171875;0.000231323242187501;28.759999927388;2877;100 mA
71.4850888195175;0.45074462890625;0.00023681640625;28.7699999273627;2878;100 mA
71.4950888194923;0.450653076171875;0.000238037109375;28.7799999273375;2879;100 mA
71.505088819467;0.450653076171875;0.000233154296875;28.7899999273122;2880;100 mA
71.5150888194418;0.45062255859375;0.000235595703124999;28.799999927287;2881;100 mA
71.5250888194165;0.45068359375;0.000233154296875;28.8099999272617;2882;100 mA
71.5350888193913;0.45068359375;0.000220947265625;28.8199999272365;2883;100 mA
71.545088819366;0.450653076171875;0.000227966308593749;28.8299999272112;2884;100 mA
71.5550888193408;0.450653076171875;0.000234069824218749;28.839999927186;2885;100 mA
71.5650888193155;0.450592041015625;0.000234375000000001;28.8499999271608;2886;100 mA
71.5750888192903;0.450653076171875;0.00023468017578125;28.8599999271355;2887;100 mA
71.585088819265;0.4505615234375;0.000240173339843749;28.8699999271103;2888;100 mA
71.5950888192398;0.45074462890625;0.000232543945312499;28.879999927085;2889;100 mA
71.6050888192145;0.450714111328125;0.000231323242187501;28.8899999270598;2890;100 mA
71.6150888191893;0.45068359375;0.00022125244140625;28.8999999270345;2891;100 mA
71.625088819164;0.450592041015625;0.00022705078125;28.9099999270093;2892;100 mA
71.6350888191388;0.450531005859375;0.00023651123046875;28.919999926984;2893;100 mA
71.6450888191135;0.45068359375;0.000229797363281251;28.9299999269588;2894;100 mA
71.6550888190883;0.45062255859375;0.000237121582031249;28.9399999269335;2895;100 mA
71.665088819063;0.450775146484375;0.00023773193359375;28.9499999269083;2896;100 mA
71.6750888190378;0.45068359375;0.000227966308593749;28.959999926883;2897;100 mA
71.6850888190125;0.45062255859375;0.000240478515625001;28.9699999268578;2898;100 mA
71.6950888189873;0.45068359375;0.000219116210937501;28.9799999268325;2899;100 mA
71.7050888189621;0.450592041015625;0.000225830078125;28.9899999268073;2900;100 mA
71.7150888189368;0.45068359375;0.00023223876953125;28.999999926782;2901;100 mA
71.7250888189116;0.450653076171875;0.000229492187499999;29.0099999267568;2902;100 mA
71.7350888188863;0.45068359375;0.00023834228515625;29.0199999267315;2903;100 mA
71.7450888188611;0.450653076171875;0.00023345947265625;29.0299999267063;2904;100 mA
71.7550888188358;0.450592041015625;0.000235900878906251;29.039999926681;2905;100 mA
71.7650888188106;0.45068359375;0.000235900878906251;29.0499999266558;2906;100 mA
71.7750888187853;0.450592041015625;0.000217590332031251;29.0599999266306;2907;100 mA
71.7850888187601;0.45068359375;0.000237121582031249;29.0699999266053;2908;100 mA
71.7950888187348;0.450653076171875;0.0002301025390625;29.0799999265801;2909;100 mA
71.8050888187096;0.45062255859375;0.0002288818359375;29.0899999265548;2910;100 mA
71.8150888186843;0.450714111328125;0.000237426757812501;29.0999999265296;2911;100 mA
71.8250888186591;0.450653076171875;0.00023162841796875;29.1099999265043;2912;100 mA
71.8350888186338;0.45074462890625;0.0002392578125;29.1199999264791;2913;100 mA
71.8450888186086;0.450714111328125;0.000229492187499999;29.1299999264538;2914;100 mA
71.8550888185833;0.45074462890625;0.000211181640624999;29.1399999264286;2915;100 mA
71.8650888185581;0.450592041015625;0.00023040771484375;29.1499999264033;2916;100 mA
71.8750888185328;0.4505615234375;0.0002301025390625;29.1599999263781;2917;100 mA
71.8850888185076;0.450653076171875;0.000238037109375;29.1699999263528;2918;100 mA
71.8950888184823;0.450653076171875;0.00022918701171875;29.1799999263276;2919;100 mA
71.9050888184571;0.45068359375;0.000234375000000001;29.1899999263023;2920;100 mA
71.9150888184319;0.450592041015625;0.000238037109375;29.1999999262771;2921;100 mA
71.9250888184066;0.45062255859375;0.000223693847656251;29.2099999262518;2922;100 mA
71.9350888183814;0.450653076171875;0.000225219726562501;29.2199999262266;2923;100 mA
71.9450888183561;0.450653076171875;0.0002301025390625;29.2299999262013;2924;100 mA
71.9550888183309;0.450714111328125;0.00022735595703125;29.2399999261761;2925;100 mA
71.9650888183056;0.450653076171875;0.000230712890625;29.2499999261508;2926;100 mA
71.9750888182804;0.450653076171875;0.000232543945312499;29.2599999261256;2927;100 mA
71.9850888182551;0.450592041015625;0.0002410888671875;29.2699999261004;2928;100 mA
71.9950888182299;0.4505615234375;0.000233154296875;29.2799999260751;2929;100 mA
72.0050888182046;0.45068359375;0.000226440429687499;29.2899999260499;2930;100 mA
72.0150888181794;0.450653076171875;0.000223388671874999;29.2999999260246;2931;100 mA
72.0250888181541;0.450714111328125;0.00022705078125;29.3099999259994;2932;100 mA
72.0350888181289;0.450592041015625;0.00023681640625;29.3199999259741;2933;100 mA
72.0450888181036;0.45068359375;0.000226745605468751;29.3299999259489;2934;100 mA
72.0550888180784;0.45062255859375;0.00023681640625;29.3399999259236;2935;100 mA
72.0650888180531;0.450653076171875;0.000237426757812501;29.3499999258984;2936;100 mA
72.0750888180279;0.45074462890625;0.00022918701171875;29.3599999258731;2937;100 mA
72.0850888180026;0.45062255859375;0.000235595703124999;29.3699999258479;2938;100 mA
72.0950888179774;0.45074462890625;0.0002105712890625;29.3799999258226;2939;100 mA
72.1050888179522;0.450592041015625;0.000225830078125;29.3899999257974;2940;100 mA
72.1150888179269;0.450653076171875;0.000227966308593749;29.3999999257721;2941;100 mA
72.1250888179017;0.450653076171875;0.0002239990234375;29.4099999257469;2942;100 mA
72.1350888178764;0.45068359375;0.000240478515625001;29.4199999257216;2943;100 mA
72.1450888178512;0.45068359375;0.000231323242187501;29.4299999256964;2944;100 mA
72.1550888178259;0.450592041015625;0.00022918701171875;29.4399999256711;2945;100 mA
72.1650888178007;0.45068359375;0.000229492187499999;29.4499999256459;2946;100 mA
72.1750888177754;0.450653076171875;0.00021209716796875;29.4599999256207;2947;100 mA
72.1850888177502;0.450653076171875;0.00023468017578125;29.4699999255954;2948;100 mA
72.1950888177249;0.45074462890625;0.000225830078125;29.4799999255702;2949;100 mA
72.2050888176997;0.45062255859375;0.000229492187499999;29.4899999255449;2950;100 mA
72.2150888176744;0.45062255859375;0.000234375000000001;29.4999999255197;2951;100 mA
72.2250888176492;0.45062255859375;0.00022613525390625;29.5099999254944;2952;100 mA
72.2350888176239;0.450653076171875;0.0002301025390625;29.5199999254692;2953;100 mA
72.2450888175987;0.45068359375;0.0002239990234375;29.5299999254439;2954;100 mA
72.2550888175734;0.45068359375;0.000218505859375;29.5399999254187;2955;100 mA
72.2650888175482;0.450714111328125;0.000223693847656251;29.5499999253934;2956;100 mA
72.2750888175229;0.4505615234375;0.00021942138671875;29.5599999253682;2957;100 mA
72.2850888174977;0.45062255859375;0.000233154296875;29.5699999253429;2958;100 mA
72.2950888174724;0.45062255859375;0.00022613525390625;29.5799999253177;2959;100 mA
72.3050888174472;0.45068359375;0.00023040771484375;29.5899999252924;2960;100 mA
72.315088817422;0.450775146484375;0.000226440429687499;29.5999999252672;2961;100 mA
72.3250888173967;0.450592041015625;0.0002276611328125;29.6099999252419;2962;100 mA
72.3350888173715;0.450714111328125;0.00022125244140625;29.6199999252167;2963;100 mA
72.3450888173462;0.45062255859375;0.0002215576171875;29.6299999251914;2964;100 mA
72.355088817321;0.45062255859375;0.000229492187499999;29.6399999251662;2965;100 mA
72.3650888172957;0.450653076171875;0.00022857666015625;29.6499999251409;2966;100 mA
72.3750888172705;0.45068359375;0.00022705078125;29.6599999251157;2967;100 mA
72.3850888172452;0.45068359375;0.0002398681640625;29.6699999250905;2968;100 mA
72.39508881722;0.4505615234375;0.0002301025390625;29.6799999250652;2969;100 mA
72.4050888171947;0.45062255859375;0.000227966308593749;29.68999992504;2970;100 mA
72.4150888171695;0.450653076171875;0.00021697998046875;29.6999999250147;2971;100 mA
72.4250888171442;0.45068359375;0.000220642089843751;29.7099999249895;2972;100 mA
72.435088817119;0.45062255859375;0.00023345947265625;29.7199999249642;2973;100 mA
72.4450888170937;0.450592041015625;0.00022735595703125;29.729999924939;2974;100 mA
72.4550888170685;0.450592041015625;0.00022918701171875;29.7399999249137;2975;100 mA
72.4650888170432;0.4505615234375;0.0002337646484375;29.7499999248885;2976;100 mA
72.475088817018;0.450653076171875;0.0002288818359375;29.7599999248632;2977;100 mA
72.4850888169927;0.45062255859375;0.000234375000000001;29.769999924838;2978;100 mA
72.4950888169675;0.450714111328125;0.00021209716796875;29.7799999248127;2979;100 mA
72.5050888169422;0.45062255859375;0.00022308349609375;29.7899999247875;2980;100 mA
72.515088816917;0.450592041015625;0.0002288818359375;29.7999999247622;2981;100 mA
72.5250888168918;0.45062255859375;0.00023162841796875;29.809999924737;2982;100 mA
72.5350888168665;0.45062255859375;0.00023681640625;29.8199999247117;2983;100 mA
72.5450888168413;0.45068359375;0.000232849121093751;29.8299999246865;2984;100 mA
72.555088816816;0.450653076171875;0.00023223876953125;29.8399999246612;2985;100 mA
72.5650888167908;0.450592041015625;0.00023529052734375;29.849999924636;2986;100 mA
72.5750888167655;0.45068359375;0.000218505859375;29.8599999246107;2987;100 mA
72.5850888167403;0.450653076171875;0.000231323242187501;29.8699999245855;2988;100 mA
72.595088816715;0.45068359375;0.00022705078125;29.8799999245603;2989;100 mA
72.6050888166898;0.450714111328125;0.00022857666015625;29.889999924535;2990;100 mA
72.6150888166645;0.45062255859375;0.000235595703124999;29.8999999245098;2991;100 mA
72.6250888166393;0.45062255859375;0.000234069824218749;29.9099999244845;2992;100 mA
72.635088816614;0.45062255859375;0.000238037109375;29.9199999244593;2993;100 mA
72.6450888165888;0.450653076171875;0.0002349853515625;29.929999924434;2994;100 mA
72.6550888165635;0.450714111328125;0.0002215576171875;29.9399999244088;2995;100 mA
72.6650888165383;0.45074462890625;0.00023162841796875;29.9499999243835;2996;100 mA
72.675088816513;0.450592041015625;0.0002301025390625;29.9599999243583;2997;100 mA
72.6850888164878;0.450592041015625;0.0002398681640625;29.969999924333;2998;100 mA
72.6950888164625;0.45068359375;0.00023162841796875;29.9799999243078;2999;100 mA
72.7050888164373;0.45062255859375;0.000238037109375;29.9899999242825;3000;100 mA
