Time (s);WE(1).Potential (V);WE(1).Current (A);Corrected time (s);Index;Current range;Overload
41.3002678957268;0.501678466796875;0.627227783203125;0;1;100 mA;Current overload
41.3102678957016;0.4996337890625;0.33349609375;0.00999999997475243;2;100 mA;
41.3202678956764;0.49945068359375;0.23486328125;0.0199999999495049;3;100 mA;
41.3302678956511;0.49945068359375;0.1859130859375;0.0299999999242573;4;100 mA;
41.3402678956259;0.49957275390625;0.156982421875;0.0399999998990097;5;100 mA;
41.3502678956006;0.49957275390625;0.138916015625;0.0499999998737621;6;100 mA;
41.3602678955754;0.499542236328125;0.12481689453125;0.0599999998485146;7;100 mA;
41.3702678955501;0.4996337890625;0.114044189453125;0.069999999823267;8;100 mA;
41.3802678955249;0.49957275390625;0.107025146484375;0.0799999997980194;9;100 mA;
41.3902678954996;0.4996337890625;0.10028076171875;0.0899999997727718;10;100 mA;
41.4002678954744;0.499603271484375;0.09356689453125;0.0999999997475243;11;100 mA;
41.4102678954491;0.499664306640625;0.08880615234375;0.109999999722277;12;100 mA;
41.4202678954239;0.4996337890625;0.0838623046875;0.119999999697029;13;100 mA;
41.4302678953986;0.49957275390625;0.07958984375;0.129999999671782;14;100 mA;
41.4402678953734;0.499664306640625;0.075225830078125;0.139999999646534;15;100 mA;
41.4502678953481;0.4996337890625;0.071441650390625;0.149999999621286;16;100 mA;
41.4602678953229;0.49969482421875;0.06756591796875;0.159999999596039;17;100 mA;
41.4702678952976;0.499664306640625;0.064453125;0.169999999570791;18;100 mA;
41.4802678952724;0.499603271484375;0.06103515625;0.179999999545544;19;100 mA;
41.4902678952471;0.49969482421875;0.0577392578125;0.189999999520296;20;100 mA;
41.5002678952219;0.4996337890625;0.0545654296875;0.199999999495049;21;100 mA;
41.5102678951966;0.499725341796875;0.052764892578125;0.209999999469801;22;100 mA;
41.5202678951714;0.4996337890625;0.048980712890625;0.219999999444553;23;100 mA;
41.5302678951462;0.499664306640625;0.0464019775390625;0.229999999419306;24;100 mA;
41.5402678951209;0.499664306640625;0.043121337890625;0.239999999394058;25;100 mA;
41.5502678950957;0.499664306640625;0.040966796875;0.249999999368811;26;100 mA;
41.5602678950704;0.499664306640625;0.0386749267578125;0.259999999343563;27;100 mA;
41.5702678950452;0.499664306640625;0.037042236328125;0.269999999318316;28;100 mA;
41.5802678950199;0.4996337890625;0.0344024658203125;0.279999999293068;29;100 mA;
41.5902678949947;0.49969482421875;0.0330810546875;0.28999999926782;30;100 mA;
41.6002678949694;0.499725341796875;0.03121337890625;0.299999999242573;31;100 mA;
41.6102678949442;0.49969482421875;0.02972412109375;0.309999999217325;32;100 mA;
41.6202678949189;0.499725341796875;0.0282958984375;0.319999999192078;33;100 mA;
41.6302678948937;0.499755859375;0.02742919921875;0.32999999916683;34;100 mA;
41.6402678948684;0.49969482421875;0.02615966796875;0.339999999141583;35;100 mA;
41.6502678948432;0.499725341796875;0.0253570556640625;0.349999999116335;36;100 mA;
41.6602678948179;0.49969482421875;0.02403564453125;0.359999999091087;37;100 mA;
41.6702678947927;0.49969482421875;0.0230926513671875;0.36999999906584;38;100 mA;
41.6802678947674;0.49969482421875;0.02242431640625;0.379999999040592;39;100 mA;
41.6902678947422;0.49969482421875;0.0217529296875;0.389999999015345;40;100 mA;
41.7002678947169;0.499664306640625;0.02052001953125;0.399999998990097;41;100 mA;
41.7102678946917;0.49969482421875;0.0197509765625;0.40999999896485;42;100 mA;
41.7202678946664;0.49969482421875;0.0186248779296875;0.419999998939602;43;100 mA;
41.7302678946412;0.499755859375;0.0178924560546875;0.429999998914354;44;100 mA;
41.740267894616;0.49969482421875;0.0170074462890625;0.439999998889107;45;100 mA;
41.7502678945907;0.499786376953125;0.0164947509765625;0.449999998863859;46;100 mA;
41.7602678945655;0.49969482421875;0.0158111572265625;0.459999998838612;47;100 mA;
41.7702678945402;0.49969482421875;0.0153961181640625;0.469999998813364;48;100 mA;
41.780267894515;0.499725341796875;0.0147430419921875;0.479999998788116;49;100 mA;
41.7902678944897;0.499725341796875;0.0141571044921875;0.489999998762869;50;100 mA;
41.8002678944645;0.499786376953125;0.0136810302734375;0.499999998737621;51;100 mA;
41.8102678944392;0.4996337890625;0.013385009765625;0.509999998712374;52;100 mA;
41.820267894414;0.49969482421875;0.0128326416015625;0.519999998687126;53;100 mA;
41.8302678943887;0.499725341796875;0.01256103515625;0.529999998661879;54;100 mA;
41.8402678943635;0.499725341796875;0.0120086669921875;0.539999998636631;55;100 mA;
41.8502678943382;0.499755859375;0.0115814208984375;0.549999998611383;56;100 mA;
41.860267894313;0.49969482421875;0.01116943359375;0.559999998586136;57;100 mA;
41.8702678942877;0.499786376953125;0.01085205078125;0.569999998560888;58;100 mA;
41.8802678942625;0.4996337890625;0.01036376953125;0.579999998535641;59;100 mA;
41.8902678942372;0.49969482421875;0.0101226806640625;0.589999998510393;60;100 mA;
41.900267894212;0.49969482421875;0.0097137451171875;0.599999998485146;61;100 mA;
41.9102678941867;0.499755859375;0.009417724609375;0.609999998459898;62;100 mA;
41.9202678941615;0.499725341796875;0.009124755859375;0.61999999843465;63;100 mA;
41.9302678941363;0.49969482421875;0.0089111328125;0.629999998409403;64;100 mA;
41.940267894111;0.499725341796875;0.0086883544921875;0.639999998384155;65;100 mA;
41.9502678940858;0.499755859375;0.0085723876953125;0.649999998358908;66;100 mA;
41.9602678940605;0.499725341796875;0.0082672119140625;0.65999999833366;67;100 mA;
41.9702678940353;0.499755859375;0.008056640625;0.669999998308413;68;100 mA;
41.98026789401;0.499725341796875;0.0078765869140625;0.679999998283165;69;100 mA;
41.9902678939848;0.49969482421875;0.00775146484375;0.689999998257917;70;100 mA;
42.0002678939595;0.49969482421875;0.0074981689453125;0.69999999823267;71;100 mA;
42.0102678939343;0.499725341796875;0.0074066162109375;0.709999998207422;72;100 mA;
42.020267893909;0.49969482421875;0.007147216796875;0.719999998182175;73;100 mA;
42.0302678938838;0.49969482421875;0.007000732421875;0.729999998156927;74;100 mA;
42.0402678938585;0.499755859375;0.0068084716796875;0.73999999813168;75;100 mA;
42.0502678938333;0.499664306640625;0.006689453125;0.749999998106432;76;100 mA;
42.060267893808;0.49969482421875;0.0065521240234375;0.759999998081184;77;100 mA;
42.0702678937828;0.499725341796875;0.0065185546875;0.769999998055937;78;100 mA;
42.0802678937575;0.499725341796875;0.0063323974609375;0.779999998030689;79;100 mA;
42.0902678937323;0.499725341796875;0.0061920166015625;0.789999998005442;80;100 mA;
42.100267893707;0.49969482421875;0.006085205078125;0.799999997980194;81;100 mA;
42.1102678936818;0.499786376953125;0.0060455322265625;0.809999997954947;82;100 mA;
42.1202678936565;0.49969482421875;0.0058929443359375;0.819999997929699;83;100 mA;
42.1302678936313;0.499755859375;0.00587158203125;0.829999997904451;84;100 mA;
42.1402678936061;0.49981689453125;0.005706787109375;0.839999997879204;85;100 mA;
42.1502678935808;0.49969482421875;0.0055877685546875;0.849999997853956;86;100 mA;
42.1602678935556;0.49969482421875;0.0054840087890625;0.859999997828709;87;100 mA;
42.1702678935303;0.49969482421875;0.00543212890625;0.869999997803461;88;100 mA;
42.1802678935051;0.499786376953125;0.0052947998046875;0.879999997778214;89;100 mA;
42.1902678934798;0.499725341796875;0.005291748046875;0.889999997752966;90;100 mA;
42.2002678934546;0.499786376953125;0.0051727294921875;0.899999997727718;91;100 mA;
42.2102678934293;0.49969482421875;0.0050994873046875;0.909999997702471;92;100 mA;
42.2202678934041;0.49969482421875;0.005023193359375;0.919999997677223;93;100 mA;
42.2302678933788;0.499725341796875;0.0049652099609375;0.929999997651976;94;100 mA;
42.2402678933536;0.49969482421875;0.0048980712890625;0.939999997626728;95;100 mA;
42.2502678933283;0.499755859375;0.00491943359375;0.949999997601481;96;100 mA;
42.2602678933031;0.499725341796875;0.00480621337890625;0.959999997576233;97;100 mA;
42.2702678932778;0.49981689453125;0.00475616455078125;0.969999997550985;98;100 mA;
42.2802678932526;0.499786376953125;0.00469879150390625;0.979999997525738;99;100 mA;
42.2902678932273;0.49981689453125;0.00468994140625;0.98999999750049;100;100 mA;
42.3002678932021;0.499755859375;0.0045904541015625;0.999999997475243;101;100 mA;
42.3102678931768;0.499786376953125;0.00460174560546875;1.00999999745;102;100 mA;
42.3202678931516;0.499755859375;0.00448394775390625;1.01999999742475;103;100 mA;
42.3302678931263;0.499847412109375;0.00443450927734375;1.0299999973995;104;100 mA;
42.3402678931011;0.499786376953125;0.00436126708984375;1.03999999737425;105;100 mA;
42.3502678930759;0.49981689453125;0.00432281494140625;1.049999997349;106;100 mA;
42.3602678930506;0.49981689453125;0.00427398681640625;1.05999999732376;107;100 mA;
42.3702678930254;0.499755859375;0.0043206787109375;1.06999999729851;108;100 mA;
42.3802678930001;0.499847412109375;0.00424560546875;1.07999999727326;109;100 mA;
42.3902678929749;0.499755859375;0.0042034912109375;1.08999999724801;110;100 mA;
42.4002678929496;0.499786376953125;0.0041680908203125;1.09999999722277;111;100 mA;
42.4102678929244;0.499786376953125;0.0041778564453125;1.10999999719752;112;100 mA;
42.4202678928991;0.499847412109375;0.0041229248046875;1.11999999717227;113;100 mA;
42.4302678928739;0.499755859375;0.00417572021484375;1.12999999714702;114;100 mA;
42.4402678928486;0.49981689453125;0.004088134765625;1.13999999712178;115;100 mA;
42.4502678928234;0.49981689453125;0.00403472900390625;1.14999999709653;116;100 mA;
42.4602678927981;0.499755859375;0.00399169921875;1.15999999707128;117;100 mA;
42.4702678927729;0.49981689453125;0.00396759033203125;1.16999999704603;118;100 mA;
42.4802678927476;0.499786376953125;0.0038934326171875;1.17999999702079;119;100 mA;
42.4902678927224;0.49981689453125;0.0039166259765625;1.18999999699554;120;100 mA;
42.5002678926971;0.499786376953125;0.00384063720703125;1.19999999697029;121;100 mA;
42.5102678926719;0.499786376953125;0.00382537841796875;1.20999999694504;122;100 mA;
42.5202678926466;0.4998779296875;0.00380218505859375;1.2199999969198;123;100 mA;
42.5302678926214;0.499755859375;0.003768310546875;1.22999999689455;124;100 mA;
42.5402678925961;0.499755859375;0.0037384033203125;1.2399999968693;125;100 mA;
42.5502678925709;0.49981689453125;0.00378021240234375;1.24999999684405;126;100 mA;
42.5602678925457;0.499755859375;0.0037115478515625;1.25999999681881;127;100 mA;
42.5702678925204;0.499847412109375;0.0036834716796875;1.26999999679356;128;100 mA;
42.5802678924952;0.49981689453125;0.0036553955078125;1.27999999676831;129;100 mA;
42.5902678924699;0.499786376953125;0.00367828369140625;1.28999999674306;130;100 mA;
42.6002678924447;0.4998779296875;0.00361968994140625;1.29999999671782;131;100 mA;
42.6102678924194;0.499786376953125;0.003662109375;1.30999999669257;132;100 mA;
42.6202678923942;0.499755859375;0.0035882568359375;1.31999999666732;133;100 mA;
42.6302678923689;0.499755859375;0.00356597900390625;1.32999999664207;134;100 mA;
42.6402678923437;0.499786376953125;0.00354461669921875;1.33999999661683;135;100 mA;
42.6502678923184;0.499786376953125;0.003536376953125;1.34999999659158;136;100 mA;
42.6602678922932;0.499786376953125;0.00351715087890625;1.35999999656633;137;100 mA;
42.6702678922679;0.499786376953125;0.0035693359375;1.36999999654108;138;100 mA;
42.6802678922427;0.499786376953125;0.003511962890625;1.37999999651583;139;100 mA;
42.6902678922174;0.49981689453125;0.00348785400390625;1.38999999649059;140;100 mA;
42.7002678921922;0.499786376953125;0.00346160888671875;1.39999999646534;141;100 mA;
42.7102678921669;0.499847412109375;0.0034637451171875;1.40999999644009;142;100 mA;
42.7202678921417;0.49981689453125;0.00342010498046875;1.41999999641484;143;100 mA;
42.7302678921164;0.49981689453125;0.0034771728515625;1.4299999963896;144;100 mA;
42.7402678920912;0.499786376953125;0.003411865234375;1.43999999636435;145;100 mA;
42.7502678920659;0.49981689453125;0.00339202880859375;1.4499999963391;146;100 mA;
42.7602678920407;0.499755859375;0.003375244140625;1.45999999631385;147;100 mA;
42.7702678920155;0.499786376953125;0.003387451171875;1.46999999628861;148;100 mA;
42.7802678919902;0.499786376953125;0.003348388671875;1.47999999626336;149;100 mA;
42.790267891965;0.499786376953125;0.0033929443359375;1.48999999623811;150;100 mA;
42.8002678919397;0.49981689453125;0.00334014892578125;1.49999999621286;151;100 mA;
42.8102678919145;0.499786376953125;0.0033349609375;1.50999999618762;152;100 mA;
42.8202678918892;0.499786376953125;0.0033282470703125;1.51999999616237;153;100 mA;
42.830267891864;0.499786376953125;0.0033135986328125;1.52999999613712;154;100 mA;
42.8402678918387;0.49981689453125;0.003304443359375;1.53999999611187;155;100 mA;
42.8502678918135;0.499755859375;0.0033544921875;1.54999999608663;156;100 mA;
42.8602678917882;0.49981689453125;0.00331878662109375;1.55999999606138;157;100 mA;
42.870267891763;0.49981689453125;0.00331268310546875;1.56999999603613;158;100 mA;
42.8802678917377;0.499786376953125;0.00329193115234375;1.57999999601088;159;100 mA;
42.8902678917125;0.499786376953125;0.00331207275390625;1.58999999598564;160;100 mA;
42.9002678916872;0.499755859375;0.00326446533203125;1.59999999596039;161;100 mA;
42.910267891662;0.49981689453125;0.0033013916015625;1.60999999593514;162;100 mA;
42.9202678916367;0.499786376953125;0.00324310302734375;1.61999999590989;163;100 mA;
42.9302678916115;0.499755859375;0.00322998046875;1.62999999588465;164;100 mA;
42.9402678915862;0.499786376953125;0.00320587158203125;1.6399999958594;165;100 mA;
42.950267891561;0.499755859375;0.003206787109375;1.64999999583415;166;100 mA;
42.9602678915358;0.499847412109375;0.003194580078125;1.6599999958089;167;100 mA;
42.9702678915105;0.49981689453125;0.0032568359375;1.66999999578366;168;100 mA;
42.9802678914853;0.499786376953125;0.00322723388671875;1.67999999575841;169;100 mA;
42.99026789146;0.499786376953125;0.00321746826171875;1.68999999573316;170;100 mA;
43.0002678914348;0.49981689453125;0.0032147216796875;1.69999999570791;171;100 mA;
43.0102678914095;0.499755859375;0.003226318359375;1.70999999568267;172;100 mA;
43.0202678913843;0.499786376953125;0.00319244384765625;1.71999999565742;173;100 mA;
43.030267891359;0.499755859375;0.003245849609375;1.72999999563217;174;100 mA;
43.0402678913338;0.49981689453125;0.0031982421875;1.73999999560692;175;100 mA;
43.0502678913085;0.499847412109375;0.00319091796875;1.74999999558167;176;100 mA;
43.0602678912833;0.49981689453125;0.0031658935546875;1.75999999555643;177;100 mA;
43.070267891258;0.499786376953125;0.00318511962890625;1.76999999553118;178;100 mA;
43.0802678912328;0.499786376953125;0.0031451416015625;1.77999999550593;179;100 mA;
43.0902678912075;0.499847412109375;0.00318695068359375;1.78999999548068;180;100 mA;
43.1002678911823;0.499786376953125;0.003135986328125;1.79999999545544;181;100 mA;
43.110267891157;0.499847412109375;0.00313446044921875;1.80999999543019;182;100 mA;
43.1202678911318;0.499755859375;0.00313323974609375;1.81999999540494;183;100 mA;
43.1302678911065;0.49981689453125;0.00312957763671875;1.82999999537969;184;100 mA;
43.1402678910813;0.499786376953125;0.00312713623046875;1.83999999535445;185;100 mA;
43.150267891056;0.499786376953125;0.003167724609375;1.8499999953292;186;100 mA;
43.1602678910308;0.499847412109375;0.0031365966796875;1.85999999530395;187;100 mA;
43.1702678910056;0.499755859375;0.00313232421875;1.8699999952787;188;100 mA;
43.1802678909803;0.499786376953125;0.00311859130859375;1.87999999525346;189;100 mA;
43.1902678909551;0.499755859375;0.00314361572265625;1.88999999522821;190;100 mA;
43.2002678909298;0.49981689453125;0.003099365234375;1.89999999520296;191;100 mA;
43.2102678909046;0.49981689453125;0.00314361572265625;1.90999999517771;192;100 mA;
43.2202678908793;0.49981689453125;0.00309326171875;1.91999999515247;193;100 mA;
43.2302678908541;0.49981689453125;0.00308349609375;1.92999999512722;194;100 mA;
43.2402678908288;0.499725341796875;0.003057861328125;1.93999999510197;195;100 mA;
43.2502678908036;0.499786376953125;0.0030609130859375;1.94999999507672;196;100 mA;
43.2602678907783;0.499755859375;0.0030413818359375;1.95999999505148;197;100 mA;
43.2702678907531;0.49981689453125;0.0030914306640625;1.96999999502623;198;100 mA;
43.2802678907278;0.499755859375;0.003050537109375;1.97999999500098;199;100 mA;
43.2902678907026;0.499786376953125;0.00304229736328125;1.98999999497573;200;100 mA;
43.3002678906773;0.49981689453125;0.0030322265625;1.99999999495049;201;100 mA;
43.3102678906521;0.499847412109375;0.0030389404296875;2.00999999492524;202;100 mA;
43.3202678906268;0.499755859375;0.00300567626953125;2.01999999489999;203;100 mA;
43.3302678906016;0.499786376953125;0.00304656982421875;2.02999999487474;204;100 mA;
43.3402678905763;0.49981689453125;0.003001708984375;2.0399999948495;205;100 mA;
43.3502678905511;0.49981689453125;0.00299652099609375;2.04999999482425;206;100 mA;
43.3602678905258;0.4998779296875;0.0029730224609375;2.059999994799;207;100 mA;
43.3702678905006;0.499786376953125;0.00298828125;2.06999999477375;208;100 mA;
43.3802678904754;0.499847412109375;0.00294677734375;2.0799999947485;209;100 mA;
43.3902678904501;0.49981689453125;0.00298309326171875;2.08999999472326;210;100 mA;
43.4002678904249;0.49981689453125;0.00293975830078125;2.09999999469801;211;100 mA;
43.4102678903996;0.499755859375;0.0029486083984375;2.10999999467276;212;100 mA;
43.4202678903744;0.499847412109375;0.00294769287109375;2.11999999464751;213;100 mA;
43.4302678903491;0.499786376953125;0.002945556640625;2.12999999462227;214;100 mA;
43.4402678903239;0.499786376953125;0.00294158935546875;2.13999999459702;215;100 mA;
43.4502678902986;0.499847412109375;0.00298828125;2.14999999457177;216;100 mA;
43.4602678902734;0.49981689453125;0.00296417236328125;2.15999999454652;217;100 mA;
43.4702678902481;0.49981689453125;0.002969970703125;2.16999999452128;218;100 mA;
43.4802678902229;0.499786376953125;0.00295928955078125;2.17999999449603;219;100 mA;
43.4902678901976;0.499755859375;0.002987060546875;2.18999999447078;220;100 mA;
43.5002678901724;0.499786376953125;0.00295013427734375;2.19999999444553;221;100 mA;
43.5102678901471;0.499786376953125;0.0030010986328125;2.20999999442029;222;100 mA;
43.5202678901219;0.49981689453125;0.00296173095703125;2.21999999439504;223;100 mA;
43.5302678900966;0.499786376953125;0.00296661376953125;2.22999999436979;224;100 mA;
43.5402678900714;0.49981689453125;0.0029522705078125;2.23999999434454;225;100 mA;
43.5502678900461;0.499786376953125;0.00296234130859375;2.2499999943193;226;100 mA;
43.5602678900209;0.499786376953125;0.00294525146484375;2.25999999429405;227;100 mA;
43.5702678899956;0.499847412109375;0.00299163818359375;2.2699999942688;228;100 mA;
43.5802678899704;0.499847412109375;0.00295745849609375;2.27999999424355;229;100 mA;
43.5902678899452;0.499786376953125;0.00296173095703125;2.28999999421831;230;100 mA;
43.6002678899199;0.49981689453125;0.00295867919921875;2.29999999419306;231;100 mA;
43.6102678898947;0.499786376953125;0.00296356201171875;2.30999999416781;232;100 mA;
43.6202678898694;0.49981689453125;0.00294769287109375;2.31999999414256;233;100 mA;
43.6302678898442;0.499786376953125;0.00299713134765625;2.32999999411732;234;100 mA;
43.6402678898189;0.499755859375;0.002969970703125;2.33999999409207;235;100 mA;
43.6502678897937;0.499725341796875;0.00297088623046875;2.34999999406682;236;100 mA;
43.6602678897684;0.499847412109375;0.00295196533203125;2.35999999404157;237;100 mA;
43.6702678897432;0.49981689453125;0.00297332763671875;2.36999999401633;238;100 mA;
43.6802678897179;0.499847412109375;0.00293914794921875;2.37999999399108;239;100 mA;
43.6902678896927;0.499786376953125;0.002978515625;2.38999999396583;240;100 mA;
43.7002678896674;0.49981689453125;0.00294525146484375;2.39999999394058;241;100 mA;
43.7102678896422;0.499786376953125;0.0029498291015625;2.40999999391533;242;100 mA;
43.7202678896169;0.499755859375;0.00294189453125;2.41999999389009;243;100 mA;
43.7302678895917;0.499786376953125;0.00294189453125;2.42999999386484;244;100 mA;
43.7402678895664;0.49981689453125;0.0029400634765625;2.43999999383959;245;100 mA;
43.7502678895412;0.49981689453125;0.00298065185546875;2.44999999381434;246;100 mA;
43.7602678895159;0.499755859375;0.0029571533203125;2.4599999937891;247;100 mA;
43.7702678894907;0.499786376953125;0.00295440673828125;2.46999999376385;248;100 mA;
43.7802678894654;0.49981689453125;0.002930908203125;2.4799999937386;249;100 mA;
43.7902678894402;0.499786376953125;0.00294464111328125;2.48999999371335;250;100 mA;
43.800267889415;0.499755859375;0.0029022216796875;2.49999999368811;251;100 mA;
43.8102678893897;0.499786376953125;0.00293304443359375;2.50999999366286;252;100 mA;
43.8202678893645;0.499847412109375;0.002890625;2.51999999363761;253;100 mA;
43.8302678893392;0.49981689453125;0.00288299560546875;2.52999999361236;254;100 mA;
43.840267889314;0.49981689453125;0.002857666015625;2.53999999358712;255;100 mA;
43.8502678892887;0.49981689453125;0.0028546142578125;2.54999999356187;256;100 mA;
43.8602678892635;0.499786376953125;0.0028302001953125;2.55999999353662;257;100 mA;
43.8702678892382;0.499786376953125;0.00286468505859375;2.56999999351137;258;100 mA;
43.880267889213;0.49981689453125;0.00283172607421875;2.57999999348613;259;100 mA;
43.8902678891877;0.499786376953125;0.00283660888671875;2.58999999346088;260;100 mA;
43.9002678891625;0.49981689453125;0.00283355712890625;2.59999999343563;261;100 mA;
43.9102678891372;0.499847412109375;0.00283355712890625;2.60999999341038;262;100 mA;
43.920267889112;0.499755859375;0.00280792236328125;2.61999999338514;263;100 mA;
43.9302678890867;0.499755859375;0.00283935546875;2.62999999335989;264;100 mA;
43.9402678890615;0.499786376953125;0.00279052734375;2.63999999333464;265;100 mA;
43.9502678890362;0.49981689453125;0.00278594970703125;2.64999999330939;266;100 mA;
43.960267889011;0.49981689453125;0.0027606201171875;2.65999999328415;267;100 mA;
43.9702678889857;0.4998779296875;0.0027777099609375;2.6699999932589;268;100 mA;
43.9802678889605;0.49981689453125;0.002745361328125;2.67999999323365;269;100 mA;
43.9902678889353;0.499847412109375;0.0027764892578125;2.6899999932084;270;100 mA;
44.00026788891;0.499755859375;0.00273895263671875;2.69999999318316;271;100 mA;
44.0102678888848;0.499755859375;0.00274658203125;2.70999999315791;272;100 mA;
44.0202678888595;0.49981689453125;0.002745361328125;2.71999999313266;273;100 mA;
44.0302678888343;0.499755859375;0.00274169921875;2.72999999310741;274;100 mA;
44.040267888809;0.49981689453125;0.00272979736328125;2.73999999308217;275;100 mA;
44.0502678887838;0.499786376953125;0.00276702880859375;2.74999999305692;276;100 mA;
44.0602678887585;0.499786376953125;0.00273529052734375;2.75999999303167;277;100 mA;
44.0702678887333;0.49981689453125;0.00274810791015625;2.76999999300642;278;100 mA;
44.080267888708;0.499786376953125;0.00273956298828125;2.77999999298117;279;100 mA;
44.0902678886828;0.49981689453125;0.0027655029296875;2.78999999295593;280;100 mA;
44.1002678886575;0.499755859375;0.0027288818359375;2.79999999293068;281;100 mA;
44.1102678886323;0.499786376953125;0.0027752685546875;2.80999999290543;282;100 mA;
44.120267888607;0.499786376953125;0.0027374267578125;2.81999999288018;283;100 mA;
44.1302678885818;0.49981689453125;0.002728271484375;2.82999999285494;284;100 mA;
44.1402678885565;0.49981689453125;0.00270904541015625;2.83999999282969;285;100 mA;
44.1502678885313;0.499786376953125;0.00271514892578125;2.84999999280444;286;100 mA;
44.160267888506;0.4998779296875;0.00269989013671875;2.85999999277919;287;100 mA;
44.1702678884808;0.49981689453125;0.00273651123046875;2.86999999275395;288;100 mA;
44.1802678884555;0.49981689453125;0.0027008056640625;2.8799999927287;289;100 mA;
44.1902678884303;0.499786376953125;0.00270355224609375;2.88999999270345;290;100 mA;
44.2002678884051;0.499786376953125;0.0027069091796875;2.8999999926782;291;100 mA;
44.2102678883798;0.49981689453125;0.0027154541015625;2.90999999265296;292;100 mA;
44.2202678883546;0.49981689453125;0.0026983642578125;2.91999999262771;293;100 mA;
44.2302678883293;0.499755859375;0.002730712890625;2.92999999260246;294;100 mA;
44.2402678883041;0.499847412109375;0.00269927978515625;2.93999999257721;295;100 mA;
44.2502678882788;0.499755859375;0.00269989013671875;2.94999999255197;296;100 mA;
44.2602678882536;0.49981689453125;0.00268951416015625;2.95999999252672;297;100 mA;
44.2702678882283;0.499786376953125;0.002711181640625;2.96999999250147;298;100 mA;
44.2802678882031;0.499755859375;0.00268341064453125;2.97999999247622;299;100 mA;
44.2902678881778;0.49981689453125;0.0027142333984375;2.98999999245098;300;100 mA;
44.3002678881526;0.499847412109375;0.0026861572265625;2.99999999242573;301;100 mA;
44.3102678881273;0.499786376953125;0.0026983642578125;3.00999999240048;302;100 mA;
44.3202678881021;0.49981689453125;0.00269500732421875;3.01999999237523;303;100 mA;
44.3302678880768;0.499755859375;0.00270172119140625;3.02999999234999;304;100 mA;
44.3402678880516;0.499755859375;0.0026983642578125;3.03999999232474;305;100 mA;
44.3502678880263;0.49981689453125;0.0027349853515625;3.04999999229949;306;100 mA;
44.3602678880011;0.499786376953125;0.00271636962890625;3.05999999227424;307;100 mA;
44.3702678879758;0.499847412109375;0.002720947265625;3.069999992249;308;100 mA;
44.3802678879506;0.499786376953125;0.002706298828125;3.07999999222375;309;100 mA;
44.3902678879253;0.499786376953125;0.002728271484375;3.0899999921985;310;100 mA;
44.4002678879001;0.499786376953125;0.00269775390625;3.09999999217325;311;100 mA;
44.4102678878749;0.49981689453125;0.00273895263671875;3.109999992148;312;100 mA;
44.4202678878496;0.49981689453125;0.00271270751953125;3.11999999212276;313;100 mA;
44.4302678878244;0.4998779296875;0.002716064453125;3.12999999209751;314;100 mA;
44.4402678877991;0.49981689453125;0.0027001953125;3.13999999207226;315;100 mA;
44.4502678877739;0.499755859375;0.0027069091796875;3.14999999204701;316;100 mA;
44.4602678877486;0.49981689453125;0.00268585205078125;3.15999999202177;317;100 mA;
44.4702678877234;0.49981689453125;0.002716064453125;3.16999999199652;318;100 mA;
44.4802678876981;0.49981689453125;0.0026776123046875;3.17999999197127;319;100 mA;
44.4902678876729;0.499786376953125;0.0026708984375;3.18999999194602;320;100 mA;
44.5002678876476;0.499786376953125;0.00266693115234375;3.19999999192078;321;100 mA;
44.5102678876224;0.499786376953125;0.00266632080078125;3.20999999189553;322;100 mA;
44.5202678875971;0.49981689453125;0.00264373779296875;3.21999999187028;323;100 mA;
44.5302678875719;0.499786376953125;0.0026666259765625;3.22999999184503;324;100 mA;
44.5402678875466;0.49981689453125;0.00263092041015625;3.23999999181979;325;100 mA;
44.5502678875214;0.4998779296875;0.00262908935546875;3.24999999179454;326;100 mA;
44.5602678874961;0.499786376953125;0.00261260986328125;3.25999999176929;327;100 mA;
44.5702678874709;0.49981689453125;0.00263092041015625;3.26999999174404;328;100 mA;
44.5802678874456;0.49981689453125;0.00259613037109375;3.2799999917188;329;100 mA;
44.5902678874204;0.499786376953125;0.00262908935546875;3.28999999169355;330;100 mA;
44.6002678873951;0.499755859375;0.0025927734375;3.2999999916683;331;100 mA;
44.6102678873699;0.499755859375;0.0025994873046875;3.30999999164305;332;100 mA;
44.6202678873447;0.49981689453125;0.00259857177734375;3.31999999161781;333;100 mA;
44.6302678873194;0.499786376953125;0.00260833740234375;3.32999999159256;334;100 mA;
44.6402678872942;0.499786376953125;0.00260223388671875;3.33999999156731;335;100 mA;
44.6502678872689;0.499755859375;0.002642822265625;3.34999999154206;336;100 mA;
44.6602678872437;0.499786376953125;0.002615966796875;3.35999999151682;337;100 mA;
44.6702678872184;0.499786376953125;0.00262603759765625;3.36999999149157;338;100 mA;
44.6802678871932;0.49981689453125;0.00261932373046875;3.37999999146632;339;100 mA;
44.6902678871679;0.499847412109375;0.0026495361328125;3.38999999144107;340;100 mA;
44.7002678871427;0.499786376953125;0.00261749267578125;3.39999999141583;341;100 mA;
44.7102678871174;0.499786376953125;0.0026507568359375;3.40999999139058;342;100 mA;
44.7202678870922;0.499847412109375;0.00261444091796875;3.41999999136533;343;100 mA;
44.7302678870669;0.49981689453125;0.00260986328125;3.42999999134008;344;100 mA;
44.7402678870417;0.499755859375;0.002593994140625;3.43999999131483;345;100 mA;
44.7502678870164;0.49981689453125;0.00261383056640625;3.44999999128959;346;100 mA;
44.7602678869912;0.499786376953125;0.00259765625;3.45999999126434;347;100 mA;
44.7702678869659;0.49981689453125;0.00263946533203125;3.46999999123909;348;100 mA;
44.7802678869407;0.499847412109375;0.00261627197265625;3.47999999121384;349;100 mA;
44.7902678869154;0.499755859375;0.0026214599609375;3.4899999911886;350;100 mA;
44.8002678868902;0.499755859375;0.00263031005859375;3.49999999116335;351;100 mA;
44.8102678868649;0.499786376953125;0.00263763427734375;3.5099999911381;352;100 mA;
44.8202678868397;0.499786376953125;0.00261566162109375;3.51999999111285;353;100 mA;
44.8302678868145;0.49981689453125;0.002637939453125;3.52999999108761;354;100 mA;
44.8402678867892;0.4998779296875;0.00260589599609375;3.53999999106236;355;100 mA;
44.850267886764;0.49981689453125;0.00260101318359375;3.54999999103711;356;100 mA;
44.8602678867387;0.499786376953125;0.0025897216796875;3.55999999101186;357;100 mA;
44.8702678867135;0.499786376953125;0.00261199951171875;3.56999999098662;358;100 mA;
44.8802678866882;0.49981689453125;0.002579345703125;3.57999999096137;359;100 mA;
44.890267886663;0.49981689453125;0.00261199951171875;3.58999999093612;360;100 mA;
44.9002678866377;0.49981689453125;0.0025762939453125;3.59999999091087;361;100 mA;
44.9102678866125;0.49981689453125;0.00258392333984375;3.60999999088563;362;100 mA;
44.9202678865872;0.499847412109375;0.0025811767578125;3.61999999086038;363;100 mA;
44.930267886562;0.49981689453125;0.00259429931640625;3.62999999083513;364;100 mA;
44.9402678865367;0.499755859375;0.00258514404296875;3.63999999080988;365;100 mA;
44.9502678865115;0.49981689453125;0.00262725830078125;3.64999999078464;366;100 mA;
44.9602678864862;0.499786376953125;0.00260406494140625;3.65999999075939;367;100 mA;
44.970267886461;0.49981689453125;0.00261138916015625;3.66999999073414;368;100 mA;
44.9802678864357;0.499755859375;0.0026092529296875;3.67999999070889;369;100 mA;
44.9902678864105;0.499786376953125;0.00263427734375;3.68999999068365;370;100 mA;
45.0002678863852;0.499755859375;0.00259521484375;3.6999999906584;371;100 mA;
45.01026788636;0.4998779296875;0.002623291015625;3.70999999063315;372;100 mA;
45.0202678863348;0.499755859375;0.00258544921875;3.7199999906079;373;100 mA;
45.0302678863095;0.49981689453125;0.00258148193359375;3.72999999058266;374;100 mA;
45.0402678862843;0.499786376953125;0.002572021484375;3.73999999055741;375;100 mA;
45.050267886259;0.49981689453125;0.00258697509765625;3.74999999053216;376;100 mA;
45.0602678862338;0.499786376953125;0.00256439208984375;3.75999999050691;377;100 mA;
45.0702678862085;0.499786376953125;0.0025872802734375;3.76999999048167;378;100 mA;
45.0802678861833;0.499786376953125;0.0025628662109375;3.77999999045642;379;100 mA;
45.090267886158;0.499786376953125;0.0025653076171875;3.78999999043117;380;100 mA;
45.1002678861328;0.499786376953125;0.0025726318359375;3.79999999040592;381;100 mA;
45.1102678861075;0.49981689453125;0.00259063720703125;3.80999999038067;382;100 mA;
45.1202678860823;0.499786376953125;0.0025872802734375;3.81999999035543;383;100 mA;
45.130267886057;0.49981689453125;0.002623291015625;3.82999999033018;384;100 mA;
45.1402678860318;0.499755859375;0.00259796142578125;3.83999999030493;385;100 mA;
45.1502678860065;0.499786376953125;0.002606201171875;3.84999999027968;386;100 mA;
45.1602678859813;0.49981689453125;0.00261138916015625;3.85999999025444;387;100 mA;
45.170267885956;0.49981689453125;0.00264923095703125;3.86999999022919;388;100 mA;
45.1802678859308;0.499755859375;0.0026214599609375;3.87999999020394;389;100 mA;
45.1902678859055;0.499786376953125;0.00265838623046875;3.88999999017869;390;100 mA;
45.2002678858803;0.499786376953125;0.0026165771484375;3.89999999015345;391;100 mA;
45.210267885855;0.499786376953125;0.0026190185546875;3.9099999901282;392;100 mA;
45.2202678858298;0.499786376953125;0.002607421875;3.91999999010295;393;100 mA;
45.2302678858046;0.49981689453125;0.00262847900390625;3.9299999900777;394;100 mA;
45.2402678857793;0.499847412109375;0.0026251220703125;3.93999999005246;395;100 mA;
45.2502678857541;0.499786376953125;0.002664794921875;3.94999999002721;396;100 mA;
45.2602678857288;0.499786376953125;0.00265106201171875;3.95999999000196;397;100 mA;
45.2702678857036;0.4998779296875;0.0026513671875;3.96999998997671;398;100 mA;
45.2802678856783;0.499786376953125;0.00264862060546875;3.97999998995147;399;100 mA;
45.2902678856531;0.499755859375;0.00267974853515625;3.98999998992622;400;100 mA;
45.3002678856278;0.499786376953125;0.00264862060546875;3.99999998990097;401;100 mA;
45.3102678856026;0.499786376953125;0.00268463134765625;4.00999998987572;402;100 mA;
45.3202678855773;0.49981689453125;0.00265045166015625;4.01999998985048;403;100 mA;
45.3302678855521;0.499847412109375;0.00264801025390625;4.02999998982523;404;100 mA;
45.3402678855268;0.49981689453125;0.00263702392578125;4.03999998979998;405;100 mA;
45.3502678855016;0.49981689453125;0.00265838623046875;4.04999998977473;406;100 mA;
45.3602678854763;0.499755859375;0.002640380859375;4.05999998974949;407;100 mA;
45.3702678854511;0.499847412109375;0.0026654052734375;4.06999998972424;408;100 mA;
45.3802678854258;0.499786376953125;0.00264617919921875;4.07999998969899;409;100 mA;
45.3902678854006;0.499755859375;0.00265045166015625;4.08999998967374;410;100 mA;
45.4002678853753;0.499786376953125;0.0026507568359375;4.0999999896485;411;100 mA;
45.4102678853501;0.499786376953125;0.00265960693359375;4.10999998962325;412;100 mA;
45.4202678853248;0.49981689453125;0.00264739990234375;4.119999989598;413;100 mA;
45.4302678852996;0.49981689453125;0.00266998291015625;4.12999998957275;414;100 mA;
45.4402678852744;0.499847412109375;0.00263641357421875;4.1399999895475;415;100 mA;
45.4502678852491;0.499786376953125;0.00263336181640625;4.14999998952226;416;100 mA;
45.4602678852239;0.499847412109375;0.0026214599609375;4.15999998949701;417;100 mA;
45.4702678851986;0.499786376953125;0.00265411376953125;4.16999998947176;418;100 mA;
45.4802678851734;0.499786376953125;0.00261749267578125;4.17999998944651;419;100 mA;
45.4902678851481;0.49981689453125;0.00264251708984375;4.18999998942127;420;100 mA;
45.5002678851229;0.499786376953125;0.00259979248046875;4.19999998939602;421;100 mA;
45.5102678850976;0.499755859375;0.0025970458984375;4.20999998937077;422;100 mA;
45.5202678850724;0.49981689453125;0.00258056640625;4.21999998934552;423;100 mA;
45.5302678850471;0.499786376953125;0.00259490966796875;4.22999998932028;424;100 mA;
45.5402678850219;0.499786376953125;0.00258514404296875;4.23999998929503;425;100 mA;
45.5502678849966;0.499786376953125;0.0026177978515625;4.24999998926978;426;100 mA;
45.5602678849714;0.499847412109375;0.0025946044921875;4.25999998924453;427;100 mA;
45.5702678849461;0.499786376953125;0.00259368896484375;4.26999998921929;428;100 mA;
45.5802678849209;0.499755859375;0.002591552734375;4.27999998919404;429;100 mA;
45.5902678848956;0.499786376953125;0.00261810302734375;4.28999998916879;430;100 mA;
45.6002678848704;0.49981689453125;0.0025958251953125;4.29999998914354;431;100 mA;
45.6102678848451;0.499786376953125;0.002637939453125;4.3099999891183;432;100 mA;
45.6202678848199;0.499786376953125;0.00261016845703125;4.31999998909305;433;100 mA;
45.6302678847946;0.499786376953125;0.00259735107421875;4.3299999890678;434;100 mA;
45.6402678847694;0.499755859375;0.00257843017578125;4.33999998904255;435;100 mA;
45.6502678847442;0.49981689453125;0.002586669921875;4.34999998901731;436;100 mA;
45.6602678847189;0.49981689453125;0.00256317138671875;4.35999998899206;437;100 mA;
45.6702678846937;0.49981689453125;0.00259002685546875;4.36999998896681;438;100 mA;
45.6802678846684;0.49981689453125;0.00256439208984375;4.37999998894156;439;100 mA;
45.6902678846432;0.499786376953125;0.00256439208984375;4.38999998891632;440;100 mA;
45.7002678846179;0.49981689453125;0.00256317138671875;4.39999998889107;441;100 mA;
45.7102678845927;0.499755859375;0.00256439208984375;4.40999998886582;442;100 mA;
45.7202678845674;0.499786376953125;0.00255767822265625;4.41999998884057;443;100 mA;
45.7302678845422;0.499786376953125;0.00258514404296875;4.42999998881533;444;100 mA;
45.7402678845169;0.499786376953125;0.0025592041015625;4.43999998879008;445;100 mA;
45.7502678844917;0.49981689453125;0.0025518798828125;4.44999998876483;446;100 mA;
45.7602678844664;0.499786376953125;0.0025384521484375;4.45999998873958;447;100 mA;
45.7702678844412;0.499847412109375;0.002576904296875;4.46999998871433;448;100 mA;
45.7802678844159;0.499755859375;0.00254669189453125;4.47999998868909;449;100 mA;
45.7902678843907;0.4998779296875;0.00257965087890625;4.48999998866384;450;100 mA;
45.8002678843654;0.499786376953125;0.002545166015625;4.49999998863859;451;100 mA;
45.8102678843402;0.49981689453125;0.00254180908203125;4.50999998861334;452;100 mA;
45.8202678843149;0.499786376953125;0.00253265380859375;4.5199999885881;453;100 mA;
45.8302678842897;0.499786376953125;0.00254730224609375;4.52999998856285;454;100 mA;
45.8402678842644;0.49981689453125;0.00254241943359375;4.5399999885376;455;100 mA;
45.8502678842392;0.49981689453125;0.002579345703125;4.54999998851235;456;100 mA;
45.860267884214;0.49981689453125;0.00255401611328125;4.55999998848711;457;100 mA;
45.8702678841887;0.499755859375;0.00256011962890625;4.56999998846186;458;100 mA;
45.8802678841635;0.4998779296875;0.0025604248046875;4.57999998843661;459;100 mA;
45.8902678841382;0.499755859375;0.0025927734375;4.58999998841136;460;100 mA;
45.900267884113;0.49981689453125;0.00257232666015625;4.59999998838612;461;100 mA;
45.9102678840877;0.499755859375;0.0026177978515625;4.60999998836087;462;100 mA;
45.9202678840625;0.499786376953125;0.00258209228515625;4.61999998833562;463;100 mA;
45.9302678840372;0.49981689453125;0.00257720947265625;4.62999998831037;464;100 mA;
45.940267884012;0.499786376953125;0.0025604248046875;4.63999998828513;465;100 mA;
45.9502678839867;0.499786376953125;0.00258514404296875;4.64999998825988;466;100 mA;
45.9602678839615;0.499786376953125;0.0025714111328125;4.65999998823463;467;100 mA;
45.9702678839362;0.499847412109375;0.0026043701171875;4.66999998820938;468;100 mA;
45.980267883911;0.499786376953125;0.00257568359375;4.67999998818414;469;100 mA;
45.9902678838857;0.499786376953125;0.0025836181640625;4.68999998815889;470;100 mA;
46.0002678838605;0.49981689453125;0.00258544921875;4.69999998813364;471;100 mA;
46.0102678838352;0.499786376953125;0.0025933837890625;4.70999998810839;472;100 mA;
46.02026788381;0.49981689453125;0.00259246826171875;4.71999998808315;473;100 mA;
46.0302678837847;0.499786376953125;0.00262115478515625;4.7299999880579;474;100 mA;
46.0402678837595;0.499786376953125;0.00259002685546875;4.73999998803265;475;100 mA;
46.0502678837343;0.49969482421875;0.002589111328125;4.7499999880074;476;100 mA;
46.060267883709;0.499786376953125;0.0025701904296875;4.75999998798216;477;100 mA;
46.0702678836838;0.49981689453125;0.00260345458984375;4.76999998795691;478;100 mA;
46.0802678836585;0.499847412109375;0.00256683349609375;4.77999998793166;479;100 mA;
46.0902678836333;0.499755859375;0.00259002685546875;4.78999998790641;480;100 mA;
46.100267883608;0.499755859375;0.0025469970703125;4.79999998788116;481;100 mA;
46.1102678835828;0.499786376953125;0.00254852294921875;4.80999998785592;482;100 mA;
46.1202678835575;0.499755859375;0.00253082275390625;4.81999998783067;483;100 mA;
46.1302678835323;0.499786376953125;0.00254730224609375;4.82999998780542;484;100 mA;
46.140267883507;0.49981689453125;0.00254730224609375;4.83999998778017;485;100 mA;
46.1502678834818;0.49981689453125;0.0025885009765625;4.84999998775493;486;100 mA;
46.1602678834565;0.499786376953125;0.0025653076171875;4.85999998772968;487;100 mA;
46.1702678834313;0.499847412109375;0.00256622314453125;4.86999998770443;488;100 mA;
46.180267883406;0.499755859375;0.0025653076171875;4.87999998767918;489;100 mA;
46.1902678833808;0.499755859375;0.00259063720703125;4.88999998765394;490;100 mA;
46.2002678833555;0.49981689453125;0.00256988525390625;4.89999998762869;491;100 mA;
46.2102678833303;0.499786376953125;0.00260894775390625;4.90999998760344;492;100 mA;
46.220267883305;0.49981689453125;0.00257110595703125;4.91999998757819;493;100 mA;
46.2302678832798;0.499786376953125;0.0025689697265625;4.92999998755295;494;100 mA;
46.2402678832545;0.499786376953125;0.002547607421875;4.9399999875277;495;100 mA;
46.2502678832293;0.499786376953125;0.002572021484375;4.94999998750245;496;100 mA;
46.2602678832041;0.499847412109375;0.002547607421875;4.9599999874772;497;100 mA;
46.2702678831788;0.499847412109375;0.002578125;4.96999998745196;498;100 mA;
46.2802678831536;0.499755859375;0.0025457763671875;4.97999998742671;499;100 mA;
46.2902678831283;0.499725341796875;0.0025537109375;4.98999998740146;500;100 mA;
46.3002678831031;0.49981689453125;0.00254974365234375;4.99999998737621;501;100 mA;
46.3102678830778;0.49981689453125;0.0025616455078125;5.00999998735097;502;100 mA;
46.3202678830526;0.499786376953125;0.00256439208984375;5.01999998732572;503;100 mA;
46.3302678830273;0.499786376953125;0.00259246826171875;5.02999998730047;504;100 mA;
46.3402678830021;0.49981689453125;0.0025775146484375;5.03999998727522;505;100 mA;
46.3502678829768;0.49981689453125;0.0025732421875;5.04999998724998;506;100 mA;
46.3602678829516;0.49981689453125;0.002562255859375;5.05999998722473;507;100 mA;
46.3702678829263;0.499786376953125;0.00259674072265625;5.06999998719948;508;100 mA;
46.3802678829011;0.49981689453125;0.00256561279296875;5.07999998717423;509;100 mA;
46.3902678828758;0.499786376953125;0.00259185791015625;5.08999998714899;510;100 mA;
46.4002678828506;0.499786376953125;0.00255645751953125;5.09999998712374;511;100 mA;
46.4102678828253;0.4998779296875;0.00256011962890625;5.10999998709849;512;100 mA;
46.4202678828001;0.499786376953125;0.00254669189453125;5.11999998707324;513;100 mA;
46.4302678827748;0.49981689453125;0.0025689697265625;5.129999987048;514;100 mA;
46.4402678827496;0.499755859375;0.0025665283203125;5.13999998702275;515;100 mA;
46.4502678827243;0.499786376953125;0.002603759765625;5.1499999869975;516;100 mA;
46.4602678826991;0.499755859375;0.00258575439453125;5.15999998697225;517;100 mA;
46.4702678826739;0.49981689453125;0.002584228515625;5.169999986947;518;100 mA;
46.4802678826486;0.499786376953125;0.0025775146484375;5.17999998692176;519;100 mA;
46.4902678826234;0.499847412109375;0.00259674072265625;5.18999998689651;520;100 mA;
46.5002678825981;0.499786376953125;0.00256988525390625;5.19999998687126;521;100 mA;
46.5102678825729;0.49981689453125;0.0026007080078125;5.20999998684601;522;100 mA;
46.5202678825476;0.499908447265625;0.00257568359375;5.21999998682077;523;100 mA;
46.5302678825224;0.49981689453125;0.0025701904296875;5.22999998679552;524;100 mA;
46.5402678824971;0.49981689453125;0.00254974365234375;5.23999998677027;525;100 mA;
46.5502678824719;0.499786376953125;0.0025677490234375;5.24999998674502;526;100 mA;
46.5602678824466;0.4998779296875;0.0025396728515625;5.25999998671978;527;100 mA;
46.5702678824214;0.49981689453125;0.00256072998046875;5.26999998669453;528;100 mA;
46.5802678823961;0.499786376953125;0.00252593994140625;5.27999998666928;529;100 mA;
46.5902678823709;0.4998779296875;0.00252960205078125;5.28999998664403;530;100 mA;
46.6002678823456;0.499786376953125;0.00252044677734375;5.29999998661879;531;100 mA;
46.6102678823204;0.49981689453125;0.0025250244140625;5.30999998659354;532;100 mA;
46.6202678822951;0.499755859375;0.00251708984375;5.31999998656829;533;100 mA;
46.6302678822699;0.499755859375;0.0025360107421875;5.32999998654304;534;100 mA;
46.6402678822446;0.499786376953125;0.00251007080078125;5.3399999865178;535;100 mA;
46.6502678822194;0.49981689453125;0.00250946044921875;5.34999998649255;536;100 mA;
46.6602678821941;0.49981689453125;0.00249603271484375;5.3599999864673;537;100 mA;
46.6702678821689;0.499755859375;0.0025286865234375;5.36999998644205;538;100 mA;
46.6802678821437;0.49981689453125;0.00249481201171875;5.37999998641681;539;100 mA;
46.6902678821184;0.49981689453125;0.0025250244140625;5.38999998639156;540;100 mA;
46.7002678820932;0.499786376953125;0.0024896240234375;5.39999998636631;541;100 mA;
46.7102678820679;0.49981689453125;0.00249298095703125;5.40999998634106;542;100 mA;
46.7202678820427;0.499786376953125;0.00247833251953125;5.41999998631582;543;100 mA;
46.7302678820174;0.499786376953125;0.0024908447265625;5.42999998629057;544;100 mA;
46.7402678819922;0.499755859375;0.00247772216796875;5.43999998626532;545;100 mA;
46.7502678819669;0.4998779296875;0.00249969482421875;5.44999998624007;546;100 mA;
46.7602678819417;0.4998779296875;0.00246856689453125;5.45999998621483;547;100 mA;
46.7702678819164;0.499755859375;0.002470703125;5.46999998618958;548;100 mA;
46.7802678818912;0.49981689453125;0.0024688720703125;5.47999998616433;549;100 mA;
46.7902678818659;0.49981689453125;0.002496337890625;5.48999998613908;550;100 mA;
46.8002678818407;0.49981689453125;0.002476806640625;5.49999998611383;551;100 mA;
46.8102678818154;0.49981689453125;0.00251800537109375;5.50999998608859;552;100 mA;
46.8202678817902;0.499847412109375;0.00250152587890625;5.51999998606334;553;100 mA;
46.8302678817649;0.499786376953125;0.00250885009765625;5.52999998603809;554;100 mA;
46.8402678817397;0.499755859375;0.0024957275390625;5.53999998601284;555;100 mA;
46.8502678817144;0.499847412109375;0.00252685546875;5.5499999859876;556;100 mA;
46.8602678816892;0.499786376953125;0.002506103515625;5.55999998596235;557;100 mA;
46.8702678816639;0.499847412109375;0.00253265380859375;5.5699999859371;558;100 mA;
46.8802678816387;0.49981689453125;0.0025042724609375;5.57999998591185;559;100 mA;
46.8902678816135;0.499786376953125;0.00251251220703125;5.58999998588661;560;100 mA;
46.9002678815882;0.49981689453125;0.0025048828125;5.59999998586136;561;100 mA;
46.910267881563;0.499786376953125;0.00251861572265625;5.60999998583611;562;100 mA;
46.9202678815377;0.49981689453125;0.00251739501953125;5.61999998581086;563;100 mA;
46.9302678815125;0.49981689453125;0.00254486083984375;5.62999998578562;564;100 mA;
46.9402678814872;0.49981689453125;0.0025274658203125;5.63999998576037;565;100 mA;
46.950267881462;0.499786376953125;0.00252105712890625;5.64999998573512;566;100 mA;
46.9602678814367;0.4998779296875;0.00250030517578125;5.65999998570987;567;100 mA;
46.9702678814115;0.499755859375;0.00252716064453125;5.66999998568463;568;100 mA;
46.9802678813862;0.499786376953125;0.00249114990234375;5.67999998565938;569;100 mA;
46.990267881361;0.49981689453125;0.00251922607421875;5.68999998563413;570;100 mA;
47.0002678813357;0.499786376953125;0.00248291015625;5.69999998560888;571;100 mA;
47.0102678813105;0.499786376953125;0.00248748779296875;5.70999998558364;572;100 mA;
47.0202678812852;0.49981689453125;0.002471923828125;5.71999998555839;573;100 mA;
47.03026788126;0.499786376953125;0.00248321533203125;5.72999998553314;574;100 mA;
47.0402678812347;0.499786376953125;0.0024664306640625;5.73999998550789;575;100 mA;
47.0502678812095;0.499786376953125;0.00248992919921875;5.74999998548265;576;100 mA;
47.0602678811842;0.499786376953125;0.00246795654296875;5.7599999854574;577;100 mA;
47.070267881159;0.49981689453125;0.00247955322265625;5.76999998543215;578;100 mA;
47.0802678811338;0.499786376953125;0.0024835205078125;5.7799999854069;579;100 mA;
47.0902678811085;0.499786376953125;0.00249908447265625;5.78999998538166;580;100 mA;
47.1002678810833;0.499755859375;0.0024761962890625;5.79999998535641;581;100 mA;
47.110267881058;0.499786376953125;0.0025067138671875;5.80999998533116;582;100 mA;
47.1202678810328;0.499847412109375;0.0024700927734375;5.81999998530591;583;100 mA;
47.1302678810075;0.499786376953125;0.00246856689453125;5.82999998528066;584;100 mA;
47.1402678809823;0.499786376953125;0.00245697021484375;5.83999998525542;585;100 mA;
47.150267880957;0.49981689453125;0.00248992919921875;5.84999998523017;586;100 mA;
47.1602678809318;0.499786376953125;0.00247711181640625;5.85999998520492;587;100 mA;
47.1702678809065;0.49981689453125;0.0025146484375;5.86999998517967;588;100 mA;
47.1802678808813;0.49981689453125;0.0024957275390625;5.87999998515443;589;100 mA;
47.190267880856;0.499847412109375;0.00251068115234375;5.88999998512918;590;100 mA;
47.2002678808308;0.49981689453125;0.00250640869140625;5.89999998510393;591;100 mA;
47.2102678808055;0.499786376953125;0.0025152587890625;5.90999998507868;592;100 mA;
47.2202678807803;0.499786376953125;0.00250885009765625;5.91999998505344;593;100 mA;
47.230267880755;0.49981689453125;0.00253082275390625;5.92999998502819;594;100 mA;
47.2402678807298;0.499786376953125;0.00250701904296875;5.93999998500294;595;100 mA;
47.2502678807045;0.499755859375;0.002503662109375;5.94999998497769;596;100 mA;
47.2602678806793;0.499786376953125;0.00249053955078125;5.95999998495245;597;100 mA;
47.270267880654;0.49981689453125;0.00251922607421875;5.9699999849272;598;100 mA;
47.2802678806288;0.49981689453125;0.00248138427734375;5.97999998490195;599;100 mA;
47.2902678806036;0.499786376953125;0.0025018310546875;5.9899999848767;600;100 mA;
47.3002678805783;0.49981689453125;0.00246978759765625;5.99999998485146;601;100 mA;
47.3102678805531;0.499786376953125;0.0024658203125;6.00999998482621;602;100 mA;
47.3202678805278;0.49981689453125;0.002452392578125;6.01999998480096;603;100 mA;
47.3302678805026;0.49981689453125;0.00245941162109375;6.02999998477571;604;100 mA;
47.3402678804773;0.49981689453125;0.00244873046875;6.03999998475047;605;100 mA;
47.3502678804521;0.49981689453125;0.0024725341796875;6.04999998472522;606;100 mA;
47.3602678804268;0.49981689453125;0.00245758056640625;6.05999998469997;607;100 mA;
47.3702678804016;0.499755859375;0.00246551513671875;6.06999998467472;608;100 mA;
47.3802678803763;0.49981689453125;0.00246368408203125;6.07999998464948;609;100 mA;
47.3902678803511;0.49981689453125;0.00247467041015625;6.08999998462423;610;100 mA;
47.4002678803258;0.49981689453125;0.0024505615234375;6.09999998459898;611;100 mA;
47.4102678803006;0.499786376953125;0.00247528076171875;6.10999998457373;612;100 mA;
47.4202678802753;0.499786376953125;0.00244476318359375;6.11999998454849;613;100 mA;
47.4302678802501;0.499786376953125;0.00244171142578125;6.12999998452324;614;100 mA;
47.4402678802248;0.499847412109375;0.00242645263671875;6.13999998449799;615;100 mA;
47.4502678801996;0.499847412109375;0.00245086669921875;6.14999998447274;616;100 mA;
47.4602678801743;0.49981689453125;0.002425537109375;6.1599999844475;617;100 mA;
47.4702678801491;0.499786376953125;0.002447509765625;6.16999998442225;618;100 mA;
47.4802678801238;0.49981689453125;0.00241851806640625;6.179999984397;619;100 mA;
47.4902678800986;0.49981689453125;0.0024267578125;6.18999998437175;620;100 mA;
47.5002678800734;0.499786376953125;0.002415771484375;6.1999999843465;621;100 mA;
47.5102678800481;0.499786376953125;0.00243377685546875;6.20999998432126;622;100 mA;
47.5202678800229;0.499786376953125;0.00243621826171875;6.21999998429601;623;100 mA;
47.5302678799976;0.499755859375;0.00247222900390625;6.22999998427076;624;100 mA;
47.5402678799724;0.499786376953125;0.0024603271484375;6.23999998424551;625;100 mA;
47.5502678799471;0.499786376953125;0.0024713134765625;6.24999998422027;626;100 mA;
47.5602678799219;0.499755859375;0.00246490478515625;6.25999998419502;627;100 mA;
47.5702678798966;0.499755859375;0.0024981689453125;6.26999998416977;628;100 mA;
47.5802678798714;0.499786376953125;0.00247039794921875;6.27999998414452;629;100 mA;
47.5902678798461;0.499847412109375;0.0024920654296875;6.28999998411928;630;100 mA;
47.6002678798209;0.49981689453125;0.00246490478515625;6.29999998409403;631;100 mA;
47.6102678797956;0.499786376953125;0.00246337890625;6.30999998406878;632;100 mA;
47.6202678797704;0.499847412109375;0.00244537353515625;6.31999998404353;633;100 mA;
47.6302678797451;0.499725341796875;0.0024591064453125;6.32999998401829;634;100 mA;
47.6402678797199;0.49981689453125;0.00245849609375;6.33999998399304;635;100 mA;
47.6502678796946;0.499786376953125;0.0024932861328125;6.34999998396779;636;100 mA;
47.6602678796694;0.499755859375;0.0024755859375;6.35999998394254;637;100 mA;
47.6702678796441;0.499786376953125;0.0024755859375;6.3699999839173;638;100 mA;
47.6802678796189;0.499725341796875;0.002469482421875;6.37999998389205;639;100 mA;
47.6902678795936;0.499786376953125;0.00248016357421875;6.3899999838668;640;100 mA;
47.7002678795684;0.499755859375;0.00246368408203125;6.39999998384155;641;100 mA;
47.7102678795432;0.49981689453125;0.0024920654296875;6.40999998381631;642;100 mA;
47.7202678795179;0.499786376953125;0.00246368408203125;6.41999998379106;643;100 mA;
47.7302678794927;0.499786376953125;0.00246490478515625;6.42999998376581;644;100 mA;
47.7402678794674;0.499786376953125;0.00245574951171875;6.43999998374056;645;100 mA;
47.7502678794422;0.49981689453125;0.00247955322265625;6.44999998371532;646;100 mA;
47.7602678794169;0.49981689453125;0.0024493408203125;6.45999998369007;647;100 mA;
47.7702678793917;0.49981689453125;0.0024688720703125;6.46999998366482;648;100 mA;
47.7802678793664;0.49981689453125;0.00243011474609375;6.47999998363957;649;100 mA;
47.7902678793412;0.49981689453125;0.0024365234375;6.48999998361433;650;100 mA;
47.8002678793159;0.49981689453125;0.0024237060546875;6.49999998358908;651;100 mA;
47.8102678792907;0.499786376953125;0.00244049072265625;6.50999998356383;652;100 mA;
47.8202678792654;0.499786376953125;0.00243896484375;6.51999998353858;653;100 mA;
47.8302678792402;0.499786376953125;0.002471923828125;6.52999998351333;654;100 mA;
47.8402678792149;0.499847412109375;0.00244964599609375;6.53999998348809;655;100 mA;
47.8502678791897;0.499786376953125;0.00244903564453125;6.54999998346284;656;100 mA;
47.8602678791644;0.499786376953125;0.00243621826171875;6.55999998343759;657;100 mA;
47.8702678791392;0.499786376953125;0.00246490478515625;6.56999998341234;658;100 mA;
47.8802678791139;0.499755859375;0.002431640625;6.5799999833871;659;100 mA;
47.8902678790887;0.499786376953125;0.00245361328125;6.58999998336185;660;100 mA;
47.9002678790634;0.499786376953125;0.0024273681640625;6.5999999833366;661;100 mA;
47.9102678790382;0.49981689453125;0.00243316650390625;6.60999998331135;662;100 mA;
47.920267879013;0.499786376953125;0.002415771484375;6.61999998328611;663;100 mA;
47.9302678789877;0.49981689453125;0.0024310302734375;6.62999998326086;664;100 mA;
47.9402678789625;0.499786376953125;0.00241424560546875;6.63999998323561;665;100 mA;
47.9502678789372;0.499786376953125;0.0024359130859375;6.64999998321036;666;100 mA;
47.960267878912;0.499847412109375;0.00241455078125;6.65999998318512;667;100 mA;
47.9702678788867;0.499847412109375;0.0024200439453125;6.66999998315987;668;100 mA;
47.9802678788615;0.49981689453125;0.0024139404296875;6.67999998313462;669;100 mA;
47.9902678788362;0.499786376953125;0.0024249267578125;6.68999998310937;670;100 mA;
48.000267878811;0.499847412109375;0.00241058349609375;6.69999998308413;671;100 mA;
48.0102678787857;0.49981689453125;0.0024432373046875;6.70999998305888;672;100 mA;
48.0202678787605;0.499786376953125;0.002420654296875;6.71999998303363;673;100 mA;
48.0302678787352;0.499725341796875;0.00242828369140625;6.72999998300838;674;100 mA;
48.04026787871;0.499786376953125;0.00242645263671875;6.73999998298314;675;100 mA;
48.0502678786847;0.49981689453125;0.0024658203125;6.74999998295789;676;100 mA;
48.0602678786595;0.49981689453125;0.0024468994140625;6.75999998293264;677;100 mA;
48.0702678786342;0.499786376953125;0.00248291015625;6.76999998290739;678;100 mA;
48.080267878609;0.499786376953125;0.002459716796875;6.77999998288215;679;100 mA;
48.0902678785837;0.499786376953125;0.002469482421875;6.7899999828569;680;100 mA;
48.1002678785585;0.499786376953125;0.00246246337890625;6.79999998283165;681;100 mA;
48.1102678785333;0.499755859375;0.00248626708984375;6.8099999828064;682;100 mA;
48.120267878508;0.499847412109375;0.0024853515625;6.81999998278116;683;100 mA;
48.1302678784828;0.49981689453125;0.002510986328125;6.82999998275591;684;100 mA;
48.1402678784575;0.499786376953125;0.0024871826171875;6.83999998273066;685;100 mA;
48.1502678784323;0.49981689453125;0.0024847412109375;6.84999998270541;686;100 mA;
48.160267878407;0.499847412109375;0.002476806640625;6.85999998268016;687;100 mA;
48.1702678783818;0.499847412109375;0.00251068115234375;6.86999998265492;688;100 mA;
48.1802678783565;0.499786376953125;0.002484130859375;6.87999998262967;689;100 mA;
48.1902678783313;0.49981689453125;0.0025189208984375;6.88999998260442;690;100 mA;
48.200267878306;0.499786376953125;0.00248992919921875;6.89999998257917;691;100 mA;
48.2102678782808;0.499786376953125;0.0024896240234375;6.90999998255393;692;100 mA;
48.2202678782555;0.499847412109375;0.00247650146484375;6.91999998252868;693;100 mA;
48.2302678782303;0.499786376953125;0.0024920654296875;6.92999998250343;694;100 mA;
48.240267878205;0.499725341796875;0.0024755859375;6.93999998247818;695;100 mA;
48.2502678781798;0.499786376953125;0.002490234375;6.94999998245294;696;100 mA;
48.2602678781545;0.499847412109375;0.0024737548828125;6.95999998242769;697;100 mA;
48.2702678781293;0.499786376953125;0.0024822998046875;6.96999998240244;698;100 mA;
48.280267878104;0.49981689453125;0.00248260498046875;6.97999998237719;699;100 mA;
48.2902678780788;0.499786376953125;0.0024932861328125;6.98999998235195;700;100 mA;
48.3002678780535;0.499786376953125;0.0024871826171875;6.9999999823267;701;100 mA;
48.3102678780283;0.499847412109375;0.002513427734375;7.00999998230145;702;100 mA;
48.3202678780031;0.499786376953125;0.00248382568359375;7.0199999822762;703;100 mA;
48.3302678779778;0.499755859375;0.0024822998046875;7.02999998225096;704;100 mA;
48.3402678779526;0.49981689453125;0.00246856689453125;7.03999998222571;705;100 mA;
48.3502678779273;0.49981689453125;0.0024945068359375;7.04999998220046;706;100 mA;
48.3602678779021;0.499755859375;0.00245849609375;7.05999998217521;707;100 mA;
48.3702678778768;0.49981689453125;0.00247711181640625;7.06999998214997;708;100 mA;
48.3802678778516;0.499725341796875;0.00244110107421875;7.07999998212472;709;100 mA;
48.3902678778263;0.49981689453125;0.00244476318359375;7.08999998209947;710;100 mA;
48.4002678778011;0.49981689453125;0.00242950439453125;7.09999998207422;711;100 mA;
48.4102678777758;0.499755859375;0.0024462890625;7.10999998204898;712;100 mA;
48.4202678777506;0.49981689453125;0.00243499755859375;7.11999998202373;713;100 mA;
48.4302678777253;0.499786376953125;0.00246612548828125;7.12999998199848;714;100 mA;
48.4402678777001;0.49981689453125;0.00244720458984375;7.13999998197323;715;100 mA;
48.4502678776748;0.499755859375;0.002457275390625;7.14999998194799;716;100 mA;
48.4602678776496;0.49981689453125;0.0024591064453125;7.15999998192274;717;100 mA;
48.4702678776243;0.499786376953125;0.0024957275390625;7.16999998189749;718;100 mA;
48.4802678775991;0.499786376953125;0.002471923828125;7.17999998187224;719;100 mA;
48.4902678775738;0.499786376953125;0.00249969482421875;7.189999981847;720;100 mA;
48.5002678775486;0.499755859375;0.00246826171875;7.19999998182175;721;100 mA;
48.5102678775233;0.499786376953125;0.00246856689453125;7.2099999817965;722;100 mA;
48.5202678774981;0.499786376953125;0.00245269775390625;7.21999998177125;723;100 mA;
48.5302678774729;0.499755859375;0.00247161865234375;7.229999981746;724;100 mA;
48.5402678774476;0.499755859375;0.00245147705078125;7.23999998172076;725;100 mA;
48.5502678774224;0.49981689453125;0.0024664306640625;7.24999998169551;726;100 mA;
48.5602678773971;0.499786376953125;0.0024432373046875;7.25999998167026;727;100 mA;
48.5702678773719;0.49981689453125;0.00245147705078125;7.26999998164501;728;100 mA;
48.5802678773466;0.499725341796875;0.0024505615234375;7.27999998161977;729;100 mA;
48.5902678773214;0.499847412109375;0.00246612548828125;7.28999998159452;730;100 mA;
48.6002678772961;0.49981689453125;0.0024658203125;7.29999998156927;731;100 mA;
48.6102678772709;0.499786376953125;0.0024957275390625;7.30999998154402;732;100 mA;
48.6202678772456;0.49981689453125;0.002470703125;7.31999998151878;733;100 mA;
48.6302678772204;0.499786376953125;0.00246795654296875;7.32999998149353;734;100 mA;
48.6402678771951;0.499786376953125;0.0024609375;7.33999998146828;735;100 mA;
48.6502678771699;0.499847412109375;0.00249847412109375;7.34999998144303;736;100 mA;
48.6602678771446;0.499786376953125;0.00247344970703125;7.35999998141779;737;100 mA;
48.6702678771194;0.499755859375;0.00249755859375;7.36999998139254;738;100 mA;
48.6802678770941;0.499847412109375;0.00246368408203125;7.37999998136729;739;100 mA;
48.6902678770689;0.499786376953125;0.00246795654296875;7.38999998134204;740;100 mA;
48.7002678770436;0.499755859375;0.00245330810546875;7.3999999813168;741;100 mA;
48.7102678770184;0.499847412109375;0.002467041015625;7.40999998129155;742;100 mA;
48.7202678769931;0.499725341796875;0.00246124267578125;7.4199999812663;743;100 mA;
48.7302678769679;0.49981689453125;0.0024835205078125;7.42999998124105;744;100 mA;
48.7402678769427;0.499786376953125;0.00246307373046875;7.43999998121581;745;100 mA;
48.7502678769174;0.49981689453125;0.0024578857421875;7.44999998119056;746;100 mA;
48.7602678768922;0.499755859375;0.00244873046875;7.45999998116531;747;100 mA;
48.7702678768669;0.499786376953125;0.00246734619140625;7.46999998114006;748;100 mA;
48.7802678768417;0.499786376953125;0.00243927001953125;7.47999998111482;749;100 mA;
48.7902678768164;0.499786376953125;0.0024664306640625;7.48999998108957;750;100 mA;
48.8002678767912;0.499786376953125;0.0024462890625;7.49999998106432;751;100 mA;
48.8102678767659;0.499786376953125;0.00244903564453125;7.50999998103907;752;100 mA;
48.8202678767407;0.49981689453125;0.0024365234375;7.51999998101383;753;100 mA;
48.8302678767154;0.49981689453125;0.00245330810546875;7.52999998098858;754;100 mA;
48.8402678766902;0.499786376953125;0.00243408203125;7.53999998096333;755;100 mA;
48.8502678766649;0.499786376953125;0.00245208740234375;7.54999998093808;756;100 mA;
48.8602678766397;0.499786376953125;0.0024224853515625;7.55999998091283;757;100 mA;
48.8702678766144;0.499786376953125;0.0024273681640625;7.56999998088759;758;100 mA;
48.8802678765892;0.499786376953125;0.0024224853515625;7.57999998086234;759;100 mA;
48.8902678765639;0.499755859375;0.002435302734375;7.58999998083709;760;100 mA;
48.9002678765387;0.499755859375;0.0024359130859375;7.59999998081184;761;100 mA;
48.9102678765134;0.49981689453125;0.00245697021484375;7.6099999807866;762;100 mA;
48.9202678764882;0.49981689453125;0.00243560791015625;7.61999998076135;763;100 mA;
48.9302678764629;0.499755859375;0.0024310302734375;7.6299999807361;764;100 mA;
48.9402678764377;0.49981689453125;0.00241943359375;7.63999998071085;765;100 mA;
48.9502678764125;0.49981689453125;0.00244598388671875;7.64999998068561;766;100 mA;
48.9602678763872;0.49981689453125;0.00241546630859375;7.65999998066036;767;100 mA;
48.970267876362;0.499755859375;0.002437744140625;7.66999998063511;768;100 mA;
48.9802678763367;0.49981689453125;0.0024072265625;7.67999998060986;769;100 mA;
48.9902678763115;0.499755859375;0.00240447998046875;7.68999998058462;770;100 mA;
49.0002678762862;0.499786376953125;0.002381591796875;7.69999998055937;771;100 mA;
49.010267876261;0.499755859375;0.0023974609375;7.70999998053412;772;100 mA;
49.0202678762357;0.499847412109375;0.0023974609375;7.71999998050887;773;100 mA;
49.0302678762105;0.499847412109375;0.00243438720703125;7.72999998048363;774;100 mA;
49.0402678761852;0.49981689453125;0.0024224853515625;7.73999998045838;775;100 mA;
49.05026787616;0.49981689453125;0.002420654296875;7.74999998043313;776;100 mA;
49.0602678761347;0.4998779296875;0.0024200439453125;7.75999998040788;777;100 mA;
49.0702678761095;0.499755859375;0.00245025634765625;7.76999998038264;778;100 mA;
49.0802678760842;0.499786376953125;0.0024267578125;7.77999998035739;779;100 mA;
49.090267876059;0.49981689453125;0.00246337890625;7.78999998033214;780;100 mA;
49.1002678760337;0.499847412109375;0.002431640625;7.79999998030689;781;100 mA;
49.1102678760085;0.49981689453125;0.00243072509765625;7.80999998028165;782;100 mA;
49.1202678759832;0.499755859375;0.002408447265625;7.8199999802564;783;100 mA;
49.130267875958;0.49981689453125;0.00242645263671875;7.82999998023115;784;100 mA;
49.1402678759328;0.49981689453125;0.002406005859375;7.8399999802059;785;100 mA;
49.1502678759075;0.499786376953125;0.0024285888671875;7.84999998018066;786;100 mA;
49.1602678758823;0.499725341796875;0.0024029541015625;7.85999998015541;787;100 mA;
49.170267875857;0.499786376953125;0.0024053955078125;7.86999998013016;788;100 mA;
49.1802678758318;0.4998779296875;0.0023992919921875;7.87999998010491;789;100 mA;
49.1902678758065;0.499786376953125;0.00240875244140625;7.88999998007966;790;100 mA;
49.2002678757813;0.499786376953125;0.002401123046875;7.89999998005442;791;100 mA;
49.210267875756;0.499847412109375;0.0024114990234375;7.90999998002917;792;100 mA;
49.2202678757308;0.49981689453125;0.002386474609375;7.91999998000392;793;100 mA;
49.2302678757055;0.499847412109375;0.002384033203125;7.92999997997867;794;100 mA;
49.2402678756803;0.49981689453125;0.00237823486328125;7.93999997995343;795;100 mA;
49.250267875655;0.499847412109375;0.002415771484375;7.94999997992818;796;100 mA;
49.2602678756298;0.499755859375;0.0023956298828125;7.95999997990293;797;100 mA;
49.2702678756045;0.499725341796875;0.0024261474609375;7.96999997987768;798;100 mA;
49.2802678755793;0.499755859375;0.00241119384765625;7.97999997985244;799;100 mA;
49.290267875554;0.499847412109375;0.002421875;7.98999997982719;800;100 mA;
49.3002678755288;0.49981689453125;0.00240753173828125;7.99999997980194;801;100 mA;
49.3102678755035;0.499755859375;0.00242095947265625;8.00999997977669;802;100 mA;
49.3202678754783;0.499786376953125;0.00241485595703125;8.01999997975145;803;100 mA;
49.330267875453;0.499847412109375;0.002431640625;8.0299999797262;804;100 mA;
49.3402678754278;0.49981689453125;0.0024078369140625;8.03999997970095;805;100 mA;
49.3502678754026;0.499786376953125;0.00240325927734375;8.0499999796757;806;100 mA;
49.3602678753773;0.49981689453125;0.00240386962890625;8.05999997965046;807;100 mA;
49.3702678753521;0.499847412109375;0.002431640625;8.06999997962521;808;100 mA;
49.3802678753268;0.499786376953125;0.00241302490234375;8.07999997959996;809;100 mA;
49.3902678753016;0.49981689453125;0.0024285888671875;8.08999997957471;810;100 mA;
49.4002678752763;0.49981689453125;0.002403564453125;8.09999997954947;811;100 mA;
49.4102678752511;0.49981689453125;0.00240386962890625;8.10999997952422;812;100 mA;
49.4202678752258;0.49981689453125;0.00239013671875;8.11999997949897;813;100 mA;
49.4302678752006;0.49981689453125;0.00241180419921875;8.12999997947372;814;100 mA;
49.4402678751753;0.499755859375;0.00239288330078125;8.13999997944848;815;100 mA;
49.4502678751501;0.49981689453125;0.0024127197265625;8.14999997942323;816;100 mA;
49.4602678751248;0.49981689453125;0.00239166259765625;8.15999997939798;817;100 mA;
49.4702678750996;0.499847412109375;0.00239959716796875;8.16999997937273;818;100 mA;
49.4802678750743;0.4998779296875;0.0023858642578125;8.17999997934749;819;100 mA;
49.4902678750491;0.499786376953125;0.00239227294921875;8.18999997932224;820;100 mA;
49.5002678750238;0.499786376953125;0.00238739013671875;8.19999997929699;821;100 mA;
49.5102678749986;0.499786376953125;0.00240997314453125;8.20999997927174;822;100 mA;
49.5202678749733;0.49981689453125;0.00239776611328125;8.2199999792465;823;100 mA;
49.5302678749481;0.499755859375;0.00238677978515625;8.22999997922125;824;100 mA;
49.5402678749228;0.49981689453125;0.00236785888671875;8.239999979196;825;100 mA;
49.5502678748976;0.499786376953125;0.00239990234375;8.24999997917075;826;100 mA;
49.5602678748724;0.49981689453125;0.0023699951171875;8.2599999791455;827;100 mA;
49.5702678748471;0.499786376953125;0.0023956298828125;8.26999997912026;828;100 mA;
49.5802678748219;0.499847412109375;0.00237762451171875;8.27999997909501;829;100 mA;
49.5902678747966;0.4998779296875;0.0023785400390625;8.28999997906976;830;100 mA;
49.6002678747714;0.49981689453125;0.00236297607421875;8.29999997904451;831;100 mA;
49.6102678747461;0.49981689453125;0.00237762451171875;8.30999997901927;832;100 mA;
49.6202678747209;0.49981689453125;0.00237518310546875;8.31999997899402;833;100 mA;
49.6302678746956;0.499786376953125;0.0024041748046875;8.32999997896877;834;100 mA;
49.6402678746704;0.499786376953125;0.0023876953125;8.33999997894352;835;100 mA;
49.6502678746451;0.49981689453125;0.00238250732421875;8.34999997891828;836;100 mA;
49.6602678746199;0.499755859375;0.00237762451171875;8.35999997889303;837;100 mA;
49.6702678745946;0.499755859375;0.002408447265625;8.36999997886778;838;100 mA;
49.6802678745694;0.499725341796875;0.002388916015625;8.37999997884253;839;100 mA;
49.6902678745441;0.499847412109375;0.00241912841796875;8.38999997881729;840;100 mA;
49.7002678745189;0.499755859375;0.00240814208984375;8.39999997879204;841;100 mA;
49.7102678744936;0.499725341796875;0.00240631103515625;8.40999997876679;842;100 mA;
49.7202678744684;0.499755859375;0.00239105224609375;8.41999997874154;843;100 mA;
49.7302678744431;0.499786376953125;0.0024066162109375;8.4299999787163;844;100 mA;
49.7402678744179;0.49981689453125;0.00238189697265625;8.43999997869105;845;100 mA;
49.7502678743926;0.499847412109375;0.002393798828125;8.4499999786658;846;100 mA;
49.7602678743674;0.499755859375;0.00236968994140625;8.45999997864055;847;100 mA;
49.7702678743422;0.499786376953125;0.002374267578125;8.46999997861531;848;100 mA;
49.7802678743169;0.499786376953125;0.0023687744140625;8.47999997859006;849;100 mA;
49.7902678742917;0.499725341796875;0.0023773193359375;8.48999997856481;850;100 mA;
49.8002678742664;0.49981689453125;0.00238250732421875;8.49999997853956;851;100 mA;
49.8102678742412;0.499755859375;0.00240753173828125;8.50999997851432;852;100 mA;
49.8202678742159;0.49981689453125;0.002401123046875;8.51999997848907;853;100 mA;
49.8302678741907;0.499786376953125;0.00239349365234375;8.52999997846382;854;100 mA;
49.8402678741654;0.499786376953125;0.00238006591796875;8.53999997843857;855;100 mA;
49.8502678741402;0.49981689453125;0.0024041748046875;8.54999997841333;856;100 mA;
49.8602678741149;0.499755859375;0.002371826171875;8.55999997838808;857;100 mA;
49.8702678740897;0.499755859375;0.002391357421875;8.56999997836283;858;100 mA;
49.8802678740644;0.499755859375;0.0023724365234375;8.57999997833758;859;100 mA;
49.8902678740392;0.499786376953125;0.0023785400390625;8.58999997831233;860;100 mA;
49.9002678740139;0.49981689453125;0.0023681640625;8.59999997828709;861;100 mA;
49.9102678739887;0.499847412109375;0.00238006591796875;8.60999997826184;862;100 mA;
49.9202678739634;0.499786376953125;0.00236968994140625;8.61999997823659;863;100 mA;
49.9302678739382;0.499786376953125;0.00239044189453125;8.62999997821134;864;100 mA;
49.9402678739129;0.49981689453125;0.00237457275390625;8.6399999781861;865;100 mA;
49.9502678738877;0.499725341796875;0.00237640380859375;8.64999997816085;866;100 mA;
49.9602678738624;0.499755859375;0.0023760986328125;8.6599999781356;867;100 mA;
49.9702678738372;0.499786376953125;0.0024041748046875;8.66999997811035;868;100 mA;
49.980267873812;0.499755859375;0.00238800048828125;8.67999997808511;869;100 mA;
49.9902678737867;0.499847412109375;0.0024151611328125;8.68999997805986;870;100 mA;
50.0002678737615;0.499847412109375;0.00239410400390625;8.69999997803461;871;100 mA;
50.0102678737362;0.499755859375;0.00239288330078125;8.70999997800936;872;100 mA;
50.020267873711;0.49981689453125;0.002369384765625;8.71999997798412;873;100 mA;
50.0302678736857;0.499786376953125;0.00238677978515625;8.72999997795887;874;100 mA;
50.0402678736605;0.499786376953125;0.002354736328125;8.73999997793362;875;100 mA;
50.0502678736352;0.49981689453125;0.0023687744140625;8.74999997790837;876;100 mA;
50.06026787361;0.4998779296875;0.002349853515625;8.75999997788313;877;100 mA;
50.0702678735847;0.49981689453125;0.00236907958984375;8.76999997785788;878;100 mA;
50.0802678735595;0.499755859375;0.0023651123046875;8.77999997783263;879;100 mA;
50.0902678735342;0.49981689453125;0.0023748779296875;8.78999997780738;880;100 mA;
50.100267873509;0.499786376953125;0.00236602783203125;8.79999997778214;881;100 mA;
50.1102678734837;0.499847412109375;0.00238800048828125;8.80999997775689;882;100 mA;
50.1202678734585;0.4998779296875;0.002369384765625;8.81999997773164;883;100 mA;
50.1302678734332;0.499755859375;0.00236175537109375;8.82999997770639;884;100 mA;
50.140267873408;0.499786376953125;0.0023529052734375;8.83999997768115;885;100 mA;
50.1502678733827;0.49981689453125;0.00238525390625;8.8499999776559;886;100 mA;
50.1602678733575;0.499786376953125;0.0023614501953125;8.85999997763065;887;100 mA;
50.1702678733323;0.49981689453125;0.0023883056640625;8.8699999776054;888;100 mA;
50.180267873307;0.49981689453125;0.002366943359375;8.87999997758016;889;100 mA;
50.1902678732818;0.499755859375;0.00236785888671875;8.88999997755491;890;100 mA;
50.2002678732565;0.499786376953125;0.0023455810546875;8.89999997752966;891;100 mA;
50.2102678732313;0.49981689453125;0.00235870361328125;8.90999997750441;892;100 mA;
50.220267873206;0.49981689453125;0.0023431396484375;8.91999997747916;893;100 mA;
50.2302678731808;0.499786376953125;0.00236083984375;8.92999997745392;894;100 mA;
50.2402678731555;0.499786376953125;0.00233978271484375;8.93999997742867;895;100 mA;
50.2502678731303;0.49981689453125;0.0023486328125;8.94999997740342;896;100 mA;
50.260267873105;0.49981689453125;0.002353515625;8.95999997737817;897;100 mA;
50.2702678730798;0.499786376953125;0.002376708984375;8.96999997735293;898;100 mA;
50.2802678730545;0.49981689453125;0.0023577880859375;8.97999997732768;899;100 mA;
50.2902678730293;0.499755859375;0.002384033203125;8.98999997730243;900;100 mA;
50.300267873004;0.499786376953125;0.00236236572265625;8.99999997727718;901;100 mA;
50.3102678729788;0.499847412109375;0.00236572265625;9.00999997725194;902;100 mA;
50.3202678729535;0.499786376953125;0.00235260009765625;9.01999997722669;903;100 mA;
50.3302678729283;0.499786376953125;0.0023779296875;9.02999997720144;904;100 mA;
50.340267872903;0.499755859375;0.002352294921875;9.03999997717619;905;100 mA;
50.3502678728778;0.499755859375;0.002374267578125;9.04999997715095;906;100 mA;
50.3602678728525;0.49981689453125;0.00236053466796875;9.0599999771257;907;100 mA;
50.3702678728273;0.499786376953125;0.00237823486328125;9.06999997710045;908;100 mA;
50.3802678728021;0.49981689453125;0.0023687744140625;9.0799999770752;909;100 mA;
50.3902678727768;0.499755859375;0.00238128662109375;9.08999997704996;910;100 mA;
50.4002678727516;0.499786376953125;0.0023663330078125;9.09999997702471;911;100 mA;
50.4102678727263;0.499786376953125;0.002384033203125;9.10999997699946;912;100 mA;
50.4202678727011;0.49981689453125;0.00236968994140625;9.11999997697421;913;100 mA;
50.4302678726758;0.499725341796875;0.0023699951171875;9.12999997694897;914;100 mA;
50.4402678726506;0.499847412109375;0.0023565673828125;9.13999997692372;915;100 mA;
50.4502678726253;0.499786376953125;0.00238800048828125;9.14999997689847;916;100 mA;
50.4602678726001;0.499847412109375;0.00236053466796875;9.15999997687322;917;100 mA;
50.4702678725748;0.499786376953125;0.0023785400390625;9.16999997684798;918;100 mA;
50.4802678725496;0.499725341796875;0.0023541259765625;9.17999997682273;919;100 mA;
50.4902678725243;0.499847412109375;0.0023553466796875;9.18999997679748;920;100 mA;
50.5002678724991;0.499786376953125;0.00233795166015625;9.19999997677223;921;100 mA;
50.5102678724738;0.499786376953125;0.0023529052734375;9.20999997674699;922;100 mA;
50.5202678724486;0.499786376953125;0.0023468017578125;9.21999997672174;923;100 mA;
50.5302678724233;0.4998779296875;0.00237030029296875;9.22999997669649;924;100 mA;
50.5402678723981;0.499786376953125;0.00235382080078125;9.23999997667124;925;100 mA;
50.5502678723728;0.49981689453125;0.00235748291015625;9.249999976646;926;100 mA;
50.5602678723476;0.499755859375;0.0023602294921875;9.25999997662075;927;100 mA;
50.5702678723223;0.499755859375;0.00237762451171875;9.2699999765955;928;100 mA;
50.5802678722971;0.499786376953125;0.002359619140625;9.27999997657025;929;100 mA;
50.5902678722719;0.499755859375;0.00238128662109375;9.289999976545;930;100 mA;
50.6002678722466;0.49981689453125;0.0023651123046875;9.29999997651976;931;100 mA;
50.6102678722214;0.49981689453125;0.00237335205078125;9.30999997649451;932;100 mA;
50.6202678721961;0.49981689453125;0.002364501953125;9.31999997646926;933;100 mA;
50.6302678721709;0.499786376953125;0.002388916015625;9.32999997644401;934;100 mA;
50.6402678721456;0.49981689453125;0.00236663818359375;9.33999997641877;935;100 mA;
50.6502678721204;0.49981689453125;0.00238128662109375;9.34999997639352;936;100 mA;
50.6602678720951;0.49981689453125;0.00235565185546875;9.35999997636827;937;100 mA;
50.6702678720699;0.49981689453125;0.00236175537109375;9.36999997634302;938;100 mA;
50.6802678720446;0.499755859375;0.00235382080078125;9.37999997631778;939;100 mA;
50.6902678720194;0.49981689453125;0.002364501953125;9.38999997629253;940;100 mA;
50.7002678719941;0.49981689453125;0.0023590087890625;9.39999997626728;941;100 mA;
50.7102678719689;0.49981689453125;0.0023779296875;9.40999997624203;942;100 mA;
50.7202678719436;0.499847412109375;0.00235809326171875;9.41999997621679;943;100 mA;
50.7302678719184;0.499786376953125;0.002357177734375;9.42999997619154;944;100 mA;
50.7402678718931;0.499755859375;0.002354736328125;9.43999997616629;945;100 mA;
50.7502678718679;0.499755859375;0.0023699951171875;9.44999997614104;946;100 mA;
50.7602678718426;0.49981689453125;0.0023370361328125;9.4599999761158;947;100 mA;
50.7702678718174;0.49981689453125;0.00235504150390625;9.46999997609055;948;100 mA;
50.7802678717921;0.49981689453125;0.002330322265625;9.4799999760653;949;100 mA;
50.7902678717669;0.49981689453125;0.00233551025390625;9.48999997604005;950;100 mA;
50.8002678717417;0.49981689453125;0.002320556640625;9.49999997601481;951;100 mA;
50.8102678717164;0.49981689453125;0.00232940673828125;9.50999997598956;952;100 mA;
50.8202678716912;0.49981689453125;0.0023089599609375;9.51999997596431;953;100 mA;
50.8302678716659;0.499786376953125;0.0023187255859375;9.52999997593906;954;100 mA;
50.8402678716407;0.49981689453125;0.00229522705078125;9.53999997591382;955;100 mA;
50.8502678716154;0.49981689453125;0.0022979736328125;9.54999997588857;956;100 mA;
50.8602678715902;0.49981689453125;0.0022979736328125;9.55999997586332;957;100 mA;
50.8702678715649;0.49981689453125;0.002310791015625;9.56999997583807;958;100 mA;
50.8802678715397;0.499786376953125;0.002298583984375;9.57999997581283;959;100 mA;
50.8902678715144;0.499786376953125;0.00232177734375;9.58999997578758;960;100 mA;
50.9002678714892;0.499847412109375;0.0023046875;9.59999997576233;961;100 mA;
50.9102678714639;0.49981689453125;0.0023175048828125;9.60999997573708;962;100 mA;
50.9202678714387;0.49981689453125;0.0023162841796875;9.61999997571183;963;100 mA;
50.9302678714134;0.49981689453125;0.0023431396484375;9.62999997568659;964;100 mA;
50.9402678713882;0.499786376953125;0.0023272705078125;9.63999997566134;965;100 mA;
50.9502678713629;0.499755859375;0.00235321044921875;9.64999997563609;966;100 mA;
50.9602678713377;0.499755859375;0.00233489990234375;9.65999997561084;967;100 mA;
50.9702678713124;0.499755859375;0.0023468017578125;9.6699999755856;968;100 mA;
50.9802678712872;0.499786376953125;0.00233245849609375;9.67999997556035;969;100 mA;
50.9902678712619;0.499786376953125;0.00234466552734375;9.6899999755351;970;100 mA;
51.0002678712367;0.499786376953125;0.00233062744140625;9.69999997550985;971;100 mA;
51.0102678712115;0.499786376953125;0.00234710693359375;9.70999997548461;972;100 mA;
51.0202678711862;0.499786376953125;0.0023260498046875;9.71999997545936;973;100 mA;
51.030267871161;0.49981689453125;0.00232147216796875;9.72999997543411;974;100 mA;
51.0402678711357;0.499786376953125;0.0023223876953125;9.73999997540886;975;100 mA;
51.0502678711105;0.499755859375;0.0023486328125;9.74999997538362;976;100 mA;
51.0602678710852;0.499755859375;0.0023162841796875;9.75999997535837;977;100 mA;
51.07026787106;0.49981689453125;0.0023370361328125;9.76999997533312;978;100 mA;
51.0802678710347;0.499847412109375;0.00230743408203125;9.77999997530787;979;100 mA;
51.0902678710095;0.499755859375;0.00230865478515625;9.78999997528263;980;100 mA;
51.1002678709842;0.499786376953125;0.00229278564453125;9.79999997525738;981;100 mA;
51.110267870959;0.499725341796875;0.0023095703125;9.80999997523213;982;100 mA;
51.1202678709337;0.49981689453125;0.0022918701171875;9.81999997520688;983;100 mA;
51.1302678709085;0.49981689453125;0.0023040771484375;9.82999997518164;984;100 mA;
51.1402678708832;0.499786376953125;0.00229217529296875;9.83999997515639;985;100 mA;
51.150267870858;0.49981689453125;0.0022991943359375;9.84999997513114;986;100 mA;
51.1602678708327;0.499786376953125;0.0023101806640625;9.85999997510589;987;100 mA;
51.1702678708075;0.499786376953125;0.00232757568359375;9.86999997508065;988;100 mA;
51.1802678707822;0.49981689453125;0.00232147216796875;9.8799999750554;989;100 mA;
51.190267870757;0.49981689453125;0.00234222412109375;9.88999997503015;990;100 mA;
51.2002678707318;0.499847412109375;0.00232269287109375;9.8999999750049;991;100 mA;
51.2102678707065;0.499786376953125;0.00231964111328125;9.90999997497966;992;100 mA;
51.2202678706813;0.49981689453125;0.00231353759765625;9.91999997495441;993;100 mA;
51.230267870656;0.499786376953125;0.00233673095703125;9.92999997492916;994;100 mA;
51.2402678706308;0.49981689453125;0.0023126220703125;9.93999997490391;995;100 mA;
51.2502678706055;0.499755859375;0.00233428955078125;9.94999997487866;996;100 mA;
51.2602678705803;0.499755859375;0.00230987548828125;9.95999997485342;997;100 mA;
51.270267870555;0.499755859375;0.0023199462890625;9.96999997482817;998;100 mA;
51.2802678705298;0.49981689453125;0.0023040771484375;9.97999997480292;999;100 mA;
51.2902678705045;0.499786376953125;0.00232177734375;9.98999997477767;1000;100 mA;
51.3002678704793;0.49981689453125;0.00231170654296875;9.99999997475243;1001;100 mA;
51.310267870454;0.499755859375;0.00233795166015625;10.0099999747272;1002;100 mA;
51.3202678704288;0.49981689453125;0.00231781005859375;10.0199999747019;1003;100 mA;
51.3302678704035;0.499786376953125;0.0023199462890625;10.0299999746767;1004;100 mA;
51.3402678703783;0.499847412109375;0.00232025146484375;10.0399999746514;1005;100 mA;
51.350267870353;0.499755859375;0.0023419189453125;10.0499999746262;1006;100 mA;
51.3602678703278;0.499755859375;0.0023175048828125;10.0599999746009;1007;100 mA;
51.3702678703025;0.49981689453125;0.0023468017578125;10.0699999745757;1008;100 mA;
51.3802678702773;0.499786376953125;0.0023065185546875;10.0799999745504;1009;100 mA;
51.390267870252;0.49981689453125;0.00230194091796875;10.0899999745252;1010;100 mA;
51.4002678702268;0.49981689453125;0.00228302001953125;10.0999999745;1011;100 mA;
51.4102678702016;0.499847412109375;0.0023046875;10.1099999744747;1012;100 mA;
51.4202678701763;0.499786376953125;0.00229217529296875;10.1199999744495;1013;100 mA;
51.4302678701511;0.499755859375;0.00230804443359375;10.1299999744242;1014;100 mA;
51.4402678701258;0.49981689453125;0.002291259765625;10.139999974399;1015;100 mA;
51.4502678701006;0.499786376953125;0.00230194091796875;10.1499999743737;1016;100 mA;
51.4602678700753;0.499786376953125;0.00230316162109375;10.1599999743485;1017;100 mA;
51.4702678700501;0.49981689453125;0.0023101806640625;10.1699999743232;1018;100 mA;
51.4802678700248;0.499847412109375;0.0022967529296875;10.179999974298;1019;100 mA;
51.4902678699996;0.49981689453125;0.00231597900390625;10.1899999742727;1020;100 mA;
51.5002678699743;0.49981689453125;0.00229278564453125;10.1999999742475;1021;100 mA;
51.5102678699491;0.49981689453125;0.00229400634765625;10.2099999742222;1022;100 mA;
51.5202678699238;0.499786376953125;0.00229278564453125;10.219999974197;1023;100 mA;
51.5302678698986;0.499786376953125;0.0023199462890625;10.2299999741717;1024;100 mA;
51.5402678698733;0.499786376953125;0.00229095458984375;10.2399999741465;1025;100 mA;
51.5502678698481;0.499786376953125;0.002313232421875;10.2499999741212;1026;100 mA;
51.5602678698228;0.499847412109375;0.0022918701171875;10.259999974096;1027;100 mA;
51.5702678697976;0.499755859375;0.0022998046875;10.2699999740707;1028;100 mA;
51.5802678697723;0.499755859375;0.0022869873046875;10.2799999740455;1029;100 mA;
51.5902678697471;0.4998779296875;0.00231048583984375;10.2899999740202;1030;100 mA;
51.6002678697218;0.49981689453125;0.00231658935546875;10.299999973995;1031;100 mA;
51.6102678696966;0.499847412109375;0.0023590087890625;10.3099999739698;1032;100 mA;
51.6202678696714;0.49981689453125;0.002352294921875;10.3199999739445;1033;100 mA;
51.6302678696461;0.49981689453125;0.00236175537109375;10.3299999739193;1034;100 mA;
51.6402678696209;0.49981689453125;0.00236572265625;10.339999973894;1035;100 mA;
51.6502678695956;0.499786376953125;0.00239410400390625;10.3499999738688;1036;100 mA;
51.6602678695704;0.49981689453125;0.0023681640625;10.3599999738435;1037;100 mA;
51.6702678695451;0.49981689453125;0.0023956298828125;10.3699999738183;1038;100 mA;
51.6802678695199;0.499755859375;0.00236541748046875;10.379999973793;1039;100 mA;
51.6902678694946;0.499847412109375;0.00236480712890625;10.3899999737678;1040;100 mA;
51.7002678694694;0.499847412109375;0.00234283447265625;10.3999999737425;1041;100 mA;
51.7102678694441;0.49981689453125;0.00235931396484375;10.4099999737173;1042;100 mA;
51.7202678694189;0.499755859375;0.00233917236328125;10.419999973692;1043;100 mA;
51.7302678693936;0.499786376953125;0.002353515625;10.4299999736668;1044;100 mA;
51.7402678693684;0.4998779296875;0.00233428955078125;10.4399999736415;1045;100 mA;
51.7502678693431;0.499847412109375;0.00234619140625;10.4499999736163;1046;100 mA;
51.7602678693179;0.499755859375;0.002342529296875;10.459999973591;1047;100 mA;
51.7702678692926;0.499725341796875;0.00235382080078125;10.4699999735658;1048;100 mA;
51.7802678692674;0.49981689453125;0.00234130859375;10.4799999735405;1049;100 mA;
51.7902678692421;0.499847412109375;0.00235565185546875;10.4899999735153;1050;100 mA;
51.8002678692169;0.499786376953125;0.00234130859375;10.49999997349;1051;100 mA;
51.8102678691916;0.499786376953125;0.00234588623046875;10.5099999734648;1052;100 mA;
51.8202678691664;0.499847412109375;0.00233917236328125;10.5199999734396;1053;100 mA;
51.8302678691412;0.49981689453125;0.0023687744140625;10.5299999734143;1054;100 mA;
51.8402678691159;0.499755859375;0.0023358154296875;10.5399999733891;1055;100 mA;
51.8502678690907;0.499847412109375;0.00235595703125;10.5499999733638;1056;100 mA;
51.8602678690654;0.49981689453125;0.002332763671875;10.5599999733386;1057;100 mA;
51.8702678690402;0.4998779296875;0.002337646484375;10.5699999733133;1058;100 mA;
51.8802678690149;0.49981689453125;0.0023199462890625;10.5799999732881;1059;100 mA;
51.8902678689897;0.499786376953125;0.00232879638671875;10.5899999732628;1060;100 mA;
51.9002678689644;0.499786376953125;0.0023187255859375;10.5999999732376;1061;100 mA;
51.9102678689392;0.49981689453125;0.0023370361328125;10.6099999732123;1062;100 mA;
51.9202678689139;0.499755859375;0.00232147216796875;10.6199999731871;1063;100 mA;
51.9302678688887;0.49981689453125;0.00232269287109375;10.6299999731618;1064;100 mA;
51.9402678688634;0.499786376953125;0.00232818603515625;10.6399999731366;1065;100 mA;
51.9502678688382;0.49981689453125;0.00235687255859375;10.6499999731113;1066;100 mA;
51.9602678688129;0.499755859375;0.0023321533203125;10.6599999730861;1067;100 mA;
51.9702678687877;0.499786376953125;0.00235565185546875;10.6699999730608;1068;100 mA;
51.9802678687624;0.499847412109375;0.0023291015625;10.6799999730356;1069;100 mA;
51.9902678687372;0.49981689453125;0.00233642578125;10.6899999730103;1070;100 mA;
52.0002678687119;0.499786376953125;0.00232879638671875;10.6999999729851;1071;100 mA;
52.0102678686867;0.499847412109375;0.00235504150390625;10.7099999729598;1072;100 mA;
52.0202678686614;0.499755859375;0.00234222412109375;10.7199999729346;1073;100 mA;
52.0302678686362;0.49981689453125;0.00235809326171875;10.7299999729094;1074;100 mA;
52.040267868611;0.49981689453125;0.00234527587890625;10.7399999728841;1075;100 mA;
52.0502678685857;0.499847412109375;0.0023516845703125;10.7499999728589;1076;100 mA;
52.0602678685605;0.499786376953125;0.00235382080078125;10.7599999728336;1077;100 mA;
52.0702678685352;0.499786376953125;0.0023675537109375;10.7699999728084;1078;100 mA;
52.08026786851;0.499847412109375;0.00236053466796875;10.7799999727831;1079;100 mA;
52.0902678684847;0.499725341796875;0.00237335205078125;10.7899999727579;1080;100 mA;
52.1002678684595;0.499755859375;0.002349853515625;10.7999999727326;1081;100 mA;
52.1102678684342;0.49981689453125;0.00234649658203125;10.8099999727074;1082;100 mA;
52.120267868409;0.49981689453125;0.0023382568359375;10.8199999726821;1083;100 mA;
52.1302678683837;0.49981689453125;0.0023675537109375;10.8299999726569;1084;100 mA;
52.1402678683585;0.499786376953125;0.00234130859375;10.8399999726316;1085;100 mA;
52.1502678683332;0.49981689453125;0.00236175537109375;10.8499999726064;1086;100 mA;
52.160267868308;0.499786376953125;0.0023443603515625;10.8599999725811;1087;100 mA;
52.1702678682827;0.49981689453125;0.002349853515625;10.8699999725559;1088;100 mA;
52.1802678682575;0.499847412109375;0.002335205078125;10.8799999725306;1089;100 mA;
52.1902678682322;0.499725341796875;0.00235198974609375;10.8899999725054;1090;100 mA;
52.200267868207;0.499847412109375;0.00234375;10.8999999724801;1091;100 mA;
52.2102678681817;0.499755859375;0.0023675537109375;10.9099999724549;1092;100 mA;
52.2202678681565;0.49981689453125;0.002354736328125;10.9199999724297;1093;100 mA;
52.2302678681312;0.499786376953125;0.00235809326171875;10.9299999724044;1094;100 mA;
52.240267868106;0.49981689453125;0.00235931396484375;10.9399999723792;1095;100 mA;
52.2502678680808;0.499786376953125;0.00237274169921875;10.9499999723539;1096;100 mA;
52.2602678680555;0.499847412109375;0.00234222412109375;10.9599999723287;1097;100 mA;
52.2702678680303;0.499786376953125;0.002359619140625;10.9699999723034;1098;100 mA;
52.280267868005;0.499847412109375;0.002337646484375;10.9799999722782;1099;100 mA;
52.2902678679798;0.499847412109375;0.00234100341796875;10.9899999722529;1100;100 mA;
52.3002678679545;0.499755859375;0.00233306884765625;10.9999999722277;1101;100 mA;
52.3102678679293;0.499786376953125;0.0023663330078125;11.0099999722024;1102;100 mA;
52.320267867904;0.49981689453125;0.0023504638671875;11.0199999721772;1103;100 mA;
52.3302678678788;0.499786376953125;0.00236328125;11.0299999721519;1104;100 mA;
52.3402678678535;0.499725341796875;0.00234405517578125;11.0399999721267;1105;100 mA;
52.3502678678283;0.49981689453125;0.00235260009765625;11.0499999721014;1106;100 mA;
52.360267867803;0.49981689453125;0.0023468017578125;11.0599999720762;1107;100 mA;
52.3702678677778;0.499847412109375;0.00235565185546875;11.0699999720509;1108;100 mA;
52.3802678677525;0.499755859375;0.002349853515625;11.0799999720257;1109;100 mA;
52.3902678677273;0.499755859375;0.0023699951171875;11.0899999720004;1110;100 mA;
52.400267867702;0.49981689453125;0.00235198974609375;11.0999999719752;1111;100 mA;
52.4102678676768;0.499786376953125;0.00234832763671875;11.1099999719499;1112;100 mA;
52.4202678676515;0.49981689453125;0.00234100341796875;11.1199999719247;1113;100 mA;
52.4302678676263;0.499755859375;0.002364501953125;11.1299999718995;1114;100 mA;
52.4402678676011;0.49981689453125;0.0023309326171875;11.1399999718742;1115;100 mA;
52.4502678675758;0.49981689453125;0.00234466552734375;11.149999971849;1116;100 mA;
52.4602678675506;0.499847412109375;0.0023175048828125;11.1599999718237;1117;100 mA;
52.4702678675253;0.499847412109375;0.002325439453125;11.1699999717985;1118;100 mA;
52.4802678675001;0.499786376953125;0.002310791015625;11.1799999717732;1119;100 mA;
52.4902678674748;0.49981689453125;0.00232635498046875;11.189999971748;1120;100 mA;
52.5002678674496;0.49981689453125;0.00231842041015625;11.1999999717227;1121;100 mA;
52.5102678674243;0.499847412109375;0.00233856201171875;11.2099999716975;1122;100 mA;
52.5202678673991;0.499786376953125;0.0023236083984375;11.2199999716722;1123;100 mA;
52.5302678673738;0.49981689453125;0.00233001708984375;11.229999971647;1124;100 mA;
52.5402678673486;0.499847412109375;0.0023431396484375;11.2399999716217;1125;100 mA;
52.5502678673233;0.4998779296875;0.0023602294921875;11.2499999715965;1126;100 mA;
52.5602678672981;0.499786376953125;0.00234405517578125;11.2599999715712;1127;100 mA;
52.5702678672728;0.499786376953125;0.002364501953125;11.269999971546;1128;100 mA;
52.5802678672476;0.49981689453125;0.0023382568359375;11.2799999715207;1129;100 mA;
52.5902678672223;0.499786376953125;0.0023492431640625;11.2899999714955;1130;100 mA;
52.6002678671971;0.499786376953125;0.0023388671875;11.2999999714702;1131;100 mA;
52.6102678671718;0.49981689453125;0.0023724365234375;11.309999971445;1132;100 mA;
52.6202678671466;0.499755859375;0.00235015869140625;11.3199999714197;1133;100 mA;
52.6302678671213;0.49981689453125;0.00236175537109375;11.3299999713945;1134;100 mA;
52.6402678670961;0.49981689453125;0.00234375;11.3399999713693;1135;100 mA;
52.6502678670709;0.499786376953125;0.0023577880859375;11.349999971344;1136;100 mA;
52.6602678670456;0.499755859375;0.00235870361328125;11.3599999713188;1137;100 mA;
52.6702678670204;0.49969482421875;0.00237518310546875;11.3699999712935;1138;100 mA;
52.6802678669951;0.499786376953125;0.00236663818359375;11.3799999712683;1139;100 mA;
52.6902678669699;0.499786376953125;0.00238861083984375;11.389999971243;1140;100 mA;
52.7002678669446;0.49981689453125;0.002379150390625;11.3999999712178;1141;100 mA;
52.7102678669194;0.49981689453125;0.00238037109375;11.4099999711925;1142;100 mA;
52.7202678668941;0.499786376953125;0.0023760986328125;11.4199999711673;1143;100 mA;
52.7302678668689;0.499725341796875;0.00240081787109375;11.429999971142;1144;100 mA;
52.7402678668436;0.499786376953125;0.0023614501953125;11.4399999711168;1145;100 mA;
52.7502678668184;0.49981689453125;0.0023724365234375;11.4499999710915;1146;100 mA;
52.7602678667931;0.499755859375;0.00234283447265625;11.4599999710663;1147;100 mA;
52.7702678667679;0.499847412109375;0.00234466552734375;11.469999971041;1148;100 mA;
52.7802678667426;0.499786376953125;0.00232757568359375;11.4799999710158;1149;100 mA;
52.7902678667174;0.499755859375;0.002347412109375;11.4899999709905;1150;100 mA;
52.8002678666921;0.499847412109375;0.00234405517578125;11.4999999709653;1151;100 mA;
52.8102678666669;0.499786376953125;0.00236602783203125;11.50999997094;1152;100 mA;
52.8202678666416;0.499755859375;0.00235321044921875;11.5199999709148;1153;100 mA;
52.8302678666164;0.499786376953125;0.00235870361328125;11.5299999708895;1154;100 mA;
52.8402678665911;0.49981689453125;0.00236480712890625;11.5399999708643;1155;100 mA;
52.8502678665659;0.49981689453125;0.00237823486328125;11.5499999708391;1156;100 mA;
52.8602678665407;0.499786376953125;0.0023651123046875;11.5599999708138;1157;100 mA;
52.8702678665154;0.499786376953125;0.002388916015625;11.5699999707886;1158;100 mA;
52.8802678664902;0.499786376953125;0.0023565673828125;11.5799999707633;1159;100 mA;
52.8902678664649;0.499786376953125;0.00235443115234375;11.5899999707381;1160;100 mA;
52.9002678664397;0.499786376953125;0.002342529296875;11.5999999707128;1161;100 mA;
52.9102678664144;0.499786376953125;0.002369384765625;11.6099999706876;1162;100 mA;
52.9202678663892;0.499786376953125;0.00234466552734375;11.6199999706623;1163;100 mA;
52.9302678663639;0.49981689453125;0.0023577880859375;11.6299999706371;1164;100 mA;
52.9402678663387;0.499786376953125;0.0023333740234375;11.6399999706118;1165;100 mA;
52.9502678663134;0.499786376953125;0.00233978271484375;11.6499999705866;1166;100 mA;
52.9602678662882;0.499786376953125;0.0023297119140625;11.6599999705613;1167;100 mA;
52.9702678662629;0.499847412109375;0.00234619140625;11.6699999705361;1168;100 mA;
52.9802678662377;0.49981689453125;0.0023333740234375;11.6799999705108;1169;100 mA;
52.9902678662124;0.499847412109375;0.0023541259765625;11.6899999704856;1170;100 mA;
53.0002678661872;0.499847412109375;0.0023388671875;11.6999999704603;1171;100 mA;
53.0102678661619;0.499847412109375;0.00234649658203125;11.7099999704351;1172;100 mA;
53.0202678661367;0.49981689453125;0.00235321044921875;11.7199999704098;1173;100 mA;
53.0302678661114;0.49981689453125;0.00238861083984375;11.7299999703846;1174;100 mA;
53.0402678660862;0.499755859375;0.0023663330078125;11.7399999703593;1175;100 mA;
53.0502678660609;0.49981689453125;0.0023828125;11.7499999703341;1176;100 mA;
53.0602678660357;0.499755859375;0.00236083984375;11.7599999703089;1177;100 mA;
53.0702678660105;0.499786376953125;0.002364501953125;11.7699999702836;1178;100 mA;
53.0802678659852;0.499755859375;0.0023419189453125;11.7799999702584;1179;100 mA;
53.09026786596;0.49981689453125;0.0023553466796875;11.7899999702331;1180;100 mA;
53.1002678659347;0.49981689453125;0.0023406982421875;11.7999999702079;1181;100 mA;
53.1102678659095;0.499786376953125;0.00235076904296875;11.8099999701826;1182;100 mA;
53.1202678658842;0.499847412109375;0.0023291015625;11.8199999701574;1183;100 mA;
53.130267865859;0.499786376953125;0.00233367919921875;11.8299999701321;1184;100 mA;
53.1402678658337;0.499755859375;0.00234222412109375;11.8399999701069;1185;100 mA;
53.1502678658085;0.499847412109375;0.0023590087890625;11.8499999700816;1186;100 mA;
53.1602678657832;0.49981689453125;0.0023480224609375;11.8599999700564;1187;100 mA;
53.170267865758;0.499786376953125;0.00236785888671875;11.8699999700311;1188;100 mA;
53.1802678657327;0.49981689453125;0.00234527587890625;11.8799999700059;1189;100 mA;
53.1902678657075;0.499786376953125;0.00235015869140625;11.8899999699806;1190;100 mA;
53.2002678656822;0.499725341796875;0.0023394775390625;11.8999999699554;1191;100 mA;
53.210267865657;0.49981689453125;0.00236114501953125;11.9099999699301;1192;100 mA;
53.2202678656317;0.49981689453125;0.0023388671875;11.9199999699049;1193;100 mA;
53.2302678656065;0.499786376953125;0.00234710693359375;11.9299999698796;1194;100 mA;
53.2402678655812;0.499786376953125;0.00231964111328125;11.9399999698544;1195;100 mA;
53.250267865556;0.499786376953125;0.00232208251953125;11.9499999698292;1196;100 mA;
53.2602678655307;0.499786376953125;0.0023114013671875;11.9599999698039;1197;100 mA;
53.2702678655055;0.49981689453125;0.0023260498046875;11.9699999697787;1198;100 mA;
53.2802678654803;0.49981689453125;0.00231170654296875;11.9799999697534;1199;100 mA;
53.290267865455;0.4998779296875;0.00232421875;11.9899999697282;1200;100 mA;
53.3002678654298;0.499786376953125;0.00229949951171875;11.9999999697029;1201;100 mA;
53.3102678654045;0.499786376953125;0.00229583740234375;12.0099999696777;1202;100 mA;
53.3202678653793;0.499847412109375;0.0022930908203125;12.0199999696524;1203;100 mA;
53.330267865354;0.49981689453125;0.002318115234375;12.0299999696272;1204;100 mA;
53.3402678653288;0.49981689453125;0.002296142578125;12.0399999696019;1205;100 mA;
53.3502678653035;0.499786376953125;0.00231903076171875;12.0499999695767;1206;100 mA;
53.3602678652783;0.49981689453125;0.0022991943359375;12.0599999695514;1207;100 mA;
53.370267865253;0.499786376953125;0.00230712890625;12.0699999695262;1208;100 mA;
53.3802678652278;0.499786376953125;0.00229278564453125;12.0799999695009;1209;100 mA;
53.3902678652025;0.499786376953125;0.00231201171875;12.0899999694757;1210;100 mA;
53.4002678651773;0.49981689453125;0.0023004150390625;12.0999999694504;1211;100 mA;
53.410267865152;0.499725341796875;0.0023095703125;12.1099999694252;1212;100 mA;
53.4202678651268;0.49981689453125;0.00229156494140625;12.1199999693999;1213;100 mA;
53.4302678651015;0.499786376953125;0.00229522705078125;12.1299999693747;1214;100 mA;
53.4402678650763;0.499786376953125;0.00230133056640625;12.1399999693494;1215;100 mA;
53.450267865051;0.499786376953125;0.00232269287109375;12.1499999693242;1216;100 mA;
53.4602678650258;0.49981689453125;0.00231689453125;12.159999969299;1217;100 mA;
53.4702678650006;0.499786376953125;0.00233978271484375;12.1699999692737;1218;100 mA;
53.4802678649753;0.499725341796875;0.002315673828125;12.1799999692485;1219;100 mA;
53.4902678649501;0.499786376953125;0.00231719970703125;12.1899999692232;1220;100 mA;
53.5002678649248;0.499847412109375;0.00230804443359375;12.199999969198;1221;100 mA;
53.5102678648996;0.499847412109375;0.0023321533203125;12.2099999691727;1222;100 mA;
53.5202678648743;0.499755859375;0.00230621337890625;12.2199999691475;1223;100 mA;
53.5302678648491;0.49981689453125;0.00231903076171875;12.2299999691222;1224;100 mA;
53.5402678648238;0.499786376953125;0.00229095458984375;12.239999969097;1225;100 mA;
53.5502678647986;0.499847412109375;0.002296142578125;12.2499999690717;1226;100 mA;
53.5602678647733;0.499755859375;0.00228057861328125;12.2599999690465;1227;100 mA;
53.5702678647481;0.499847412109375;0.00230010986328125;12.2699999690212;1228;100 mA;
53.5802678647228;0.49981689453125;0.0022906494140625;12.279999968996;1229;100 mA;
53.5902678646976;0.499755859375;0.00231475830078125;12.2899999689707;1230;100 mA;
53.6002678646723;0.49981689453125;0.00230438232421875;12.2999999689455;1231;100 mA;
53.6102678646471;0.49981689453125;0.002308349609375;12.3099999689202;1232;100 mA;
53.6202678646218;0.49981689453125;0.00231109619140625;12.319999968895;1233;100 mA;
53.6302678645966;0.49981689453125;0.0023406982421875;12.3299999688697;1234;100 mA;
53.6402678645713;0.499786376953125;0.0023089599609375;12.3399999688445;1235;100 mA;
53.6502678645461;0.499847412109375;0.002325439453125;12.3499999688192;1236;100 mA;
53.6602678645208;0.49981689453125;0.0023040771484375;12.359999968794;1237;100 mA;
53.6702678644956;0.499847412109375;0.0023077392578125;12.3699999687688;1238;100 mA;
53.6802678644704;0.499786376953125;0.0022930908203125;12.3799999687435;1239;100 mA;
53.6902678644451;0.499786376953125;0.0023126220703125;12.3899999687183;1240;100 mA;
53.7002678644199;0.499786376953125;0.002298583984375;12.399999968693;1241;100 mA;
53.7102678643946;0.4998779296875;0.0023077392578125;12.4099999686678;1242;100 mA;
53.7202678643694;0.499755859375;0.00229339599609375;12.4199999686425;1243;100 mA;
53.7302678643441;0.499786376953125;0.00229400634765625;12.4299999686173;1244;100 mA;
53.7402678643189;0.49981689453125;0.00229278564453125;12.439999968592;1245;100 mA;
53.7502678642936;0.499755859375;0.00230712890625;12.4499999685668;1246;100 mA;
53.7602678642684;0.499755859375;0.002303466796875;12.4599999685415;1247;100 mA;
53.7702678642431;0.49981689453125;0.00232666015625;12.4699999685163;1248;100 mA;
53.7802678642179;0.499755859375;0.00230682373046875;12.479999968491;1249;100 mA;
53.7902678641926;0.499847412109375;0.00230560302734375;12.4899999684658;1250;100 mA;
53.8002678641674;0.49981689453125;0.00229339599609375;12.4999999684405;1251;100 mA;
53.8102678641421;0.49981689453125;0.002320556640625;12.5099999684153;1252;100 mA;
53.8202678641169;0.499786376953125;0.0022918701171875;12.51999996839;1253;100 mA;
53.8302678640916;0.49981689453125;0.00230133056640625;12.5299999683648;1254;100 mA;
53.8402678640664;0.499755859375;0.0022760009765625;12.5399999683395;1255;100 mA;
53.8502678640411;0.49981689453125;0.002276611328125;12.5499999683143;1256;100 mA;
53.8602678640159;0.49981689453125;0.00225982666015625;12.559999968289;1257;100 mA;
53.8702678639906;0.499786376953125;0.0022735595703125;12.5699999682638;1258;100 mA;
53.8802678639654;0.49981689453125;0.00226348876953125;12.5799999682386;1259;100 mA;
53.8902678639402;0.49981689453125;0.0022796630859375;12.5899999682133;1260;100 mA;
53.9002678639149;0.49981689453125;0.00226043701171875;12.5999999681881;1261;100 mA;
53.9102678638897;0.49981689453125;0.00225616455078125;12.6099999681628;1262;100 mA;
53.9202678638644;0.499786376953125;0.002257080078125;12.6199999681376;1263;100 mA;
53.9302678638392;0.499755859375;0.0022906494140625;12.6299999681123;1264;100 mA;
53.9402678638139;0.499786376953125;0.00226898193359375;12.6399999680871;1265;100 mA;
53.9502678637887;0.499786376953125;0.0022930908203125;12.6499999680618;1266;100 mA;
53.9602678637634;0.499755859375;0.0022760009765625;12.6599999680366;1267;100 mA;
53.9702678637382;0.499786376953125;0.0022784423828125;12.6699999680113;1268;100 mA;
53.9802678637129;0.499786376953125;0.00226898193359375;12.6799999679861;1269;100 mA;
53.9902678636877;0.499786376953125;0.00229339599609375;12.6899999679608;1270;100 mA;
54.0002678636624;0.499755859375;0.0022808837890625;12.6999999679356;1271;100 mA;
54.0102678636372;0.499786376953125;0.0022900390625;12.7099999679103;1272;100 mA;
54.0202678636119;0.49981689453125;0.002275390625;12.7199999678851;1273;100 mA;
54.0302678635867;0.49981689453125;0.00227813720703125;12.7299999678598;1274;100 mA;
54.0402678635614;0.499847412109375;0.00227874755859375;12.7399999678346;1275;100 mA;
54.0502678635362;0.499755859375;0.0022918701171875;12.7499999678093;1276;100 mA;
54.0602678635109;0.499847412109375;0.0022894287109375;12.7599999677841;1277;100 mA;
54.0702678634857;0.499786376953125;0.00231231689453125;12.7699999677588;1278;100 mA;
54.0802678634604;0.49981689453125;0.00229095458984375;12.7799999677336;1279;100 mA;
54.0902678634352;0.4998779296875;0.00229156494140625;12.7899999677084;1280;100 mA;
54.10026786341;0.49981689453125;0.0022833251953125;12.7999999676831;1281;100 mA;
54.1102678633847;0.499786376953125;0.0023150634765625;12.8099999676579;1282;100 mA;
54.1202678633595;0.49981689453125;0.00229217529296875;12.8199999676326;1283;100 mA;
54.1302678633342;0.499755859375;0.0023065185546875;12.8299999676074;1284;100 mA;
54.140267863309;0.499786376953125;0.002286376953125;12.8399999675821;1285;100 mA;
54.1502678632837;0.49981689453125;0.00228912353515625;12.8499999675569;1286;100 mA;
54.1602678632585;0.49981689453125;0.00227294921875;12.8599999675316;1287;100 mA;
54.1702678632332;0.49981689453125;0.00228973388671875;12.8699999675064;1288;100 mA;
54.180267863208;0.49981689453125;0.0022802734375;12.8799999674811;1289;100 mA;
54.1902678631827;0.499786376953125;0.00230255126953125;12.8899999674559;1290;100 mA;
54.2002678631575;0.49981689453125;0.0022845458984375;12.8999999674306;1291;100 mA;
54.2102678631322;0.499755859375;0.0022833251953125;12.9099999674054;1292;100 mA;
54.220267863107;0.49981689453125;0.00227935791015625;12.9199999673801;1293;100 mA;
54.2302678630817;0.499908447265625;0.00230377197265625;12.9299999673549;1294;100 mA;
54.2402678630565;0.49981689453125;0.002276611328125;12.9399999673296;1295;100 mA;
54.2502678630312;0.499755859375;0.002296142578125;12.9499999673044;1296;100 mA;
54.260267863006;0.49981689453125;0.00226654052734375;12.9599999672791;1297;100 mA;
54.2702678629807;0.499755859375;0.00226348876953125;12.9699999672539;1298;100 mA;
54.2802678629555;0.499847412109375;0.0022412109375;12.9799999672287;1299;100 mA;
54.2902678629302;0.499786376953125;0.00226104736328125;12.9899999672034;1300;100 mA;
54.300267862905;0.499786376953125;0.00224273681640625;12.9999999671782;1301;100 mA;
54.3102678628798;0.499755859375;0.002249755859375;13.0099999671529;1302;100 mA;
54.3202678628545;0.499847412109375;0.00223297119140625;13.0199999671277;1303;100 mA;
54.3302678628293;0.499786376953125;0.002242431640625;13.0299999671024;1304;100 mA;
54.340267862804;0.499786376953125;0.0022479248046875;13.0399999670772;1305;100 mA;
54.3502678627788;0.49981689453125;0.00226531982421875;13.0499999670519;1306;100 mA;
54.3602678627535;0.49981689453125;0.00225860595703125;13.0599999670267;1307;100 mA;
54.3702678627283;0.499755859375;0.00227783203125;13.0699999670014;1308;100 mA;
54.380267862703;0.499755859375;0.002259521484375;13.0799999669762;1309;100 mA;
54.3902678626778;0.49981689453125;0.00226470947265625;13.0899999669509;1310;100 mA;
54.4002678626525;0.499786376953125;0.00225799560546875;13.0999999669257;1311;100 mA;
54.4102678626273;0.499847412109375;0.0022930908203125;13.1099999669004;1312;100 mA;
54.420267862602;0.49981689453125;0.00226593017578125;13.1199999668752;1313;100 mA;
54.4302678625768;0.49981689453125;0.002279052734375;13.1299999668499;1314;100 mA;
54.4402678625515;0.49981689453125;0.00225860595703125;13.1399999668247;1315;100 mA;
54.4502678625263;0.499755859375;0.00227020263671875;13.1499999667994;1316;100 mA;
54.460267862501;0.49981689453125;0.00226318359375;13.1599999667742;1317;100 mA;
54.4702678624758;0.49981689453125;0.0022882080078125;13.1699999667489;1318;100 mA;
54.4802678624505;0.499786376953125;0.00228607177734375;13.1799999667237;1319;100 mA;
54.4902678624253;0.49981689453125;0.00230224609375;13.1899999666985;1320;100 mA;
54.5002678624001;0.499755859375;0.0022802734375;13.1999999666732;1321;100 mA;
54.5102678623748;0.499847412109375;0.00227203369140625;13.209999966648;1322;100 mA;
54.5202678623496;0.499847412109375;0.0022686767578125;13.2199999666227;1323;100 mA;
54.5302678623243;0.499755859375;0.00229278564453125;13.2299999665975;1324;100 mA;
54.5402678622991;0.49981689453125;0.00227325439453125;13.2399999665722;1325;100 mA;
54.5502678622738;0.49981689453125;0.0022943115234375;13.249999966547;1326;100 mA;
54.5602678622486;0.499755859375;0.00226654052734375;13.2599999665217;1327;100 mA;
54.5702678622233;0.499786376953125;0.002265625;13.2699999664965;1328;100 mA;
54.5802678621981;0.499755859375;0.00223968505859375;13.2799999664712;1329;100 mA;
54.5902678621728;0.49981689453125;0.002259521484375;13.289999966446;1330;100 mA;
54.6002678621476;0.499755859375;0.002242431640625;13.2999999664207;1331;100 mA;
54.6102678621223;0.499786376953125;0.00225372314453125;13.3099999663955;1332;100 mA;
54.6202678620971;0.499786376953125;0.0022344970703125;13.3199999663702;1333;100 mA;
54.6302678620718;0.49981689453125;0.0022430419921875;13.329999966345;1334;100 mA;
54.6402678620466;0.499847412109375;0.00224029541015625;13.3399999663197;1335;100 mA;
54.6502678620213;0.49981689453125;0.0022528076171875;13.3499999662945;1336;100 mA;
54.6602678619961;0.499786376953125;0.00224273681640625;13.3599999662692;1337;100 mA;
54.6702678619708;0.499847412109375;0.00226165771484375;13.369999966244;1338;100 mA;
54.6802678619456;0.499786376953125;0.00224090576171875;13.3799999662187;1339;100 mA;
54.6902678619203;0.499786376953125;0.00224334716796875;13.3899999661935;1340;100 mA;
54.7002678618951;0.49981689453125;0.00223541259765625;13.3999999661683;1341;100 mA;
54.7102678618699;0.499786376953125;0.0022650146484375;13.409999966143;1342;100 mA;
54.7202678618446;0.499847412109375;0.0022381591796875;13.4199999661178;1343;100 mA;
54.7302678618194;0.49981689453125;0.00225189208984375;13.4299999660925;1344;100 mA;
54.7402678617941;0.499847412109375;0.00222808837890625;13.4399999660673;1345;100 mA;
54.7502678617689;0.49981689453125;0.002235107421875;13.449999966042;1346;100 mA;
54.7602678617436;0.4998779296875;0.00222381591796875;13.4599999660168;1347;100 mA;
54.7702678617184;0.49981689453125;0.00224456787109375;13.4699999659915;1348;100 mA;
54.7802678616931;0.499847412109375;0.00224517822265625;13.4799999659663;1349;100 mA;
54.7902678616679;0.499786376953125;0.002271728515625;13.489999965941;1350;100 mA;
54.8002678616426;0.49981689453125;0.00227203369140625;13.4999999659158;1351;100 mA;
54.8102678616174;0.49981689453125;0.002281494140625;13.5099999658905;1352;100 mA;
54.8202678615921;0.499847412109375;0.002288818359375;13.5199999658653;1353;100 mA;
54.8302678615669;0.49981689453125;0.00231048583984375;13.52999996584;1354;100 mA;
54.8402678615416;0.49981689453125;0.00229766845703125;13.5399999658148;1355;100 mA;
54.8502678615164;0.499786376953125;0.00232391357421875;13.5499999657895;1356;100 mA;
54.8602678614911;0.499786376953125;0.0023040771484375;13.5599999657643;1357;100 mA;
54.8702678614659;0.499786376953125;0.00230926513671875;13.569999965739;1358;100 mA;
54.8802678614406;0.499786376953125;0.0022882080078125;13.5799999657138;1359;100 mA;
54.8902678614154;0.49981689453125;0.0023248291015625;13.5899999656885;1360;100 mA;
54.9002678613901;0.49981689453125;0.002293701171875;13.5999999656633;1361;100 mA;
54.9102678613649;0.49981689453125;0.0023089599609375;13.6099999656381;1362;100 mA;
54.9202678613397;0.499755859375;0.002296142578125;13.6199999656128;1363;100 mA;
54.9302678613144;0.499786376953125;0.00229705810546875;13.6299999655876;1364;100 mA;
54.9402678612892;0.499847412109375;0.002291259765625;13.6399999655623;1365;100 mA;
54.9502678612639;0.499755859375;0.00229766845703125;13.6499999655371;1366;100 mA;
54.9602678612387;0.49981689453125;0.00228851318359375;13.6599999655118;1367;100 mA;
54.9702678612134;0.499786376953125;0.002301025390625;13.6699999654866;1368;100 mA;
54.9802678611882;0.499786376953125;0.0022833251953125;13.6799999654613;1369;100 mA;
54.9902678611629;0.499755859375;0.00227996826171875;13.6899999654361;1370;100 mA;
55.0002678611377;0.49981689453125;0.00227203369140625;13.6999999654108;1371;100 mA;
55.0102678611124;0.49981689453125;0.00230072021484375;13.7099999653856;1372;100 mA;
55.0202678610872;0.49981689453125;0.00228363037109375;13.7199999653603;1373;100 mA;
55.0302678610619;0.49981689453125;0.00230133056640625;13.7299999653351;1374;100 mA;
55.0402678610367;0.499786376953125;0.0022845458984375;13.7399999653098;1375;100 mA;
55.0502678610114;0.49981689453125;0.0022906494140625;13.7499999652846;1376;100 mA;
55.0602678609862;0.49981689453125;0.0022723388671875;13.7599999652593;1377;100 mA;
55.0702678609609;0.4998779296875;0.00228668212890625;13.7699999652341;1378;100 mA;
55.0802678609357;0.499786376953125;0.0022735595703125;13.7799999652088;1379;100 mA;
55.0902678609104;0.499786376953125;0.00228790283203125;13.7899999651836;1380;100 mA;
55.1002678608852;0.49981689453125;0.00226959228515625;13.7999999651583;1381;100 mA;
55.1102678608599;0.499786376953125;0.0022650146484375;13.8099999651331;1382;100 mA;
55.1202678608347;0.499786376953125;0.0022650146484375;13.8199999651079;1383;100 mA;
55.1302678608095;0.499847412109375;0.00228271484375;13.8299999650826;1384;100 mA;
55.1402678607842;0.499786376953125;0.00226165771484375;13.8399999650574;1385;100 mA;
55.150267860759;0.49981689453125;0.0022833251953125;13.8499999650321;1386;100 mA;
55.1602678607337;0.499786376953125;0.0022625732421875;13.8599999650069;1387;100 mA;
55.1702678607085;0.499725341796875;0.002265625;13.8699999649816;1388;100 mA;
55.1802678606832;0.499786376953125;0.002249755859375;13.8799999649564;1389;100 mA;
55.190267860658;0.49981689453125;0.00226776123046875;13.8899999649311;1390;100 mA;
55.2002678606327;0.49981689453125;0.00224884033203125;13.8999999649059;1391;100 mA;
55.2102678606075;0.499847412109375;0.00225860595703125;13.9099999648806;1392;100 mA;
55.2202678605822;0.499908447265625;0.0022406005859375;13.9199999648554;1393;100 mA;
55.230267860557;0.49981689453125;0.00224456787109375;13.9299999648301;1394;100 mA;
55.2402678605317;0.49981689453125;0.00224151611328125;13.9399999648049;1395;100 mA;
55.2502678605065;0.499786376953125;0.002252197265625;13.9499999647796;1396;100 mA;
55.2602678604812;0.49981689453125;0.00224578857421875;13.9599999647544;1397;100 mA;
55.270267860456;0.499847412109375;0.00225860595703125;13.9699999647291;1398;100 mA;
55.2802678604307;0.49981689453125;0.002235107421875;13.9799999647039;1399;100 mA;
55.2902678604055;0.499755859375;0.00222808837890625;13.9899999646786;1400;100 mA;
55.3002678603802;0.49981689453125;0.0022174072265625;13.9999999646534;1401;100 mA;
55.310267860355;0.49981689453125;0.0022393798828125;14.0099999646282;1402;100 mA;
55.3202678603297;0.499755859375;0.00220703125;14.0199999646029;1403;100 mA;
55.3302678603045;0.49981689453125;0.00222137451171875;14.0299999645777;1404;100 mA;
55.3402678602793;0.49981689453125;0.002196044921875;14.0399999645524;1405;100 mA;
55.350267860254;0.499786376953125;0.00219940185546875;14.0499999645272;1406;100 mA;
55.3602678602288;0.499725341796875;0.0021844482421875;14.0599999645019;1407;100 mA;
55.3702678602035;0.49981689453125;0.00219940185546875;14.0699999644767;1408;100 mA;
55.3802678601783;0.49981689453125;0.0021875;14.0799999644514;1409;100 mA;
55.390267860153;0.499755859375;0.00220733642578125;14.0899999644262;1410;100 mA;
55.4002678601278;0.49981689453125;0.00219329833984375;14.0999999644009;1411;100 mA;
55.4102678601025;0.499847412109375;0.0022021484375;14.1099999643757;1412;100 mA;
55.4202678600773;0.499755859375;0.00220916748046875;14.1199999643504;1413;100 mA;
55.430267860052;0.499786376953125;0.0022271728515625;14.1299999643252;1414;100 mA;
55.4402678600268;0.49981689453125;0.00220184326171875;14.1399999642999;1415;100 mA;
55.4502678600015;0.499786376953125;0.00222076416015625;14.1499999642747;1416;100 mA;
55.4602678599763;0.499786376953125;0.00219818115234375;14.1599999642494;1417;100 mA;
55.470267859951;0.49981689453125;0.00219757080078125;14.1699999642242;1418;100 mA;
55.4802678599258;0.49981689453125;0.002183837890625;14.1799999641989;1419;100 mA;
55.4902678599005;0.499755859375;0.00220794677734375;14.1899999641737;1420;100 mA;
55.5002678598753;0.499786376953125;0.00219146728515625;14.1999999641484;1421;100 mA;
55.51026785985;0.49981689453125;0.00220672607421875;14.2099999641232;1422;100 mA;
55.5202678598248;0.499755859375;0.00219635009765625;14.219999964098;1423;100 mA;
55.5302678597996;0.499847412109375;0.00220977783203125;14.2299999640727;1424;100 mA;
55.5402678597743;0.499786376953125;0.00220458984375;14.2399999640475;1425;100 mA;
55.5502678597491;0.499755859375;0.0022100830078125;14.2499999640222;1426;100 mA;
55.5602678597238;0.499786376953125;0.00219970703125;14.259999963997;1427;100 mA;
55.5702678596986;0.49981689453125;0.00222137451171875;14.2699999639717;1428;100 mA;
55.5802678596733;0.49981689453125;0.0022052001953125;14.2799999639465;1429;100 mA;
55.5902678596481;0.499755859375;0.00220611572265625;14.2899999639212;1430;100 mA;
55.6002678596228;0.499786376953125;0.0022015380859375;14.299999963896;1431;100 mA;
55.6102678595976;0.49981689453125;0.0022265625;14.3099999638707;1432;100 mA;
55.6202678595723;0.49981689453125;0.00220062255859375;14.3199999638455;1433;100 mA;
55.6302678595471;0.499786376953125;0.00221771240234375;14.3299999638202;1434;100 mA;
55.6402678595218;0.49981689453125;0.00220184326171875;14.339999963795;1435;100 mA;
55.6502678594966;0.499786376953125;0.002210693359375;14.3499999637697;1436;100 mA;
55.6602678594713;0.499755859375;0.002197265625;14.3599999637445;1437;100 mA;
55.6702678594461;0.499786376953125;0.0022113037109375;14.3699999637192;1438;100 mA;
55.6802678594208;0.49981689453125;0.0021978759765625;14.379999963694;1439;100 mA;
55.6902678593956;0.49981689453125;0.00221405029296875;14.3899999636687;1440;100 mA;
55.7002678593703;0.499755859375;0.0022021484375;14.3999999636435;1441;100 mA;
55.7102678593451;0.49981689453125;0.00220672607421875;14.4099999636182;1442;100 mA;
55.7202678593198;0.49981689453125;0.0022088623046875;14.419999963593;1443;100 mA;
55.7302678592946;0.49981689453125;0.00222137451171875;14.4299999635678;1444;100 mA;
55.7402678592694;0.49981689453125;0.00220001220703125;14.4399999635425;1445;100 mA;
55.7502678592441;0.499755859375;0.00221282958984375;14.4499999635173;1446;100 mA;
55.7602678592189;0.49981689453125;0.00218780517578125;14.459999963492;1447;100 mA;
55.7702678591936;0.499786376953125;0.0021893310546875;14.4699999634668;1448;100 mA;
55.7802678591684;0.49981689453125;0.00217254638671875;14.4799999634415;1449;100 mA;
55.7902678591431;0.49981689453125;0.0021942138671875;14.4899999634163;1450;100 mA;
55.8002678591179;0.499786376953125;0.00217529296875;14.499999963391;1451;100 mA;
55.8102678590926;0.499786376953125;0.00218475341796875;14.5099999633658;1452;100 mA;
55.8202678590674;0.49981689453125;0.00216949462890625;14.5199999633405;1453;100 mA;
55.8302678590421;0.499786376953125;0.00217254638671875;14.5299999633153;1454;100 mA;
55.8402678590169;0.499847412109375;0.00216552734375;14.53999996329;1455;100 mA;
55.8502678589916;0.499786376953125;0.00217681884765625;14.5499999632648;1456;100 mA;
55.8602678589664;0.499786376953125;0.0021728515625;14.5599999632395;1457;100 mA;
55.8702678589411;0.49981689453125;0.002196044921875;14.5699999632143;1458;100 mA;
55.8802678589159;0.49981689453125;0.002188720703125;14.579999963189;1459;100 mA;
55.8902678588906;0.499786376953125;0.0021978759765625;14.5899999631638;1460;100 mA;
55.9002678588654;0.49981689453125;0.0022003173828125;14.5999999631385;1461;100 mA;
55.9102678588401;0.499786376953125;0.0022259521484375;14.6099999631133;1462;100 mA;
55.9202678588149;0.49981689453125;0.00219024658203125;14.619999963088;1463;100 mA;
55.9302678587896;0.499755859375;0.00220184326171875;14.6299999630628;1464;100 mA;
55.9402678587644;0.499847412109375;0.002176513671875;14.6399999630376;1465;100 mA;
55.9502678587392;0.499755859375;0.002177734375;14.6499999630123;1466;100 mA;
55.9602678587139;0.49981689453125;0.002161865234375;14.6599999629871;1467;100 mA;
55.9702678586887;0.499755859375;0.00217559814453125;14.6699999629618;1468;100 mA;
55.9802678586634;0.4998779296875;0.00216583251953125;14.6799999629366;1469;100 mA;
55.9902678586382;0.49981689453125;0.00219024658203125;14.6899999629113;1470;100 mA;
56.0002678586129;0.499847412109375;0.0021832275390625;14.6999999628861;1471;100 mA;
56.0102678585877;0.499908447265625;0.00219268798828125;14.7099999628608;1472;100 mA;
56.0202678585624;0.49981689453125;0.00219818115234375;14.7199999628356;1473;100 mA;
56.0302678585372;0.499847412109375;0.00221771240234375;14.7299999628103;1474;100 mA;
56.0402678585119;0.499755859375;0.0022039794921875;14.7399999627851;1475;100 mA;
56.0502678584867;0.499786376953125;0.0022265625;14.7499999627598;1476;100 mA;
56.0602678584614;0.499786376953125;0.002208251953125;14.7599999627346;1477;100 mA;
56.0702678584362;0.49981689453125;0.00221099853515625;14.7699999627093;1478;100 mA;
56.0802678584109;0.499786376953125;0.00219970703125;14.7799999626841;1479;100 mA;
56.0902678583857;0.499786376953125;0.00222381591796875;14.7899999626588;1480;100 mA;
56.1002678583604;0.499847412109375;0.0022015380859375;14.7999999626336;1481;100 mA;
56.1102678583352;0.49981689453125;0.0022149658203125;14.8099999626083;1482;100 mA;
56.1202678583099;0.499755859375;0.00220001220703125;14.8199999625831;1483;100 mA;
56.1302678582847;0.499847412109375;0.002210693359375;14.8299999625578;1484;100 mA;
56.1402678582594;0.499786376953125;0.00220916748046875;14.8399999625326;1485;100 mA;
56.1502678582342;0.499755859375;0.002225341796875;14.8499999625074;1486;100 mA;
56.160267858209;0.49981689453125;0.0022198486328125;14.8599999624821;1487;100 mA;
56.1702678581837;0.499786376953125;0.002239990234375;14.8699999624569;1488;100 mA;
56.1802678581585;0.49981689453125;0.00222503662109375;14.8799999624316;1489;100 mA;
56.1902678581332;0.499755859375;0.0022271728515625;14.8899999624064;1490;100 mA;
56.200267858108;0.499786376953125;0.00222076416015625;14.8999999623811;1491;100 mA;
56.2102678580827;0.499847412109375;0.00224334716796875;14.9099999623559;1492;100 mA;
56.2202678580575;0.499847412109375;0.0022125244140625;14.9199999623306;1493;100 mA;
56.2302678580322;0.499847412109375;0.002225341796875;14.9299999623054;1494;100 mA;
56.240267858007;0.49981689453125;0.00220672607421875;14.9399999622801;1495;100 mA;
56.2502678579817;0.4998779296875;0.0022064208984375;14.9499999622549;1496;100 mA;
56.2602678579565;0.499755859375;0.00219635009765625;14.9599999622296;1497;100 mA;
56.2702678579312;0.49981689453125;0.00221282958984375;14.9699999622044;1498;100 mA;
56.280267857906;0.499755859375;0.00220611572265625;14.9799999621791;1499;100 mA;
56.2902678578807;0.499755859375;0.0022222900390625;14.9899999621539;1500;100 mA;
