,f / Hz,Ep / V,w / V,w / mV
0,30.0,-0.0079346,0.24113,241.13000000000002
1,20.0,-0.0079346,0.24085,240.85000000000002
2,50.0,-0.018005,0.24281,242.81
3,4.0,-0.01297,0.24448,244.48
4,7.5,-0.01297,0.24238,242.38000000000002
5,2.0,-0.01297,0.24699,246.98999999999998
6,10.0,-0.023041,0.23939,239.39
7,1.0,-0.023041,0.24276,242.76
