,f / Hz,w / V
0,5,0.23482
1,10,0.24299
2,25,0.23948
3,50,0.23614
