Time (s);WE(1).Potential (V);WE(1).Current (A);Corrected time (s);Index;Current range;Overload
79.5904037990535;-0.86334228515625;-2.34344482421875;0;1;1 A;Current overload
79.6004037990283;-0.91796875;-2.1929931640625;0.00999999997475243;2;1 A;Current overload
79.6104037990031;-1.051025390625;-1.64764404296875;0.0199999999495049;3;1 A;
79.6204037989778;-1.05010986328125;-1.38427734375;0.0299999999242573;4;1 A;
79.6304037989526;-1.0498046875;-1.2115478515625;0.0399999998990097;5;1 A;
79.6404037989273;-1.0491943359375;-1.08856201171875;0.0499999998737621;6;1 A;
79.6504037989021;-1.04949951171875;-0.99609375;0.0599999998485146;7;1 A;
79.6604037988768;-1.04949951171875;-0.9228515625;0.069999999823267;8;1 A;
79.6704037988516;-1.04949951171875;-0.8648681640625;0.0799999997980194;9;1 A;
79.6804037988263;-1.0498046875;-0.816650390625;0.0899999997727718;10;1 A;
79.6904037988011;-1.04949951171875;-0.775146484375;0.0999999997475243;11;1 A;
79.7004037987758;-1.04949951171875;-0.73974609375;0.109999999722277;12;1 A;
79.7104037987506;-1.0498046875;-0.704345703125;0.119999999697029;13;1 A;
79.7204037987253;-1.0491943359375;-0.67352294921875;0.129999999671782;14;1 A;
79.7304037987001;-1.0498046875;-0.648193359375;0.139999999646534;15;1 A;
79.7404037986748;-1.0504150390625;-0.623779296875;0.149999999621286;16;1 A;
79.7504037986496;-1.05010986328125;-0.60577392578125;0.159999999596039;17;1 A;
79.7604037986243;-1.0491943359375;-0.58837890625;0.169999999570791;18;1 A;
79.7704037985991;-1.05010986328125;-0.57159423828125;0.179999999545544;19;1 A;
79.7804037985738;-1.04949951171875;-0.5572509765625;0.189999999520296;20;1 A;
79.7904037985486;-1.0498046875;-0.5413818359375;0.199999999495049;21;1 A;
79.8004037985233;-1.04949951171875;-0.52764892578125;0.209999999469801;22;1 A;
79.8104037984981;-1.0498046875;-0.51544189453125;0.219999999444553;23;1 A;
79.8204037984729;-1.0498046875;-0.504150390625;0.229999999419306;24;1 A;
79.8304037984476;-1.0498046875;-0.49169921875;0.239999999394058;25;1 A;
79.8404037984224;-1.05010986328125;-0.481109619140625;0.249999999368811;26;1 A;
79.8504037983971;-1.0498046875;-0.470916748046875;0.259999999343563;27;1 A;
79.8604037983719;-1.0498046875;-0.461761474609375;0.269999999318316;28;1 A;
79.8704037983466;-1.0498046875;-0.454132080078125;0.279999999293068;29;1 A;
79.8804037983214;-1.0498046875;-0.447967529296875;0.28999999926782;30;1 A;
79.8904037982961;-1.0498046875;-0.439788818359375;0.299999999242573;31;1 A;
79.9004037982709;-1.05010986328125;-0.4326171875;0.309999999217325;32;1 A;
79.9104037982456;-1.0491943359375;-0.4256591796875;0.319999999192078;33;1 A;
79.9204037982204;-1.0491943359375;-0.419097900390625;0.32999999916683;34;1 A;
79.9304037981951;-1.04949951171875;-0.412841796875;0.339999999141583;35;1 A;
79.9404037981699;-1.0491943359375;-0.407501220703125;0.349999999116335;36;1 A;
79.9504037981446;-1.05010986328125;-0.400909423828125;0.359999999091087;37;1 A;
79.9604037981194;-1.04949951171875;-0.393829345703125;0.36999999906584;38;1 A;
79.9704037980941;-1.04949951171875;-0.3902587890625;0.379999999040592;39;1 A;
79.9804037980689;-1.05010986328125;-0.383697509765625;0.389999999015345;40;1 A;
79.9904037980436;-1.0491943359375;-0.380096435546875;0.399999998990097;41;1 A;
80.0004037980184;-1.04949951171875;-0.376251220703125;0.40999999896485;42;1 A;
80.0104037979931;-1.04949951171875;-0.37158203125;0.419999998939602;43;1 A;
80.0204037979679;-1.0491943359375;-0.367950439453125;0.429999998914354;44;1 A;
80.0304037979427;-1.0498046875;-0.362945556640625;0.439999998889107;45;1 A;
80.0404037979174;-1.0498046875;-0.35906982421875;0.449999998863859;46;1 A;
80.0504037978922;-1.04949951171875;-0.355224609375;0.459999998838612;47;1 A;
80.0604037978669;-1.0498046875;-0.35235595703125;0.469999998813364;48;1 A;
80.0704037978417;-1.0491943359375;-0.347900390625;0.479999998788116;49;1 A;
80.0804037978164;-1.04949951171875;-0.34478759765625;0.489999998762869;50;1 A;
80.0904037977912;-1.04949951171875;-0.340972900390625;0.499999998737621;51;1 A;
80.1004037977659;-1.04949951171875;-0.3380126953125;0.509999998712374;52;1 A;
80.1104037977407;-1.0491943359375;-0.334747314453125;0.519999998687126;53;1 A;
80.1204037977154;-1.04949951171875;-0.331298828125;0.529999998661879;54;1 A;
80.1304037976902;-1.04949951171875;-0.3284912109375;0.539999998636631;55;1 A;
80.1404037976649;-1.04949951171875;-0.325225830078125;0.549999998611383;56;1 A;
80.1504037976397;-1.0491943359375;-0.323638916015625;0.559999998586136;57;1 A;
80.1604037976144;-1.04888916015625;-0.322235107421875;0.569999998560888;58;1 A;
80.1704037975892;-1.0498046875;-0.320587158203125;0.579999998535641;59;1 A;
80.1804037975639;-1.04949951171875;-0.317413330078125;0.589999998510393;60;1 A;
80.1904037975387;-1.04949951171875;-0.31402587890625;0.599999998485146;61;1 A;
80.2004037975134;-1.0498046875;-0.30950927734375;0.609999998459898;62;1 A;
80.2104037974882;-1.04949951171875;-0.30706787109375;0.61999999843465;63;1 A;
80.220403797463;-1.04949951171875;-0.304718017578125;0.629999998409403;64;1 A;
80.2304037974377;-1.0498046875;-0.30279541015625;0.639999998384155;65;1 A;
80.2404037974125;-1.05010986328125;-0.303314208984375;0.649999998358908;66;1 A;
80.2504037973872;-1.0491943359375;-0.30133056640625;0.65999999833366;67;1 A;
80.260403797362;-1.04949951171875;-0.29962158203125;0.669999998308413;68;1 A;
80.2704037973367;-1.0491943359375;-0.2969970703125;0.679999998283165;69;1 A;
80.2804037973115;-1.04949951171875;-0.294189453125;0.689999998257917;70;1 A;
80.2904037972862;-1.0491943359375;-0.292633056640625;0.69999999823267;71;1 A;
80.300403797261;-1.04888916015625;-0.2901611328125;0.709999998207422;72;1 A;
80.3104037972357;-1.04949951171875;-0.288360595703125;0.719999998182175;73;1 A;
80.3204037972105;-1.04888916015625;-0.286376953125;0.729999998156927;74;1 A;
80.3304037971852;-1.0491943359375;-0.285247802734375;0.73999999813168;75;1 A;
80.34040379716;-1.04949951171875;-0.28326416015625;0.749999998106432;76;1 A;
80.3504037971347;-1.04949951171875;-0.282745361328125;0.759999998081184;77;1 A;
80.3604037971095;-1.0498046875;-0.2811279296875;0.769999998055937;78;1 A;
80.3704037970842;-1.0498046875;-0.27947998046875;0.779999998030689;79;1 A;
80.380403797059;-1.04949951171875;-0.277984619140625;0.789999998005442;80;1 A;
80.3904037970337;-1.0498046875;-0.2763671875;0.799999997980194;81;1 A;
80.4004037970085;-1.0498046875;-0.27532958984375;0.809999997954947;82;1 A;
80.4104037969832;-1.0491943359375;-0.27447509765625;0.819999997929699;83;1 A;
80.420403796958;-1.0498046875;-0.2724609375;0.829999997904451;84;1 A;
80.4304037969328;-1.0491943359375;-0.271087646484375;0.839999997879204;85;1 A;
80.4404037969075;-1.04949951171875;-0.268768310546875;0.849999997853956;86;1 A;
80.4504037968823;-1.04949951171875;-0.267120361328125;0.859999997828709;87;1 A;
80.460403796857;-1.0491943359375;-0.266265869140625;0.869999997803461;88;1 A;
80.4704037968318;-1.05010986328125;-0.26483154296875;0.879999997778214;89;1 A;
80.4804037968065;-1.04949951171875;-0.264801025390625;0.889999997752966;90;1 A;
80.4904037967813;-1.0491943359375;-0.263671875;0.899999997727718;91;1 A;
80.500403796756;-1.0498046875;-0.262451171875;0.909999997702471;92;1 A;
80.5104037967308;-1.0498046875;-0.261810302734375;0.919999997677223;93;1 A;
80.5204037967055;-1.04949951171875;-0.26068115234375;0.929999997651976;94;1 A;
80.5304037966803;-1.04949951171875;-0.259765625;0.939999997626728;95;1 A;
80.540403796655;-1.05010986328125;-0.25885009765625;0.949999997601481;96;1 A;
80.5504037966298;-1.0491943359375;-0.2567138671875;0.959999997576233;97;1 A;
80.5604037966045;-1.05010986328125;-0.2557373046875;0.969999997550985;98;1 A;
80.5704037965793;-1.0498046875;-0.254241943359375;0.979999997525738;99;1 A;
80.580403796554;-1.0498046875;-0.25347900390625;0.98999999750049;100;1 A;
80.5904037965288;-1.0498046875;-0.252288818359375;0.999999997475243;101;1 A;
80.6004037965035;-1.0491943359375;-0.251556396484375;1.00999999745;102;1 A;
80.6104037964783;-1.0498046875;-0.2510986328125;1.01999999742475;103;1 A;
80.620403796453;-1.0491943359375;-0.250091552734375;1.0299999973995;104;1 A;
80.6304037964278;-1.0498046875;-0.250244140625;1.03999999737425;105;1 A;
80.6404037964026;-1.04949951171875;-0.24957275390625;1.049999997349;106;1 A;
80.6504037963773;-1.04949951171875;-0.249603271484375;1.05999999732376;107;1 A;
80.6604037963521;-1.0498046875;-0.248321533203125;1.06999999729851;108;1 A;
80.6704037963268;-1.0498046875;-0.246337890625;1.07999999727326;109;1 A;
80.6804037963016;-1.0491943359375;-0.244140625;1.08999999724801;110;1 A;
80.6904037962763;-1.0498046875;-0.243408203125;1.09999999722277;111;1 A;
80.7004037962511;-1.04888916015625;-0.242279052734375;1.10999999719752;112;1 A;
80.7104037962258;-1.0498046875;-0.24285888671875;1.11999999717227;113;1 A;
80.7204037962006;-1.0491943359375;-0.243408203125;1.12999999714702;114;1 A;
80.7304037961753;-1.04949951171875;-0.242645263671875;1.13999999712178;115;1 A;
80.7404037961501;-1.0491943359375;-0.242431640625;1.14999999709653;116;1 A;
80.7504037961248;-1.0498046875;-0.24078369140625;1.15999999707128;117;1 A;
80.7604037960996;-1.04949951171875;-0.239715576171875;1.16999999704603;118;1 A;
80.7704037960743;-1.04888916015625;-0.239654541015625;1.17999999702079;119;1 A;
80.7804037960491;-1.04949951171875;-0.23828125;1.18999999699554;120;1 A;
80.7904037960238;-1.04949951171875;-0.237274169921875;1.19999999697029;121;1 A;
80.8004037959986;-1.0491943359375;-0.237396240234375;1.20999999694504;122;1 A;
80.8104037959733;-1.04949951171875;-0.235992431640625;1.2199999969198;123;1 A;
80.8204037959481;-1.0498046875;-0.235687255859375;1.22999999689455;124;1 A;
80.8304037959228;-1.04888916015625;-0.234832763671875;1.2399999968693;125;1 A;
80.8404037958976;-1.0491943359375;-0.233917236328125;1.24999999684405;126;1 A;
80.8504037958724;-1.0491943359375;-0.23394775390625;1.25999999681881;127;1 A;
80.8604037958471;-1.0498046875;-0.23260498046875;1.26999999679356;128;1 A;
80.8704037958219;-1.04888916015625;-0.2332763671875;1.27999999676831;129;1 A;
80.8804037957966;-1.04949951171875;-0.23333740234375;1.28999999674306;130;1 A;
80.8904037957714;-1.04949951171875;-0.2333984375;1.29999999671782;131;1 A;
80.9004037957461;-1.04949951171875;-0.233428955078125;1.30999999669257;132;1 A;
80.9104037957209;-1.05010986328125;-0.231231689453125;1.31999999666732;133;1 A;
80.9204037956956;-1.0491943359375;-0.2291259765625;1.32999999664207;134;1 A;
80.9304037956704;-1.04949951171875;-0.2288818359375;1.33999999661683;135;1 A;
80.9404037956451;-1.0491943359375;-0.22760009765625;1.34999999659158;136;1 A;
80.9504037956199;-1.0491943359375;-0.228485107421875;1.35999999656633;137;1 A;
80.9604037955946;-1.0498046875;-0.229217529296875;1.36999999654108;138;1 A;
80.9704037955694;-1.04949951171875;-0.228363037109375;1.37999999651583;139;1 A;
80.9804037955441;-1.0498046875;-0.229400634765625;1.38999999649059;140;1 A;
80.9904037955189;-1.05010986328125;-0.227325439453125;1.39999999646534;141;1 A;
81.0004037954936;-1.04949951171875;-0.226837158203125;1.40999999644009;142;1 A;
81.0104037954684;-1.04949951171875;-0.226409912109375;1.41999999641484;143;1 A;
81.0204037954431;-1.05010986328125;-0.22607421875;1.4299999963896;144;1 A;
81.0304037954179;-1.0498046875;-0.22430419921875;1.43999999636435;145;1 A;
81.0404037953926;-1.0491943359375;-0.223785400390625;1.4499999963391;146;1 A;
81.0504037953674;-1.0491943359375;-0.222930908203125;1.45999999631385;147;1 A;
81.0604037953422;-1.05010986328125;-0.222747802734375;1.46999999628861;148;1 A;
81.0704037953169;-1.04949951171875;-0.222869873046875;1.47999999626336;149;1 A;
81.0804037952917;-1.04949951171875;-0.2235107421875;1.48999999623811;150;1 A;
81.0904037952664;-1.04888916015625;-0.22344970703125;1.49999999621286;151;1 A;
81.1004037952412;-1.04949951171875;-0.22247314453125;1.50999999618762;152;1 A;
81.1104037952159;-1.0491943359375;-0.2225341796875;1.51999999616237;153;1 A;
81.1204037951907;-1.0491943359375;-0.222076416015625;1.52999999613712;154;1 A;
81.1304037951654;-1.05010986328125;-0.222259521484375;1.53999999611187;155;1 A;
81.1404037951402;-1.0491943359375;-0.22198486328125;1.54999999608663;156;1 A;
81.1504037951149;-1.0491943359375;-0.220916748046875;1.55999999606138;157;1 A;
81.1604037950897;-1.04949951171875;-0.218963623046875;1.56999999603613;158;1 A;
81.1704037950644;-1.0491943359375;-0.220001220703125;1.57999999601088;159;1 A;
81.1804037950392;-1.0498046875;-0.218780517578125;1.58999999598564;160;1 A;
81.1904037950139;-1.05010986328125;-0.218994140625;1.59999999596039;161;1 A;
81.2004037949887;-1.04949951171875;-0.220123291015625;1.60999999593514;162;1 A;
81.2104037949634;-1.04949951171875;-0.218902587890625;1.61999999590989;163;1 A;
81.2204037949382;-1.04949951171875;-0.21929931640625;1.62999999588465;164;1 A;
81.2304037949129;-1.04949951171875;-0.218109130859375;1.6399999958594;165;1 A;
81.2404037948877;-1.0498046875;-0.218017578125;1.64999999583415;166;1 A;
81.2504037948625;-1.04949951171875;-0.21783447265625;1.6599999958089;167;1 A;
81.2604037948372;-1.04888916015625;-0.2176513671875;1.66999999578366;168;1 A;
81.270403794812;-1.04949951171875;-0.216766357421875;1.67999999575841;169;1 A;
81.2804037947867;-1.0498046875;-0.216278076171875;1.68999999573316;170;1 A;
81.2904037947615;-1.0498046875;-0.215728759765625;1.69999999570791;171;1 A;
81.3004037947362;-1.04949951171875;-0.2154541015625;1.70999999568267;172;1 A;
81.310403794711;-1.04888916015625;-0.21502685546875;1.71999999565742;173;1 A;
81.3204037946857;-1.0491943359375;-0.214599609375;1.72999999563217;174;1 A;
81.3304037946605;-1.0491943359375;-0.214141845703125;1.73999999560692;175;1 A;
81.3404037946352;-1.04949951171875;-0.214202880859375;1.74999999558167;176;1 A;
81.35040379461;-1.0498046875;-0.215240478515625;1.75999999555643;177;1 A;
81.3604037945847;-1.0491943359375;-0.216156005859375;1.76999999553118;178;1 A;
81.3704037945595;-1.0498046875;-0.21661376953125;1.77999999550593;179;1 A;
81.3804037945342;-1.04949951171875;-0.215667724609375;1.78999999548068;180;1 A;
81.390403794509;-1.04949951171875;-0.214385986328125;1.79999999545544;181;1 A;
81.4004037944837;-1.04949951171875;-0.21197509765625;1.80999999543019;182;1 A;
81.4104037944585;-1.04949951171875;-0.211578369140625;1.81999999540494;183;1 A;
81.4204037944332;-1.04888916015625;-0.21173095703125;1.82999999537969;184;1 A;
81.430403794408;-1.04949951171875;-0.2119140625;1.83999999535445;185;1 A;
81.4404037943827;-1.0498046875;-0.21478271484375;1.8499999953292;186;1 A;
81.4504037943575;-1.0498046875;-0.21484375;1.85999999530395;187;1 A;
81.4604037943323;-1.0491943359375;-0.21417236328125;1.8699999952787;188;1 A;
81.470403794307;-1.04949951171875;-0.213409423828125;1.87999999525346;189;1 A;
81.4804037942818;-1.0498046875;-0.2119140625;1.88999999522821;190;1 A;
81.4904037942565;-1.04949951171875;-0.212005615234375;1.89999999520296;191;1 A;
81.5004037942313;-1.0498046875;-0.210968017578125;1.90999999517771;192;1 A;
81.510403794206;-1.04888916015625;-0.21051025390625;1.91999999515247;193;1 A;
81.5204037941808;-1.04949951171875;-0.2100830078125;1.92999999512722;194;1 A;
81.5304037941555;-1.04949951171875;-0.210418701171875;1.93999999510197;195;1 A;
81.5404037941303;-1.04949951171875;-0.21026611328125;1.94999999507672;196;1 A;
81.550403794105;-1.04949951171875;-0.210479736328125;1.95999999505148;197;1 A;
81.5604037940798;-1.04949951171875;-0.21038818359375;1.96999999502623;198;1 A;
81.5704037940545;-1.04949951171875;-0.21002197265625;1.97999999500098;199;1 A;
81.5804037940293;-1.0491943359375;-0.2099609375;1.98999999497573;200;1 A;
81.590403794004;-1.0498046875;-0.20989990234375;1.99999999495049;201;1 A;
81.6004037939788;-1.04949951171875;-0.21014404296875;2.00999999492524;202;1 A;
81.6104037939535;-1.04949951171875;-0.210479736328125;2.01999999489999;203;1 A;
81.6204037939283;-1.0491943359375;-0.20953369140625;2.02999999487474;204;1 A;
81.630403793903;-1.0491943359375;-0.209075927734375;2.0399999948495;205;1 A;
81.6404037938778;-1.0491943359375;-0.207977294921875;2.04999999482425;206;1 A;
81.6504037938525;-1.04949951171875;-0.207733154296875;2.059999994799;207;1 A;
81.6604037938273;-1.0491943359375;-0.207489013671875;2.06999999477375;208;1 A;
81.6704037938021;-1.0498046875;-0.20782470703125;2.0799999947485;209;1 A;
81.6804037937768;-1.0498046875;-0.20867919921875;2.08999999472326;210;1 A;
81.6904037937516;-1.04949951171875;-0.208740234375;2.09999999469801;211;1 A;
81.7004037937263;-1.0498046875;-0.208740234375;2.10999999467276;212;1 A;
81.7104037937011;-1.04949951171875;-0.208526611328125;2.11999999464751;213;1 A;
81.7204037936758;-1.0491943359375;-0.20831298828125;2.12999999462227;214;1 A;
81.7304037936506;-1.0491943359375;-0.20849609375;2.13999999459702;215;1 A;
81.7404037936253;-1.04949951171875;-0.208343505859375;2.14999999457177;216;1 A;
81.7504037936001;-1.0498046875;-0.206634521484375;2.15999999454652;217;1 A;
81.7604037935748;-1.04949951171875;-0.20684814453125;2.16999999452128;218;1 A;
81.7704037935496;-1.0498046875;-0.20587158203125;2.17999999449603;219;1 A;
81.7804037935243;-1.04949951171875;-0.2056884765625;2.18999999447078;220;1 A;
81.7904037934991;-1.04949951171875;-0.205474853515625;2.19999999444553;221;1 A;
81.8004037934738;-1.04949951171875;-0.205413818359375;2.20999999442029;222;1 A;
81.8104037934486;-1.0491943359375;-0.206787109375;2.21999999439504;223;1 A;
81.8204037934233;-1.0498046875;-0.2052001953125;2.22999999436979;224;1 A;
81.8304037933981;-1.0498046875;-0.206512451171875;2.23999999434454;225;1 A;
81.8404037933728;-1.0491943359375;-0.20635986328125;2.2499999943193;226;1 A;
81.8504037933476;-1.0491943359375;-0.207122802734375;2.25999999429405;227;1 A;
81.8604037933223;-1.0491943359375;-0.206787109375;2.2699999942688;228;1 A;
81.8704037932971;-1.0491943359375;-0.2052001953125;2.27999999424355;229;1 A;
81.8804037932719;-1.0498046875;-0.20355224609375;2.28999999421831;230;1 A;
81.8904037932466;-1.0498046875;-0.203765869140625;2.29999999419306;231;1 A;
81.9004037932214;-1.04949951171875;-0.20361328125;2.30999999416781;232;1 A;
81.9104037931961;-1.0498046875;-0.20458984375;2.31999999414256;233;1 A;
81.9204037931709;-1.0498046875;-0.2052001953125;2.32999999411732;234;1 A;
81.9304037931456;-1.04949951171875;-0.204559326171875;2.33999999409207;235;1 A;
81.9404037931204;-1.0498046875;-0.205535888671875;2.34999999406682;236;1 A;
81.9504037930951;-1.04949951171875;-0.204132080078125;2.35999999404157;237;1 A;
81.9604037930699;-1.04949951171875;-0.20404052734375;2.36999999401633;238;1 A;
81.9704037930446;-1.04949951171875;-0.204742431640625;2.37999999399108;239;1 A;
81.9804037930194;-1.04949951171875;-0.203948974609375;2.38999999396583;240;1 A;
81.9904037929941;-1.0491943359375;-0.203460693359375;2.39999999394058;241;1 A;
82.0004037929689;-1.0491943359375;-0.203857421875;2.40999999391533;242;1 A;
82.0104037929436;-1.0491943359375;-0.202880859375;2.41999999389009;243;1 A;
82.0204037929184;-1.04949951171875;-0.20263671875;2.42999999386484;244;1 A;
82.0304037928931;-1.0498046875;-0.2030029296875;2.43999999383959;245;1 A;
82.0404037928679;-1.04949951171875;-0.2021484375;2.44999999381434;246;1 A;
82.0504037928426;-1.0498046875;-0.20281982421875;2.4599999937891;247;1 A;
82.0604037928174;-1.04949951171875;-0.201812744140625;2.46999999376385;248;1 A;
82.0704037927921;-1.0498046875;-0.203125;2.4799999937386;249;1 A;
82.0804037927669;-1.04949951171875;-0.204193115234375;2.48999999371335;250;1 A;
82.0904037927417;-1.04949951171875;-0.204742431640625;2.49999999368811;251;1 A;
82.1004037927164;-1.0491943359375;-0.205230712890625;2.50999999366286;252;1 A;
82.1104037926912;-1.04949951171875;-0.202911376953125;2.51999999363761;253;1 A;
82.1204037926659;-1.0491943359375;-0.200408935546875;2.52999999361236;254;1 A;
82.1304037926407;-1.04949951171875;-0.200225830078125;2.53999999358712;255;1 A;
82.1404037926154;-1.04949951171875;-0.199981689453125;2.54999999356187;256;1 A;
82.1504037925902;-1.0491943359375;-0.200714111328125;2.55999999353662;257;1 A;
82.1604037925649;-1.04949951171875;-0.20318603515625;2.56999999351137;258;1 A;
82.1704037925397;-1.04949951171875;-0.20269775390625;2.57999999348613;259;1 A;
82.1804037925144;-1.04888916015625;-0.204010009765625;2.58999999346088;260;1 A;
82.1904037924892;-1.0491943359375;-0.202056884765625;2.59999999343563;261;1 A;
82.2004037924639;-1.0498046875;-0.20172119140625;2.60999999341038;262;1 A;
82.2104037924387;-1.04949951171875;-0.202056884765625;2.61999999338514;263;1 A;
82.2204037924134;-1.0498046875;-0.201446533203125;2.62999999335989;264;1 A;
82.2304037923882;-1.04888916015625;-0.2001953125;2.63999999333464;265;1 A;
82.2404037923629;-1.04949951171875;-0.200225830078125;2.64999999330939;266;1 A;
82.2504037923377;-1.05010986328125;-0.19940185546875;2.65999999328415;267;1 A;
82.2604037923124;-1.0498046875;-0.20025634765625;2.6699999932589;268;1 A;
82.2704037922872;-1.04949951171875;-0.201080322265625;2.67999999323365;269;1 A;
82.280403792262;-1.0498046875;-0.201263427734375;2.6899999932084;270;1 A;
82.2904037922367;-1.04949951171875;-0.202178955078125;2.69999999318316;271;1 A;
82.3004037922115;-1.0491943359375;-0.201080322265625;2.70999999315791;272;1 A;
82.3104037921862;-1.0498046875;-0.201141357421875;2.71999999313266;273;1 A;
82.320403792161;-1.04949951171875;-0.200927734375;2.72999999310741;274;1 A;
82.3304037921357;-1.04949951171875;-0.20135498046875;2.73999999308217;275;1 A;
82.3404037921105;-1.05010986328125;-0.201080322265625;2.74999999305692;276;1 A;
82.3504037920852;-1.04949951171875;-0.2001953125;2.75999999303167;277;1 A;
82.36040379206;-1.0498046875;-0.198638916015625;2.76999999300642;278;1 A;
82.3704037920347;-1.0491943359375;-0.19921875;2.77999999298117;279;1 A;
82.3804037920095;-1.04949951171875;-0.199066162109375;2.78999999295593;280;1 A;
82.3904037919842;-1.0498046875;-0.1990966796875;2.79999999293068;281;1 A;
82.400403791959;-1.0491943359375;-0.200653076171875;2.80999999290543;282;1 A;
82.4104037919337;-1.04949951171875;-0.19964599609375;2.81999999288018;283;1 A;
82.4204037919085;-1.04949951171875;-0.20013427734375;2.82999999285494;284;1 A;
82.4304037918832;-1.0491943359375;-0.19970703125;2.83999999282969;285;1 A;
82.440403791858;-1.04888916015625;-0.19952392578125;2.84999999280444;286;1 A;
82.4504037918327;-1.04949951171875;-0.199920654296875;2.85999999277919;287;1 A;
82.4604037918075;-1.05010986328125;-0.200042724609375;2.86999999275395;288;1 A;
82.4704037917822;-1.0491943359375;-0.199615478515625;2.8799999927287;289;1 A;
82.480403791757;-1.04949951171875;-0.198944091796875;2.88999999270345;290;1 A;
82.4904037917318;-1.0491943359375;-0.199188232421875;2.8999999926782;291;1 A;
82.5004037917065;-1.0491943359375;-0.1990966796875;2.90999999265296;292;1 A;
82.5104037916813;-1.0498046875;-0.198394775390625;2.91999999262771;293;1 A;
82.520403791656;-1.04949951171875;-0.19854736328125;2.92999999260246;294;1 A;
82.5304037916308;-1.05010986328125;-0.1973876953125;2.93999999257721;295;1 A;
82.5404037916055;-1.0498046875;-0.19781494140625;2.94999999255197;296;1 A;
82.5504037915803;-1.04949951171875;-0.19915771484375;2.95999999252672;297;1 A;
82.560403791555;-1.0491943359375;-0.20001220703125;2.96999999250147;298;1 A;
82.5704037915298;-1.0498046875;-0.20062255859375;2.97999999247622;299;1 A;
82.5804037915045;-1.04949951171875;-0.199737548828125;2.98999999245098;300;1 A;
82.5904037914793;-1.0498046875;-0.198333740234375;2.99999999242573;301;1 A;
82.600403791454;-1.0498046875;-0.196258544921875;3.00999999240048;302;1 A;
82.6104037914288;-1.04949951171875;-0.195648193359375;3.01999999237523;303;1 A;
82.6204037914035;-1.04949951171875;-0.196136474609375;3.02999999234999;304;1 A;
82.6304037913783;-1.0498046875;-0.196197509765625;3.03999999232474;305;1 A;
82.640403791353;-1.04949951171875;-0.1993408203125;3.04999999229949;306;1 A;
82.6504037913278;-1.04949951171875;-0.198883056640625;3.05999999227424;307;1 A;
82.6604037913025;-1.0491943359375;-0.19903564453125;3.069999992249;308;1 A;
82.6704037912773;-1.04949951171875;-0.19830322265625;3.07999999222375;309;1 A;
82.680403791252;-1.05010986328125;-0.197265625;3.0899999921985;310;1 A;
82.6904037912268;-1.04949951171875;-0.197845458984375;3.09999999217325;311;1 A;
82.7004037912016;-1.04949951171875;-0.1973876953125;3.109999992148;312;1 A;
82.7104037911763;-1.0498046875;-0.19622802734375;3.11999999212276;313;1 A;
82.7204037911511;-1.04949951171875;-0.196563720703125;3.12999999209751;314;1 A;
82.7304037911258;-1.0491943359375;-0.19635009765625;3.13999999207226;315;1 A;
82.7404037911006;-1.0498046875;-0.196441650390625;3.14999999204701;316;1 A;
82.7504037910753;-1.0491943359375;-0.196441650390625;3.15999999202177;317;1 A;
82.7604037910501;-1.0498046875;-0.19598388671875;3.16999999199652;318;1 A;
82.7704037910248;-1.0498046875;-0.196044921875;3.17999999197127;319;1 A;
82.7804037909996;-1.04949951171875;-0.195648193359375;3.18999999194602;320;1 A;
82.7904037909743;-1.04888916015625;-0.196197509765625;3.19999999192078;321;1 A;
82.8004037909491;-1.04827880859375;-0.197113037109375;3.20999999189553;322;1 A;
82.8104037909238;-1.04949951171875;-0.197418212890625;3.21999999187028;323;1 A;
82.8204037908986;-1.0491943359375;-0.1971435546875;3.22999999184503;324;1 A;
82.8304037908733;-1.0498046875;-0.195556640625;3.23999999181979;325;1 A;
82.8404037908481;-1.0491943359375;-0.1942138671875;3.24999999179454;326;1 A;
82.8504037908228;-1.04949951171875;-0.193939208984375;3.25999999176929;327;1 A;
82.8604037907976;-1.04949951171875;-0.19366455078125;3.26999999174404;328;1 A;
82.8704037907723;-1.04888916015625;-0.1943359375;3.2799999917188;329;1 A;
82.8804037907471;-1.04949951171875;-0.196075439453125;3.28999999169355;330;1 A;
82.8904037907218;-1.0498046875;-0.195892333984375;3.2999999916683;331;1 A;
82.9004037906966;-1.0498046875;-0.1964111328125;3.30999999164305;332;1 A;
82.9104037906714;-1.04949951171875;-0.196441650390625;3.31999999161781;333;1 A;
82.9204037906461;-1.0498046875;-0.195648193359375;3.32999999159256;334;1 A;
82.9304037906209;-1.0498046875;-0.1964111328125;3.33999999156731;335;1 A;
82.9404037905956;-1.0498046875;-0.19500732421875;3.34999999154206;336;1 A;
82.9504037905704;-1.05010986328125;-0.194000244140625;3.35999999151682;337;1 A;
82.9604037905451;-1.0498046875;-0.193603515625;3.36999999149157;338;1 A;
82.9704037905199;-1.04949951171875;-0.19342041015625;3.37999999146632;339;1 A;
82.9804037904946;-1.04949951171875;-0.192596435546875;3.38999999144107;340;1 A;
82.9904037904694;-1.04949951171875;-0.19342041015625;3.39999999141583;341;1 A;
83.0004037904441;-1.0491943359375;-0.1932373046875;3.40999999139058;342;1 A;
83.0104037904189;-1.04949951171875;-0.194488525390625;3.41999999136533;343;1 A;
83.0204037903936;-1.04949951171875;-0.193634033203125;3.42999999134008;344;1 A;
83.0304037903684;-1.0498046875;-0.193939208984375;3.43999999131483;345;1 A;
83.0404037903431;-1.04949951171875;-0.1944580078125;3.44999999128959;346;1 A;
83.0504037903179;-1.04949951171875;-0.1944580078125;3.45999999126434;347;1 A;
83.0604037902926;-1.0498046875;-0.1944580078125;3.46999999123909;348;1 A;
83.0704037902674;-1.0498046875;-0.192626953125;3.47999999121384;349;1 A;
83.0804037902421;-1.0491943359375;-0.19146728515625;3.4899999911886;350;1 A;
83.0904037902169;-1.04949951171875;-0.191864013671875;3.49999999116335;351;1 A;
83.1004037901916;-1.0491943359375;-0.192108154296875;3.5099999911381;352;1 A;
83.1104037901664;-1.04949951171875;-0.192474365234375;3.51999999111285;353;1 A;
83.1204037901412;-1.04949951171875;-0.19384765625;3.52999999108761;354;1 A;
83.1304037901159;-1.0498046875;-0.193359375;3.53999999106236;355;1 A;
83.1404037900907;-1.04949951171875;-0.1939697265625;3.54999999103711;356;1 A;
83.1504037900654;-1.0491943359375;-0.193084716796875;3.55999999101186;357;1 A;
83.1604037900402;-1.04949951171875;-0.192657470703125;3.56999999098662;358;1 A;
83.1704037900149;-1.04949951171875;-0.193756103515625;3.57999999096137;359;1 A;
83.1804037899897;-1.0491943359375;-0.1925048828125;3.58999999093612;360;1 A;
83.1904037899644;-1.04949951171875;-0.192413330078125;3.59999999091087;361;1 A;
83.2004037899392;-1.04949951171875;-0.192138671875;3.60999999088563;362;1 A;
83.2104037899139;-1.04949951171875;-0.191680908203125;3.61999999086038;363;1 A;
83.2204037898887;-1.0498046875;-0.191131591796875;3.62999999083513;364;1 A;
83.2304037898634;-1.0498046875;-0.191650390625;3.63999999080988;365;1 A;
83.2404037898382;-1.0498046875;-0.190521240234375;3.64999999078464;366;1 A;
83.2504037898129;-1.0498046875;-0.190643310546875;3.65999999075939;367;1 A;
83.2604037897877;-1.04949951171875;-0.189971923828125;3.66999999073414;368;1 A;
83.2704037897624;-1.04949951171875;-0.19146728515625;3.67999999070889;369;1 A;
83.2804037897372;-1.0498046875;-0.1934814453125;3.68999999068365;370;1 A;
83.2904037897119;-1.04949951171875;-0.19342041015625;3.6999999906584;371;1 A;
83.3004037896867;-1.04949951171875;-0.193817138671875;3.70999999063315;372;1 A;
83.3104037896614;-1.0498046875;-0.191253662109375;3.7199999906079;373;1 A;
83.3204037896362;-1.04949951171875;-0.18878173828125;3.72999999058266;374;1 A;
83.330403789611;-1.04949951171875;-0.188568115234375;3.73999999055741;375;1 A;
83.3404037895857;-1.0491943359375;-0.18896484375;3.74999999053216;376;1 A;
83.3504037895605;-1.04949951171875;-0.189361572265625;3.75999999050691;377;1 A;
83.3604037895352;-1.04949951171875;-0.192413330078125;3.76999999048167;378;1 A;
83.37040378951;-1.04949951171875;-0.193267822265625;3.77999999045642;379;1 A;
83.3804037894847;-1.0491943359375;-0.193267822265625;3.78999999043117;380;1 A;
83.3904037894595;-1.0498046875;-0.191864013671875;3.79999999040592;381;1 A;
83.4004037894342;-1.04888916015625;-0.19085693359375;3.80999999038067;382;1 A;
83.410403789409;-1.0498046875;-0.191680908203125;3.81999999035543;383;1 A;
83.4204037893837;-1.04949951171875;-0.190948486328125;3.82999999033018;384;1 A;
83.4304037893585;-1.04949951171875;-0.18963623046875;3.83999999030493;385;1 A;
83.4404037893332;-1.0498046875;-0.189361572265625;3.84999999027968;386;1 A;
83.450403789308;-1.0498046875;-0.189178466796875;3.85999999025444;387;1 A;
83.4604037892827;-1.04949951171875;-0.189361572265625;3.86999999022919;388;1 A;
83.4704037892575;-1.04949951171875;-0.191009521484375;3.87999999020394;389;1 A;
83.4804037892322;-1.05010986328125;-0.19049072265625;3.88999999017869;390;1 A;
83.490403789207;-1.0498046875;-0.190704345703125;3.89999999015345;391;1 A;
83.5004037891817;-1.0491943359375;-0.190521240234375;3.9099999901282;392;1 A;
83.5104037891565;-1.0491943359375;-0.19000244140625;3.91999999010295;393;1 A;
83.5204037891313;-1.0498046875;-0.19073486328125;3.9299999900777;394;1 A;
83.530403789106;-1.0491943359375;-0.19073486328125;3.93999999005246;395;1 A;
83.5404037890808;-1.0491943359375;-0.1903076171875;3.94999999002721;396;1 A;
83.5504037890555;-1.0498046875;-0.189910888671875;3.95999999000196;397;1 A;
83.5604037890303;-1.0491943359375;-0.188079833984375;3.96999998997671;398;1 A;
83.570403789005;-1.04949951171875;-0.188446044921875;3.97999998995147;399;1 A;
83.5804037889798;-1.0498046875;-0.188751220703125;3.98999998992622;400;1 A;
83.5904037889545;-1.04949951171875;-0.18829345703125;3.99999998990097;401;1 A;
83.6004037889293;-1.0491943359375;-0.190155029296875;4.00999998987572;402;1 A;
83.610403788904;-1.0498046875;-0.189666748046875;4.01999998985048;403;1 A;
83.6204037888788;-1.04949951171875;-0.190093994140625;4.02999998982523;404;1 A;
83.6304037888535;-1.04949951171875;-0.19036865234375;4.03999998979998;405;1 A;
83.6404037888283;-1.04949951171875;-0.189727783203125;4.04999998977473;406;1 A;
83.650403788803;-1.04949951171875;-0.1900634765625;4.05999998974949;407;1 A;
83.6604037887778;-1.0498046875;-0.190887451171875;4.06999998972424;408;1 A;
83.6704037887525;-1.0491943359375;-0.1888427734375;4.07999998969899;409;1 A;
83.6804037887273;-1.0498046875;-0.188812255859375;4.08999998967374;410;1 A;
83.690403788702;-1.04888916015625;-0.18817138671875;4.0999999896485;411;1 A;
83.7004037886768;-1.04888916015625;-0.188568115234375;4.10999998962325;412;1 A;
83.7104037886515;-1.04949951171875;-0.18798828125;4.119999989598;413;1 A;
83.7204037886263;-1.04949951171875;-0.18798828125;4.12999998957275;414;1 A;
83.7304037886011;-1.0498046875;-0.188140869140625;4.1399999895475;415;1 A;
83.7404037885758;-1.04949951171875;-0.188140869140625;4.14999998952226;416;1 A;
83.7504037885506;-1.0498046875;-0.189666748046875;4.15999998949701;417;1 A;
83.7604037885253;-1.04949951171875;-0.190185546875;4.16999998947176;418;1 A;
83.7704037885001;-1.0498046875;-0.191162109375;4.17999998944651;419;1 A;
83.7804037884748;-1.0498046875;-0.19024658203125;4.18999998942127;420;1 A;
83.7904037884496;-1.04949951171875;-0.188446044921875;4.19999998939602;421;1 A;
83.8004037884243;-1.0498046875;-0.186767578125;4.20999998937077;422;1 A;
83.8104037883991;-1.04949951171875;-0.185577392578125;4.21999998934552;423;1 A;
83.8204037883738;-1.04949951171875;-0.186431884765625;4.22999998932028;424;1 A;
83.8304037883486;-1.04949951171875;-0.187225341796875;4.23999998929503;425;1 A;
83.8404037883233;-1.04949951171875;-0.190399169921875;4.24999998926978;426;1 A;
83.8504037882981;-1.0491943359375;-0.1903076171875;4.25999998924453;427;1 A;
83.8604037882728;-1.05010986328125;-0.190521240234375;4.26999998921929;428;1 A;
83.8704037882476;-1.0491943359375;-0.18963623046875;4.27999998919404;429;1 A;
83.8804037882223;-1.04949951171875;-0.1884765625;4.28999998916879;430;1 A;
83.8904037881971;-1.0498046875;-0.18963623046875;4.29999998914354;431;1 A;
83.9004037881718;-1.0491943359375;-0.188385009765625;4.3099999891183;432;1 A;
83.9104037881466;-1.0491943359375;-0.187408447265625;4.31999998909305;433;1 A;
83.9204037881213;-1.0491943359375;-0.18817138671875;4.3299999890678;434;1 A;
83.9304037880961;-1.0498046875;-0.187835693359375;4.33999998904255;435;1 A;
83.9404037880709;-1.04949951171875;-0.188018798828125;4.34999998901731;436;1 A;
83.9504037880456;-1.0498046875;-0.1878662109375;4.35999998899206;437;1 A;
83.9604037880204;-1.04949951171875;-0.1871337890625;4.36999998896681;438;1 A;
83.9704037879951;-1.04888916015625;-0.187774658203125;4.37999998894156;439;1 A;
83.9804037879699;-1.04949951171875;-0.187042236328125;4.38999998891632;440;1 A;
83.9904037879446;-1.0498046875;-0.18817138671875;4.39999998889107;441;1 A;
84.0004037879194;-1.0491943359375;-0.188720703125;4.40999998886582;442;1 A;
84.0104037878941;-1.04949951171875;-0.1893310546875;4.41999998884057;443;1 A;
84.0204037878689;-1.04949951171875;-0.189849853515625;4.42999998881533;444;1 A;
84.0304037878436;-1.0498046875;-0.187286376953125;4.43999998879008;445;1 A;
84.0404037878184;-1.0498046875;-0.185394287109375;4.44999998876483;446;1 A;
84.0504037877931;-1.0498046875;-0.18560791015625;4.45999998873958;447;1 A;
84.0604037877679;-1.0498046875;-0.184967041015625;4.46999998871433;448;1 A;
84.0704037877426;-1.0491943359375;-0.186279296875;4.47999998868909;449;1 A;
84.0804037877174;-1.04949951171875;-0.187957763671875;4.48999998866384;450;1 A;
84.0904037876921;-1.04949951171875;-0.18804931640625;4.49999998863859;451;1 A;
84.1004037876669;-1.04949951171875;-0.18951416015625;4.50999998861334;452;1 A;
84.1104037876416;-1.04949951171875;-0.188446044921875;4.5199999885881;453;1 A;
84.1204037876164;-1.04888916015625;-0.188018798828125;4.52999998856285;454;1 A;
84.1304037875911;-1.04949951171875;-0.188446044921875;4.5399999885376;455;1 A;
84.1404037875659;-1.04949951171875;-0.18780517578125;4.54999998851235;456;1 A;
84.1504037875407;-1.0498046875;-0.186492919921875;4.55999998848711;457;1 A;
84.1604037875154;-1.05010986328125;-0.185821533203125;4.56999998846186;458;1 A;
84.1704037874902;-1.0498046875;-0.185577392578125;4.57999998843661;459;1 A;
84.1804037874649;-1.04949951171875;-0.184783935546875;4.58999998841136;460;1 A;
84.1904037874397;-1.04949951171875;-0.186004638671875;4.59999998838612;461;1 A;
84.2004037874144;-1.0498046875;-0.18707275390625;4.60999998836087;462;1 A;
84.2104037873892;-1.0498046875;-0.186859130859375;4.61999998833562;463;1 A;
84.2204037873639;-1.04949951171875;-0.187225341796875;4.62999998831037;464;1 A;
84.2304037873387;-1.0491943359375;-0.186737060546875;4.63999998828513;465;1 A;
84.2404037873134;-1.04949951171875;-0.187164306640625;4.64999998825988;466;1 A;
84.2504037872882;-1.04949951171875;-0.18670654296875;4.65999998823463;467;1 A;
84.2604037872629;-1.0498046875;-0.1871337890625;4.66999998820938;468;1 A;
84.2704037872377;-1.0491943359375;-0.185455322265625;4.67999998818414;469;1 A;
84.2804037872124;-1.04949951171875;-0.184112548828125;4.68999998815889;470;1 A;
84.2904037871872;-1.0498046875;-0.18499755859375;4.69999998813364;471;1 A;
84.3004037871619;-1.04949951171875;-0.183990478515625;4.70999998810839;472;1 A;
84.3104037871367;-1.0491943359375;-0.185028076171875;4.71999998808315;473;1 A;
84.3204037871114;-1.04949951171875;-0.18670654296875;4.7299999880579;474;1 A;
84.3304037870862;-1.05010986328125;-0.186737060546875;4.73999998803265;475;1 A;
84.3404037870609;-1.0498046875;-0.187225341796875;4.7499999880074;476;1 A;
84.3504037870357;-1.0491943359375;-0.186370849609375;4.75999998798216;477;1 A;
84.3604037870105;-1.04949951171875;-0.18603515625;4.76999998795691;478;1 A;
84.3704037869852;-1.0491943359375;-0.1866455078125;4.77999998793166;479;1 A;
84.38040378696;-1.0498046875;-0.186737060546875;4.78999998790641;480;1 A;
84.3904037869347;-1.0498046875;-0.186187744140625;4.79999998788116;481;1 A;
84.4004037869095;-1.0498046875;-0.185333251953125;4.80999998785592;482;1 A;
84.4104037868842;-1.0498046875;-0.1854248046875;4.81999998783067;483;1 A;
84.420403786859;-1.04949951171875;-0.18499755859375;4.82999998780542;484;1 A;
84.4304037868337;-1.0498046875;-0.184906005859375;4.83999998778017;485;1 A;
84.4404037868085;-1.04949951171875;-0.18475341796875;4.84999998775493;486;1 A;
84.4504037867832;-1.0491943359375;-0.184295654296875;4.85999998772968;487;1 A;
84.460403786758;-1.04888916015625;-0.184051513671875;4.86999998770443;488;1 A;
84.4704037867327;-1.04949951171875;-0.185638427734375;4.87999998767918;489;1 A;
84.4804037867075;-1.0491943359375;-0.18731689453125;4.88999998765394;490;1 A;
84.4904037866822;-1.04949951171875;-0.187652587890625;4.89999998762869;491;1 A;
84.500403786657;-1.0491943359375;-0.187225341796875;4.90999998760344;492;1 A;
84.5104037866317;-1.04888916015625;-0.185028076171875;4.91999998757819;493;1 A;
84.5204037866065;-1.04949951171875;-0.182373046875;4.92999998755295;494;1 A;
84.5304037865812;-1.05010986328125;-0.18194580078125;4.9399999875277;495;1 A;
84.540403786556;-1.04949951171875;-0.182220458984375;4.94999998750245;496;1 A;
84.5504037865308;-1.0491943359375;-0.182952880859375;4.9599999874772;497;1 A;
84.5604037865055;-1.04949951171875;-0.186126708984375;4.96999998745196;498;1 A;
84.5704037864803;-1.04949951171875;-0.187652587890625;4.97999998742671;499;1 A;
84.580403786455;-1.05010986328125;-0.187042236328125;4.98999998740146;500;1 A;
84.5904037864298;-1.0498046875;-0.186553955078125;4.99999998737621;501;1 A;
84.6004037864045;-1.0498046875;-0.185150146484375;5.00999998735097;502;1 A;
84.6104037863793;-1.04949951171875;-0.1861572265625;5.01999998732572;503;1 A;
84.620403786354;-1.04949951171875;-0.185699462890625;5.02999998730047;504;1 A;
84.6304037863288;-1.04949951171875;-0.184173583984375;5.03999998727522;505;1 A;
84.6404037863035;-1.04949951171875;-0.183929443359375;5.04999998724998;506;1 A;
84.6504037862783;-1.04888916015625;-0.18438720703125;5.05999998722473;507;1 A;
84.660403786253;-1.04949951171875;-0.184478759765625;5.06999998719948;508;1 A;
84.6704037862278;-1.04949951171875;-0.18505859375;5.07999998717423;509;1 A;
84.6804037862025;-1.0491943359375;-0.1859130859375;5.08999998714899;510;1 A;
84.6904037861773;-1.04949951171875;-0.1846923828125;5.09999998712374;511;1 A;
84.700403786152;-1.0491943359375;-0.18524169921875;5.10999998709849;512;1 A;
84.7104037861268;-1.0498046875;-0.1849365234375;5.11999998707324;513;1 A;
84.7204037861015;-1.0498046875;-0.185272216796875;5.129999987048;514;1 A;
84.7304037860763;-1.05010986328125;-0.185760498046875;5.13999998702275;515;1 A;
84.740403786051;-1.04949951171875;-0.1851806640625;5.1499999869975;516;1 A;
84.7504037860258;-1.0491943359375;-0.184783935546875;5.15999998697225;517;1 A;
84.7604037860006;-1.04949951171875;-0.1834716796875;5.169999986947;518;1 A;
84.7704037859753;-1.0498046875;-0.182769775390625;5.17999998692176;519;1 A;
84.7804037859501;-1.0498046875;-0.18359375;5.18999998689651;520;1 A;
84.7904037859248;-1.0498046875;-0.18292236328125;5.19999998687126;521;1 A;
84.8004037858996;-1.04949951171875;-0.185089111328125;5.20999998684601;522;1 A;
84.8104037858743;-1.04949951171875;-0.1849365234375;5.21999998682077;523;1 A;
84.8204037858491;-1.0498046875;-0.18487548828125;5.22999998679552;524;1 A;
84.8304037858238;-1.04949951171875;-0.186126708984375;5.23999998677027;525;1 A;
84.8404037857986;-1.0491943359375;-0.185546875;5.24999998674502;526;1 A;
84.8504037857733;-1.04949951171875;-0.186370849609375;5.25999998671978;527;1 A;
84.8604037857481;-1.04949951171875;-0.186614990234375;5.26999998669453;528;1 A;
84.8704037857228;-1.04949951171875;-0.184326171875;5.27999998666928;529;1 A;
84.8804037856976;-1.04949951171875;-0.184478759765625;5.28999998664403;530;1 A;
84.8904037856723;-1.05010986328125;-0.18408203125;5.29999998661879;531;1 A;
84.9004037856471;-1.04949951171875;-0.18365478515625;5.30999998659354;532;1 A;
84.9104037856218;-1.04949951171875;-0.18389892578125;5.31999998656829;533;1 A;
84.9204037855966;-1.0491943359375;-0.1832275390625;5.32999998654304;534;1 A;
84.9304037855713;-1.04949951171875;-0.184356689453125;5.3399999865178;535;1 A;
84.9404037855461;-1.0491943359375;-0.184051513671875;5.34999998649255;536;1 A;
84.9504037855208;-1.04949951171875;-0.185943603515625;5.3599999864673;537;1 A;
84.9604037854956;-1.04949951171875;-0.186126708984375;5.36999998644205;538;1 A;
84.9704037854704;-1.0498046875;-0.18701171875;5.37999998641681;539;1 A;
84.9804037854451;-1.0491943359375;-0.1866455078125;5.38999998639156;540;1 A;
84.9904037854199;-1.0498046875;-0.184173583984375;5.39999998636631;541;1 A;
85.0004037853946;-1.04888916015625;-0.18231201171875;5.40999998634106;542;1 A;
85.0104037853694;-1.0491943359375;-0.181427001953125;5.41999998631582;543;1 A;
85.0204037853441;-1.04949951171875;-0.182342529296875;5.42999998629057;544;1 A;
85.0304037853189;-1.04949951171875;-0.183074951171875;5.43999998626532;545;1 A;
85.0404037852936;-1.0498046875;-0.18646240234375;5.44999998624007;546;1 A;
85.0504037852684;-1.0491943359375;-0.18658447265625;5.45999998621483;547;1 A;
85.0604037852431;-1.04888916015625;-0.18701171875;5.46999998618958;548;1 A;
85.0704037852179;-1.0498046875;-0.1859130859375;5.47999998616433;549;1 A;
85.0804037851926;-1.0498046875;-0.184783935546875;5.48999998613908;550;1 A;
85.0904037851674;-1.0491943359375;-0.186614990234375;5.49999998611383;551;1 A;
85.1004037851421;-1.04949951171875;-0.184661865234375;5.50999998608859;552;1 A;
85.1104037851169;-1.0498046875;-0.1844482421875;5.51999998606334;553;1 A;
85.1204037850916;-1.0491943359375;-0.1849365234375;5.52999998603809;554;1 A;
85.1304037850664;-1.04949951171875;-0.185089111328125;5.53999998601284;555;1 A;
85.1404037850411;-1.04949951171875;-0.184600830078125;5.5499999859876;556;1 A;
85.1504037850159;-1.0491943359375;-0.18505859375;5.55999998596235;557;1 A;
85.1604037849906;-1.04949951171875;-0.18389892578125;5.5699999859371;558;1 A;
85.1704037849654;-1.05010986328125;-0.18475341796875;5.57999998591185;559;1 A;
85.1804037849402;-1.0491943359375;-0.18414306640625;5.58999998588661;560;1 A;
85.1904037849149;-1.04949951171875;-0.1854248046875;5.59999998586136;561;1 A;
85.2004037848897;-1.0491943359375;-0.186553955078125;5.60999998583611;562;1 A;
85.2104037848644;-1.0498046875;-0.186767578125;5.61999998581086;563;1 A;
85.2204037848392;-1.04949951171875;-0.187744140625;5.62999998578562;564;1 A;
85.2304037848139;-1.0491943359375;-0.184722900390625;5.63999998576037;565;1 A;
85.2404037847887;-1.04949951171875;-0.182861328125;5.64999998573512;566;1 A;
85.2504037847634;-1.04949951171875;-0.18310546875;5.65999998570987;567;1 A;
85.2604037847382;-1.0491943359375;-0.182952880859375;5.66999998568463;568;1 A;
85.2704037847129;-1.0498046875;-0.1839599609375;5.67999998565938;569;1 A;
85.2804037846877;-1.04949951171875;-0.186431884765625;5.68999998563413;570;1 A;
85.2904037846624;-1.0491943359375;-0.18621826171875;5.69999998560888;571;1 A;
85.3004037846372;-1.04949951171875;-0.188568115234375;5.70999998558364;572;1 A;
85.3104037846119;-1.04949951171875;-0.186553955078125;5.71999998555839;573;1 A;
85.3204037845867;-1.0498046875;-0.1865234375;5.72999998553314;574;1 A;
85.3304037845614;-1.0491943359375;-0.187744140625;5.73999998550789;575;1 A;
85.3404037845362;-1.0498046875;-0.186859130859375;5.74999998548265;576;1 A;
85.3504037845109;-1.0491943359375;-0.185760498046875;5.7599999854574;577;1 A;
85.3604037844857;-1.0498046875;-0.184814453125;5.76999998543215;578;1 A;
85.3704037844604;-1.04949951171875;-0.184844970703125;5.7799999854069;579;1 A;
85.3804037844352;-1.04949951171875;-0.184600830078125;5.78999998538166;580;1 A;
85.39040378441;-1.0491943359375;-0.1856689453125;5.79999998535641;581;1 A;
85.4004037843847;-1.0498046875;-0.187408447265625;5.80999998533116;582;1 A;
85.4104037843595;-1.04888916015625;-0.18701171875;5.81999998530591;583;1 A;
85.4204037843342;-1.0491943359375;-0.1865234375;5.82999998528066;584;1 A;
85.430403784309;-1.04949951171875;-0.1873779296875;5.83999998525542;585;1 A;
85.4404037842837;-1.0498046875;-0.1868896484375;5.84999998523017;586;1 A;
85.4504037842585;-1.04949951171875;-0.187347412109375;5.85999998520492;587;1 A;
85.4604037842332;-1.0491943359375;-0.1876220703125;5.86999998517967;588;1 A;
85.470403784208;-1.0491943359375;-0.186126708984375;5.87999998515443;589;1 A;
85.4804037841827;-1.0491943359375;-0.184112548828125;5.88999998512918;590;1 A;
85.4904037841575;-1.04949951171875;-0.185821533203125;5.89999998510393;591;1 A;
85.5004037841322;-1.04949951171875;-0.184600830078125;5.90999998507868;592;1 A;
85.510403784107;-1.0491943359375;-0.18536376953125;5.91999998505344;593;1 A;
85.5204037840817;-1.0498046875;-0.18768310546875;5.92999998502819;594;1 A;
85.5304037840565;-1.04949951171875;-0.187225341796875;5.93999998500294;595;1 A;
85.5404037840312;-1.04949951171875;-0.18896484375;5.94999998497769;596;1 A;
85.550403784006;-1.0498046875;-0.187286376953125;5.95999998495245;597;1 A;
85.5604037839807;-1.04949951171875;-0.187591552734375;5.9699999849272;598;1 A;
85.5704037839555;-1.0498046875;-0.188018798828125;5.97999998490195;599;1 A;
85.5804037839303;-1.0498046875;-0.1884765625;5.9899999848767;600;1 A;
85.590403783905;-1.0498046875;-0.187042236328125;5.99999998485146;601;1 A;
85.6004037838798;-1.0498046875;-0.186676025390625;6.00999998482621;602;1 A;
85.6104037838545;-1.04949951171875;-0.18658447265625;6.01999998480096;603;1 A;
85.6204037838293;-1.0498046875;-0.18658447265625;6.02999998477571;604;1 A;
85.630403783804;-1.0491943359375;-0.186248779296875;6.03999998475047;605;1 A;
85.6404037837788;-1.05010986328125;-0.18634033203125;6.04999998472522;606;1 A;
85.6504037837535;-1.04949951171875;-0.185882568359375;6.05999998469997;607;1 A;
85.6604037837283;-1.0491943359375;-0.18603515625;6.06999998467472;608;1 A;
85.670403783703;-1.04949951171875;-0.18841552734375;6.07999998464948;609;1 A;
85.6804037836778;-1.04949951171875;-0.1898193359375;6.08999998462423;610;1 A;
85.6904037836525;-1.04949951171875;-0.190399169921875;6.09999998459898;611;1 A;
85.7004037836273;-1.0498046875;-0.189666748046875;6.10999998457373;612;1 A;
85.710403783602;-1.0491943359375;-0.187103271484375;6.11999998454849;613;1 A;
85.7204037835768;-1.0491943359375;-0.184326171875;6.12999998452324;614;1 A;
85.7304037835515;-1.04949951171875;-0.18310546875;6.13999998449799;615;1 A;
85.7404037835263;-1.04888916015625;-0.18414306640625;6.14999998447274;616;1 A;
85.750403783501;-1.04949951171875;-0.185272216796875;6.1599999844475;617;1 A;
85.7604037834758;-1.04949951171875;-0.18939208984375;6.16999998442225;618;1 A;
85.7704037834505;-1.0498046875;-0.191070556640625;6.179999984397;619;1 A;
85.7804037834253;-1.0491943359375;-0.19000244140625;6.18999998437175;620;1 A;
85.7904037834001;-1.0498046875;-0.1900634765625;6.1999999843465;621;1 A;
85.8004037833748;-1.0498046875;-0.187255859375;6.20999998432126;622;1 A;
85.8104037833496;-1.05010986328125;-0.188934326171875;6.21999998429601;623;1 A;
85.8204037833243;-1.04949951171875;-0.18707275390625;6.22999998427076;624;1 A;
85.8304037832991;-1.04888916015625;-0.18670654296875;6.23999998424551;625;1 A;
85.8404037832738;-1.0491943359375;-0.1866455078125;6.24999998422027;626;1 A;
85.8504037832486;-1.0498046875;-0.187896728515625;6.25999998419502;627;1 A;
85.8604037832233;-1.0498046875;-0.187774658203125;6.26999998416977;628;1 A;
85.8704037831981;-1.04949951171875;-0.188385009765625;6.27999998414452;629;1 A;
85.8804037831728;-1.0491943359375;-0.1883544921875;6.28999998411928;630;1 A;
85.8904037831476;-1.0491943359375;-0.188232421875;6.29999998409403;631;1 A;
85.9004037831223;-1.04949951171875;-0.18798828125;6.30999998406878;632;1 A;
85.9104037830971;-1.0498046875;-0.188323974609375;6.31999998404353;633;1 A;
85.9204037830718;-1.04949951171875;-0.188690185546875;6.32999998401829;634;1 A;
85.9304037830466;-1.04949951171875;-0.188995361328125;6.33999998399304;635;1 A;
85.9404037830213;-1.04949951171875;-0.1883544921875;6.34999998396779;636;1 A;
85.9504037829961;-1.04949951171875;-0.1881103515625;6.35999998394254;637;1 A;
85.9604037829708;-1.04949951171875;-0.187042236328125;6.3699999839173;638;1 A;
85.9704037829456;-1.0498046875;-0.186187744140625;6.37999998389205;639;1 A;
85.9804037829203;-1.04949951171875;-0.187103271484375;6.3899999838668;640;1 A;
85.9904037828951;-1.0491943359375;-0.1866455078125;6.39999998384155;641;1 A;
86.0004037828699;-1.0491943359375;-0.18829345703125;6.40999998381631;642;1 A;
86.0104037828446;-1.0498046875;-0.1884765625;6.41999998379106;643;1 A;
86.0204037828194;-1.04949951171875;-0.188568115234375;6.42999998376581;644;1 A;
86.0304037827941;-1.04888916015625;-0.19000244140625;6.43999998374056;645;1 A;
86.0404037827689;-1.04949951171875;-0.1893310546875;6.44999998371532;646;1 A;
86.0504037827436;-1.0498046875;-0.190887451171875;6.45999998369007;647;1 A;
86.0604037827184;-1.04949951171875;-0.19036865234375;6.46999998366482;648;1 A;
86.0704037826931;-1.0498046875;-0.18798828125;6.47999998363957;649;1 A;
86.0804037826679;-1.04949951171875;-0.188232421875;6.48999998361433;650;1 A;
86.0904037826426;-1.04949951171875;-0.187469482421875;6.49999998358908;651;1 A;
86.1004037826174;-1.04949951171875;-0.1871337890625;6.50999998356383;652;1 A;
86.1104037825921;-1.04949951171875;-0.187286376953125;6.51999998353858;653;1 A;
86.1204037825669;-1.05010986328125;-0.18695068359375;6.52999998351333;654;1 A;
86.1304037825416;-1.04949951171875;-0.189422607421875;6.53999998348809;655;1 A;
86.1404037825164;-1.0498046875;-0.187103271484375;6.54999998346284;656;1 A;
86.1504037824911;-1.04949951171875;-0.1900634765625;6.55999998343759;657;1 A;
86.1604037824659;-1.0491943359375;-0.190399169921875;6.56999998341234;658;1 A;
86.1704037824406;-1.0491943359375;-0.191680908203125;6.5799999833871;659;1 A;
86.1804037824154;-1.0498046875;-0.1912841796875;6.58999998336185;660;1 A;
86.1904037823901;-1.04949951171875;-0.18841552734375;6.5999999833366;661;1 A;
86.2004037823649;-1.04949951171875;-0.185760498046875;6.60999998331135;662;1 A;
86.2104037823397;-1.04949951171875;-0.18524169921875;6.61999998328611;663;1 A;
86.2204037823144;-1.04949951171875;-0.18609619140625;6.62999998326086;664;1 A;
86.2304037822892;-1.0498046875;-0.187042236328125;6.63999998323561;665;1 A;
86.2404037822639;-1.04949951171875;-0.19000244140625;6.64999998321036;666;1 A;
86.2504037822387;-1.04949951171875;-0.189788818359375;6.65999998318512;667;1 A;
86.2604037822134;-1.04949951171875;-0.19110107421875;6.66999998315987;668;1 A;
86.2704037821882;-1.04949951171875;-0.189849853515625;6.67999998313462;669;1 A;
86.2804037821629;-1.04949951171875;-0.189178466796875;6.68999998310937;670;1 A;
86.2904037821377;-1.04949951171875;-0.19171142578125;6.69999998308413;671;1 A;
86.3004037821124;-1.04949951171875;-0.1890869140625;6.70999998305888;672;1 A;
86.3104037820872;-1.0491943359375;-0.189422607421875;6.71999998303363;673;1 A;
86.3204037820619;-1.04949951171875;-0.189056396484375;6.72999998300838;674;1 A;
86.3304037820367;-1.05010986328125;-0.18902587890625;6.73999998298314;675;1 A;
86.3404037820114;-1.05010986328125;-0.187530517578125;6.74999998295789;676;1 A;
86.3504037819862;-1.04949951171875;-0.189117431640625;6.75999998293264;677;1 A;
86.3604037819609;-1.04949951171875;-0.1875;6.76999998290739;678;1 A;
86.3704037819357;-1.0498046875;-0.188812255859375;6.77999998288215;679;1 A;
86.3804037819104;-1.0491943359375;-0.187744140625;6.7899999828569;680;1 A;
86.3904037818852;-1.04949951171875;-0.189300537109375;6.79999998283165;681;1 A;
86.4004037818599;-1.04949951171875;-0.191558837890625;6.8099999828064;682;1 A;
86.4104037818347;-1.0491943359375;-0.19207763671875;6.81999998278116;683;1 A;
86.4204037818095;-1.0491943359375;-0.19317626953125;6.82999998275591;684;1 A;
86.4304037817842;-1.04949951171875;-0.189422607421875;6.83999998273066;685;1 A;
86.440403781759;-1.04949951171875;-0.18597412109375;6.84999998270541;686;1 A;
86.4504037817337;-1.04949951171875;-0.18548583984375;6.85999998268016;687;1 A;
86.4604037817085;-1.0491943359375;-0.185943603515625;6.86999998265492;688;1 A;
86.4704037816832;-1.0491943359375;-0.187103271484375;6.87999998262967;689;1 A;
86.480403781658;-1.04949951171875;-0.190826416015625;6.88999998260442;690;1 A;
86.4904037816327;-1.0498046875;-0.190521240234375;6.89999998257917;691;1 A;
86.5004037816075;-1.0498046875;-0.192474365234375;6.90999998255393;692;1 A;
86.5104037815822;-1.04949951171875;-0.19036865234375;6.91999998252868;693;1 A;
86.520403781557;-1.0498046875;-0.19012451171875;6.92999998250343;694;1 A;
86.5304037815317;-1.0498046875;-0.19158935546875;6.93999998247818;695;1 A;
86.5404037815065;-1.0491943359375;-0.190185546875;6.94999998245294;696;1 A;
86.5504037814812;-1.04949951171875;-0.1884765625;6.95999998242769;697;1 A;
86.560403781456;-1.04949951171875;-0.187652587890625;6.96999998240244;698;1 A;
86.5704037814307;-1.04949951171875;-0.187255859375;6.97999998237719;699;1 A;
86.5804037814055;-1.0498046875;-0.18817138671875;6.98999998235195;700;1 A;
86.5904037813802;-1.05010986328125;-0.18951416015625;6.9999999823267;701;1 A;
86.600403781355;-1.0491943359375;-0.190216064453125;7.00999998230145;702;1 A;
86.6104037813298;-1.04949951171875;-0.19091796875;7.0199999822762;703;1 A;
86.6204037813045;-1.0498046875;-0.189483642578125;7.02999998225096;704;1 A;
86.6304037812793;-1.0498046875;-0.19036865234375;7.03999998222571;705;1 A;
86.640403781254;-1.04949951171875;-0.19036865234375;7.04999998220046;706;1 A;
86.6504037812288;-1.05010986328125;-0.190704345703125;7.05999998217521;707;1 A;
86.6604037812035;-1.048583984375;-0.19085693359375;7.06999998214997;708;1 A;
86.6704037811783;-1.04949951171875;-0.18902587890625;7.07999998212472;709;1 A;
86.680403781153;-1.04949951171875;-0.186920166015625;7.08999998209947;710;1 A;
86.6904037811278;-1.0498046875;-0.187896728515625;7.09999998207422;711;1 A;
86.7004037811025;-1.0491943359375;-0.1878662109375;7.10999998204898;712;1 A;
86.7104037810773;-1.05010986328125;-0.187896728515625;7.11999998202373;713;1 A;
86.720403781052;-1.04949951171875;-0.19085693359375;7.12999998199848;714;1 A;
86.7304037810268;-1.04888916015625;-0.19000244140625;7.13999998197323;715;1 A;
86.7404037810015;-1.0498046875;-0.190948486328125;7.14999998194799;716;1 A;
86.7504037809763;-1.04949951171875;-0.190460205078125;7.15999998192274;717;1 A;
86.760403780951;-1.04949951171875;-0.1900634765625;7.16999998189749;718;1 A;
86.7704037809258;-1.0491943359375;-0.191802978515625;7.17999998187224;719;1 A;
86.7804037809005;-1.05010986328125;-0.190826416015625;7.189999981847;720;1 A;
86.7904037808753;-1.04949951171875;-0.18994140625;7.19999998182175;721;1 A;
86.80040378085;-1.04949951171875;-0.18902587890625;7.2099999817965;722;1 A;
86.8104037808248;-1.04949951171875;-0.188873291015625;7.21999998177125;723;1 A;
86.8204037807996;-1.04949951171875;-0.188995361328125;7.229999981746;724;1 A;
86.8304037807743;-1.0498046875;-0.1883544921875;7.23999998172076;725;1 A;
86.8404037807491;-1.04949951171875;-0.188507080078125;7.24999998169551;726;1 A;
86.8504037807238;-1.04888916015625;-0.187957763671875;7.25999998167026;727;1 A;
86.8604037806986;-1.04949951171875;-0.18841552734375;7.26999998164501;728;1 A;
86.8704037806733;-1.0491943359375;-0.191253662109375;7.27999998161977;729;1 A;
86.8804037806481;-1.0491943359375;-0.19256591796875;7.28999998159452;730;1 A;
86.8904037806228;-1.04949951171875;-0.193115234375;7.29999998156927;731;1 A;
86.9004037805976;-1.04888916015625;-0.192138671875;7.30999998154402;732;1 A;
86.9104037805723;-1.04949951171875;-0.18914794921875;7.31999998151878;733;1 A;
86.9204037805471;-1.04949951171875;-0.187042236328125;7.32999998149353;734;1 A;
86.9304037805218;-1.05010986328125;-0.185455322265625;7.33999998146828;735;1 A;
86.9404037804966;-1.0491943359375;-0.1868896484375;7.34999998144303;736;1 A;
86.9504037804713;-1.04888916015625;-0.187835693359375;7.35999998141779;737;1 A;
86.9604037804461;-1.0498046875;-0.191925048828125;7.36999998139254;738;1 A;
86.9704037804208;-1.04888916015625;-0.192901611328125;7.37999998136729;739;1 A;
86.9804037803956;-1.04949951171875;-0.192474365234375;7.38999998134204;740;1 A;
86.9904037803703;-1.0491943359375;-0.192169189453125;7.3999999813168;741;1 A;
87.0004037803451;-1.0491943359375;-0.1900634765625;7.40999998129155;742;1 A;
87.0104037803198;-1.04949951171875;-0.19146728515625;7.4199999812663;743;1 A;
87.0204037802946;-1.0498046875;-0.190643310546875;7.42999998124105;744;1 A;
87.0304037802694;-1.04888916015625;-0.188995361328125;7.43999998121581;745;1 A;
87.0404037802441;-1.0491943359375;-0.190032958984375;7.44999998119056;746;1 A;
87.0504037802189;-1.0498046875;-0.18927001953125;7.45999998116531;747;1 A;
87.0604037801936;-1.04949951171875;-0.190673828125;7.46999998114006;748;1 A;
87.0704037801684;-1.04949951171875;-0.19000244140625;7.47999998111482;749;1 A;
87.0804037801431;-1.05010986328125;-0.1903076171875;7.48999998108957;750;1 A;
87.0904037801179;-1.04949951171875;-0.18994140625;7.49999998106432;751;1 A;
87.1004037800926;-1.04949951171875;-0.18951416015625;7.50999998103907;752;1 A;
87.1104037800674;-1.04888916015625;-0.19061279296875;7.51999998101383;753;1 A;
87.1204037800421;-1.0498046875;-0.19158935546875;7.52999998098858;754;1 A;
87.1304037800169;-1.0491943359375;-0.1922607421875;7.53999998096333;755;1 A;
87.1404037799916;-1.0498046875;-0.191741943359375;7.54999998093808;756;1 A;
87.1504037799664;-1.04949951171875;-0.190521240234375;7.55999998091283;757;1 A;
87.1604037799411;-1.0498046875;-0.188720703125;7.56999998088759;758;1 A;
87.1704037799159;-1.04888916015625;-0.18853759765625;7.57999998086234;759;1 A;
87.1804037798906;-1.0491943359375;-0.18829345703125;7.58999998083709;760;1 A;
87.1904037798654;-1.04949951171875;-0.188873291015625;7.59999998081184;761;1 A;
87.2004037798401;-1.04949951171875;-0.191253662109375;7.6099999807866;762;1 A;
87.2104037798149;-1.0491943359375;-0.19110107421875;7.61999998076135;763;1 A;
87.2204037797896;-1.04949951171875;-0.1920166015625;7.6299999807361;764;1 A;
87.2304037797644;-1.04949951171875;-0.19293212890625;7.63999998071085;765;1 A;
87.2404037797392;-1.0491943359375;-0.19207763671875;7.64999998068561;766;1 A;
87.2504037797139;-1.0491943359375;-0.194427490234375;7.65999998066036;767;1 A;
87.2604037796887;-1.0491943359375;-0.19256591796875;7.66999998063511;768;1 A;
87.2704037796634;-1.0498046875;-0.19036865234375;7.67999998060986;769;1 A;
87.2804037796382;-1.0498046875;-0.189605712890625;7.68999998058462;770;1 A;
87.2904037796129;-1.04949951171875;-0.189666748046875;7.69999998055937;771;1 A;
87.3004037795877;-1.04949951171875;-0.188079833984375;7.70999998053412;772;1 A;
87.3104037795624;-1.0498046875;-0.18975830078125;7.71999998050887;773;1 A;
87.3204037795372;-1.04949951171875;-0.188995361328125;7.72999998048363;774;1 A;
87.3304037795119;-1.04949951171875;-0.1920166015625;7.73999998045838;775;1 A;
87.3404037794867;-1.0498046875;-0.189910888671875;7.74999998043313;776;1 A;
87.3504037794614;-1.0498046875;-0.192108154296875;7.75999998040788;777;1 A;
87.3604037794362;-1.0498046875;-0.193511962890625;7.76999998038264;778;1 A;
87.3704037794109;-1.05010986328125;-0.194183349609375;7.77999998035739;779;1 A;
87.3804037793857;-1.04949951171875;-0.19403076171875;7.78999998033214;780;1 A;
87.3904037793604;-1.0491943359375;-0.1904296875;7.79999998030689;781;1 A;
87.4004037793352;-1.04949951171875;-0.18798828125;7.80999998028165;782;1 A;
87.4104037793099;-1.0498046875;-0.187652587890625;7.8199999802564;783;1 A;
87.4204037792847;-1.04949951171875;-0.189361572265625;7.82999998023115;784;1 A;
87.4304037792594;-1.0498046875;-0.189697265625;7.8399999802059;785;1 A;
87.4404037792342;-1.0498046875;-0.192626953125;7.84999998018066;786;1 A;
87.450403779209;-1.04949951171875;-0.19219970703125;7.85999998015541;787;1 A;
87.4604037791837;-1.0491943359375;-0.193695068359375;7.86999998013016;788;1 A;
87.4704037791585;-1.0491943359375;-0.1929931640625;7.87999998010491;789;1 A;
87.4804037791332;-1.0498046875;-0.192626953125;7.88999998007966;790;1 A;
87.490403779108;-1.0498046875;-0.195526123046875;7.89999998005442;791;1 A;
87.5004037790827;-1.0498046875;-0.19219970703125;7.90999998002917;792;1 A;
87.5104037790575;-1.0498046875;-0.192626953125;7.91999998000392;793;1 A;
87.5204037790322;-1.0491943359375;-0.191192626953125;7.92999997997867;794;1 A;
87.530403779007;-1.0491943359375;-0.191009521484375;7.93999997995343;795;1 A;
87.5404037789817;-1.0498046875;-0.189697265625;7.94999997992818;796;1 A;
87.5504037789565;-1.04949951171875;-0.191680908203125;7.95999997990293;797;1 A;
87.5604037789312;-1.0498046875;-0.190216064453125;7.96999997987768;798;1 A;
87.570403778906;-1.04949951171875;-0.190582275390625;7.97999997985244;799;1 A;
87.5804037788807;-1.04949951171875;-0.190093994140625;7.98999997982719;800;1 A;
87.5904037788555;-1.04949951171875;-0.192230224609375;7.99999997980194;801;1 A;
87.6004037788302;-1.04949951171875;-0.1954345703125;8.00999997977669;802;1 A;
87.610403778805;-1.0498046875;-0.19512939453125;8.01999997975145;803;1 A;
87.6204037787797;-1.04949951171875;-0.1962890625;8.0299999797262;804;1 A;
87.6304037787545;-1.0491943359375;-0.19158935546875;8.03999997970095;805;1 A;
87.6404037787293;-1.0491943359375;-0.188385009765625;8.0499999796757;806;1 A;
87.650403778704;-1.04949951171875;-0.186859130859375;8.05999997965046;807;1 A;
87.6604037786788;-1.04949951171875;-0.188385009765625;8.06999997962521;808;1 A;
87.6704037786535;-1.04949951171875;-0.18914794921875;8.07999997959996;809;1 A;
87.6804037786283;-1.05010986328125;-0.19342041015625;8.08999997957471;810;1 A;
87.690403778603;-1.04949951171875;-0.195770263671875;8.09999997954947;811;1 A;
87.7004037785778;-1.04949951171875;-0.19610595703125;8.10999997952422;812;1 A;
87.7104037785525;-1.0498046875;-0.19476318359375;8.11999997949897;813;1 A;
87.7204037785273;-1.05010986328125;-0.1932373046875;8.12999997947372;814;1 A;
87.730403778502;-1.0491943359375;-0.1956787109375;8.13999997944848;815;1 A;
87.7404037784768;-1.04949951171875;-0.192962646484375;8.14999997942323;816;1 A;
87.7504037784515;-1.0498046875;-0.191314697265625;8.15999997939798;817;1 A;
87.7604037784263;-1.0491943359375;-0.190673828125;8.16999997937273;818;1 A;
87.770403778401;-1.05010986328125;-0.190582275390625;8.17999997934749;819;1 A;
87.7804037783758;-1.0491943359375;-0.191070556640625;8.18999997932224;820;1 A;
87.7904037783505;-1.0498046875;-0.1937255859375;8.19999997929699;821;1 A;
87.8004037783253;-1.0498046875;-0.193572998046875;8.20999997927174;822;1 A;
87.8104037783;-1.05010986328125;-0.194061279296875;8.2199999792465;823;1 A;
87.8204037782748;-1.0491943359375;-0.1939697265625;8.22999997922125;824;1 A;
87.8304037782495;-1.04949951171875;-0.19342041015625;8.239999979196;825;1 A;
87.8404037782243;-1.04949951171875;-0.194183349609375;8.24999997917075;826;1 A;
87.8504037781991;-1.0491943359375;-0.193603515625;8.2599999791455;827;1 A;
87.8604037781738;-1.0498046875;-0.19342041015625;8.26999997912026;828;1 A;
87.8704037781486;-1.04949951171875;-0.191802978515625;8.27999997909501;829;1 A;
87.8804037781233;-1.04949951171875;-0.190887451171875;8.28999997906976;830;1 A;
87.8904037780981;-1.0491943359375;-0.190765380859375;8.29999997904451;831;1 A;
87.9004037780728;-1.0498046875;-0.19219970703125;8.30999997901927;832;1 A;
87.9104037780476;-1.0498046875;-0.191802978515625;8.31999997899402;833;1 A;
87.9204037780223;-1.04949951171875;-0.1942138671875;8.32999997896877;834;1 A;
87.9304037779971;-1.0491943359375;-0.194366455078125;8.33999997894352;835;1 A;
87.9404037779718;-1.04949951171875;-0.194427490234375;8.34999997891828;836;1 A;
87.9504037779466;-1.05010986328125;-0.1954345703125;8.35999997889303;837;1 A;
87.9604037779213;-1.0491943359375;-0.1939697265625;8.36999997886778;838;1 A;
87.9704037778961;-1.04949951171875;-0.195770263671875;8.37999997884253;839;1 A;
87.9804037778708;-1.04888916015625;-0.19549560546875;8.38999997881729;840;1 A;
87.9904037778456;-1.0498046875;-0.19390869140625;8.39999997879204;841;1 A;
88.0004037778203;-1.0491943359375;-0.193328857421875;8.40999997876679;842;1 A;
88.0104037777951;-1.0498046875;-0.19232177734375;8.41999997874154;843;1 A;
88.0204037777698;-1.04949951171875;-0.193267822265625;8.4299999787163;844;1 A;
88.0304037777446;-1.0498046875;-0.192138671875;8.43999997869105;845;1 A;
88.0404037777193;-1.05010986328125;-0.1925048828125;8.4499999786658;846;1 A;
88.0504037776941;-1.0498046875;-0.192291259765625;8.45999997864055;847;1 A;
88.0604037776689;-1.04949951171875;-0.19287109375;8.46999997861531;848;1 A;
88.0704037776436;-1.0498046875;-0.195526123046875;8.47999997859006;849;1 A;
88.0804037776184;-1.04888916015625;-0.19671630859375;8.48999997856481;850;1 A;
88.0904037775931;-1.04888916015625;-0.197509765625;8.49999997853956;851;1 A;
88.1004037775679;-1.0498046875;-0.19622802734375;8.50999997851432;852;1 A;
88.1104037775426;-1.04949951171875;-0.193359375;8.51999997848907;853;1 A;
88.1204037775174;-1.05010986328125;-0.1912841796875;8.52999997846382;854;1 A;
88.1304037774921;-1.04949951171875;-0.189239501953125;8.53999997843857;855;1 A;
88.1404037774669;-1.0498046875;-0.190765380859375;8.54999997841333;856;1 A;
88.1504037774416;-1.05010986328125;-0.192840576171875;8.55999997838808;857;1 A;
88.1604037774164;-1.04949951171875;-0.19671630859375;8.56999997836283;858;1 A;
88.1704037773911;-1.04949951171875;-0.197784423828125;8.57999997833758;859;1 A;
88.1804037773659;-1.04949951171875;-0.1978759765625;8.58999997831233;860;1 A;
88.1904037773406;-1.0491943359375;-0.19708251953125;8.59999997828709;861;1 A;
88.2004037773154;-1.04949951171875;-0.195098876953125;8.60999997826184;862;1 A;
88.2104037772901;-1.0491943359375;-0.196868896484375;8.61999997823659;863;1 A;
88.2204037772649;-1.04949951171875;-0.195465087890625;8.62999997821134;864;1 A;
88.2304037772396;-1.0491943359375;-0.19366455078125;8.6399999781861;865;1 A;
88.2404037772144;-1.04949951171875;-0.19488525390625;8.64999997816085;866;1 A;
88.2504037771891;-1.0498046875;-0.194244384765625;8.6599999781356;867;1 A;
88.2604037771639;-1.04949951171875;-0.194549560546875;8.66999997811035;868;1 A;
88.2704037771387;-1.04949951171875;-0.1947021484375;8.67999997808511;869;1 A;
88.2804037771134;-1.04888916015625;-0.19366455078125;8.68999997805986;870;1 A;
88.2904037770882;-1.0491943359375;-0.194580078125;8.69999997803461;871;1 A;
88.3004037770629;-1.0491943359375;-0.193603515625;8.70999997800936;872;1 A;
88.3104037770377;-1.04949951171875;-0.1954345703125;8.71999997798412;873;1 A;
88.3204037770124;-1.04949951171875;-0.19647216796875;8.72999997795887;874;1 A;
88.3304037769872;-1.0491943359375;-0.1978759765625;8.73999997793362;875;1 A;
88.3404037769619;-1.04888916015625;-0.198211669921875;8.74999997790837;876;1 A;
88.3504037769367;-1.04949951171875;-0.195159912109375;8.75999997788313;877;1 A;
88.3604037769114;-1.04949951171875;-0.1923828125;8.76999997785788;878;1 A;
88.3704037768862;-1.04949951171875;-0.1922607421875;8.77999997783263;879;1 A;
88.3804037768609;-1.04949951171875;-0.1923828125;8.78999997780738;880;1 A;
88.3904037768357;-1.04888916015625;-0.19329833984375;8.79999997778214;881;1 A;
88.4004037768104;-1.04949951171875;-0.19610595703125;8.80999997775689;882;1 A;
88.4104037767852;-1.0491943359375;-0.19610595703125;8.81999997773164;883;1 A;
88.4204037767599;-1.0491943359375;-0.197601318359375;8.82999997770639;884;1 A;
88.4304037767347;-1.0498046875;-0.197540283203125;8.83999997768115;885;1 A;
88.4404037767094;-1.04949951171875;-0.197235107421875;8.8499999776559;886;1 A;
88.4504037766842;-1.0498046875;-0.1986083984375;8.85999997763065;887;1 A;
88.4604037766589;-1.0491943359375;-0.196685791015625;8.8699999776054;888;1 A;
88.4704037766337;-1.0491943359375;-0.194854736328125;8.87999997758016;889;1 A;
88.4804037766085;-1.0498046875;-0.194091796875;8.88999997755491;890;1 A;
88.4904037765832;-1.0491943359375;-0.194305419921875;8.89999997752966;891;1 A;
88.500403776558;-1.0498046875;-0.192657470703125;8.90999997750441;892;1 A;
88.5104037765327;-1.04888916015625;-0.194915771484375;8.91999997747916;893;1 A;
88.5204037765075;-1.04949951171875;-0.195526123046875;8.92999997745392;894;1 A;
88.5304037764822;-1.0491943359375;-0.195953369140625;8.93999997742867;895;1 A;
88.540403776457;-1.0498046875;-0.19622802734375;8.94999997740342;896;1 A;
88.5504037764317;-1.0491943359375;-0.196441650390625;8.95999997737817;897;1 A;
88.5604037764065;-1.0498046875;-0.197235107421875;8.96999997735293;898;1 A;
88.5704037763812;-1.0491943359375;-0.19732666015625;8.97999997732768;899;1 A;
88.580403776356;-1.04949951171875;-0.1973876953125;8.98999997730243;900;1 A;
88.5904037763307;-1.04949951171875;-0.19476318359375;8.99999997727718;901;1 A;
88.6004037763055;-1.0491943359375;-0.1932373046875;9.00999997725194;902;1 A;
88.6104037762802;-1.0498046875;-0.193389892578125;9.01999997722669;903;1 A;
88.620403776255;-1.0491943359375;-0.194000244140625;9.02999997720144;904;1 A;
88.6304037762297;-1.0498046875;-0.194488525390625;9.03999997717619;905;1 A;
88.6404037762045;-1.0498046875;-0.19708251953125;9.04999997715095;906;1 A;
88.6504037761792;-1.0498046875;-0.19708251953125;9.0599999771257;907;1 A;
88.660403776154;-1.04949951171875;-0.197540283203125;9.06999997710045;908;1 A;
88.6704037761288;-1.0491943359375;-0.1973876953125;9.0799999770752;909;1 A;
88.6804037761035;-1.0498046875;-0.19671630859375;9.08999997704996;910;1 A;
88.6904037760783;-1.04949951171875;-0.1993408203125;9.09999997702471;911;1 A;
88.700403776053;-1.04949951171875;-0.196868896484375;9.10999997699946;912;1 A;
88.7104037760278;-1.0498046875;-0.19769287109375;9.11999997697421;913;1 A;
88.7204037760025;-1.04888916015625;-0.1953125;9.12999997694897;914;1 A;
88.7304037759773;-1.04949951171875;-0.196197509765625;9.13999997692372;915;1 A;
88.740403775952;-1.0498046875;-0.194366455078125;9.14999997689847;916;1 A;
88.7504037759268;-1.0498046875;-0.195526123046875;9.15999997687322;917;1 A;
88.7604037759015;-1.04949951171875;-0.194488525390625;9.16999997684798;918;1 A;
88.7704037758763;-1.04949951171875;-0.19403076171875;9.17999997682273;919;1 A;
88.780403775851;-1.04949951171875;-0.19427490234375;9.18999997679748;920;1 A;
88.7904037758258;-1.04949951171875;-0.197418212890625;9.19999997677223;921;1 A;
88.8004037758005;-1.0491943359375;-0.200653076171875;9.20999997674699;922;1 A;
88.8104037757753;-1.04949951171875;-0.20086669921875;9.21999997672174;923;1 A;
88.82040377575;-1.0498046875;-0.200958251953125;9.22999997669649;924;1 A;
88.8304037757248;-1.0498046875;-0.196044921875;9.23999997667124;925;1 A;
88.8404037756995;-1.0491943359375;-0.193756103515625;9.249999976646;926;1 A;
88.8504037756743;-1.04949951171875;-0.191192626953125;9.25999997662075;927;1 A;
88.860403775649;-1.0498046875;-0.19281005859375;9.2699999765955;928;1 A;
88.8704037756238;-1.0491943359375;-0.193939208984375;9.27999997657025;929;1 A;
88.8804037755986;-1.0498046875;-0.198333740234375;9.289999976545;930;1 A;
88.8904037755733;-1.04949951171875;-0.20208740234375;9.29999997651976;931;1 A;
88.9004037755481;-1.04949951171875;-0.200958251953125;9.30999997649451;932;1 A;
88.9104037755228;-1.04949951171875;-0.20037841796875;9.31999997646926;933;1 A;
88.9204037754976;-1.04949951171875;-0.19818115234375;9.32999997644401;934;1 A;
88.9304037754723;-1.0498046875;-0.200286865234375;9.33999997641877;935;1 A;
88.9404037754471;-1.0498046875;-0.19854736328125;9.34999997639352;936;1 A;
88.9504037754218;-1.04949951171875;-0.196990966796875;9.35999997636827;937;1 A;
88.9604037753966;-1.0491943359375;-0.1959228515625;9.36999997634302;938;1 A;
88.9704037753713;-1.0498046875;-0.19635009765625;9.37999997631778;939;1 A;
88.9804037753461;-1.04949951171875;-0.196624755859375;9.38999997629253;940;1 A;
88.9904037753208;-1.04949951171875;-0.198822021484375;9.39999997626728;941;1 A;
89.0004037752956;-1.0498046875;-0.20037841796875;9.40999997624203;942;1 A;
89.0104037752703;-1.0491943359375;-0.1988525390625;9.41999997621679;943;1 A;
89.0204037752451;-1.0491943359375;-0.2001953125;9.42999997619154;944;1 A;
89.0304037752198;-1.05010986328125;-0.19903564453125;9.43999997616629;945;1 A;
89.0404037751946;-1.04949951171875;-0.199951171875;9.44999997614104;946;1 A;
89.0504037751693;-1.0491943359375;-0.199310302734375;9.4599999761158;947;1 A;
89.0604037751441;-1.04949951171875;-0.199310302734375;9.46999997609055;948;1 A;
89.0704037751188;-1.0491943359375;-0.19842529296875;9.4799999760653;949;1 A;
89.0804037750936;-1.04949951171875;-0.197662353515625;9.48999997604005;950;1 A;
89.0904037750684;-1.04949951171875;-0.197357177734375;9.49999997601481;951;1 A;
89.1004037750431;-1.04949951171875;-0.198486328125;9.50999997598956;952;1 A;
89.1104037750179;-1.0491943359375;-0.1986083984375;9.51999997596431;953;1 A;
89.1204037749926;-1.0491943359375;-0.200408935546875;9.52999997593906;954;1 A;
89.1304037749674;-1.0498046875;-0.20159912109375;9.53999997591382;955;1 A;
89.1404037749421;-1.04949951171875;-0.200714111328125;9.54999997588857;956;1 A;
89.1504037749169;-1.04888916015625;-0.20281982421875;9.55999997586332;957;1 A;
89.1604037748916;-1.0491943359375;-0.201171875;9.56999997583807;958;1 A;
89.1704037748664;-1.04949951171875;-0.20318603515625;9.57999997581283;959;1 A;
89.1804037748411;-1.04949951171875;-0.2032470703125;9.58999997578758;960;1 A;
89.1904037748159;-1.05010986328125;-0.200897216796875;9.59999997576233;961;1 A;
89.2004037747906;-1.0498046875;-0.20166015625;9.60999997573708;962;1 A;
89.2104037747654;-1.05010986328125;-0.20037841796875;9.61999997571183;963;1 A;
89.2204037747401;-1.0491943359375;-0.200775146484375;9.62999997568659;964;1 A;
89.2304037747149;-1.05010986328125;-0.2003173828125;9.63999997566134;965;1 A;
89.2404037746896;-1.04949951171875;-0.19921875;9.64999997563609;966;1 A;
89.2504037746644;-1.04949951171875;-0.200347900390625;9.65999997561084;967;1 A;
89.2604037746391;-1.0491943359375;-0.200103759765625;9.6699999755856;968;1 A;
89.2704037746139;-1.0491943359375;-0.20343017578125;9.67999997556035;969;1 A;
89.2804037745886;-1.04949951171875;-0.204345703125;9.6899999755351;970;1 A;
89.2904037745634;-1.05010986328125;-0.20550537109375;9.69999997550985;971;1 A;
89.3004037745382;-1.0498046875;-0.20489501953125;9.70999997548461;972;1 A;
89.3104037745129;-1.0498046875;-0.20184326171875;9.71999997545936;973;1 A;
89.3204037744877;-1.0491943359375;-0.19964599609375;9.72999997543411;974;1 A;
89.3304037744624;-1.04949951171875;-0.19757080078125;9.73999997540886;975;1 A;
89.3404037744372;-1.0498046875;-0.19976806640625;9.74999997538362;976;1 A;
89.3504037744119;-1.04949951171875;-0.20111083984375;9.75999997535837;977;1 A;
89.3604037743867;-1.0498046875;-0.20526123046875;9.76999997533312;978;1 A;
89.3704037743614;-1.0498046875;-0.205291748046875;9.77999997530787;979;1 A;
89.3804037743362;-1.0498046875;-0.2054443359375;9.78999997528263;980;1 A;
89.3904037743109;-1.0491943359375;-0.20562744140625;9.79999997525738;981;1 A;
89.4004037742857;-1.0498046875;-0.204559326171875;9.80999997523213;982;1 A;
89.4104037742604;-1.05010986328125;-0.207794189453125;9.81999997520688;983;1 A;
89.4204037742352;-1.0498046875;-0.204803466796875;9.82999997518164;984;1 A;
89.4304037742099;-1.0491943359375;-0.20428466796875;9.83999997515639;985;1 A;
89.4404037741847;-1.04949951171875;-0.20465087890625;9.84999997513114;986;1 A;
89.4504037741594;-1.04949951171875;-0.20501708984375;9.85999997510589;987;1 A;
89.4604037741342;-1.0498046875;-0.20391845703125;9.86999997508065;988;1 A;
89.4704037741089;-1.04949951171875;-0.20513916015625;9.8799999750554;989;1 A;
89.4804037740837;-1.04949951171875;-0.203399658203125;9.88999997503015;990;1 A;
89.4904037740584;-1.04949951171875;-0.2047119140625;9.8999999750049;991;1 A;
89.5004037740332;-1.04949951171875;-0.204315185546875;9.90999997497966;992;1 A;
89.510403774008;-1.04949951171875;-0.206634521484375;9.91999997495441;993;1 A;
89.5204037739827;-1.04949951171875;-0.2088623046875;9.92999997492916;994;1 A;
89.5304037739575;-1.0498046875;-0.209625244140625;9.93999997490391;995;1 A;
89.5404037739322;-1.04888916015625;-0.21026611328125;9.94999997487866;996;1 A;
89.550403773907;-1.04949951171875;-0.20623779296875;9.95999997485342;997;1 A;
89.5604037738817;-1.0498046875;-0.2025146484375;9.96999997482817;998;1 A;
89.5704037738565;-1.0498046875;-0.202911376953125;9.97999997480292;999;1 A;
89.5804037738312;-1.04949951171875;-0.202911376953125;9.98999997477767;1000;1 A;
89.590403773806;-1.0491943359375;-0.2047119140625;9.99999997475243;1001;1 A;
89.6004037737807;-1.05010986328125;-0.208740234375;10.0099999747272;1002;1 A;
89.6104037737555;-1.0498046875;-0.209381103515625;10.0199999747019;1003;1 A;
89.6204037737302;-1.04949951171875;-0.211334228515625;10.0299999746767;1004;1 A;
89.630403773705;-1.04949951171875;-0.210845947265625;10.0399999746514;1005;1 A;
89.6404037736797;-1.04949951171875;-0.210723876953125;10.0499999746262;1006;1 A;
89.6504037736545;-1.04949951171875;-0.212890625;10.0599999746009;1007;1 A;
89.6604037736292;-1.04949951171875;-0.210540771484375;10.0699999745757;1008;1 A;
89.670403773604;-1.04949951171875;-0.20904541015625;10.0799999745504;1009;1 A;
89.6804037735787;-1.04949951171875;-0.20733642578125;10.0899999745252;1010;1 A;
89.6904037735535;-1.0491943359375;-0.207611083984375;10.0999999745;1011;1 A;
89.7004037735283;-1.04949951171875;-0.20660400390625;10.1099999744747;1012;1 A;
89.710403773503;-1.04949951171875;-0.20965576171875;10.1199999744495;1013;1 A;
89.7204037734778;-1.04949951171875;-0.212066650390625;10.1299999744242;1014;1 A;
89.7304037734525;-1.04949951171875;-0.21185302734375;10.139999974399;1015;1 A;
89.7404037734273;-1.04949951171875;-0.212066650390625;10.1499999743737;1016;1 A;
89.750403773402;-1.04949951171875;-0.21258544921875;10.1599999743485;1017;1 A;
89.7604037733768;-1.04949951171875;-0.213134765625;10.1699999743232;1018;1 A;
89.7704037733515;-1.04949951171875;-0.21270751953125;10.179999974298;1019;1 A;
89.7804037733263;-1.04949951171875;-0.21282958984375;10.1899999742727;1020;1 A;
89.790403773301;-1.05010986328125;-0.21044921875;10.1999999742475;1021;1 A;
89.8004037732758;-1.04949951171875;-0.2088623046875;10.2099999742222;1022;1 A;
89.8104037732505;-1.04949951171875;-0.209136962890625;10.219999974197;1023;1 A;
89.8204037732253;-1.04949951171875;-0.2093505859375;10.2299999741717;1024;1 A;
89.8304037732;-1.0498046875;-0.211181640625;10.2399999741465;1025;1 A;
89.8404037731748;-1.0498046875;-0.21490478515625;10.2499999741212;1026;1 A;
89.8504037731495;-1.0491943359375;-0.215667724609375;10.259999974096;1027;1 A;
89.8604037731243;-1.04949951171875;-0.21624755859375;10.2699999740707;1028;1 A;
89.870403773099;-1.0491943359375;-0.215118408203125;10.2799999740455;1029;1 A;
89.8804037730738;-1.04949951171875;-0.21441650390625;10.2899999740202;1030;1 A;
89.8904037730485;-1.0491943359375;-0.2161865234375;10.299999973995;1031;1 A;
89.9004037730233;-1.05010986328125;-0.215179443359375;10.3099999739698;1032;1 A;
89.9104037729981;-1.0491943359375;-0.216339111328125;10.3199999739445;1033;1 A;
89.9204037729728;-1.04949951171875;-0.2138671875;10.3299999739193;1034;1 A;
89.9304037729476;-1.0491943359375;-0.21484375;10.339999973894;1035;1 A;
89.9404037729223;-1.0491943359375;-0.214263916015625;10.3499999738688;1036;1 A;
89.9504037728971;-1.04949951171875;-0.213897705078125;10.3599999738435;1037;1 A;
89.9604037728718;-1.0491943359375;-0.214813232421875;10.3699999738183;1038;1 A;
89.9704037728466;-1.04949951171875;-0.21307373046875;10.379999973793;1039;1 A;
89.9804037728213;-1.0491943359375;-0.21441650390625;10.3899999737678;1040;1 A;
89.9904037727961;-1.0498046875;-0.2171630859375;10.3999999737425;1041;1 A;
90.0004037727708;-1.04949951171875;-0.219329833984375;10.4099999737173;1042;1 A;
90.0104037727456;-1.04949951171875;-0.219970703125;10.419999973692;1043;1 A;
90.0204037727203;-1.04949951171875;-0.21875;10.4299999736668;1044;1 A;
90.0304037726951;-1.04949951171875;-0.214935302734375;10.4399999736415;1045;1 A;
90.0404037726698;-1.0498046875;-0.212921142578125;10.4499999736163;1046;1 A;
90.0504037726446;-1.04949951171875;-0.21075439453125;10.459999973591;1047;1 A;
90.0604037726193;-1.0498046875;-0.212738037109375;10.4699999735658;1048;1 A;
90.0704037725941;-1.0498046875;-0.21514892578125;10.4799999735405;1049;1 A;
90.0804037725688;-1.0491943359375;-0.218536376953125;10.4899999735153;1050;1 A;
90.0904037725436;-1.04949951171875;-0.222076416015625;10.49999997349;1051;1 A;
90.1004037725183;-1.0491943359375;-0.21978759765625;10.5099999734648;1052;1 A;
90.1104037724931;-1.0491943359375;-0.220428466796875;10.5199999734396;1053;1 A;
90.1204037724679;-1.04949951171875;-0.21795654296875;10.5299999734143;1054;1 A;
90.1304037724426;-1.0498046875;-0.219757080078125;10.5399999733891;1055;1 A;
90.1404037724174;-1.0498046875;-0.21844482421875;10.5499999733638;1056;1 A;
90.1504037723921;-1.0498046875;-0.21771240234375;10.5599999733386;1057;1 A;
90.1604037723669;-1.04949951171875;-0.216888427734375;10.5699999733133;1058;1 A;
90.1704037723416;-1.04888916015625;-0.2176513671875;10.5799999732881;1059;1 A;
90.1804037723164;-1.0491943359375;-0.21868896484375;10.5899999732628;1060;1 A;
90.1904037722911;-1.04949951171875;-0.218109130859375;10.5999999732376;1061;1 A;
90.2004037722659;-1.0498046875;-0.219940185546875;10.6099999732123;1062;1 A;
90.2104037722406;-1.05010986328125;-0.218536376953125;10.6199999731871;1063;1 A;
90.2204037722154;-1.04949951171875;-0.21856689453125;10.6299999731618;1064;1 A;
90.2304037721901;-1.04949951171875;-0.220062255859375;10.6399999731366;1065;1 A;
90.2404037721649;-1.0498046875;-0.220489501953125;10.6499999731113;1066;1 A;
90.2504037721396;-1.0498046875;-0.22137451171875;10.6599999730861;1067;1 A;
90.2604037721144;-1.04949951171875;-0.220794677734375;10.6699999730608;1068;1 A;
90.2704037720891;-1.0498046875;-0.2198486328125;10.6799999730356;1069;1 A;
90.2804037720639;-1.04949951171875;-0.217742919921875;10.6899999730103;1070;1 A;
90.2904037720386;-1.0491943359375;-0.216461181640625;10.6999999729851;1071;1 A;
90.3004037720134;-1.0498046875;-0.217864990234375;10.7099999729598;1072;1 A;
90.3104037719881;-1.0498046875;-0.2178955078125;10.7199999729346;1073;1 A;
90.3204037719629;-1.04949951171875;-0.220245361328125;10.7299999729094;1074;1 A;
90.3304037719377;-1.04949951171875;-0.2208251953125;10.7399999728841;1075;1 A;
90.3404037719124;-1.0491943359375;-0.221160888671875;10.7499999728589;1076;1 A;
90.3504037718872;-1.0491943359375;-0.2235107421875;10.7599999728336;1077;1 A;
90.3604037718619;-1.0498046875;-0.223388671875;10.7699999728084;1078;1 A;
90.3704037718367;-1.04949951171875;-0.225921630859375;10.7799999727831;1079;1 A;
90.3804037718114;-1.04949951171875;-0.224700927734375;10.7899999727579;1080;1 A;
90.3904037717862;-1.04949951171875;-0.220367431640625;10.7999999727326;1081;1 A;
90.4004037717609;-1.0491943359375;-0.220367431640625;10.8099999727074;1082;1 A;
90.4104037717357;-1.04949951171875;-0.218719482421875;10.8199999726821;1083;1 A;
90.4204037717104;-1.0498046875;-0.218231201171875;10.8299999726569;1084;1 A;
90.4304037716852;-1.04888916015625;-0.219207763671875;10.8399999726316;1085;1 A;
90.4404037716599;-1.0498046875;-0.218719482421875;10.8499999726064;1086;1 A;
90.4504037716347;-1.04949951171875;-0.2220458984375;10.8599999725811;1087;1 A;
90.4604037716094;-1.04949951171875;-0.22003173828125;10.8699999725559;1088;1 A;
90.4704037715842;-1.04949951171875;-0.223724365234375;10.8799999725306;1089;1 A;
90.4804037715589;-1.0498046875;-0.2247314453125;10.8899999725054;1090;1 A;
90.4904037715337;-1.04949951171875;-0.226043701171875;10.8999999724801;1091;1 A;
90.5004037715084;-1.0498046875;-0.224700927734375;10.9099999724549;1092;1 A;
90.5104037714832;-1.04888916015625;-0.220428466796875;10.9199999724297;1093;1 A;
90.5204037714579;-1.0491943359375;-0.216827392578125;10.9299999724044;1094;1 A;
90.5304037714327;-1.0491943359375;-0.215728759765625;10.9399999723792;1095;1 A;
90.5404037714075;-1.0498046875;-0.217559814453125;10.9499999723539;1096;1 A;
90.5504037713822;-1.0498046875;-0.218780517578125;10.9599999723287;1097;1 A;
90.560403771357;-1.04949951171875;-0.223785400390625;10.9699999723034;1098;1 A;
90.5704037713317;-1.04949951171875;-0.224090576171875;10.9799999722782;1099;1 A;
90.5804037713065;-1.04949951171875;-0.22503662109375;10.9899999722529;1100;1 A;
90.5904037712812;-1.04949951171875;-0.22467041015625;10.9999999722277;1101;1 A;
90.600403771256;-1.04949951171875;-0.22283935546875;11.0099999722024;1102;1 A;
90.6104037712307;-1.04949951171875;-0.226531982421875;11.0199999721772;1103;1 A;
90.6204037712055;-1.0491943359375;-0.22198486328125;11.0299999721519;1104;1 A;
90.6304037711802;-1.0491943359375;-0.222686767578125;11.0399999721267;1105;1 A;
90.640403771155;-1.04949951171875;-0.221771240234375;11.0499999721014;1106;1 A;
90.6504037711297;-1.05010986328125;-0.222503662109375;11.0599999720762;1107;1 A;
90.6604037711045;-1.04949951171875;-0.220184326171875;11.0699999720509;1108;1 A;
90.6704037710792;-1.0498046875;-0.22283935546875;11.0799999720257;1109;1 A;
90.680403771054;-1.0498046875;-0.220245361328125;11.0899999720004;1110;1 A;
90.6904037710287;-1.0491943359375;-0.22216796875;11.0999999719752;1111;1 A;
90.7004037710035;-1.04888916015625;-0.221221923828125;11.1099999719499;1112;1 A;
90.7104037709782;-1.04949951171875;-0.22314453125;11.1199999719247;1113;1 A;
90.720403770953;-1.0498046875;-0.226348876953125;11.1299999718995;1114;1 A;
90.7304037709278;-1.04949951171875;-0.22650146484375;11.1399999718742;1115;1 A;
90.7404037709025;-1.04888916015625;-0.227325439453125;11.149999971849;1116;1 A;
90.7504037708773;-1.04949951171875;-0.2222900390625;11.1599999718237;1117;1 A;
90.760403770852;-1.0491943359375;-0.218963623046875;11.1699999717985;1118;1 A;
90.7704037708268;-1.0498046875;-0.217742919921875;11.1799999717732;1119;1 A;
90.7804037708015;-1.04949951171875;-0.21954345703125;11.189999971748;1120;1 A;
90.7904037707763;-1.0491943359375;-0.220367431640625;11.1999999717227;1121;1 A;
90.800403770751;-1.04949951171875;-0.225616455078125;11.2099999716975;1122;1 A;
90.8104037707258;-1.04949951171875;-0.2259521484375;11.2199999716722;1123;1 A;
90.8204037707005;-1.0491943359375;-0.227996826171875;11.229999971647;1124;1 A;
90.8304037706753;-1.05010986328125;-0.2259521484375;11.2399999716217;1125;1 A;
90.84040377065;-1.0491943359375;-0.225677490234375;11.2499999715965;1126;1 A;
90.8504037706248;-1.0498046875;-0.22821044921875;11.2599999715712;1127;1 A;
90.8604037705995;-1.0491943359375;-0.2252197265625;11.269999971546;1128;1 A;
90.8704037705743;-1.04949951171875;-0.224151611328125;11.2799999715207;1129;1 A;
90.880403770549;-1.0498046875;-0.2225341796875;11.2899999714955;1130;1 A;
90.8904037705238;-1.04949951171875;-0.22296142578125;11.2999999714702;1131;1 A;
90.9004037704985;-1.0498046875;-0.222747802734375;11.309999971445;1132;1 A;
90.9104037704733;-1.04949951171875;-0.2252197265625;11.3199999714197;1133;1 A;
90.920403770448;-1.0498046875;-0.226409912109375;11.3299999713945;1134;1 A;
90.9304037704228;-1.0498046875;-0.226470947265625;11.3399999713693;1135;1 A;
90.9404037703976;-1.04949951171875;-0.225311279296875;11.349999971344;1136;1 A;
90.9504037703723;-1.04949951171875;-0.22637939453125;11.3599999713188;1137;1 A;
90.9604037703471;-1.0491943359375;-0.22625732421875;11.3699999712935;1138;1 A;
90.9704037703218;-1.0498046875;-0.22686767578125;11.3799999712683;1139;1 A;
90.9804037702966;-1.0498046875;-0.22607421875;11.389999971243;1140;1 A;
90.9904037702713;-1.0498046875;-0.223388671875;11.3999999712178;1141;1 A;
91.0004037702461;-1.0491943359375;-0.222137451171875;11.4099999711925;1142;1 A;
91.0104037702208;-1.0498046875;-0.22235107421875;11.4199999711673;1143;1 A;
91.0204037701956;-1.05010986328125;-0.223480224609375;11.429999971142;1144;1 A;
91.0304037701703;-1.0491943359375;-0.223541259765625;11.4399999711168;1145;1 A;
91.0404037701451;-1.0498046875;-0.226348876953125;11.4499999710915;1146;1 A;
91.0504037701198;-1.0498046875;-0.226165771484375;11.4599999710663;1147;1 A;
91.0604037700946;-1.04949951171875;-0.2269287109375;11.469999971041;1148;1 A;
91.0704037700693;-1.05010986328125;-0.227264404296875;11.4799999710158;1149;1 A;
91.0804037700441;-1.0491943359375;-0.2266845703125;11.4899999709905;1150;1 A;
91.0904037700188;-1.05010986328125;-0.229827880859375;11.4999999709653;1151;1 A;
91.1004037699936;-1.04949951171875;-0.227569580078125;11.50999997094;1152;1 A;
91.1104037699683;-1.0498046875;-0.2279052734375;11.5199999709148;1153;1 A;
91.1204037699431;-1.0491943359375;-0.226165771484375;11.5299999708895;1154;1 A;
91.1304037699178;-1.04949951171875;-0.226043701171875;11.5399999708643;1155;1 A;
91.1404037698926;-1.0491943359375;-0.226043701171875;11.5499999708391;1156;1 A;
91.1504037698674;-1.0498046875;-0.224365234375;11.5599999708138;1157;1 A;
91.1604037698421;-1.0491943359375;-0.225189208984375;11.5699999707886;1158;1 A;
91.1704037698169;-1.0498046875;-0.22283935546875;11.5799999707633;1159;1 A;
91.1804037697916;-1.05010986328125;-0.224395751953125;11.5899999707381;1160;1 A;
91.1904037697664;-1.04949951171875;-0.22857666015625;11.5999999707128;1161;1 A;
91.2004037697411;-1.0491943359375;-0.231201171875;11.6099999706876;1162;1 A;
91.2104037697159;-1.048583984375;-0.231964111328125;11.6199999706623;1163;1 A;
91.2204037696906;-1.04949951171875;-0.230377197265625;11.6299999706371;1164;1 A;
91.2304037696654;-1.0491943359375;-0.22576904296875;11.6399999706118;1165;1 A;
91.2404037696401;-1.04949951171875;-0.222320556640625;11.6499999705866;1166;1 A;
91.2504037696149;-1.0491943359375;-0.219512939453125;11.6599999705613;1167;1 A;
91.2604037695896;-1.04949951171875;-0.22174072265625;11.6699999705361;1168;1 A;
91.2704037695644;-1.04949951171875;-0.22418212890625;11.6799999705108;1169;1 A;
91.2804037695391;-1.04949951171875;-0.229248046875;11.6899999704856;1170;1 A;
91.2904037695139;-1.0491943359375;-0.232513427734375;11.6999999704603;1171;1 A;
91.3004037694886;-1.04949951171875;-0.231414794921875;11.7099999704351;1172;1 A;
91.3104037694634;-1.04949951171875;-0.231201171875;11.7199999704098;1173;1 A;
91.3204037694381;-1.04949951171875;-0.228729248046875;11.7299999703846;1174;1 A;
91.3304037694129;-1.04949951171875;-0.230194091796875;11.7399999703593;1175;1 A;
91.3404037693876;-1.0491943359375;-0.22857666015625;11.7499999703341;1176;1 A;
91.3504037693624;-1.04949951171875;-0.226776123046875;11.7599999703089;1177;1 A;
91.3604037693372;-1.0498046875;-0.22698974609375;11.7699999702836;1178;1 A;
91.3704037693119;-1.0491943359375;-0.226715087890625;11.7799999702584;1179;1 A;
91.3804037692867;-1.0491943359375;-0.2281494140625;11.7899999702331;1180;1 A;
91.3904037692614;-1.05010986328125;-0.2279052734375;11.7999999702079;1181;1 A;
91.4004037692362;-1.04949951171875;-0.228302001953125;11.8099999701826;1182;1 A;
91.4104037692109;-1.04949951171875;-0.2281494140625;11.8199999701574;1183;1 A;
91.4204037691857;-1.04888916015625;-0.22735595703125;11.8299999701321;1184;1 A;
91.4304037691604;-1.04949951171875;-0.22906494140625;11.8399999701069;1185;1 A;
91.4404037691352;-1.05010986328125;-0.229949951171875;11.8499999700816;1186;1 A;
91.4504037691099;-1.04949951171875;-0.2308349609375;11.8599999700564;1187;1 A;
91.4604037690847;-1.04949951171875;-0.22930908203125;11.8699999700311;1188;1 A;
91.4704037690594;-1.04949951171875;-0.228271484375;11.8799999700059;1189;1 A;
91.4804037690342;-1.0491943359375;-0.226043701171875;11.8899999699806;1190;1 A;
91.4904037690089;-1.0491943359375;-0.225250244140625;11.8999999699554;1191;1 A;
91.5004037689837;-1.0498046875;-0.225738525390625;11.9099999699301;1192;1 A;
91.5104037689584;-1.04949951171875;-0.226776123046875;11.9199999699049;1193;1 A;
91.5204037689332;-1.04949951171875;-0.2286376953125;11.9299999698796;1194;1 A;
91.5304037689079;-1.04949951171875;-0.229278564453125;11.9399999698544;1195;1 A;
91.5404037688827;-1.0498046875;-0.229827880859375;11.9499999698292;1196;1 A;
91.5504037688574;-1.04949951171875;-0.232177734375;11.9599999698039;1197;1 A;
91.5604037688322;-1.04949951171875;-0.231231689453125;11.9699999697787;1198;1 A;
91.570403768807;-1.04949951171875;-0.234130859375;11.9799999697534;1199;1 A;
91.5804037687817;-1.04949951171875;-0.232086181640625;11.9899999697282;1200;1 A;
91.5904037687565;-1.0491943359375;-0.227783203125;11.9999999697029;1201;1 A;
91.6004037687312;-1.04949951171875;-0.2271728515625;12.0099999696777;1202;1 A;
91.610403768706;-1.04888916015625;-0.225311279296875;12.0199999696524;1203;1 A;
91.6204037686807;-1.0498046875;-0.22418212890625;12.0299999696272;1204;1 A;
91.6304037686555;-1.04949951171875;-0.226715087890625;12.0399999696019;1205;1 A;
91.6404037686302;-1.04888916015625;-0.22601318359375;12.0499999695767;1206;1 A;
91.650403768605;-1.04949951171875;-0.23052978515625;12.0599999695514;1207;1 A;
91.6604037685797;-1.0491943359375;-0.227691650390625;12.0699999695262;1208;1 A;
91.6704037685545;-1.0498046875;-0.230316162109375;12.0799999695009;1209;1 A;
91.6804037685292;-1.0498046875;-0.232086181640625;12.0899999694757;1210;1 A;
91.690403768504;-1.04949951171875;-0.23321533203125;12.0999999694504;1211;1 A;
91.7004037684787;-1.05010986328125;-0.23223876953125;12.1099999694252;1212;1 A;
91.7104037684535;-1.04949951171875;-0.227447509765625;12.1199999693999;1213;1 A;
91.7204037684282;-1.0491943359375;-0.223419189453125;12.1299999693747;1214;1 A;
91.730403768403;-1.04949951171875;-0.222625732421875;12.1399999693494;1215;1 A;
91.7404037683777;-1.04949951171875;-0.225555419921875;12.1499999693242;1216;1 A;
91.7504037683525;-1.0498046875;-0.2257080078125;12.159999969299;1217;1 A;
91.7604037683273;-1.0491943359375;-0.230499267578125;12.1699999692737;1218;1 A;
91.770403768302;-1.0491943359375;-0.230743408203125;12.1799999692485;1219;1 A;
91.7804037682768;-1.04949951171875;-0.2322998046875;12.1899999692232;1220;1 A;
91.7904037682515;-1.0498046875;-0.231658935546875;12.199999969198;1221;1 A;
91.8004037682263;-1.0498046875;-0.230224609375;12.2099999691727;1222;1 A;
91.810403768201;-1.04949951171875;-0.23370361328125;12.2199999691475;1223;1 A;
91.8204037681758;-1.04949951171875;-0.228912353515625;12.2299999691222;1224;1 A;
91.8304037681505;-1.0491943359375;-0.23028564453125;12.239999969097;1225;1 A;
91.8404037681253;-1.0491943359375;-0.228515625;12.2499999690717;1226;1 A;
91.8504037681;-1.0498046875;-0.22943115234375;12.2599999690465;1227;1 A;
91.8604037680748;-1.04888916015625;-0.226104736328125;12.2699999690212;1228;1 A;
91.8704037680495;-1.04949951171875;-0.229034423828125;12.279999968996;1229;1 A;
91.8804037680243;-1.0498046875;-0.225738525390625;12.2899999689707;1230;1 A;
91.890403767999;-1.0491943359375;-0.226593017578125;12.2999999689455;1231;1 A;
91.9004037679738;-1.0491943359375;-0.226104736328125;12.3099999689202;1232;1 A;
91.9104037679485;-1.04949951171875;-0.228912353515625;12.319999968895;1233;1 A;
91.9204037679233;-1.04949951171875;-0.233062744140625;12.3299999688697;1234;1 A;
91.930403767898;-1.04949951171875;-0.233306884765625;12.3399999688445;1235;1 A;
91.9404037678728;-1.04949951171875;-0.2332763671875;12.3499999688192;1236;1 A;
91.9504037678475;-1.05010986328125;-0.227203369140625;12.359999968794;1237;1 A;
91.9604037678223;-1.0498046875;-0.223175048828125;12.3699999687688;1238;1 A;
91.9704037677971;-1.05010986328125;-0.22015380859375;12.3799999687435;1239;1 A;
91.9804037677718;-1.04949951171875;-0.223297119140625;12.3899999687183;1240;1 A;
91.9904037677466;-1.04949951171875;-0.2247314453125;12.399999968693;1241;1 A;
92.0004037677213;-1.04949951171875;-0.230010986328125;12.4099999686678;1242;1 A;
92.0104037676961;-1.0498046875;-0.232208251953125;12.4199999686425;1243;1 A;
92.0204037676708;-1.04949951171875;-0.2322998046875;12.4299999686173;1244;1 A;
92.0304037676456;-1.0498046875;-0.23138427734375;12.439999968592;1245;1 A;
92.0404037676203;-1.04949951171875;-0.229827880859375;12.4499999685668;1246;1 A;
92.0504037675951;-1.0498046875;-0.23309326171875;12.4599999685415;1247;1 A;
92.0604037675698;-1.04949951171875;-0.228515625;12.4699999685163;1248;1 A;
92.0704037675446;-1.04949951171875;-0.22760009765625;12.479999968491;1249;1 A;
92.0804037675193;-1.04949951171875;-0.226104736328125;12.4899999684658;1250;1 A;
92.0904037674941;-1.04949951171875;-0.225921630859375;12.4999999684405;1251;1 A;
92.1004037674688;-1.05010986328125;-0.2269287109375;12.5099999684153;1252;1 A;
92.1104037674436;-1.05010986328125;-0.229949951171875;12.51999996839;1253;1 A;
92.1204037674183;-1.0491943359375;-0.230194091796875;12.5299999683648;1254;1 A;
92.1304037673931;-1.0498046875;-0.23028564453125;12.5399999683395;1255;1 A;
92.1404037673678;-1.04949951171875;-0.22979736328125;12.5499999683143;1256;1 A;
92.1504037673426;-1.0491943359375;-0.22894287109375;12.559999968289;1257;1 A;
92.1604037673173;-1.04949951171875;-0.229400634765625;12.5699999682638;1258;1 A;
92.1704037672921;-1.05010986328125;-0.228363037109375;12.5799999682386;1259;1 A;
92.1804037672669;-1.0491943359375;-0.22784423828125;12.5899999682133;1260;1 A;
92.1904037672416;-1.0498046875;-0.2252197265625;12.5999999681881;1261;1 A;
92.2004037672164;-1.0498046875;-0.225830078125;12.6099999681628;1262;1 A;
92.2104037671911;-1.04949951171875;-0.225189208984375;12.6199999681376;1263;1 A;
92.2204037671659;-1.04949951171875;-0.226837158203125;12.6299999681123;1264;1 A;
92.2304037671406;-1.04949951171875;-0.226531982421875;12.6399999680871;1265;1 A;
92.2404037671154;-1.0491943359375;-0.22845458984375;12.6499999680618;1266;1 A;
92.2504037670901;-1.04949951171875;-0.228851318359375;12.6599999680366;1267;1 A;
92.2604037670649;-1.0491943359375;-0.227935791015625;12.6699999680113;1268;1 A;
92.2704037670396;-1.04949951171875;-0.230194091796875;12.6799999679861;1269;1 A;
92.2804037670144;-1.0491943359375;-0.228271484375;12.6899999679608;1270;1 A;
92.2904037669891;-1.04949951171875;-0.231353759765625;12.6999999679356;1271;1 A;
92.3004037669639;-1.0491943359375;-0.229766845703125;12.7099999679103;1272;1 A;
92.3104037669386;-1.0491943359375;-0.229705810546875;12.7199999678851;1273;1 A;
92.3204037669134;-1.04949951171875;-0.228118896484375;12.7299999678598;1274;1 A;
92.3304037668881;-1.04949951171875;-0.227325439453125;12.7399999678346;1275;1 A;
92.3404037668629;-1.0491943359375;-0.228057861328125;12.7499999678093;1276;1 A;
92.3504037668376;-1.04949951171875;-0.225372314453125;12.7599999677841;1277;1 A;
92.3604037668124;-1.04949951171875;-0.225982666015625;12.7699999677588;1278;1 A;
92.3704037667871;-1.04949951171875;-0.223968505859375;12.7799999677336;1279;1 A;
92.3804037667619;-1.04949951171875;-0.225372314453125;12.7899999677084;1280;1 A;
92.3904037667367;-1.0491943359375;-0.229248046875;12.7999999676831;1281;1 A;
92.4004037667114;-1.04949951171875;-0.23150634765625;12.8099999676579;1282;1 A;
92.4104037666862;-1.05010986328125;-0.232147216796875;12.8199999676326;1283;1 A;
92.4204037666609;-1.0491943359375;-0.23004150390625;12.8299999676074;1284;1 A;
92.4304037666357;-1.0491943359375;-0.22552490234375;12.8399999675821;1285;1 A;
92.4404037666104;-1.0491943359375;-0.22265625;12.8499999675569;1286;1 A;
92.4504037665852;-1.04949951171875;-0.219818115234375;12.8599999675316;1287;1 A;
92.4604037665599;-1.04949951171875;-0.221160888671875;12.8699999675064;1288;1 A;
92.4704037665347;-1.0498046875;-0.22430419921875;12.8799999674811;1289;1 A;
92.4804037665094;-1.0498046875;-0.22802734375;12.8899999674559;1290;1 A;
92.4904037664842;-1.04949951171875;-0.23095703125;12.8999999674306;1291;1 A;
92.5004037664589;-1.0498046875;-0.230377197265625;12.9099999674054;1292;1 A;
92.5104037664337;-1.04949951171875;-0.22998046875;12.9199999673801;1293;1 A;
92.5204037664084;-1.04949951171875;-0.228179931640625;12.9299999673549;1294;1 A;
92.5304037663832;-1.04949951171875;-0.22906494140625;12.9399999673296;1295;1 A;
92.5404037663579;-1.04949951171875;-0.22869873046875;12.9499999673044;1296;1 A;
92.5504037663327;-1.0498046875;-0.22509765625;12.9599999672791;1297;1 A;
92.5604037663074;-1.04949951171875;-0.226318359375;12.9699999672539;1298;1 A;
92.5704037662822;-1.04949951171875;-0.224273681640625;12.9799999672287;1299;1 A;
92.5804037662569;-1.04949951171875;-0.22601318359375;12.9899999672034;1300;1 A;
92.5904037662317;-1.04949951171875;-0.22491455078125;12.9999999671782;1301;1 A;
92.6004037662065;-1.0491943359375;-0.22509765625;13.0099999671529;1302;1 A;
92.6104037661812;-1.04888916015625;-0.225067138671875;13.0199999671277;1303;1 A;
92.620403766156;-1.0498046875;-0.223846435546875;13.0299999671024;1304;1 A;
92.6304037661307;-1.0498046875;-0.226104736328125;13.0399999670772;1305;1 A;
92.6404037661055;-1.0498046875;-0.227203369140625;13.0499999670519;1306;1 A;
92.6504037660802;-1.0498046875;-0.228271484375;13.0599999670267;1307;1 A;
92.660403766055;-1.0491943359375;-0.2275390625;13.0699999670014;1308;1 A;
92.6704037660297;-1.0491943359375;-0.2242431640625;13.0799999669762;1309;1 A;
92.6804037660045;-1.04949951171875;-0.220794677734375;13.0899999669509;1310;1 A;
92.6904037659792;-1.04949951171875;-0.219329833984375;13.0999999669257;1311;1 A;
92.700403765954;-1.0491943359375;-0.219818115234375;13.1099999669004;1312;1 A;
92.7104037659287;-1.04888916015625;-0.220703125;13.1199999668752;1313;1 A;
92.7204037659035;-1.0491943359375;-0.22442626953125;13.1299999668499;1314;1 A;
92.7304037658782;-1.0491943359375;-0.22454833984375;13.1399999668247;1315;1 A;
92.740403765853;-1.04949951171875;-0.2257080078125;13.1499999667994;1316;1 A;
92.7504037658277;-1.04949951171875;-0.227020263671875;13.1599999667742;1317;1 A;
92.7604037658025;-1.0498046875;-0.226226806640625;13.1699999667489;1318;1 A;
92.7704037657772;-1.04888916015625;-0.228118896484375;13.1799999667237;1319;1 A;
92.780403765752;-1.0491943359375;-0.224609375;13.1899999666985;1320;1 A;
92.7904037657268;-1.0498046875;-0.22222900390625;13.1999999666732;1321;1 A;
92.8004037657015;-1.0498046875;-0.220458984375;13.209999966648;1322;1 A;
92.8104037656763;-1.04949951171875;-0.22088623046875;13.2199999666227;1323;1 A;
92.820403765651;-1.04949951171875;-0.218017578125;13.2299999665975;1324;1 A;
92.8304037656258;-1.04949951171875;-0.221405029296875;13.2399999665722;1325;1 A;
92.8404037656005;-1.0498046875;-0.2213134765625;13.249999966547;1326;1 A;
92.8504037655753;-1.0498046875;-0.223297119140625;13.2599999665217;1327;1 A;
92.86040376555;-1.04949951171875;-0.2227783203125;13.2699999664965;1328;1 A;
92.8704037655248;-1.04949951171875;-0.22271728515625;13.2799999664712;1329;1 A;
92.8804037654995;-1.04949951171875;-0.223663330078125;13.289999966446;1330;1 A;
92.8904037654743;-1.0498046875;-0.223663330078125;13.2999999664207;1331;1 A;
92.900403765449;-1.04949951171875;-0.222625732421875;13.3099999663955;1332;1 A;
92.9104037654238;-1.04949951171875;-0.218841552734375;13.3199999663702;1333;1 A;
92.9204037653985;-1.0504150390625;-0.216766357421875;13.329999966345;1334;1 A;
92.9304037653733;-1.04949951171875;-0.21539306640625;13.3399999663197;1335;1 A;
92.940403765348;-1.04949951171875;-0.218353271484375;13.3499999662945;1336;1 A;
92.9504037653228;-1.0491943359375;-0.217926025390625;13.3599999662692;1337;1 A;
92.9604037652975;-1.0491943359375;-0.221405029296875;13.369999966244;1338;1 A;
92.9704037652723;-1.0491943359375;-0.221832275390625;13.3799999662187;1339;1 A;
92.980403765247;-1.0491943359375;-0.2218017578125;13.3899999661935;1340;1 A;
92.9904037652218;-1.0491943359375;-0.221893310546875;13.3999999661683;1341;1 A;
93.0004037651966;-1.0498046875;-0.220245361328125;13.409999966143;1342;1 A;
93.0104037651713;-1.04949951171875;-0.223358154296875;13.4199999661178;1343;1 A;
93.0204037651461;-1.04949951171875;-0.219207763671875;13.4299999660925;1344;1 A;
93.0304037651208;-1.0498046875;-0.220855712890625;13.4399999660673;1345;1 A;
93.0404037650956;-1.0491943359375;-0.21759033203125;13.449999966042;1346;1 A;
93.0504037650703;-1.0491943359375;-0.219818115234375;13.4599999660168;1347;1 A;
93.0604037650451;-1.04949951171875;-0.216583251953125;13.4699999659915;1348;1 A;
93.0704037650198;-1.04949951171875;-0.217987060546875;13.4799999659663;1349;1 A;
93.0804037649946;-1.0491943359375;-0.217041015625;13.489999965941;1350;1 A;
93.0904037649693;-1.05010986328125;-0.214691162109375;13.4999999659158;1351;1 A;
93.1004037649441;-1.04888916015625;-0.2161865234375;13.5099999658905;1352;1 A;
93.1104037649188;-1.0491943359375;-0.2188720703125;13.5199999658653;1353;1 A;
93.1204037648936;-1.04949951171875;-0.2230224609375;13.52999996584;1354;1 A;
93.1304037648683;-1.0498046875;-0.22235107421875;13.5399999658148;1355;1 A;
93.1404037648431;-1.0491943359375;-0.222259521484375;13.5499999657895;1356;1 A;
93.1504037648178;-1.0491943359375;-0.215484619140625;13.5599999657643;1357;1 A;
93.1604037647926;-1.0491943359375;-0.212982177734375;13.569999965739;1358;1 A;
93.1704037647673;-1.0491943359375;-0.209503173828125;13.5799999657138;1359;1 A;
93.1804037647421;-1.0498046875;-0.21209716796875;13.5899999656885;1360;1 A;
93.1904037647168;-1.04949951171875;-0.21319580078125;13.5999999656633;1361;1 A;
93.2004037646916;-1.0498046875;-0.217010498046875;13.6099999656381;1362;1 A;
93.2104037646664;-1.04949951171875;-0.221160888671875;13.6199999656128;1363;1 A;
93.2204037646411;-1.0491943359375;-0.219879150390625;13.6299999655876;1364;1 A;
93.2304037646159;-1.04949951171875;-0.2200927734375;13.6399999655623;1365;1 A;
93.2404037645906;-1.04949951171875;-0.218170166015625;13.6499999655371;1366;1 A;
93.2504037645654;-1.0491943359375;-0.220489501953125;13.6599999655118;1367;1 A;
93.2604037645401;-1.04888916015625;-0.2177734375;13.6699999654866;1368;1 A;
93.2704037645149;-1.04949951171875;-0.2166748046875;13.6799999654613;1369;1 A;
93.2804037644896;-1.05010986328125;-0.213897705078125;13.6899999654361;1370;1 A;
93.2904037644644;-1.0491943359375;-0.21478271484375;13.6999999654108;1371;1 A;
93.3004037644391;-1.0491943359375;-0.213958740234375;13.7099999653856;1372;1 A;
93.3104037644139;-1.0498046875;-0.21661376953125;13.7199999653603;1373;1 A;
93.3204037643886;-1.04949951171875;-0.217498779296875;13.7299999653351;1374;1 A;
93.3304037643634;-1.04949951171875;-0.215576171875;13.7399999653098;1375;1 A;
93.3404037643381;-1.04949951171875;-0.216888427734375;13.7499999652846;1376;1 A;
93.3504037643129;-1.04949951171875;-0.215850830078125;13.7599999652593;1377;1 A;
93.3604037642876;-1.04949951171875;-0.217010498046875;13.7699999652341;1378;1 A;
93.3704037642624;-1.04949951171875;-0.216156005859375;13.7799999652088;1379;1 A;
93.3804037642371;-1.04949951171875;-0.215057373046875;13.7899999651836;1380;1 A;
93.3904037642119;-1.0491943359375;-0.212921142578125;13.7999999651583;1381;1 A;
93.4004037641866;-1.04949951171875;-0.212158203125;13.8099999651331;1382;1 A;
93.4104037641614;-1.0498046875;-0.211181640625;13.8199999651079;1383;1 A;
93.4204037641362;-1.0498046875;-0.21246337890625;13.8299999650826;1384;1 A;
93.4304037641109;-1.04949951171875;-0.21270751953125;13.8399999650574;1385;1 A;
93.4404037640857;-1.04949951171875;-0.21380615234375;13.8499999650321;1386;1 A;
93.4504037640604;-1.04888916015625;-0.215240478515625;13.8599999650069;1387;1 A;
93.4604037640352;-1.0491943359375;-0.214202880859375;13.8699999649816;1388;1 A;
93.4704037640099;-1.0498046875;-0.2159423828125;13.8799999649564;1389;1 A;
93.4804037639847;-1.04888916015625;-0.2144775390625;13.8899999649311;1390;1 A;
93.4904037639594;-1.04949951171875;-0.216400146484375;13.8999999649059;1391;1 A;
93.5004037639342;-1.0498046875;-0.21630859375;13.9099999648806;1392;1 A;
93.5104037639089;-1.0491943359375;-0.213623046875;13.9199999648554;1393;1 A;
93.5204037638837;-1.04888916015625;-0.2137451171875;13.9299999648301;1394;1 A;
93.5304037638584;-1.04949951171875;-0.210906982421875;13.9399999648049;1395;1 A;
93.5404037638332;-1.04888916015625;-0.21258544921875;13.9499999647796;1396;1 A;
93.5504037638079;-1.04949951171875;-0.20965576171875;13.9599999647544;1397;1 A;
93.5604037637827;-1.04949951171875;-0.209747314453125;13.9699999647291;1398;1 A;
93.5704037637574;-1.0491943359375;-0.210052490234375;13.9799999647039;1399;1 A;
93.5804037637322;-1.04949951171875;-0.21044921875;13.9899999646786;1400;1 A;
93.5904037637069;-1.0498046875;-0.214111328125;13.9999999646534;1401;1 A;
93.6004037636817;-1.04949951171875;-0.215240478515625;14.0099999646282;1402;1 A;
93.6104037636564;-1.0498046875;-0.216064453125;14.0199999646029;1403;1 A;
93.6204037636312;-1.04949951171875;-0.214508056640625;14.0299999645777;1404;1 A;
93.630403763606;-1.04949951171875;-0.20977783203125;14.0399999645524;1405;1 A;
93.6404037635807;-1.04949951171875;-0.20745849609375;14.0499999645272;1406;1 A;
93.6504037635555;-1.04888916015625;-0.204559326171875;14.0599999645019;1407;1 A;
93.6604037635302;-1.04949951171875;-0.206085205078125;14.0699999644767;1408;1 A;
93.670403763505;-1.0491943359375;-0.20989990234375;14.0799999644514;1409;1 A;
93.6804037634797;-1.04949951171875;-0.21270751953125;14.0899999644262;1410;1 A;
93.6904037634545;-1.04888916015625;-0.213714599609375;14.0999999644009;1411;1 A;
93.7004037634292;-1.0498046875;-0.213623046875;14.1099999643757;1412;1 A;
93.710403763404;-1.0491943359375;-0.21319580078125;14.1199999643504;1413;1 A;
93.7204037633787;-1.0498046875;-0.211578369140625;14.1299999643252;1414;1 A;
93.7304037633535;-1.0498046875;-0.213592529296875;14.1399999642999;1415;1 A;
93.7404037633282;-1.04949951171875;-0.211395263671875;14.1499999642747;1416;1 A;
93.750403763303;-1.04949951171875;-0.2093505859375;14.1599999642494;1417;1 A;
93.7604037632777;-1.0498046875;-0.2103271484375;14.1699999642242;1418;1 A;
93.7704037632525;-1.0491943359375;-0.2095947265625;14.1799999641989;1419;1 A;
93.7804037632272;-1.04949951171875;-0.20880126953125;14.1899999641737;1420;1 A;
93.790403763202;-1.04888916015625;-0.2093505859375;14.1999999641484;1421;1 A;
93.8004037631767;-1.04888916015625;-0.20697021484375;14.2099999641232;1422;1 A;
93.8104037631515;-1.0498046875;-0.20843505859375;14.219999964098;1423;1 A;
93.8204037631263;-1.04949951171875;-0.20721435546875;14.2299999640727;1424;1 A;
93.830403763101;-1.0498046875;-0.20989990234375;14.2399999640475;1425;1 A;
93.8404037630758;-1.04949951171875;-0.2115478515625;14.2499999640222;1426;1 A;
93.8504037630505;-1.04888916015625;-0.212738037109375;14.259999963997;1427;1 A;
93.8604037630253;-1.04949951171875;-0.2119140625;14.2699999639717;1428;1 A;
93.870403763;-1.04949951171875;-0.20782470703125;14.2799999639465;1429;1 A;
93.8804037629748;-1.0491943359375;-0.20318603515625;14.2899999639212;1430;1 A;
93.8904037629495;-1.04949951171875;-0.202423095703125;14.299999963896;1431;1 A;
93.9004037629243;-1.05010986328125;-0.203155517578125;14.3099999638707;1432;1 A;
93.910403762899;-1.04949951171875;-0.2044677734375;14.3199999638455;1433;1 A;
93.9204037628738;-1.0498046875;-0.208831787109375;14.3299999638202;1434;1 A;
93.9304037628485;-1.0498046875;-0.20953369140625;14.339999963795;1435;1 A;
93.9404037628233;-1.0491943359375;-0.211456298828125;14.3499999637697;1436;1 A;
93.950403762798;-1.04949951171875;-0.210693359375;14.3599999637445;1437;1 A;
93.9604037627728;-1.04949951171875;-0.210540771484375;14.3699999637192;1438;1 A;
93.9704037627475;-1.0498046875;-0.211639404296875;14.379999963694;1439;1 A;
93.9804037627223;-1.0491943359375;-0.20928955078125;14.3899999636687;1440;1 A;
93.990403762697;-1.0498046875;-0.206695556640625;14.3999999636435;1441;1 A;
94.0004037626718;-1.0498046875;-0.20526123046875;14.4099999636182;1442;1 A;
94.0104037626465;-1.04949951171875;-0.204498291015625;14.419999963593;1443;1 A;
94.0204037626213;-1.0491943359375;-0.20318603515625;14.4299999635678;1444;1 A;
94.0304037625961;-1.0498046875;-0.2061767578125;14.4399999635425;1445;1 A;
94.0404037625708;-1.04949951171875;-0.208038330078125;14.4499999635173;1446;1 A;
94.0504037625456;-1.0491943359375;-0.207763671875;14.459999963492;1447;1 A;
94.0604037625203;-1.04949951171875;-0.20782470703125;14.4699999634668;1448;1 A;
94.0704037624951;-1.0498046875;-0.2081298828125;14.4799999634415;1449;1 A;
94.0804037624698;-1.04888916015625;-0.20867919921875;14.4899999634163;1450;1 A;
94.0904037624446;-1.04949951171875;-0.20806884765625;14.499999963391;1451;1 A;
94.1004037624193;-1.0491943359375;-0.207244873046875;14.5099999633658;1452;1 A;
94.1104037623941;-1.0498046875;-0.203826904296875;14.5199999633405;1453;1 A;
94.1204037623688;-1.04949951171875;-0.201904296875;14.5299999633153;1454;1 A;
94.1304037623436;-1.04949951171875;-0.20111083984375;14.53999996329;1455;1 A;
94.1404037623183;-1.0491943359375;-0.201904296875;14.5499999632648;1456;1 A;
94.1504037622931;-1.04949951171875;-0.20318603515625;14.5599999632395;1457;1 A;
94.1604037622678;-1.04949951171875;-0.20709228515625;14.5699999632143;1458;1 A;
94.1704037622426;-1.04949951171875;-0.20758056640625;14.579999963189;1459;1 A;
94.1804037622173;-1.04949951171875;-0.207977294921875;14.5899999631638;1460;1 A;
94.1904037621921;-1.05010986328125;-0.20721435546875;14.5999999631385;1461;1 A;
94.2004037621668;-1.04949951171875;-0.20556640625;14.6099999631133;1462;1 A;
94.2104037621416;-1.0498046875;-0.207855224609375;14.619999963088;1463;1 A;
94.2204037621163;-1.0498046875;-0.20489501953125;14.6299999630628;1464;1 A;
94.2304037620911;-1.0498046875;-0.206634521484375;14.6399999630376;1465;1 A;
94.2404037620659;-1.04949951171875;-0.203155517578125;14.6499999630123;1466;1 A;
94.2504037620406;-1.0498046875;-0.20513916015625;14.6599999629871;1467;1 A;
94.2604037620154;-1.0491943359375;-0.20263671875;14.6699999629618;1468;1 A;
94.2704037619901;-1.0491943359375;-0.202972412109375;14.6799999629366;1469;1 A;
94.2804037619649;-1.04949951171875;-0.203155517578125;14.6899999629113;1470;1 A;
94.2904037619396;-1.04949951171875;-0.201202392578125;14.6999999628861;1471;1 A;
94.3004037619144;-1.04949951171875;-0.20263671875;14.7099999628608;1472;1 A;
94.3104037618891;-1.04949951171875;-0.205474853515625;14.7199999628356;1473;1 A;
94.3204037618639;-1.0498046875;-0.20831298828125;14.7299999628103;1474;1 A;
94.3304037618386;-1.0498046875;-0.208221435546875;14.7399999627851;1475;1 A;
94.3404037618134;-1.05010986328125;-0.206573486328125;14.7499999627598;1476;1 A;
94.3504037617881;-1.0498046875;-0.201141357421875;14.7599999627346;1477;1 A;
94.3604037617629;-1.0498046875;-0.199493408203125;14.7699999627093;1478;1 A;
94.3704037617376;-1.04949951171875;-0.1959228515625;14.7799999626841;1479;1 A;
94.3804037617124;-1.04949951171875;-0.1981201171875;14.7899999626588;1480;1 A;
94.3904037616871;-1.0491943359375;-0.200836181640625;14.7999999626336;1481;1 A;
94.4004037616619;-1.0498046875;-0.20361328125;14.8099999626083;1482;1 A;
94.4104037616366;-1.0498046875;-0.208831787109375;14.8199999625831;1483;1 A;
94.4204037616114;-1.04949951171875;-0.205596923828125;14.8299999625578;1484;1 A;
94.4304037615861;-1.04888916015625;-0.20611572265625;14.8399999625326;1485;1 A;
94.4404037615609;-1.0491943359375;-0.20343017578125;14.8499999625074;1486;1 A;
94.4504037615357;-1.04888916015625;-0.204986572265625;14.8599999624821;1487;1 A;
94.4604037615104;-1.0498046875;-0.203521728515625;14.8699999624569;1488;1 A;
94.4704037614852;-1.04949951171875;-0.20263671875;14.8799999624316;1489;1 A;
94.4804037614599;-1.04949951171875;-0.20062255859375;14.8899999624064;1490;1 A;
94.4904037614347;-1.0491943359375;-0.201416015625;14.8999999623811;1491;1 A;
94.5004037614094;-1.04949951171875;-0.20208740234375;14.9099999623559;1492;1 A;
94.5104037613842;-1.0491943359375;-0.201690673828125;14.9199999623306;1493;1 A;
94.5204037613589;-1.04949951171875;-0.204742431640625;14.9299999623054;1494;1 A;
94.5304037613337;-1.0498046875;-0.201446533203125;14.9399999622801;1495;1 A;
94.5404037613084;-1.04949951171875;-0.2027587890625;14.9499999622549;1496;1 A;
94.5504037612832;-1.0491943359375;-0.202911376953125;14.9599999622296;1497;1 A;
94.5604037612579;-1.05010986328125;-0.20306396484375;14.9699999622044;1498;1 A;
94.5704037612327;-1.04949951171875;-0.203125;14.9799999621791;1499;1 A;
94.5804037612074;-1.05010986328125;-0.202972412109375;14.9899999621539;1500;1 A;
