Time (s);WE(1).Potential (V);WE(1).Current (A);Corrected time (s);Index;Current range;Overload
53.5944208646871;0.45526123046875;0.39801025390625;0;1;100 mA;Current overload
53.6044208646618;0.45062255859375;0.207000732421875;0.00999999997475243;2;100 mA;
53.6144208646366;0.450592041015625;0.147796630859375;0.0199999999495049;3;100 mA;
53.6244208646114;0.45050048828125;0.115142822265625;0.0299999999242573;4;100 mA;
53.6344208645861;0.450592041015625;0.09368896484375;0.0399999998990097;5;100 mA;
53.6444208645609;0.45074462890625;0.078643798828125;0.0499999998737621;6;100 mA;
53.6544208645356;0.45062255859375;0.066558837890625;0.0599999998485146;7;100 mA;
53.6644208645104;0.450592041015625;0.0577392578125;0.069999999823267;8;100 mA;
53.6744208644851;0.450653076171875;0.050384521484375;0.0799999997980194;9;100 mA;
53.6844208644599;0.450439453125;0.0445281982421875;0.0899999997727718;10;100 mA;
53.6944208644346;0.450408935546875;0.0396820068359375;0.0999999997475243;11;100 mA;
53.7044208644094;0.450531005859375;0.0351043701171875;0.109999999722277;12;100 mA;
53.7144208643841;0.4505615234375;0.0316864013671875;0.119999999697029;13;100 mA;
53.7244208643589;0.450531005859375;0.028564453125;0.129999999671782;14;100 mA;
53.7344208643336;0.45068359375;0.0255706787109375;0.139999999646534;15;100 mA;
53.7444208643084;0.450653076171875;0.023602294921875;0.149999999621286;16;100 mA;
53.7544208642831;0.45050048828125;0.021575927734375;0.159999999596039;17;100 mA;
53.7644208642579;0.45062255859375;0.0197906494140625;0.169999999570791;18;100 mA;
53.7744208642326;0.450592041015625;0.018524169921875;0.179999999545544;19;100 mA;
53.7844208642074;0.450653076171875;0.01697998046875;0.189999999520296;20;100 mA;
53.7944208641821;0.450653076171875;0.0159088134765625;0.199999999495049;21;100 mA;
53.8044208641569;0.450775146484375;0.014923095703125;0.209999999469801;22;100 mA;
53.8144208641316;0.45068359375;0.0137725830078125;0.219999999444553;23;100 mA;
53.8244208641064;0.45050048828125;0.0132415771484375;0.229999999419306;24;100 mA;
53.8344208640812;0.450592041015625;0.012347412109375;0.239999999394058;25;100 mA;
53.8444208640559;0.45050048828125;0.0116058349609375;0.249999999368811;26;100 mA;
53.8544208640307;0.450408935546875;0.0112030029296875;0.259999999343563;27;100 mA;
53.8644208640054;0.450592041015625;0.010302734375;0.269999999318316;28;100 mA;
53.8744208639802;0.450592041015625;0.0098541259765625;0.279999999293068;29;100 mA;
53.8844208639549;0.450531005859375;0.0093414306640625;0.28999999926782;30;100 mA;
53.8944208639297;0.45062255859375;0.00872802734375;0.299999999242573;31;100 mA;
53.9044208639044;0.450531005859375;0.008489990234375;0.309999999217325;32;100 mA;
53.9144208638792;0.450469970703125;0.0079437255859375;0.319999999192078;33;100 mA;
53.9244208638539;0.450592041015625;0.0075927734375;0.32999999916683;34;100 mA;
53.9344208638287;0.45062255859375;0.0073394775390625;0.339999999141583;35;100 mA;
53.9444208638034;0.450714111328125;0.00677490234375;0.349999999116335;36;100 mA;
53.9544208637782;0.45068359375;0.0065826416015625;0.359999999091087;37;100 mA;
53.9644208637529;0.45074462890625;0.0063079833984375;0.36999999906584;38;100 mA;
53.9744208637277;0.45074462890625;0.005810546875;0.379999999040592;39;100 mA;
53.9844208637024;0.450531005859375;0.0058319091796875;0.389999999015345;40;100 mA;
53.9944208636772;0.450653076171875;0.0055450439453125;0.399999998990097;41;100 mA;
54.0044208636519;0.450408935546875;0.00526123046875;0.40999999896485;42;100 mA;
54.0144208636267;0.450439453125;0.00526123046875;0.419999998939602;43;100 mA;
54.0244208636014;0.45062255859375;0.0048797607421875;0.429999998914354;44;100 mA;
54.0344208635762;0.450653076171875;0.0048004150390625;0.439999998889107;45;100 mA;
54.044420863551;0.450531005859375;0.0046966552734375;0.449999998863859;46;100 mA;
54.0544208635257;0.450653076171875;0.0043365478515625;0.459999998838612;47;100 mA;
54.0644208635005;0.450653076171875;0.004400634765625;0.469999998813364;48;100 mA;
54.0744208634752;0.450531005859375;0.00413818359375;0.479999998788116;49;100 mA;
54.08442086345;0.4505615234375;0.0040618896484375;0.489999998762869;50;100 mA;
54.0944208634247;0.450653076171875;0.00406494140625;0.499999998737621;51;100 mA;
54.1044208633995;0.450714111328125;0.00384979248046875;0.509999998712374;52;100 mA;
54.1144208633742;0.45074462890625;0.0037994384765625;0.519999998687126;53;100 mA;
54.124420863349;0.45074462890625;0.003751220703125;0.529999998661879;54;100 mA;
54.1344208633237;0.450775146484375;0.00349090576171875;0.539999998636631;55;100 mA;
54.1444208632985;0.45062255859375;0.0036126708984375;0.549999998611383;56;100 mA;
54.1544208632732;0.450714111328125;0.0033953857421875;0.559999998586136;57;100 mA;
54.164420863248;0.45062255859375;0.00338531494140625;0.569999998560888;58;100 mA;
54.1744208632227;0.450531005859375;0.00339874267578125;0.579999998535641;59;100 mA;
54.1844208631975;0.450653076171875;0.0032373046875;0.589999998510393;60;100 mA;
54.1944208631722;0.450714111328125;0.00319488525390625;0.599999998485146;61;100 mA;
54.204420863147;0.450531005859375;0.0032183837890625;0.609999998459898;62;100 mA;
54.2144208631217;0.45062255859375;0.00297454833984375;0.61999999843465;63;100 mA;
54.2244208630965;0.4505615234375;0.00309844970703125;0.629999998409403;64;100 mA;
54.2344208630713;0.450531005859375;0.00296539306640625;0.639999998384155;65;100 mA;
54.244420863046;0.45050048828125;0.00297027587890625;0.649999998358908;66;100 mA;
54.2544208630208;0.45062255859375;0.00304840087890625;0.65999999833366;67;100 mA;
54.2644208629955;0.450836181640625;0.00281768798828125;0.669999998308413;68;100 mA;
54.2744208629703;0.45074462890625;0.00289031982421875;0.679999998283165;69;100 mA;
54.284420862945;0.450775146484375;0.0028497314453125;0.689999998257917;70;100 mA;
54.2944208629198;0.450775146484375;0.00268768310546875;0.69999999823267;71;100 mA;
54.3044208628945;0.45062255859375;0.002923583984375;0.709999998207422;72;100 mA;
54.3144208628693;0.45068359375;0.00272247314453125;0.719999998182175;73;100 mA;
54.324420862844;0.45068359375;0.002713623046875;0.729999998156927;74;100 mA;
54.3344208628188;0.450531005859375;0.002864990234375;0.73999999813168;75;100 mA;
54.3444208627935;0.45068359375;0.00260528564453125;0.749999998106432;76;100 mA;
54.3544208627683;0.45074462890625;0.00264984130859375;0.759999998081184;77;100 mA;
54.364420862743;0.45062255859375;0.00266998291015625;0.769999998055937;78;100 mA;
54.3744208627178;0.45062255859375;0.0024908447265625;0.779999998030689;79;100 mA;
54.3844208626925;0.450592041015625;0.00271636962890625;0.789999998005442;80;100 mA;
54.3944208626673;0.45050048828125;0.00249542236328125;0.799999997980194;81;100 mA;
54.404420862642;0.45050048828125;0.00250396728515625;0.809999997954947;82;100 mA;
54.4144208626168;0.45074462890625;0.00260040283203125;0.819999997929699;83;100 mA;
54.4244208625915;0.45074462890625;0.0023455810546875;0.829999997904451;84;100 mA;
54.4344208625663;0.45068359375;0.00245361328125;0.839999997879204;85;100 mA;
54.4444208625411;0.4508056640625;0.00246429443359375;0.849999997853956;86;100 mA;
54.4544208625158;0.45086669921875;0.00230377197265625;0.859999997828709;87;100 mA;
54.4644208624906;0.450592041015625;0.00247161865234375;0.869999997803461;88;100 mA;
54.4744208624653;0.45074462890625;0.002322998046875;0.879999997778214;89;100 mA;
54.4844208624401;0.45074462890625;0.00233154296875;0.889999997752966;90;100 mA;
54.4944208624148;0.450531005859375;0.00243621826171875;0.899999997727718;91;100 mA;
54.5044208623896;0.45062255859375;0.00222747802734375;0.909999997702471;92;100 mA;
54.5144208623643;0.45074462890625;0.002401123046875;0.919999997677223;93;100 mA;
54.5244208623391;0.4505615234375;0.0022418212890625;0.929999997651976;94;100 mA;
54.5344208623138;0.450592041015625;0.0021466064453125;0.939999997626728;95;100 mA;
54.5444208622886;0.45062255859375;0.00231964111328125;0.949999997601481;96;100 mA;
54.5544208622633;0.45062255859375;0.00217254638671875;0.959999997576233;97;100 mA;
54.5644208622381;0.450531005859375;0.00220733642578125;0.969999997550985;98;100 mA;
54.5744208622128;0.45068359375;0.00230865478515625;0.979999997525738;99;100 mA;
54.5844208621876;0.450775146484375;0.00217437744140625;0.98999999750049;100;100 mA;
54.5944208621623;0.45074462890625;0.00219482421875;0.999999997475243;101;100 mA;
54.6044208621371;0.45074462890625;0.00223358154296875;1.00999999745;102;100 mA;
54.6144208621118;0.450836181640625;0.002100830078125;1.01999999742475;103;100 mA;
54.6244208620866;0.450592041015625;0.0023052978515625;1.0299999973995;104;100 mA;
54.6344208620613;0.45068359375;0.00211578369140625;1.03999999737425;105;100 mA;
54.6444208620361;0.450714111328125;0.00223724365234375;1.049999997349;106;100 mA;
54.6544208620109;0.450531005859375;0.00231842041015625;1.05999999732376;107;100 mA;
54.6644208619856;0.450653076171875;0.00200347900390625;1.06999999729851;108;100 mA;
54.6744208619604;0.450775146484375;0.00207733154296875;1.07999999727326;109;100 mA;
54.6844208619351;0.45068359375;0.00214996337890625;1.08999999724801;110;100 mA;
54.6944208619099;0.450531005859375;0.0019976806640625;1.09999999722277;111;100 mA;
54.7044208618846;0.45062255859375;0.00214569091796875;1.10999999719752;112;100 mA;
54.7144208618594;0.450592041015625;0.0020501708984375;1.11999999717227;113;100 mA;
54.7244208618341;0.450531005859375;0.00213287353515625;1.12999999714702;114;100 mA;
54.7344208618089;0.45068359375;0.00211334228515625;1.13999999712178;115;100 mA;
54.7444208617836;0.450714111328125;0.0019696044921875;1.14999999709653;116;100 mA;
54.7544208617584;0.450714111328125;0.00203643798828125;1.15999999707128;117;100 mA;
54.7644208617331;0.45074462890625;0.00210693359375;1.16999999704603;118;100 mA;
54.7744208617079;0.45086669921875;0.00196563720703125;1.17999999702079;119;100 mA;
54.7844208616826;0.450531005859375;0.00204925537109375;1.18999999699554;120;100 mA;
54.7944208616574;0.450714111328125;0.001964111328125;1.19999999697029;121;100 mA;
54.8044208616321;0.450775146484375;0.00198516845703125;1.20999999694504;122;100 mA;
54.8144208616069;0.450653076171875;0.002049560546875;1.2199999969198;123;100 mA;
54.8244208615816;0.450653076171875;0.0019122314453125;1.22999999689455;124;100 mA;
54.8344208615564;0.450775146484375;0.0019970703125;1.2399999968693;125;100 mA;
54.8444208615311;0.450653076171875;0.0019622802734375;1.24999999684405;126;100 mA;
54.8544208615059;0.450592041015625;0.0018548583984375;1.25999999681881;127;100 mA;
54.8644208614807;0.45062255859375;0.002032470703125;1.26999999679356;128;100 mA;
54.8744208614554;0.450592041015625;0.0018939208984375;1.27999999676831;129;100 mA;
54.8844208614302;0.450469970703125;0.0019329833984375;1.28999999674306;130;100 mA;
54.8944208614049;0.45062255859375;0.0020123291015625;1.29999999671782;131;100 mA;
54.9044208613797;0.450775146484375;0.00185638427734375;1.30999999669257;132;100 mA;
54.9144208613544;0.45062255859375;0.00197662353515625;1.31999999666732;133;100 mA;
54.9244208613292;0.450714111328125;0.00197479248046875;1.32999999664207;134;100 mA;
54.9344208613039;0.4508056640625;0.00182281494140625;1.33999999661683;135;100 mA;
54.9444208612787;0.4505615234375;0.0019696044921875;1.34999999659158;136;100 mA;
54.9544208612534;0.45062255859375;0.001829833984375;1.35999999656633;137;100 mA;
54.9644208612282;0.45074462890625;0.0019061279296875;1.36999999654108;138;100 mA;
54.9744208612029;0.45062255859375;0.00194061279296875;1.37999999651583;139;100 mA;
54.9844208611777;0.45068359375;0.00190277099609375;1.38999999649059;140;100 mA;
54.9944208611524;0.450775146484375;0.0018682861328125;1.39999999646534;141;100 mA;
55.0044208611272;0.45068359375;0.001845703125;1.40999999644009;142;100 mA;
55.0144208611019;0.450592041015625;0.00175537109375;1.41999999641484;143;100 mA;
55.0244208610767;0.450592041015625;0.0019012451171875;1.4299999963896;144;100 mA;
55.0344208610514;0.450653076171875;0.0018328857421875;1.43999999636435;145;100 mA;
55.0444208610262;0.450439453125;0.00180267333984375;1.4499999963391;146;100 mA;
55.0544208610009;0.4505615234375;0.0019122314453125;1.45999999631385;147;100 mA;
55.0644208609757;0.45074462890625;0.00174072265625;1.46999999628861;148;100 mA;
55.0744208609505;0.450653076171875;0.001822509765625;1.47999999626336;149;100 mA;
55.0844208609252;0.45062255859375;0.001826171875;1.48999999623811;150;100 mA;
55.0944208609;0.45086669921875;0.0016876220703125;1.49999999621286;151;100 mA;
55.1044208608747;0.450592041015625;0.00181610107421875;1.50999999618762;152;100 mA;
55.1144208608495;0.450592041015625;0.00178009033203125;1.51999999616237;153;100 mA;
55.1244208608242;0.450775146484375;0.00177703857421875;1.52999999613712;154;100 mA;
55.134420860799;0.450714111328125;0.001865234375;1.53999999611187;155;100 mA;
55.1444208607737;0.45068359375;0.00177093505859375;1.54999999608663;156;100 mA;
55.1544208607485;0.45086669921875;0.00173553466796875;1.55999999606138;157;100 mA;
55.1644208607232;0.450653076171875;0.001754150390625;1.56999999603613;158;100 mA;
55.174420860698;0.450714111328125;0.00167633056640625;1.57999999601088;159;100 mA;
55.1844208606727;0.450653076171875;0.00178253173828125;1.58999999598564;160;100 mA;
55.1944208606475;0.45062255859375;0.0017327880859375;1.59999999596039;161;100 mA;
55.2044208606222;0.450531005859375;0.001763916015625;1.60999999593514;162;100 mA;
55.214420860597;0.450531005859375;0.0017633056640625;1.61999999590989;163;100 mA;
55.2244208605717;0.450775146484375;0.00166717529296875;1.62999999588465;164;100 mA;
55.2344208605465;0.450653076171875;0.001768798828125;1.6399999958594;165;100 mA;
55.2444208605212;0.450653076171875;0.0016510009765625;1.64999999583415;166;100 mA;
55.254420860496;0.450836181640625;0.00162200927734375;1.6599999958089;167;100 mA;
55.2644208604708;0.45062255859375;0.001717529296875;1.66999999578366;168;100 mA;
55.2744208604455;0.450592041015625;0.00166748046875;1.67999999575841;169;100 mA;
55.2844208604203;0.45068359375;0.00167388916015625;1.68999999573316;170;100 mA;
55.294420860395;0.450653076171875;0.0017724609375;1.69999999570791;171;100 mA;
55.3044208603698;0.45068359375;0.00165435791015625;1.70999999568267;172;100 mA;
55.3144208603445;0.450836181640625;0.00160064697265625;1.71999999565742;173;100 mA;
55.3244208603193;0.45074462890625;0.00165496826171875;1.72999999563217;174;100 mA;
55.334420860294;0.450592041015625;0.0016033935546875;1.73999999560692;175;100 mA;
55.3444208602688;0.450592041015625;0.0017657470703125;1.74999999558167;176;100 mA;
55.3544208602435;0.45062255859375;0.00154388427734375;1.75999999555643;177;100 mA;
55.3644208602183;0.45050048828125;0.00161285400390625;1.76999999553118;178;100 mA;
55.374420860193;0.45050048828125;0.00164031982421875;1.77999999550593;179;100 mA;
55.3844208601678;0.45074462890625;0.0015679931640625;1.78999999548068;180;100 mA;
55.3944208601425;0.450653076171875;0.00160308837890625;1.79999999545544;181;100 mA;
55.4044208601173;0.450653076171875;0.00161468505859375;1.80999999543019;182;100 mA;
55.414420860092;0.450775146484375;0.0015692138671875;1.81999999540494;183;100 mA;
55.4244208600668;0.45062255859375;0.00172454833984375;1.82999999537969;184;100 mA;
55.4344208600415;0.450592041015625;0.001534423828125;1.83999999535445;185;100 mA;
55.4444208600163;0.450653076171875;0.00156951904296875;1.8499999953292;186;100 mA;
55.454420859991;0.45074462890625;0.00165496826171875;1.85999999530395;187;100 mA;
55.4644208599658;0.45074462890625;0.00156494140625;1.8699999952787;188;100 mA;
55.4744208599406;0.4508056640625;0.00157318115234375;1.87999999525346;189;100 mA;
55.4844208599153;0.450775146484375;0.001573486328125;1.88999999522821;190;100 mA;
55.4944208598901;0.450714111328125;0.00149993896484375;1.89999999520296;191;100 mA;
55.5044208598648;0.4505615234375;0.001708984375;1.90999999517771;192;100 mA;
55.5144208598396;0.45074462890625;0.00149658203125;1.91999999515247;193;100 mA;
55.5244208598143;0.4505615234375;0.00155120849609375;1.92999999512722;194;100 mA;
55.5344208597891;0.450531005859375;0.00165435791015625;1.93999999510197;195;100 mA;
55.5444208597638;0.45068359375;0.00157623291015625;1.94999999507672;196;100 mA;
55.5544208597386;0.450653076171875;0.00154541015625;1.95999999505148;197;100 mA;
55.5644208597133;0.45062255859375;0.00155792236328125;1.96999999502623;198;100 mA;
55.5744208596881;0.450714111328125;0.00146087646484375;1.97999999500098;199;100 mA;
55.5844208596628;0.450592041015625;0.00172393798828125;1.98999999497573;200;100 mA;
55.5944208596376;0.4505615234375;0.0014703369140625;1.99999999495049;201;100 mA;
55.6044208596123;0.45062255859375;0.00154083251953125;2.00999999492524;202;100 mA;
55.6144208595871;0.450714111328125;0.001624755859375;2.01999999489999;203;100 mA;
55.6244208595618;0.45074462890625;0.001553955078125;2.02999999487474;204;100 mA;
55.6344208595366;0.4508056640625;0.00159942626953125;2.0399999948495;205;100 mA;
55.6444208595113;0.450775146484375;0.0015655517578125;2.04999999482425;206;100 mA;
55.6544208594861;0.450653076171875;0.0014715576171875;2.059999994799;207;100 mA;
55.6644208594608;0.4505615234375;0.0016571044921875;2.06999999477375;208;100 mA;
55.6744208594356;0.450653076171875;0.00155303955078125;2.0799999947485;209;100 mA;
55.6844208594104;0.45062255859375;0.00156219482421875;2.08999999472326;210;100 mA;
55.6944208593851;0.45050048828125;0.00166595458984375;2.09999999469801;211;100 mA;
55.7044208593599;0.450714111328125;0.0015081787109375;2.10999999467276;212;100 mA;
55.7144208593346;0.45062255859375;0.0016015625;2.11999999464751;213;100 mA;
55.7244208593094;0.450592041015625;0.00154815673828125;2.12999999462227;214;100 mA;
55.7344208592841;0.45068359375;0.0014654541015625;2.13999999459702;215;100 mA;
55.7444208592589;0.450592041015625;0.0016064453125;2.14999999457177;216;100 mA;
55.7544208592336;0.450531005859375;0.00150726318359375;2.15999999454652;217;100 mA;
55.7644208592084;0.4505615234375;0.00156005859375;2.16999999452128;218;100 mA;
55.7744208591831;0.45062255859375;0.001607666015625;2.17999999449603;219;100 mA;
55.7844208591579;0.45074462890625;0.0014825439453125;2.18999999447078;220;100 mA;
55.7944208591326;0.45068359375;0.001607666015625;2.19999999444553;221;100 mA;
55.8044208591074;0.45086669921875;0.0015093994140625;2.20999999442029;222;100 mA;
55.8144208590821;0.45074462890625;0.001478271484375;2.21999999439504;223;100 mA;
55.8244208590569;0.4505615234375;0.00163360595703125;2.22999999436979;224;100 mA;
55.8344208590316;0.450653076171875;0.0014990234375;2.23999999434454;225;100 mA;
55.8444208590064;0.45062255859375;0.00158477783203125;2.2499999943193;226;100 mA;
55.8544208589811;0.450531005859375;0.00165130615234375;2.25999999429405;227;100 mA;
55.8644208589559;0.45068359375;0.00144927978515625;2.2699999942688;228;100 mA;
55.8744208589306;0.450653076171875;0.001507568359375;2.27999999424355;229;100 mA;
55.8844208589054;0.4505615234375;0.001513671875;2.28999999421831;230;100 mA;
55.8944208588802;0.450714111328125;0.0014263916015625;2.29999999419306;231;100 mA;
55.9044208588549;0.45062255859375;0.0015936279296875;2.30999999416781;232;100 mA;
55.9144208588297;0.45062255859375;0.0014678955078125;2.31999999414256;233;100 mA;
55.9244208588044;0.450531005859375;0.00148681640625;2.32999999411732;234;100 mA;
55.9344208587792;0.45068359375;0.00158477783203125;2.33999999409207;235;100 mA;
55.9444208587539;0.45074462890625;0.00146209716796875;2.34999999406682;236;100 mA;
55.9544208587287;0.450714111328125;0.001484375;2.35999999404157;237;100 mA;
55.9644208587034;0.450775146484375;0.00150604248046875;2.36999999401633;238;100 mA;
55.9744208586782;0.450775146484375;0.00141326904296875;2.37999999399108;239;100 mA;
55.9844208586529;0.4505615234375;0.00155670166015625;2.38999999396583;240;100 mA;
55.9944208586277;0.45068359375;0.001480712890625;2.39999999394058;241;100 mA;
56.0044208586024;0.450592041015625;0.0015283203125;2.40999999391533;242;100 mA;
56.0144208585772;0.4505615234375;0.00168426513671875;2.41999999389009;243;100 mA;
56.0244208585519;0.450592041015625;0.00144805908203125;2.42999999386484;244;100 mA;
56.0344208585267;0.450714111328125;0.00151519775390625;2.43999999383959;245;100 mA;
56.0444208585014;0.4505615234375;0.001512451171875;2.44999999381434;246;100 mA;
56.0544208584762;0.450653076171875;0.00143402099609375;2.4599999937891;247;100 mA;
56.0644208584509;0.450531005859375;0.00172088623046875;2.46999999376385;248;100 mA;
56.0744208584257;0.45050048828125;0.0014752197265625;2.4799999937386;249;100 mA;
56.0844208584004;0.45050048828125;0.0015008544921875;2.48999999371335;250;100 mA;
56.0944208583752;0.450714111328125;0.00159820556640625;2.49999999368811;251;100 mA;
56.10442085835;0.4508056640625;0.00146575927734375;2.50999999366286;252;100 mA;
56.1144208583247;0.45068359375;0.00154632568359375;2.51999999363761;253;100 mA;
56.1244208582995;0.4508056640625;0.0015228271484375;2.52999999361236;254;100 mA;
56.1344208582742;0.4508056640625;0.001448974609375;2.53999999358712;255;100 mA;
56.144420858249;0.450592041015625;0.00159423828125;2.54999999356187;256;100 mA;
56.1544208582237;0.45068359375;0.00149169921875;2.55999999353662;257;100 mA;
56.1644208581985;0.450653076171875;0.00155181884765625;2.56999999351137;258;100 mA;
56.1744208581732;0.45062255859375;0.00161224365234375;2.57999999348613;259;100 mA;
56.184420858148;0.45062255859375;0.00148773193359375;2.58999999346088;260;100 mA;
56.1944208581227;0.45074462890625;0.00154296875;2.59999999343563;261;100 mA;
56.2044208580975;0.45062255859375;0.00157012939453125;2.60999999341038;262;100 mA;
56.2144208580722;0.45062255859375;0.00142974853515625;2.61999999338514;263;100 mA;
56.224420858047;0.450592041015625;0.0016070556640625;2.62999999335989;264;100 mA;
56.2344208580217;0.450531005859375;0.00148712158203125;2.63999999333464;265;100 mA;
56.2444208579965;0.45050048828125;0.0015594482421875;2.64999999330939;266;100 mA;
56.2544208579712;0.45062255859375;0.00156585693359375;2.65999999328415;267;100 mA;
56.264420857946;0.4508056640625;0.00146820068359375;2.6699999932589;268;100 mA;
56.2744208579207;0.450714111328125;0.0015631103515625;2.67999999323365;269;100 mA;
56.2844208578955;0.450714111328125;0.00150726318359375;2.6899999932084;270;100 mA;
56.2944208578703;0.45086669921875;0.0014190673828125;2.69999999318316;271;100 mA;
56.304420857845;0.45050048828125;0.00157257080078125;2.70999999315791;272;100 mA;
56.3144208578198;0.450653076171875;0.00146392822265625;2.71999999313266;273;100 mA;
56.3244208577945;0.4508056640625;0.00150360107421875;2.72999999310741;274;100 mA;
56.3344208577693;0.45068359375;0.0015655517578125;2.73999999308217;275;100 mA;
56.344420857744;0.450653076171875;0.0014666748046875;2.74999999305692;276;100 mA;
56.3544208577188;0.450775146484375;0.0015045166015625;2.75999999303167;277;100 mA;
56.3644208576935;0.45062255859375;0.0015277099609375;2.76999999300642;278;100 mA;
56.3744208576683;0.450592041015625;0.00141357421875;2.77999999298117;279;100 mA;
56.384420857643;0.450592041015625;0.0016015625;2.78999999295593;280;100 mA;
56.3944208576178;0.450592041015625;0.00146575927734375;2.79999999293068;281;100 mA;
56.4044208575925;0.45050048828125;0.0014996337890625;2.80999999290543;282;100 mA;
56.4144208575673;0.45062255859375;0.00162017822265625;2.81999999288018;283;100 mA;
56.424420857542;0.4508056640625;0.00143951416015625;2.82999999285494;284;100 mA;
56.4344208575168;0.45062255859375;0.00147918701171875;2.83999999282969;285;100 mA;
56.4444208574915;0.450775146484375;0.00150390625;2.84999999280444;286;100 mA;
56.4544208574663;0.45086669921875;0.001395263671875;2.85999999277919;287;100 mA;
56.464420857441;0.45062255859375;0.00157196044921875;2.86999999275395;288;100 mA;
56.4744208574158;0.450653076171875;0.00143585205078125;2.8799999927287;289;100 mA;
56.4844208573905;0.450714111328125;0.001478271484375;2.88999999270345;290;100 mA;
56.4944208573653;0.45062255859375;0.0015826416015625;2.8999999926782;291;100 mA;
56.5044208573401;0.450592041015625;0.00142059326171875;2.90999999265296;292;100 mA;
56.5144208573148;0.450836181640625;0.00149169921875;2.91999999262771;293;100 mA;
56.5244208572896;0.45068359375;0.00146759033203125;2.92999999260246;294;100 mA;
56.5344208572643;0.45062255859375;0.00139495849609375;2.93999999257721;295;100 mA;
56.5444208572391;0.4505615234375;0.00156494140625;2.94999999255197;296;100 mA;
56.5544208572138;0.450592041015625;0.0014349365234375;2.95999999252672;297;100 mA;
56.5644208571886;0.450531005859375;0.00148529052734375;2.96999999250147;298;100 mA;
56.5744208571633;0.45062255859375;0.0015777587890625;2.97999999247622;299;100 mA;
56.5844208571381;0.45074462890625;0.00141998291015625;2.98999999245098;300;100 mA;
56.5944208571128;0.450592041015625;0.001483154296875;2.99999999242573;301;100 mA;
56.6044208570876;0.450714111328125;0.00146636962890625;3.00999999240048;302;100 mA;
56.6144208570623;0.45086669921875;0.001392822265625;3.01999999237523;303;100 mA;
56.6244208570371;0.45062255859375;0.0015325927734375;3.02999999234999;304;100 mA;
56.6344208570118;0.450592041015625;0.0014288330078125;3.03999999232474;305;100 mA;
56.6444208569866;0.45074462890625;0.001475830078125;3.04999999229949;306;100 mA;
56.6544208569613;0.45068359375;0.00154022216796875;3.05999999227424;307;100 mA;
56.6644208569361;0.45068359375;0.0014007568359375;3.069999992249;308;100 mA;
56.6744208569108;0.45086669921875;0.0014813232421875;3.07999999222375;309;100 mA;
56.6844208568856;0.450714111328125;0.00143310546875;3.0899999921985;310;100 mA;
56.6944208568603;0.45062255859375;0.00139129638671875;3.09999999217325;311;100 mA;
56.7044208568351;0.450592041015625;0.0015106201171875;3.109999992148;312;100 mA;
56.7144208568099;0.450653076171875;0.0014251708984375;3.11999999212276;313;100 mA;
56.7244208567846;0.450469970703125;0.0014581298828125;3.12999999209751;314;100 mA;
56.7344208567594;0.450592041015625;0.00152313232421875;3.13999999207226;315;100 mA;
56.7444208567341;0.45068359375;0.00140899658203125;3.14999999204701;316;100 mA;
56.7544208567089;0.45068359375;0.00151702880859375;3.15999999202177;317;100 mA;
56.7644208566836;0.45062255859375;0.00146453857421875;3.16999999199652;318;100 mA;
56.7744208566584;0.450775146484375;0.00136993408203125;3.17999999197127;319;100 mA;
56.7844208566331;0.45062255859375;0.00149658203125;3.18999999194602;320;100 mA;
56.7944208566079;0.45068359375;0.001497802734375;3.19999999192078;321;100 mA;
56.8044208565826;0.45068359375;0.0014251708984375;3.20999999189553;322;100 mA;
56.8144208565574;0.450775146484375;0.00151214599609375;3.21999999187028;323;100 mA;
56.8244208565321;0.450775146484375;0.00139251708984375;3.22999999184503;324;100 mA;
56.8344208565069;0.4508056640625;0.00148895263671875;3.23999999181979;325;100 mA;
56.8444208564816;0.450775146484375;0.00143157958984375;3.24999999179454;326;100 mA;
56.8544208564564;0.450653076171875;0.00134246826171875;3.25999999176929;327;100 mA;
56.8644208564311;0.45050048828125;0.00147491455078125;3.26999999174404;328;100 mA;
56.8744208564059;0.450653076171875;0.0013836669921875;3.2799999917188;329;100 mA;
56.8844208563806;0.4505615234375;0.00144134521484375;3.28999999169355;330;100 mA;
56.8944208563554;0.450531005859375;0.0014898681640625;3.2999999916683;331;100 mA;
56.9044208563301;0.45068359375;0.0013970947265625;3.30999999164305;332;100 mA;
56.9144208563049;0.45062255859375;0.00146881103515625;3.31999999161781;333;100 mA;
56.9244208562797;0.450592041015625;0.00139190673828125;3.32999999159256;334;100 mA;
56.9344208562544;0.45074462890625;0.0013165283203125;3.33999999156731;335;100 mA;
56.9444208562292;0.4505615234375;0.00153076171875;3.34999999154206;336;100 mA;
56.9544208562039;0.45062255859375;0.0013360595703125;3.35999999151682;337;100 mA;
56.9644208561787;0.450653076171875;0.00141937255859375;3.36999999149157;338;100 mA;
56.9744208561534;0.450714111328125;0.001470947265625;3.37999999146632;339;100 mA;
56.9844208561282;0.450714111328125;0.0013372802734375;3.38999999144107;340;100 mA;
56.9944208561029;0.4508056640625;0.001395263671875;3.39999999141583;341;100 mA;
57.0044208560777;0.450775146484375;0.00138092041015625;3.40999999139058;342;100 mA;
57.0144208560524;0.450714111328125;0.00135528564453125;3.41999999136533;343;100 mA;
57.0244208560272;0.4505615234375;0.00147491455078125;3.42999999134008;344;100 mA;
57.0344208560019;0.45062255859375;0.00137542724609375;3.43999999131483;345;100 mA;
57.0444208559767;0.450653076171875;0.00138916015625;3.44999999128959;346;100 mA;
57.0544208559514;0.45050048828125;0.0015179443359375;3.45999999126434;347;100 mA;
57.0644208559262;0.450714111328125;0.0013238525390625;3.46999999123909;348;100 mA;
57.0744208559009;0.45068359375;0.0013934326171875;3.47999999121384;349;100 mA;
57.0844208558757;0.450531005859375;0.001378173828125;3.4899999911886;350;100 mA;
57.0944208558504;0.45068359375;0.0013189697265625;3.49999999116335;351;100 mA;
57.1044208558252;0.450592041015625;0.001470947265625;3.5099999911381;352;100 mA;
57.1144208557999;0.450592041015625;0.001361083984375;3.51999999111285;353;100 mA;
57.1244208557747;0.45062255859375;0.00141326904296875;3.52999999108761;354;100 mA;
57.1344208557495;0.45074462890625;0.00145263671875;3.53999999106236;355;100 mA;
57.1444208557242;0.450775146484375;0.0013360595703125;3.54999999103711;356;100 mA;
57.154420855699;0.450775146484375;0.0014654541015625;3.55999999101186;357;100 mA;
57.1644208556737;0.450836181640625;0.00135162353515625;3.56999999098662;358;100 mA;
57.1744208556485;0.4508056640625;0.00130157470703125;3.57999999096137;359;100 mA;
57.1844208556232;0.45050048828125;0.0014813232421875;3.58999999093612;360;100 mA;
57.194420855598;0.450714111328125;0.00135345458984375;3.59999999091087;361;100 mA;
57.2044208555727;0.45062255859375;0.00137542724609375;3.60999999088563;362;100 mA;
57.2144208555475;0.450531005859375;0.00143157958984375;3.61999999086038;363;100 mA;
57.2244208555222;0.450714111328125;0.0013458251953125;3.62999999083513;364;100 mA;
57.234420855497;0.450653076171875;0.001405029296875;3.63999999080988;365;100 mA;
57.2444208554717;0.450592041015625;0.0013671875;3.64999999078464;366;100 mA;
57.2544208554465;0.45062255859375;0.00130126953125;3.65999999075939;367;100 mA;
57.2644208554212;0.450592041015625;0.001497802734375;3.66999999073414;368;100 mA;
57.274420855396;0.45062255859375;0.00134063720703125;3.67999999070889;369;100 mA;
57.2844208553707;0.450592041015625;0.00138092041015625;3.68999999068365;370;100 mA;
57.2944208553455;0.450775146484375;0.0014276123046875;3.6999999906584;371;100 mA;
57.3044208553202;0.4508056640625;0.001351318359375;3.70999999063315;372;100 mA;
57.314420855295;0.450714111328125;0.00140350341796875;3.7199999906079;373;100 mA;
57.3244208552698;0.450775146484375;0.001341552734375;3.72999999058266;374;100 mA;
57.3344208552445;0.450714111328125;0.0012933349609375;3.73999999055741;375;100 mA;
57.3444208552193;0.45050048828125;0.00146392822265625;3.74999999053216;376;100 mA;
57.354420855194;0.45068359375;0.0012994384765625;3.75999999050691;377;100 mA;
57.3644208551688;0.450714111328125;0.00137359619140625;3.76999999048167;378;100 mA;
57.3744208551435;0.450531005859375;0.0014434814453125;3.77999999045642;379;100 mA;
57.3844208551183;0.450714111328125;0.00131439208984375;3.78999999043117;380;100 mA;
57.394420855093;0.450714111328125;0.00133148193359375;3.79999999040592;381;100 mA;
57.4044208550678;0.450592041015625;0.0013677978515625;3.80999999038067;382;100 mA;
57.4144208550425;0.450653076171875;0.00127960205078125;3.81999999035543;383;100 mA;
57.4244208550173;0.45062255859375;0.00142181396484375;3.82999999033018;384;100 mA;
57.434420854992;0.4505615234375;0.0013336181640625;3.83999999030493;385;100 mA;
57.4444208549668;0.450469970703125;0.001358642578125;3.84999999027968;386;100 mA;
57.4544208549415;0.450714111328125;0.0014044189453125;3.85999999025444;387;100 mA;
57.4644208549163;0.450775146484375;0.0013092041015625;3.86999999022919;388;100 mA;
57.474420854891;0.45068359375;0.0013629150390625;3.87999999020394;389;100 mA;
57.4844208548658;0.450775146484375;0.001370849609375;3.88999999017869;390;100 mA;
57.4944208548405;0.45074462890625;0.0012811279296875;3.89999999015345;391;100 mA;
57.5044208548153;0.4505615234375;0.00141998291015625;3.9099999901282;392;100 mA;
57.51442085479;0.45062255859375;0.0013568115234375;3.91999999010295;393;100 mA;
57.5244208547648;0.45074462890625;0.00136932373046875;3.9299999900777;394;100 mA;
57.5344208547396;0.45068359375;0.00141082763671875;3.93999999005246;395;100 mA;
57.5444208547143;0.450653076171875;0.0013201904296875;3.94999999002721;396;100 mA;
57.5544208546891;0.4508056640625;0.00150146484375;3.95999999000196;397;100 mA;
57.5644208546638;0.45062255859375;0.00131195068359375;3.96999998997671;398;100 mA;
57.5744208546386;0.450592041015625;0.00126708984375;3.97999998995147;399;100 mA;
57.5844208546133;0.4505615234375;0.00149200439453125;3.98999998992622;400;100 mA;
57.5944208545881;0.450592041015625;0.0013116455078125;3.99999998990097;401;100 mA;
57.6044208545628;0.45050048828125;0.001331787109375;4.00999998987572;402;100 mA;
57.6144208545376;0.45068359375;0.00142974853515625;4.01999998985048;403;100 mA;
57.6244208545123;0.450836181640625;0.00128173828125;4.02999998982523;404;100 mA;
57.6344208544871;0.45068359375;0.001357421875;4.03999998979998;405;100 mA;
57.6444208544618;0.45068359375;0.00134063720703125;4.04999998977473;406;100 mA;
57.6544208544366;0.45086669921875;0.00126251220703125;4.05999998974949;407;100 mA;
57.6644208544113;0.4505615234375;0.00145050048828125;4.06999998972424;408;100 mA;
57.6744208543861;0.45068359375;0.0013397216796875;4.07999998969899;409;100 mA;
57.6844208543608;0.45074462890625;0.00135498046875;4.08999998967374;410;100 mA;
57.6944208543356;0.450714111328125;0.0014166259765625;4.0999999896485;411;100 mA;
57.7044208543103;0.45068359375;0.00130096435546875;4.10999998962325;412;100 mA;
57.7144208542851;0.4508056640625;0.0013897705078125;4.119999989598;413;100 mA;
57.7244208542598;0.45074462890625;0.00136444091796875;4.12999998957275;414;100 mA;
57.7344208542346;0.45062255859375;0.00127685546875;4.1399999895475;415;100 mA;
57.7444208542094;0.450531005859375;0.00144287109375;4.14999998952226;416;100 mA;
57.7544208541841;0.450653076171875;0.00130767822265625;4.15999998949701;417;100 mA;
57.7644208541589;0.45050048828125;0.00136383056640625;4.16999998947176;418;100 mA;
57.7744208541336;0.4505615234375;0.00147186279296875;4.17999998944651;419;100 mA;
57.7844208541084;0.450775146484375;0.00128997802734375;4.18999998942127;420;100 mA;
57.7944208540831;0.450653076171875;0.001353759765625;4.19999998939602;421;100 mA;
57.8044208540579;0.45062255859375;0.0013433837890625;4.20999998937077;422;100 mA;
57.8144208540326;0.450836181640625;0.00126251220703125;4.21999998934552;423;100 mA;
57.8244208540074;0.4505615234375;0.00142364501953125;4.22999998932028;424;100 mA;
57.8344208539821;0.45062255859375;0.00140380859375;4.23999998929503;425;100 mA;
57.8444208539569;0.450775146484375;0.0012933349609375;4.24999998926978;426;100 mA;
57.8544208539316;0.450714111328125;0.001396484375;4.25999998924453;427;100 mA;
57.8644208539064;0.45074462890625;0.0013140869140625;4.26999998921929;428;100 mA;
57.8744208538811;0.450897216796875;0.00132080078125;4.27999998919404;429;100 mA;
57.8844208538559;0.450775146484375;0.00132171630859375;4.28999998916879;430;100 mA;
57.8944208538306;0.450653076171875;0.00130279541015625;4.29999998914354;431;100 mA;
57.9044208538054;0.4505615234375;0.0013995361328125;4.3099999891183;432;100 mA;
57.9144208537801;0.450531005859375;0.001329345703125;4.31999998909305;433;100 mA;
57.9244208537549;0.4505615234375;0.001322021484375;4.3299999890678;434;100 mA;
57.9344208537296;0.450531005859375;0.00141632080078125;4.33999998904255;435;100 mA;
57.9444208537044;0.45074462890625;0.00130279541015625;4.34999998901731;436;100 mA;
57.9544208536792;0.45074462890625;0.00134735107421875;4.35999998899206;437;100 mA;
57.9644208536539;0.450653076171875;0.001368408203125;4.36999998896681;438;100 mA;
57.9744208536287;0.4508056640625;0.00124664306640625;4.37999998894156;439;100 mA;
57.9844208536034;0.45062255859375;0.00137939453125;4.38999998891632;440;100 mA;
57.9944208535782;0.450592041015625;0.0014898681640625;4.39999998889107;441;100 mA;
58.0044208535529;0.45074462890625;0.00126800537109375;4.40999998886582;442;100 mA;
58.0144208535277;0.45074462890625;0.0014166259765625;4.41999998884057;443;100 mA;
58.0244208535024;0.45074462890625;0.00131439208984375;4.42999998881533;444;100 mA;
58.0344208534772;0.450836181640625;0.00132568359375;4.43999998879008;445;100 mA;
58.0444208534519;0.450775146484375;0.00135833740234375;4.44999998876483;446;100 mA;
58.0544208534267;0.45068359375;0.0012518310546875;4.45999998873958;447;100 mA;
58.0644208534014;0.4505615234375;0.00149383544921875;4.46999998871433;448;100 mA;
58.0744208533762;0.45068359375;0.001292724609375;4.47999998868909;449;100 mA;
58.0844208533509;0.45062255859375;0.0012811279296875;4.48999998866384;450;100 mA;
58.0944208533257;0.45050048828125;0.00136962890625;4.49999998863859;451;100 mA;
58.1044208533004;0.450714111328125;0.00134033203125;4.50999998861334;452;100 mA;
58.1144208532752;0.450653076171875;0.00132537841796875;4.5199999885881;453;100 mA;
58.1244208532499;0.4505615234375;0.0013311767578125;4.52999998856285;454;100 mA;
58.1344208532247;0.45074462890625;0.00124664306640625;4.5399999885376;455;100 mA;
58.1444208531994;0.450592041015625;0.00149078369140625;4.54999998851235;456;100 mA;
58.1544208531742;0.450592041015625;0.0013275146484375;4.55999998848711;457;100 mA;
58.164420853149;0.450653076171875;0.0013330078125;4.56999998846186;458;100 mA;
58.1744208531237;0.450836181640625;0.001363525390625;4.57999998843661;459;100 mA;
58.1844208530985;0.450714111328125;0.00127410888671875;4.58999998841136;460;100 mA;
58.1944208530732;0.45074462890625;0.00132354736328125;4.59999998838612;461;100 mA;
58.204420853048;0.450836181640625;0.00131500244140625;4.60999998836087;462;100 mA;
58.2144208530227;0.45062255859375;0.00130767822265625;4.61999998833562;463;100 mA;
58.2244208529975;0.45062255859375;0.0013739013671875;4.62999998831037;464;100 mA;
58.2344208529722;0.450714111328125;0.00128021240234375;4.63999998828513;465;100 mA;
58.244420852947;0.4505615234375;0.00130950927734375;4.64999998825988;466;100 mA;
58.2544208529217;0.450531005859375;0.00132781982421875;4.65999998823463;467;100 mA;
58.2644208528965;0.450653076171875;0.0012518310546875;4.66999998820938;468;100 mA;
58.2744208528712;0.45068359375;0.00130645751953125;4.67999998818414;469;100 mA;
58.284420852846;0.450531005859375;0.0012762451171875;4.68999998815889;470;100 mA;
58.2944208528207;0.450653076171875;0.00123870849609375;4.69999998813364;471;100 mA;
58.3044208527955;0.450592041015625;0.0013336181640625;4.70999998810839;472;100 mA;
58.3144208527702;0.45062255859375;0.00131072998046875;4.71999998808315;473;100 mA;
58.324420852745;0.45068359375;0.0013006591796875;4.7299999880579;474;100 mA;
58.3344208527197;0.450714111328125;0.00133331298828125;4.73999998803265;475;100 mA;
58.3444208526945;0.45074462890625;0.00132080078125;4.7499999880074;476;100 mA;
58.3544208526693;0.45074462890625;0.00129302978515625;4.75999998798216;477;100 mA;
58.364420852644;0.450714111328125;0.001329345703125;4.76999998795691;478;100 mA;
58.3744208526188;0.45074462890625;0.00126495361328125;4.77999998793166;479;100 mA;
58.3844208525935;0.450531005859375;0.00142913818359375;4.78999998790641;480;100 mA;
58.3944208525683;0.45074462890625;0.00131439208984375;4.79999998788116;481;100 mA;
58.404420852543;0.45062255859375;0.0013153076171875;4.80999998785592;482;100 mA;
58.4144208525178;0.450592041015625;0.00137176513671875;4.81999998783067;483;100 mA;
58.4244208524925;0.45068359375;0.001297607421875;4.82999998780542;484;100 mA;
58.4344208524673;0.450714111328125;0.00130950927734375;4.83999998778017;485;100 mA;
58.444420852442;0.450592041015625;0.0013165283203125;4.84999998775493;486;100 mA;
58.4544208524168;0.450592041015625;0.00125091552734375;4.85999998772968;487;100 mA;
58.4644208523915;0.45062255859375;0.00139312744140625;4.86999998770443;488;100 mA;
58.4744208523663;0.4505615234375;0.001317138671875;4.87999998767918;489;100 mA;
58.484420852341;0.4505615234375;0.001278076171875;4.88999998765394;490;100 mA;
58.4944208523158;0.450714111328125;0.00138946533203125;4.89999998762869;491;100 mA;
58.5044208522905;0.45074462890625;0.0012725830078125;4.90999998760344;492;100 mA;
58.5144208522653;0.450653076171875;0.00134857177734375;4.91999998757819;493;100 mA;
58.52442085224;0.45074462890625;0.001307373046875;4.92999998755295;494;100 mA;
58.5344208522148;0.450836181640625;0.00122802734375;4.9399999875277;495;100 mA;
58.5444208521895;0.4505615234375;0.00136260986328125;4.94999998750245;496;100 mA;
58.5544208521643;0.45068359375;0.00131317138671875;4.9599999874772;497;100 mA;
58.5644208521391;0.45068359375;0.00132781982421875;4.96999998745196;498;100 mA;
58.5744208521138;0.450592041015625;0.0014031982421875;4.97999998742671;499;100 mA;
58.5844208520886;0.45068359375;0.00132537841796875;4.98999998740146;500;100 mA;
58.5944208520633;0.450714111328125;0.0013751220703125;4.99999998737621;501;100 mA;
58.6044208520381;0.45062255859375;0.0013043212890625;5.00999998735097;502;100 mA;
58.6144208520128;0.4505615234375;0.00122894287109375;5.01999998732572;503;100 mA;
58.6244208519876;0.4505615234375;0.00135711669921875;5.02999998730047;504;100 mA;
58.6344208519623;0.4505615234375;0.00134124755859375;5.03999998727522;505;100 mA;
58.6444208519371;0.450469970703125;0.00128265380859375;5.04999998724998;506;100 mA;
58.6544208519118;0.450592041015625;0.00135955810546875;5.05999998722473;507;100 mA;
58.6644208518866;0.4508056640625;0.001258544921875;5.06999998719948;508;100 mA;
58.6744208518613;0.450653076171875;0.00133636474609375;5.07999998717423;509;100 mA;
58.6844208518361;0.45074462890625;0.00129058837890625;5.08999998714899;510;100 mA;
58.6944208518108;0.450836181640625;0.001234130859375;5.09999998712374;511;100 mA;
58.7044208517856;0.450653076171875;0.00138671875;5.10999998709849;512;100 mA;
58.7144208517603;0.450592041015625;0.0012890625;5.11999998707324;513;100 mA;
58.7244208517351;0.45074462890625;0.00129638671875;5.129999987048;514;100 mA;
58.7344208517098;0.45068359375;0.001356201171875;5.13999998702275;515;100 mA;
58.7444208516846;0.45074462890625;0.0012481689453125;5.1499999869975;516;100 mA;
58.7544208516593;0.4508056640625;0.00128387451171875;5.15999998697225;517;100 mA;
58.7644208516341;0.45068359375;0.001280517578125;5.169999986947;518;100 mA;
58.7744208516089;0.4505615234375;0.001221923828125;5.17999998692176;519;100 mA;
58.7844208515836;0.4505615234375;0.00141571044921875;5.18999998689651;520;100 mA;
58.7944208515584;0.450592041015625;0.00125762939453125;5.19999998687126;521;100 mA;
58.8044208515331;0.450408935546875;0.0013201904296875;5.20999998684601;522;100 mA;
58.8144208515079;0.45062255859375;0.00130035400390625;5.21999998682077;523;100 mA;
58.8244208514826;0.450775146484375;0.0012225341796875;5.22999998679552;524;100 mA;
58.8344208514574;0.450653076171875;0.0012841796875;5.23999998677027;525;100 mA;
58.8444208514321;0.45068359375;0.00128997802734375;5.24999998674502;526;100 mA;
58.8544208514069;0.45086669921875;0.00126312255859375;5.25999998671978;527;100 mA;
58.8644208513816;0.450531005859375;0.00134857177734375;5.26999998669453;528;100 mA;
58.8744208513564;0.45062255859375;0.00127655029296875;5.27999998666928;529;100 mA;
58.8844208513311;0.450714111328125;0.001302490234375;5.28999998664403;530;100 mA;
58.8944208513059;0.450714111328125;0.00136260986328125;5.29999998661879;531;100 mA;
58.9044208512806;0.450714111328125;0.00123016357421875;5.30999998659354;532;100 mA;
58.9144208512554;0.45074462890625;0.00131072998046875;5.31999998656829;533;100 mA;
58.9244208512301;0.45068359375;0.00131866455078125;5.32999998654304;534;100 mA;
58.9344208512049;0.450653076171875;0.0012298583984375;5.3399999865178;535;100 mA;
58.9444208511796;0.450531005859375;0.0013726806640625;5.34999998649255;536;100 mA;
58.9544208511544;0.45062255859375;0.00131622314453125;5.3599999864673;537;100 mA;
58.9644208511291;0.4505615234375;0.0013006591796875;5.36999998644205;538;100 mA;
58.9744208511039;0.450592041015625;0.0013787841796875;5.37999998641681;539;100 mA;
58.9844208510787;0.450775146484375;0.00128173828125;5.38999998639156;540;100 mA;
58.9944208510534;0.45062255859375;0.0013201904296875;5.39999998636631;541;100 mA;
59.0044208510282;0.45062255859375;0.0013031005859375;5.40999998634106;542;100 mA;
59.0144208510029;0.450775146484375;0.0012384033203125;5.41999998631582;543;100 mA;
59.0244208509777;0.450592041015625;0.001375732421875;5.42999998629057;544;100 mA;
59.0344208509524;0.450592041015625;0.00132659912109375;5.43999998626532;545;100 mA;
59.0444208509272;0.45074462890625;0.00129547119140625;5.44999998624007;546;100 mA;
59.0544208509019;0.450775146484375;0.001370849609375;5.45999998621483;547;100 mA;
59.0644208508767;0.45074462890625;0.00124786376953125;5.46999998618958;548;100 mA;
59.0744208508514;0.4508056640625;0.0013092041015625;5.47999998616433;549;100 mA;
59.0844208508262;0.4508056640625;0.00132049560546875;5.48999998613908;550;100 mA;
59.0944208508009;0.450714111328125;0.001246337890625;5.49999998611383;551;100 mA;
59.1044208507757;0.45050048828125;0.00140655517578125;5.50999998608859;552;100 mA;
59.1144208507504;0.45068359375;0.00132415771484375;5.51999998606334;553;100 mA;
59.1244208507252;0.4505615234375;0.00134521484375;5.52999998603809;554;100 mA;
59.1344208506999;0.450592041015625;0.00140045166015625;5.53999998601284;555;100 mA;
59.1444208506747;0.450775146484375;0.0012811279296875;5.5499999859876;556;100 mA;
59.1544208506494;0.45062255859375;0.00134033203125;5.55999998596235;557;100 mA;
59.1644208506242;0.450531005859375;0.00132720947265625;5.5699999859371;558;100 mA;
59.1744208505989;0.45074462890625;0.00125732421875;5.57999998591185;559;100 mA;
59.1844208505737;0.450531005859375;0.001383056640625;5.58999998588661;560;100 mA;
59.1944208505485;0.4505615234375;0.00132080078125;5.59999998586136;561;100 mA;
59.2044208505232;0.45062255859375;0.001331787109375;5.60999998583611;562;100 mA;
59.214420850498;0.450775146484375;0.00140045166015625;5.61999998581086;563;100 mA;
59.2244208504727;0.45074462890625;0.00128997802734375;5.62999998578562;564;100 mA;
59.2344208504475;0.4508056640625;0.00135772705078125;5.63999998576037;565;100 mA;
59.2444208504222;0.45086669921875;0.0013372802734375;5.64999998573512;566;100 mA;
59.254420850397;0.45074462890625;0.00126129150390625;5.65999998570987;567;100 mA;
59.2644208503717;0.45050048828125;0.00141357421875;5.66999998568463;568;100 mA;
59.2744208503465;0.45062255859375;0.0013201904296875;5.67999998565938;569;100 mA;
59.2844208503212;0.4505615234375;0.00135223388671875;5.68999998563413;570;100 mA;
59.294420850296;0.4505615234375;0.001405029296875;5.69999998560888;571;100 mA;
59.3044208502707;0.450653076171875;0.00129180908203125;5.70999998558364;572;100 mA;
59.3144208502455;0.45068359375;0.00134857177734375;5.71999998555839;573;100 mA;
59.3244208502202;0.4505615234375;0.00135101318359375;5.72999998553314;574;100 mA;
59.334420850195;0.45062255859375;0.00127105712890625;5.73999998550789;575;100 mA;
59.3444208501697;0.4505615234375;0.0014447021484375;5.74999998548265;576;100 mA;
59.3544208501445;0.450592041015625;0.0013323974609375;5.7599999854574;577;100 mA;
59.3644208501192;0.450653076171875;0.00136444091796875;5.76999998543215;578;100 mA;
59.374420850094;0.45068359375;0.00138275146484375;5.7799999854069;579;100 mA;
59.3844208500688;0.450836181640625;0.00128753662109375;5.78999998538166;580;100 mA;
59.3944208500435;0.450714111328125;0.00136322021484375;5.79999998535641;581;100 mA;
59.4044208500183;0.450775146484375;0.0013519287109375;5.80999998533116;582;100 mA;
59.414420849993;0.450836181640625;0.00129180908203125;5.81999998530591;583;100 mA;
59.4244208499678;0.4505615234375;0.00142822265625;5.82999998528066;584;100 mA;
59.4344208499425;0.45068359375;0.0013427734375;5.83999998525542;585;100 mA;
59.4444208499173;0.450714111328125;0.001357421875;5.84999998523017;586;100 mA;
59.454420849892;0.45062255859375;0.00141845703125;5.85999998520492;587;100 mA;
59.4644208498668;0.450653076171875;0.0012677001953125;5.86999998517967;588;100 mA;
59.4744208498415;0.450714111328125;0.0013409423828125;5.87999998515443;589;100 mA;
59.4844208498163;0.4505615234375;0.00135498046875;5.88999998512918;590;100 mA;
59.494420849791;0.4505615234375;0.0012744140625;5.89999998510393;591;100 mA;
59.5044208497658;0.45050048828125;0.001424560546875;5.90999998507868;592;100 mA;
59.5144208497405;0.45062255859375;0.00131195068359375;5.91999998505344;593;100 mA;
59.5244208497153;0.45050048828125;0.00134307861328125;5.92999998502819;594;100 mA;
59.53442084969;0.45074462890625;0.00143798828125;5.93999998500294;595;100 mA;
59.5444208496648;0.450775146484375;0.001265869140625;5.94999998497769;596;100 mA;
59.5544208496395;0.450653076171875;0.00131561279296875;5.95999998495245;597;100 mA;
59.5644208496143;0.450714111328125;0.00131988525390625;5.9699999849272;598;100 mA;
59.574420849589;0.450836181640625;0.001253662109375;5.97999998490195;599;100 mA;
59.5844208495638;0.450531005859375;0.00139251708984375;5.9899999848767;600;100 mA;
59.5944208495386;0.45062255859375;0.00135345458984375;5.99999998485146;601;100 mA;
59.6044208495133;0.450714111328125;0.00129974365234375;6.00999998482621;602;100 mA;
59.6144208494881;0.45062255859375;0.00139068603515625;6.01999998480096;603;100 mA;
59.6244208494628;0.450653076171875;0.00128082275390625;6.02999998477571;604;100 mA;
59.6344208494376;0.450775146484375;0.001322021484375;6.03999998475047;605;100 mA;
59.6444208494123;0.450653076171875;0.0013287353515625;6.04999998472522;606;100 mA;
59.6544208493871;0.45050048828125;0.00125579833984375;6.05999998469997;607;100 mA;
59.6644208493618;0.450531005859375;0.00142303466796875;6.06999998467472;608;100 mA;
59.6744208493366;0.45062255859375;0.00128173828125;6.07999998464948;609;100 mA;
59.6844208493113;0.45050048828125;0.00134368896484375;6.08999998462423;610;100 mA;
59.6944208492861;0.45062255859375;0.00138153076171875;6.09999998459898;611;100 mA;
59.7044208492608;0.4508056640625;0.00133941650390625;6.10999998457373;612;100 mA;
59.7144208492356;0.450653076171875;0.00134674072265625;6.11999998454849;613;100 mA;
59.7244208492103;0.450714111328125;0.00134185791015625;6.12999998452324;614;100 mA;
59.7344208491851;0.45074462890625;0.0012677001953125;6.13999998449799;615;100 mA;
59.7444208491598;0.450531005859375;0.00142364501953125;6.14999998447274;616;100 mA;
59.7544208491346;0.45062255859375;0.0013140869140625;6.1599999844475;617;100 mA;
59.7644208491093;0.4508056640625;0.00133758544921875;6.16999998442225;618;100 mA;
59.7744208490841;0.45068359375;0.00141448974609375;6.179999984397;619;100 mA;
59.7844208490588;0.45068359375;0.0013043212890625;6.18999998437175;620;100 mA;
59.7944208490336;0.450775146484375;0.00133514404296875;6.1999999843465;621;100 mA;
59.8044208490084;0.45074462890625;0.00131561279296875;6.20999998432126;622;100 mA;
59.8144208489831;0.45062255859375;0.0012615966796875;6.21999998429601;623;100 mA;
59.8244208489579;0.450531005859375;0.00138702392578125;6.22999998427076;624;100 mA;
59.8344208489326;0.450653076171875;0.0013262939453125;6.23999998424551;625;100 mA;
59.8444208489074;0.450531005859375;0.0013580322265625;6.24999998422027;626;100 mA;
59.8544208488821;0.4505615234375;0.00160247802734375;6.25999998419502;627;100 mA;
59.8644208488569;0.450775146484375;0.001552734375;6.26999998416977;628;100 mA;
59.8744208488316;0.450592041015625;0.00147674560546875;6.27999998414452;629;100 mA;
59.8844208488064;0.45062255859375;0.001434326171875;6.28999998411928;630;100 mA;
59.8944208487811;0.4508056640625;0.001181640625;6.29999998409403;631;100 mA;
59.9044208487559;0.45062255859375;0.001348876953125;6.30999998406878;632;100 mA;
59.9144208487306;0.45068359375;0.0013232421875;6.31999998404353;633;100 mA;
59.9244208487054;0.45074462890625;0.00134613037109375;6.32999998401829;634;100 mA;
59.9344208486801;0.4508056640625;0.0014569091796875;6.33999998399304;635;100 mA;
59.9444208486549;0.45074462890625;0.00129974365234375;6.34999998396779;636;100 mA;
59.9544208486296;0.450836181640625;0.0013525390625;6.35999998394254;637;100 mA;
59.9644208486044;0.450836181640625;0.00135101318359375;6.3699999839173;638;100 mA;
59.9744208485791;0.450653076171875;0.00128326416015625;6.37999998389205;639;100 mA;
59.9844208485539;0.450531005859375;0.00145843505859375;6.3899999838668;640;100 mA;
59.9944208485286;0.450653076171875;0.00131927490234375;6.39999998384155;641;100 mA;
60.0044208485034;0.45062255859375;0.00134246826171875;6.40999998381631;642;100 mA;
60.0144208484782;0.450531005859375;0.001431884765625;6.41999998379106;643;100 mA;
60.0244208484529;0.450775146484375;0.00128936767578125;6.42999998376581;644;100 mA;
60.0344208484277;0.45068359375;0.00135284423828125;6.43999998374056;645;100 mA;
60.0444208484024;0.450592041015625;0.00144317626953125;6.44999998371532;646;100 mA;
60.0544208483772;0.45068359375;0.00124481201171875;6.45999998369007;647;100 mA;
60.0644208483519;0.4505615234375;0.00146087646484375;6.46999998366482;648;100 mA;
60.0744208483267;0.45062255859375;0.00139007568359375;6.47999998363957;649;100 mA;
60.0844208483014;0.45068359375;0.0013800048828125;6.48999998361433;650;100 mA;
60.0944208482762;0.450836181640625;0.00147247314453125;6.49999998358908;651;100 mA;
60.1044208482509;0.450775146484375;0.0012237548828125;6.50999998356383;652;100 mA;
60.1144208482257;0.4508056640625;0.00131195068359375;6.51999998353858;653;100 mA;
60.1244208482004;0.45074462890625;0.00133636474609375;6.52999998351333;654;100 mA;
60.1344208481752;0.45068359375;0.00124908447265625;6.53999998348809;655;100 mA;
60.1444208481499;0.45050048828125;0.0014208984375;6.54999998346284;656;100 mA;
60.1544208481247;0.450714111328125;0.00127105712890625;6.55999998343759;657;100 mA;
60.1644208480994;0.450653076171875;0.0013116455078125;6.56999998341234;658;100 mA;
60.1744208480742;0.4505615234375;0.0013818359375;6.5799999833871;659;100 mA;
60.1844208480489;0.45068359375;0.001265869140625;6.58999998336185;660;100 mA;
60.1944208480237;0.45068359375;0.00134246826171875;6.5999999833366;661;100 mA;
60.2044208479984;0.45062255859375;0.001298828125;6.60999998331135;662;100 mA;
60.2144208479732;0.450714111328125;0.0012109375;6.61999998328611;663;100 mA;
60.224420847948;0.4505615234375;0.00135162353515625;6.62999998326086;664;100 mA;
60.2344208479227;0.4505615234375;0.00129364013671875;6.63999998323561;665;100 mA;
60.2444208478975;0.450531005859375;0.00128387451171875;6.64999998321036;666;100 mA;
60.2544208478722;0.45074462890625;0.00132415771484375;6.65999998318512;667;100 mA;
60.264420847847;0.4508056640625;0.00124176025390625;6.66999998315987;668;100 mA;
60.2744208478217;0.450775146484375;0.0013238525390625;6.67999998313462;669;100 mA;
60.2844208477965;0.450775146484375;0.001251220703125;6.68999998310937;670;100 mA;
60.2944208477712;0.450714111328125;0.0012188720703125;6.69999998308413;671;100 mA;
60.304420847746;0.4505615234375;0.001395263671875;6.70999998305888;672;100 mA;
60.3144208477207;0.450714111328125;0.00127838134765625;6.71999998303363;673;100 mA;
60.3244208476955;0.450653076171875;0.001258544921875;6.72999998300838;674;100 mA;
60.3344208476702;0.4505615234375;0.00131866455078125;6.73999998298314;675;100 mA;
60.344420847645;0.45074462890625;0.001229248046875;6.74999998295789;676;100 mA;
60.3544208476197;0.450775146484375;0.00127288818359375;6.75999998293264;677;100 mA;
60.3644208475945;0.450592041015625;0.0012908935546875;6.76999998290739;678;100 mA;
60.3744208475692;0.450531005859375;0.00121734619140625;6.77999998288215;679;100 mA;
60.384420847544;0.450531005859375;0.0013482666015625;6.7899999828569;680;100 mA;
60.3944208475187;0.4505615234375;0.00127960205078125;6.79999998283165;681;100 mA;
60.4044208474935;0.450531005859375;0.00128326416015625;6.8099999828064;682;100 mA;
60.4144208474683;0.45068359375;0.001334228515625;6.81999998278116;683;100 mA;
60.424420847443;0.4508056640625;0.00120758056640625;6.82999998275591;684;100 mA;
60.4344208474178;0.450714111328125;0.00126678466796875;6.83999998273066;685;100 mA;
60.4444208473925;0.45068359375;0.00129119873046875;6.84999998270541;686;100 mA;
60.4544208473673;0.450775146484375;0.00122772216796875;6.85999998268016;687;100 mA;
60.464420847342;0.4505615234375;0.00128509521484375;6.86999998265492;688;100 mA;
60.4744208473168;0.45068359375;0.00124603271484375;6.87999998262967;689;100 mA;
60.4844208472915;0.450714111328125;0.00128753662109375;6.88999998260442;690;100 mA;
60.4944208472663;0.45068359375;0.0013153076171875;6.89999998257917;691;100 mA;
60.504420847241;0.45074462890625;0.0012115478515625;6.90999998255393;692;100 mA;
60.5144208472158;0.450714111328125;0.0012640380859375;6.91999998252868;693;100 mA;
60.5244208471905;0.450653076171875;0.00124847412109375;6.92999998250343;694;100 mA;
60.5344208471653;0.45050048828125;0.0011846923828125;6.93999998247818;695;100 mA;
60.54442084714;0.4505615234375;0.00132476806640625;6.94999998245294;696;100 mA;
60.5544208471148;0.450653076171875;0.00124481201171875;6.95999998242769;697;100 mA;
60.5644208470895;0.450531005859375;0.00124176025390625;6.96999998240244;698;100 mA;
60.5744208470643;0.450714111328125;0.00130096435546875;6.97999998237719;699;100 mA;
60.584420847039;0.4508056640625;0.0012298583984375;6.98999998235195;700;100 mA;
60.5944208470138;0.450653076171875;0.0012347412109375;6.9999999823267;701;100 mA;
60.6044208469885;0.45068359375;0.001259765625;7.00999998230145;702;100 mA;
60.6144208469633;0.45074462890625;0.00117523193359375;7.0199999822762;703;100 mA;
60.6244208469381;0.450592041015625;0.00136260986328125;7.02999998225096;704;100 mA;
60.6344208469128;0.45068359375;0.0012310791015625;7.03999998222571;705;100 mA;
60.6444208468876;0.45074462890625;0.00122894287109375;7.04999998220046;706;100 mA;
60.6544208468623;0.45074462890625;0.00124969482421875;7.05999998217521;707;100 mA;
60.6644208468371;0.45068359375;0.00121002197265625;7.06999998214997;708;100 mA;
60.6744208468118;0.450775146484375;0.00125396728515625;7.07999998212472;709;100 mA;
60.6844208467866;0.450714111328125;0.00125244140625;7.08999998209947;710;100 mA;
60.6944208467613;0.450592041015625;0.0011859130859375;7.09999998207422;711;100 mA;
60.7044208467361;0.45050048828125;0.001351318359375;7.10999998204898;712;100 mA;
60.7144208467108;0.45062255859375;0.0012933349609375;7.11999998202373;713;100 mA;
60.7244208466856;0.450469970703125;0.00123260498046875;7.12999998199848;714;100 mA;
60.7344208466603;0.4505615234375;0.0013739013671875;7.13999998197323;715;100 mA;
60.7444208466351;0.4508056640625;0.00118408203125;7.14999998194799;716;100 mA;
60.7544208466098;0.450653076171875;0.00124298095703125;7.15999998192274;717;100 mA;
60.7644208465846;0.45050048828125;0.00129241943359375;7.16999998189749;718;100 mA;
60.7744208465593;0.4508056640625;0.00119171142578125;7.17999998187224;719;100 mA;
60.7844208465341;0.450592041015625;0.0013250732421875;7.189999981847;720;100 mA;
60.7944208465088;0.450592041015625;0.00125152587890625;7.19999998182175;721;100 mA;
60.8044208464836;0.4508056640625;0.00125885009765625;7.2099999817965;722;100 mA;
60.8144208464583;0.45068359375;0.00133514404296875;7.21999998177125;723;100 mA;
60.8244208464331;0.4508056640625;0.0012109375;7.229999981746;724;100 mA;
60.8344208464079;0.4508056640625;0.0012957763671875;7.23999998172076;725;100 mA;
60.8444208463826;0.45074462890625;0.00127197265625;7.24999998169551;726;100 mA;
60.8544208463574;0.450653076171875;0.0012060546875;7.25999998167026;727;100 mA;
60.8644208463321;0.450439453125;0.0013531494140625;7.26999998164501;728;100 mA;
60.8744208463069;0.450653076171875;0.0013116455078125;7.27999998161977;729;100 mA;
60.8844208462816;0.45062255859375;0.0012603759765625;7.28999998159452;730;100 mA;
60.8944208462564;0.4505615234375;0.0013232421875;7.29999998156927;731;100 mA;
60.9044208462311;0.450714111328125;0.00121856689453125;7.30999998154402;732;100 mA;
60.9144208462059;0.45068359375;0.0012921142578125;7.31999998151878;733;100 mA;
60.9244208461806;0.450592041015625;0.0012884521484375;7.32999998149353;734;100 mA;
60.9344208461554;0.450653076171875;0.00123321533203125;7.33999998146828;735;100 mA;
60.9444208461301;0.45062255859375;0.0013470458984375;7.34999998144303;736;100 mA;
60.9544208461049;0.450653076171875;0.0012335205078125;7.35999998141779;737;100 mA;
60.9644208460796;0.45062255859375;0.0012738037109375;7.36999998139254;738;100 mA;
60.9744208460544;0.450775146484375;0.0013201904296875;7.37999998136729;739;100 mA;
60.9844208460291;0.45074462890625;0.0012017822265625;7.38999998134204;740;100 mA;
60.9944208460039;0.45074462890625;0.001279296875;7.3999999813168;741;100 mA;
61.0044208459786;0.4508056640625;0.0012567138671875;7.40999998129155;742;100 mA;
61.0144208459534;0.45068359375;0.001209716796875;7.4199999812663;743;100 mA;
61.0244208459281;0.450531005859375;0.00133575439453125;7.42999998124105;744;100 mA;
61.0344208459029;0.45074462890625;0.00125091552734375;7.43999998121581;745;100 mA;
61.0444208458777;0.450653076171875;0.00127960205078125;7.44999998119056;746;100 mA;
61.0544208458524;0.45050048828125;0.00136138916015625;7.45999998116531;747;100 mA;
61.0644208458272;0.450775146484375;0.001212158203125;7.46999998114006;748;100 mA;
61.0744208458019;0.450714111328125;0.0013079833984375;7.47999998111482;749;100 mA;
61.0844208457767;0.450592041015625;0.00124969482421875;7.48999998108957;750;100 mA;
61.0944208457514;0.450531005859375;0.00123626708984375;7.49999998106432;751;100 mA;
61.1044208457262;0.45062255859375;0.00134674072265625;7.50999998103907;752;100 mA;
61.1144208457009;0.450592041015625;0.00125701904296875;7.51999998101383;753;100 mA;
61.1244208456757;0.450592041015625;0.0012738037109375;7.52999998098858;754;100 mA;
61.1344208456504;0.450714111328125;0.00133270263671875;7.53999998096333;755;100 mA;
61.1444208456252;0.450897216796875;0.00120635986328125;7.54999998093808;756;100 mA;
61.1544208455999;0.45074462890625;0.0012548828125;7.55999998091283;757;100 mA;
61.1644208455747;0.450775146484375;0.00126220703125;7.56999998088759;758;100 mA;
61.1744208455494;0.450775146484375;0.001197509765625;7.57999998086234;759;100 mA;
61.1844208455242;0.450592041015625;0.0013214111328125;7.58999998083709;760;100 mA;
61.1944208454989;0.45074462890625;0.00122650146484375;7.59999998081184;761;100 mA;
61.2044208454737;0.45068359375;0.00124053955078125;7.6099999807866;762;100 mA;
61.2144208454484;0.4505615234375;0.00130126953125;7.61999998076135;763;100 mA;
61.2244208454232;0.45068359375;0.001192626953125;7.6299999807361;764;100 mA;
61.2344208453979;0.45068359375;0.00125518798828125;7.63999998071085;765;100 mA;
61.2444208453727;0.45062255859375;0.0012554931640625;7.64999998068561;766;100 mA;
61.2544208453475;0.450531005859375;0.00118804931640625;7.65999998066036;767;100 mA;
61.2644208453222;0.450469970703125;0.0013653564453125;7.66999998063511;768;100 mA;
61.274420845297;0.450592041015625;0.001226806640625;7.67999998060986;769;100 mA;
61.2844208452717;0.450469970703125;0.00126708984375;7.68999998058462;770;100 mA;
61.2944208452465;0.450653076171875;0.00131927490234375;7.69999998055937;771;100 mA;
61.3044208452212;0.45086669921875;0.0012066650390625;7.70999998053412;772;100 mA;
61.314420845196;0.4505615234375;0.00128326416015625;7.71999998050887;773;100 mA;
61.3244208451707;0.45074462890625;0.0012457275390625;7.72999998048363;774;100 mA;
61.3344208451455;0.45086669921875;0.00118438720703125;7.73999998045838;775;100 mA;
61.3444208451202;0.450592041015625;0.00132965087890625;7.74999998043313;776;100 mA;
61.354420845095;0.45068359375;0.0012548828125;7.75999998040788;777;100 mA;
61.3644208450697;0.450775146484375;0.0012548828125;7.76999998038264;778;100 mA;
61.3744208450445;0.450714111328125;0.00130828857421875;7.77999998035739;779;100 mA;
61.3844208450192;0.450775146484375;0.00118743896484375;7.78999998033214;780;100 mA;
61.394420844994;0.4508056640625;0.00126617431640625;7.79999998030689;781;100 mA;
61.4044208449687;0.45062255859375;0.0012286376953125;7.80999998028165;782;100 mA;
61.4144208449435;0.4505615234375;0.0012060546875;7.8199999802564;783;100 mA;
61.4244208449182;0.45050048828125;0.0013275146484375;7.82999998023115;784;100 mA;
61.434420844893;0.450592041015625;0.001240234375;7.8399999802059;785;100 mA;
61.4444208448678;0.45050048828125;0.0012664794921875;7.84999998018066;786;100 mA;
61.4544208448425;0.450653076171875;0.00131439208984375;7.85999998015541;787;100 mA;
61.4644208448173;0.45074462890625;0.0012078857421875;7.86999998013016;788;100 mA;
61.474420844792;0.45062255859375;0.00131072998046875;7.87999998010491;789;100 mA;
61.4844208447668;0.450653076171875;0.00125701904296875;7.88999998007966;790;100 mA;
61.4944208447415;0.45074462890625;0.001202392578125;7.89999998005442;791;100 mA;
61.5044208447163;0.450531005859375;0.001336669921875;7.90999998002917;792;100 mA;
61.514420844691;0.450653076171875;0.001240234375;7.91999998000392;793;100 mA;
61.5244208446658;0.4508056640625;0.00127777099609375;7.92999997997867;794;100 mA;
61.5344208446405;0.45074462890625;0.00134307861328125;7.93999997995343;795;100 mA;
61.5444208446153;0.45068359375;0.0012255859375;7.94999997992818;796;100 mA;
61.55442084459;0.4508056640625;0.00130828857421875;7.95999997990293;797;100 mA;
61.5644208445648;0.45074462890625;0.00125213623046875;7.96999997987768;798;100 mA;
61.5744208445395;0.450592041015625;0.0012054443359375;7.97999997985244;799;100 mA;
61.5844208445143;0.450531005859375;0.00139862060546875;7.98999997982719;800;100 mA;
61.594420844489;0.45068359375;0.00123443603515625;7.99999997980194;801;100 mA;
61.6044208444638;0.45050048828125;0.00128143310546875;8.00999997977669;802;100 mA;
61.6144208444385;0.450592041015625;0.00135955810546875;8.01999997975145;803;100 mA;
61.6244208444133;0.450714111328125;0.001226806640625;8.0299999797262;804;100 mA;
61.634420844388;0.45062255859375;0.0012646484375;8.03999997970095;805;100 mA;
61.6444208443628;0.45062255859375;0.00129150390625;8.0499999796757;806;100 mA;
61.6544208443376;0.45062255859375;0.0012139892578125;8.05999997965046;807;100 mA;
61.6644208443123;0.45050048828125;0.0013787841796875;8.06999997962521;808;100 mA;
61.6744208442871;0.450592041015625;0.0013104248046875;8.07999997959996;809;100 mA;
61.6844208442618;0.45074462890625;0.00122894287109375;8.08999997957471;810;100 mA;
61.6944208442366;0.4508056640625;0.00136383056640625;8.09999997954947;811;100 mA;
61.7044208442113;0.45068359375;0.0012628173828125;8.10999997952422;812;100 mA;
61.7144208441861;0.45074462890625;0.0012725830078125;8.11999997949897;813;100 mA;
61.7244208441608;0.4508056640625;0.00128143310546875;8.12999997947372;814;100 mA;
61.7344208441356;0.450714111328125;0.001182861328125;8.13999997944848;815;100 mA;
61.7444208441103;0.45050048828125;0.001348876953125;8.14999997942323;816;100 mA;
61.7544208440851;0.450653076171875;0.00125244140625;8.15999997939798;817;100 mA;
61.7644208440598;0.45062255859375;0.0012335205078125;8.16999997937273;818;100 mA;
61.7744208440346;0.45062255859375;0.001312255859375;8.17999997934749;819;100 mA;
61.7844208440093;0.450592041015625;0.001177978515625;8.18999997932224;820;100 mA;
61.7944208439841;0.450714111328125;0.0012579345703125;8.19999997929699;821;100 mA;
61.8044208439588;0.4505615234375;0.0012542724609375;8.20999997927174;822;100 mA;
61.8144208439336;0.4505615234375;0.00115966796875;8.2199999792465;823;100 mA;
61.8244208439083;0.450531005859375;0.0013165283203125;8.22999997922125;824;100 mA;
61.8344208438831;0.4505615234375;0.0012158203125;8.239999979196;825;100 mA;
61.8444208438578;0.450653076171875;0.00122955322265625;8.24999997917075;826;100 mA;
61.8544208438326;0.45074462890625;0.00129547119140625;8.2599999791455;827;100 mA;
61.8644208438074;0.45074462890625;0.0011700439453125;8.26999997912026;828;100 mA;
61.8744208437821;0.450714111328125;0.00126190185546875;8.27999997909501;829;100 mA;
61.8844208437569;0.4508056640625;0.00124053955078125;8.28999997906976;830;100 mA;
61.8944208437316;0.450775146484375;0.00117340087890625;8.29999997904451;831;100 mA;
61.9044208437064;0.450531005859375;0.00130218505859375;8.30999997901927;832;100 mA;
61.9144208436811;0.45068359375;0.0012042236328125;8.31999997899402;833;100 mA;
61.9244208436559;0.450653076171875;0.0012298583984375;8.32999997896877;834;100 mA;
61.9344208436306;0.450653076171875;0.0012646484375;8.33999997894352;835;100 mA;
61.9444208436054;0.450714111328125;0.0011865234375;8.34999997891828;836;100 mA;
61.9544208435801;0.450714111328125;0.001226806640625;8.35999997889303;837;100 mA;
61.9644208435549;0.4505615234375;0.0012152099609375;8.36999997886778;838;100 mA;
61.9744208435296;0.450592041015625;0.00115234375;8.37999997884253;839;100 mA;
61.9844208435044;0.450531005859375;0.00130615234375;8.38999997881729;840;100 mA;
61.9944208434791;0.450592041015625;0.0012286376953125;8.39999997879204;841;100 mA;
62.0044208434539;0.4505615234375;0.001221923828125;8.40999997876679;842;100 mA;
62.0144208434286;0.45068359375;0.0012786865234375;8.41999997874154;843;100 mA;
62.0244208434034;0.4508056640625;0.0012408447265625;8.4299999787163;844;100 mA;
62.0344208433781;0.45068359375;0.00123931884765625;8.43999997869105;845;100 mA;
62.0444208433529;0.45074462890625;0.00125946044921875;8.4499999786658;846;100 mA;
62.0544208433276;0.4508056640625;0.00117523193359375;8.45999997864055;847;100 mA;
62.0644208433024;0.450531005859375;0.001341552734375;8.46999997861531;848;100 mA;
62.0744208432772;0.450653076171875;0.00130035400390625;8.47999997859006;849;100 mA;
62.0844208432519;0.450714111328125;0.001226806640625;8.48999997856481;850;100 mA;
62.0944208432267;0.45068359375;0.0013360595703125;8.49999997853956;851;100 mA;
62.1044208432014;0.450653076171875;0.001219482421875;8.50999997851432;852;100 mA;
62.1144208431762;0.450775146484375;0.0012396240234375;8.51999997848907;853;100 mA;
62.1244208431509;0.45062255859375;0.00125274658203125;8.52999997846382;854;100 mA;
62.1344208431257;0.45062255859375;0.0011810302734375;8.53999997843857;855;100 mA;
62.1444208431004;0.450469970703125;0.00132843017578125;8.54999997841333;856;100 mA;
62.1544208430752;0.450653076171875;0.0013006591796875;8.55999997838808;857;100 mA;
62.1644208430499;0.45062255859375;0.00121307373046875;8.56999997836283;858;100 mA;
62.1744208430247;0.450592041015625;0.0013189697265625;8.57999997833758;859;100 mA;
62.1844208429994;0.450836181640625;0.00118988037109375;8.58999997831233;860;100 mA;
62.1944208429742;0.45062255859375;0.00124237060546875;8.59999997828709;861;100 mA;
62.2044208429489;0.450653076171875;0.001290283203125;8.60999997826184;862;100 mA;
62.2144208429237;0.450836181640625;0.001160888671875;8.61999997823659;863;100 mA;
62.2244208428984;0.4505615234375;0.0013250732421875;8.62999997821134;864;100 mA;
62.2344208428732;0.450653076171875;0.0012274169921875;8.6399999781861;865;100 mA;
62.2444208428479;0.450775146484375;0.001246337890625;8.64999997816085;866;100 mA;
62.2544208428227;0.45074462890625;0.001302490234375;8.6599999781356;867;100 mA;
62.2644208427974;0.450714111328125;0.00119232177734375;8.66999997811035;868;100 mA;
62.2744208427722;0.4508056640625;0.00129486083984375;8.67999997808511;869;100 mA;
62.284420842747;0.45074462890625;0.00123382568359375;8.68999997805986;870;100 mA;
62.2944208427217;0.450653076171875;0.00119720458984375;8.69999997803461;871;100 mA;
62.3044208426965;0.45050048828125;0.00136962890625;8.70999997800936;872;100 mA;
62.3144208426712;0.45074462890625;0.0012701416015625;8.71999997798412;873;100 mA;
62.324420842646;0.4505615234375;0.0013043212890625;8.72999997795887;874;100 mA;
62.3344208426207;0.450531005859375;0.00126373291015625;8.73999997793362;875;100 mA;
62.3444208425955;0.4508056640625;0.00118255615234375;8.74999997790837;876;100 mA;
62.3544208425702;0.450653076171875;0.00125946044921875;8.75999997788313;877;100 mA;
62.364420842545;0.450592041015625;0.00124481201171875;8.76999997785788;878;100 mA;
62.3744208425197;0.450653076171875;0.00116455078125;8.77999997783263;879;100 mA;
62.3844208424945;0.450592041015625;0.00129913330078125;8.78999997780738;880;100 mA;
62.3944208424692;0.45062255859375;0.00121673583984375;8.79999997778214;881;100 mA;
62.404420842444;0.450714111328125;0.0012677001953125;8.80999997775689;882;100 mA;
62.4144208424187;0.450775146484375;0.0012860107421875;8.81999997773164;883;100 mA;
62.4244208423935;0.450775146484375;0.00121307373046875;8.82999997770639;884;100 mA;
62.4344208423682;0.450775146484375;0.00127777099609375;8.83999997768115;885;100 mA;
62.444420842343;0.45074462890625;0.00127777099609375;8.8499999776559;886;100 mA;
62.4544208423177;0.45074462890625;0.00121337890625;8.85999997763065;887;100 mA;
62.4644208422925;0.45050048828125;0.00137969970703125;8.8699999776054;888;100 mA;
62.4744208422673;0.45074462890625;0.00129241943359375;8.87999997758016;889;100 mA;
62.484420842242;0.4505615234375;0.00127349853515625;8.88999997755491;890;100 mA;
62.4944208422168;0.4505615234375;0.00133453369140625;8.89999997752966;891;100 mA;
62.5044208421915;0.45074462890625;0.00128753662109375;8.90999997750441;892;100 mA;
62.5144208421663;0.450653076171875;0.00127532958984375;8.91999997747916;893;100 mA;
62.524420842141;0.4505615234375;0.00129852294921875;8.92999997745392;894;100 mA;
62.5344208421158;0.45062255859375;0.0012255859375;8.93999997742867;895;100 mA;
62.5444208420905;0.4505615234375;0.00137054443359375;8.94999997740342;896;100 mA;
62.5544208420653;0.4505615234375;0.001260986328125;8.95999997737817;897;100 mA;
62.56442084204;0.45062255859375;0.001285400390625;8.96999997735293;898;100 mA;
62.5744208420148;0.4508056640625;0.00133514404296875;8.97999997732768;899;100 mA;
62.5844208419895;0.4508056640625;0.0012542724609375;8.98999997730243;900;100 mA;
62.5944208419643;0.45074462890625;0.001278076171875;8.99999997727718;901;100 mA;
62.604420841939;0.450775146484375;0.0013037109375;9.00999997725194;902;100 mA;
62.6144208419138;0.450714111328125;0.001209716796875;9.01999997722669;903;100 mA;
62.6244208418885;0.450531005859375;0.001348876953125;9.02999997720144;904;100 mA;
62.6344208418633;0.45074462890625;0.0013330078125;9.03999997717619;905;100 mA;
62.644420841838;0.45068359375;0.00130615234375;9.04999997715095;906;100 mA;
62.6544208418128;0.450653076171875;0.0013525390625;9.0599999771257;907;100 mA;
62.6644208417875;0.4508056640625;0.00121185302734375;9.06999997710045;908;100 mA;
62.6744208417623;0.45068359375;0.00130462646484375;9.0799999770752;909;100 mA;
62.6844208417371;0.450531005859375;0.0013006591796875;9.08999997704996;910;100 mA;
62.6944208417118;0.450592041015625;0.00125274658203125;9.09999997702471;911;100 mA;
62.7044208416866;0.450592041015625;0.00135498046875;9.10999997699946;912;100 mA;
62.7144208416613;0.45068359375;0.00128448486328125;9.11999997697421;913;100 mA;
62.7244208416361;0.4505615234375;0.001297607421875;9.12999997694897;914;100 mA;
62.7344208416108;0.45068359375;0.001361083984375;9.13999997692372;915;100 mA;
62.7444208415856;0.45086669921875;0.00124176025390625;9.14999997689847;916;100 mA;
62.7544208415603;0.45062255859375;0.0013067626953125;9.15999997687322;917;100 mA;
62.7644208415351;0.450775146484375;0.00127960205078125;9.16999997684798;918;100 mA;
62.7744208415098;0.4508056640625;0.001236572265625;9.17999997682273;919;100 mA;
62.7844208414846;0.45050048828125;0.00134613037109375;9.18999997679748;920;100 mA;
62.7944208414593;0.45068359375;0.00127105712890625;9.19999997677223;921;100 mA;
62.8044208414341;0.4508056640625;0.00128082275390625;9.20999997674699;922;100 mA;
62.8144208414088;0.45074462890625;0.00130706787109375;9.21999997672174;923;100 mA;
62.8244208413836;0.450775146484375;0.00122344970703125;9.22999997669649;924;100 mA;
62.8344208413583;0.450775146484375;0.00127899169921875;9.23999997667124;925;100 mA;
62.8444208413331;0.450653076171875;0.001290283203125;9.249999976646;926;100 mA;
62.8544208413078;0.450592041015625;0.00123077392578125;9.25999997662075;927;100 mA;
62.8644208412826;0.450531005859375;0.00135009765625;9.2699999765955;928;100 mA;
62.8744208412573;0.45062255859375;0.00125701904296875;9.27999997657025;929;100 mA;
62.8844208412321;0.450469970703125;0.0012774658203125;9.289999976545;930;100 mA;
62.8944208412069;0.450653076171875;0.00131439208984375;9.29999997651976;931;100 mA;
62.9044208411816;0.450836181640625;0.00125213623046875;9.30999997649451;932;100 mA;
62.9144208411564;0.45062255859375;0.0012689208984375;9.31999997646926;933;100 mA;
62.9244208411311;0.450592041015625;0.001282958984375;9.32999997644401;934;100 mA;
62.9344208411059;0.45068359375;0.00123382568359375;9.33999997641877;935;100 mA;
62.9444208410806;0.45050048828125;0.00141387939453125;9.34999997639352;936;100 mA;
62.9544208410554;0.45068359375;0.00123016357421875;9.35999997636827;937;100 mA;
62.9644208410301;0.450775146484375;0.0012982177734375;9.36999997634302;938;100 mA;
62.9744208410049;0.4508056640625;0.00128173828125;9.37999997631778;939;100 mA;
62.9844208409796;0.45074462890625;0.0012030029296875;9.38999997629253;940;100 mA;
62.9944208409544;0.450836181640625;0.00127044677734375;9.39999997626728;941;100 mA;
63.0044208409291;0.450775146484375;0.00125640869140625;9.40999997624203;942;100 mA;
63.0144208409039;0.450592041015625;0.00123077392578125;9.41999997621679;943;100 mA;
63.0244208408786;0.450531005859375;0.001312255859375;9.42999997619154;944;100 mA;
63.0344208408534;0.45068359375;0.00122100830078125;9.43999997616629;945;100 mA;
63.0444208408281;0.45050048828125;0.00126953125;9.44999997614104;946;100 mA;
63.0544208408029;0.450531005859375;0.00130096435546875;9.4599999761158;947;100 mA;
63.0644208407776;0.45074462890625;0.0012109375;9.46999997609055;948;100 mA;
63.0744208407524;0.45068359375;0.0012725830078125;9.4799999760653;949;100 mA;
63.0844208407271;0.450531005859375;0.00125762939453125;9.48999997604005;950;100 mA;
63.0944208407019;0.45068359375;0.00119873046875;9.49999997601481;951;100 mA;
63.1044208406767;0.450592041015625;0.00129974365234375;9.50999997598956;952;100 mA;
63.1144208406514;0.45062255859375;0.00124053955078125;9.51999997596431;953;100 mA;
63.1244208406262;0.450714111328125;0.001259765625;9.52999997593906;954;100 mA;
63.1344208406009;0.4508056640625;0.00133392333984375;9.53999997591382;955;100 mA;
63.1444208405757;0.4508056640625;0.001151123046875;9.54999997588857;956;100 mA;
63.1544208405504;0.45074462890625;0.00126007080078125;9.55999997586332;957;100 mA;
63.1644208405252;0.450836181640625;0.001226806640625;9.56999997583807;958;100 mA;
63.1744208404999;0.45074462890625;0.00112396240234375;9.57999997581283;959;100 mA;
63.1844208404747;0.450469970703125;0.00125640869140625;9.58999997578758;960;100 mA;
63.1944208404494;0.45068359375;0.0012139892578125;9.59999997576233;961;100 mA;
63.2044208404242;0.45068359375;0.00119964599609375;9.60999997573708;962;100 mA;
63.2144208403989;0.45062255859375;0.00129608154296875;9.61999997571183;963;100 mA;
63.2244208403737;0.450714111328125;0.00117828369140625;9.62999997568659;964;100 mA;
63.2344208403484;0.450714111328125;0.00123931884765625;9.63999997566134;965;100 mA;
63.2444208403232;0.450531005859375;0.001273193359375;9.64999997563609;966;100 mA;
63.2544208402979;0.450592041015625;0.001173095703125;9.65999997561084;967;100 mA;
63.2644208402727;0.45062255859375;0.0013232421875;9.6699999755856;968;100 mA;
63.2744208402474;0.450653076171875;0.00123443603515625;9.67999997556035;969;100 mA;
63.2844208402222;0.4505615234375;0.0012213134765625;9.6899999755351;970;100 mA;
63.2944208401969;0.450775146484375;0.00128753662109375;9.69999997550985;971;100 mA;
63.3044208401717;0.4508056640625;0.00117523193359375;9.70999997548461;972;100 mA;
63.3144208401465;0.450775146484375;0.0012506103515625;9.71999997545936;973;100 mA;
63.3244208401212;0.45074462890625;0.00125091552734375;9.72999997543411;974;100 mA;
63.334420840096;0.4508056640625;0.0011920166015625;9.73999997540886;975;100 mA;
63.3444208400707;0.450531005859375;0.0013726806640625;9.74999997538362;976;100 mA;
63.3544208400455;0.45068359375;0.001234130859375;9.75999997535837;977;100 mA;
63.3644208400202;0.450714111328125;0.0012701416015625;9.76999997533312;978;100 mA;
63.374420839995;0.450714111328125;0.0013922119140625;9.77999997530787;979;100 mA;
63.3844208399697;0.450714111328125;0.00111083984375;9.78999997528263;980;100 mA;
63.3944208399445;0.45074462890625;0.00123931884765625;9.79999997525738;981;100 mA;
63.4044208399192;0.45062255859375;0.00121490478515625;9.80999997523213;982;100 mA;
63.414420839894;0.4505615234375;0.00125457763671875;9.81999997520688;983;100 mA;
63.4244208398687;0.450531005859375;0.0012957763671875;9.82999997518164;984;100 mA;
63.4344208398435;0.45062255859375;0.00127105712890625;9.83999997515639;985;100 mA;
63.4444208398182;0.45050048828125;0.00134002685546875;9.84999997513114;986;100 mA;
63.454420839793;0.450714111328125;0.001365966796875;9.85999997510589;987;100 mA;
63.4644208397677;0.450897216796875;0.001141357421875;9.86999997508065;988;100 mA;
63.4744208397425;0.4505615234375;0.0012286376953125;9.8799999750554;989;100 mA;
63.4844208397172;0.45068359375;0.001217041015625;9.88999997503015;990;100 mA;
63.494420839692;0.450775146484375;0.0012384033203125;9.8999999750049;991;100 mA;
63.5044208396667;0.45062255859375;0.00129974365234375;9.90999997497966;992;100 mA;
63.5144208396415;0.450714111328125;0.00124176025390625;9.91999997495441;993;100 mA;
63.5244208396163;0.4508056640625;0.00126678466796875;9.92999997492916;994;100 mA;
63.534420839591;0.450836181640625;0.001298828125;9.93999997490391;995;100 mA;
63.5444208395658;0.450714111328125;0.00122344970703125;9.94999997487866;996;100 mA;
63.5544208395405;0.450775146484375;0.0013726806640625;9.95999997485342;997;100 mA;
63.5644208395153;0.450714111328125;0.00136566162109375;9.96999997482817;998;100 mA;
63.57442083949;0.450592041015625;0.001170654296875;9.97999997480292;999;100 mA;
63.5844208394648;0.450531005859375;0.0013555908203125;9.98999997477767;1000;100 mA;
63.5944208394395;0.450714111328125;0.00119598388671875;9.99999997475243;1001;100 mA;
63.6044208394143;0.450531005859375;0.00124359130859375;10.0099999747272;1002;100 mA;
63.614420839389;0.45068359375;0.00128265380859375;10.0199999747019;1003;100 mA;
63.6244208393638;0.45074462890625;0.00128570556640625;10.0299999746767;1004;100 mA;
63.6344208393385;0.45062255859375;0.001240234375;10.0399999746514;1005;100 mA;
63.6444208393133;0.45062255859375;0.00127655029296875;10.0499999746262;1006;100 mA;
63.654420839288;0.45068359375;0.001199951171875;10.0599999746009;1007;100 mA;
63.6644208392628;0.4505615234375;0.0014178466796875;10.0699999745757;1008;100 mA;
63.6744208392375;0.450653076171875;0.0012017822265625;10.0799999745504;1009;100 mA;
63.6844208392123;0.450775146484375;0.0012335205078125;10.0899999745252;1010;100 mA;
63.694420839187;0.450775146484375;0.001270751953125;10.0999999745;1011;100 mA;
63.7044208391618;0.450775146484375;0.00121429443359375;10.1099999744747;1012;100 mA;
63.7144208391366;0.450775146484375;0.001241455078125;10.1199999744495;1013;100 mA;
63.7244208391113;0.450775146484375;0.00124664306640625;10.1299999744242;1014;100 mA;
63.7344208390861;0.45068359375;0.0011737060546875;10.139999974399;1015;100 mA;
63.7444208390608;0.45050048828125;0.00132537841796875;10.1499999743737;1016;100 mA;
63.7544208390356;0.450714111328125;0.00121612548828125;10.1599999743485;1017;100 mA;
63.7644208390103;0.4505615234375;0.00123504638671875;10.1699999743232;1018;100 mA;
63.7744208389851;0.450592041015625;0.00140228271484375;10.179999974298;1019;100 mA;
63.7844208389598;0.45074462890625;0.00114288330078125;10.1899999742727;1020;100 mA;
63.7944208389346;0.450592041015625;0.00123779296875;10.1999999742475;1021;100 mA;
63.8044208389093;0.450531005859375;0.00125823974609375;10.2099999742222;1022;100 mA;
63.8144208388841;0.45062255859375;0.0012060546875;10.219999974197;1023;100 mA;
63.8244208388588;0.4505615234375;0.00133636474609375;10.2299999741717;1024;100 mA;
63.8344208388336;0.4505615234375;0.0012567138671875;10.2399999741465;1025;100 mA;
63.8444208388083;0.450592041015625;0.0012744140625;10.2499999741212;1026;100 mA;
63.8544208387831;0.450714111328125;0.00134246826171875;10.259999974096;1027;100 mA;
63.8644208387578;0.450775146484375;0.00123321533203125;10.2699999740707;1028;100 mA;
63.8744208387326;0.45074462890625;0.00140899658203125;10.2799999740455;1029;100 mA;
63.8844208387073;0.450775146484375;0.0012841796875;10.2899999740202;1030;100 mA;
63.8944208386821;0.45068359375;0.00120758056640625;10.299999973995;1031;100 mA;
63.9044208386568;0.45050048828125;0.00134552001953125;10.3099999739698;1032;100 mA;
63.9144208386316;0.45074462890625;0.00126312255859375;10.3199999739445;1033;100 mA;
63.9244208386064;0.450653076171875;0.00128448486328125;10.3299999739193;1034;100 mA;
63.9344208385811;0.450653076171875;0.001304931640625;10.339999973894;1035;100 mA;
63.9444208385559;0.450775146484375;0.00121856689453125;10.3499999738688;1036;100 mA;
63.9544208385306;0.4508056640625;0.00133514404296875;10.3599999738435;1037;100 mA;
63.9644208385054;0.4505615234375;0.00123748779296875;10.3699999738183;1038;100 mA;
63.9744208384801;0.45062255859375;0.00119903564453125;10.379999973793;1039;100 mA;
63.9844208384549;0.45050048828125;0.0014154052734375;10.3899999737678;1040;100 mA;
63.9944208384296;0.450531005859375;0.00117706298828125;10.3999999737425;1041;100 mA;
64.0044208384044;0.450531005859375;0.00123931884765625;10.4099999737173;1042;100 mA;
64.0144208383791;0.45068359375;0.00128387451171875;10.419999973692;1043;100 mA;
64.0244208383539;0.4508056640625;0.0011956787109375;10.4299999736668;1044;100 mA;
64.0344208383286;0.45068359375;0.00126251220703125;10.4399999736415;1045;100 mA;
64.0444208383034;0.450653076171875;0.001265869140625;10.4499999736163;1046;100 mA;
64.0544208382781;0.4508056640625;0.00120513916015625;10.459999973591;1047;100 mA;
64.0644208382529;0.450439453125;0.00133148193359375;10.4699999735658;1048;100 mA;
64.0744208382276;0.450714111328125;0.00123016357421875;10.4799999735405;1049;100 mA;
64.0844208382024;0.45074462890625;0.00125762939453125;10.4899999735153;1050;100 mA;
64.0944208381771;0.45074462890625;0.0013299560546875;10.49999997349;1051;100 mA;
64.1044208381519;0.450714111328125;0.001163330078125;10.5099999734648;1052;100 mA;
64.1144208381266;0.45068359375;0.00126922607421875;10.5199999734396;1053;100 mA;
64.1244208381014;0.45062255859375;0.001307373046875;10.5299999734143;1054;100 mA;
64.1344208380762;0.450531005859375;0.001158447265625;10.5399999733891;1055;100 mA;
64.1444208380509;0.450592041015625;0.0013018798828125;10.5499999733638;1056;100 mA;
64.1544208380257;0.45062255859375;0.00119293212890625;10.5599999733386;1057;100 mA;
64.1644208380004;0.450592041015625;0.00121124267578125;10.5699999733133;1058;100 mA;
64.1744208379752;0.45068359375;0.00129730224609375;10.5799999732881;1059;100 mA;
64.1844208379499;0.450775146484375;0.0012249755859375;10.5899999732628;1060;100 mA;
64.1944208379247;0.45068359375;0.00119140625;10.5999999732376;1061;100 mA;
64.2044208378994;0.45068359375;0.001220703125;10.6099999732123;1062;100 mA;
64.2144208378742;0.45068359375;0.00117095947265625;10.6199999731871;1063;100 mA;
64.2244208378489;0.45050048828125;0.0012933349609375;10.6299999731618;1064;100 mA;
64.2344208378237;0.450714111328125;0.00122222900390625;10.6399999731366;1065;100 mA;
64.2444208377984;0.450653076171875;0.00121978759765625;10.6499999731113;1066;100 mA;
64.2544208377732;0.45062255859375;0.0012896728515625;10.6599999730861;1067;100 mA;
64.2644208377479;0.45074462890625;0.00117767333984375;10.6699999730608;1068;100 mA;
64.2744208377227;0.45062255859375;0.0012353515625;10.6799999730356;1069;100 mA;
64.2844208376974;0.4505615234375;0.00127838134765625;10.6899999730103;1070;100 mA;
64.2944208376722;0.45068359375;0.00115447998046875;10.6999999729851;1071;100 mA;
64.3044208376469;0.4505615234375;0.0013018798828125;10.7099999729598;1072;100 mA;
64.3144208376217;0.450592041015625;0.0012255859375;10.7199999729346;1073;100 mA;
64.3244208375964;0.45068359375;0.00123199462890625;10.7299999729094;1074;100 mA;
64.3344208375712;0.4508056640625;0.0012664794921875;10.7399999728841;1075;100 mA;
64.344420837546;0.4508056640625;0.001185302734375;10.7499999728589;1076;100 mA;
64.3544208375207;0.45074462890625;0.00124420166015625;10.7599999728336;1077;100 mA;
64.3644208374955;0.450775146484375;0.00123016357421875;10.7699999728084;1078;100 mA;
64.3744208374702;0.450653076171875;0.00119232177734375;10.7799999727831;1079;100 mA;
64.384420837445;0.4505615234375;0.001300048828125;10.7899999727579;1080;100 mA;
64.3944208374197;0.450714111328125;0.00122161865234375;10.7999999727326;1081;100 mA;
64.4044208373945;0.4505615234375;0.00125823974609375;10.8099999727074;1082;100 mA;
64.4144208373692;0.4505615234375;0.00131256103515625;10.8199999726821;1083;100 mA;
64.424420837344;0.450775146484375;0.00119873046875;10.8299999726569;1084;100 mA;
64.4344208373187;0.450592041015625;0.00127777099609375;10.8399999726316;1085;100 mA;
64.4444208372935;0.450653076171875;0.00130035400390625;10.8499999726064;1086;100 mA;
64.4544208372682;0.4508056640625;0.00118743896484375;10.8599999725811;1087;100 mA;
64.464420837243;0.4505615234375;0.001328125;10.8699999725559;1088;100 mA;
64.4744208372177;0.450653076171875;0.0012506103515625;10.8799999725306;1089;100 mA;
64.4844208371925;0.45074462890625;0.0012335205078125;10.8899999725054;1090;100 mA;
64.4944208371672;0.450775146484375;0.001270751953125;10.8999999724801;1091;100 mA;
64.504420837142;0.45074462890625;0.00117523193359375;10.9099999724549;1092;100 mA;
64.5144208371167;0.4508056640625;0.00124755859375;10.9199999724297;1093;100 mA;
64.5244208370915;0.450775146484375;0.001234130859375;10.9299999724044;1094;100 mA;
64.5344208370662;0.45062255859375;0.00122283935546875;10.9399999723792;1095;100 mA;
64.544420837041;0.450592041015625;0.00130767822265625;10.9499999723539;1096;100 mA;
64.5544208370158;0.4505615234375;0.00124908447265625;10.9599999723287;1097;100 mA;
64.5644208369905;0.45050048828125;0.0012548828125;10.9699999723034;1098;100 mA;
64.5744208369653;0.45062255859375;0.0013189697265625;10.9799999722782;1099;100 mA;
64.58442083694;0.450836181640625;0.0011273193359375;10.9899999722529;1100;100 mA;
64.5944208369148;0.45062255859375;0.0012078857421875;10.9999999722277;1101;100 mA;
64.6044208368895;0.450653076171875;0.00122039794921875;11.0099999722024;1102;100 mA;
64.6144208368643;0.4508056640625;0.00122283935546875;11.0199999721772;1103;100 mA;
64.624420836839;0.45050048828125;0.00126861572265625;11.0299999721519;1104;100 mA;
64.6344208368138;0.45068359375;0.0012054443359375;11.0399999721267;1105;100 mA;
64.6444208367885;0.45074462890625;0.0012310791015625;11.0499999721014;1106;100 mA;
64.6544208367633;0.450653076171875;0.00128326416015625;11.0599999720762;1107;100 mA;
64.664420836738;0.450653076171875;0.0011907958984375;11.0699999720509;1108;100 mA;
64.6744208367128;0.45062255859375;0.00124847412109375;11.0799999720257;1109;100 mA;
64.6844208366875;0.45068359375;0.0012628173828125;11.0899999720004;1110;100 mA;
64.6944208366623;0.450592041015625;0.001182861328125;11.0999999719752;1111;100 mA;
64.704420836637;0.4505615234375;0.00128509521484375;11.1099999719499;1112;100 mA;
64.7144208366118;0.450592041015625;0.0012188720703125;11.1199999719247;1113;100 mA;
64.7244208365865;0.4505615234375;0.00124053955078125;11.1299999718995;1114;100 mA;
64.7344208365613;0.450775146484375;0.00126800537109375;11.1399999718742;1115;100 mA;
64.7444208365361;0.4508056640625;0.001224365234375;11.149999971849;1116;100 mA;
64.7544208365108;0.450653076171875;0.00125823974609375;11.1599999718237;1117;100 mA;
64.7644208364856;0.450714111328125;0.00128570556640625;11.1699999717985;1118;100 mA;
64.7744208364603;0.45074462890625;0.00123504638671875;11.1799999717732;1119;100 mA;
64.7844208364351;0.45050048828125;0.00139404296875;11.189999971748;1120;100 mA;
64.7944208364098;0.4508056640625;0.00116607666015625;11.1999999717227;1121;100 mA;
64.8044208363846;0.45062255859375;0.00121978759765625;11.2099999716975;1122;100 mA;
64.8144208363593;0.4505615234375;0.00126922607421875;11.2199999716722;1123;100 mA;
64.8244208363341;0.450653076171875;0.0012310791015625;11.229999971647;1124;100 mA;
64.8344208363088;0.45074462890625;0.00121795654296875;11.2399999716217;1125;100 mA;
64.8444208362836;0.4505615234375;0.00125579833984375;11.2499999715965;1126;100 mA;
64.8544208362583;0.450592041015625;0.00119842529296875;11.2599999715712;1127;100 mA;
64.8644208362331;0.450531005859375;0.00146148681640625;11.269999971546;1128;100 mA;
64.8744208362078;0.4505615234375;0.00125091552734375;11.2799999715207;1129;100 mA;
64.8844208361826;0.4505615234375;0.0012603759765625;11.2899999714955;1130;100 mA;
64.8944208361573;0.45074462890625;0.0012677001953125;11.2999999714702;1131;100 mA;
64.9044208361321;0.45074462890625;0.0011895751953125;11.309999971445;1132;100 mA;
64.9144208361068;0.450775146484375;0.00124847412109375;11.3199999714197;1133;100 mA;
64.9244208360816;0.450775146484375;0.0012567138671875;11.3299999713945;1134;100 mA;
64.9344208360563;0.45074462890625;0.00126373291015625;11.3399999713693;1135;100 mA;
64.9444208360311;0.45050048828125;0.0013372802734375;11.349999971344;1136;100 mA;
64.9544208360059;0.450775146484375;0.0012646484375;11.3599999713188;1137;100 mA;
64.9644208359806;0.45050048828125;0.00127349853515625;11.3699999712935;1138;100 mA;
64.9744208359554;0.45062255859375;0.0013238525390625;11.3799999712683;1139;100 mA;
64.9844208359301;0.45068359375;0.001251220703125;11.389999971243;1140;100 mA;
64.9944208359049;0.450653076171875;0.00136383056640625;11.3999999712178;1141;100 mA;
65.0044208358796;0.45050048828125;0.00127777099609375;11.4099999711925;1142;100 mA;
65.0144208358544;0.450714111328125;0.00124237060546875;11.4199999711673;1143;100 mA;
65.0244208358291;0.450592041015625;0.001357421875;11.429999971142;1144;100 mA;
65.0344208358039;0.45062255859375;0.001280517578125;11.4399999711168;1145;100 mA;
65.0444208357786;0.450775146484375;0.0012884521484375;11.4499999710915;1146;100 mA;
65.0544208357534;0.45074462890625;0.00132659912109375;11.4599999710663;1147;100 mA;
65.0644208357281;0.45074462890625;0.00121612548828125;11.469999971041;1148;100 mA;
65.0744208357029;0.450775146484375;0.00130828857421875;11.4799999710158;1149;100 mA;
65.0844208356776;0.450714111328125;0.00127899169921875;11.4899999709905;1150;100 mA;
65.0944208356524;0.450653076171875;0.00123382568359375;11.4999999709653;1151;100 mA;
65.1044208356271;0.45050048828125;0.00137786865234375;11.50999997094;1152;100 mA;
65.1144208356019;0.450653076171875;0.00126495361328125;11.5199999709148;1153;100 mA;
65.1244208355766;0.450531005859375;0.0012945556640625;11.5299999708895;1154;100 mA;
65.1344208355514;0.450653076171875;0.00130950927734375;11.5399999708643;1155;100 mA;
65.1444208355261;0.450775146484375;0.00128021240234375;11.5499999708391;1156;100 mA;
65.1544208355009;0.450592041015625;0.00128448486328125;11.5599999708138;1157;100 mA;
65.1644208354757;0.450714111328125;0.00130096435546875;11.5699999707886;1158;100 mA;
65.1744208354504;0.4508056640625;0.00124298095703125;11.5799999707633;1159;100 mA;
65.1844208354252;0.45050048828125;0.00133880615234375;11.5899999707381;1160;100 mA;
65.1944208353999;0.450714111328125;0.001275634765625;11.5999999707128;1161;100 mA;
65.2044208353747;0.450775146484375;0.00127349853515625;11.6099999706876;1162;100 mA;
65.2144208353494;0.45074462890625;0.001329345703125;11.6199999706623;1163;100 mA;
65.2244208353242;0.45068359375;0.0012237548828125;11.6299999706371;1164;100 mA;
65.2344208352989;0.45074462890625;0.001275634765625;11.6399999706118;1165;100 mA;
65.2444208352737;0.45062255859375;0.0012908935546875;11.6499999705866;1166;100 mA;
65.2544208352484;0.450531005859375;0.00130462646484375;11.6599999705613;1167;100 mA;
65.2644208352232;0.4505615234375;0.0013446044921875;11.6699999705361;1168;100 mA;
65.2744208351979;0.4505615234375;0.0012652587890625;11.6799999705108;1169;100 mA;
65.2844208351727;0.450531005859375;0.00129852294921875;11.6899999704856;1170;100 mA;
65.2944208351474;0.45068359375;0.0013470458984375;11.6999999704603;1171;100 mA;
65.3044208351222;0.450775146484375;0.00127777099609375;11.7099999704351;1172;100 mA;
65.3144208350969;0.45062255859375;0.00132598876953125;11.7199999704098;1173;100 mA;
65.3244208350717;0.450714111328125;0.0013232421875;11.7299999703846;1174;100 mA;
65.3344208350464;0.450836181640625;0.001234130859375;11.7399999703593;1175;100 mA;
65.3444208350212;0.450531005859375;0.0014483642578125;11.7499999703341;1176;100 mA;
65.3544208349959;0.45074462890625;0.001234130859375;11.7599999703089;1177;100 mA;
65.3644208349707;0.450714111328125;0.0012811279296875;11.7699999702836;1178;100 mA;
65.3744208349455;0.45062255859375;0.00138153076171875;11.7799999702584;1179;100 mA;
65.3844208349202;0.45068359375;0.00119781494140625;11.7899999702331;1180;100 mA;
65.394420834895;0.45068359375;0.0013262939453125;11.7999999702079;1181;100 mA;
65.4044208348697;0.450592041015625;0.00130859375;11.8099999701826;1182;100 mA;
65.4144208348445;0.4505615234375;0.00120513916015625;11.8199999701574;1183;100 mA;
65.4244208348192;0.45050048828125;0.00137359619140625;11.8299999701321;1184;100 mA;
65.434420834794;0.450592041015625;0.00124176025390625;11.8399999701069;1185;100 mA;
65.4444208347687;0.45062255859375;0.001268310546875;11.8499999700816;1186;100 mA;
65.4544208347435;0.45074462890625;0.0013201904296875;11.8599999700564;1187;100 mA;
65.4644208347182;0.45074462890625;0.00121551513671875;11.8699999700311;1188;100 mA;
65.474420834693;0.45074462890625;0.0012896728515625;11.8799999700059;1189;100 mA;
65.4844208346677;0.45074462890625;0.00127685546875;11.8899999699806;1190;100 mA;
65.4944208346425;0.450775146484375;0.0012030029296875;11.8999999699554;1191;100 mA;
65.5044208346172;0.450531005859375;0.001395263671875;11.9099999699301;1192;100 mA;
65.514420834592;0.45074462890625;0.00122650146484375;11.9199999699049;1193;100 mA;
65.5244208345667;0.450592041015625;0.001259765625;11.9299999698796;1194;100 mA;
65.5344208345415;0.4505615234375;0.00128204345703125;11.9399999698544;1195;100 mA;
65.5444208345162;0.45074462890625;0.0011981201171875;11.9499999698292;1196;100 mA;
65.554420834491;0.450653076171875;0.0012677001953125;11.9599999698039;1197;100 mA;
65.5644208344657;0.45062255859375;0.0012530517578125;11.9699999697787;1198;100 mA;
65.5744208344405;0.450653076171875;0.00119659423828125;11.9799999697534;1199;100 mA;
65.5844208344153;0.450531005859375;0.001307373046875;11.9899999697282;1200;100 mA;
65.59442083439;0.45062255859375;0.001246337890625;11.9999999697029;1201;100 mA;
65.6044208343648;0.450775146484375;0.00124542236328125;12.0099999696777;1202;100 mA;
65.6144208343395;0.450836181640625;0.0012860107421875;12.0199999696524;1203;100 mA;
65.6244208343143;0.450714111328125;0.0012005615234375;12.0299999696272;1204;100 mA;
65.634420834289;0.4508056640625;0.00124481201171875;12.0399999696019;1205;100 mA;
65.6444208342638;0.4508056640625;0.0012548828125;12.0499999695767;1206;100 mA;
65.6544208342385;0.450531005859375;0.0012042236328125;12.0599999695514;1207;100 mA;
65.6644208342133;0.4505615234375;0.0012939453125;12.0699999695262;1208;100 mA;
65.674420834188;0.45062255859375;0.001226806640625;12.0799999695009;1209;100 mA;
65.6844208341628;0.45050048828125;0.00123779296875;12.0899999694757;1210;100 mA;
65.6944208341375;0.4505615234375;0.00129913330078125;12.0999999694504;1211;100 mA;
65.7044208341123;0.4508056640625;0.00121978759765625;12.1099999694252;1212;100 mA;
65.714420834087;0.450653076171875;0.0012567138671875;12.1199999693999;1213;100 mA;
65.7244208340618;0.450592041015625;0.00124908447265625;12.1299999693747;1214;100 mA;
65.7344208340365;0.45074462890625;0.00118560791015625;12.1399999693494;1215;100 mA;
65.7444208340113;0.450531005859375;0.00131866455078125;12.1499999693242;1216;100 mA;
65.754420833986;0.450714111328125;0.0012493896484375;12.159999969299;1217;100 mA;
65.7644208339608;0.4508056640625;0.0011993408203125;12.1699999692737;1218;100 mA;
65.7744208339356;0.45068359375;0.00127655029296875;12.1799999692485;1219;100 mA;
65.7844208339103;0.45074462890625;0.00115234375;12.1899999692232;1220;100 mA;
65.7944208338851;0.45074462890625;0.00124176025390625;12.199999969198;1221;100 mA;
65.8044208338598;0.450653076171875;0.00122589111328125;12.2099999691727;1222;100 mA;
65.8144208338346;0.450531005859375;0.00116790771484375;12.2199999691475;1223;100 mA;
65.8244208338093;0.4505615234375;0.00133148193359375;12.2299999691222;1224;100 mA;
65.8344208337841;0.450592041015625;0.001221923828125;12.239999969097;1225;100 mA;
65.8444208337588;0.4505615234375;0.00122222900390625;12.2499999690717;1226;100 mA;
65.8544208337336;0.450653076171875;0.00133392333984375;12.2599999690465;1227;100 mA;
65.8644208337083;0.450836181640625;0.001146240234375;12.2699999690212;1228;100 mA;
65.8744208336831;0.45062255859375;0.00122802734375;12.279999968996;1229;100 mA;
65.8844208336578;0.450714111328125;0.00121063232421875;12.2899999689707;1230;100 mA;
65.8944208336326;0.45074462890625;0.0011993408203125;12.2999999689455;1231;100 mA;
65.9044208336073;0.4505615234375;0.001297607421875;12.3099999689202;1232;100 mA;
65.9144208335821;0.450775146484375;0.0012030029296875;12.319999968895;1233;100 mA;
65.9244208335568;0.450714111328125;0.001219482421875;12.3299999688697;1234;100 mA;
65.9344208335316;0.45062255859375;0.00126495361328125;12.3399999688445;1235;100 mA;
65.9444208335063;0.45068359375;0.0011810302734375;12.3499999688192;1236;100 mA;
65.9544208334811;0.45068359375;0.00123626708984375;12.359999968794;1237;100 mA;
65.9644208334558;0.450592041015625;0.00122222900390625;12.3699999687688;1238;100 mA;
65.9744208334306;0.45050048828125;0.00115997314453125;12.3799999687435;1239;100 mA;
65.9844208334054;0.450531005859375;0.00133758544921875;12.3899999687183;1240;100 mA;
65.9944208333801;0.4505615234375;0.00118499755859375;12.399999968693;1241;100 mA;
66.0044208333549;0.450592041015625;0.001190185546875;12.4099999686678;1242;100 mA;
66.0144208333296;0.4508056640625;0.00125762939453125;12.4199999686425;1243;100 mA;
66.0244208333044;0.45086669921875;0.0011651611328125;12.4299999686173;1244;100 mA;
66.0344208332791;0.4508056640625;0.001226806640625;12.439999968592;1245;100 mA;
66.0444208332539;0.45074462890625;0.0012078857421875;12.4499999685668;1246;100 mA;
66.0544208332286;0.450775146484375;0.00117279052734375;12.4599999685415;1247;100 mA;
66.0644208332034;0.45050048828125;0.0012890625;12.4699999685163;1248;100 mA;
66.0744208331781;0.45074462890625;0.0012139892578125;12.479999968491;1249;100 mA;
66.0844208331529;0.450653076171875;0.00121856689453125;12.4899999684658;1250;100 mA;
66.0944208331276;0.45050048828125;0.00130035400390625;12.4999999684405;1251;100 mA;
66.1044208331024;0.450714111328125;0.001190185546875;12.5099999684153;1252;100 mA;
66.1144208330771;0.450714111328125;0.00127044677734375;12.51999996839;1253;100 mA;
66.1244208330519;0.4505615234375;0.001240234375;12.5299999683648;1254;100 mA;
66.1344208330266;0.45062255859375;0.001185302734375;12.5399999683395;1255;100 mA;
66.1444208330014;0.450531005859375;0.001326904296875;12.5499999683143;1256;100 mA;
66.1544208329761;0.4505615234375;0.001236572265625;12.559999968289;1257;100 mA;
66.1644208329509;0.450653076171875;0.0012359619140625;12.5699999682638;1258;100 mA;
66.1744208329256;0.450836181640625;0.00130523681640625;12.5799999682386;1259;100 mA;
66.1844208329004;0.4508056640625;0.00120025634765625;12.5899999682133;1260;100 mA;
66.1944208328752;0.450775146484375;0.0012469482421875;12.5999999681881;1261;100 mA;
66.2044208328499;0.45074462890625;0.0012530517578125;12.6099999681628;1262;100 mA;
66.2144208328247;0.45062255859375;0.0012164306640625;12.6199999681376;1263;100 mA;
66.2244208327994;0.450531005859375;0.0012939453125;12.6299999681123;1264;100 mA;
66.2344208327742;0.450653076171875;0.00123291015625;12.6399999680871;1265;100 mA;
66.2444208327489;0.45050048828125;0.0012384033203125;12.6499999680618;1266;100 mA;
66.2544208327237;0.450592041015625;0.001287841796875;12.6599999680366;1267;100 mA;
66.2644208326984;0.45074462890625;0.0011639404296875;12.6699999680113;1268;100 mA;
66.2744208326732;0.450653076171875;0.00123870849609375;12.6799999679861;1269;100 mA;
66.2844208326479;0.45062255859375;0.00122589111328125;12.6899999679608;1270;100 mA;
66.2944208326227;0.450714111328125;0.00119384765625;12.6999999679356;1271;100 mA;
66.3044208325974;0.4505615234375;0.00137237548828125;12.7099999679103;1272;100 mA;
66.3144208325722;0.450653076171875;0.0012347412109375;12.7199999678851;1273;100 mA;
66.3244208325469;0.45074462890625;0.00122222900390625;12.7299999678598;1274;100 mA;
66.3344208325217;0.4508056640625;0.00127716064453125;12.7399999678346;1275;100 mA;
66.3444208324964;0.45074462890625;0.00118988037109375;12.7499999678093;1276;100 mA;
66.3544208324712;0.450836181640625;0.001279296875;12.7599999677841;1277;100 mA;
66.3644208324459;0.450714111328125;0.00126678466796875;12.7699999677588;1278;100 mA;
66.3744208324207;0.450531005859375;0.00116546630859375;12.7799999677336;1279;100 mA;
66.3844208323954;0.450531005859375;0.00127532958984375;12.7899999677084;1280;100 mA;
66.3944208323702;0.450592041015625;0.0012091064453125;12.7999999676831;1281;100 mA;
66.404420832345;0.45050048828125;0.00121978759765625;12.8099999676579;1282;100 mA;
66.4144208323197;0.45062255859375;0.0012799072265625;12.8199999676326;1283;100 mA;
66.4244208322945;0.4508056640625;0.00117095947265625;12.8299999676074;1284;100 mA;
66.4344208322692;0.45062255859375;0.0012188720703125;12.8399999675821;1285;100 mA;
66.444420832244;0.450714111328125;0.0013201904296875;12.8499999675569;1286;100 mA;
66.4544208322187;0.4508056640625;0.00117340087890625;12.8599999675316;1287;100 mA;
66.4644208321935;0.450592041015625;0.0013275146484375;12.8699999675064;1288;100 mA;
66.4744208321682;0.45068359375;0.00117218017578125;12.8799999674811;1289;100 mA;
66.484420832143;0.450775146484375;0.00122711181640625;12.8899999674559;1290;100 mA;
66.4944208321177;0.45062255859375;0.00126800537109375;12.8999999674306;1291;100 mA;
66.5044208320925;0.45074462890625;0.00118377685546875;12.9099999674054;1292;100 mA;
66.5144208320672;0.4508056640625;0.0012530517578125;12.9199999673801;1293;100 mA;
66.524420832042;0.4505615234375;0.00126251220703125;12.9299999673549;1294;100 mA;
66.5344208320167;0.450531005859375;0.0011883544921875;12.9399999673296;1295;100 mA;
66.5444208319915;0.4505615234375;0.00143463134765625;12.9499999673044;1296;100 mA;
66.5544208319662;0.450592041015625;0.00125152587890625;12.9599999672791;1297;100 mA;
66.564420831941;0.45050048828125;0.001304931640625;12.9699999672539;1298;100 mA;
66.5744208319157;0.450714111328125;0.0013189697265625;12.9799999672287;1299;100 mA;
66.5844208318905;0.4508056640625;0.00116546630859375;12.9899999672034;1300;100 mA;
66.5944208318652;0.450653076171875;0.00126861572265625;12.9999999671782;1301;100 mA;
66.60442083184;0.45068359375;0.001258544921875;13.0099999671529;1302;100 mA;
66.6144208318148;0.45074462890625;0.0012677001953125;13.0199999671277;1303;100 mA;
66.6244208317895;0.45050048828125;0.00133148193359375;13.0299999671024;1304;100 mA;
66.6344208317643;0.450653076171875;0.00124267578125;13.0399999670772;1305;100 mA;
66.644420831739;0.45062255859375;0.00131317138671875;13.0499999670519;1306;100 mA;
66.6544208317138;0.4505615234375;0.00136505126953125;13.0599999670267;1307;100 mA;
66.6644208316885;0.450714111328125;0.00122711181640625;13.0699999670014;1308;100 mA;
66.6744208316633;0.45068359375;0.0013275146484375;13.0799999669762;1309;100 mA;
66.684420831638;0.4505615234375;0.00130706787109375;13.0899999669509;1310;100 mA;
66.6944208316128;0.4505615234375;0.00122467041015625;13.0999999669257;1311;100 mA;
66.7044208315875;0.450531005859375;0.00135711669921875;13.1099999669004;1312;100 mA;
66.7144208315623;0.450592041015625;0.001300048828125;13.1199999668752;1313;100 mA;
66.724420831537;0.450592041015625;0.0013134765625;13.1299999668499;1314;100 mA;
66.7344208315118;0.4508056640625;0.00138763427734375;13.1399999668247;1315;100 mA;
66.7444208314865;0.45074462890625;0.00124420166015625;13.1499999667994;1316;100 mA;
66.7544208314613;0.45074462890625;0.0013238525390625;13.1599999667742;1317;100 mA;
66.764420831436;0.45074462890625;0.00134002685546875;13.1699999667489;1318;100 mA;
66.7744208314108;0.450714111328125;0.0012310791015625;13.1799999667237;1319;100 mA;
66.7844208313855;0.450439453125;0.00137847900390625;13.1899999666985;1320;100 mA;
66.7944208313603;0.45074462890625;0.001253662109375;13.1999999666732;1321;100 mA;
66.8044208313351;0.450653076171875;0.00127166748046875;13.209999966648;1322;100 mA;
66.8144208313098;0.4505615234375;0.0013128662109375;13.2199999666227;1323;100 mA;
66.8244208312846;0.450714111328125;0.001341552734375;13.2299999665975;1324;100 mA;
66.8344208312593;0.4505615234375;0.00124755859375;13.2399999665722;1325;100 mA;
66.8444208312341;0.450531005859375;0.0012786865234375;13.249999966547;1326;100 mA;
66.8544208312088;0.45062255859375;0.0012249755859375;13.2599999665217;1327;100 mA;
66.8644208311836;0.450531005859375;0.00137786865234375;13.2699999664965;1328;100 mA;
66.8744208311583;0.4505615234375;0.0012689208984375;13.2799999664712;1329;100 mA;
66.8844208311331;0.45068359375;0.00126068115234375;13.289999966446;1330;100 mA;
66.8944208311078;0.45086669921875;0.00130157470703125;13.2999999664207;1331;100 mA;
66.9044208310826;0.450775146484375;0.00125518798828125;13.3099999663955;1332;100 mA;
66.9144208310573;0.45074462890625;0.00126220703125;13.3199999663702;1333;100 mA;
66.9244208310321;0.450775146484375;0.0012628173828125;13.329999966345;1334;100 mA;
66.9344208310068;0.450592041015625;0.0012225341796875;13.3399999663197;1335;100 mA;
66.9444208309816;0.45050048828125;0.0013079833984375;13.3499999662945;1336;100 mA;
66.9544208309563;0.45062255859375;0.00126434326171875;13.3599999662692;1337;100 mA;
66.9644208309311;0.4505615234375;0.00123138427734375;13.369999966244;1338;100 mA;
66.9744208309058;0.45062255859375;0.00130279541015625;13.3799999662187;1339;100 mA;
66.9844208308806;0.450714111328125;0.00119384765625;13.3899999661935;1340;100 mA;
66.9944208308553;0.450653076171875;0.0012689208984375;13.3999999661683;1341;100 mA;
67.0044208308301;0.45062255859375;0.0012200927734375;13.409999966143;1342;100 mA;
67.0144208308049;0.450714111328125;0.00118804931640625;13.4199999661178;1343;100 mA;
67.0244208307796;0.4505615234375;0.00131866455078125;13.4299999660925;1344;100 mA;
67.0344208307544;0.45068359375;0.0012591552734375;13.4399999660673;1345;100 mA;
67.0444208307291;0.4508056640625;0.0012353515625;13.449999966042;1346;100 mA;
67.0544208307039;0.450714111328125;0.00127532958984375;13.4599999660168;1347;100 mA;
67.0644208306786;0.45068359375;0.001197509765625;13.4699999659915;1348;100 mA;
67.0744208306534;0.4508056640625;0.00125274658203125;13.4799999659663;1349;100 mA;
67.0844208306281;0.45068359375;0.00122467041015625;13.489999965941;1350;100 mA;
67.0944208306029;0.450531005859375;0.0012115478515625;13.4999999659158;1351;100 mA;
67.1044208305776;0.450592041015625;0.001273193359375;13.5099999658905;1352;100 mA;
67.1144208305524;0.4505615234375;0.00121002197265625;13.5199999658653;1353;100 mA;
67.1244208305271;0.4505615234375;0.00122314453125;13.52999996584;1354;100 mA;
67.1344208305019;0.450714111328125;0.0012567138671875;13.5399999658148;1355;100 mA;
67.1444208304766;0.450775146484375;0.00119171142578125;13.5499999657895;1356;100 mA;
67.1544208304514;0.45062255859375;0.00123199462890625;13.5599999657643;1357;100 mA;
67.1644208304261;0.450653076171875;0.00122406005859375;13.569999965739;1358;100 mA;
67.1744208304009;0.4508056640625;0.00118621826171875;13.5799999657138;1359;100 mA;
67.1844208303756;0.450531005859375;0.001265869140625;13.5899999656885;1360;100 mA;
67.1944208303504;0.450714111328125;0.00120941162109375;13.5999999656633;1361;100 mA;
67.2044208303251;0.45074462890625;0.0012030029296875;13.6099999656381;1362;100 mA;
67.2144208302999;0.45062255859375;0.00125732421875;13.6199999656128;1363;100 mA;
67.2244208302747;0.45062255859375;0.00119720458984375;13.6299999655876;1364;100 mA;
67.2344208302494;0.45068359375;0.001175537109375;13.6399999655623;1365;100 mA;
67.2444208302242;0.450653076171875;0.00119781494140625;13.6499999655371;1366;100 mA;
67.2544208301989;0.4505615234375;0.00114654541015625;13.6599999655118;1367;100 mA;
67.2644208301737;0.4505615234375;0.00127349853515625;13.6699999654866;1368;100 mA;
67.2744208301484;0.450531005859375;0.00118682861328125;13.6799999654613;1369;100 mA;
67.2844208301232;0.450592041015625;0.001171875;13.6899999654361;1370;100 mA;
67.2944208300979;0.45074462890625;0.00123016357421875;13.6999999654108;1371;100 mA;
67.3044208300727;0.45074462890625;0.0012188720703125;13.7099999653856;1372;100 mA;
67.3144208300474;0.45062255859375;0.0011846923828125;13.7199999653603;1373;100 mA;
67.3244208300222;0.450775146484375;0.0011968994140625;13.7299999653351;1374;100 mA;
67.3344208299969;0.45068359375;0.00115234375;13.7399999653098;1375;100 mA;
67.3444208299717;0.45050048828125;0.0012774658203125;13.7499999652846;1376;100 mA;
67.3544208299464;0.450714111328125;0.00122711181640625;13.7599999652593;1377;100 mA;
67.3644208299212;0.450653076171875;0.00119171142578125;13.7699999652341;1378;100 mA;
67.3744208298959;0.450592041015625;0.0012548828125;13.7799999652088;1379;100 mA;
67.3844208298707;0.45074462890625;0.0011358642578125;13.7899999651836;1380;100 mA;
67.3944208298454;0.45074462890625;0.0011944580078125;13.7999999651583;1381;100 mA;
67.4044208298202;0.4505615234375;0.00119903564453125;13.8099999651331;1382;100 mA;
67.4144208297949;0.450592041015625;0.00114898681640625;13.8199999651079;1383;100 mA;
67.4244208297697;0.45050048828125;0.00126861572265625;13.8299999650826;1384;100 mA;
67.4344208297445;0.45062255859375;0.001170654296875;13.8399999650574;1385;100 mA;
67.4444208297192;0.450714111328125;0.0012030029296875;13.8499999650321;1386;100 mA;
67.454420829694;0.45074462890625;0.00131011962890625;13.8599999650069;1387;100 mA;
67.4644208296687;0.45074462890625;0.00115631103515625;13.8699999649816;1388;100 mA;
67.4744208296435;0.45068359375;0.001185302734375;13.8799999649564;1389;100 mA;
67.4844208296182;0.4508056640625;0.0011871337890625;13.8899999649311;1390;100 mA;
67.494420829593;0.450714111328125;0.00111419677734375;13.8999999649059;1391;100 mA;
67.5044208295677;0.450469970703125;0.00124420166015625;13.9099999648806;1392;100 mA;
67.5144208295425;0.450714111328125;0.00116302490234375;13.9199999648554;1393;100 mA;
67.5244208295172;0.45062255859375;0.0011749267578125;13.9299999648301;1394;100 mA;
67.534420829492;0.4505615234375;0.001195068359375;13.9399999648049;1395;100 mA;
67.5444208294667;0.450714111328125;0.0011041259765625;13.9499999647796;1396;100 mA;
67.5544208294415;0.4505615234375;0.00122100830078125;13.9599999647544;1397;100 mA;
67.5644208294162;0.450592041015625;0.0011663818359375;13.9699999647291;1398;100 mA;
67.574420829391;0.45068359375;0.0011029052734375;13.9799999647039;1399;100 mA;
67.5844208293657;0.45050048828125;0.00120758056640625;13.9899999646786;1400;100 mA;
67.5944208293405;0.4505615234375;0.00119537353515625;13.9999999646534;1401;100 mA;
67.6044208293152;0.45074462890625;0.00116302490234375;14.0099999646282;1402;100 mA;
67.61442082929;0.450775146484375;0.00121978759765625;14.0199999646029;1403;100 mA;
67.6244208292647;0.450714111328125;0.001165771484375;14.0299999645777;1404;100 mA;
67.6344208292395;0.450775146484375;0.00119659423828125;14.0399999645524;1405;100 mA;
67.6444208292143;0.450836181640625;0.00119903564453125;14.0499999645272;1406;100 mA;
67.654420829189;0.450592041015625;0.0011529541015625;14.0599999645019;1407;100 mA;
67.6644208291638;0.450469970703125;0.0013043212890625;14.0699999644767;1408;100 mA;
67.6744208291385;0.45068359375;0.00121368408203125;14.0799999644514;1409;100 mA;
67.6844208291133;0.450592041015625;0.00120880126953125;14.0899999644262;1410;100 mA;
67.694420829088;0.450592041015625;0.00127197265625;14.0999999644009;1411;100 mA;
67.7044208290628;0.450714111328125;0.001212158203125;14.1099999643757;1412;100 mA;
67.7144208290375;0.450592041015625;0.00123626708984375;14.1199999643504;1413;100 mA;
67.7244208290123;0.450592041015625;0.0012841796875;14.1299999643252;1414;100 mA;
67.734420828987;0.45074462890625;0.00116302490234375;14.1399999642999;1415;100 mA;
67.7444208289618;0.450592041015625;0.001287841796875;14.1499999642747;1416;100 mA;
67.7544208289365;0.450714111328125;0.00124786376953125;14.1599999642494;1417;100 mA;
67.7644208289113;0.45074462890625;0.001224365234375;14.1699999642242;1418;100 mA;
67.774420828886;0.45074462890625;0.0013079833984375;14.1799999641989;1419;100 mA;
67.7844208288608;0.450775146484375;0.001214599609375;14.1899999641737;1420;100 mA;
67.7944208288355;0.450775146484375;0.00122283935546875;14.1999999641484;1421;100 mA;
67.8044208288103;0.45068359375;0.00126617431640625;14.2099999641232;1422;100 mA;
67.814420828785;0.45062255859375;0.00112396240234375;14.219999964098;1423;100 mA;
67.8244208287598;0.45050048828125;0.001292724609375;14.2299999640727;1424;100 mA;
67.8344208287346;0.45068359375;0.00119842529296875;14.2399999640475;1425;100 mA;
67.8444208287093;0.45050048828125;0.00122467041015625;14.2499999640222;1426;100 mA;
67.8544208286841;0.450592041015625;0.00129791259765625;14.259999963997;1427;100 mA;
67.8644208286588;0.450775146484375;0.00115203857421875;14.2699999639717;1428;100 mA;
67.8744208286336;0.450653076171875;0.00123382568359375;14.2799999639465;1429;100 mA;
67.8844208286083;0.450775146484375;0.0012432861328125;14.2899999639212;1430;100 mA;
67.8944208285831;0.450775146484375;0.0011395263671875;14.299999963896;1431;100 mA;
67.9044208285578;0.450531005859375;0.00133056640625;14.3099999638707;1432;100 mA;
67.9144208285326;0.45074462890625;0.00116668701171875;14.3199999638455;1433;100 mA;
67.9244208285073;0.450653076171875;0.00121246337890625;14.3299999638202;1434;100 mA;
67.9344208284821;0.45068359375;0.00122894287109375;14.339999963795;1435;100 mA;
67.9444208284568;0.45074462890625;0.0012652587890625;14.3499999637697;1436;100 mA;
67.9544208284316;0.450714111328125;0.00117523193359375;14.3599999637445;1437;100 mA;
67.9644208284063;0.45062255859375;0.00121246337890625;14.3699999637192;1438;100 mA;
67.9744208283811;0.450531005859375;0.001214599609375;14.379999963694;1439;100 mA;
67.9844208283558;0.4505615234375;0.00131805419921875;14.3899999636687;1440;100 mA;
67.9944208283306;0.450592041015625;0.00113555908203125;14.3999999636435;1441;100 mA;
68.0044208283053;0.450469970703125;0.00119415283203125;14.4099999636182;1442;100 mA;
68.0144208282801;0.450775146484375;0.00122100830078125;14.419999963593;1443;100 mA;
68.0244208282548;0.450836181640625;0.0011419677734375;14.4299999635678;1444;100 mA;
68.0344208282296;0.450775146484375;0.00118804931640625;14.4399999635425;1445;100 mA;
68.0444208282044;0.450714111328125;0.00120330810546875;14.4499999635173;1446;100 mA;
68.0544208281791;0.4508056640625;0.00116790771484375;14.459999963492;1447;100 mA;
68.0644208281539;0.4505615234375;0.001270751953125;14.4699999634668;1448;100 mA;
68.0744208281286;0.450714111328125;0.0012109375;14.4799999634415;1449;100 mA;
68.0844208281034;0.45068359375;0.0012127685546875;14.4899999634163;1450;100 mA;
68.0944208280781;0.450592041015625;0.001307373046875;14.499999963391;1451;100 mA;
68.1044208280529;0.45074462890625;0.00118011474609375;14.5099999633658;1452;100 mA;
68.1144208280276;0.45074462890625;0.00123626708984375;14.5199999633405;1453;100 mA;
68.1244208280024;0.45062255859375;0.0012457275390625;14.5299999633153;1454;100 mA;
68.1344208279771;0.45062255859375;0.0011700439453125;14.53999996329;1455;100 mA;
68.1444208279519;0.450531005859375;0.00130035400390625;14.5499999632648;1456;100 mA;
68.1544208279266;0.450592041015625;0.00124725341796875;14.5599999632395;1457;100 mA;
68.1644208279014;0.450592041015625;0.0012420654296875;14.5699999632143;1458;100 mA;
68.1744208278761;0.45074462890625;0.00127899169921875;14.579999963189;1459;100 mA;
68.1844208278509;0.450775146484375;0.00119110107421875;14.5899999631638;1460;100 mA;
68.1944208278256;0.450775146484375;0.001317138671875;14.5999999631385;1461;100 mA;
68.2044208278004;0.45074462890625;0.001251220703125;14.6099999631133;1462;100 mA;
68.2144208277751;0.450714111328125;0.00117401123046875;14.619999963088;1463;100 mA;
68.2244208277499;0.450531005859375;0.00130584716796875;14.6299999630628;1464;100 mA;
68.2344208277246;0.450714111328125;0.0011993408203125;14.6399999630376;1465;100 mA;
68.2444208276994;0.45062255859375;0.001231689453125;14.6499999630123;1466;100 mA;
68.2544208276742;0.4505615234375;0.001268310546875;14.6599999629871;1467;100 mA;
68.2644208276489;0.45062255859375;0.0012176513671875;14.6699999629618;1468;100 mA;
68.2744208276237;0.45068359375;0.00121795654296875;14.6799999629366;1469;100 mA;
68.2844208275984;0.450531005859375;0.00126068115234375;14.6899999629113;1470;100 mA;
68.2944208275732;0.45068359375;0.00117706298828125;14.6999999628861;1471;100 mA;
68.3044208275479;0.4505615234375;0.00134674072265625;14.7099999628608;1472;100 mA;
68.3144208275227;0.45062255859375;0.00118255615234375;14.7199999628356;1473;100 mA;
68.3244208274974;0.450714111328125;0.00115997314453125;14.7299999628103;1474;100 mA;
68.3344208274722;0.45074462890625;0.00125946044921875;14.7399999627851;1475;100 mA;
68.3444208274469;0.450775146484375;0.00112548828125;14.7499999627598;1476;100 mA;
68.3544208274217;0.450775146484375;0.00119903564453125;14.7599999627346;1477;100 mA;
68.3644208273964;0.45074462890625;0.00121337890625;14.7699999627093;1478;100 mA;
68.3744208273712;0.45062255859375;0.0011370849609375;14.7799999626841;1479;100 mA;
68.3844208273459;0.45050048828125;0.0012762451171875;14.7899999626588;1480;100 mA;
68.3944208273207;0.450714111328125;0.00129791259765625;14.7999999626336;1481;100 mA;
68.4044208272954;0.4505615234375;0.001331787109375;14.8099999626083;1482;100 mA;
68.4144208272702;0.4505615234375;0.00140472412109375;14.8199999625831;1483;100 mA;
68.4244208272449;0.450714111328125;0.0010760498046875;14.8299999625578;1484;100 mA;
68.4344208272197;0.450653076171875;0.00116851806640625;14.8399999625326;1485;100 mA;
68.4444208271944;0.4505615234375;0.001185302734375;14.8499999625074;1486;100 mA;
68.4544208271692;0.4508056640625;0.00119781494140625;14.8599999624821;1487;100 mA;
68.464420827144;0.4505615234375;0.00123992919921875;14.8699999624569;1488;100 mA;
68.4744208271187;0.450653076171875;0.00118865966796875;14.8799999624316;1489;100 mA;
68.4844208270935;0.45074462890625;0.00118621826171875;14.8899999624064;1490;100 mA;
68.4944208270682;0.450775146484375;0.001290283203125;14.8999999623811;1491;100 mA;
68.504420827043;0.45074462890625;0.00126373291015625;14.9099999623559;1492;100 mA;
68.5144208270177;0.45086669921875;0.0012969970703125;14.9199999623306;1493;100 mA;
68.5244208269925;0.45074462890625;0.001221923828125;14.9299999623054;1494;100 mA;
68.5344208269672;0.4505615234375;0.0010711669921875;14.9399999622801;1495;100 mA;
68.544420826942;0.450531005859375;0.001234130859375;14.9499999622549;1496;100 mA;
68.5544208269167;0.450653076171875;0.00116668701171875;14.9599999622296;1497;100 mA;
68.5644208268915;0.4505615234375;0.00119415283203125;14.9699999622044;1498;100 mA;
68.5744208268662;0.45062255859375;0.00125396728515625;14.9799999621791;1499;100 mA;
68.584420826841;0.45074462890625;0.001136474609375;14.9899999621539;1500;100 mA;
