Scan;Index;Time (s);WE(1).Potential (V);WE(1).Current (A);Current range
1;1;5.91016798507826;0.00301208496093749;0.00105194091796875;100 mA
1;2;5.91423798506798;0.0054351806640625;0.00118865966796875;100 mA
1;3;5.91830798505771;0.0079071044921875;0.0012835693359375;100 mA
1;4;5.92237798504743;0.0103363037109375;0.00138458251953125;100 mA
1;5;5.92644798503716;0.0128204345703125;0.0014422607421875;100 mA
1;6;5.93051798502688;0.015234375;0.00147552490234375;100 mA
1;7;5.93458798501661;0.0177032470703125;0.00153961181640625;100 mA
1;8;5.93865798500633;0.02017822265625;0.0015802001953125;100 mA
1;9;5.94272798499605;0.0226043701171875;0.00162261962890625;100 mA
1;10;5.94679798498578;0.025079345703125;0.00165252685546875;100 mA
1;11;5.9508679849755;0.0275238037109375;0.001676025390625;100 mA
1;12;5.95493798496523;0.029986572265625;0.00171356201171875;100 mA
1;13;5.95900798495495;0.0324554443359375;0.00172119140625;100 mA
1;14;5.96307798494468;0.034893798828125;0.00175567626953125;100 mA
1;15;5.9671479849344;0.0373321533203125;0.001776123046875;100 mA
1;16;5.97121798492412;0.0397552490234375;0.0018280029296875;100 mA
1;17;5.97528798491385;0.0422576904296875;0.00181793212890625;100 mA
1;18;5.97935798490357;0.044696044921875;0.00182647705078125;100 mA
1;19;5.9834279848933;0.047137451171875;0.00185150146484375;100 mA
1;20;5.98749798488302;0.0495941162109375;0.00187469482421875;100 mA
1;21;5.99156798487275;0.051971435546875;0.00188690185546875;100 mA
1;22;5.99563798486247;0.054443359375;0.00189666748046875;100 mA
1;23;5.99970798485219;0.056884765625;0.001920166015625;100 mA
1;24;6.00377798484192;0.059295654296875;0.0019281005859375;100 mA
1;25;6.00784798483164;0.061859130859375;0.00195098876953125;100 mA
1;26;6.01191798482137;0.064239501953125;0.00195098876953125;100 mA
1;27;6.01598798481109;0.066619873046875;0.00196990966796875;100 mA
1;28;6.02005798480081;0.06915283203125;0.00196929931640625;100 mA
1;29;6.02412798479054;0.071624755859375;0.00199188232421875;100 mA
1;30;6.02819798478026;0.074066162109375;0.0020135498046875;100 mA
1;31;6.03226798476999;0.076446533203125;0.0020147705078125;100 mA
1;32;6.03633798475971;0.0789794921875;0.00202423095703125;100 mA
1;33;6.04040798474944;0.08135986328125;0.00204925537109375;100 mA
1;34;6.04447798473916;0.08380126953125;0.00205291748046875;100 mA
1;35;6.04854798472888;0.0863037109375;0.002069091796875;100 mA
1;36;6.05261798471861;0.0887451171875;0.00206756591796875;100 mA
1;37;6.05668798470833;0.091217041015625;0.00208984375;100 mA
1;38;6.06075798469806;0.09368896484375;0.002103271484375;100 mA
1;39;6.06482798468778;0.096099853515625;0.0021307373046875;100 mA
1;40;6.06889798467751;0.0985107421875;0.0021258544921875;100 mA
1;41;6.07296798466723;0.1009521484375;0.0021441650390625;100 mA
1;42;6.07703798465695;0.103424072265625;0.00215118408203125;100 mA
1;43;6.08110798464668;0.10589599609375;0.00216796875;100 mA
1;44;6.0851779846364;0.1083984375;0.0021795654296875;100 mA
1;45;6.08924798462613;0.11083984375;0.00220947265625;100 mA
1;46;6.09331798461585;0.11328125;0.00220733642578125;100 mA
1;47;6.09738798460558;0.115692138671875;0.00221923828125;100 mA
1;48;6.1014579845953;0.11822509765625;0.00222503662109375;100 mA
1;49;6.10552798458502;0.120635986328125;0.00226470947265625;100 mA
1;50;6.10959798457475;0.123077392578125;0.00226593017578125;100 mA
1;51;6.11366798456447;0.125518798828125;0.00227874755859375;100 mA
1;52;6.1177379845542;0.127960205078125;0.0022967529296875;100 mA
1;53;6.12180798454392;0.13043212890625;0.002313232421875;100 mA
1;54;6.12587798453364;0.132843017578125;0.0023272705078125;100 mA
1;55;6.12994798452337;0.13531494140625;0.002333984375;100 mA
1;56;6.13401798451309;0.137786865234375;0.0023516845703125;100 mA
1;57;6.13808798450282;0.140228271484375;0.00238922119140625;100 mA
1;58;6.14215798449254;0.142669677734375;0.00238861083984375;100 mA
1;59;6.14622798448227;0.1451416015625;0.00239349365234375;100 mA
1;60;6.15029798447199;0.14752197265625;0.00242279052734375;100 mA
1;61;6.15436798446171;0.150054931640625;0.00240020751953125;100 mA
1;62;6.15843798445144;0.152435302734375;0.002451171875;100 mA
1;63;6.16250798444116;0.154876708984375;0.002484130859375;100 mA
1;64;6.16657798443089;0.15740966796875;0.00247650146484375;100 mA
1;65;6.17064798442061;0.15985107421875;0.00248992919921875;100 mA
1;66;6.17471798441034;0.16229248046875;0.00252197265625;100 mA
1;67;6.17878798440006;0.164703369140625;0.00254150390625;100 mA
1;68;6.18285798438978;0.167205810546875;0.0025543212890625;100 mA
1;69;6.18692798437951;0.169677734375;0.002579345703125;100 mA
1;70;6.19099798436923;0.172119140625;0.00259490966796875;100 mA
1;71;6.19506798435896;0.174530029296875;0.00261627197265625;100 mA
1;72;6.19913798434868;0.176971435546875;0.002633056640625;100 mA
1;73;6.20320798433841;0.179412841796875;0.00266387939453125;100 mA
1;74;6.20727798432813;0.181854248046875;0.00267852783203125;100 mA
1;75;6.21134798431785;0.184356689453125;0.0027044677734375;100 mA
1;76;6.21541798430758;0.186767578125;0.002706298828125;100 mA
1;77;6.2194879842973;0.189239501953125;0.002730712890625;100 mA
1;78;6.22355798428703;0.19171142578125;0.0027587890625;100 mA
1;79;6.22762798427675;0.19415283203125;0.002783203125;100 mA
1;80;6.23169798426648;0.196624755859375;0.00279144287109375;100 mA
1;81;6.2357679842562;0.19903564453125;0.002822265625;100 mA
1;82;6.23983798424592;0.201568603515625;0.00284027099609375;100 mA
1;83;6.24390798423565;0.20391845703125;0.00285888671875;100 mA
1;84;6.24797798422537;0.2064208984375;0.0028656005859375;100 mA
1;85;6.2520479842151;0.20880126953125;0.00289581298828125;100 mA
1;86;6.25611798420482;0.211334228515625;0.00292083740234375;100 mA
1;87;6.26018798419454;0.2137451171875;0.0029302978515625;100 mA
1;88;6.26425798418427;0.21624755859375;0.00295135498046875;100 mA
1;89;6.26832798417399;0.2186279296875;0.00298858642578125;100 mA
1;90;6.27239798416372;0.221160888671875;0.00300750732421875;100 mA
1;91;6.27646798415344;0.223541259765625;0.0030322265625;100 mA
1;92;6.28053798414317;0.22601318359375;0.00304229736328125;100 mA
1;93;6.28460798413289;0.22845458984375;0.00307037353515625;100 mA
1;94;6.28867798412261;0.2308349609375;0.00310302734375;100 mA
1;95;6.29274798411234;0.23333740234375;0.0031195068359375;100 mA
1;96;6.29681798410206;0.235748291015625;0.00313568115234375;100 mA
1;97;6.30088798409179;0.238250732421875;0.00315277099609375;100 mA
1;98;6.30495798408151;0.240692138671875;0.00317474365234375;100 mA
1;99;6.30902798407124;0.2431640625;0.00319427490234375;100 mA
1;100;6.31309798406096;0.24560546875;0.00320159912109375;100 mA
1;101;6.31716798405068;0.248046875;0.00322967529296875;100 mA
1;102;6.32123798404041;0.25054931640625;0.00327392578125;100 mA
1;103;6.32530798403013;0.252960205078125;0.00327545166015625;100 mA
1;104;6.32937798401986;0.255340576171875;0.00329376220703125;100 mA
1;105;6.33344798400958;0.257843017578125;0.0033197021484375;100 mA
1;106;6.33751798399931;0.26031494140625;0.003338623046875;100 mA
1;107;6.34158798398903;0.2628173828125;0.00336395263671875;100 mA
1;108;6.34565798397875;0.2652587890625;0.00336700439453125;100 mA
1;109;6.34972798396848;0.2677001953125;0.0033935546875;100 mA
1;110;6.3537979839582;0.2701416015625;0.0034417724609375;100 mA
1;111;6.35786798394793;0.272613525390625;0.0034259033203125;100 mA
1;112;6.36193798393765;0.2750244140625;0.00341552734375;100 mA
1;113;6.36600798392737;0.2774658203125;0.00347320556640625;100 mA
1;114;6.3700779839171;0.279937744140625;0.003492431640625;100 mA
1;115;6.37414798390682;0.28228759765625;0.00350860595703125;100 mA
1;116;6.37821798389655;0.284820556640625;0.003536376953125;100 mA
1;117;6.38228798388627;0.2872314453125;0.00353729248046875;100 mA
1;118;6.386357983876;0.289703369140625;0.00353912353515625;100 mA
1;119;6.39042798386572;0.292236328125;0.0035772705078125;100 mA
1;120;6.39449798385544;0.294586181640625;0.0035986328125;100 mA
1;121;6.39856798384517;0.29705810546875;0.00360015869140625;100 mA
1;122;6.40263798383489;0.29949951171875;0.0036041259765625;100 mA
1;123;6.40670798382462;0.30194091796875;0.00363250732421875;100 mA
1;124;6.41077798381434;0.304443359375;0.00366912841796875;100 mA
1;125;6.41484798380407;0.30694580078125;0.003665771484375;100 mA
1;126;6.41891798379379;0.309326171875;0.00366973876953125;100 mA
1;127;6.42298798378351;0.311737060546875;0.00369171142578125;100 mA
1;128;6.42705798377324;0.314239501953125;0.0037213134765625;100 mA
1;129;6.43112798376296;0.316680908203125;0.00371551513671875;100 mA
1;130;6.43519798375269;0.31915283203125;0.00373748779296875;100 mA
1;131;6.43926798374241;0.321563720703125;0.00376495361328125;100 mA
1;132;6.44333798373214;0.324066162109375;0.00376739501953125;100 mA
1;133;6.44740798372186;0.326507568359375;0.0037646484375;100 mA
1;134;6.45147798371158;0.328948974609375;0.00378509521484375;100 mA
1;135;6.45554798370131;0.3314208984375;0.00380584716796875;100 mA
1;136;6.45961798369103;0.3338623046875;0.00382415771484375;100 mA
1;137;6.46368798368076;0.33624267578125;0.00382293701171875;100 mA
1;138;6.46775798367048;0.33880615234375;0.00383209228515625;100 mA
1;139;6.47182798366021;0.341217041015625;0.00385345458984375;100 mA
1;140;6.47589798364993;0.3436279296875;0.00386932373046875;100 mA
1;141;6.47996798363965;0.34613037109375;0.00386566162109375;100 mA
1;142;6.48403798362938;0.34857177734375;0.00387603759765625;100 mA
1;143;6.4881079836191;0.350982666015625;0.00390167236328125;100 mA
1;144;6.49217798360883;0.353424072265625;0.003909912109375;100 mA
1;145;6.49624798359855;0.355926513671875;0.0039013671875;100 mA
1;146;6.50031798358827;0.35833740234375;0.00392059326171875;100 mA
1;147;6.504387983578;0.360809326171875;0.0039483642578125;100 mA
1;148;6.50845798356772;0.363250732421875;0.00394775390625;100 mA
1;149;6.51252798355745;0.365692138671875;0.0039727783203125;100 mA
1;150;6.51659798354717;0.36810302734375;0.00396942138671875;100 mA
1;151;6.5206679835369;0.37060546875;0.003975830078125;100 mA
1;152;6.52473798352662;0.373046875;0.00399993896484375;100 mA
1;153;6.52880798351634;0.37554931640625;0.0040045166015625;100 mA
1;154;6.53287798350607;0.37799072265625;0.004000244140625;100 mA
1;155;6.53694798349579;0.380401611328125;0.0040338134765625;100 mA
1;156;6.54101798348552;0.382843017578125;0.00404541015625;100 mA
1;157;6.54508798347524;0.38531494140625;0.0040478515625;100 mA
1;158;6.54915798346497;0.38775634765625;0.004058837890625;100 mA
1;159;6.55322798345469;0.39019775390625;0.00407745361328125;100 mA
1;160;6.55729798344441;0.3927001953125;0.00407989501953125;100 mA
1;161;6.56136798343414;0.3951416015625;0.0040789794921875;100 mA
1;162;6.56543798342386;0.397552490234375;0.0040966796875;100 mA
1;163;6.56950798341359;0.4000244140625;0.0041143798828125;100 mA
1;164;6.57357798340331;0.402435302734375;0.00412811279296875;100 mA
1;165;6.57764798339304;0.404937744140625;0.0041278076171875;100 mA
1;166;6.58171798338276;0.407379150390625;0.004141845703125;100 mA
1;167;6.58578798337248;0.409820556640625;0.0041546630859375;100 mA
1;168;6.58985798336221;0.412322998046875;0.004180908203125;100 mA
1;169;6.59392798335193;0.41473388671875;0.0041900634765625;100 mA
1;170;6.59799798334166;0.417144775390625;0.00419464111328125;100 mA
1;171;6.60206798333138;0.419647216796875;0.00419891357421875;100 mA
1;172;6.6061379833211;0.42205810546875;0.00422332763671875;100 mA
1;173;6.61020798331083;0.424530029296875;0.00423309326171875;100 mA
1;174;6.61427798330055;0.427001953125;0.00423370361328125;100 mA
1;175;6.61834798329028;0.429412841796875;0.0042510986328125;100 mA
1;176;6.62241798328;0.431884765625;0.00427734375;100 mA
1;177;6.62648798326973;0.434356689453125;0.00428924560546875;100 mA
1;178;6.63055798325945;0.43670654296875;0.0043035888671875;100 mA
1;179;6.63462798324917;0.439208984375;0.004312744140625;100 mA
1;180;6.6386979832389;0.441680908203125;0.0043206787109375;100 mA
1;181;6.64276798322862;0.444183349609375;0.00434722900390625;100 mA
1;182;6.64683798321835;0.446624755859375;0.0043560791015625;100 mA
1;183;6.65090798320807;0.448150634765625;0.003448486328125;100 mA
1;184;6.6549779831978;0.44573974609375;0.00298797607421875;100 mA
1;185;6.65904798318752;0.44329833984375;0.002747802734375;100 mA
1;186;6.66311798317724;0.440887451171875;0.00251708984375;100 mA
1;187;6.66718798316697;0.438446044921875;0.0023345947265625;100 mA
1;188;6.67125798315669;0.435943603515625;0.0021966552734375;100 mA
1;189;6.67532798314642;0.4334716796875;0.00204681396484375;100 mA
1;190;6.67939798313614;0.431060791015625;0.00192047119140625;100 mA
1;191;6.68346798312587;0.4285888671875;0.00181610107421875;100 mA
1;192;6.68753798311559;0.42620849609375;0.00171722412109375;100 mA
1;193;6.69160798310531;0.4237060546875;0.0016082763671875;100 mA
1;194;6.69567798309504;0.421295166015625;0.0015155029296875;100 mA
1;195;6.69974798308476;0.41876220703125;0.00143341064453125;100 mA
1;196;6.70381798307449;0.4163818359375;0.00135284423828125;100 mA
1;197;6.70788798306421;0.41400146484375;0.00127166748046875;100 mA
1;198;6.71195798305394;0.41143798828125;0.00121063232421875;100 mA
1;199;6.71602798304366;0.409088134765625;0.0011151123046875;100 mA
1;200;6.72009798303338;0.40667724609375;0.0010552978515625;100 mA
1;201;6.72416798302311;0.40423583984375;0.00100677490234375;100 mA
1;202;6.72823798301283;0.4017333984375;0.00095977783203125;100 mA
1;203;6.73230798300256;0.3992919921875;0.000881042480468749;100 mA
1;204;6.73637798299228;0.3968505859375;0.0008392333984375;100 mA
1;205;6.740447982982;0.394439697265625;0.000785217285156251;100 mA
1;206;6.74451798297173;0.391998291015625;0.00073577880859375;100 mA
1;207;6.74858798296145;0.3895263671875;0.000693664550781251;100 mA
1;208;6.75265798295118;0.3870849609375;0.000640258789062501;100 mA
1;209;6.7567279829409;0.3846435546875;0.000612487792968749;100 mA
1;210;6.76079798293063;0.38226318359375;0.000557556152343749;100 mA
1;211;6.76486798292035;0.379791259765625;0.00051300048828125;100 mA
1;212;6.76893798291007;0.377288818359375;0.000473937988281251;100 mA
1;213;6.7730079828998;0.374847412109375;0.0004412841796875;100 mA
1;214;6.77707798288952;0.3724365234375;0.00040618896484375;100 mA
1;215;6.78114798287925;0.3699951171875;0.000367126464843751;100 mA
1;216;6.78521798286897;0.367584228515625;0.00031158447265625;100 mA
1;217;6.7892879828587;0.365081787109375;0.0003125;100 mA
1;218;6.79335798284842;0.362640380859375;0.000266113281249999;100 mA
1;219;6.79742798283814;0.3602294921875;0.000235900878906251;100 mA
1;220;6.80149798282787;0.3577880859375;0.000198974609374999;100 mA
1;221;6.80556798281759;0.355316162109375;0.00016815185546875;100 mA
1;222;6.80963798280732;0.352874755859375;0.000145263671875;100 mA
1;223;6.81370798279704;0.350433349609375;0.000121459960937501;100 mA
1;224;6.81777798278677;0.347930908203125;7.14111328125003E-05;100 mA
1;225;6.82184798277649;0.345550537109375;6.07299804687503E-05;100 mA
1;226;6.82591798276621;0.3431396484375;4.02832031249994E-05;100 mA
1;227;6.82998798275594;0.3406982421875;1.19018554687503E-05;100 mA
1;228;6.83405798274566;0.3382568359375;-1.92260742187506E-05;100 mA
1;229;6.83812798273539;0.335845947265625;-3.32641601562503E-05;100 mA
1;230;6.84219798272511;0.33343505859375;-5.61523437500003E-05;100 mA
1;231;6.84626798271483;0.330902099609375;-0.00010406494140625;100 mA
1;232;6.85033798270456;0.3284912109375;-0.000105895996093749;100 mA
1;233;6.85440798269428;0.3260498046875;-0.000160827636718749;100 mA
1;234;6.85847798268401;0.32354736328125;-0.000148620605468749;100 mA
1;235;6.86254798267373;0.3211669921875;-0.0001617431640625;100 mA
1;236;6.86661798266346;0.318695068359375;-0.00019195556640625;100 mA
1;237;6.87068798265318;0.31634521484375;-0.000234069824218749;100 mA
1;238;6.8747579826429;0.313873291015625;-0.0002349853515625;100 mA
1;239;6.87882798263263;0.3114013671875;-0.00025482177734375;100 mA
1;240;6.88289798262235;0.30889892578125;-0.00027740478515625;100 mA
1;241;6.88696798261208;0.30645751953125;-0.0003033447265625;100 mA
1;242;6.8910379826018;0.304046630859375;-0.00031585693359375;100 mA
1;243;6.89510798259153;0.3016357421875;-0.000342712402343751;100 mA
1;244;6.89917798258125;0.29913330078125;-0.000347900390625;100 mA
1;245;6.90324798257097;0.29669189453125;-0.00036590576171875;100 mA
1;246;6.9073179825607;0.29425048828125;-0.000396728515625;100 mA
1;247;6.91138798255042;0.291778564453125;-0.00041168212890625;100 mA
1;248;6.91545798254015;0.28936767578125;-0.000424804687499999;100 mA
1;249;6.91952798252987;0.286956787109375;-0.00045654296875;100 mA
1;250;6.9235979825196;0.284515380859375;-0.000461425781249999;100 mA
1;251;6.92766798250932;0.28204345703125;-0.00047332763671875;100 mA
1;252;6.93173798249904;0.279571533203125;-0.0005145263671875;100 mA
1;253;6.93580798248877;0.277191162109375;-0.0005279541015625;100 mA
1;254;6.93987798247849;0.27471923828125;-0.00052520751953125;100 mA
1;255;6.94394798246822;0.2723388671875;-0.000545654296875001;100 mA
1;256;6.94801798245794;0.269866943359375;-0.000571594238281251;100 mA
1;257;6.95208798244767;0.26739501953125;-0.0005841064453125;100 mA
1;258;6.95615798243739;0.264984130859375;-0.0006072998046875;100 mA
1;259;6.96022798242711;0.26251220703125;-0.000616455078125;100 mA
1;260;6.96429798241684;0.260101318359375;-0.0006488037109375;100 mA
1;261;6.96836798240656;0.25762939453125;-0.00064971923828125;100 mA
1;262;6.97243798239629;0.255126953125;-0.00066192626953125;100 mA
1;263;6.97650798238601;0.25274658203125;-0.00069244384765625;100 mA
1;264;6.98057798237573;0.25030517578125;-0.0007098388671875;100 mA
1;265;6.98464798236546;0.24786376953125;-0.0007293701171875;100 mA
1;266;6.98871798235518;0.24542236328125;-0.00073089599609375;100 mA
1;267;6.99278798234491;0.243011474609375;-0.000750732421875;100 mA
1;268;6.99685798233463;0.24053955078125;-0.000771179199218749;100 mA
1;269;7.00092798232436;0.238128662109375;-0.00079376220703125;100 mA
1;270;7.00499798231408;0.23565673828125;-0.00080230712890625;100 mA
1;271;7.0090679823038;0.233184814453125;-0.0008251953125;100 mA
1;272;7.01313798229353;0.23077392578125;-0.00085296630859375;100 mA
1;273;7.01720798228325;0.22833251953125;-0.0008587646484375;100 mA
1;274;7.02127798227298;0.22589111328125;-0.0008612060546875;100 mA
1;275;7.0253479822627;0.22344970703125;-0.00088623046875;100 mA
1;276;7.02941798225243;0.220977783203125;-0.00091400146484375;100 mA
1;277;7.03348798224215;0.21856689453125;-0.000943603515625;100 mA
1;278;7.03755798223187;0.216094970703125;-0.000931701660156251;100 mA
1;279;7.0416279822216;0.213623046875;-0.000951538085937501;100 mA
1;280;7.04569798221132;0.21124267578125;-0.0009783935546875;100 mA
1;281;7.04976798220105;0.20880126953125;-0.000992431640624999;100 mA
1;282;7.05383798219077;0.206390380859375;-0.000994873046875;100 mA
1;283;7.0579079821805;0.203826904296875;-0.00102752685546875;100 mA
1;284;7.06197798217022;0.20147705078125;-0.001083984375;100 mA
1;285;7.06604798215994;0.199066162109375;-0.001058349609375;100 mA
1;286;7.07011798214967;0.196563720703125;-0.001090087890625;100 mA
1;287;7.07418798213939;0.194183349609375;-0.0010833740234375;100 mA
1;288;7.07825798212912;0.19171142578125;-0.00110260009765625;100 mA
1;289;7.08232798211884;0.189208984375;-0.00112274169921875;100 mA
1;290;7.08639798210856;0.18682861328125;-0.0011505126953125;100 mA
1;291;7.09046798209829;0.184356689453125;-0.00115814208984375;100 mA
1;292;7.09453798208801;0.18194580078125;-0.00118408203125;100 mA
1;293;7.09860798207774;0.17950439453125;-0.0011981201171875;100 mA
1;294;7.10267798206746;0.177032470703125;-0.00121307373046875;100 mA
1;295;7.10674798205719;0.174652099609375;-0.001226806640625;100 mA
1;296;7.11081798204691;0.172149658203125;-0.00124420166015625;100 mA
1;297;7.11488798203663;0.169769287109375;-0.00126434326171875;100 mA
1;298;7.11895798202636;0.16729736328125;-0.0012982177734375;100 mA
1;299;7.12302798201608;0.164794921875;-0.00129669189453125;100 mA
1;300;7.12709798200581;0.162384033203125;-0.00131805419921875;100 mA
1;301;7.13116798199553;0.160003662109375;-0.0013409423828125;100 mA
1;302;7.13523798198526;0.157501220703125;-0.00136138916015625;100 mA
1;303;7.13930798197498;0.155029296875;-0.00137054443359375;100 mA
1;304;7.1433779819647;0.152587890625;-0.0013720703125;100 mA
1;305;7.14744798195443;0.15020751953125;-0.00140869140625;100 mA
1;306;7.15151798194415;0.14776611328125;-0.0014306640625;100 mA
1;307;7.15558798193388;0.145294189453125;-0.001439208984375;100 mA
1;308;7.1596579819236;0.142852783203125;-0.0014569091796875;100 mA
1;309;7.16372798191333;0.140380859375;-0.00147064208984375;100 mA
1;310;7.16779798190305;0.138031005859375;-0.00149627685546875;100 mA
1;311;7.17186798189277;0.135498046875;-0.0015087890625;100 mA
1;312;7.1759379818825;0.13299560546875;-0.00153076171875;100 mA
1;313;7.18000798187222;0.130645751953125;-0.0015545654296875;100 mA
1;314;7.18407798186195;0.128204345703125;-0.0015679931640625;100 mA
1;315;7.18814798185167;0.125762939453125;-0.0015716552734375;100 mA
1;316;7.1922179818414;0.123321533203125;-0.00159698486328125;100 mA
1;317;7.19628798183112;0.120941162109375;-0.001636962890625;100 mA
1;318;7.20035798182084;0.118408203125;-0.00163818359375;100 mA
1;319;7.20442798181057;0.11602783203125;-0.0016558837890625;100 mA
1;320;7.20849798180029;0.113555908203125;-0.00167510986328125;100 mA
1;321;7.21256798179002;0.11114501953125;-0.00170928955078125;100 mA
1;322;7.21663798177974;0.108612060546875;-0.0017242431640625;100 mA
1;323;7.22070798176946;0.10626220703125;-0.00174163818359375;100 mA
1;324;7.22477798175919;0.103759765625;-0.001746826171875;100 mA
1;325;7.22884798174891;0.101348876953125;-0.00177276611328125;100 mA
1;326;7.23291798173864;0.098907470703125;-0.00180511474609375;100 mA
1;327;7.23698798172836;0.096435546875;-0.0018048095703125;100 mA
1;328;7.24105798171809;0.094024658203125;-0.0018255615234375;100 mA
1;329;7.24512798170781;0.091644287109375;-0.0018536376953125;100 mA
1;330;7.24919798169753;0.08917236328125;-0.0018804931640625;100 mA
1;331;7.25326798168726;0.086639404296875;-0.00186981201171875;100 mA
1;332;7.25733798167698;0.08428955078125;-0.001922607421875;100 mA
1;333;7.26140798166671;0.081878662109375;-0.00193267822265625;100 mA
1;334;7.26547798165643;0.079437255859375;-0.0019525146484375;100 mA
1;335;7.26954798164616;0.07696533203125;-0.0019708251953125;100 mA
1;336;7.27361798163588;0.074493408203125;-0.0020001220703125;100 mA
1;337;7.2776879816256;0.07208251953125;-0.00201416015625;100 mA
1;338;7.28175798161533;0.06964111328125;-0.0020391845703125;100 mA
1;339;7.28582798160505;0.06719970703125;-0.0020697021484375;100 mA
1;340;7.28989798159478;0.064697265625;-0.002073974609375;100 mA
1;341;7.2939679815845;0.062164306640625;-0.0020941162109375;100 mA
1;342;7.29803798157423;0.059814453125;-0.00213226318359375;100 mA
1;343;7.30210798156395;0.057281494140625;-0.002159423828125;100 mA
1;344;7.30617798155367;0.054962158203125;-0.0021697998046875;100 mA
1;345;7.3102479815434;0.052520751953125;-0.00221710205078125;100 mA
1;346;7.31431798153312;0.050018310546875;-0.0022381591796875;100 mA
1;347;7.31838798152285;0.0476043701171875;-0.0022625732421875;100 mA
1;348;7.32245798151257;0.0451629638671875;-0.00227691650390625;100 mA
1;349;7.3265279815023;0.0427154541015625;-0.00228302001953125;100 mA
1;350;7.33059798149202;0.0402496337890625;-0.0023358154296875;100 mA
1;351;7.33466798148174;0.037835693359375;-0.00236236572265625;100 mA
1;352;7.33873798147147;0.03541259765625;-0.00237701416015625;100 mA
1;353;7.34280798146119;0.0329498291015625;-0.0024176025390625;100 mA
1;354;7.34687798145092;0.0305328369140625;-0.002451171875;100 mA
1;355;7.35094798144064;0.02806396484375;-0.002486572265625;100 mA
1;356;7.35501798143036;0.025640869140625;-0.00251861572265625;100 mA
1;357;7.35908798142009;0.02318115234375;-0.00253692626953125;100 mA
1;358;7.36315798140981;0.020758056640625;-0.00257720947265625;100 mA
1;359;7.36722798139954;0.018310546875;-0.00261383056640625;100 mA
1;360;7.37129798138926;0.0158447265625;-0.00263397216796875;100 mA
1;361;7.37536798137899;0.0134307861328125;-0.00268951416015625;100 mA
1;362;7.37943798136871;0.0109771728515625;-0.00272186279296875;100 mA
1;363;7.38350798135843;0.00853576660156249;-0.00276519775390625;100 mA
1;364;7.38757798134816;0.0061065673828125;-0.0027911376953125;100 mA
1;365;7.39164798133788;0.0036651611328125;-0.00284027099609375;100 mA
1;366;7.39571798132761;0.0012359619140625;-0.00288818359375;100 mA
1;367;7.39978798131733;-0.00123291015625;-0.00293060302734375;100 mA
1;368;7.40385798130706;-0.0036468505859375;-0.00297210693359375;100 mA
1;369;7.40792798129678;-0.006121826171875;-0.00301513671875;100 mA
1;370;7.4119979812865;-0.0085601806640625;-0.00305694580078125;100 mA
1;371;7.41606798127623;-0.0109954833984375;-0.00311767578125;100 mA
1;372;7.42013798126595;-0.0134368896484375;-0.00315216064453125;100 mA
1;373;7.42420798125568;-0.015887451171875;-0.00320892333984375;100 mA
1;374;7.4282779812454;-0.0183197021484375;-0.003238525390625;100 mA
1;375;7.43234798123513;-0.02076416015625;-0.00332550048828125;100 mA
1;376;7.43641798122485;-0.023211669921875;-0.0033740234375;100 mA
1;377;7.44048798121457;-0.025640869140625;-0.0034356689453125;100 mA
1;378;7.4445579812043;-0.0280975341796875;-0.00349334716796875;100 mA
1;379;7.44862798119402;-0.030560302734375;-0.00355377197265625;100 mA
1;380;7.45269798118375;-0.0329803466796875;-0.003626708984375;100 mA
1;381;7.45676798117347;-0.0354217529296875;-0.003680419921875;100 mA
1;382;7.46083798116319;-0.0378509521484375;-0.00374114990234375;100 mA
1;383;7.46490798115292;-0.040283203125;-0.0038323974609375;100 mA
1;384;7.46897798114264;-0.0427276611328125;-0.003896484375;100 mA
1;385;7.47304798113237;-0.045184326171875;-0.0039599609375;100 mA
1;386;7.47711798112209;-0.0476287841796875;-0.00403411865234375;100 mA
1;387;7.48118798111182;-0.050048828125;-0.0041375732421875;100 mA
1;388;7.48525798110154;-0.052520751953125;-0.0042254638671875;100 mA
1;389;7.48932798109126;-0.05499267578125;-0.00427276611328125;100 mA
1;390;7.49339798108099;-0.057373046875;-0.004388427734375;100 mA
1;391;7.49746798107071;-0.05987548828125;-0.004482421875;100 mA
1;392;7.50153798106044;-0.062347412109375;-0.004598388671875;100 mA
1;393;7.50560798105016;-0.064697265625;-0.00468170166015625;100 mA
1;394;7.50967798103989;-0.0672607421875;-0.0047796630859375;100 mA
1;395;7.51374798102961;-0.06964111328125;-0.00488616943359375;100 mA
1;396;7.51781798101933;-0.072113037109375;-0.004998779296875;100 mA
1;397;7.52188798100906;-0.0745849609375;-0.0051361083984375;100 mA
1;398;7.52595798099878;-0.076934814453125;-0.00526123046875;100 mA
1;399;7.53002798098851;-0.079437255859375;-0.0054107666015625;100 mA
1;400;7.53409798097823;-0.081878662109375;-0.0055206298828125;100 mA
1;401;7.53816798096796;-0.084259033203125;-0.0056182861328125;100 mA
1;402;7.54223798095768;-0.08673095703125;-0.005780029296875;100 mA
1;403;7.5463079809474;-0.08917236328125;-0.0059814453125;100 mA
1;404;7.55037798093713;-0.09161376953125;-0.006103515625;100 mA
1;405;7.55444798092685;-0.09405517578125;-0.00633544921875;100 mA
1;406;7.55851798091658;-0.09649658203125;-0.0064422607421875;100 mA
1;407;7.5625879809063;-0.098907470703125;-0.0065582275390625;100 mA
1;408;7.56665798089603;-0.101409912109375;-0.006781005859375;100 mA
1;409;7.57072798088575;-0.10382080078125;-0.0070098876953125;100 mA
1;410;7.57479798087547;-0.106231689453125;-0.007147216796875;100 mA
1;411;7.5788679808652;-0.108734130859375;-0.0073486328125;100 mA
1;412;7.58293798085492;-0.111114501953125;-0.0075714111328125;100 mA
1;413;7.58700798084465;-0.1136474609375;-0.0077911376953125;100 mA
1;414;7.59107798083437;-0.115997314453125;-0.0079864501953125;100 mA
1;415;7.59514798082409;-0.11846923828125;-0.0082366943359375;100 mA
1;416;7.59921798081382;-0.120941162109375;-0.0084930419921875;100 mA
1;417;7.60328798080354;-0.12335205078125;-0.0087005615234375;100 mA
1;418;7.60735798079327;-0.125762939453125;-0.0089599609375;100 mA
1;419;7.61142798078299;-0.12823486328125;-0.0092376708984375;100 mA
1;420;7.61549798077272;-0.130645751953125;-0.00953369140625;100 mA
1;421;7.61956798076244;-0.133148193359375;-0.00985107421875;100 mA
1;422;7.62363798075216;-0.135528564453125;-0.01011962890625;100 mA
1;423;7.62770798074189;-0.137939453125;-0.010418701171875;100 mA
1;424;7.63177798073161;-0.140411376953125;-0.010791015625;100 mA
1;425;7.63584798072134;-0.142822265625;-0.0111236572265625;100 mA
1;426;7.63991798071106;-0.145355224609375;-0.0114288330078125;100 mA
1;427;7.64398798070079;-0.147735595703125;-0.0117828369140625;100 mA
1;428;7.64805798069051;-0.15020751953125;-0.01219482421875;100 mA
1;429;7.65212798068023;-0.152618408203125;-0.012591552734375;100 mA
1;430;7.65619798066996;-0.155059814453125;-0.01295166015625;100 mA
1;431;7.66026798065968;-0.157501220703125;-0.0133697509765625;100 mA
1;432;7.66433798064941;-0.159912109375;-0.013800048828125;100 mA
1;433;7.66840798063913;-0.16241455078125;-0.0142608642578125;100 mA
1;434;7.67247798062886;-0.1649169921875;-0.01468505859375;100 mA
1;435;7.67654798061858;-0.167266845703125;-0.015142822265625;100 mA
1;436;7.6806179806083;-0.169708251953125;-0.015667724609375;100 mA
1;437;7.68468798059803;-0.172088623046875;-0.0161956787109375;100 mA
1;438;7.68875798058775;-0.17462158203125;-0.016693115234375;100 mA
1;439;7.69282798057748;-0.177001953125;-0.0171966552734375;100 mA
1;440;7.6968979805672;-0.179443359375;-0.0177825927734375;100 mA
1;441;7.70096798055692;-0.181976318359375;-0.0183502197265625;100 mA
1;442;7.70503798054665;-0.18438720703125;-0.0189117431640625;100 mA
1;443;7.70910798053637;-0.186798095703125;-0.01956787109375;100 mA
1;444;7.7131779805261;-0.18927001953125;-0.0202423095703125;100 mA
1;445;7.71724798051582;-0.191680908203125;-0.0208770751953125;100 mA
1;446;7.72131798050555;-0.194091796875;-0.0214874267578125;100 mA
1;447;7.72538798049527;-0.196624755859375;-0.0221588134765625;100 mA
1;448;7.72945798048499;-0.1990966796875;-0.0229400634765625;100 mA
1;449;7.73352798047472;-0.20147705078125;-0.023638916015625;100 mA
1;450;7.73759798046444;-0.203887939453125;-0.0243865966796875;100 mA
1;451;7.74166798045417;-0.206329345703125;-0.02506103515625;100 mA
1;452;7.74573798044389;-0.208770751953125;-0.025921630859375;100 mA
1;453;7.74980798043362;-0.21124267578125;-0.0267181396484375;100 mA
1;454;7.75387798042334;-0.21368408203125;-0.027294921875;100 mA
1;455;7.75794798041306;-0.21612548828125;-0.0283355712890625;100 mA
1;456;7.76201798040279;-0.218505859375;-0.0293304443359375;100 mA
1;457;7.76608798039251;-0.22100830078125;-0.03006591796875;100 mA
1;458;7.77015798038224;-0.223419189453125;-0.030841064453125;100 mA
1;459;7.77422798037196;-0.225830078125;-0.03184814453125;100 mA
1;460;7.77829798036169;-0.228302001953125;-0.032769775390625;100 mA
1;461;7.78236798035141;-0.230712890625;-0.0337615966796875;100 mA
1;462;7.78643798034113;-0.233154296875;-0.0347259521484375;100 mA
1;463;7.79050798033086;-0.235626220703125;-0.035595703125;100 mA
1;464;7.79457798032058;-0.238067626953125;-0.036590576171875;100 mA
1;465;7.79864798031031;-0.240509033203125;-0.0377105712890625;100 mA
1;466;7.80271798030003;-0.24298095703125;-0.038714599609375;100 mA
1;467;7.80678798028976;-0.245391845703125;-0.0395843505859375;100 mA
1;468;7.81085798027948;-0.247833251953125;-0.0406005859375;100 mA
1;469;7.8149279802692;-0.25030517578125;-0.0417877197265625;100 mA
1;470;7.81899798025893;-0.252685546875;-0.0428192138671875;100 mA
1;471;7.82306798024865;-0.25518798828125;-0.043798828125;100 mA
1;472;7.82713798023838;-0.257568359375;-0.044805908203125;100 mA
1;473;7.8312079802281;-0.260040283203125;-0.04599609375;100 mA
1;474;7.83527798021782;-0.26251220703125;-0.0471160888671875;100 mA
1;475;7.83934798020755;-0.264923095703125;-0.048052978515625;100 mA
1;476;7.84341798019727;-0.26739501953125;-0.0491241455078125;100 mA
1;477;7.847487980187;-0.269775390625;-0.05029296875;100 mA
1;478;7.85155798017672;-0.272308349609375;-0.0513916015625;100 mA
1;479;7.85562798016645;-0.274749755859375;-0.0523681640625;100 mA
1;480;7.85969798015617;-0.277099609375;-0.053436279296875;100 mA
1;481;7.86376798014589;-0.27960205078125;-0.05438232421875;100 mA
1;482;7.86783798013562;-0.282012939453125;-0.055511474609375;100 mA
1;483;7.87190798012534;-0.284515380859375;-0.05645751953125;100 mA
1;484;7.87597798011507;-0.28692626953125;-0.057525634765625;100 mA
1;485;7.88004798010479;-0.289337158203125;-0.05859375;100 mA
1;486;7.88411798009452;-0.291748046875;-0.059478759765625;100 mA
1;487;7.88818798008424;-0.294281005859375;-0.06036376953125;100 mA
1;488;7.89225798007396;-0.29669189453125;-0.06134033203125;100 mA
1;489;7.89632798006369;-0.299102783203125;-0.062286376953125;100 mA
1;490;7.90039798005341;-0.301513671875;-0.063201904296875;100 mA
1;491;7.90446798004314;-0.303924560546875;-0.063995361328125;100 mA
1;492;7.90853798003286;-0.306396484375;-0.0648193359375;100 mA
1;493;7.91260798002259;-0.308837890625;-0.065673828125;100 mA
1;494;7.91667798001231;-0.311309814453125;-0.066497802734375;100 mA
1;495;7.92074798000203;-0.31378173828125;-0.06719970703125;100 mA
1;496;7.92481797999176;-0.316162109375;-0.067840576171875;100 mA
1;497;7.92888797998148;-0.31866455078125;-0.06854248046875;100 mA
1;498;7.93295797997121;-0.32110595703125;-0.06927490234375;100 mA
1;499;7.93702797996093;-0.32354736328125;-0.06988525390625;100 mA
1;500;7.94109797995065;-0.325958251953125;-0.070465087890625;100 mA
1;501;7.94516797994038;-0.328399658203125;-0.070953369140625;100 mA
1;502;7.9492379799301;-0.330902099609375;-0.07159423828125;100 mA
1;503;7.95330797991983;-0.333251953125;-0.07208251953125;100 mA
1;504;7.95737797990955;-0.335784912109375;-0.07244873046875;100 mA
1;505;7.96144797989928;-0.338165283203125;-0.07293701171875;100 mA
1;506;7.965517979889;-0.340606689453125;-0.073333740234375;100 mA
1;507;7.96958797987872;-0.343048095703125;-0.07366943359375;100 mA
1;508;7.97365797986845;-0.345489501953125;-0.07391357421875;100 mA
1;509;7.97772797985817;-0.347900390625;-0.07415771484375;100 mA
1;510;7.9817979798479;-0.350311279296875;-0.0745849609375;100 mA
1;511;7.98586797983762;-0.352874755859375;-0.07489013671875;100 mA
1;512;7.98993797982735;-0.355255126953125;-0.07489013671875;100 mA
1;513;7.99400797981707;-0.357666015625;-0.07501220703125;100 mA
1;514;7.99807797980679;-0.360137939453125;-0.07525634765625;100 mA
1;515;8.00214797979652;-0.362579345703125;-0.075408935546875;100 mA
1;516;8.00621797978624;-0.36505126953125;-0.0753173828125;100 mA
1;517;8.01028797977597;-0.367431640625;-0.07537841796875;100 mA
1;518;8.01435797976569;-0.369842529296875;-0.07550048828125;100 mA
1;519;8.01842797975542;-0.372314453125;-0.075531005859375;100 mA
1;520;8.02249797974514;-0.37481689453125;-0.07537841796875;100 mA
1;521;8.02656797973486;-0.377166748046875;-0.07525634765625;100 mA
1;522;8.03063797972459;-0.379638671875;-0.07525634765625;100 mA
1;523;8.03470797971431;-0.382110595703125;-0.07513427734375;100 mA
1;524;8.03877797970404;-0.384490966796875;-0.074981689453125;100 mA
1;525;8.04284797969376;-0.38702392578125;-0.0748291015625;100 mA
1;526;8.04691797968349;-0.389404296875;-0.07464599609375;100 mA
1;527;8.05098797967321;-0.391876220703125;-0.074493408203125;100 mA
1;528;8.05505797966293;-0.39434814453125;-0.07427978515625;100 mA
1;529;8.05912797965266;-0.396728515625;-0.074005126953125;100 mA
1;530;8.06319797964238;-0.399261474609375;-0.07373046875;100 mA
1;531;8.06726797963211;-0.401580810546875;-0.07354736328125;100 mA
1;532;8.07133797962183;-0.40411376953125;-0.0732421875;100 mA
1;533;8.07540797961155;-0.406463623046875;-0.073028564453125;100 mA
1;534;8.07947797960128;-0.408935546875;-0.07275390625;100 mA
1;535;8.083547979591;-0.411376953125;-0.072418212890625;100 mA
1;536;8.08761797958073;-0.413818359375;-0.072052001953125;100 mA
1;537;8.09168797957045;-0.416259765625;-0.07171630859375;100 mA
1;538;8.09575797956018;-0.418701171875;-0.0714111328125;100 mA
1;539;8.0998279795499;-0.421173095703125;-0.071136474609375;100 mA
1;540;8.10389797953962;-0.423583984375;-0.070709228515625;100 mA
1;541;8.10796797952935;-0.426055908203125;-0.0703125;100 mA
1;542;8.11203797951907;-0.428497314453125;-0.069915771484375;100 mA
1;543;8.1161079795088;-0.430908203125;-0.069610595703125;100 mA
1;544;8.12017797949852;-0.43341064453125;-0.0692138671875;100 mA
1;545;8.12424797948825;-0.435821533203125;-0.06884765625;100 mA
1;546;8.12831797947797;-0.43829345703125;-0.068450927734375;100 mA
1;547;8.13238797946769;-0.440673828125;-0.068084716796875;100 mA
1;548;8.13645797945742;-0.44317626953125;-0.067718505859375;100 mA
1;549;8.14052797944714;-0.44561767578125;-0.0672607421875;100 mA
1;550;8.14459797943687;-0.447998046875;-0.06689453125;100 mA
1;551;8.14866797942659;-0.450531005859375;-0.0665283203125;100 mA
1;552;8.15273797941632;-0.452911376953125;-0.066162109375;100 mA
1;553;8.15680797940604;-0.455352783203125;-0.065704345703125;100 mA
1;554;8.16087797939576;-0.457763671875;-0.0653076171875;100 mA
1;555;8.16494797938549;-0.46026611328125;-0.06494140625;100 mA
1;556;8.16901797937521;-0.46270751953125;-0.064544677734375;100 mA
1;557;8.17308797936494;-0.465118408203125;-0.06414794921875;100 mA
1;558;8.17715797935466;-0.46759033203125;-0.063720703125;100 mA
1;559;8.18122797934438;-0.469970703125;-0.063385009765625;100 mA
1;560;8.18529797933411;-0.47247314453125;-0.06298828125;100 mA
1;561;8.18936797932383;-0.474853515625;-0.062591552734375;100 mA
1;562;8.19343797931356;-0.477294921875;-0.06219482421875;100 mA
1;563;8.19750797930328;-0.47979736328125;-0.061798095703125;100 mA
1;564;8.20157797929301;-0.48223876953125;-0.06146240234375;100 mA
1;565;8.20564797928273;-0.484619140625;-0.06103515625;100 mA
1;566;8.20971797927245;-0.487091064453125;-0.060638427734375;100 mA
1;567;8.21378797926218;-0.489532470703125;-0.060302734375;100 mA
1;568;8.2178579792519;-0.49200439453125;-0.059967041015625;100 mA
1;569;8.22192797924163;-0.494476318359375;-0.0595703125;100 mA
1;570;8.22599797923135;-0.496856689453125;-0.059173583984375;100 mA
1;571;8.23006797922108;-0.499237060546875;-0.058868408203125;100 mA
1;572;8.2341379792108;-0.501708984375;-0.058502197265625;100 mA
1;573;8.23820797920052;-0.50421142578125;-0.05810546875;100 mA
1;574;8.24227797919025;-0.506683349609375;-0.057769775390625;100 mA
1;575;8.24634797917997;-0.50909423828125;-0.057464599609375;100 mA
1;576;8.2504179791697;-0.511474609375;-0.057098388671875;100 mA
1;577;8.25448797915942;-0.513946533203125;-0.05682373046875;100 mA
1;578;8.25855797914915;-0.51641845703125;-0.05645751953125;100 mA
1;579;8.26262797913887;-0.518829345703125;-0.056060791015625;100 mA
1;580;8.26669797912859;-0.52130126953125;-0.055816650390625;100 mA
1;581;8.27076797911832;-0.523712158203125;-0.0555419921875;100 mA
1;582;8.27483797910804;-0.526123046875;-0.05511474609375;100 mA
1;583;8.27890797909777;-0.528594970703125;-0.054840087890625;100 mA
1;584;8.28297797908749;-0.53106689453125;-0.05450439453125;100 mA
1;585;8.28704797907722;-0.533477783203125;-0.05419921875;100 mA
1;586;8.29111797906694;-0.53594970703125;-0.053924560546875;100 mA
1;587;8.29518797905666;-0.538360595703125;-0.0535888671875;100 mA
1;588;8.29925797904639;-0.54083251953125;-0.05328369140625;100 mA
1;589;8.30332797903611;-0.543243408203125;-0.053009033203125;100 mA
1;590;8.30739797902584;-0.54571533203125;-0.052703857421875;100 mA
1;591;8.31146797901556;-0.5482177734375;-0.05242919921875;100 mA
1;592;8.31553797900528;-0.550628662109375;-0.052154541015625;100 mA
1;593;8.31960797899501;-0.55303955078125;-0.051910400390625;100 mA
1;594;8.32367797898473;-0.555450439453125;-0.0516357421875;100 mA
1;595;8.32774797897446;-0.5579833984375;-0.05133056640625;100 mA
1;596;8.33181797896418;-0.560333251953125;-0.051116943359375;100 mA
1;597;8.33588797895391;-0.56280517578125;-0.05084228515625;100 mA
1;598;8.33995797894363;-0.565216064453125;-0.050567626953125;100 mA
1;599;8.34402797893335;-0.56768798828125;-0.050323486328125;100 mA
1;600;8.34809797892308;-0.5701904296875;-0.050048828125;100 mA
1;601;8.3521679789128;-0.572540283203125;-0.049798583984375;100 mA
1;602;8.35623797890253;-0.57501220703125;-0.0495758056640625;100 mA
1;603;8.36030797889225;-0.577484130859375;-0.0493255615234375;100 mA
1;604;8.36437797888198;-0.579833984375;-0.04910888671875;100 mA
1;605;8.3684479788717;-0.582275390625;-0.0488433837890625;100 mA
1;606;8.37251797886142;-0.58477783203125;-0.0486114501953125;100 mA
1;607;8.37658797885115;-0.587249755859375;-0.048394775390625;100 mA
1;608;8.38065797884087;-0.589691162109375;-0.048187255859375;100 mA
1;609;8.3847279788306;-0.592071533203125;-0.047943115234375;100 mA
1;610;8.38879797882032;-0.59454345703125;-0.047723388671875;100 mA
1;611;8.39286797881005;-0.59698486328125;-0.0475067138671875;100 mA
1;612;8.39693797879977;-0.599365234375;-0.0473052978515625;100 mA
1;613;8.40100797878949;-0.601898193359375;-0.0470916748046875;100 mA
1;614;8.40507797877922;-0.604278564453125;-0.04688720703125;100 mA
1;615;8.40914797876894;-0.60675048828125;-0.0467041015625;100 mA
1;616;8.41321797875867;-0.60919189453125;-0.0465087890625;100 mA
1;617;8.41728797874839;-0.61163330078125;-0.04627685546875;100 mA
1;618;8.42135797873811;-0.61407470703125;-0.0460784912109375;100 mA
1;619;8.42542797872784;-0.61651611328125;-0.0459197998046875;100 mA
1;620;8.42949797871756;-0.618988037109375;-0.045733642578125;100 mA
1;621;8.43356797870729;-0.62139892578125;-0.045550537109375;100 mA
1;622;8.43763797869701;-0.62384033203125;-0.0453277587890625;100 mA
1;623;8.44170797868674;-0.62628173828125;-0.04517822265625;100 mA
1;624;8.44577797867646;-0.62872314453125;-0.0449981689453125;100 mA
1;625;8.44984797866618;-0.631134033203125;-0.044818115234375;100 mA
1;626;8.45391797865591;-0.63360595703125;-0.0445831298828125;100 mA
1;627;8.45798797864563;-0.636016845703125;-0.0444915771484375;100 mA
1;628;8.46205797863536;-0.638458251953125;-0.0443603515625;100 mA
1;629;8.46612797862508;-0.640899658203125;-0.0441375732421875;100 mA
1;630;8.47019797861481;-0.64337158203125;-0.043951416015625;100 mA
1;631;8.47426797860453;-0.645782470703125;-0.043804931640625;100 mA
1;632;8.47833797859425;-0.648223876953125;-0.043646240234375;100 mA
1;633;8.48240797858398;-0.650726318359375;-0.043475341796875;100 mA
1;634;8.4864779785737;-0.6531982421875;-0.0433319091796875;100 mA
1;635;8.49054797856343;-0.655517578125;-0.0431640625;100 mA
1;636;8.49461797855315;-0.657989501953125;-0.0430328369140625;100 mA
1;637;8.49868797854288;-0.660400390625;-0.042938232421875;100 mA
1;638;8.5027579785326;-0.662811279296875;-0.0427764892578125;100 mA
1;639;8.50682797852232;-0.665313720703125;-0.042608642578125;100 mA
1;640;8.51089797851205;-0.667816162109375;-0.04244384765625;100 mA
1;641;8.51496797850177;-0.670196533203125;-0.042327880859375;100 mA
1;642;8.5190379784915;-0.672576904296875;-0.0422088623046875;100 mA
1;643;8.52310797848122;-0.675079345703125;-0.042041015625;100 mA
1;644;8.52717797847095;-0.677520751953125;-0.0419036865234375;100 mA
1;645;8.53124797846067;-0.67999267578125;-0.0417938232421875;100 mA
1;646;8.53531797845039;-0.682464599609375;-0.0416717529296875;100 mA
1;647;8.53938797844012;-0.684844970703125;-0.04151611328125;100 mA
1;648;8.54345797842984;-0.68731689453125;-0.0414276123046875;100 mA
1;649;8.54752797841957;-0.68975830078125;-0.04130859375;100 mA
1;650;8.55159797840929;-0.692230224609375;-0.041180419921875;100 mA
1;651;8.55566797839901;-0.694610595703125;-0.04105224609375;100 mA
1;652;8.55973797838874;-0.697052001953125;-0.0409332275390625;100 mA
1;653;8.56380797837846;-0.699493408203125;-0.0408050537109375;100 mA
1;654;8.56787797836819;-0.701934814453125;-0.040716552734375;100 mA
1;655;8.57194797835791;-0.704376220703125;-0.040594482421875;100 mA
1;656;8.57601797834764;-0.706878662109375;-0.0404754638671875;100 mA
1;657;8.58008797833736;-0.709259033203125;-0.0404083251953125;100 mA
1;658;8.58415797832708;-0.711761474609375;-0.0402557373046875;100 mA
1;659;8.58822797831681;-0.714202880859375;-0.0401611328125;100 mA
1;660;8.59229797830653;-0.71661376953125;-0.040093994140625;100 mA
1;661;8.59636797829626;-0.71905517578125;-0.04000244140625;100 mA
1;662;8.60043797828598;-0.72149658203125;-0.039874267578125;100 mA
1;663;8.60450797827571;-0.723907470703125;-0.0397430419921875;100 mA
1;664;8.60857797826543;-0.726348876953125;-0.0396942138671875;100 mA
1;665;8.61264797825515;-0.728790283203125;-0.0396331787109375;100 mA
1;666;8.61671797824488;-0.731292724609375;-0.0394989013671875;100 mA
1;667;8.6207879782346;-0.733642578125;-0.0394195556640625;100 mA
1;668;8.62485797822433;-0.73614501953125;-0.0392913818359375;100 mA
1;669;8.62892797821405;-0.73858642578125;-0.0392120361328125;100 mA
1;670;8.63299797820378;-0.740997314453125;-0.039154052734375;100 mA
1;671;8.6370679781935;-0.74346923828125;-0.0390289306640625;100 mA
1;672;8.64113797818322;-0.74591064453125;-0.0389556884765625;100 mA
1;673;8.64520797817295;-0.748321533203125;-0.038861083984375;100 mA
1;674;8.64927797816267;-0.75103759765625;-0.0387847900390625;100 mA
1;675;8.6533479781524;-0.75347900390625;-0.038690185546875;100 mA
1;676;8.65741797814212;-0.75592041015625;-0.0386444091796875;100 mA
1;677;8.66148797813185;-0.7586669921875;-0.0385711669921875;100 mA
1;678;8.66555797812157;-0.7611083984375;-0.038458251953125;100 mA
1;679;8.66962797811129;-0.76324462890625;-0.038421630859375;100 mA
1;680;8.67369797810102;-0.76568603515625;-0.03831787109375;100 mA
1;681;8.67776797809074;-0.7684326171875;-0.0382568359375;100 mA
1;682;8.68183797808047;-0.77056884765625;-0.0381927490234375;100 mA
1;683;8.68590797807019;-0.77301025390625;-0.038140869140625;100 mA
1;684;8.68997797805991;-0.77545166015625;-0.0380279541015625;100 mA
1;685;8.69404797804964;-0.777587890625;-0.0379608154296875;100 mA
1;686;8.69811797803936;-0.7806396484375;-0.0379058837890625;100 mA
1;687;8.70218797802909;-0.7830810546875;-0.037884521484375;100 mA
1;688;8.70625797801881;-0.78521728515625;-0.0377471923828125;100 mA
1;689;8.71032797800854;-0.787353515625;-0.0377227783203125;100 mA
1;690;8.71439797799826;-0.79010009765625;-0.0376739501953125;100 mA
1;691;8.71846797798798;-0.792236328125;-0.0375762939453125;100 mA
1;692;8.72253797797771;-0.794677734375;-0.0375091552734375;100 mA
1;693;8.72660797796743;-0.79742431640625;-0.0374420166015625;100 mA
1;694;8.73067797795716;-0.8001708984375;-0.0374053955078125;100 mA
1;695;8.73474797794688;-0.80230712890625;-0.0373504638671875;100 mA
1;696;8.73881797793661;-0.80474853515625;-0.0372894287109375;100 mA
1;697;8.74288797792633;-0.806884765625;-0.037213134765625;100 mA
1;698;8.74695797791605;-0.809326171875;-0.0371612548828125;100 mA
1;699;8.75102797790578;-0.81207275390625;-0.0371337890625;100 mA
1;700;8.7550979778955;-0.814208984375;-0.037030029296875;100 mA
1;701;8.75916797788523;-0.81695556640625;-0.036993408203125;100 mA
1;702;8.76323797787495;-0.81939697265625;-0.03695068359375;100 mA
1;703;8.76730797786468;-0.821533203125;-0.036895751953125;100 mA
1;704;8.7713779778544;-0.82427978515625;-0.03677978515625;100 mA
1;705;8.77544797784412;-0.82672119140625;-0.0367523193359375;100 mA
1;706;8.77951797783385;-0.82916259765625;-0.0366943359375;100 mA
1;707;8.78358797782357;-0.8319091796875;-0.0366607666015625;100 mA
1;708;8.7876579778133;-0.83404541015625;-0.0365447998046875;100 mA
1;709;8.79172797780302;-0.83648681640625;-0.0365234375;100 mA
1;710;8.79579797779274;-0.83831787109375;-0.036492919921875;100 mA
1;711;8.79986797778247;-0.841064453125;-0.0364105224609375;100 mA
1;712;8.80393797777219;-0.8441162109375;-0.0363433837890625;100 mA
1;713;8.80800797776192;-0.845947265625;-0.03629150390625;100 mA
1;714;8.81207797775164;-0.848388671875;-0.03621826171875;100 mA
1;715;8.81614797774137;-0.85113525390625;-0.036163330078125;100 mA
1;716;8.82021797773109;-0.8538818359375;-0.03612060546875;100 mA
1;717;8.82428797772081;-0.8563232421875;-0.0360748291015625;100 mA
1;718;8.82835797771054;-0.858154296875;-0.03597412109375;100 mA
1;719;8.83242797770026;-0.86090087890625;-0.03594970703125;100 mA
1;720;8.83649797768999;-0.86273193359375;-0.035919189453125;100 mA
1;721;8.84056797767971;-0.86578369140625;-0.0358123779296875;100 mA
1;722;8.84463797766944;-0.86822509765625;-0.0357696533203125;100 mA
1;723;8.84870797765916;-0.8709716796875;-0.0357421875;100 mA
1;724;8.85277797764888;-0.87310791015625;-0.0357177734375;100 mA
1;725;8.85684797763861;-0.875244140625;-0.0356170654296875;100 mA
1;726;8.86091797762833;-0.877685546875;-0.035546875;100 mA
1;727;8.86498797761806;-0.880126953125;-0.035479736328125;100 mA
1;728;8.86905797760778;-0.88287353515625;-0.0354278564453125;100 mA
1;729;8.87312797759751;-0.88531494140625;-0.0353729248046875;100 mA
1;730;8.87719797758723;-0.88775634765625;-0.0352874755859375;100 mA
1;731;8.88126797757695;-0.89019775390625;-0.035284423828125;100 mA
1;732;8.88533797756668;-0.8929443359375;-0.035235595703125;100 mA
1;733;8.8894079775564;-0.89508056640625;-0.035150146484375;100 mA
1;734;8.89347797754613;-0.89813232421875;-0.0350677490234375;100 mA
1;735;8.89754797753585;-0.899658203125;-0.03507080078125;100 mA
1;736;8.90161797752558;-0.902099609375;-0.0349853515625;100 mA
1;737;8.9056879775153;-0.9051513671875;-0.0349578857421875;100 mA
1;738;8.90975797750502;-0.906982421875;-0.0348602294921875;100 mA
1;739;8.91382797749475;-0.90972900390625;-0.0348388671875;100 mA
1;740;8.91789797748447;-0.911865234375;-0.034808349609375;100 mA
1;741;8.9219679774742;-0.9149169921875;-0.034710693359375;100 mA
1;742;8.92603797746392;-0.9173583984375;-0.0346466064453125;100 mA
1;743;8.93010797745364;-0.919189453125;-0.0346343994140625;100 mA
1;744;8.93417797744337;-0.92193603515625;-0.034588623046875;100 mA
1;745;8.93824797743309;-0.92498779296875;-0.034503173828125;100 mA
1;746;8.94231797742282;-0.926513671875;-0.0344879150390625;100 mA
1;747;8.94638797741254;-0.92926025390625;-0.0344512939453125;100 mA
1;748;8.95045797740227;-0.931396484375;-0.03438720703125;100 mA
1;749;8.95452797739199;-0.9344482421875;-0.0344696044921875;100 mA
1;750;8.95859797738171;-0.93658447265625;-0.0343017578125;100 mA
1;751;8.96266797737144;-0.938720703125;-0.0341888427734375;100 mA
1;752;8.96673797736116;-0.941162109375;-0.0342132568359375;100 mA
1;753;8.97080797735089;-0.94329833984375;-0.0342315673828125;100 mA
1;754;8.97487797734061;-0.9466552734375;-0.0341033935546875;100 mA
1;755;8.97894797733034;-0.94940185546875;-0.034112548828125;100 mA
1;756;8.98301797732006;-0.9515380859375;-0.034002685546875;100 mA
1;757;8.98708797730978;-0.95367431640625;-0.033978271484375;100 mA
1;758;8.99115797729951;-0.955810546875;-0.033935546875;100 mA
1;759;8.99522797728923;-0.958251953125;-0.0339019775390625;100 mA
1;760;8.99929797727896;-0.96099853515625;-0.033843994140625;100 mA
1;761;9.00336797726868;-0.96343994140625;-0.0338104248046875;100 mA
1;762;9.00743797725841;-0.96527099609375;-0.0337677001953125;100 mA
1;763;9.01150797724813;-0.96832275390625;-0.0337493896484375;100 mA
1;764;9.01557797723785;-0.9710693359375;-0.0337554931640625;100 mA
1;765;9.01964797722758;-0.97320556640625;-0.03369140625;100 mA
1;766;9.0237179772173;-0.975341796875;-0.0336029052734375;100 mA
1;767;9.02778797720703;-0.977783203125;-0.03358154296875;100 mA
1;768;9.03185797719675;-0.980224609375;-0.033526611328125;100 mA
1;769;9.03592797718647;-0.9832763671875;-0.0335906982421875;100 mA
1;770;9.0399979771762;-0.985107421875;-0.033489990234375;100 mA
1;771;9.04406797716592;-0.987548828125;-0.0334747314453125;100 mA
1;772;9.04813797715565;-0.989990234375;-0.0334747314453125;100 mA
1;773;9.05220797714537;-0.992431640625;-0.033441162109375;100 mA
1;774;9.0562779771351;-0.994873046875;-0.033380126953125;100 mA
1;775;9.06034797712482;-0.997314453125;-0.033306884765625;100 mA
1;776;9.06441797711454;-1.00006103515625;-0.033282470703125;100 mA
1;777;9.06848797710427;-0.9991455078125;-0.029473876953125;100 mA
1;778;9.07255797709399;-0.99700927734375;-0.0286956787109375;100 mA
1;779;9.07662797708372;-0.99395751953125;-0.028204345703125;100 mA
1;780;9.08069797707344;-0.99151611328125;-0.0278778076171875;100 mA
1;781;9.08476797706317;-0.9893798828125;-0.0275726318359375;100 mA
1;782;9.08883797705289;-0.9869384765625;-0.027294921875;100 mA
1;783;9.09290797704261;-0.98419189453125;-0.027081298828125;100 mA
1;784;9.09697797703234;-0.9820556640625;-0.0269195556640625;100 mA
1;785;9.10104797702206;-0.97930908203125;-0.0267364501953125;100 mA
1;786;9.10511797701179;-0.9765625;-0.0264892578125;100 mA
1;787;9.10918797700151;-0.9747314453125;-0.0264495849609375;100 mA
1;788;9.11325797699124;-0.97259521484375;-0.02630615234375;100 mA
1;789;9.11732797698096;-0.96923828125;-0.0261322021484375;100 mA
1;790;9.12139797697068;-0.96710205078125;-0.0259613037109375;100 mA
1;791;9.12546797696041;-0.9649658203125;-0.0259033203125;100 mA
1;792;9.12953797695013;-0.96282958984375;-0.02581787109375;100 mA
1;793;9.13360797693986;-0.9600830078125;-0.0257110595703125;100 mA
1;794;9.13767797692958;-0.95733642578125;-0.025604248046875;100 mA
1;795;9.14174797691931;-0.9552001953125;-0.0254974365234375;100 mA
1;796;9.14581797690903;-0.9521484375;-0.025433349609375;100 mA
1;797;9.14988797689875;-0.95001220703125;-0.025347900390625;100 mA
1;798;9.15395797688848;-0.9478759765625;-0.025164794921875;100 mA
1;799;9.1580279768782;-0.9454345703125;-0.0251708984375;100 mA
1;800;9.16209797686793;-0.9423828125;-0.0252288818359375;100 mA
1;801;9.16616797685765;-0.94024658203125;-0.025006103515625;100 mA
1;802;9.17023797684737;-0.93841552734375;-0.0248931884765625;100 mA
1;803;9.1743079768371;-0.9356689453125;-0.024884033203125;100 mA
1;804;9.17837797682682;-0.93292236328125;-0.024835205078125;100 mA
1;805;9.18244797681655;-0.93109130859375;-0.02476806640625;100 mA
1;806;9.18651797680627;-0.92803955078125;-0.02470703125;100 mA
1;807;9.190587976796;-0.92559814453125;-0.0245849609375;100 mA
1;808;9.19465797678572;-0.9228515625;-0.024560546875;100 mA
1;809;9.19872797677544;-0.9210205078125;-0.024468994140625;100 mA
1;810;9.20279797676517;-0.91827392578125;-0.0244384765625;100 mA
1;811;9.20686797675489;-0.91644287109375;-0.0243316650390625;100 mA
1;812;9.21093797674462;-0.9136962890625;-0.0242919921875;100 mA
1;813;9.21500797673434;-0.91064453125;-0.0242767333984375;100 mA
1;814;9.21907797672407;-0.9088134765625;-0.024212646484375;100 mA
1;815;9.22314797671379;-0.9063720703125;-0.0241485595703125;100 mA
1;816;9.22721797670351;-0.9039306640625;-0.0240692138671875;100 mA
1;817;9.23128797669324;-0.9014892578125;-0.0240264892578125;100 mA
1;818;9.23535797668296;-0.8984375;-0.023980712890625;100 mA
1;819;9.23942797667269;-0.89599609375;-0.023907470703125;100 mA
1;820;9.24349797666241;-0.8935546875;-0.0238494873046875;100 mA
1;821;9.24756797665214;-0.89141845703125;-0.0238311767578125;100 mA
1;822;9.25163797664186;-0.88897705078125;-0.0237823486328125;100 mA
1;823;9.25570797663158;-0.88623046875;-0.023736572265625;100 mA
1;824;9.25977797662131;-0.8837890625;-0.023651123046875;100 mA
1;825;9.26384797661103;-0.88165283203125;-0.0236053466796875;100 mA
1;826;9.26791797660076;-0.87921142578125;-0.0235748291015625;100 mA
1;827;9.27198797659048;-0.87615966796875;-0.0235321044921875;100 mA
1;828;9.2760579765802;-0.87371826171875;-0.023480224609375;100 mA
1;829;9.28012797656993;-0.87158203125;-0.023443603515625;100 mA
1;830;9.28419797655965;-0.8685302734375;-0.0233978271484375;100 mA
1;831;9.28826797654938;-0.86669921875;-0.023291015625;100 mA
1;832;9.2923379765391;-0.8648681640625;-0.0232635498046875;100 mA
1;833;9.29640797652883;-0.8612060546875;-0.0232452392578125;100 mA
1;834;9.30047797651855;-0.859375;-0.02318115234375;100 mA
1;835;9.30454797650827;-0.85662841796875;-0.0231201171875;100 mA
1;836;9.308617976498;-0.8544921875;-0.0230987548828125;100 mA
1;837;9.31268797648772;-0.85174560546875;-0.02308349609375;100 mA
1;838;9.31675797647745;-0.84991455078125;-0.023028564453125;100 mA
1;839;9.32082797646717;-0.84747314453125;-0.0229461669921875;100 mA
1;840;9.3248979764569;-0.8447265625;-0.02291259765625;100 mA
1;841;9.32896797644662;-0.84197998046875;-0.022882080078125;100 mA
1;842;9.33303797643634;-0.83984375;-0.0228485107421875;100 mA
1;843;9.33710797642607;-0.83770751953125;-0.0227783203125;100 mA
1;844;9.34117797641579;-0.8349609375;-0.0227447509765625;100 mA
1;845;9.34524797640552;-0.8319091796875;-0.022650146484375;100 mA
1;846;9.34931797639524;-0.8294677734375;-0.0226776123046875;100 mA
1;847;9.35338797638497;-0.8270263671875;-0.022607421875;100 mA
1;848;9.35745797637469;-0.8251953125;-0.022564697265625;100 mA
1;849;9.36152797636441;-0.82275390625;-0.0225311279296875;100 mA
1;850;9.36559797635414;-0.82000732421875;-0.022509765625;100 mA
1;851;9.36966797634386;-0.81787109375;-0.022467041015625;100 mA
1;852;9.37373797633359;-0.8154296875;-0.022430419921875;100 mA
1;853;9.37780797632331;-0.81298828125;-0.0223663330078125;100 mA
1;854;9.38187797631304;-0.810546875;-0.0223388671875;100 mA
1;855;9.38594797630276;-0.80780029296875;-0.0223114013671875;100 mA
1;856;9.39001797629248;-0.8056640625;-0.022235107421875;100 mA
1;857;9.39408797628221;-0.80322265625;-0.022216796875;100 mA
1;858;9.39815797627193;-0.80078125;-0.02222900390625;100 mA
1;859;9.40222797626166;-0.79833984375;-0.02216796875;100 mA
1;860;9.40629797625138;-0.7958984375;-0.022113037109375;100 mA
1;861;9.4103679762411;-0.79315185546875;-0.0220703125;100 mA
1;862;9.41443797623083;-0.79132080078125;-0.022052001953125;100 mA
1;863;9.41850797622055;-0.787353515625;-0.0220123291015625;100 mA
1;864;9.42257797621028;-0.78582763671875;-0.0219757080078125;100 mA
1;865;9.4266479762;-0.78338623046875;-0.0219482421875;100 mA
1;866;9.43071797618973;-0.78094482421875;-0.0219329833984375;100 mA
1;867;9.43478797617945;-0.77850341796875;-0.021893310546875;100 mA
1;868;9.43885797616917;-0.7763671875;-0.02183837890625;100 mA
1;869;9.4429279761589;-0.77362060546875;-0.0218109130859375;100 mA
1;870;9.44699797614862;-0.77178955078125;-0.021771240234375;100 mA
1;871;9.45106797613835;-0.76873779296875;-0.021746826171875;100 mA
1;872;9.45513797612807;-0.76690673828125;-0.0217010498046875;100 mA
1;873;9.4592079761178;-0.76385498046875;-0.021661376953125;100 mA
1;874;9.46327797610752;-0.76171875;-0.02166748046875;100 mA
1;875;9.46734797609724;-0.75897216796875;-0.021630859375;100 mA
1;876;9.47141797608697;-0.75653076171875;-0.021551513671875;100 mA
1;877;9.47548797607669;-0.7537841796875;-0.021563720703125;100 mA
1;878;9.47955797606642;-0.751953125;-0.021533203125;100 mA
1;879;9.48362797605614;-0.748992919921875;-0.021466064453125;100 mA
1;880;9.48769797604587;-0.74658203125;-0.021417236328125;100 mA
1;881;9.49176797603559;-0.74407958984375;-0.021405029296875;100 mA
1;882;9.49583797602531;-0.74163818359375;-0.02139892578125;100 mA
1;883;9.49990797601504;-0.739227294921875;-0.0213592529296875;100 mA
1;884;9.50397797600476;-0.736785888671875;-0.0212982177734375;100 mA
1;885;9.50804797599449;-0.73431396484375;-0.0212738037109375;100 mA
1;886;9.51211797598421;-0.731842041015625;-0.0212646484375;100 mA
1;887;9.51618797597393;-0.7293701171875;-0.0212127685546875;100 mA
1;888;9.52025797596366;-0.72698974609375;-0.0211822509765625;100 mA
1;889;9.52432797595338;-0.7244873046875;-0.021124267578125;100 mA
1;890;9.52839797594311;-0.722076416015625;-0.0211029052734375;100 mA
1;891;9.53246797593283;-0.7196044921875;-0.021075439453125;100 mA
1;892;9.53653797592256;-0.717132568359375;-0.021026611328125;100 mA
1;893;9.54060797591228;-0.7147216796875;-0.0209991455078125;100 mA
1;894;9.544677975902;-0.712249755859375;-0.020965576171875;100 mA
1;895;9.54874797589173;-0.70977783203125;-0.020953369140625;100 mA
1;896;9.55281797588145;-0.707366943359375;-0.0208984375;100 mA
1;897;9.55688797587118;-0.704864501953125;-0.020867919921875;100 mA
1;898;9.5609579758609;-0.702423095703125;-0.02081298828125;100 mA
1;899;9.56502797585063;-0.70001220703125;-0.02078857421875;100 mA
1;900;9.56909797584035;-0.697540283203125;-0.020758056640625;100 mA
1;901;9.57316797583007;-0.695068359375;-0.02069091796875;100 mA
1;902;9.5772379758198;-0.692626953125;-0.0206573486328125;100 mA
1;903;9.58130797580952;-0.690155029296875;-0.0206451416015625;100 mA
1;904;9.58537797579925;-0.68780517578125;-0.0205963134765625;100 mA
1;905;9.58944797578897;-0.68524169921875;-0.02054443359375;100 mA
1;906;9.5935179757787;-0.6827392578125;-0.020513916015625;100 mA
1;907;9.59758797576842;-0.68035888671875;-0.0204864501953125;100 mA
1;908;9.60165797575814;-0.67791748046875;-0.0204376220703125;100 mA
1;909;9.60572797574787;-0.6754150390625;-0.0203704833984375;100 mA
1;910;9.60979797573759;-0.673004150390625;-0.0203369140625;100 mA
1;911;9.61386797572732;-0.67059326171875;-0.0202880859375;100 mA
1;912;9.61793797571704;-0.668121337890625;-0.0202728271484375;100 mA
1;913;9.62200797570677;-0.6656494140625;-0.0202301025390625;100 mA
1;914;9.62607797569649;-0.663177490234375;-0.0201904296875;100 mA
1;915;9.63014797568621;-0.660736083984375;-0.020159912109375;100 mA
1;916;9.63421797567594;-0.65826416015625;-0.020086669921875;100 mA
1;917;9.63828797566566;-0.655914306640625;-0.0200531005859375;100 mA
1;918;9.64235797565539;-0.653350830078125;-0.019976806640625;100 mA
1;919;9.64642797564511;-0.650970458984375;-0.019976806640625;100 mA
1;920;9.65049797563483;-0.64849853515625;-0.0199188232421875;100 mA
1;921;9.65456797562456;-0.64599609375;-0.0199066162109375;100 mA
1;922;9.65863797561428;-0.643585205078125;-0.019793701171875;100 mA
1;923;9.66270797560401;-0.641143798828125;-0.0197052001953125;100 mA
1;924;9.66677797559373;-0.638702392578125;-0.0197235107421875;100 mA
1;925;9.67084797558346;-0.63623046875;-0.019683837890625;100 mA
1;926;9.67491797557318;-0.6337890625;-0.0195831298828125;100 mA
1;927;9.6789879755629;-0.63134765625;-0.019549560546875;100 mA
1;928;9.68305797555263;-0.62890625;-0.01949462890625;100 mA
1;929;9.68712797554235;-0.626434326171875;-0.0194244384765625;100 mA
1;930;9.69119797553208;-0.623992919921875;-0.019378662109375;100 mA
1;931;9.6952679755218;-0.62152099609375;-0.01929931640625;100 mA
1;932;9.69933797551153;-0.619140625;-0.0192352294921875;100 mA
1;933;9.70340797550125;-0.616607666015625;-0.01917724609375;100 mA
1;934;9.70747797549097;-0.614227294921875;-0.019097900390625;100 mA
1;935;9.7115479754807;-0.611785888671875;-0.0190399169921875;100 mA
1;936;9.71561797547042;-0.60931396484375;-0.018988037109375;100 mA
1;937;9.71968797546015;-0.606842041015625;-0.0189605712890625;100 mA
1;938;9.72375797544987;-0.6043701171875;-0.01885986328125;100 mA
1;939;9.7278279754396;-0.6019287109375;-0.0187835693359375;100 mA
1;940;9.73189797542932;-0.5994873046875;-0.0187225341796875;100 mA
1;941;9.73596797541904;-0.5970458984375;-0.0186492919921875;100 mA
1;942;9.74003797540877;-0.5946044921875;-0.0185638427734375;100 mA
1;943;9.74410797539849;-0.59210205078125;-0.0184906005859375;100 mA
1;944;9.74817797538822;-0.5897216796875;-0.0183990478515625;100 mA
1;945;9.75224797537794;-0.58721923828125;-0.0183502197265625;100 mA
1;946;9.75631797536766;-0.58477783203125;-0.0182464599609375;100 mA
1;947;9.76038797535739;-0.58233642578125;-0.0181671142578125;100 mA
1;948;9.76445797534711;-0.579803466796875;-0.0180938720703125;100 mA
1;949;9.76852797533684;-0.577423095703125;-0.0180084228515625;100 mA
1;950;9.77259797532656;-0.574920654296875;-0.0178955078125;100 mA
1;951;9.77666797531629;-0.57257080078125;-0.01778564453125;100 mA
1;952;9.78073797530601;-0.570068359375;-0.0177215576171875;100 mA
1;953;9.78480797529573;-0.56756591796875;-0.017578125;100 mA
1;954;9.78887797528546;-0.565155029296875;-0.0175140380859375;100 mA
1;955;9.79294797527518;-0.562713623046875;-0.01739501953125;100 mA
1;956;9.79701797526491;-0.560211181640625;-0.017291259765625;100 mA
1;957;9.80108797525463;-0.557830810546875;-0.0171783447265625;100 mA
1;958;9.80515797524436;-0.555328369140625;-0.0170562744140625;100 mA
1;959;9.80922797523408;-0.55291748046875;-0.0169189453125;100 mA
1;960;9.8132979752238;-0.550445556640625;-0.016827392578125;100 mA
1;961;9.81736797521353;-0.5479736328125;-0.0167083740234375;100 mA
1;962;9.82143797520325;-0.545562744140625;-0.016534423828125;100 mA
1;963;9.82550797519298;-0.54315185546875;-0.016412353515625;100 mA
1;964;9.8295779751827;-0.540679931640625;-0.0162811279296875;100 mA
1;965;9.83364797517243;-0.5382080078125;-0.0161346435546875;100 mA
1;966;9.83771797516215;-0.535736083984375;-0.0159912109375;100 mA
1;967;9.84178797515187;-0.53326416015625;-0.015814208984375;100 mA
1;968;9.8458579751416;-0.530792236328125;-0.015692138671875;100 mA
1;969;9.84992797513132;-0.5284423828125;-0.0155364990234375;100 mA
1;970;9.85399797512105;-0.52593994140625;-0.015252685546875;100 mA
1;971;9.85806797511077;-0.523468017578125;-0.0151611328125;100 mA
1;972;9.8621379751005;-0.521026611328125;-0.01507568359375;100 mA
1;973;9.86620797509022;-0.51861572265625;-0.01480712890625;100 mA
1;974;9.87027797507994;-0.51611328125;-0.014581298828125;100 mA
1;975;9.87434797506967;-0.51373291015625;-0.0144256591796875;100 mA
1;976;9.87841797505939;-0.511199951171875;-0.014202880859375;100 mA
1;977;9.88248797504912;-0.5087890625;-0.0140106201171875;100 mA
1;978;9.88655797503884;-0.50628662109375;-0.0137725830078125;100 mA
1;979;9.89062797502856;-0.503814697265625;-0.0135223388671875;100 mA
1;980;9.89469797501829;-0.50146484375;-0.01329345703125;100 mA
1;981;9.89876797500801;-0.498992919921875;-0.0130828857421875;100 mA
1;982;9.90283797499774;-0.496551513671875;-0.01279296875;100 mA
1;983;9.90690797498746;-0.49407958984375;-0.0125518798828125;100 mA
1;984;9.91097797497719;-0.491668701171875;-0.012237548828125;100 mA
1;985;9.91504797496691;-0.489227294921875;-0.01199951171875;100 mA
1;986;9.91911797495663;-0.48675537109375;-0.0117218017578125;100 mA
1;987;9.92318797494636;-0.4842529296875;-0.011407470703125;100 mA
1;988;9.92725797493608;-0.481842041015625;-0.011077880859375;100 mA
1;989;9.93132797492581;-0.479339599609375;-0.0107818603515625;100 mA
1;990;9.93539797491553;-0.4769287109375;-0.010430908203125;100 mA
1;991;9.93946797490526;-0.47442626953125;-0.0100616455078125;100 mA
1;992;9.94353797489498;-0.4720458984375;-0.0097320556640625;100 mA
1;993;9.9476079748847;-0.469512939453125;-0.0093719482421875;100 mA
1;994;9.95167797487443;-0.46710205078125;-0.0089752197265625;100 mA
1;995;9.95574797486415;-0.46466064453125;-0.0086090087890625;100 mA
1;996;9.95981797485388;-0.462249755859375;-0.0081573486328125;100 mA
1;997;9.9638879748436;-0.459747314453125;-0.00775146484375;100 mA
1;998;9.96795797483333;-0.45733642578125;-0.007305908203125;100 mA
1;999;9.97202797482305;-0.454925537109375;-0.006866455078125;100 mA
1;1000;9.97609797481277;-0.45245361328125;-0.0064208984375;100 mA
1;1001;9.9801679748025;-0.45001220703125;-0.0059906005859375;100 mA
1;1002;9.98423797479222;-0.447509765625;-0.0054229736328125;100 mA
1;1003;9.98830797478195;-0.44512939453125;-0.0048358154296875;100 mA
1;1004;9.99237797477167;-0.442596435546875;-0.004339599609375;100 mA
1;1005;9.9964479747614;-0.440155029296875;-0.00385101318359375;100 mA
1;1006;10.0005179747511;-0.437713623046875;-0.003262939453125;100 mA
1;1007;10.0045879747408;-0.435272216796875;-0.00266754150390625;100 mA
1;1008;10.0086579747306;-0.432861328125;-0.00204864501953125;100 mA
1;1009;10.0127279747203;-0.430328369140625;-0.0014837646484375;100 mA
1;1010;10.01679797471;-0.427947998046875;-0.000843505859375;100 mA
1;1011;10.0208679746997;-0.425445556640625;-0.0001495361328125;100 mA
1;1012;10.0249379746895;-0.422943115234375;0.00052642822265625;100 mA
1;1013;10.0290079746792;-0.42059326171875;0.00122344970703125;100 mA
1;1014;10.0330779746689;-0.4180908203125;0.001915283203125;100 mA
1;1015;10.0371479746586;-0.41571044921875;0.00265899658203125;100 mA
1;1016;10.0412179746484;-0.4132080078125;0.00344512939453125;100 mA
1;1017;10.0452879746381;-0.410736083984375;0.00420501708984375;100 mA
1;1018;10.0493579746278;-0.40826416015625;0.0049835205078125;100 mA
1;1019;10.0534279746175;-0.405853271484375;0.005780029296875;100 mA
1;1020;10.0574979746073;-0.4034423828125;0.006646728515625;100 mA
1;1021;10.061567974597;-0.400970458984375;0.007489013671875;100 mA
1;1022;10.0656379745867;-0.39849853515625;0.0083160400390625;100 mA
1;1023;10.0697079745764;-0.396148681640625;0.00924072265625;100 mA
1;1024;10.0737779745662;-0.393646240234375;0.01021728515625;100 mA
1;1025;10.0778479745559;-0.39117431640625;0.0111480712890625;100 mA
1;1026;10.0819179745456;-0.388671875;0.0119964599609375;100 mA
1;1027;10.0859879745353;-0.38629150390625;0.0129241943359375;100 mA
1;1028;10.0900579745251;-0.38385009765625;0.01405029296875;100 mA
1;1029;10.0941279745148;-0.38134765625;0.0150299072265625;100 mA
1;1030;10.0981979745045;-0.37890625;0.01595458984375;100 mA
1;1031;10.1022679744942;-0.376495361328125;0.0169647216796875;100 mA
1;1032;10.1063379744839;-0.374053955078125;0.0180755615234375;100 mA
1;1033;10.1104079744737;-0.371612548828125;0.0191802978515625;100 mA
1;1034;10.1144779744634;-0.369110107421875;0.0201568603515625;100 mA
1;1035;10.1185479744531;-0.366668701171875;0.021258544921875;100 mA
1;1036;10.1226179744428;-0.3642578125;0.0224365234375;100 mA
1;1037;10.1266879744326;-0.36175537109375;0.023486328125;100 mA
1;1038;10.1307579744223;-0.35931396484375;0.0245025634765625;100 mA
1;1039;10.134827974412;-0.356903076171875;0.0256439208984375;100 mA
1;1040;10.1388979744017;-0.35443115234375;0.0268341064453125;100 mA
1;1041;10.1429679743915;-0.3519287109375;0.0279266357421875;100 mA
1;1042;10.1470379743812;-0.349517822265625;0.0289398193359375;100 mA
1;1043;10.1511079743709;-0.347076416015625;0.030084228515625;100 mA
1;1044;10.1551779743606;-0.344573974609375;0.03111572265625;100 mA
1;1045;10.1592479743504;-0.34222412109375;0.032427978515625;100 mA
1;1046;10.1633179743401;-0.33978271484375;0.03355712890625;100 mA
1;1047;10.1673879743298;-0.337249755859375;0.034552001953125;100 mA
1;1048;10.1714579743195;-0.334808349609375;0.0355499267578125;100 mA
1;1049;10.1755279743093;-0.332427978515625;0.036822509765625;100 mA
1;1050;10.179597974299;-0.32989501953125;0.0378509521484375;100 mA
1;1051;10.1836679742887;-0.3275146484375;0.03885498046875;100 mA
1;1052;10.1877379742784;-0.32501220703125;0.0399139404296875;100 mA
1;1053;10.1918079742682;-0.322601318359375;0.0409698486328125;100 mA
1;1054;10.1958779742579;-0.320159912109375;0.041986083984375;100 mA
1;1055;10.1999479742476;-0.317718505859375;0.0428924560546875;100 mA
1;1056;10.2040179742373;-0.3153076171875;0.043890380859375;100 mA
1;1057;10.2080879742271;-0.312744140625;0.0447906494140625;100 mA
1;1058;10.2121579742168;-0.310302734375;0.045770263671875;100 mA
1;1059;10.2162279742065;-0.30792236328125;0.046539306640625;100 mA
1;1060;10.2202979741962;-0.305450439453125;0.0474456787109375;100 mA
1;1061;10.224367974186;-0.302947998046875;0.048358154296875;100 mA
1;1062;10.2284379741757;-0.300506591796875;0.0491790771484375;100 mA
1;1063;10.2325079741654;-0.298095703125;0.0498443603515625;100 mA
1;1064;10.2365779741551;-0.295684814453125;0.05047607421875;100 mA
1;1065;10.2406479741448;-0.293243408203125;0.05133056640625;100 mA
1;1066;10.2447179741346;-0.29083251953125;0.052001953125;100 mA
1;1067;10.2487879741243;-0.288360595703125;0.052490234375;100 mA
1;1068;10.252857974114;-0.28594970703125;0.05303955078125;100 mA
1;1069;10.2569279741037;-0.283447265625;0.0537109375;100 mA
1;1070;10.2609979740935;-0.281005859375;0.054351806640625;100 mA
1;1071;10.2650679740832;-0.278564453125;0.05474853515625;100 mA
1;1072;10.2691379740729;-0.27606201171875;0.055145263671875;100 mA
1;1073;10.2732079740626;-0.273651123046875;0.055633544921875;100 mA
1;1074;10.2772779740524;-0.27117919921875;0.05609130859375;100 mA
1;1075;10.2813479740421;-0.268707275390625;0.0562744140625;100 mA
1;1076;10.2854179740318;-0.26629638671875;0.056549072265625;100 mA
1;1077;10.2894879740215;-0.26385498046875;0.056976318359375;100 mA
1;1078;10.2935579740113;-0.261383056640625;0.05718994140625;100 mA
1;1079;10.297627974001;-0.25897216796875;0.05731201171875;100 mA
1;1080;10.3016979739907;-0.256500244140625;0.057464599609375;100 mA
1;1081;10.3057679739804;-0.2540283203125;0.057708740234375;100 mA
1;1082;10.3098379739702;-0.251556396484375;0.057830810546875;100 mA
1;1083;10.3139079739599;-0.249114990234375;0.057830810546875;100 mA
1;1084;10.3179779739496;-0.246673583984375;0.057861328125;100 mA
1;1085;10.3220479739393;-0.24420166015625;0.05792236328125;100 mA
1;1086;10.3261179739291;-0.24176025390625;0.05792236328125;100 mA
1;1087;10.3301879739188;-0.2393798828125;0.05780029296875;100 mA
1;1088;10.3342579739085;-0.23687744140625;0.057769775390625;100 mA
1;1089;10.3383279738982;-0.234405517578125;0.0577392578125;100 mA
1;1090;10.342397973888;-0.231964111328125;0.0576171875;100 mA
1;1091;10.3464679738777;-0.229461669921875;0.057464599609375;100 mA
1;1092;10.3505379738674;-0.22711181640625;0.05731201171875;100 mA
1;1093;10.3546079738571;-0.224639892578125;0.057098388671875;100 mA
1;1094;10.3586779738469;-0.22216796875;0.05694580078125;100 mA
1;1095;10.3627479738366;-0.219696044921875;0.056671142578125;100 mA
1;1096;10.3668179738263;-0.217254638671875;0.05645751953125;100 mA
1;1097;10.370887973816;-0.214813232421875;0.05615234375;100 mA
1;1098;10.3749579738057;-0.212371826171875;0.0560302734375;100 mA
1;1099;10.3790279737955;-0.209930419921875;0.05572509765625;100 mA
1;1100;10.3830979737852;-0.2073974609375;0.055389404296875;100 mA
1;1101;10.3871679737749;-0.20501708984375;0.055084228515625;100 mA
1;1102;10.3912379737646;-0.202545166015625;0.054840087890625;100 mA
1;1103;10.3953079737544;-0.200103759765625;0.054473876953125;100 mA
1;1104;10.3993779737441;-0.1976318359375;0.054168701171875;100 mA
1;1105;10.4034479737338;-0.1951904296875;0.05377197265625;100 mA
1;1106;10.4075179737235;-0.19268798828125;0.053466796875;100 mA
1;1107;10.4115879737133;-0.190277099609375;0.053131103515625;100 mA
1;1108;10.415657973703;-0.187835693359375;0.052703857421875;100 mA
1;1109;10.4197279736927;-0.185394287109375;0.052337646484375;100 mA
1;1110;10.4237979736824;-0.1829833984375;0.051971435546875;100 mA
1;1111;10.4278679736722;-0.18048095703125;0.051605224609375;100 mA
1;1112;10.4319379736619;-0.178009033203125;0.051177978515625;100 mA
1;1113;10.4360079736516;-0.175537109375;0.050750732421875;100 mA
1;1114;10.4400779736413;-0.173126220703125;0.0504150390625;100 mA
1;1115;10.4441479736311;-0.170684814453125;0.050018310546875;100 mA
1;1116;10.4482179736208;-0.168212890625;0.0495880126953125;100 mA
1;1117;10.4522879736105;-0.165740966796875;0.049169921875;100 mA
1;1118;10.4563579736002;-0.163238525390625;0.048834228515625;100 mA
1;1119;10.46042797359;-0.160858154296875;0.04844970703125;100 mA
1;1120;10.4644979735797;-0.158355712890625;0.0480194091796875;100 mA
1;1121;10.4685679735694;-0.15594482421875;0.0475860595703125;100 mA
1;1122;10.4726379735591;-0.1534423828125;0.047186279296875;100 mA
1;1123;10.4767079735489;-0.150970458984375;0.0468109130859375;100 mA
1;1124;10.4807779735386;-0.148590087890625;0.0464141845703125;100 mA
1;1125;10.4848479735283;-0.1461181640625;0.04598388671875;100 mA
1;1126;10.488917973518;-0.143646240234375;0.0456146240234375;100 mA
1;1127;10.4929879735078;-0.14117431640625;0.0452301025390625;100 mA
1;1128;10.4970579734975;-0.13873291015625;0.0448150634765625;100 mA
1;1129;10.5011279734872;-0.136260986328125;0.0444244384765625;100 mA
1;1130;10.5051979734769;-0.13385009765625;0.0440643310546875;100 mA
1;1131;10.5092679734666;-0.131378173828125;0.043646240234375;100 mA
1;1132;10.5133379734564;-0.128936767578125;0.0432342529296875;100 mA
1;1133;10.5174079734461;-0.126434326171875;0.0429046630859375;100 mA
1;1134;10.5214779734358;-0.123992919921875;0.0425323486328125;100 mA
1;1135;10.5255479734255;-0.12158203125;0.0421295166015625;100 mA
1;1136;10.5296179734153;-0.119140625;0.041790771484375;100 mA
1;1137;10.533687973405;-0.11669921875;0.041400146484375;100 mA
1;1138;10.5377579733947;-0.114227294921875;0.0410369873046875;100 mA
1;1139;10.5418279733844;-0.111785888671875;0.0406982421875;100 mA
1;1140;10.5458979733742;-0.109344482421875;0.0403106689453125;100 mA
1;1141;10.5499679733639;-0.106903076171875;0.03997802734375;100 mA
1;1142;10.5540379733536;-0.10443115234375;0.0397308349609375;100 mA
1;1143;10.5581079733433;-0.101898193359375;0.03929443359375;100 mA
1;1144;10.5621779733331;-0.09954833984375;0.0388916015625;100 mA
1;1145;10.5662479733228;-0.0970458984375;0.03863525390625;100 mA
1;1146;10.5703179733125;-0.094573974609375;0.0383087158203125;100 mA
1;1147;10.5743879733022;-0.0921630859375;0.03797607421875;100 mA
1;1148;10.578457973292;-0.0897216796875;0.037664794921875;100 mA
1;1149;10.5825279732817;-0.08721923828125;0.0373046875;100 mA
1;1150;10.5865979732714;-0.084869384765625;0.03699951171875;100 mA
1;1151;10.5906679732611;-0.0823974609375;0.03673095703125;100 mA
1;1152;10.5947379732509;-0.07989501953125;0.0364013671875;100 mA
1;1153;10.5988079732406;-0.077423095703125;0.0360870361328125;100 mA
1;1154;10.6028779732303;-0.07501220703125;0.035772705078125;100 mA
1;1155;10.60694797322;-0.072479248046875;0.03551025390625;100 mA
1;1156;10.6110179732098;-0.070068359375;0.0352203369140625;100 mA
1;1157;10.6150879731995;-0.067657470703125;0.034930419921875;100 mA
1;1158;10.6191579731892;-0.06524658203125;0.0346466064453125;100 mA
1;1159;10.6232279731789;-0.062713623046875;0.0343719482421875;100 mA
1;1160;10.6272979731687;-0.060333251953125;0.0340972900390625;100 mA
1;1161;10.6313679731584;-0.05780029296875;0.033819580078125;100 mA
1;1162;10.6354379731481;-0.05535888671875;0.0335479736328125;100 mA
1;1163;10.6395079731378;-0.05291748046875;0.033319091796875;100 mA
1;1164;10.6435779731275;-0.05047607421875;0.033050537109375;100 mA
1;1165;10.6476479731173;-0.047906494140625;0.0327667236328125;100 mA
1;1166;10.651717973107;-0.0454681396484375;0.0325103759765625;100 mA
1;1167;10.6557879730967;-0.0429931640625;0.0322784423828125;100 mA
1;1168;10.6598579730864;-0.0405792236328125;0.0320343017578125;100 mA
1;1169;10.6639279730762;-0.038116455078125;0.03179931640625;100 mA
1;1170;10.6679979730659;-0.03568115234375;0.0315673828125;100 mA
1;1171;10.6720679730556;-0.0332061767578125;0.0313232421875;100 mA
1;1172;10.6761379730453;-0.0307525634765625;0.03106689453125;100 mA
1;1173;10.6802079730351;-0.0282806396484375;0.03084716796875;100 mA
1;1174;10.6842779730248;-0.0258636474609375;0.030609130859375;100 mA
1;1175;10.6883479730145;-0.0234100341796875;0.030438232421875;100 mA
1;1176;10.6924179730042;-0.020947265625;0.0301849365234375;100 mA
1;1177;10.696487972994;-0.0185272216796875;0.0299652099609375;100 mA
1;1178;10.7005579729837;-0.0160552978515625;0.0297454833984375;100 mA
1;1179;10.7046279729734;-0.013623046875;0.0295654296875;100 mA
1;1180;10.7086979729631;-0.0111541748046875;0.029345703125;100 mA
1;1181;10.7127679729529;-0.00872192382812501;0.0291351318359375;100 mA
1;1182;10.7168379729426;-0.006256103515625;0.0289337158203125;100 mA
1;1183;10.7209079729323;-0.0037872314453125;0.02874755859375;100 mA
1;1184;10.724977972922;-0.0013580322265625;0.028546142578125;100 mA
1;1185;10.7290479729118;0.00110473632812499;0.0283447265625;100 mA
2;1186;10.7331179729015;0.00356445312500001;0.0281707763671875;100 mA
2;1187;10.7371879728912;0.00599060058593751;0.027978515625;100 mA
2;1188;10.7412579728809;0.0084381103515625;0.027813720703125;100 mA
2;1189;10.7453279728707;0.010919189453125;0.02762451171875;100 mA
2;1190;10.7493979728604;0.0133575439453125;0.027435302734375;100 mA
2;1191;10.7534679728501;0.0157989501953125;0.027264404296875;100 mA
2;1192;10.7575379728398;0.0182647705078125;0.0271026611328125;100 mA
2;1193;10.7616079728296;0.0207000732421875;0.0269012451171875;100 mA
2;1194;10.7656779728193;0.0231536865234375;0.026739501953125;100 mA
2;1195;10.769747972809;0.0256134033203125;0.0265777587890625;100 mA
2;1196;10.7738179727987;0.0280517578125;0.026422119140625;100 mA
2;1197;10.7778879727884;0.030499267578125;0.02626953125;100 mA
2;1198;10.7819579727782;0.0329620361328125;0.0260772705078125;100 mA
2;1199;10.7860279727679;0.0354095458984375;0.0259185791015625;100 mA
2;1200;10.7900979727576;0.037872314453125;0.025775146484375;100 mA
2;1201;10.7941679727473;0.04033203125;0.0256317138671875;100 mA
2;1202;10.7982379727371;0.0427642822265625;0.0254669189453125;100 mA
2;1203;10.8023079727268;0.0452117919921875;0.0253082275390625;100 mA
2;1204;10.8063779727165;0.0476837158203125;0.025164794921875;100 mA
2;1205;10.8104479727062;0.050018310546875;0.025030517578125;100 mA
2;1206;10.814517972696;0.05242919921875;0.0248687744140625;100 mA
2;1207;10.8185879726857;0.054931640625;0.0247222900390625;100 mA
2;1208;10.8226579726754;0.057403564453125;0.0246063232421875;100 mA
2;1209;10.8267279726651;0.059906005859375;0.024468994140625;100 mA
2;1210;10.8307979726549;0.062255859375;0.024322509765625;100 mA
2;1211;10.8348679726446;0.064727783203125;0.0241973876953125;100 mA
2;1212;10.8389379726343;0.067230224609375;0.0240570068359375;100 mA
2;1213;10.843007972624;0.06964111328125;0.02391357421875;100 mA
2;1214;10.8470779726138;0.07208251953125;0.0237945556640625;100 mA
2;1215;10.8511479726035;0.074554443359375;0.023651123046875;100 mA
2;1216;10.8552179725932;0.077056884765625;0.02352294921875;100 mA
2;1217;10.8592879725829;0.0794677734375;0.023419189453125;100 mA
2;1218;10.8633579725727;0.081878662109375;0.023272705078125;100 mA
2;1219;10.8674279725624;0.084381103515625;0.023162841796875;100 mA
2;1220;10.8714979725521;0.08685302734375;0.02305908203125;100 mA
2;1221;10.8755679725418;0.089263916015625;0.02291259765625;100 mA
2;1222;10.8796379725316;0.09173583984375;0.0227996826171875;100 mA
2;1223;10.8837079725213;0.09417724609375;0.02269287109375;100 mA
2;1224;10.887777972511;0.0965576171875;0.022607421875;100 mA
2;1225;10.8918479725007;0.099090576171875;0.02247314453125;100 mA
2;1226;10.8959179724905;0.101531982421875;0.0223419189453125;100 mA
2;1227;10.8999879724802;0.10394287109375;0.022216796875;100 mA
2;1228;10.9040579724699;0.106414794921875;0.0221038818359375;100 mA
2;1229;10.9081279724596;0.10888671875;0.02200927734375;100 mA
2;1230;10.9121979724493;0.111328125;0.021905517578125;100 mA
2;1231;10.9162679724391;0.11370849609375;0.0218017578125;100 mA
2;1232;10.9203379724288;0.116180419921875;0.0217010498046875;100 mA
2;1233;10.9244079724185;0.11871337890625;0.0216156005859375;100 mA
2;1234;10.9284779724082;0.12109375;0.0215087890625;100 mA
2;1235;10.932547972398;0.12359619140625;0.021380615234375;100 mA
2;1236;10.9366179723877;0.126007080078125;0.0212982177734375;100 mA
2;1237;10.9406879723774;0.128448486328125;0.02120361328125;100 mA
2;1238;10.9447579723671;0.130950927734375;0.0211029052734375;100 mA
2;1239;10.9488279723569;0.1334228515625;0.021002197265625;100 mA
2;1240;10.9528979723466;0.135833740234375;0.020892333984375;100 mA
2;1241;10.9569679723363;0.13824462890625;0.0208251953125;100 mA
2;1242;10.961037972326;0.1407470703125;0.0207183837890625;100 mA
2;1243;10.9651079723158;0.143157958984375;0.020623779296875;100 mA
2;1244;10.9691779723055;0.145599365234375;0.0205322265625;100 mA
2;1245;10.9732479722952;0.14813232421875;0.0204437255859375;100 mA
2;1246;10.9773179722849;0.150482177734375;0.0203765869140625;100 mA
2;1247;10.9813879722747;0.153045654296875;0.0202728271484375;100 mA
2;1248;10.9854579722644;0.1553955078125;0.0201751708984375;100 mA
2;1249;10.9895279722541;0.157867431640625;0.0201171875;100 mA
2;1250;10.9935979722438;0.1602783203125;0.0200347900390625;100 mA
2;1251;10.9976679722336;0.16278076171875;0.0199310302734375;100 mA
2;1252;11.0017379722233;0.165191650390625;0.0198516845703125;100 mA
2;1253;11.005807972213;0.167694091796875;0.0197906494140625;100 mA
2;1254;11.0098779722027;0.170196533203125;0.0197174072265625;100 mA
2;1255;11.0139479721925;0.172637939453125;0.0196197509765625;100 mA
2;1256;11.0180179721822;0.175018310546875;0.01953125;100 mA
2;1257;11.0220879721719;0.177490234375;0.019451904296875;100 mA
2;1258;11.0261579721616;0.179931640625;0.019390869140625;100 mA
2;1259;11.0302279721514;0.182403564453125;0.019317626953125;100 mA
2;1260;11.0342979721411;0.184783935546875;0.01922607421875;100 mA
2;1261;11.0383679721308;0.187286376953125;0.0191680908203125;100 mA
2;1262;11.0424379721205;0.189697265625;0.0190826416015625;100 mA
2;1263;11.0465079721102;0.192169189453125;0.0189910888671875;100 mA
2;1264;11.0505779721;0.194610595703125;0.0189483642578125;100 mA
2;1265;11.0546479720897;0.1971435546875;0.0188446044921875;100 mA
2;1266;11.0587179720794;0.199493408203125;0.0188018798828125;100 mA
2;1267;11.0627879720691;0.2020263671875;0.0187591552734375;100 mA
2;1268;11.0668579720589;0.20440673828125;0.0186553955078125;100 mA
2;1269;11.0709279720486;0.206939697265625;0.0185821533203125;100 mA
2;1270;11.0749979720383;0.2093505859375;0.018548583984375;100 mA
2;1271;11.079067972028;0.211822509765625;0.01846923828125;100 mA
2;1272;11.0831379720178;0.214263916015625;0.0183929443359375;100 mA
2;1273;11.0872079720075;0.216705322265625;0.0183258056640625;100 mA
2;1274;11.0912779719972;0.2191162109375;0.0182891845703125;100 mA
2;1275;11.0953479719869;0.221649169921875;0.0182159423828125;100 mA
2;1276;11.0994179719767;0.224090576171875;0.0181549072265625;100 mA
2;1277;11.1034879719664;0.22650146484375;0.0180999755859375;100 mA
2;1278;11.1075579719561;0.228973388671875;0.01802978515625;100 mA
2;1279;11.1116279719458;0.231353759765625;0.017962646484375;100 mA
2;1280;11.1156979719356;0.23388671875;0.0179229736328125;100 mA
2;1281;11.1197679719253;0.236297607421875;0.0178436279296875;100 mA
2;1282;11.123837971915;0.238739013671875;0.01781005859375;100 mA
2;1283;11.1279079719047;0.241180419921875;0.0177703857421875;100 mA
2;1284;11.1319779718945;0.243682861328125;0.0176910400390625;100 mA
2;1285;11.1360479718842;0.246063232421875;0.0176177978515625;100 mA
2;1286;11.1401179718739;0.248565673828125;0.017578125;100 mA
2;1287;11.1441879718636;0.25103759765625;0.0175323486328125;100 mA
2;1288;11.1482579718534;0.253448486328125;0.01746826171875;100 mA
2;1289;11.1523279718431;0.25592041015625;0.01739501953125;100 mA
2;1290;11.1563979718328;0.25836181640625;0.0173583984375;100 mA
2;1291;11.1604679718225;0.26080322265625;0.017315673828125;100 mA
2;1292;11.1645379718123;0.263275146484375;0.0172515869140625;100 mA
2;1293;11.168607971802;0.265716552734375;0.0171905517578125;100 mA
2;1294;11.1726779717917;0.2681884765625;0.0171722412109375;100 mA
2;1295;11.1767479717814;0.270660400390625;0.01708984375;100 mA
2;1296;11.1808179717711;0.2730712890625;0.0170562744140625;100 mA
2;1297;11.1848879717609;0.2755126953125;0.016998291015625;100 mA
2;1298;11.1889579717506;0.2779541015625;0.0169464111328125;100 mA
2;1299;11.1930279717403;0.280426025390625;0.0168975830078125;100 mA
2;1300;11.19709797173;0.2828369140625;0.016851806640625;100 mA
2;1301;11.2011679717198;0.285369873046875;0.0167999267578125;100 mA
2;1302;11.2052379717095;0.28778076171875;0.0167388916015625;100 mA
2;1303;11.2093079716992;0.290252685546875;0.016705322265625;100 mA
2;1304;11.2133779716889;0.292694091796875;0.016632080078125;100 mA
2;1305;11.2174479716787;0.295135498046875;0.0166015625;100 mA
2;1306;11.2215179716684;0.297515869140625;0.016571044921875;100 mA
2;1307;11.2255879716581;0.300048828125;0.0165191650390625;100 mA
2;1308;11.2296579716478;0.302398681640625;0.01646728515625;100 mA
2;1309;11.2337279716376;0.304901123046875;0.0164093017578125;100 mA
2;1310;11.2377979716273;0.307403564453125;0.0163665771484375;100 mA
2;1311;11.241867971617;0.309844970703125;0.0163177490234375;100 mA
2;1312;11.2459379716067;0.31231689453125;0.0162689208984375;100 mA
2;1313;11.2500079715965;0.314697265625;0.0162139892578125;100 mA
2;1314;11.2540779715862;0.317230224609375;0.016204833984375;100 mA
2;1315;11.2581479715759;0.31964111328125;0.016143798828125;100 mA
2;1316;11.2622179715656;0.322113037109375;0.016033935546875;100 mA
2;1317;11.2662879715554;0.32452392578125;0.0160400390625;100 mA
2;1318;11.2703579715451;0.32696533203125;0.0159942626953125;100 mA
2;1319;11.2744279715348;0.32940673828125;0.0159515380859375;100 mA
2;1320;11.2784979715245;0.33197021484375;0.0159027099609375;100 mA
2;1321;11.2825679715143;0.334381103515625;0.0158477783203125;100 mA
2;1322;11.286637971504;0.3367919921875;0.0158294677734375;100 mA
2;1323;11.2907079714937;0.3392333984375;0.0157806396484375;100 mA
2;1324;11.2947779714834;0.341705322265625;0.01573486328125;100 mA
2;1325;11.2988479714732;0.34417724609375;0.015692138671875;100 mA
2;1326;11.3029179714629;0.3465576171875;0.01563720703125;100 mA
2;1327;11.3069879714526;0.34906005859375;0.015606689453125;100 mA
2;1328;11.3110579714423;0.35150146484375;0.015576171875;100 mA
2;1329;11.315127971432;0.35394287109375;0.0155029296875;100 mA
2;1330;11.3191979714218;0.356353759765625;0.015460205078125;100 mA
2;1331;11.3232679714115;0.358856201171875;0.0154327392578125;100 mA
2;1332;11.3273379714012;0.36126708984375;0.0154022216796875;100 mA
2;1333;11.3314079713909;0.363739013671875;0.01534423828125;100 mA
2;1334;11.3354779713807;0.366180419921875;0.0153076171875;100 mA
2;1335;11.3395479713704;0.368621826171875;0.0152740478515625;100 mA
2;1336;11.3436179713601;0.37109375;0.015240478515625;100 mA
2;1337;11.3476879713498;0.37359619140625;0.015185546875;100 mA
2;1338;11.3517579713396;0.37603759765625;0.01514892578125;100 mA
2;1339;11.3558279713293;0.37841796875;0.0151214599609375;100 mA
2;1340;11.359897971319;0.38092041015625;0.015087890625;100 mA
2;1341;11.3639679713087;0.38336181640625;0.0150360107421875;100 mA
2;1342;11.3680379712985;0.385772705078125;0.0150146484375;100 mA
2;1343;11.3721079712882;0.388275146484375;0.0149932861328125;100 mA
2;1344;11.3761779712779;0.390716552734375;0.01494140625;100 mA
2;1345;11.3802479712676;0.393157958984375;0.0148773193359375;100 mA
2;1346;11.3843179712574;0.3956298828125;0.01485595703125;100 mA
2;1347;11.3883879712471;0.3980712890625;0.01483154296875;100 mA
2;1348;11.3924579712368;0.40057373046875;0.0147918701171875;100 mA
2;1349;11.3965279712265;0.40301513671875;0.0147308349609375;100 mA
2;1350;11.4005979712163;0.4053955078125;0.014727783203125;100 mA
2;1351;11.404667971206;0.407806396484375;0.0146942138671875;100 mA
2;1352;11.4087379711957;0.4102783203125;0.0146636962890625;100 mA
2;1353;11.4128079711854;0.412750244140625;0.014617919921875;100 mA
2;1354;11.4168779711752;0.41522216796875;0.01458740234375;100 mA
2;1355;11.4209479711649;0.417694091796875;0.0145660400390625;100 mA
2;1356;11.4250179711546;0.4200439453125;0.0145416259765625;100 mA
2;1357;11.4290879711443;0.42254638671875;0.014501953125;100 mA
2;1358;11.4331579711341;0.424957275390625;0.014471435546875;100 mA
2;1359;11.4372279711238;0.42742919921875;0.0144622802734375;100 mA
2;1360;11.4412979711135;0.429901123046875;0.0144287109375;100 mA
2;1361;11.4453679711032;0.432373046875;0.0144073486328125;100 mA
2;1362;11.4494379710929;0.434844970703125;0.014373779296875;100 mA
2;1363;11.4535079710827;0.437225341796875;0.0143524169921875;100 mA
2;1364;11.4575779710724;0.439788818359375;0.0143157958984375;100 mA
2;1365;11.4616479710621;0.442230224609375;0.0142791748046875;100 mA
2;1366;11.4657179710518;0.44464111328125;0.014263916015625;100 mA
2;1367;11.4697879710416;0.44708251953125;0.0142364501953125;100 mA
2;1368;11.4738579710313;0.448272705078125;0.0132354736328125;100 mA
2;1369;11.477927971021;0.445770263671875;0.01278076171875;100 mA
2;1370;11.4819979710107;0.44329833984375;0.012493896484375;100 mA
2;1371;11.4860679710005;0.440887451171875;0.0122650146484375;100 mA
2;1372;11.4901379709902;0.438507080078125;0.0120849609375;100 mA
2;1373;11.4942079709799;0.43597412109375;0.0119049072265625;100 mA
2;1374;11.4982779709696;0.433563232421875;0.01173095703125;100 mA
2;1375;11.5023479709594;0.43115234375;0.011578369140625;100 mA
2;1376;11.5064179709491;0.428619384765625;0.0114715576171875;100 mA
2;1377;11.5104879709388;0.426239013671875;0.0113372802734375;100 mA
2;1378;11.5145579709285;0.42376708984375;0.0111846923828125;100 mA
2;1379;11.5186279709183;0.42138671875;0.0110809326171875;100 mA
2;1380;11.522697970908;0.41888427734375;0.0109832763671875;100 mA
2;1381;11.5267679708977;0.416412353515625;0.0108673095703125;100 mA
2;1382;11.5308379708874;0.41400146484375;0.010748291015625;100 mA
2;1383;11.5349079708772;0.41156005859375;0.0106689453125;100 mA
2;1384;11.5389779708669;0.40911865234375;0.0105682373046875;100 mA
2;1385;11.5430479708566;0.4066162109375;0.0104949951171875;100 mA
2;1386;11.5471179708463;0.404205322265625;0.0103912353515625;100 mA
2;1387;11.5511879708361;0.401824951171875;0.010321044921875;100 mA
2;1388;11.5552579708258;0.399322509765625;0.010223388671875;100 mA
2;1389;11.5593279708155;0.396881103515625;0.0101409912109375;100 mA
2;1390;11.5633979708052;0.394439697265625;0.0100830078125;100 mA
2;1391;11.567467970795;0.39202880859375;0.0100067138671875;100 mA
2;1392;11.5715379707847;0.389495849609375;0.0099334716796875;100 mA
2;1393;11.5756079707744;0.3870849609375;0.0098541259765625;100 mA
2;1394;11.5796779707641;0.3846435546875;0.0097869873046875;100 mA
2;1395;11.5837479707538;0.382293701171875;0.0097259521484375;100 mA
2;1396;11.5878179707436;0.379791259765625;0.0096649169921875;100 mA
2;1397;11.5918879707333;0.377288818359375;0.0095977783203125;100 mA
2;1398;11.595957970723;0.374969482421875;0.009527587890625;100 mA
2;1399;11.6000279707127;0.372528076171875;0.0094635009765625;100 mA
2;1400;11.6040979707025;0.370025634765625;0.0094146728515625;100 mA
2;1401;11.6081679706922;0.36761474609375;0.0093597412109375;100 mA
2;1402;11.6122379706819;0.365142822265625;0.0093109130859375;100 mA
2;1403;11.6163079706716;0.3626708984375;0.009246826171875;100 mA
2;1404;11.6203779706614;0.360260009765625;0.0091796875;100 mA
2;1405;11.6244479706511;0.35784912109375;0.009136962890625;100 mA
2;1406;11.6285179706408;0.355316162109375;0.0090789794921875;100 mA
2;1407;11.6325879706305;0.352935791015625;0.0090179443359375;100 mA
2;1408;11.6366579706203;0.350494384765625;0.008966064453125;100 mA
2;1409;11.64072797061;0.3480224609375;0.0089324951171875;100 mA
2;1410;11.6447979705997;0.34564208984375;0.00888671875;100 mA
2;1411;11.6488679705894;0.343170166015625;0.00882568359375;100 mA
2;1412;11.6529379705792;0.340728759765625;0.008758544921875;100 mA
2;1413;11.6570079705689;0.338287353515625;0.00872802734375;100 mA
2;1414;11.6610779705586;0.3358154296875;0.008685302734375;100 mA
2;1415;11.6651479705483;0.3333740234375;0.008636474609375;100 mA
2;1416;11.6692179705381;0.330963134765625;0.0085845947265625;100 mA
2;1417;11.6732879705278;0.32861328125;0.008551025390625;100 mA
2;1418;11.6773579705175;0.3260498046875;0.0084991455078125;100 mA
2;1419;11.6814279705072;0.323638916015625;0.008465576171875;100 mA
2;1420;11.685497970497;0.321197509765625;0.00841064453125;100 mA
2;1421;11.6895679704867;0.3187255859375;0.0083770751953125;100 mA
2;1422;11.6936379704764;0.31634521484375;0.008331298828125;100 mA
2;1423;11.6977079704661;0.3138427734375;0.0082763671875;100 mA
2;1424;11.7017779704559;0.31146240234375;0.008233642578125;100 mA
2;1425;11.7058479704456;0.30902099609375;0.0082061767578125;100 mA
2;1426;11.7099179704353;0.30645751953125;0.00816650390625;100 mA
2;1427;11.713987970425;0.304046630859375;0.00811767578125;100 mA
2;1428;11.7180579704147;0.30157470703125;0.008087158203125;100 mA
2;1429;11.7221279704045;0.2991943359375;0.0080596923828125;100 mA
2;1430;11.7261979703942;0.296783447265625;0.008001708984375;100 mA
2;1431;11.7302679703839;0.294281005859375;0.007952880859375;100 mA
2;1432;11.7343379703736;0.291839599609375;0.007928466796875;100 mA
2;1433;11.7384079703634;0.2894287109375;0.00789794921875;100 mA
2;1434;11.7424779703531;0.2869873046875;0.007855224609375;100 mA
2;1435;11.7465479703428;0.284515380859375;0.0077850341796875;100 mA
2;1436;11.7506179703325;0.282012939453125;0.0077728271484375;100 mA
2;1437;11.7546879703223;0.2796630859375;0.00771484375;100 mA
2;1438;11.758757970312;0.277191162109375;0.00770263671875;100 mA
2;1439;11.7628279703017;0.27484130859375;0.007684326171875;100 mA
2;1440;11.7668979702914;0.2723388671875;0.0076141357421875;100 mA
2;1441;11.7709679702812;0.269927978515625;0.007550048828125;100 mA
2;1442;11.7750379702709;0.2674560546875;0.0075469970703125;100 mA
2;1443;11.7791079702606;0.264984130859375;0.0075042724609375;100 mA
2;1444;11.7831779702503;0.262542724609375;0.0074676513671875;100 mA
2;1445;11.7872479702401;0.2601318359375;0.0074310302734375;100 mA
2;1446;11.7913179702298;0.25762939453125;0.007403564453125;100 mA
2;1447;11.7953879702195;0.255218505859375;0.0073822021484375;100 mA
2;1448;11.7994579702092;0.25274658203125;0.00733642578125;100 mA
2;1449;11.803527970199;0.250335693359375;0.0073028564453125;100 mA
2;1450;11.8075979701887;0.24786376953125;0.0072662353515625;100 mA
2;1451;11.8116679701784;0.24542236328125;0.0072265625;100 mA
2;1452;11.8157379701681;0.24298095703125;0.0071929931640625;100 mA
2;1453;11.8198079701579;0.24053955078125;0.0071502685546875;100 mA
2;1454;11.8238779701476;0.2381591796875;0.0071197509765625;100 mA
2;1455;11.8279479701373;0.23565673828125;0.0070953369140625;100 mA
2;1456;11.832017970127;0.233245849609375;0.0070526123046875;100 mA
2;1457;11.8360879701168;0.230743408203125;0.0070159912109375;100 mA
2;1458;11.8401579701065;0.2283935546875;0.0070037841796875;100 mA
2;1459;11.8442279700962;0.2259521484375;0.006951904296875;100 mA
2;1460;11.8482979700859;0.2235107421875;0.0069122314453125;100 mA
2;1461;11.8523679700756;0.221038818359375;0.00687255859375;100 mA
2;1462;11.8564379700654;0.2186279296875;0.00684814453125;100 mA
2;1463;11.8605079700551;0.2161865234375;0.006817626953125;100 mA
2;1464;11.8645779700448;0.213714599609375;0.006781005859375;100 mA
2;1465;11.8686479700345;0.211273193359375;0.0067413330078125;100 mA
2;1466;11.8727179700243;0.20880126953125;0.00673828125;100 mA
2;1467;11.876787970014;0.20635986328125;0.006695556640625;100 mA
2;1468;11.8808579700037;0.203948974609375;0.0066375732421875;100 mA
2;1469;11.8849279699934;0.20147705078125;0.006622314453125;100 mA
2;1470;11.8889979699832;0.199066162109375;0.0065887451171875;100 mA
2;1471;11.8930679699729;0.196563720703125;0.0065582275390625;100 mA
2;1472;11.8971379699626;0.1942138671875;0.0065277099609375;100 mA
2;1473;11.9012079699523;0.1917724609375;0.006494140625;100 mA
2;1474;11.9052779699421;0.1893310546875;0.006463623046875;100 mA
2;1475;11.9093479699318;0.18682861328125;0.0064422607421875;100 mA
2;1476;11.9134179699215;0.184417724609375;0.0063995361328125;100 mA
2;1477;11.9174879699112;0.181976318359375;0.006365966796875;100 mA
2;1478;11.921557969901;0.179473876953125;0.0063446044921875;100 mA
2;1479;11.9256279698907;0.1771240234375;0.006292724609375;100 mA
2;1480;11.9296979698804;0.174591064453125;0.006268310546875;100 mA
2;1481;11.9337679698701;0.17218017578125;0.006231689453125;100 mA
2;1482;11.9378379698599;0.169769287109375;0.0062164306640625;100 mA
2;1483;11.9419079698496;0.16729736328125;0.006182861328125;100 mA
2;1484;11.9459779698393;0.164825439453125;0.0061553955078125;100 mA
2;1485;11.950047969829;0.1624755859375;0.006103515625;100 mA
2;1486;11.9541179698188;0.160003662109375;0.0061126708984375;100 mA
2;1487;11.9581879698085;0.157562255859375;0.0060638427734375;100 mA
2;1488;11.9622579697982;0.155120849609375;0.0059844970703125;100 mA
2;1489;11.9663279697879;0.152679443359375;0.0060028076171875;100 mA
2;1490;11.9703979697777;0.15020751953125;0.00595703125;100 mA
2;1491;11.9744679697674;0.147735595703125;0.0059295654296875;100 mA
2;1492;11.9785379697571;0.14532470703125;0.0059051513671875;100 mA
2;1493;11.9826079697468;0.142913818359375;0.0058746337890625;100 mA
2;1494;11.9866779697365;0.140472412109375;0.0058380126953125;100 mA
2;1495;11.9907479697263;0.138031005859375;0.0058258056640625;100 mA
2;1496;11.994817969716;0.13555908203125;0.0057891845703125;100 mA
2;1497;11.9988879697057;0.133148193359375;0.0057464599609375;100 mA
2;1498;12.0029579696954;0.130706787109375;0.0057098388671875;100 mA
2;1499;12.0070279696852;0.128204345703125;0.0056976318359375;100 mA
2;1500;12.0110979696749;0.12579345703125;0.005657958984375;100 mA
2;1501;12.0151679696646;0.123382568359375;0.0056182861328125;100 mA
2;1502;12.0192379696543;0.12091064453125;0.0055816650390625;100 mA
2;1503;12.0233079696441;0.118499755859375;0.005572509765625;100 mA
2;1504;12.0273779696338;0.11602783203125;0.0055572509765625;100 mA
2;1505;12.0314479696235;0.113616943359375;0.0055084228515625;100 mA
2;1506;12.0355179696132;0.11114501953125;0.0054656982421875;100 mA
2;1507;12.039587969603;0.10870361328125;0.0054534912109375;100 mA
2;1508;12.0436579695927;0.106292724609375;0.0054290771484375;100 mA
2;1509;12.0477279695824;0.103759765625;0.0053741455078125;100 mA
2;1510;12.0517979695721;0.10137939453125;0.0053558349609375;100 mA
2;1511;12.0558679695619;0.098907470703125;0.0053192138671875;100 mA
2;1512;12.0599379695516;0.09649658203125;0.00528564453125;100 mA
2;1513;12.0640079695413;0.094085693359375;0.0052581787109375;100 mA
2;1514;12.068077969531;0.09161376953125;0.005218505859375;100 mA
2;1515;12.0721479695208;0.089202880859375;0.005194091796875;100 mA
2;1516;12.0762179695105;0.0867919921875;0.0051605224609375;100 mA
2;1517;12.0802879695002;0.084320068359375;0.00511474609375;100 mA
2;1518;12.0843579694899;0.081787109375;0.0050750732421875;100 mA
2;1519;12.0884279694797;0.07940673828125;0.005078125;100 mA
2;1520;12.0924979694694;0.076934814453125;0.00504150390625;100 mA
2;1521;12.0965679694591;0.07452392578125;0.00498046875;100 mA
2;1522;12.1006379694488;0.072113037109375;0.0049676513671875;100 mA
2;1523;12.1047079694386;0.069671630859375;0.0049383544921875;100 mA
2;1524;12.1087779694283;0.06719970703125;0.00490020751953125;100 mA
2;1525;12.112847969418;0.064727783203125;0.00485626220703125;100 mA
2;1526;12.1169179694077;0.062347412109375;0.00481048583984375;100 mA
2;1527;12.1209879693974;0.059906005859375;0.00478912353515625;100 mA
2;1528;12.1250579693872;0.0574951171875;0.00474822998046875;100 mA
2;1529;12.1291279693769;0.054962158203125;0.00471435546875;100 mA
2;1530;12.1331979693666;0.052520751953125;0.00468841552734375;100 mA
2;1531;12.1372679693563;0.05010986328125;0.00464996337890625;100 mA
2;1532;12.1413379693461;0.047686767578125;0.0046014404296875;100 mA
2;1533;12.1454079693358;0.0452545166015625;0.0045709228515625;100 mA
2;1534;12.1494779693255;0.042791748046875;0.00452606201171875;100 mA
2;1535;12.1535479693152;0.04036865234375;0.00449432373046875;100 mA
2;1536;12.157617969305;0.03790283203125;0.0044537353515625;100 mA
2;1537;12.1616879692947;0.035491943359375;0.0044036865234375;100 mA
2;1538;12.1657579692844;0.0330322265625;0.004356689453125;100 mA
2;1539;12.1698279692741;0.0305999755859375;0.004322509765625;100 mA
2;1540;12.1738979692639;0.0281402587890625;0.00428619384765625;100 mA
2;1541;12.1779679692536;0.0256988525390625;0.0042364501953125;100 mA
2;1542;12.1820379692433;0.0232269287109375;0.00419677734375;100 mA
2;1543;12.186107969233;0.0208343505859375;0.0041339111328125;100 mA
2;1544;12.1901779692228;0.0183746337890625;0.004110107421875;100 mA
2;1545;12.1942479692125;0.0159454345703125;0.00406707763671875;100 mA
2;1546;12.1983179692022;0.013507080078125;0.0040045166015625;100 mA
2;1547;12.2023879691919;0.01103515625;0.00395660400390625;100 mA
2;1548;12.2064579691817;0.00859680175781249;0.00391693115234375;100 mA
2;1549;12.2105279691714;0.00615844726562501;0.00386688232421875;100 mA
2;1550;12.2145979691611;0.003741455078125;0.0037884521484375;100 mA
2;1551;12.2186679691508;0.0012939453125;0.00374481201171875;100 mA
2;1552;12.2227379691406;-0.001141357421875;0.00369659423828125;100 mA
2;1553;12.2268079691303;-0.0035888671875;0.00366455078125;100 mA
2;1554;12.23087796912;-0.006072998046875;0.0035870361328125;100 mA
2;1555;12.2349479691097;-0.00849304199218751;0.003525390625;100 mA
2;1556;12.2390179690995;-0.0109375;0.0034857177734375;100 mA
2;1557;12.2430879690892;-0.013385009765625;0.00341552734375;100 mA
2;1558;12.2471579690789;-0.0158172607421875;0.0033612060546875;100 mA
2;1559;12.2512279690686;-0.01827392578125;0.00327911376953125;100 mA
2;1560;12.2552979690583;-0.0207122802734375;0.003228759765625;100 mA
2;1561;12.2593679690481;-0.0231292724609375;0.0031549072265625;100 mA
2;1562;12.2634379690378;-0.0255584716796875;0.0030670166015625;100 mA
2;1563;12.2675079690275;-0.0280181884765625;0.00300140380859375;100 mA
2;1564;12.2715779690172;-0.0304656982421875;0.0029449462890625;100 mA
2;1565;12.275647969007;-0.0329010009765625;0.0028582763671875;100 mA
2;1566;12.2797179689967;-0.0353546142578125;0.0027740478515625;100 mA
2;1567;12.2837879689864;-0.03775634765625;0.00270751953125;100 mA
2;1568;12.2878579689761;-0.0402099609375;0.00261993408203125;100 mA
2;1569;12.2919279689659;-0.042657470703125;0.00253326416015625;100 mA
2;1570;12.2959979689556;-0.0451202392578125;0.0024462890625;100 mA
2;1571;12.3000679689453;-0.04757080078125;0.00233795166015625;100 mA
2;1572;12.304137968935;-0.050018310546875;0.00226531982421875;100 mA
2;1573;12.3082079689248;-0.052398681640625;0.00216522216796875;100 mA
2;1574;12.3122779689145;-0.054931640625;0.00206695556640625;100 mA
2;1575;12.3163479689042;-0.057342529296875;0.00196533203125;100 mA
2;1576;12.3204179688939;-0.059783935546875;0.00187225341796875;100 mA
2;1577;12.3244879688837;-0.062225341796875;0.00175506591796875;100 mA
2;1578;12.3285579688734;-0.064697265625;0.001649169921875;100 mA
2;1579;12.3326279688631;-0.06707763671875;0.0015185546875;100 mA
2;1580;12.3366979688528;-0.069580078125;0.00140533447265625;100 mA
2;1581;12.3407679688426;-0.071990966796875;0.00132781982421875;100 mA
2;1582;12.3448379688323;-0.07440185546875;0.00118804931640625;100 mA
2;1583;12.348907968822;-0.076995849609375;0.00103302001953125;100 mA
2;1584;12.3529779688117;-0.079315185546875;0.0008868408203125;100 mA
2;1585;12.3570479688015;-0.081787109375;0.00077850341796875;100 mA
2;1586;12.3611179687912;-0.084197998046875;0.00061798095703125;100 mA
2;1587;12.3651879687809;-0.086669921875;0.000469360351562501;100 mA
2;1588;12.3692579687706;-0.089111328125;0.000306396484375;100 mA
2;1589;12.3733279687603;-0.091522216796875;0.00015899658203125;100 mA
2;1590;12.3773979687501;-0.093994140625;1.61743164062506E-05;100 mA
2;1591;12.3814679687398;-0.09637451171875;-0.00019256591796875;100 mA
2;1592;12.3855379687295;-0.09881591796875;-0.00036895751953125;100 mA
2;1593;12.3896079687192;-0.101318359375;-0.000510253906249999;100 mA
2;1594;12.393677968709;-0.103729248046875;-0.0007000732421875;100 mA
2;1595;12.3977479686987;-0.106201171875;-0.00093048095703125;100 mA
2;1596;12.4018179686884;-0.108673095703125;-0.00112091064453125;100 mA
2;1597;12.4058879686781;-0.11102294921875;-0.00129730224609375;100 mA
2;1598;12.4099579686679;-0.113494873046875;-0.0015283203125;100 mA
2;1599;12.4140279686576;-0.115936279296875;-0.00174774169921875;100 mA
2;1600;12.4180979686473;-0.118377685546875;-0.001993408203125;100 mA
2;1601;12.422167968637;-0.120849609375;-0.00220184326171875;100 mA
2;1602;12.4262379686268;-0.12322998046875;-0.00249298095703125;100 mA
2;1603;12.4303079686165;-0.125732421875;-0.002745361328125;100 mA
2;1604;12.4343779686062;-0.128204345703125;-0.0030126953125;100 mA
2;1605;12.4384479685959;-0.13055419921875;-0.00326904296875;100 mA
2;1606;12.4425179685857;-0.13299560546875;-0.0035430908203125;100 mA
2;1607;12.4465879685754;-0.135467529296875;-0.00386505126953125;100 mA
2;1608;12.4506579685651;-0.137908935546875;-0.00416717529296875;100 mA
2;1609;12.4547279685548;-0.14031982421875;-0.0045513916015625;100 mA
2;1610;12.4587979685446;-0.14276123046875;-0.0047918701171875;100 mA
2;1611;12.4628679685343;-0.14520263671875;-0.0051513671875;100 mA
2;1612;12.466937968524;-0.147705078125;-0.00550537109375;100 mA
2;1613;12.4710079685137;-0.150115966796875;-0.0059478759765625;100 mA
2;1614;12.4750779685035;-0.152557373046875;-0.0062255859375;100 mA
2;1615;12.4791479684932;-0.15496826171875;-0.006622314453125;100 mA
2;1616;12.4832179684829;-0.157440185546875;-0.00701904296875;100 mA
2;1617;12.4872879684726;-0.15985107421875;-0.0074188232421875;100 mA
2;1618;12.4913579684624;-0.162322998046875;-0.0078399658203125;100 mA
2;1619;12.4954279684521;-0.16473388671875;-0.0083099365234375;100 mA
2;1620;12.4994979684418;-0.16717529296875;-0.008782958984375;100 mA
2;1621;12.5035679684315;-0.16961669921875;-0.009259033203125;100 mA
2;1622;12.5076379684212;-0.17205810546875;-0.0096527099609375;100 mA
2;1623;12.511707968411;-0.174560546875;-0.010174560546875;100 mA
2;1624;12.5157779684007;-0.176971435546875;-0.0107513427734375;100 mA
2;1625;12.5198479683904;-0.17938232421875;-0.0113250732421875;100 mA
2;1626;12.5239179683801;-0.181854248046875;-0.0117889404296875;100 mA
2;1627;12.5279879683699;-0.18426513671875;-0.01236572265625;100 mA
2;1628;12.5320579683596;-0.186737060546875;-0.0130126953125;100 mA
2;1629;12.5361279683493;-0.189178466796875;-0.0136199951171875;100 mA
2;1630;12.540197968339;-0.191619873046875;-0.014190673828125;100 mA
2;1631;12.5442679683288;-0.19403076171875;-0.0148040771484375;100 mA
2;1632;12.5483379683185;-0.196563720703125;-0.0155364990234375;100 mA
2;1633;12.5524079683082;-0.198944091796875;-0.016168212890625;100 mA
2;1634;12.5564779682979;-0.20135498046875;-0.0168853759765625;100 mA
2;1635;12.5605479682877;-0.203826904296875;-0.0175445556640625;100 mA
2;1636;12.5646179682774;-0.206268310546875;-0.01829833984375;100 mA
2;1637;12.5686879682671;-0.208648681640625;-0.019097900390625;100 mA
2;1638;12.5727579682568;-0.21124267578125;-0.0198699951171875;100 mA
2;1639;12.5768279682466;-0.21356201171875;-0.020611572265625;100 mA
2;1640;12.5808979682363;-0.216033935546875;-0.021429443359375;100 mA
2;1641;12.584967968226;-0.218505859375;-0.0222869873046875;100 mA
2;1642;12.5890379682157;-0.220977783203125;-0.0230926513671875;100 mA
2;1643;12.5931079682055;-0.22332763671875;-0.02396240234375;100 mA
2;1644;12.5971779681952;-0.22576904296875;-0.0248870849609375;100 mA
2;1645;12.6012479681849;-0.228240966796875;-0.02578125;100 mA
2;1646;12.6053179681746;-0.230712890625;-0.0266204833984375;100 mA
2;1647;12.6093879681644;-0.233062744140625;-0.027606201171875;100 mA
2;1648;12.6134579681541;-0.23553466796875;-0.02861328125;100 mA
2;1649;12.6175279681438;-0.23797607421875;-0.0295501708984375;100 mA
2;1650;12.6215979681335;-0.240447998046875;-0.0304718017578125;100 mA
2;1651;12.6256679681233;-0.242889404296875;-0.031475830078125;100 mA
2;1652;12.629737968113;-0.24530029296875;-0.032476806640625;100 mA
2;1653;12.6338079681027;-0.24774169921875;-0.033538818359375;100 mA
2;1654;12.6378779680924;-0.250152587890625;-0.0345672607421875;100 mA
2;1655;12.6419479680821;-0.25262451171875;-0.035589599609375;100 mA
2;1656;12.6460179680719;-0.255157470703125;-0.0366424560546875;100 mA
2;1657;12.6500879680616;-0.25750732421875;-0.0377410888671875;100 mA
2;1658;12.6541579680513;-0.259979248046875;-0.0385101318359375;100 mA
2;1659;12.658227968041;-0.26239013671875;-0.03983154296875;100 mA
2;1660;12.6622979680308;-0.26483154296875;-0.0410186767578125;100 mA
2;1661;12.6663679680205;-0.26727294921875;-0.041943359375;100 mA
2;1662;12.6704379680102;-0.269744873046875;-0.042962646484375;100 mA
2;1663;12.6745079679999;-0.272186279296875;-0.0440460205078125;100 mA
2;1664;12.6785779679897;-0.274566650390625;-0.04520263671875;100 mA
2;1665;12.6826479679794;-0.2769775390625;-0.046337890625;100 mA
2;1666;12.6867179679691;-0.27947998046875;-0.0474853515625;100 mA
2;1667;12.6907879679588;-0.281951904296875;-0.04833984375;100 mA
2;1668;12.6948579679486;-0.284332275390625;-0.0493621826171875;100 mA
2;1669;12.6989279679383;-0.286773681640625;-0.050628662109375;100 mA
2;1670;12.702997967928;-0.289276123046875;-0.051666259765625;100 mA
2;1671;12.7070679679177;-0.291748046875;-0.052581787109375;100 mA
2;1672;12.7111379679075;-0.29412841796875;-0.053466796875;100 mA
2;1673;12.7152079678972;-0.296600341796875;-0.054595947265625;100 mA
2;1674;12.7192779678869;-0.299072265625;-0.05560302734375;100 mA
2;1675;12.7233479678766;-0.301483154296875;-0.056396484375;100 mA
2;1676;12.7274179678664;-0.303924560546875;-0.05731201171875;100 mA
2;1677;12.7314879678561;-0.30633544921875;-0.058319091796875;100 mA
2;1678;12.7355579678458;-0.308807373046875;-0.059173583984375;100 mA
2;1679;12.7396279678355;-0.31121826171875;-0.059967041015625;100 mA
2;1680;12.7436979678253;-0.313629150390625;-0.060821533203125;100 mA
2;1681;12.747767967815;-0.316070556640625;-0.0616455078125;100 mA
2;1682;12.7518379678047;-0.31854248046875;-0.06243896484375;100 mA
2;1683;12.7559079677944;-0.32098388671875;-0.063140869140625;100 mA
2;1684;12.7599779677842;-0.323455810546875;-0.063812255859375;100 mA
2;1685;12.7640479677739;-0.325927734375;-0.06439208984375;100 mA
2;1686;12.7681179677636;-0.328338623046875;-0.06512451171875;100 mA
2;1687;12.7721879677533;-0.330718994140625;-0.065704345703125;100 mA
2;1688;12.776257967743;-0.333160400390625;-0.066314697265625;100 mA
2;1689;12.7803279677328;-0.335662841796875;-0.066925048828125;100 mA
2;1690;12.7843979677225;-0.33807373046875;-0.067413330078125;100 mA
2;1691;12.7884679677122;-0.340484619140625;-0.06781005859375;100 mA
2;1692;12.7925379677019;-0.342987060546875;-0.0682373046875;100 mA
2;1693;12.7966079676917;-0.34539794921875;-0.068756103515625;100 mA
2;1694;12.8006779676814;-0.347808837890625;-0.069091796875;100 mA
2;1695;12.8047479676711;-0.350311279296875;-0.0693359375;100 mA
2;1696;12.8088179676608;-0.35272216796875;-0.069610595703125;100 mA
2;1697;12.8128879676506;-0.35516357421875;-0.07000732421875;100 mA
2;1698;12.8169579676403;-0.357574462890625;-0.070220947265625;100 mA
2;1699;12.82102796763;-0.36004638671875;-0.07037353515625;100 mA
2;1700;12.8250979676197;-0.36248779296875;-0.070526123046875;100 mA
2;1701;12.8291679676095;-0.364990234375;-0.0706787109375;100 mA
2;1702;12.8332379675992;-0.36737060546875;-0.07086181640625;100 mA
2;1703;12.8373079675889;-0.3697509765625;-0.070892333984375;100 mA
2;1704;12.8413779675786;-0.37225341796875;-0.070892333984375;100 mA
2;1705;12.8454479675684;-0.374725341796875;-0.070953369140625;100 mA
2;1706;12.8495179675581;-0.377105712890625;-0.07098388671875;100 mA
2;1707;12.8535879675478;-0.37957763671875;-0.07098388671875;100 mA
2;1708;12.8576579675375;-0.381988525390625;-0.070892333984375;100 mA
2;1709;12.8617279675273;-0.38446044921875;-0.07080078125;100 mA
2;1710;12.865797967517;-0.38690185546875;-0.07073974609375;100 mA
2;1711;12.8698679675067;-0.38934326171875;-0.070587158203125;100 mA
2;1712;12.8739379674964;-0.391815185546875;-0.070404052734375;100 mA
2;1713;12.8780079674862;-0.39422607421875;-0.0701904296875;100 mA
2;1714;12.8820779674759;-0.39666748046875;-0.07012939453125;100 mA
2;1715;12.8861479674656;-0.399078369140625;-0.0699462890625;100 mA
2;1716;12.8902179674553;-0.40155029296875;-0.06964111328125;100 mA
2;1717;12.8942879674451;-0.4039306640625;-0.06939697265625;100 mA
2;1718;12.8983579674348;-0.4063720703125;-0.069244384765625;100 mA
2;1719;12.9024279674245;-0.4088134765625;-0.069000244140625;100 mA
2;1720;12.9064979674142;-0.411285400390625;-0.068603515625;100 mA
2;1721;12.9105679674039;-0.413787841796875;-0.068359375;100 mA
2;1722;12.9146379673937;-0.416168212890625;-0.06805419921875;100 mA
2;1723;12.9187079673834;-0.418609619140625;-0.067779541015625;100 mA
2;1724;12.9227779673731;-0.42108154296875;-0.067413330078125;100 mA
2;1725;12.9268479673628;-0.4234619140625;-0.06707763671875;100 mA
2;1726;12.9309179673526;-0.42596435546875;-0.0667724609375;100 mA
2;1727;12.9349879673423;-0.428466796875;-0.066436767578125;100 mA
2;1728;12.939057967332;-0.43084716796875;-0.066070556640625;100 mA
2;1729;12.9431279673217;-0.433319091796875;-0.065673828125;100 mA
2;1730;12.9471979673115;-0.43572998046875;-0.06536865234375;100 mA
2;1731;12.9512679673012;-0.438201904296875;-0.064971923828125;100 mA
2;1732;12.9553379672909;-0.440582275390625;-0.0645751953125;100 mA
2;1733;12.9594079672806;-0.443084716796875;-0.06427001953125;100 mA
2;1734;12.9634779672704;-0.445526123046875;-0.063812255859375;100 mA
2;1735;12.9675479672601;-0.447967529296875;-0.06341552734375;100 mA
2;1736;12.9716179672498;-0.45037841796875;-0.06304931640625;100 mA
2;1737;12.9756879672395;-0.452880859375;-0.062652587890625;100 mA
2;1738;12.9797579672293;-0.4552001953125;-0.062286376953125;100 mA
2;1739;12.983827967219;-0.45770263671875;-0.061920166015625;100 mA
2;1740;12.9878979672087;-0.46014404296875;-0.0615234375;100 mA
2;1741;12.9919679671984;-0.462646484375;-0.06109619140625;100 mA
2;1742;12.9960379671882;-0.46502685546875;-0.06072998046875;100 mA
2;1743;13.0001079671779;-0.467437744140625;-0.06036376953125;100 mA
2;1744;13.0041779671676;-0.469879150390625;-0.059967041015625;100 mA
2;1745;13.0082479671573;-0.47235107421875;-0.059539794921875;100 mA
2;1746;13.0123179671471;-0.47479248046875;-0.059173583984375;100 mA
2;1747;13.0163879671368;-0.47723388671875;-0.05877685546875;100 mA
2;1748;13.0204579671265;-0.479705810546875;-0.058380126953125;100 mA
2;1749;13.0245279671162;-0.482177734375;-0.058013916015625;100 mA
2;1750;13.028597967106;-0.484588623046875;-0.0576171875;100 mA
2;1751;13.0326679670957;-0.486968994140625;-0.0572509765625;100 mA
2;1752;13.0367379670854;-0.48944091796875;-0.05694580078125;100 mA
2;1753;13.0408079670751;-0.49188232421875;-0.0565185546875;100 mA
2;1754;13.0448779670648;-0.494384765625;-0.056121826171875;100 mA
2;1755;13.0489479670546;-0.496734619140625;-0.0557861328125;100 mA
2;1756;13.0530179670443;-0.499237060546875;-0.055450439453125;100 mA
2;1757;13.057087967034;-0.50164794921875;-0.0550537109375;100 mA
2;1758;13.0611579670237;-0.504119873046875;-0.0546875;100 mA
2;1759;13.0652279670135;-0.506561279296875;-0.054351806640625;100 mA
2;1760;13.0692979670032;-0.509033203125;-0.05401611328125;100 mA
2;1761;13.0733679669929;-0.511444091796875;-0.053680419921875;100 mA
2;1762;13.0774379669826;-0.513885498046875;-0.053314208984375;100 mA
2;1763;13.0815079669724;-0.516326904296875;-0.053009033203125;100 mA
2;1764;13.0855779669621;-0.518768310546875;-0.052703857421875;100 mA
2;1765;13.0896479669518;-0.521240234375;-0.052337646484375;100 mA
2;1766;13.0937179669415;-0.523651123046875;-0.052001953125;100 mA
2;1767;13.0977879669313;-0.526031494140625;-0.051727294921875;100 mA
2;1768;13.101857966921;-0.528533935546875;-0.051361083984375;100 mA
2;1769;13.1059279669107;-0.53094482421875;-0.051055908203125;100 mA
2;1770;13.1099979669004;-0.533294677734375;-0.050750732421875;100 mA
2;1771;13.1140679668902;-0.53582763671875;-0.050384521484375;100 mA
2;1772;13.1181379668799;-0.53826904296875;-0.0501708984375;100 mA
2;1773;13.1222079668696;-0.54071044921875;-0.0498291015625;100 mA
2;1774;13.1262779668593;-0.543182373046875;-0.049530029296875;100 mA
2;1775;13.1303479668491;-0.545684814453125;-0.0492645263671875;100 mA
2;1776;13.1344179668388;-0.548004150390625;-0.048944091796875;100 mA
2;1777;13.1384879668285;-0.550445556640625;-0.0486419677734375;100 mA
2;1778;13.1425579668182;-0.552886962890625;-0.0483856201171875;100 mA
2;1779;13.146627966808;-0.555389404296875;-0.0481536865234375;100 mA
2;1780;13.1506979667977;-0.557830810546875;-0.0478424072265625;100 mA
2;1781;13.1547679667874;-0.56024169921875;-0.0476409912109375;100 mA
2;1782;13.1588379667771;-0.56268310546875;-0.047283935546875;100 mA
2;1783;13.1629079667669;-0.565185546875;-0.047015380859375;100 mA
2;1784;13.1669779667566;-0.567596435546875;-0.0468109130859375;100 mA
2;1785;13.1710479667463;-0.57000732421875;-0.046600341796875;100 mA
2;1786;13.175117966736;-0.572479248046875;-0.0462860107421875;100 mA
2;1787;13.1791879667257;-0.574920654296875;-0.046051025390625;100 mA
2;1788;13.1832579667155;-0.577392578125;-0.045806884765625;100 mA
2;1789;13.1873279667052;-0.579803466796875;-0.045562744140625;100 mA
2;1790;13.1913979666949;-0.58221435546875;-0.04534912109375;100 mA
2;1791;13.1954679666846;-0.584716796875;-0.0451080322265625;100 mA
2;1792;13.1995379666744;-0.587188720703125;-0.044891357421875;100 mA
2;1793;13.2036079666641;-0.589599609375;-0.0446319580078125;100 mA
2;1794;13.2076779666538;-0.59197998046875;-0.0444122314453125;100 mA
2;1795;13.2117479666435;-0.594451904296875;-0.044183349609375;100 mA
2;1796;13.2158179666333;-0.596832275390625;-0.043994140625;100 mA
2;1797;13.219887966623;-0.599365234375;-0.0437774658203125;100 mA
2;1798;13.2239579666127;-0.60174560546875;-0.0435516357421875;100 mA
2;1799;13.2280279666024;-0.604156494140625;-0.043359375;100 mA
2;1800;13.2320979665922;-0.606658935546875;-0.043157958984375;100 mA
2;1801;13.2361679665819;-0.609100341796875;-0.0429351806640625;100 mA
2;1802;13.2402379665716;-0.61151123046875;-0.042724609375;100 mA
2;1803;13.2443079665613;-0.61395263671875;-0.0425323486328125;100 mA
2;1804;13.2483779665511;-0.616424560546875;-0.0423614501953125;100 mA
2;1805;13.2524479665408;-0.618865966796875;-0.042156982421875;100 mA
2;1806;13.2565179665305;-0.621307373046875;-0.041998291015625;100 mA
2;1807;13.2605879665202;-0.623779296875;-0.041790771484375;100 mA
2;1808;13.26465796651;-0.62615966796875;-0.0416015625;100 mA
2;1809;13.2687279664997;-0.62860107421875;-0.0414398193359375;100 mA
2;1810;13.2727979664894;-0.63104248046875;-0.0412506103515625;100 mA
2;1811;13.2768679664791;-0.63348388671875;-0.041064453125;100 mA
2;1812;13.2809379664689;-0.63592529296875;-0.040936279296875;100 mA
2;1813;13.2850079664586;-0.638427734375;-0.0407470703125;100 mA
2;1814;13.2890779664483;-0.640777587890625;-0.0406005859375;100 mA
2;1815;13.293147966438;-0.643280029296875;-0.0404205322265625;100 mA
2;1816;13.2972179664278;-0.645721435546875;-0.0402435302734375;100 mA
2;1817;13.3012879664175;-0.648101806640625;-0.0401275634765625;100 mA
2;1818;13.3053579664072;-0.650634765625;-0.0399444580078125;100 mA
2;1819;13.3094279663969;-0.653076171875;-0.0397705078125;100 mA
2;1820;13.3134979663866;-0.655487060546875;-0.039654541015625;100 mA
2;1821;13.3175679663764;-0.657928466796875;-0.0394805908203125;100 mA
2;1822;13.3216379663661;-0.660400390625;-0.0393218994140625;100 mA
2;1823;13.3257079663558;-0.662841796875;-0.0391937255859375;100 mA
2;1824;13.3297779663455;-0.66522216796875;-0.039068603515625;100 mA
2;1825;13.3338479663353;-0.66766357421875;-0.0388946533203125;100 mA
2;1826;13.337917966325;-0.67010498046875;-0.038763427734375;100 mA
2;1827;13.3419879663147;-0.672607421875;-0.0386444091796875;100 mA
2;1828;13.3460579663044;-0.67498779296875;-0.0385162353515625;100 mA
2;1829;13.3501279662942;-0.677459716796875;-0.0383880615234375;100 mA
2;1830;13.3541979662839;-0.679779052734375;-0.0381744384765625;100 mA
2;1831;13.3582679662736;-0.682342529296875;-0.0381195068359375;100 mA
2;1832;13.3623379662633;-0.684783935546875;-0.0380401611328125;100 mA
2;1833;13.3664079662531;-0.687225341796875;-0.037841796875;100 mA
2;1834;13.3704779662428;-0.689666748046875;-0.037713623046875;100 mA
2;1835;13.3745479662325;-0.69207763671875;-0.03760986328125;100 mA
2;1836;13.3786179662222;-0.69451904296875;-0.0375;100 mA
2;1837;13.382687966212;-0.697021484375;-0.0374114990234375;100 mA
2;1838;13.3867579662017;-0.69940185546875;-0.0372772216796875;100 mA
2;1839;13.3908279661914;-0.701904296875;-0.0371551513671875;100 mA
2;1840;13.3948979661811;-0.704315185546875;-0.037030029296875;100 mA
2;1841;13.3989679661709;-0.706787109375;-0.0369384765625;100 mA
2;1842;13.4030379661606;-0.709197998046875;-0.036822509765625;100 mA
2;1843;13.4071079661503;-0.711669921875;-0.03670654296875;100 mA
2;1844;13.41117796614;-0.714111328125;-0.0366302490234375;100 mA
2;1845;13.4152479661298;-0.71649169921875;-0.0365234375;100 mA
2;1846;13.4193179661195;-0.718963623046875;-0.0364166259765625;100 mA
2;1847;13.4233879661092;-0.721435546875;-0.03629150390625;100 mA
2;1848;13.4274579660989;-0.723846435546875;-0.0362091064453125;100 mA
2;1849;13.4315279660887;-0.726226806640625;-0.0361236572265625;100 mA
2;1850;13.4355979660784;-0.72869873046875;-0.03607177734375;100 mA
2;1851;13.4396679660681;-0.731170654296875;-0.0359100341796875;100 mA
2;1852;13.4437379660578;-0.733673095703125;-0.0358184814453125;100 mA
2;1853;13.4478079660475;-0.736053466796875;-0.035784912109375;100 mA
2;1854;13.4518779660373;-0.738494873046875;-0.0356719970703125;100 mA
2;1855;13.455947966027;-0.740966796875;-0.0355926513671875;100 mA
2;1856;13.4600179660167;-0.743316650390625;-0.0355072021484375;100 mA
2;1857;13.4640879660064;-0.745849609375;-0.035406494140625;100 mA
2;1858;13.4681579659962;-0.748199462890625;-0.0353179931640625;100 mA
2;1859;13.4722279659859;-0.75103759765625;-0.0352386474609375;100 mA
2;1860;13.4762979659756;-0.75347900390625;-0.03514404296875;100 mA
2;1861;13.4803679659653;-0.755615234375;-0.03509521484375;100 mA
2;1862;13.4844379659551;-0.75836181640625;-0.035028076171875;100 mA
2;1863;13.4885079659448;-0.7611083984375;-0.0348907470703125;100 mA
2;1864;13.4925779659345;-0.76263427734375;-0.034869384765625;100 mA
2;1865;13.4966479659242;-0.7659912109375;-0.034820556640625;100 mA
2;1866;13.500717965914;-0.767822265625;-0.0347320556640625;100 mA
2;1867;13.5047879659037;-0.77056884765625;-0.03463134765625;100 mA
2;1868;13.5088579658934;-0.772705078125;-0.0345855712890625;100 mA
2;1869;13.5129279658831;-0.77545166015625;-0.034527587890625;100 mA
2;1870;13.5169979658729;-0.77789306640625;-0.0344451904296875;100 mA
2;1871;13.5210679658626;-0.7806396484375;-0.034381103515625;100 mA
2;1872;13.5251379658523;-0.78277587890625;-0.03428955078125;100 mA
2;1873;13.529207965842;-0.784912109375;-0.034259033203125;100 mA
2;1874;13.5332779658318;-0.7867431640625;-0.0342071533203125;100 mA
2;1875;13.5373479658215;-0.7904052734375;-0.034112548828125;100 mA
2;1876;13.5414179658112;-0.792236328125;-0.034039306640625;100 mA
2;1877;13.5454879658009;-0.794677734375;-0.0339935302734375;100 mA
2;1878;13.5495579657907;-0.797119140625;-0.033905029296875;100 mA
2;1879;13.5536279657804;-0.799560546875;-0.0338653564453125;100 mA
2;1880;13.5576979657701;-0.80291748046875;-0.0337982177734375;100 mA
2;1881;13.5617679657598;-0.804443359375;-0.033758544921875;100 mA
2;1882;13.5658379657496;-0.806884765625;-0.0337005615234375;100 mA
2;1883;13.5699079657393;-0.80902099609375;-0.0336395263671875;100 mA
2;1884;13.573977965729;-0.81207275390625;-0.033575439453125;100 mA
2;1885;13.5780479657187;-0.81451416015625;-0.0334991455078125;100 mA
2;1886;13.5821179657084;-0.8172607421875;-0.0334747314453125;100 mA
2;1887;13.5861879656982;-0.8197021484375;-0.0334197998046875;100 mA
2;1888;13.5902579656879;-0.82183837890625;-0.033355712890625;100 mA
2;1889;13.5943279656776;-0.823974609375;-0.03328857421875;100 mA
2;1890;13.5983979656673;-0.82672119140625;-0.0332672119140625;100 mA
2;1891;13.6024679656571;-0.82916259765625;-0.0331787109375;100 mA
2;1892;13.6065379656468;-0.8306884765625;-0.033111572265625;100 mA
2;1893;13.6106079656365;-0.833740234375;-0.033074951171875;100 mA
2;1894;13.6146779656262;-0.836181640625;-0.03306884765625;100 mA
2;1895;13.618747965616;-0.83831787109375;-0.0329986572265625;100 mA
2;1896;13.6228179656057;-0.841064453125;-0.0329071044921875;100 mA
2;1897;13.6268879655954;-0.84381103515625;-0.0328857421875;100 mA
2;1898;13.6309579655851;-0.845947265625;-0.0328094482421875;100 mA
2;1899;13.6350279655749;-0.8489990234375;-0.0327850341796875;100 mA
2;1900;13.6390979655646;-0.8514404296875;-0.0326751708984375;100 mA
2;1901;13.6431679655543;-0.853271484375;-0.03265380859375;100 mA
2;1902;13.647237965544;-0.85540771484375;-0.0326080322265625;100 mA
2;1903;13.6513079655338;-0.85845947265625;-0.032574462890625;100 mA
2;1904;13.6553779655235;-0.86090087890625;-0.0324462890625;100 mA
2;1905;13.6594479655132;-0.863037109375;-0.0324371337890625;100 mA
2;1906;13.6635179655029;-0.865478515625;-0.0323883056640625;100 mA
2;1907;13.6675879654927;-0.867919921875;-0.03233642578125;100 mA
2;1908;13.6716579654824;-0.870361328125;-0.0322174072265625;100 mA
2;1909;13.6757279654721;-0.87249755859375;-0.0322235107421875;100 mA
2;1910;13.6797979654618;-0.87554931640625;-0.0321533203125;100 mA
2;1911;13.6838679654516;-0.87738037109375;-0.032122802734375;100 mA
2;1912;13.6879379654413;-0.88043212890625;-0.0320556640625;100 mA
2;1913;13.692007965431;-0.88287353515625;-0.0320037841796875;100 mA
2;1914;13.6960779654207;-0.88531494140625;-0.03194580078125;100 mA
2;1915;13.7001479654105;-0.887451171875;-0.03193359375;100 mA
2;1916;13.7042179654002;-0.889892578125;-0.031866455078125;100 mA
2;1917;13.7082879653899;-0.89202880859375;-0.0317962646484375;100 mA
2;1918;13.7123579653796;-0.894775390625;-0.03177490234375;100 mA
2;1919;13.7164279653693;-0.897216796875;-0.0317108154296875;100 mA
2;1920;13.7204979653591;-0.9002685546875;-0.031634521484375;100 mA
2;1921;13.7245679653488;-0.902099609375;-0.03157958984375;100 mA
2;1922;13.7286379653385;-0.90423583984375;-0.03154296875;100 mA
2;1923;13.7327079653282;-0.90728759765625;-0.0314849853515625;100 mA
2;1924;13.736777965318;-0.90972900390625;-0.0314697265625;100 mA
2;1925;13.7408479653077;-0.91156005859375;-0.0313995361328125;100 mA
2;1926;13.7449179652974;-0.914306640625;-0.0313507080078125;100 mA
2;1927;13.7489879652871;-0.91705322265625;-0.0313140869140625;100 mA
2;1928;13.7530579652769;-0.919189453125;-0.0312896728515625;100 mA
2;1929;13.7571279652666;-0.92193603515625;-0.0312164306640625;100 mA
2;1930;13.7611979652563;-0.92437744140625;-0.0311492919921875;100 mA
2;1931;13.765267965246;-0.9271240234375;-0.031121826171875;100 mA
2;1932;13.7693379652358;-0.9295654296875;-0.0310760498046875;100 mA
2;1933;13.7734079652255;-0.93170166015625;-0.0310516357421875;100 mA
2;1934;13.7774779652152;-0.93414306640625;-0.0309722900390625;100 mA
2;1935;13.7815479652049;-0.9368896484375;-0.0309844970703125;100 mA
2;1936;13.7856179651947;-0.938720703125;-0.030938720703125;100 mA
2;1937;13.7896879651844;-0.94146728515625;-0.0308258056640625;100 mA
2;1938;13.7937579651741;-0.94329833984375;-0.03079833984375;100 mA
2;1939;13.7978279651638;-0.94635009765625;-0.030792236328125;100 mA
2;1940;13.8018979651536;-0.94879150390625;-0.0307586669921875;100 mA
2;1941;13.8059679651433;-0.950927734375;-0.0307373046875;100 mA
2;1942;13.810037965133;-0.95367431640625;-0.0306671142578125;100 mA
2;1943;13.8141079651227;-0.955810546875;-0.030645751953125;100 mA
2;1944;13.8181779651125;-0.95855712890625;-0.0306182861328125;100 mA
2;1945;13.8222479651022;-0.960693359375;-0.030560302734375;100 mA
2;1946;13.8263179650919;-0.963134765625;-0.030548095703125;100 mA
2;1947;13.8303879650816;-0.96588134765625;-0.0305389404296875;100 mA
2;1948;13.8344579650714;-0.968017578125;-0.03045654296875;100 mA
2;1949;13.8385279650611;-0.97015380859375;-0.0303985595703125;100 mA
2;1950;13.8425979650508;-0.972900390625;-0.030401611328125;100 mA
2;1951;13.8466679650405;-0.975341796875;-0.0304229736328125;100 mA
2;1952;13.8507379650302;-0.97808837890625;-0.0303497314453125;100 mA
2;1953;13.85480796502;-0.98052978515625;-0.0304443359375;100 mA
2;1954;13.8588779650097;-0.98236083984375;-0.0302520751953125;100 mA
2;1955;13.8629479649994;-0.9857177734375;-0.0302215576171875;100 mA
2;1956;13.8670179649891;-0.98785400390625;-0.03023681640625;100 mA
2;1957;13.8710879649789;-0.989990234375;-0.030340576171875;100 mA
2;1958;13.8751579649686;-0.992431640625;-0.03018798828125;100 mA
2;1959;13.8792279649583;-0.99517822265625;-0.030133056640625;100 mA
2;1960;13.883297964948;-0.99700927734375;-0.0301300048828125;100 mA
2;1961;13.8873679649378;-1.00006103515625;-0.03011474609375;100 mA
2;1962;13.8914379649275;-0.99853515625;-0.0262359619140625;100 mA
2;1963;13.8955079649172;-0.99639892578125;-0.02552490234375;100 mA
2;1964;13.8995779649069;-0.99365234375;-0.0251708984375;100 mA
2;1965;13.9036479648967;-0.9918212890625;-0.024761962890625;100 mA
2;1966;13.9077179648864;-0.98968505859375;-0.0244873046875;100 mA
2;1967;13.9117879648761;-0.98663330078125;-0.0242431640625;100 mA
2;1968;13.9158579648658;-0.98419189453125;-0.0240936279296875;100 mA
2;1969;13.9199279648556;-0.98175048828125;-0.023876953125;100 mA
2;1970;13.9239979648453;-0.9783935546875;-0.0237091064453125;100 mA
2;1971;13.928067964835;-0.9771728515625;-0.0235260009765625;100 mA
2;1972;13.9321379648247;-0.97442626953125;-0.0234466552734375;100 mA
2;1973;13.9362079648145;-0.9722900390625;-0.023284912109375;100 mA
2;1974;13.9402779648042;-0.96923828125;-0.0231597900390625;100 mA
2;1975;13.9443479647939;-0.96649169921875;-0.0230194091796875;100 mA
2;1976;13.9484179647836;-0.96435546875;-0.022967529296875;100 mA
2;1977;13.9524879647734;-0.9619140625;-0.022857666015625;100 mA
2;1978;13.9565579647631;-0.9600830078125;-0.0227325439453125;100 mA
2;1979;13.9606279647528;-0.95703125;-0.022637939453125;100 mA
2;1980;13.9646979647425;-0.95489501953125;-0.022613525390625;100 mA
2;1981;13.9687679647323;-0.9527587890625;-0.0225311279296875;100 mA
2;1982;13.972837964722;-0.94970703125;-0.022393798828125;100 mA
2;1983;13.9769079647117;-0.94696044921875;-0.02232666015625;100 mA
2;1984;13.9809779647014;-0.9442138671875;-0.02227783203125;100 mA
2;1985;13.9850479646911;-0.94207763671875;-0.022222900390625;100 mA
2;1986;13.9891179646809;-0.93963623046875;-0.022161865234375;100 mA
2;1987;13.9931879646706;-0.93719482421875;-0.0220428466796875;100 mA
2;1988;13.9972579646603;-0.93536376953125;-0.02198486328125;100 mA
2;1989;14.00132796465;-0.9332275390625;-0.0219512939453125;100 mA
2;1990;14.0053979646398;-0.93048095703125;-0.0218841552734375;100 mA
2;1991;14.0094679646295;-0.9283447265625;-0.0217987060546875;100 mA
2;1992;14.0135379646192;-0.92559814453125;-0.0218048095703125;100 mA
2;1993;14.0176079646089;-0.92315673828125;-0.0217071533203125;100 mA
2;1994;14.0216779645987;-0.92041015625;-0.0216217041015625;100 mA
2;1995;14.0257479645884;-0.91796875;-0.0215728759765625;100 mA
2;1996;14.0298179645781;-0.91522216796875;-0.0215484619140625;100 mA
2;1997;14.0338879645678;-0.9130859375;-0.0214813232421875;100 mA
2;1998;14.0379579645576;-0.91064453125;-0.0214141845703125;100 mA
2;1999;14.0420279645473;-0.90850830078125;-0.021343994140625;100 mA
2;2000;14.046097964537;-0.90545654296875;-0.0213409423828125;100 mA
2;2001;14.0501679645267;-0.90362548828125;-0.0212982177734375;100 mA
2;2002;14.0542379645165;-0.90087890625;-0.0211639404296875;100 mA
2;2003;14.0583079645062;-0.8984375;-0.021197509765625;100 mA
2;2004;14.0623779644959;-0.8953857421875;-0.021258544921875;100 mA
2;2005;14.0664479644856;-0.89385986328125;-0.02108154296875;100 mA
2;2006;14.0705179644754;-0.89080810546875;-0.0210052490234375;100 mA
2;2007;14.0745879644651;-0.888671875;-0.0209869384765625;100 mA
2;2008;14.0786579644548;-0.88653564453125;-0.0209564208984375;100 mA
2;2009;14.0827279644445;-0.88348388671875;-0.02091064453125;100 mA
2;2010;14.0867979644343;-0.880126953125;-0.02086181640625;100 mA
2;2011;14.090867964424;-0.87890625;-0.02080078125;100 mA
2;2012;14.0949379644137;-0.8758544921875;-0.0207550048828125;100 mA
2;2013;14.0990079644034;-0.87371826171875;-0.0207275390625;100 mA
2;2014;14.1030779643932;-0.87188720703125;-0.0206756591796875;100 mA
2;2015;14.1071479643829;-0.86883544921875;-0.02064208984375;100 mA
2;2016;14.1112179643726;-0.86669921875;-0.0205474853515625;100 mA
2;2017;14.1152879643623;-0.86395263671875;-0.0205169677734375;100 mA
2;2018;14.119357964352;-0.8612060546875;-0.020489501953125;100 mA
2;2019;14.1234279643418;-0.859375;-0.0204345703125;100 mA
2;2020;14.1274979643315;-0.85662841796875;-0.0204132080078125;100 mA
2;2021;14.1315679643212;-0.8544921875;-0.0203765869140625;100 mA
2;2022;14.1356379643109;-0.85174560546875;-0.0203521728515625;100 mA
2;2023;14.1397079643007;-0.84930419921875;-0.02027587890625;100 mA
2;2024;14.1437779642904;-0.8465576171875;-0.02022705078125;100 mA
2;2025;14.1478479642801;-0.8441162109375;-0.0202423095703125;100 mA
2;2026;14.1519179642698;-0.84197998046875;-0.020172119140625;100 mA
2;2027;14.1559879642596;-0.83892822265625;-0.0201324462890625;100 mA
2;2028;14.1600579642493;-0.8367919921875;-0.0200897216796875;100 mA
2;2029;14.164127964239;-0.8343505859375;-0.0200469970703125;100 mA
2;2030;14.1681979642287;-0.83160400390625;-0.0200469970703125;100 mA
2;2031;14.1722679642185;-0.82977294921875;-0.020001220703125;100 mA
2;2032;14.1763379642082;-0.82733154296875;-0.019964599609375;100 mA
2;2033;14.1804079641979;-0.82427978515625;-0.019915771484375;100 mA
2;2034;14.1844779641876;-0.8221435546875;-0.019873046875;100 mA
2;2035;14.1885479641774;-0.8197021484375;-0.0198394775390625;100 mA
2;2036;14.1926179641671;-0.81756591796875;-0.0197967529296875;100 mA
2;2037;14.1966879641568;-0.8148193359375;-0.0198089599609375;100 mA
2;2038;14.2007579641465;-0.81268310546875;-0.0197418212890625;100 mA
2;2039;14.2048279641363;-0.81024169921875;-0.0196746826171875;100 mA
2;2040;14.208897964126;-0.8074951171875;-0.019683837890625;100 mA
2;2041;14.2129679641157;-0.8050537109375;-0.0196197509765625;100 mA
2;2042;14.2170379641054;-0.80322265625;-0.0196044921875;100 mA
2;2043;14.2211079640952;-0.8001708984375;-0.019586181640625;100 mA
2;2044;14.2251779640849;-0.7977294921875;-0.01953125;100 mA
2;2045;14.2292479640746;-0.79498291015625;-0.01954345703125;100 mA
2;2046;14.2333179640643;-0.79254150390625;-0.01947021484375;100 mA
2;2047;14.2373879640541;-0.7904052734375;-0.0194305419921875;100 mA
2;2048;14.2414579640438;-0.7879638671875;-0.0193939208984375;100 mA
2;2049;14.2455279640335;-0.78521728515625;-0.0193389892578125;100 mA
2;2050;14.2495979640232;-0.78277587890625;-0.0193695068359375;100 mA
2;2051;14.2536679640129;-0.7806396484375;-0.019281005859375;100 mA
2;2052;14.2577379640027;-0.77850341796875;-0.0193084716796875;100 mA
2;2053;14.2618079639924;-0.77545166015625;-0.0192626953125;100 mA
2;2054;14.2658779639821;-0.7733154296875;-0.0192169189453125;100 mA
2;2055;14.2699479639718;-0.7708740234375;-0.0191802978515625;100 mA
2;2056;14.2740179639616;-0.76873779296875;-0.019158935546875;100 mA
2;2057;14.2780879639513;-0.7659912109375;-0.019110107421875;100 mA
2;2058;14.282157963941;-0.7635498046875;-0.0191009521484375;100 mA
2;2059;14.2862279639307;-0.76080322265625;-0.0190826416015625;100 mA
2;2060;14.2902979639205;-0.7586669921875;-0.0190155029296875;100 mA
2;2061;14.2943679639102;-0.75653076171875;-0.0190032958984375;100 mA
2;2062;14.2984379638999;-0.75408935546875;-0.0189788818359375;100 mA
2;2063;14.3025079638896;-0.7513427734375;-0.0189727783203125;100 mA
2;2064;14.3065779638794;-0.7486572265625;-0.018896484375;100 mA
2;2065;14.3106479638691;-0.746124267578125;-0.0188690185546875;100 mA
2;2066;14.3147179638588;-0.743621826171875;-0.0188751220703125;100 mA
2;2067;14.3187879638485;-0.741180419921875;-0.0188262939453125;100 mA
2;2068;14.3228579638383;-0.73883056640625;-0.01875;100 mA
2;2069;14.326927963828;-0.736236572265625;-0.01873779296875;100 mA
2;2070;14.3309979638177;-0.73388671875;-0.018743896484375;100 mA
2;2071;14.3350679638074;-0.731353759765625;-0.0187103271484375;100 mA
2;2072;14.3391379637972;-0.72894287109375;-0.0186370849609375;100 mA
2;2073;14.3432079637869;-0.726470947265625;-0.01864013671875;100 mA
2;2074;14.3472779637766;-0.724090576171875;-0.018603515625;100 mA
2;2075;14.3513479637663;-0.721588134765625;-0.0185546875;100 mA
2;2076;14.3554179637561;-0.719146728515625;-0.0185516357421875;100 mA
2;2077;14.3594879637458;-0.71673583984375;-0.018499755859375;100 mA
2;2078;14.3635579637355;-0.714263916015625;-0.0184844970703125;100 mA
2;2079;14.3676279637252;-0.711822509765625;-0.0184326171875;100 mA
2;2080;14.371697963715;-0.709381103515625;-0.0183929443359375;100 mA
2;2081;14.3757679637047;-0.70684814453125;-0.018389892578125;100 mA
2;2082;14.3798379636944;-0.704498291015625;-0.0183349609375;100 mA
2;2083;14.3839079636841;-0.7020263671875;-0.0182952880859375;100 mA
2;2084;14.3879779636738;-0.699554443359375;-0.01826171875;100 mA
2;2085;14.3920479636636;-0.69708251953125;-0.018206787109375;100 mA
2;2086;14.3961179636533;-0.694580078125;-0.0181915283203125;100 mA
2;2087;14.400187963643;-0.69219970703125;-0.0181671142578125;100 mA
2;2088;14.4042579636327;-0.689788818359375;-0.0181304931640625;100 mA
2;2089;14.4083279636225;-0.68731689453125;-0.0180694580078125;100 mA
2;2090;14.4123979636122;-0.684844970703125;-0.018048095703125;100 mA
2;2091;14.4164679636019;-0.682403564453125;-0.0180084228515625;100 mA
2;2092;14.4205379635916;-0.679931640625;-0.0179718017578125;100 mA
2;2093;14.4246079635814;-0.67755126953125;-0.0179351806640625;100 mA
2;2094;14.4286779635711;-0.675018310546875;-0.017877197265625;100 mA
2;2095;14.4327479635608;-0.672515869140625;-0.017852783203125;100 mA
2;2096;14.4368179635505;-0.670166015625;-0.0178131103515625;100 mA
2;2097;14.4408879635403;-0.6676025390625;-0.0177703857421875;100 mA
2;2098;14.44495796353;-0.665283203125;-0.017724609375;100 mA
2;2099;14.4490279635197;-0.662811279296875;-0.01768798828125;100 mA
2;2100;14.4530979635094;-0.660308837890625;-0.017633056640625;100 mA
2;2101;14.4571679634992;-0.6578369140625;-0.0175750732421875;100 mA
2;2102;14.4612379634889;-0.655426025390625;-0.017547607421875;100 mA
2;2103;14.4653079634786;-0.6529541015625;-0.01751708984375;100 mA
2;2104;14.4693779634683;-0.6505126953125;-0.017449951171875;100 mA
2;2105;14.4734479634581;-0.6480712890625;-0.01741943359375;100 mA
2;2106;14.4775179634478;-0.645660400390625;-0.0173675537109375;100 mA
2;2107;14.4815879634375;-0.6431884765625;-0.01732177734375;100 mA
2;2108;14.4856579634272;-0.64068603515625;-0.0172454833984375;100 mA
2;2109;14.489727963417;-0.6383056640625;-0.01722412109375;100 mA
2;2110;14.4937979634067;-0.635833740234375;-0.017144775390625;100 mA
2;2111;14.4978679633964;-0.63336181640625;-0.0171112060546875;100 mA
2;2112;14.5019379633861;-0.63092041015625;-0.0170623779296875;100 mA
2;2113;14.5060079633759;-0.62841796875;-0.0169769287109375;100 mA
2;2114;14.5100779633656;-0.6259765625;-0.0169189453125;100 mA
2;2115;14.5141479633553;-0.62353515625;-0.0168731689453125;100 mA
2;2116;14.518217963345;-0.621124267578125;-0.016839599609375;100 mA
2;2117;14.5222879633347;-0.61865234375;-0.0167694091796875;100 mA
2;2118;14.5263579633245;-0.6162109375;-0.0166961669921875;100 mA
2;2119;14.5304279633142;-0.61376953125;-0.01663818359375;100 mA
2;2120;14.5344979633039;-0.611297607421875;-0.0165924072265625;100 mA
2;2121;14.5385679632936;-0.60882568359375;-0.016497802734375;100 mA
2;2122;14.5426379632834;-0.606353759765625;-0.016436767578125;100 mA
2;2123;14.5467079632731;-0.603973388671875;-0.01640625;100 mA
2;2124;14.5507779632628;-0.60150146484375;-0.0162841796875;100 mA
2;2125;14.5548479632525;-0.5989990234375;-0.0162933349609375;100 mA
2;2126;14.5589179632423;-0.596588134765625;-0.0161285400390625;100 mA
2;2127;14.562987963232;-0.594146728515625;-0.016058349609375;100 mA
2;2128;14.5670579632217;-0.591705322265625;-0.015997314453125;100 mA
2;2129;14.5711279632114;-0.5892333984375;-0.015966796875;100 mA
2;2130;14.5751979632012;-0.586761474609375;-0.0158416748046875;100 mA
2;2131;14.5792679631909;-0.584320068359375;-0.015771484375;100 mA
2;2132;14.5833379631806;-0.5819091796875;-0.01568603515625;100 mA
2;2133;14.5874079631703;-0.57940673828125;-0.015582275390625;100 mA
2;2134;14.5914779631601;-0.576995849609375;-0.0154815673828125;100 mA
2;2135;14.5955479631498;-0.57452392578125;-0.01539306640625;100 mA
2;2136;14.5996179631395;-0.572113037109375;-0.015283203125;100 mA
2;2137;14.6036879631292;-0.5697021484375;-0.015185546875;100 mA
2;2138;14.607757963119;-0.567230224609375;-0.0150726318359375;100 mA
2;2139;14.6118279631087;-0.56475830078125;-0.0149566650390625;100 mA
2;2140;14.6158979630984;-0.562286376953125;-0.0148590087890625;100 mA
2;2141;14.6199679630881;-0.559814453125;-0.0147491455078125;100 mA
2;2142;14.6240379630779;-0.557342529296875;-0.014593505859375;100 mA
2;2143;14.6281079630676;-0.55487060546875;-0.0145050048828125;100 mA
2;2144;14.6321779630573;-0.552490234375;-0.0143829345703125;100 mA
2;2145;14.636247963047;-0.550018310546875;-0.01427001953125;100 mA
2;2146;14.6403179630368;-0.54754638671875;-0.01412353515625;100 mA
2;2147;14.6443879630265;-0.545166015625;-0.013946533203125;100 mA
2;2148;14.6484579630162;-0.542633056640625;-0.0138519287109375;100 mA
2;2149;14.6525279630059;-0.54022216796875;-0.013702392578125;100 mA
2;2150;14.6565979629956;-0.5377197265625;-0.0135223388671875;100 mA
2;2151;14.6606679629854;-0.5352783203125;-0.0133514404296875;100 mA
2;2152;14.6647379629751;-0.5328369140625;-0.013226318359375;100 mA
2;2153;14.6688079629648;-0.5303955078125;-0.0130615234375;100 mA
2;2154;14.6728779629545;-0.527923583984375;-0.0128570556640625;100 mA
2;2155;14.6769479629443;-0.5255126953125;-0.0126678466796875;100 mA
2;2156;14.681017962934;-0.52301025390625;-0.0125335693359375;100 mA
2;2157;14.6850879629237;-0.520599365234375;-0.0123016357421875;100 mA
2;2158;14.6891579629134;-0.518096923828125;-0.0121124267578125;100 mA
2;2159;14.6932279629032;-0.51568603515625;-0.0119171142578125;100 mA
2;2160;14.6972979628929;-0.5133056640625;-0.0117034912109375;100 mA
2;2161;14.7013679628826;-0.510833740234375;-0.01148681640625;100 mA
2;2162;14.7054379628723;-0.508331298828125;-0.0112457275390625;100 mA
2;2163;14.7095079628621;-0.505889892578125;-0.0110076904296875;100 mA
2;2164;14.7135779628518;-0.503448486328125;-0.0108062744140625;100 mA
2;2165;14.7176479628415;-0.501007080078125;-0.0105194091796875;100 mA
2;2166;14.7217179628312;-0.49859619140625;-0.01021728515625;100 mA
2;2167;14.725787962821;-0.49609375;-0.00999755859375;100 mA
2;2168;14.7298579628107;-0.49365234375;-0.0097076416015625;100 mA
2;2169;14.7339279628004;-0.491302490234375;-0.0094451904296875;100 mA
2;2170;14.7379979627901;-0.48870849609375;-0.0091094970703125;100 mA
2;2171;14.7420679627799;-0.48626708984375;-0.008770751953125;100 mA
2;2172;14.7461379627696;-0.483856201171875;-0.0085296630859375;100 mA
2;2173;14.7502079627593;-0.481414794921875;-0.0081817626953125;100 mA
2;2174;14.754277962749;-0.478912353515625;-0.007684326171875;100 mA
2;2175;14.7583479627388;-0.47650146484375;-0.0074249267578125;100 mA
2;2176;14.7624179627285;-0.47406005859375;-0.00718994140625;100 mA
2;2177;14.7664879627182;-0.4715576171875;-0.006689453125;100 mA
2;2178;14.7705579627079;-0.46917724609375;-0.006292724609375;100 mA
2;2179;14.7746279626977;-0.466644287109375;-0.0058685302734375;100 mA
2;2180;14.7786979626874;-0.464202880859375;-0.0054229736328125;100 mA
2;2181;14.7827679626771;-0.461822509765625;-0.0050140380859375;100 mA
2;2182;14.7868379626668;-0.4593505859375;-0.00460601806640625;100 mA
2;2183;14.7909079626565;-0.456939697265625;-0.004051513671875;100 mA
2;2184;14.7949779626463;-0.454437255859375;-0.0035888671875;100 mA
2;2185;14.799047962636;-0.452056884765625;-0.0031060791015625;100 mA
2;2186;14.8031179626257;-0.44952392578125;-0.00263763427734375;100 mA
2;2187;14.8071879626154;-0.44708251953125;-0.0020672607421875;100 mA
2;2188;14.8112579626052;-0.444610595703125;-0.00149749755859375;100 mA
2;2189;14.8153279625949;-0.44219970703125;-0.000992431640624999;100 mA
2;2190;14.8193979625846;-0.439697265625;-0.000425109863281251;100 mA
2;2191;14.8234679625743;-0.437286376953125;0.00025054931640625;100 mA
2;2192;14.8275379625641;-0.434783935546875;0.000853271484375;100 mA
2;2193;14.8316079625538;-0.432342529296875;0.00147552490234375;100 mA
2;2194;14.8356779625435;-0.429962158203125;0.0020953369140625;100 mA
2;2195;14.8397479625332;-0.427459716796875;0.00285980224609375;100 mA
2;2196;14.843817962523;-0.425018310546875;0.00351959228515625;100 mA
2;2197;14.8478879625127;-0.42254638671875;0.004224853515625;100 mA
2;2198;14.8519579625024;-0.420166015625;0.00496826171875;100 mA
2;2199;14.8560279624921;-0.41766357421875;0.0057403564453125;100 mA
2;2200;14.8600979624819;-0.41522216796875;0.0065216064453125;100 mA
2;2201;14.8641679624716;-0.41278076171875;0.00732421875;100 mA
2;2202;14.8682379624613;-0.41033935546875;0.008111572265625;100 mA
2;2203;14.872307962451;-0.407928466796875;0.00902099609375;100 mA
2;2204;14.8763779624408;-0.40545654296875;0.0098236083984375;100 mA
2;2205;14.8804479624305;-0.403045654296875;0.0106292724609375;100 mA
2;2206;14.8845179624202;-0.400543212890625;0.0115142822265625;100 mA
2;2207;14.8885879624099;-0.398101806640625;0.0125701904296875;100 mA
2;2208;14.8926579623997;-0.3956298828125;0.0134033203125;100 mA
2;2209;14.8967279623894;-0.393218994140625;0.014373779296875;100 mA
2;2210;14.9007979623791;-0.3907470703125;0.01531982421875;100 mA
2;2211;14.9048679623688;-0.388214111328125;0.0163177490234375;100 mA
2;2212;14.9089379623586;-0.3858642578125;0.0173431396484375;100 mA
2;2213;14.9130079623483;-0.3834228515625;0.018310546875;100 mA
2;2214;14.917077962338;-0.380950927734375;0.019329833984375;100 mA
2;2215;14.9211479623277;-0.37841796875;0.0203582763671875;100 mA
2;2216;14.9252179623174;-0.376007080078125;0.0215179443359375;100 mA
2;2217;14.9292879623072;-0.37359619140625;0.0226287841796875;100 mA
2;2218;14.9333579622969;-0.3712158203125;0.02362060546875;100 mA
2;2219;14.9374279622866;-0.36871337890625;0.0247314453125;100 mA
2;2220;14.9414979622763;-0.366241455078125;0.0258453369140625;100 mA
2;2221;14.9455679622661;-0.36376953125;0.026983642578125;100 mA
2;2222;14.9496379622558;-0.361328125;0.027984619140625;100 mA
2;2223;14.9537079622455;-0.35894775390625;0.0291015625;100 mA
2;2224;14.9577779622352;-0.3564453125;0.0302734375;100 mA
2;2225;14.961847962225;-0.35400390625;0.031378173828125;100 mA
2;2226;14.9659179622147;-0.351470947265625;0.032452392578125;100 mA
2;2227;14.9699879622044;-0.349090576171875;0.033642578125;100 mA
2;2228;14.9740579621941;-0.346588134765625;0.0347381591796875;100 mA
2;2229;14.9781279621839;-0.344207763671875;0.0358673095703125;100 mA
2;2230;14.9821979621736;-0.341766357421875;0.0368377685546875;100 mA
2;2231;14.9862679621633;-0.33929443359375;0.037933349609375;100 mA
2;2232;14.990337962153;-0.336822509765625;0.039166259765625;100 mA
2;2233;14.9944079621428;-0.33441162109375;0.04022216796875;100 mA
2;2234;14.9984779621325;-0.331939697265625;0.0411346435546875;100 mA
2;2235;15.0025479621222;-0.32958984375;0.042132568359375;100 mA
2;2236;15.0066179621119;-0.3270263671875;0.04326171875;100 mA
2;2237;15.0106879621017;-0.3245849609375;0.044256591796875;100 mA
2;2238;15.0147579620914;-0.322174072265625;0.0451873779296875;100 mA
2;2239;15.0188279620811;-0.3197021484375;0.0461273193359375;100 mA
2;2240;15.0228979620708;-0.317291259765625;0.047119140625;100 mA
2;2241;15.0269679620606;-0.3148193359375;0.04801025390625;100 mA
2;2242;15.0310379620503;-0.3123779296875;0.048846435546875;100 mA
2;2243;15.03510796204;-0.309906005859375;0.0495849609375;100 mA
2;2244;15.0391779620297;-0.307525634765625;0.05059814453125;100 mA
2;2245;15.0432479620194;-0.305145263671875;0.05133056640625;100 mA
2;2246;15.0473179620092;-0.302581787109375;0.052001953125;100 mA
2;2247;15.0513879619989;-0.300140380859375;0.052734375;100 mA
2;2248;15.0554579619886;-0.2977294921875;0.053375244140625;100 mA
2;2249;15.0595279619783;-0.2952880859375;0.0540771484375;100 mA
2;2250;15.0635979619681;-0.292816162109375;0.0548095703125;100 mA
2;2251;15.0676679619578;-0.2904052734375;0.0552978515625;100 mA
2;2252;15.0717379619475;-0.287933349609375;0.0557861328125;100 mA
2;2253;15.0758079619372;-0.285491943359375;0.056427001953125;100 mA
2;2254;15.079877961927;-0.282958984375;0.05682373046875;100 mA
2;2255;15.0839479619167;-0.280548095703125;0.057220458984375;100 mA
2;2256;15.0880179619064;-0.278106689453125;0.057647705078125;100 mA
2;2257;15.0920879618961;-0.275665283203125;0.05804443359375;100 mA
2;2258;15.0961579618859;-0.273223876953125;0.05841064453125;100 mA
2;2259;15.1002279618756;-0.270782470703125;0.058624267578125;100 mA
2;2260;15.1042979618653;-0.268280029296875;0.0589599609375;100 mA
2;2261;15.108367961855;-0.265869140625;0.059234619140625;100 mA
2;2262;15.1124379618448;-0.263427734375;0.05938720703125;100 mA
2;2263;15.1165079618345;-0.260986328125;0.0594482421875;100 mA
2;2264;15.1205779618242;-0.25848388671875;0.05963134765625;100 mA
2;2265;15.1246479618139;-0.25604248046875;0.059844970703125;100 mA
2;2266;15.1287179618037;-0.253570556640625;0.059844970703125;100 mA
2;2267;15.1327879617934;-0.2510986328125;0.059814453125;100 mA
2;2268;15.1368579617831;-0.248687744140625;0.059783935546875;100 mA
2;2269;15.1409279617728;-0.24627685546875;0.059906005859375;100 mA
2;2270;15.1449979617626;-0.2437744140625;0.059814453125;100 mA
2;2271;15.1490679617523;-0.2413330078125;0.0596923828125;100 mA
2;2272;15.153137961742;-0.238861083984375;0.0595703125;100 mA
2;2273;15.1572079617317;-0.236419677734375;0.059539794921875;100 mA
2;2274;15.1612779617215;-0.233978271484375;0.05938720703125;100 mA
2;2275;15.1653479617112;-0.2315673828125;0.059234619140625;100 mA
2;2276;15.1694179617009;-0.229095458984375;0.058990478515625;100 mA
2;2277;15.1734879616906;-0.2265625;0.058837890625;100 mA
2;2278;15.1775579616803;-0.224151611328125;0.058685302734375;100 mA
2;2279;15.1816279616701;-0.22174072265625;0.058349609375;100 mA
2;2280;15.1856979616598;-0.219268798828125;0.05804443359375;100 mA
2;2281;15.1897679616495;-0.216888427734375;0.057861328125;100 mA
2;2282;15.1938379616392;-0.214385986328125;0.0576171875;100 mA
2;2283;15.197907961629;-0.21197509765625;0.057281494140625;100 mA
2;2284;15.2019779616187;-0.20947265625;0.05694580078125;100 mA
2;2285;15.2060479616084;-0.20703125;0.056671142578125;100 mA
2;2286;15.2101179615981;-0.204559326171875;0.05633544921875;100 mA
2;2287;15.2141879615879;-0.20208740234375;0.055938720703125;100 mA
2;2288;15.2182579615776;-0.19970703125;0.05560302734375;100 mA
2;2289;15.2223279615673;-0.19720458984375;0.055328369140625;100 mA
2;2290;15.226397961557;-0.194732666015625;0.054931640625;100 mA
2;2291;15.2304679615468;-0.1923828125;0.05450439453125;100 mA
2;2292;15.2345379615365;-0.189849853515625;0.05413818359375;100 mA
2;2293;15.2386079615262;-0.187408447265625;0.053802490234375;100 mA
2;2294;15.2426779615159;-0.184967041015625;0.053436279296875;100 mA
2;2295;15.2467479615057;-0.1824951171875;0.052978515625;100 mA
2;2296;15.2508179614954;-0.17999267578125;0.052581787109375;100 mA
2;2297;15.2548879614851;-0.17755126953125;0.052093505859375;100 mA
2;2298;15.2589579614748;-0.1751708984375;0.05181884765625;100 mA
2;2299;15.2630279614646;-0.17266845703125;0.051422119140625;100 mA
2;2300;15.2670979614543;-0.17022705078125;0.05096435546875;100 mA
2;2301;15.271167961444;-0.167755126953125;0.050537109375;100 mA
2;2302;15.2752379614337;-0.16534423828125;0.05023193359375;100 mA
2;2303;15.2793079614235;-0.162872314453125;0.049774169921875;100 mA
2;2304;15.2833779614132;-0.160400390625;0.0493896484375;100 mA
2;2305;15.2874479614029;-0.157928466796875;0.04898681640625;100 mA
2;2306;15.2915179613926;-0.15545654296875;0.0486114501953125;100 mA
2;2307;15.2955879613824;-0.152984619140625;0.048211669921875;100 mA
2;2308;15.2996579613721;-0.15057373046875;0.0478057861328125;100 mA
2;2309;15.3037279613618;-0.148101806640625;0.0474151611328125;100 mA
2;2310;15.3077979613515;-0.14569091796875;0.04700927734375;100 mA
2;2311;15.3118679613412;-0.143218994140625;0.04659423828125;100 mA
2;2312;15.315937961331;-0.1407470703125;0.0461822509765625;100 mA
2;2313;15.3200079613207;-0.138336181640625;0.0458221435546875;100 mA
2;2314;15.3240779613104;-0.135833740234375;0.0454437255859375;100 mA
2;2315;15.3281479613001;-0.133453369140625;0.0450775146484375;100 mA
2;2316;15.3322179612899;-0.13092041015625;0.0446685791015625;100 mA
2;2317;15.3362879612796;-0.128448486328125;0.0442779541015625;100 mA
2;2318;15.3403579612693;-0.126007080078125;0.0439422607421875;100 mA
2;2319;15.344427961259;-0.12359619140625;0.04356689453125;100 mA
2;2320;15.3484979612488;-0.121124267578125;0.04317626953125;100 mA
2;2321;15.3525679612385;-0.11871337890625;0.042822265625;100 mA
2;2322;15.3566379612282;-0.1162109375;0.0424652099609375;100 mA
2;2323;15.3607079612179;-0.11383056640625;0.042138671875;100 mA
2;2324;15.3647779612077;-0.111328125;0.041778564453125;100 mA
2;2325;15.3688479611974;-0.10894775390625;0.04139404296875;100 mA
2;2326;15.3729179611871;-0.1064453125;0.0410797119140625;100 mA
2;2327;15.3769879611768;-0.103973388671875;0.0407684326171875;100 mA
2;2328;15.3810579611666;-0.101531982421875;0.0404022216796875;100 mA
2;2329;15.3851279611563;-0.099090576171875;0.04007568359375;100 mA
2;2330;15.389197961146;-0.0966796875;0.0397735595703125;100 mA
2;2331;15.3932679611357;-0.094146728515625;0.0394195556640625;100 mA
2;2332;15.3973379611255;-0.091796875;0.039117431640625;100 mA
2;2333;15.4014079611152;-0.08929443359375;0.0387908935546875;100 mA
2;2334;15.4054779611049;-0.08685302734375;0.0384765625;100 mA
2;2335;15.4095479610946;-0.084381103515625;0.0381744384765625;100 mA
2;2336;15.4136179610844;-0.081878662109375;0.0378692626953125;100 mA
2;2337;15.4176879610741;-0.079437255859375;0.0375640869140625;100 mA
2;2338;15.4217579610638;-0.07696533203125;0.037298583984375;100 mA
2;2339;15.4258279610535;-0.0745849609375;0.0369873046875;100 mA
2;2340;15.4298979610433;-0.07208251953125;0.036700439453125;100 mA
2;2341;15.433967961033;-0.069671630859375;0.036419677734375;100 mA
2;2342;15.4380379610227;-0.067230224609375;0.03614501953125;100 mA
2;2343;15.4421079610124;-0.06475830078125;0.035894775390625;100 mA
2;2344;15.4461779610021;-0.062347412109375;0.0355926513671875;100 mA
2;2345;15.4502479609919;-0.059906005859375;0.0353057861328125;100 mA
2;2346;15.4543179609816;-0.057403564453125;0.0350799560546875;100 mA
2;2347;15.4583879609713;-0.05499267578125;0.0348114013671875;100 mA
2;2348;15.462457960961;-0.052490234375;0.0345062255859375;100 mA
2;2349;15.4665279609508;-0.050048828125;0.0342926025390625;100 mA
2;2350;15.4705979609405;-0.047503662109375;0.034027099609375;100 mA
2;2351;15.4746679609302;-0.0450469970703125;0.0337921142578125;100 mA
2;2352;15.4787379609199;-0.04259033203125;0.033563232421875;100 mA
2;2353;15.4828079609097;-0.040106201171875;0.03330078125;100 mA
2;2354;15.4868779608994;-0.037689208984375;0.03309326171875;100 mA
2;2355;15.4909479608891;-0.0352386474609375;0.0328460693359375;100 mA
2;2356;15.4950179608788;-0.0328094482421875;0.0326080322265625;100 mA
2;2357;15.4990879608686;-0.03031005859375;0.03238525390625;100 mA
2;2358;15.5031579608583;-0.0278778076171875;0.0321441650390625;100 mA
2;2359;15.507227960848;-0.025445556640625;0.031951904296875;100 mA
2;2360;15.5112979608377;-0.0229766845703125;0.031707763671875;100 mA
2;2361;15.5153679608275;-0.020526123046875;0.0315093994140625;100 mA
2;2362;15.5194379608172;-0.01807861328125;0.0312896728515625;100 mA
2;2363;15.5235079608069;-0.01563720703125;0.0311126708984375;100 mA
2;2364;15.5275779607966;-0.0131683349609375;0.030889892578125;100 mA
2;2365;15.5316479607864;-0.0107574462890625;0.030682373046875;100 mA
2;2366;15.5357179607761;-0.00827636718749999;0.0304840087890625;100 mA
2;2367;15.5397879607658;-0.0058441162109375;0.0303070068359375;100 mA
2;2368;15.5438579607555;-0.0033538818359375;0.030096435546875;100 mA
2;2369;15.5479279607453;-0.000927734375000003;0.029901123046875;100 mA
3;2370;15.551997960735;0.00153503417968751;0.029693603515625;100 mA
3;2371;15.5560679607247;0.00397338867187499;0.0295257568359375;100 mA
3;2372;15.5601379607144;0.00643310546875001;0.0293426513671875;100 mA
3;2373;15.5642079607042;0.00885925292968751;0.029156494140625;100 mA
3;2374;15.5682779606939;0.011346435546875;0.0289825439453125;100 mA
3;2375;15.5723479606836;0.013763427734375;0.0288177490234375;100 mA
3;2376;15.5764179606733;0.016241455078125;0.0286285400390625;100 mA
3;2377;15.580487960663;0.018695068359375;0.028448486328125;100 mA
3;2378;15.5845579606528;0.021124267578125;0.0282867431640625;100 mA
3;2379;15.5886279606425;0.0235809326171875;0.0281280517578125;100 mA
3;2380;15.5926979606322;0.02603759765625;0.027960205078125;100 mA
3;2381;15.5967679606219;0.028497314453125;0.0277740478515625;100 mA
3;2382;15.6008379606117;0.030950927734375;0.02762451171875;100 mA
3;2383;15.6049079606014;0.033380126953125;0.0274871826171875;100 mA
3;2384;15.6089779605911;0.03585205078125;0.027313232421875;100 mA
3;2385;15.6130479605808;0.0382965087890625;0.0271484375;100 mA
3;2386;15.6171179605706;0.0407623291015625;0.027008056640625;100 mA
3;2387;15.6211879605603;0.043218994140625;0.0268798828125;100 mA
3;2388;15.62525796055;0.0456268310546875;0.0267059326171875;100 mA
3;2389;15.6293279605397;0.048095703125;0.0265655517578125;100 mA
3;2390;15.6333979605295;0.05047607421875;0.0264129638671875;100 mA
3;2391;15.6374679605192;0.052886962890625;0.026275634765625;100 mA
3;2392;15.6415379605089;0.05535888671875;0.02613525390625;100 mA
3;2393;15.6456079604986;0.057830810546875;0.0259857177734375;100 mA
3;2394;15.6496779604884;0.06024169921875;0.0258544921875;100 mA
3;2395;15.6537479604781;0.062774658203125;0.02576904296875;100 mA
3;2396;15.6578179604678;0.065155029296875;0.0255828857421875;100 mA
3;2397;15.6618879604575;0.067657470703125;0.0254425048828125;100 mA
3;2398;15.6659579604473;0.070068359375;0.0253204345703125;100 mA
3;2399;15.670027960437;0.072509765625;0.0252105712890625;100 mA
3;2400;15.6740979604267;0.074981689453125;0.0250457763671875;100 mA
3;2401;15.6781679604164;0.07745361328125;0.024932861328125;100 mA
3;2402;15.6822379604062;0.079864501953125;0.0248077392578125;100 mA
3;2403;15.6863079603959;0.082366943359375;0.0246917724609375;100 mA
3;2404;15.6903779603856;0.084747314453125;0.0245635986328125;100 mA
3;2405;15.6944479603753;0.087249755859375;0.0244659423828125;100 mA
3;2406;15.6985179603651;0.0897216796875;0.0243133544921875;100 mA
3;2407;15.7025879603548;0.092132568359375;0.0241973876953125;100 mA
3;2408;15.7066579603445;0.09454345703125;0.02410888671875;100 mA
3;2409;15.7107279603342;0.0970458984375;0.0239898681640625;100 mA
3;2410;15.7147979603239;0.0994873046875;0.023876953125;100 mA
3;2411;15.7188679603137;0.101959228515625;0.0237457275390625;100 mA
3;2412;15.7229379603034;0.104400634765625;0.023681640625;100 mA
3;2413;15.7270079602931;0.1068115234375;0.0235443115234375;100 mA
3;2414;15.7310779602828;0.109283447265625;0.02342529296875;100 mA
3;2415;15.7351479602726;0.1116943359375;0.0233184814453125;100 mA
3;2416;15.7392179602623;0.114166259765625;0.0232147216796875;100 mA
3;2417;15.743287960252;0.11663818359375;0.0231292724609375;100 mA
3;2418;15.7473579602417;0.119110107421875;0.023004150390625;100 mA
3;2419;15.7514279602315;0.121551513671875;0.022900390625;100 mA
3;2420;15.7554979602212;0.1240234375;0.0227996826171875;100 mA
3;2421;15.7595679602109;0.12640380859375;0.0226959228515625;100 mA
3;2422;15.7636379602006;0.128936767578125;0.022613525390625;100 mA
3;2423;15.7677079601904;0.13134765625;0.0225067138671875;100 mA
3;2424;15.7717779601801;0.1337890625;0.022418212890625;100 mA
3;2425;15.7758479601698;0.13623046875;0.0223358154296875;100 mA
3;2426;15.7799179601595;0.138671875;0.0222015380859375;100 mA
3;2427;15.7839879601493;0.141143798828125;0.0221282958984375;100 mA
3;2428;15.788057960139;0.143585205078125;0.0220458984375;100 mA
3;2429;15.7921279601287;0.14605712890625;0.0219512939453125;100 mA
3;2430;15.7961979601184;0.148468017578125;0.0218536376953125;100 mA
3;2431;15.8002679601082;0.150970458984375;0.0217803955078125;100 mA
3;2432;15.8043379600979;0.15338134765625;0.0217041015625;100 mA
3;2433;15.8084079600876;0.155853271484375;0.0216217041015625;100 mA
3;2434;15.8124779600773;0.15826416015625;0.0215240478515625;100 mA
3;2435;15.8165479600671;0.1607666015625;0.0214263916015625;100 mA
3;2436;15.8206179600568;0.16314697265625;0.0213623046875;100 mA
3;2437;15.8246879600465;0.165618896484375;0.021258544921875;100 mA
3;2438;15.8287579600362;0.168121337890625;0.02119140625;100 mA
3;2439;15.832827960026;0.170562744140625;0.021099853515625;100 mA
3;2440;15.8368979600157;0.17303466796875;0.021026611328125;100 mA
3;2441;15.8409679600054;0.17547607421875;0.020965576171875;100 mA
3;2442;15.8450379599951;0.17791748046875;0.0208770751953125;100 mA
3;2443;15.8491079599848;0.18035888671875;0.0207855224609375;100 mA
3;2444;15.8531779599746;0.182830810546875;0.020703125;100 mA
3;2445;15.8572479599643;0.185272216796875;0.0206390380859375;100 mA
3;2446;15.861317959954;0.187774658203125;0.0205718994140625;100 mA
3;2447;15.8653879599437;0.190185546875;0.0204864501953125;100 mA
3;2448;15.8694579599335;0.192657470703125;0.02042236328125;100 mA
3;2449;15.8735279599232;0.195068359375;0.0203582763671875;100 mA
3;2450;15.8775979599129;0.19757080078125;0.0202880859375;100 mA
3;2451;15.8816679599026;0.200042724609375;0.0202117919921875;100 mA
3;2452;15.8857379598924;0.20245361328125;0.0201171875;100 mA
3;2453;15.8898079598821;0.204833984375;0.020074462890625;100 mA
3;2454;15.8938779598718;0.207366943359375;0.020001220703125;100 mA
3;2455;15.8979479598615;0.20977783203125;0.0199310302734375;100 mA
3;2456;15.9020179598513;0.21221923828125;0.019866943359375;100 mA
3;2457;15.906087959841;0.214630126953125;0.019818115234375;100 mA
3;2458;15.9101579598307;0.217071533203125;0.0197509765625;100 mA
3;2459;15.9142279598204;0.219512939453125;0.019677734375;100 mA
3;2460;15.9182979598102;0.222076416015625;0.019622802734375;100 mA
3;2461;15.9223679597999;0.224456787109375;0.0195709228515625;100 mA
3;2462;15.9264379597896;0.226959228515625;0.019488525390625;100 mA
3;2463;15.9305079597793;0.229400634765625;0.0194366455078125;100 mA
3;2464;15.9345779597691;0.23187255859375;0.0193756103515625;100 mA
3;2465;15.9386479597588;0.2342529296875;0.0193359375;100 mA
3;2466;15.9427179597485;0.2366943359375;0.01925048828125;100 mA
3;2467;15.9467879597382;0.239166259765625;0.019183349609375;100 mA
3;2468;15.950857959728;0.241607666015625;0.0191436767578125;100 mA
3;2469;15.9549279597177;0.24407958984375;0.0190765380859375;100 mA
3;2470;15.9589979597074;0.246551513671875;0.0190338134765625;100 mA
3;2471;15.9630679596971;0.24896240234375;0.018994140625;100 mA
3;2472;15.9671379596869;0.251434326171875;0.0189178466796875;100 mA
3;2473;15.9712079596766;0.253875732421875;0.0188690185546875;100 mA
3;2474;15.9752779596663;0.256317138671875;0.0188079833984375;100 mA
3;2475;15.979347959656;0.25885009765625;0.01875;100 mA
3;2476;15.9834179596457;0.26123046875;0.0186859130859375;100 mA
3;2477;15.9874879596355;0.263671875;0.0186187744140625;100 mA
3;2478;15.9915579596252;0.266143798828125;0.018597412109375;100 mA
3;2479;15.9956279596149;0.2685546875;0.0185455322265625;100 mA
3;2480;15.9996979596046;0.271026611328125;0.0184783935546875;100 mA
3;2481;16.0037679595944;0.27349853515625;0.0184356689453125;100 mA
3;2482;16.0078379595841;0.27593994140625;0.018389892578125;100 mA
3;2483;16.0119079595738;0.278472900390625;0.0183502197265625;100 mA
3;2484;16.0159779595635;0.28082275390625;0.018267822265625;100 mA
3;2485;16.0200479595533;0.28326416015625;0.018231201171875;100 mA
3;2486;16.024117959543;0.28570556640625;0.0181854248046875;100 mA
3;2487;16.0281879595327;0.288177490234375;0.018133544921875;100 mA
3;2488;16.0322579595224;0.29058837890625;0.018084716796875;100 mA
3;2489;16.0363279595122;0.2930908203125;0.01802978515625;100 mA
3;2490;16.0403979595019;0.295562744140625;0.0179840087890625;100 mA
3;2491;16.0444679594916;0.297943115234375;0.017938232421875;100 mA
3;2492;16.0485379594813;0.300445556640625;0.0178802490234375;100 mA
3;2493;16.0526079594711;0.30291748046875;0.017840576171875;100 mA
3;2494;16.0566779594608;0.30535888671875;0.0177886962890625;100 mA
3;2495;16.0607479594505;0.307769775390625;0.017742919921875;100 mA
3;2496;16.0648179594402;0.31024169921875;0.0176910400390625;100 mA
3;2497;16.06888795943;0.312713623046875;0.017645263671875;100 mA
3;2498;16.0729579594197;0.315155029296875;0.0175933837890625;100 mA
3;2499;16.0770279594094;0.317596435546875;0.0175567626953125;100 mA
3;2500;16.0810979593991;0.320037841796875;0.0175048828125;100 mA
3;2501;16.0851679593889;0.32244873046875;0.0174530029296875;100 mA
3;2502;16.0892379593786;0.324951171875;0.0174163818359375;100 mA
3;2503;16.0933079593683;0.32745361328125;0.017364501953125;100 mA
3;2504;16.097377959358;0.329803466796875;0.0173095703125;100 mA
3;2505;16.1014479593478;0.332305908203125;0.0172882080078125;100 mA
3;2506;16.1055179593375;0.334686279296875;0.017242431640625;100 mA
3;2507;16.1095879593272;0.33721923828125;0.0171905517578125;100 mA
3;2508;16.1136579593169;0.3397216796875;0.0171417236328125;100 mA
3;2509;16.1177279593066;0.34210205078125;0.01710205078125;100 mA
3;2510;16.1217979592964;0.34454345703125;0.01705322265625;100 mA
3;2511;16.1258679592861;0.347015380859375;0.0170135498046875;100 mA
3;2512;16.1299379592758;0.349456787109375;0.0169525146484375;100 mA
3;2513;16.1340079592655;0.351898193359375;0.0169189453125;100 mA
3;2514;16.1380779592553;0.3543701171875;0.01689453125;100 mA
3;2515;16.142147959245;0.35687255859375;0.016839599609375;100 mA
3;2516;16.1462179592347;0.359283447265625;0.01680908203125;100 mA
3;2517;16.1502879592244;0.361724853515625;0.01676025390625;100 mA
3;2518;16.1543579592142;0.3641357421875;0.0167144775390625;100 mA
3;2519;16.1584279592039;0.36663818359375;0.0166839599609375;100 mA
3;2520;16.1624979591936;0.369110107421875;0.0166290283203125;100 mA
3;2521;16.1665679591833;0.37152099609375;0.0166015625;100 mA
3;2522;16.1706379591731;0.37396240234375;0.01654052734375;100 mA
3;2523;16.1747079591628;0.37640380859375;0.01654052734375;100 mA
3;2524;16.1787779591525;0.378814697265625;0.016485595703125;100 mA
3;2525;16.1828479591422;0.381256103515625;0.0164398193359375;100 mA
3;2526;16.186917959132;0.383819580078125;0.016412353515625;100 mA
3;2527;16.1909879591217;0.386199951171875;0.0163665771484375;100 mA
3;2528;16.1950579591114;0.38873291015625;0.016339111328125;100 mA
3;2529;16.1991279591011;0.391082763671875;0.0162994384765625;100 mA
3;2530;16.2031979590909;0.39361572265625;0.0162628173828125;100 mA
3;2531;16.2072679590806;0.396026611328125;0.0162353515625;100 mA
3;2532;16.2113379590703;0.39849853515625;0.0162078857421875;100 mA
3;2533;16.21540795906;0.40093994140625;0.0161529541015625;100 mA
3;2534;16.2194779590498;0.4033203125;0.01611328125;100 mA
3;2535;16.2235479590395;0.40576171875;0.0161041259765625;100 mA
3;2536;16.2276179590292;0.40826416015625;0.0160736083984375;100 mA
3;2537;16.2316879590189;0.410736083984375;0.0160125732421875;100 mA
3;2538;16.2357579590087;0.4132080078125;0.0159881591796875;100 mA
3;2539;16.2398279589984;0.4156494140625;0.0159698486328125;100 mA
3;2540;16.2438979589881;0.4180908203125;0.0159576416015625;100 mA
3;2541;16.2479679589778;0.4205322265625;0.015899658203125;100 mA
3;2542;16.2520379589675;0.423004150390625;0.015875244140625;100 mA
3;2543;16.2561079589573;0.4254150390625;0.015850830078125;100 mA
3;2544;16.260177958947;0.4278564453125;0.0158203125;100 mA
3;2545;16.2642479589367;0.4302978515625;0.0158111572265625;100 mA
3;2546;16.2683179589264;0.43280029296875;0.015771484375;100 mA
3;2547;16.2723879589162;0.4351806640625;0.015728759765625;100 mA
3;2548;16.2764579589059;0.437713623046875;0.01572265625;100 mA
3;2549;16.2805279588956;0.44012451171875;0.0156951904296875;100 mA
3;2550;16.2845979588853;0.44256591796875;0.015673828125;100 mA
3;2551;16.2886679588751;0.445098876953125;0.0156402587890625;100 mA
3;2552;16.2927379588648;0.447479248046875;0.015625;100 mA
3;2553;16.2968079588545;0.44842529296875;0.0145721435546875;100 mA
3;2554;16.3008779588442;0.446014404296875;0.01416015625;100 mA
3;2555;16.304947958834;0.44354248046875;0.0138916015625;100 mA
3;2556;16.3090179588237;0.441131591796875;0.0136688232421875;100 mA
3;2557;16.3130879588134;0.438629150390625;0.013458251953125;100 mA
3;2558;16.3171579588031;0.436187744140625;0.0132965087890625;100 mA
3;2559;16.3212279587929;0.43377685546875;0.0131378173828125;100 mA
3;2560;16.3252979587826;0.431304931640625;0.0129791259765625;100 mA
3;2561;16.3293679587723;0.42889404296875;0.0128448486328125;100 mA
3;2562;16.333437958762;0.426483154296875;0.0127227783203125;100 mA
3;2563;16.3375079587518;0.424041748046875;0.012603759765625;100 mA
3;2564;16.3415779587415;0.421539306640625;0.012493896484375;100 mA
3;2565;16.3456479587312;0.4190673828125;0.0123809814453125;100 mA
3;2566;16.3497179587209;0.416656494140625;0.012261962890625;100 mA
3;2567;16.3537879587107;0.414215087890625;0.0122344970703125;100 mA
3;2568;16.3578579587004;0.411712646484375;0.012078857421875;100 mA
3;2569;16.3619279586901;0.409271240234375;0.0119598388671875;100 mA
3;2570;16.3659979586798;0.406951904296875;0.0118896484375;100 mA
3;2571;16.3700679586696;0.40447998046875;0.0118377685546875;100 mA
3;2572;16.3741379586593;0.402008056640625;0.01171875;100 mA
3;2573;16.378207958649;0.39959716796875;0.0116485595703125;100 mA
3;2574;16.3822779586387;0.397125244140625;0.0115570068359375;100 mA
3;2575;16.3863479586284;0.39471435546875;0.0114898681640625;100 mA
3;2576;16.3904179586182;0.392242431640625;0.0114044189453125;100 mA
3;2577;16.3944879586079;0.389801025390625;0.0113433837890625;100 mA
3;2578;16.3985579585976;0.387359619140625;0.01126708984375;100 mA
3;2579;16.4026279585873;0.3848876953125;0.0111968994140625;100 mA
3;2580;16.4066979585771;0.382476806640625;0.0111419677734375;100 mA
3;2581;16.4107679585668;0.3800048828125;0.01107177734375;100 mA
3;2582;16.4148379585565;0.37762451171875;0.0109954833984375;100 mA
3;2583;16.4189079585462;0.3751220703125;0.0109283447265625;100 mA
3;2584;16.422977958536;0.372711181640625;0.010882568359375;100 mA
3;2585;16.4270479585257;0.370208740234375;0.01082763671875;100 mA
3;2586;16.4311179585154;0.367828369140625;0.010736083984375;100 mA
3;2587;16.4351879585051;0.365325927734375;0.01068115234375;100 mA
3;2588;16.4392579584949;0.362945556640625;0.0106475830078125;100 mA
3;2589;16.4433279584846;0.3604736328125;0.010589599609375;100 mA
3;2590;16.4473979584743;0.358062744140625;0.0105255126953125;100 mA
3;2591;16.451467958464;0.3555908203125;0.0104736328125;100 mA
3;2592;16.4555379584538;0.3531494140625;0.010430908203125;100 mA
3;2593;16.4596079584435;0.350677490234375;0.0103668212890625;100 mA
3;2594;16.4636779584332;0.3482666015625;0.0103515625;100 mA
3;2595;16.4677479584229;0.3458251953125;0.0102691650390625;100 mA
3;2596;16.4718179584127;0.3433837890625;0.0102325439453125;100 mA
3;2597;16.4758879584024;0.3409423828125;0.01016845703125;100 mA
3;2598;16.4799579583921;0.3385009765625;0.01009521484375;100 mA
3;2599;16.4840279583818;0.336090087890625;0.0100799560546875;100 mA
3;2600;16.4880979583716;0.33367919921875;0.0100372314453125;100 mA
3;2601;16.4921679583613;0.3311767578125;0.0099884033203125;100 mA
3;2602;16.496237958351;0.3287353515625;0.0099456787109375;100 mA
3;2603;16.5003079583407;0.3262939453125;0.009881591796875;100 mA
3;2604;16.5043779583305;0.323883056640625;0.0098480224609375;100 mA
3;2605;16.5084479583202;0.321380615234375;0.00980224609375;100 mA
3;2606;16.5125179583099;0.3189697265625;0.00975341796875;100 mA
3;2607;16.5165879582996;0.3165283203125;0.0097015380859375;100 mA
3;2608;16.5206579582893;0.3140869140625;0.009661865234375;100 mA
3;2609;16.5247279582791;0.311614990234375;0.0096282958984375;100 mA
3;2610;16.5287979582688;0.3092041015625;0.0095733642578125;100 mA
3;2611;16.5328679582585;0.30670166015625;0.0095489501953125;100 mA
3;2612;16.5369379582482;0.304290771484375;0.009515380859375;100 mA
3;2613;16.541007958238;0.301849365234375;0.009466552734375;100 mA
3;2614;16.5450779582277;0.299407958984375;0.0094329833984375;100 mA
3;2615;16.5491479582174;0.2969970703125;0.0093719482421875;100 mA
3;2616;16.5532179582071;0.294525146484375;0.0093353271484375;100 mA
3;2617;16.5572879581969;0.29205322265625;0.009307861328125;100 mA
3;2618;16.5613579581866;0.289642333984375;0.009271240234375;100 mA
3;2619;16.5654279581763;0.2872314453125;0.00921630859375;100 mA
3;2620;16.569497958166;0.284759521484375;0.0091827392578125;100 mA
3;2621;16.5735679581558;0.28228759765625;0.0091552734375;100 mA
3;2622;16.5776379581455;0.279876708984375;0.009100341796875;100 mA
3;2623;16.5817079581352;0.277435302734375;0.009075927734375;100 mA
3;2624;16.5857779581249;0.275054931640625;0.009014892578125;100 mA
3;2625;16.5898479581147;0.2725830078125;0.008990478515625;100 mA
3;2626;16.5939179581044;0.27008056640625;0.00894775390625;100 mA
3;2627;16.5979879580941;0.2677001953125;0.008917236328125;100 mA
3;2628;16.6020579580838;0.26519775390625;0.0088714599609375;100 mA
3;2629;16.6061279580736;0.2628173828125;0.0088409423828125;100 mA
3;2630;16.6101979580633;0.260345458984375;0.0088043212890625;100 mA
3;2631;16.614267958053;0.257904052734375;0.00877685546875;100 mA
3;2632;16.6183379580427;0.2554931640625;0.008734130859375;100 mA
3;2633;16.6224079580325;0.253021240234375;0.00869140625;100 mA
3;2634;16.6264779580222;0.250579833984375;0.0086517333984375;100 mA
3;2635;16.6305479580119;0.2481689453125;0.0086151123046875;100 mA
3;2636;16.6346179580016;0.24566650390625;0.008575439453125;100 mA
3;2637;16.6386879579914;0.243255615234375;0.00855712890625;100 mA
3;2638;16.6427579579811;0.240814208984375;0.0085052490234375;100 mA
3;2639;16.6468279579708;0.23834228515625;0.0084747314453125;100 mA
3;2640;16.6508979579605;0.23590087890625;0.00843505859375;100 mA
3;2641;16.6549679579502;0.23345947265625;0.0084197998046875;100 mA
3;2642;16.65903795794;0.231048583984375;0.008367919921875;100 mA
3;2643;16.6631079579297;0.228546142578125;0.0083465576171875;100 mA
3;2644;16.6671779579194;0.226104736328125;0.008306884765625;100 mA
3;2645;16.6712479579091;0.22369384765625;0.0082763671875;100 mA
3;2646;16.6753179578989;0.22125244140625;0.008233642578125;100 mA
3;2647;16.6793879578886;0.218841552734375;0.008197021484375;100 mA
3;2648;16.6834579578783;0.216339111328125;0.0081634521484375;100 mA
3;2649;16.687527957868;0.21392822265625;0.0081390380859375;100 mA
3;2650;16.6915979578578;0.2115478515625;0.0081085205078125;100 mA
3;2651;16.6956679578475;0.20904541015625;0.008062744140625;100 mA
3;2652;16.6997379578372;0.206634521484375;0.0080291748046875;100 mA
3;2653;16.7038079578269;0.204132080078125;0.008001708984375;100 mA
3;2654;16.7078779578167;0.20172119140625;0.0079681396484375;100 mA
3;2655;16.7119479578064;0.19927978515625;0.0079345703125;100 mA
3;2656;16.7160179577961;0.19683837890625;0.00789794921875;100 mA
3;2657;16.7200879577858;0.19439697265625;0.0078826904296875;100 mA
3;2658;16.7241579577756;0.192047119140625;0.0078460693359375;100 mA
3;2659;16.7282279577653;0.18951416015625;0.0078094482421875;100 mA
3;2660;16.732297957755;0.187103271484375;0.0077667236328125;100 mA
3;2661;16.7363679577447;0.1845703125;0.007733154296875;100 mA
3;2662;16.7404379577345;0.182220458984375;0.0077117919921875;100 mA
3;2663;16.7445079577242;0.179718017578125;0.0076751708984375;100 mA
3;2664;16.7485779577139;0.17730712890625;0.0076385498046875;100 mA
3;2665;16.7526479577036;0.17486572265625;0.0075897216796875;100 mA
3;2666;16.7567179576934;0.17236328125;0.0075836181640625;100 mA
3;2667;16.7607879576831;0.169952392578125;0.007550048828125;100 mA
3;2668;16.7648579576728;0.16748046875;0.00751953125;100 mA
3;2669;16.7689279576625;0.1651611328125;0.007452392578125;100 mA
3;2670;16.7729979576523;0.16259765625;0.0074493408203125;100 mA
3;2671;16.777067957642;0.160125732421875;0.007415771484375;100 mA
3;2672;16.7811379576317;0.157684326171875;0.0073760986328125;100 mA
3;2673;16.7852079576214;0.15533447265625;0.007342529296875;100 mA
3;2674;16.7892779576111;0.152862548828125;0.0073333740234375;100 mA
3;2675;16.7933479576009;0.150421142578125;0.007293701171875;100 mA
3;2676;16.7974179575906;0.1480712890625;0.00723876953125;100 mA
3;2677;16.8014879575803;0.145538330078125;0.007232666015625;100 mA
3;2678;16.80555795757;0.143096923828125;0.0072052001953125;100 mA
3;2679;16.8096279575598;0.140655517578125;0.00716552734375;100 mA
3;2680;16.8136979575495;0.138214111328125;0.007122802734375;100 mA
3;2681;16.8177679575392;0.1358642578125;0.0071044921875;100 mA
3;2682;16.8218379575289;0.13330078125;0.007073974609375;100 mA
3;2683;16.8259079575187;0.130859375;0.007037353515625;100 mA
3;2684;16.8299779575084;0.12841796875;0.00699462890625;100 mA
3;2685;16.8340479574981;0.125946044921875;0.006988525390625;100 mA
3;2686;16.8381179574878;0.12353515625;0.0069671630859375;100 mA
3;2687;16.8421879574776;0.1212158203125;0.0069244384765625;100 mA
3;2688;16.8462579574673;0.118682861328125;0.0068756103515625;100 mA
3;2689;16.850327957457;0.11627197265625;0.0068450927734375;100 mA
3;2690;16.8543979574467;0.113800048828125;0.0067840576171875;100 mA
3;2691;16.8584679574365;0.111358642578125;0.006793212890625;100 mA
3;2692;16.8625379574262;0.10888671875;0.0067596435546875;100 mA
3;2693;16.8666079574159;0.106475830078125;0.0067230224609375;100 mA
3;2694;16.8706779574056;0.104034423828125;0.0066619873046875;100 mA
3;2695;16.8747479573954;0.1015625;0.0066680908203125;100 mA
3;2696;16.8788179573851;0.099151611328125;0.0066162109375;100 mA
3;2697;16.8828879573748;0.0966796875;0.00660400390625;100 mA
3;2698;16.8869579573645;0.094329833984375;0.0065673828125;100 mA
3;2699;16.8910279573543;0.091827392578125;0.00654296875;100 mA
3;2700;16.895097957344;0.089447021484375;0.006488037109375;100 mA
3;2701;16.8991679573337;0.086883544921875;0.0064697265625;100 mA
3;2702;16.9032379573234;0.08453369140625;0.006451416015625;100 mA
3;2703;16.9073079573132;0.08209228515625;0.00640869140625;100 mA
3;2704;16.9113779573029;0.079559326171875;0.0063812255859375;100 mA
3;2705;16.9154479572926;0.077178955078125;0.00634765625;100 mA
3;2706;16.9195179572823;0.074737548828125;0.00628662109375;100 mA
3;2707;16.923587957272;0.072265625;0.0062835693359375;100 mA
3;2708;16.9276579572618;0.06982421875;0.006243896484375;100 mA
3;2709;16.9317279572515;0.067413330078125;0.0061859130859375;100 mA
3;2710;16.9357979572412;0.06500244140625;0.00616455078125;100 mA
3;2711;16.9398679572309;0.0625;0.0061492919921875;100 mA
3;2712;16.9439379572207;0.060089111328125;0.006103515625;100 mA
3;2713;16.9480079572104;0.057586669921875;0.0060577392578125;100 mA
3;2714;16.9520779572001;0.055206298828125;0.0060089111328125;100 mA
3;2715;16.9561479571898;0.052734375;0.005987548828125;100 mA
3;2716;16.9602179571796;0.050262451171875;0.00595703125;100 mA
3;2717;16.9642879571693;0.047894287109375;0.0058990478515625;100 mA
3;2718;16.968357957159;0.0454132080078125;0.005859375;100 mA
3;2719;16.9724279571487;0.0430145263671875;0.0058258056640625;100 mA
3;2720;16.9764979571385;0.040533447265625;0.00579833984375;100 mA
3;2721;16.9805679571282;0.038128662109375;0.0057464599609375;100 mA
3;2722;16.9846379571179;0.0356781005859375;0.0057037353515625;100 mA
3;2723;16.9887079571076;0.0332366943359375;0.005657958984375;100 mA
3;2724;16.9927779570974;0.030804443359375;0.005621337890625;100 mA
3;2725;16.9968479570871;0.0283416748046875;0.005584716796875;100 mA
3;2726;17.0009179570768;0.025909423828125;0.005548095703125;100 mA
3;2727;17.0049879570665;0.0234649658203125;0.0055084228515625;100 mA
3;2728;17.0090579570563;0.0210174560546875;0.005462646484375;100 mA
3;2729;17.013127957046;0.0185821533203125;0.0053955078125;100 mA
3;2730;17.0171979570357;0.0161468505859375;0.0053436279296875;100 mA
3;2731;17.0212679570254;0.013677978515625;0.0053314208984375;100 mA
3;2732;17.0253379570152;0.01123046875;0.0052642822265625;100 mA
3;2733;17.0294079570049;0.008819580078125;0.0052093505859375;100 mA
3;2734;17.0334779569946;0.006378173828125;0.00516357421875;100 mA
3;2735;17.0375479569843;0.00395812988281249;0.0051177978515625;100 mA
3;2736;17.0416179569741;0.0014984130859375;0.0050689697265625;100 mA
3;2737;17.0456879569638;-0.000942993164062503;0.004986572265625;100 mA
3;2738;17.0497579569535;-0.00341186523437501;0.0049560546875;100 mA
3;2739;17.0538279569432;-0.005828857421875;0.0049591064453125;100 mA
3;2740;17.0578979569329;-0.00826416015625001;0.00485015869140625;100 mA
3;2741;17.0619679569227;-0.0106903076171875;0.00474334716796875;100 mA
3;2742;17.0660379569124;-0.0131805419921875;0.00471435546875;100 mA
3;2743;17.0701079569021;-0.0155853271484375;0.00469757080078125;100 mA
3;2744;17.0741779568918;-0.01805419921875;0.00461090087890625;100 mA
3;2745;17.0782479568816;-0.020477294921875;0.0045526123046875;100 mA
3;2746;17.0823179568713;-0.0229339599609375;0.00447784423828125;100 mA
3;2747;17.086387956861;-0.02537841796875;0.00439971923828125;100 mA
3;2748;17.0904579568507;-0.02781982421875;0.0043603515625;100 mA
3;2749;17.0945279568405;-0.030242919921875;0.0042877197265625;100 mA
3;2750;17.0985979568302;-0.0326995849609375;0.0041973876953125;100 mA
3;2751;17.1026679568199;-0.035162353515625;0.0041162109375;100 mA
3;2752;17.1067379568096;-0.037567138671875;0.00404876708984375;100 mA
3;2753;17.1108079567994;-0.0400177001953125;0.00400482177734375;100 mA
3;2754;17.1148779567891;-0.0424530029296875;0.003880615234375;100 mA
3;2755;17.1189479567788;-0.044879150390625;0.0037994384765625;100 mA
3;2756;17.1230179567685;-0.0473419189453125;0.00372100830078125;100 mA
3;2757;17.1270879567583;-0.04974365234375;0.00365142822265625;100 mA
3;2758;17.131157956748;-0.052154541015625;0.0035382080078125;100 mA
3;2759;17.1352279567377;-0.0546875;0.00346038818359375;100 mA
3;2760;17.1392979567274;-0.057098388671875;0.00337493896484375;100 mA
3;2761;17.1433679567172;-0.0595703125;0.00325439453125;100 mA
3;2762;17.1474379567069;-0.062042236328125;0.0031719970703125;100 mA
3;2763;17.1515079566966;-0.064483642578125;0.00305755615234375;100 mA
3;2764;17.1555779566863;-0.066864013671875;0.002928466796875;100 mA
3;2765;17.1596479566761;-0.0693359375;0.00283050537109375;100 mA
3;2766;17.1637179566658;-0.071807861328125;0.00272613525390625;100 mA
3;2767;17.1677879566555;-0.07427978515625;0.0026116943359375;100 mA
3;2768;17.1718579566452;-0.076690673828125;0.00248626708984375;100 mA
3;2769;17.175927956635;-0.07916259765625;0.002364501953125;100 mA
3;2770;17.1799979566247;-0.081573486328125;0.0022186279296875;100 mA
3;2771;17.1840679566144;-0.08404541015625;0.00210174560546875;100 mA
3;2772;17.1881379566041;-0.08642578125;0.00198516845703125;100 mA
3;2773;17.1922079565938;-0.0888671875;0.0017950439453125;100 mA
3;2774;17.1962779565836;-0.091339111328125;0.001661376953125;100 mA
3;2775;17.2003479565733;-0.093780517578125;0.00149993896484375;100 mA
3;2776;17.204417956563;-0.09619140625;0.001346435546875;100 mA
3;2777;17.2084879565527;-0.0986328125;0.00115966796875;100 mA
3;2778;17.2125579565425;-0.101104736328125;0.000992431640624999;100 mA
3;2779;17.2166279565322;-0.103546142578125;0.000827941894531251;100 mA
3;2780;17.2206979565219;-0.105987548828125;0.000666198730468751;100 mA
3;2781;17.2247679565116;-0.108428955078125;0.0004779052734375;100 mA
3;2782;17.2288379565014;-0.11083984375;0.00024749755859375;100 mA
3;2783;17.2329079564911;-0.113250732421875;5.950927734375E-05;100 mA
3;2784;17.2369779564808;-0.115753173828125;-0.000126037597656251;100 mA
3;2785;17.2410479564705;-0.118255615234375;-0.0003448486328125;100 mA
3;2786;17.2451179564603;-0.12060546875;-0.000550537109375;100 mA
3;2787;17.24918795645;-0.123077392578125;-0.00081146240234375;100 mA
3;2788;17.2532579564397;-0.12548828125;-0.001051025390625;100 mA
3;2789;17.2573279564294;-0.12799072265625;-0.0012835693359375;100 mA
3;2790;17.2613979564192;-0.13037109375;-0.00155517578125;100 mA
3;2791;17.2654679564089;-0.132781982421875;-0.0018316650390625;100 mA
3;2792;17.2695379563986;-0.135345458984375;-0.0020849609375;100 mA
3;2793;17.2736079563883;-0.1376953125;-0.00237152099609375;100 mA
3;2794;17.2776779563781;-0.14013671875;-0.00263214111328125;100 mA
3;2795;17.2817479563678;-0.142578125;-0.00298614501953125;100 mA
3;2796;17.2858179563575;-0.14501953125;-0.0033209228515625;100 mA
3;2797;17.2898879563472;-0.1474609375;-0.00358673095703125;100 mA
3;2798;17.293957956337;-0.14990234375;-0.00393707275390625;100 mA
3;2799;17.2980279563267;-0.152374267578125;-0.0043109130859375;100 mA
3;2800;17.3020979563164;-0.15484619140625;-0.00468353271484375;100 mA
3;2801;17.3061679563061;-0.157196044921875;-0.0050323486328125;100 mA
3;2802;17.3102379562959;-0.159637451171875;-0.005419921875;100 mA
3;2803;17.3143079562856;-0.162139892578125;-0.00582275390625;100 mA
3;2804;17.3183779562753;-0.164581298828125;-0.00625;100 mA
3;2805;17.322447956265;-0.167022705078125;-0.00665283203125;100 mA
3;2806;17.3265179562547;-0.16943359375;-0.00706787109375;100 mA
3;2807;17.3305879562445;-0.171905517578125;-0.0075714111328125;100 mA
3;2808;17.3346579562342;-0.174285888671875;-0.0080291748046875;100 mA
3;2809;17.3387279562239;-0.176727294921875;-0.0084930419921875;100 mA
3;2810;17.3427979562136;-0.17919921875;-0.009014892578125;100 mA
3;2811;17.3468679562034;-0.181640625;-0.00958251953125;100 mA
3;2812;17.3509379561931;-0.184051513671875;-0.010076904296875;100 mA
3;2813;17.3550079561828;-0.186492919921875;-0.0106597900390625;100 mA
3;2814;17.3590779561725;-0.188995361328125;-0.0111846923828125;100 mA
3;2815;17.3631479561623;-0.19146728515625;-0.0117034912109375;100 mA
3;2816;17.367217956152;-0.193817138671875;-0.0123809814453125;100 mA
3;2817;17.3712879561417;-0.196258544921875;-0.013043212890625;100 mA
3;2818;17.3753579561314;-0.19879150390625;-0.0136199951171875;100 mA
3;2819;17.3794279561212;-0.20123291015625;-0.014288330078125;100 mA
3;2820;17.3834979561109;-0.203643798828125;-0.01500244140625;100 mA
3;2821;17.3875679561006;-0.206085205078125;-0.015704345703125;100 mA
3;2822;17.3916379560903;-0.20849609375;-0.0163543701171875;100 mA
3;2823;17.3957079560801;-0.210968017578125;-0.01708984375;100 mA
3;2824;17.3997779560698;-0.213348388671875;-0.017889404296875;100 mA
3;2825;17.4038479560595;-0.215850830078125;-0.01866455078125;100 mA
3;2826;17.4079179560492;-0.21826171875;-0.019378662109375;100 mA
3;2827;17.411987956039;-0.220703125;-0.0202423095703125;100 mA
3;2828;17.4160579560287;-0.22314453125;-0.0210540771484375;100 mA
3;2829;17.4201279560184;-0.2255859375;-0.021966552734375;100 mA
3;2830;17.4241979560081;-0.22802734375;-0.02275390625;100 mA
3;2831;17.4282679559979;-0.230499267578125;-0.0236053466796875;100 mA
3;2832;17.4323379559876;-0.232879638671875;-0.024554443359375;100 mA
3;2833;17.4364079559773;-0.2353515625;-0.0255523681640625;100 mA
3;2834;17.440477955967;-0.237823486328125;-0.0263946533203125;100 mA
3;2835;17.4445479559568;-0.240234375;-0.0272613525390625;100 mA
3;2836;17.4486179559465;-0.24267578125;-0.028350830078125;100 mA
3;2837;17.4526879559362;-0.245147705078125;-0.0293487548828125;100 mA
3;2838;17.4567579559259;-0.24755859375;-0.0302459716796875;100 mA
3;2839;17.4608279559156;-0.249969482421875;-0.0312225341796875;100 mA
3;2840;17.4648979559054;-0.25244140625;-0.03232421875;100 mA
3;2841;17.4689679558951;-0.25482177734375;-0.0334197998046875;100 mA
3;2842;17.4730379558848;-0.25732421875;-0.0343017578125;100 mA
3;2843;17.4771079558745;-0.259765625;-0.0353546142578125;100 mA
3;2844;17.4811779558643;-0.262176513671875;-0.036468505859375;100 mA
3;2845;17.485247955854;-0.26470947265625;-0.0376617431640625;100 mA
3;2846;17.4893179558437;-0.267059326171875;-0.038568115234375;100 mA
3;2847;17.4933879558334;-0.26953125;-0.039642333984375;100 mA
3;2848;17.4974579558232;-0.271942138671875;-0.040802001953125;100 mA
3;2849;17.5015279558129;-0.2744140625;-0.0419342041015625;100 mA
3;2850;17.5055979558026;-0.276824951171875;-0.0428863525390625;100 mA
3;2851;17.5096679557923;-0.279266357421875;-0.0440093994140625;100 mA
3;2852;17.5137379557821;-0.28167724609375;-0.0451202392578125;100 mA
3;2853;17.5178079557718;-0.28411865234375;-0.046197509765625;100 mA
3;2854;17.5218779557615;-0.286590576171875;-0.04713134765625;100 mA
3;2855;17.5259479557512;-0.28900146484375;-0.048236083984375;100 mA
3;2856;17.530017955741;-0.291473388671875;-0.049346923828125;100 mA
3;2857;17.5340879557307;-0.2939453125;-0.0504150390625;100 mA
3;2858;17.5381579557204;-0.29638671875;-0.051361083984375;100 mA
3;2859;17.5422279557101;-0.298828125;-0.052398681640625;100 mA
3;2860;17.5462979556999;-0.30120849609375;-0.0533447265625;100 mA
3;2861;17.5503679556896;-0.303680419921875;-0.05438232421875;100 mA
3;2862;17.5544379556793;-0.306182861328125;-0.055145263671875;100 mA
3;2863;17.558507955669;-0.308563232421875;-0.056182861328125;100 mA
3;2864;17.5625779556588;-0.311004638671875;-0.057373046875;100 mA
3;2865;17.5666479556485;-0.3134765625;-0.0579833984375;100 mA
3;2866;17.5707179556382;-0.31591796875;-0.05889892578125;100 mA
3;2867;17.5747879556279;-0.31829833984375;-0.059600830078125;100 mA
3;2868;17.5788579556177;-0.320831298828125;-0.060394287109375;100 mA
3;2869;17.5829279556074;-0.3232421875;-0.061279296875;100 mA
3;2870;17.5869979555971;-0.32568359375;-0.062042236328125;100 mA
3;2871;17.5910679555868;-0.328125;-0.0626220703125;100 mA
3;2872;17.5951379555765;-0.33050537109375;-0.06329345703125;100 mA
3;2873;17.5992079555663;-0.333038330078125;-0.064056396484375;100 mA
3;2874;17.603277955556;-0.33544921875;-0.064727783203125;100 mA
3;2875;17.6073479555457;-0.337890625;-0.0650634765625;100 mA
3;2876;17.6114179555354;-0.34033203125;-0.065704345703125;100 mA
3;2877;17.6154879555252;-0.342742919921875;-0.066314697265625;100 mA
3;2878;17.6195579555149;-0.345184326171875;-0.066802978515625;100 mA
3;2879;17.6236279555046;-0.347625732421875;-0.067108154296875;100 mA
3;2880;17.6276979554943;-0.350067138671875;-0.067535400390625;100 mA
3;2881;17.6317679554841;-0.3525390625;-0.068023681640625;100 mA
3;2882;17.6358379554738;-0.35498046875;-0.068389892578125;100 mA
3;2883;17.6399079554635;-0.357391357421875;-0.06854248046875;100 mA
3;2884;17.6439779554532;-0.359832763671875;-0.06878662109375;100 mA
3;2885;17.648047955443;-0.362274169921875;-0.069091796875;100 mA
3;2886;17.6521179554327;-0.36474609375;-0.069366455078125;100 mA
3;2887;17.6561879554224;-0.367156982421875;-0.069427490234375;100 mA
3;2888;17.6602579554121;-0.369598388671875;-0.069580078125;100 mA
3;2889;17.6643279554019;-0.372039794921875;-0.069732666015625;100 mA
3;2890;17.6683979553916;-0.37451171875;-0.069854736328125;100 mA
3;2891;17.6724679553813;-0.376922607421875;-0.06982421875;100 mA
3;2892;17.676537955371;-0.37939453125;-0.069854736328125;100 mA
3;2893;17.6806079553608;-0.381805419921875;-0.06988525390625;100 mA
3;2894;17.6846779553505;-0.384246826171875;-0.06988525390625;100 mA
3;2895;17.6887479553402;-0.386749267578125;-0.069793701171875;100 mA
3;2896;17.6928179553299;-0.389129638671875;-0.0697021484375;100 mA
3;2897;17.6968879553197;-0.3916015625;-0.0697021484375;100 mA
3;2898;17.7009579553094;-0.394012451171875;-0.06951904296875;100 mA
3;2899;17.7050279552991;-0.396514892578125;-0.0693359375;100 mA
3;2900;17.7090979552888;-0.398895263671875;-0.069183349609375;100 mA
3;2901;17.7131679552785;-0.4013671875;-0.069091796875;100 mA
3;2902;17.7172379552683;-0.40380859375;-0.06890869140625;100 mA
3;2903;17.721307955258;-0.406219482421875;-0.068603515625;100 mA
3;2904;17.7253779552477;-0.40869140625;-0.068359375;100 mA
3;2905;17.7294479552374;-0.411102294921875;-0.0682373046875;100 mA
3;2906;17.7335179552272;-0.41357421875;-0.067901611328125;100 mA
3;2907;17.7375879552169;-0.416015625;-0.067596435546875;100 mA
3;2908;17.7416579552066;-0.41851806640625;-0.0672607421875;100 mA
3;2909;17.7457279551963;-0.4208984375;-0.0670166015625;100 mA
3;2910;17.7497979551861;-0.42333984375;-0.06671142578125;100 mA
3;2911;17.7538679551758;-0.42572021484375;-0.06622314453125;100 mA
3;2912;17.7579379551655;-0.428192138671875;-0.0660400390625;100 mA
3;2913;17.7620079551552;-0.4306640625;-0.065826416015625;100 mA
3;2914;17.766077955145;-0.43304443359375;-0.06536865234375;100 mA
3;2915;17.7701479551347;-0.435516357421875;-0.06494140625;100 mA
3;2916;17.7742179551244;-0.43798828125;-0.064666748046875;100 mA
3;2917;17.7782879551141;-0.440460205078125;-0.064300537109375;100 mA
3;2918;17.7823579551039;-0.442901611328125;-0.06396484375;100 mA
3;2919;17.7864279550936;-0.4453125;-0.063568115234375;100 mA
3;2920;17.7904979550833;-0.447784423828125;-0.063140869140625;100 mA
3;2921;17.794567955073;-0.450225830078125;-0.062774658203125;100 mA
3;2922;17.7986379550628;-0.45263671875;-0.062408447265625;100 mA
3;2923;17.8027079550525;-0.455047607421875;-0.06207275390625;100 mA
3;2924;17.8067779550422;-0.45751953125;-0.0616455078125;100 mA
3;2925;17.8108479550319;-0.4599609375;-0.061248779296875;100 mA
3;2926;17.8149179550217;-0.46240234375;-0.0609130859375;100 mA
3;2927;17.8189879550114;-0.464874267578125;-0.060455322265625;100 mA
3;2928;17.8230579550011;-0.46734619140625;-0.060028076171875;100 mA
3;2929;17.8271279549908;-0.469757080078125;-0.059661865234375;100 mA
3;2930;17.8311979549806;-0.472137451171875;-0.059295654296875;100 mA
3;2931;17.8352679549703;-0.474609375;-0.058929443359375;100 mA
3;2932;17.83933795496;-0.47711181640625;-0.05853271484375;100 mA
3;2933;17.8434079549497;-0.4794921875;-0.058135986328125;100 mA
3;2934;17.8474779549394;-0.48199462890625;-0.0577392578125;100 mA
3;2935;17.8515479549292;-0.48431396484375;-0.057403564453125;100 mA
3;2936;17.8556179549189;-0.48681640625;-0.056976318359375;100 mA
3;2937;17.8596879549086;-0.4892578125;-0.05657958984375;100 mA
3;2938;17.8637579548983;-0.491668701171875;-0.05621337890625;100 mA
3;2939;17.8678279548881;-0.49420166015625;-0.05584716796875;100 mA
3;2940;17.8718979548778;-0.496612548828125;-0.055450439453125;100 mA
3;2941;17.8759679548675;-0.499053955078125;-0.05511474609375;100 mA
3;2942;17.8800379548572;-0.501434326171875;-0.054779052734375;100 mA
3;2943;17.884107954847;-0.50396728515625;-0.054412841796875;100 mA
3;2944;17.8881779548367;-0.506378173828125;-0.053985595703125;100 mA
3;2945;17.8922479548264;-0.50885009765625;-0.053680419921875;100 mA
3;2946;17.8963179548161;-0.51129150390625;-0.0533447265625;100 mA
3;2947;17.9003879548059;-0.513702392578125;-0.053009033203125;100 mA
3;2948;17.9044579547956;-0.51611328125;-0.0526123046875;100 mA
3;2949;17.9085279547853;-0.51861572265625;-0.052276611328125;100 mA
3;2950;17.912597954775;-0.521026611328125;-0.052001953125;100 mA
3;2951;17.9166679547648;-0.523468017578125;-0.0516357421875;100 mA
3;2952;17.9207379547545;-0.52593994140625;-0.05133056640625;100 mA
3;2953;17.9248079547442;-0.528350830078125;-0.05096435546875;100 mA
3;2954;17.9288779547339;-0.530792236328125;-0.050628662109375;100 mA
3;2955;17.9329479547237;-0.533233642578125;-0.05035400390625;100 mA
3;2956;17.9370179547134;-0.535614013671875;-0.04998779296875;100 mA
3;2957;17.9410879547031;-0.53814697265625;-0.0496734619140625;100 mA
3;2958;17.9451579546928;-0.54058837890625;-0.0493743896484375;100 mA
3;2959;17.9492279546826;-0.54296875;-0.049090576171875;100 mA
3;2960;17.9532979546723;-0.54547119140625;-0.04876708984375;100 mA
3;2961;17.957367954662;-0.5478515625;-0.048480224609375;100 mA
3;2962;17.9614379546517;-0.55029296875;-0.0482177734375;100 mA
3;2963;17.9655079546415;-0.552764892578125;-0.047943115234375;100 mA
3;2964;17.9695779546312;-0.55523681640625;-0.0476348876953125;100 mA
3;2965;17.9736479546209;-0.557586669921875;-0.0473388671875;100 mA
3;2966;17.9777179546106;-0.56011962890625;-0.04708251953125;100 mA
3;2967;17.9817879546003;-0.56256103515625;-0.0468353271484375;100 mA
3;2968;17.9858579545901;-0.564910888671875;-0.0465911865234375;100 mA
3;2969;17.9899279545798;-0.567413330078125;-0.0462921142578125;100 mA
3;2970;17.9939979545695;-0.569854736328125;-0.0460052490234375;100 mA
3;2971;17.9980679545592;-0.572296142578125;-0.045751953125;100 mA
3;2972;18.002137954549;-0.57476806640625;-0.045526123046875;100 mA
3;2973;18.0062079545387;-0.577178955078125;-0.0452484130859375;100 mA
3;2974;18.0102779545284;-0.57965087890625;-0.0450408935546875;100 mA
3;2975;18.0143479545181;-0.582000732421875;-0.044793701171875;100 mA
3;2976;18.0184179545079;-0.58453369140625;-0.04454345703125;100 mA
3;2977;18.0224879544976;-0.586944580078125;-0.04427490234375;100 mA
3;2978;18.0265579544873;-0.589447021484375;-0.04405517578125;100 mA
3;2979;18.030627954477;-0.591827392578125;-0.043841552734375;100 mA
3;2980;18.0346979544668;-0.59423828125;-0.0436065673828125;100 mA
3;2981;18.0387679544565;-0.596710205078125;-0.04337158203125;100 mA
3;2982;18.0428379544462;-0.599090576171875;-0.04317626953125;100 mA
3;2983;18.0469079544359;-0.601593017578125;-0.0429534912109375;100 mA
3;2984;18.0509779544257;-0.604034423828125;-0.042742919921875;100 mA
3;2985;18.0550479544154;-0.606475830078125;-0.0425140380859375;100 mA
3;2986;18.0591179544051;-0.608978271484375;-0.0423248291015625;100 mA
3;2987;18.0631879543948;-0.61138916015625;-0.0421478271484375;100 mA
3;2988;18.0672579543846;-0.61376953125;-0.0419189453125;100 mA
3;2989;18.0713279543743;-0.61627197265625;-0.041705322265625;100 mA
3;2990;18.075397954364;-0.618682861328125;-0.041546630859375;100 mA
3;2991;18.0794679543537;-0.621185302734375;-0.041351318359375;100 mA
3;2992;18.0835379543435;-0.62353515625;-0.041168212890625;100 mA
3;2993;18.0876079543332;-0.6259765625;-0.0409576416015625;100 mA
3;2994;18.0916779543229;-0.628448486328125;-0.040777587890625;100 mA
3;2995;18.0957479543126;-0.630859375;-0.040618896484375;100 mA
3;2996;18.0998179543024;-0.633331298828125;-0.04041748046875;100 mA
3;2997;18.1038879542921;-0.63580322265625;-0.040277099609375;100 mA
3;2998;18.1079579542818;-0.638214111328125;-0.0400543212890625;100 mA
3;2999;18.1120279542715;-0.640655517578125;-0.039898681640625;100 mA
3;3000;18.1160979542612;-0.64306640625;-0.039739990234375;100 mA
3;3001;18.120167954251;-0.6455078125;-0.03955078125;100 mA
3;3002;18.1242379542407;-0.647918701171875;-0.0394256591796875;100 mA
3;3003;18.1283079542304;-0.650421142578125;-0.0392608642578125;100 mA
3;3004;18.1323779542201;-0.652923583984375;-0.0391082763671875;100 mA
3;3005;18.1364479542099;-0.655303955078125;-0.03895263671875;100 mA
3;3006;18.1405179541996;-0.65771484375;-0.0387603759765625;100 mA
3;3007;18.1445879541893;-0.660186767578125;-0.0386138916015625;100 mA
3;3008;18.148657954179;-0.662628173828125;-0.0384857177734375;100 mA
3;3009;18.1527279541688;-0.6650390625;-0.0383514404296875;100 mA
3;3010;18.1567979541585;-0.66748046875;-0.03818359375;100 mA
3;3011;18.1608679541482;-0.669921875;-0.0380401611328125;100 mA
3;3012;18.1649379541379;-0.672332763671875;-0.037890625;100 mA
3;3013;18.1690079541277;-0.6748046875;-0.037762451171875;100 mA
3;3014;18.1730779541174;-0.677276611328125;-0.037615966796875;100 mA
3;3015;18.1771479541071;-0.67974853515625;-0.037481689453125;100 mA
3;3016;18.1812179540968;-0.68218994140625;-0.037359619140625;100 mA
3;3017;18.1852879540866;-0.684661865234375;-0.0372406005859375;100 mA
3;3018;18.1893579540763;-0.68701171875;-0.037091064453125;100 mA
3;3019;18.193427954066;-0.689453125;-0.0369598388671875;100 mA
3;3020;18.1974979540557;-0.691925048828125;-0.0368743896484375;100 mA
3;3021;18.2015679540455;-0.6943359375;-0.036737060546875;100 mA
3;3022;18.2056379540352;-0.69677734375;-0.036602783203125;100 mA
3;3023;18.2097079540249;-0.69927978515625;-0.036492919921875;100 mA
3;3024;18.2137779540146;-0.701690673828125;-0.0363861083984375;100 mA
3;3025;18.2178479540044;-0.70416259765625;-0.036279296875;100 mA
3;3026;18.2219179539941;-0.70660400390625;-0.0361328125;100 mA
3;3027;18.2259879539838;-0.708984375;-0.0360382080078125;100 mA
3;3028;18.2300579539735;-0.71142578125;-0.0359405517578125;100 mA
3;3029;18.2341279539633;-0.71392822265625;-0.035833740234375;100 mA
3;3030;18.238197953953;-0.7164306640625;-0.035699462890625;100 mA
3;3031;18.2422679539427;-0.718780517578125;-0.0356170654296875;100 mA
3;3032;18.2463379539324;-0.72125244140625;-0.035528564453125;100 mA
3;3033;18.2504079539221;-0.723663330078125;-0.035418701171875;100 mA
3;3034;18.2544779539119;-0.72607421875;-0.0353607177734375;100 mA
3;3035;18.2585479539016;-0.728515625;-0.03521728515625;100 mA
3;3036;18.2626179538913;-0.73095703125;-0.035076904296875;100 mA
3;3037;18.266687953881;-0.73345947265625;-0.0350189208984375;100 mA
3;3038;18.2707579538708;-0.735870361328125;-0.0349822998046875;100 mA
3;3039;18.2748279538605;-0.738311767578125;-0.0348541259765625;100 mA
3;3040;18.2788979538502;-0.74078369140625;-0.034759521484375;100 mA
3;3041;18.2829679538399;-0.74322509765625;-0.034661865234375;100 mA
3;3042;18.2870379538297;-0.745635986328125;-0.034588623046875;100 mA
3;3043;18.2911079538194;-0.74810791015625;-0.0344879150390625;100 mA
3;3044;18.2951779538091;-0.75103759765625;-0.034393310546875;100 mA
3;3045;18.2992479537988;-0.75347900390625;-0.0343353271484375;100 mA
3;3046;18.3033179537886;-0.75592041015625;-0.0342559814453125;100 mA
3;3047;18.3073879537783;-0.758056640625;-0.0341552734375;100 mA
3;3048;18.311457953768;-0.760498046875;-0.0340789794921875;100 mA
3;3049;18.3155279537577;-0.76324462890625;-0.0340087890625;100 mA
3;3050;18.3195979537475;-0.765380859375;-0.033978271484375;100 mA
3;3051;18.3236679537372;-0.76812744140625;-0.0338653564453125;100 mA
3;3052;18.3277379537269;-0.77056884765625;-0.03377685546875;100 mA
3;3053;18.3318079537166;-0.772705078125;-0.0337249755859375;100 mA
3;3054;18.3358779537064;-0.77484130859375;-0.0336669921875;100 mA
3;3055;18.3399479536961;-0.777587890625;-0.0336029052734375;100 mA
3;3056;18.3440179536858;-0.77972412109375;-0.0334808349609375;100 mA
3;3057;18.3480879536755;-0.78216552734375;-0.033453369140625;100 mA
3;3058;18.3521579536653;-0.78460693359375;-0.0333984375;100 mA
3;3059;18.356227953655;-0.7867431640625;-0.0333251953125;100 mA
3;3060;18.3602979536447;-0.78948974609375;-0.0332183837890625;100 mA
3;3061;18.3643679536344;-0.792236328125;-0.0331817626953125;100 mA
3;3062;18.3684379536242;-0.794677734375;-0.0331268310546875;100 mA
3;3063;18.3725079536139;-0.797119140625;-0.033056640625;100 mA
3;3064;18.3765779536036;-0.79925537109375;-0.0329864501953125;100 mA
3;3065;18.3806479535933;-0.802001953125;-0.032940673828125;100 mA
3;3066;18.384717953583;-0.80413818359375;-0.0328887939453125;100 mA
3;3067;18.3887879535728;-0.80657958984375;-0.0327911376953125;100 mA
3;3068;18.3928579535625;-0.80902099609375;-0.03275146484375;100 mA
3;3069;18.3969279535522;-0.8123779296875;-0.032684326171875;100 mA
3;3070;18.4009979535419;-0.814208984375;-0.0326568603515625;100 mA
3;3071;18.4050679535317;-0.81634521484375;-0.03253173828125;100 mA
3;3072;18.4091379535214;-0.819091796875;-0.032525634765625;100 mA
3;3073;18.4132079535111;-0.82183837890625;-0.03253173828125;100 mA
3;3074;18.4172779535008;-0.82366943359375;-0.032440185546875;100 mA
3;3075;18.4213479534906;-0.826416015625;-0.0323394775390625;100 mA
3;3076;18.4254179534803;-0.828857421875;-0.032269287109375;100 mA
3;3077;18.42948795347;-0.831298828125;-0.0322662353515625;100 mA
3;3078;18.4335579534597;-0.833740234375;-0.032183837890625;100 mA
3;3079;18.4376279534495;-0.836181640625;-0.032122802734375;100 mA
3;3080;18.4416979534392;-0.83892822265625;-0.03209228515625;100 mA
3;3081;18.4457679534289;-0.841064453125;-0.0320465087890625;100 mA
3;3082;18.4498379534186;-0.843505859375;-0.0319915771484375;100 mA
3;3083;18.4539079534084;-0.845947265625;-0.0318603515625;100 mA
3;3084;18.4579779533981;-0.848388671875;-0.031866455078125;100 mA
3;3085;18.4620479533878;-0.850830078125;-0.031903076171875;100 mA
3;3086;18.4661179533775;-0.85357666015625;-0.0317352294921875;100 mA
3;3087;18.4701879533673;-0.85601806640625;-0.0316925048828125;100 mA
3;3088;18.474257953357;-0.85845947265625;-0.031658935546875;100 mA
3;3089;18.4783279533467;-0.86029052734375;-0.031585693359375;100 mA
3;3090;18.4823979533364;-0.86273193359375;-0.03157958984375;100 mA
3;3091;18.4864679533262;-0.86578369140625;-0.0315155029296875;100 mA
3;3092;18.4905379533159;-0.867919921875;-0.03143310546875;100 mA
3;3093;18.4946079533056;-0.870361328125;-0.031396484375;100 mA
3;3094;18.4986779532953;-0.872802734375;-0.031353759765625;100 mA
3;3095;18.5027479532851;-0.87554931640625;-0.0312896728515625;100 mA
3;3096;18.5068179532748;-0.87738037109375;-0.03121337890625;100 mA
3;3097;18.5108879532645;-0.880126953125;-0.0311492919921875;100 mA
3;3098;18.5149579532542;-0.882568359375;-0.0311309814453125;100 mA
3;3099;18.5190279532439;-0.885009765625;-0.0310791015625;100 mA
3;3100;18.5230979532337;-0.8868408203125;-0.0310150146484375;100 mA
3;3101;18.5271679532234;-0.88958740234375;-0.030950927734375;100 mA
3;3102;18.5312379532131;-0.892333984375;-0.0309783935546875;100 mA
3;3103;18.5353079532028;-0.89508056640625;-0.030889892578125;100 mA
3;3104;18.5393779531926;-0.89691162109375;-0.0307861328125;100 mA
3;3105;18.5434479531823;-0.9002685546875;-0.03072509765625;100 mA
3;3106;18.547517953172;-0.902099609375;-0.0307403564453125;100 mA
3;3107;18.5515879531617;-0.90484619140625;-0.0306610107421875;100 mA
3;3108;18.5556579531515;-0.906982421875;-0.03062744140625;100 mA
3;3109;18.5597279531412;-0.90911865234375;-0.030584716796875;100 mA
3;3110;18.5637979531309;-0.91217041015625;-0.030523681640625;100 mA
3;3111;18.5678679531206;-0.91461181640625;-0.03045654296875;100 mA
3;3112;18.5719379531104;-0.91705322265625;-0.0304718017578125;100 mA
3;3113;18.5760079531001;-0.91888427734375;-0.0303680419921875;100 mA
3;3114;18.5800779530898;-0.92193603515625;-0.030352783203125;100 mA
3;3115;18.5841479530795;-0.92437744140625;-0.0303253173828125;100 mA
3;3116;18.5882179530693;-0.926513671875;-0.0302154541015625;100 mA
3;3117;18.592287953059;-0.92864990234375;-0.0301727294921875;100 mA
3;3118;18.5963579530487;-0.931396484375;-0.0301971435546875;100 mA
3;3119;18.6004279530384;-0.93353271484375;-0.03009033203125;100 mA
3;3120;18.6044979530282;-0.93658447265625;-0.030035400390625;100 mA
3;3121;18.6085679530179;-0.938720703125;-0.0300262451171875;100 mA
3;3122;18.6126379530076;-0.94085693359375;-0.0299560546875;100 mA
3;3123;18.6167079529973;-0.943603515625;-0.029974365234375;100 mA
3;3124;18.6207779529871;-0.9454345703125;-0.0299072265625;100 mA
3;3125;18.6248479529768;-0.94818115234375;-0.029815673828125;100 mA
3;3126;18.6289179529665;-0.950927734375;-0.0298492431640625;100 mA
3;3127;18.6329879529562;-0.9539794921875;-0.029803466796875;100 mA
3;3128;18.637057952946;-0.955810546875;-0.0297454833984375;100 mA
3;3129;18.6411279529357;-0.95855712890625;-0.0296966552734375;100 mA
3;3130;18.6451979529254;-0.96038818359375;-0.02967529296875;100 mA
3;3131;18.6492679529151;-0.96282958984375;-0.0296295166015625;100 mA
3;3132;18.6533379529048;-0.96588134765625;-0.0295928955078125;100 mA
3;3133;18.6574079528946;-0.96771240234375;-0.0295623779296875;100 mA
3;3134;18.6614779528843;-0.970458984375;-0.029547119140625;100 mA
3;3135;18.665547952874;-0.972900390625;-0.029510498046875;100 mA
3;3136;18.6696179528637;-0.9747314453125;-0.029449462890625;100 mA
3;3137;18.6736879528535;-0.97747802734375;-0.0294219970703125;100 mA
3;3138;18.6777579528432;-0.980224609375;-0.0294097900390625;100 mA
3;3139;18.6818279528329;-0.98236083984375;-0.029351806640625;100 mA
3;3140;18.6858979528226;-0.985107421875;-0.029388427734375;100 mA
3;3141;18.6899679528124;-0.98785400390625;-0.0292938232421875;100 mA
3;3142;18.6940379528021;-0.98968505859375;-0.029278564453125;100 mA
3;3143;18.6981079527918;-0.992431640625;-0.0292816162109375;100 mA
3;3144;18.7021779527815;-0.9954833984375;-0.029302978515625;100 mA
3;3145;18.7062479527713;-0.997314453125;-0.0292083740234375;100 mA
3;3146;18.710317952761;-0.999755859375;-0.029180908203125;100 mA
3;3147;18.7143879527507;-0.99945068359375;-0.02567138671875;100 mA
3;3148;18.7184579527404;-0.997314453125;-0.0248321533203125;100 mA
3;3149;18.7225279527302;-0.99456787109375;-0.024298095703125;100 mA
3;3150;18.7265979527199;-0.99212646484375;-0.023956298828125;100 mA
3;3151;18.7306679527096;-0.989990234375;-0.0236724853515625;100 mA
3;3152;18.7347379526993;-0.98663330078125;-0.02347412109375;100 mA
3;3153;18.7388079526891;-0.9844970703125;-0.023284912109375;100 mA
3;3154;18.7428779526788;-0.9820556640625;-0.0230743408203125;100 mA
3;3155;18.7469479526685;-0.97991943359375;-0.0229034423828125;100 mA
3;3156;18.7510179526582;-0.97747802734375;-0.022760009765625;100 mA
3;3157;18.755087952648;-0.975341796875;-0.0225341796875;100 mA
3;3158;18.7591579526377;-0.97259521484375;-0.022467041015625;100 mA
3;3159;18.7632279526274;-0.970458984375;-0.0223541259765625;100 mA
3;3160;18.7672979526171;-0.9674072265625;-0.0222625732421875;100 mA
3;3161;18.7713679526069;-0.9649658203125;-0.0220367431640625;100 mA
3;3162;18.7754379525966;-0.96282958984375;-0.02205810546875;100 mA
3;3163;18.7795079525863;-0.9600830078125;-0.0219482421875;100 mA
3;3164;18.783577952576;-0.9576416015625;-0.0218231201171875;100 mA
3;3165;18.7876479525657;-0.9552001953125;-0.0217681884765625;100 mA
3;3166;18.7917179525555;-0.95245361328125;-0.02171630859375;100 mA
3;3167;18.7957879525452;-0.95001220703125;-0.0216217041015625;100 mA
3;3168;18.7998579525349;-0.9478759765625;-0.0215667724609375;100 mA
3;3169;18.8039279525246;-0.94482421875;-0.0214752197265625;100 mA
3;3170;18.8079979525144;-0.9423828125;-0.02138671875;100 mA
3;3171;18.8120679525041;-0.94085693359375;-0.021368408203125;100 mA
3;3172;18.8161379524938;-0.9375;-0.0212799072265625;100 mA
3;3173;18.8202079524835;-0.93597412109375;-0.021185302734375;100 mA
3;3174;18.8242779524733;-0.9332275390625;-0.0211395263671875;100 mA
3;3175;18.828347952463;-0.93109130859375;-0.021063232421875;100 mA
3;3176;18.8324179524527;-0.92803955078125;-0.0209747314453125;100 mA
3;3177;18.8364879524424;-0.92620849609375;-0.0209747314453125;100 mA
3;3178;18.8405579524322;-0.9234619140625;-0.0208648681640625;100 mA
3;3179;18.8446279524219;-0.92132568359375;-0.0208465576171875;100 mA
3;3180;18.8486979524116;-0.9185791015625;-0.020782470703125;100 mA
3;3181;18.8527679524013;-0.91583251953125;-0.0207427978515625;100 mA
3;3182;18.8568379523911;-0.91339111328125;-0.02064208984375;100 mA
3;3183;18.8609079523808;-0.91156005859375;-0.020635986328125;100 mA
3;3184;18.8649779523705;-0.90911865234375;-0.0205841064453125;100 mA
3;3185;18.8690479523602;-0.90667724609375;-0.0205291748046875;100 mA
3;3186;18.87311795235;-0.9039306640625;-0.020477294921875;100 mA
3;3187;18.8771879523397;-0.902099609375;-0.0204193115234375;100 mA
3;3188;18.8812579523294;-0.89874267578125;-0.0203765869140625;100 mA
3;3189;18.8853279523191;-0.89691162109375;-0.020318603515625;100 mA
3;3190;18.8893979523089;-0.8935546875;-0.02027587890625;100 mA
3;3191;18.8934679522986;-0.8917236328125;-0.02021484375;100 mA
3;3192;18.8975379522883;-0.88958740234375;-0.02020263671875;100 mA
3;3193;18.901607952278;-0.88714599609375;-0.020184326171875;100 mA
3;3194;18.9056779522678;-0.8843994140625;-0.0200592041015625;100 mA
3;3195;18.9097479522575;-0.8819580078125;-0.0200347900390625;100 mA
3;3196;18.9138179522472;-0.87921142578125;-0.0199920654296875;100 mA
3;3197;18.9178879522369;-0.8770751953125;-0.0199615478515625;100 mA
3;3198;18.9219579522266;-0.8746337890625;-0.019921875;100 mA
3;3199;18.9260279522164;-0.87188720703125;-0.019879150390625;100 mA
3;3200;18.9300979522061;-0.8697509765625;-0.0198760986328125;100 mA
3;3201;18.9341679521958;-0.86700439453125;-0.019793701171875;100 mA
3;3202;18.9382379521855;-0.8648681640625;-0.0197479248046875;100 mA
3;3203;18.9423079521753;-0.86212158203125;-0.0196990966796875;100 mA
3;3204;18.946377952165;-0.85968017578125;-0.0197113037109375;100 mA
3;3205;18.9504479521547;-0.85723876953125;-0.01962890625;100 mA
3;3206;18.9545179521444;-0.8544921875;-0.01961669921875;100 mA
3;3207;18.9585879521342;-0.85235595703125;-0.0195648193359375;100 mA
3;3208;18.9626579521239;-0.849609375;-0.0194549560546875;100 mA
3;3209;18.9667279521136;-0.84716796875;-0.019500732421875;100 mA
3;3210;18.9707979521033;-0.8447265625;-0.0194427490234375;100 mA
3;3211;18.9748679520931;-0.84259033203125;-0.0193939208984375;100 mA
3;3212;18.9789379520828;-0.84014892578125;-0.0193939208984375;100 mA
3;3213;18.9830079520725;-0.83770751953125;-0.0193115234375;100 mA
3;3214;18.9870779520622;-0.8349609375;-0.0193206787109375;100 mA
3;3215;18.991147952052;-0.83282470703125;-0.01922607421875;100 mA
3;3216;18.9952179520417;-0.83038330078125;-0.0192138671875;100 mA
3;3217;18.9992879520314;-0.82733154296875;-0.019183349609375;100 mA
3;3218;19.0033579520211;-0.82550048828125;-0.0191314697265625;100 mA
3;3219;19.0074279520109;-0.82275390625;-0.0190826416015625;100 mA
3;3220;19.0114979520006;-0.8203125;-0.019049072265625;100 mA
3;3221;19.0155679519903;-0.81787109375;-0.0190216064453125;100 mA
3;3222;19.01963795198;-0.8154296875;-0.0190032958984375;100 mA
3;3223;19.0237079519698;-0.81268310546875;-0.018951416015625;100 mA
3;3224;19.0277779519595;-0.810546875;-0.0189208984375;100 mA
3;3225;19.0318479519492;-0.80810546875;-0.0188995361328125;100 mA
3;3226;19.0359179519389;-0.8056640625;-0.018890380859375;100 mA
3;3227;19.0399879519287;-0.80322265625;-0.0188262939453125;100 mA
3;3228;19.0440579519184;-0.80078125;-0.018780517578125;100 mA
3;3229;19.0481279519081;-0.79864501953125;-0.018756103515625;100 mA
3;3230;19.0521979518978;-0.7958984375;-0.018743896484375;100 mA
3;3231;19.0562679518875;-0.79345703125;-0.01868896484375;100 mA
3;3232;19.0603379518773;-0.791015625;-0.01866455078125;100 mA
3;3233;19.064407951867;-0.78887939453125;-0.0186309814453125;100 mA
3;3234;19.0684779518567;-0.78582763671875;-0.0186126708984375;100 mA
3;3235;19.0725479518464;-0.78399658203125;-0.0185577392578125;100 mA
3;3236;19.0766179518362;-0.7806396484375;-0.018536376953125;100 mA
3;3237;19.0806879518259;-0.77880859375;-0.0185333251953125;100 mA
3;3238;19.0847579518156;-0.7763671875;-0.0184844970703125;100 mA
3;3239;19.0888279518053;-0.77392578125;-0.0184478759765625;100 mA
3;3240;19.0928979517951;-0.771484375;-0.0184112548828125;100 mA
3;3241;19.0969679517848;-0.76873779296875;-0.0183807373046875;100 mA
3;3242;19.1010379517745;-0.7659912109375;-0.01837158203125;100 mA
3;3243;19.1051079517642;-0.76416015625;-0.0183074951171875;100 mA
3;3244;19.109177951754;-0.76202392578125;-0.0182708740234375;100 mA
3;3245;19.1132479517437;-0.75927734375;-0.0182708740234375;100 mA
3;3246;19.1173179517334;-0.75714111328125;-0.01824951171875;100 mA
3;3247;19.1213879517231;-0.75439453125;-0.0181976318359375;100 mA
3;3248;19.1254579517129;-0.751953125;-0.0181793212890625;100 mA
3;3249;19.1295279517026;-0.749298095703125;-0.0181640625;100 mA
3;3250;19.1335979516923;-0.746856689453125;-0.01812744140625;100 mA
3;3251;19.137667951682;-0.744415283203125;-0.01807861328125;100 mA
3;3252;19.1417379516718;-0.741973876953125;-0.018072509765625;100 mA
3;3253;19.1458079516615;-0.739501953125;-0.018011474609375;100 mA
3;3254;19.1498779516512;-0.737030029296875;-0.0179901123046875;100 mA
3;3255;19.1539479516409;-0.734619140625;-0.017987060546875;100 mA
3;3256;19.1580179516307;-0.73211669921875;-0.0179351806640625;100 mA
3;3257;19.1620879516204;-0.729736328125;-0.0179412841796875;100 mA
3;3258;19.1661579516101;-0.72723388671875;-0.01787109375;100 mA
3;3259;19.1702279515998;-0.72479248046875;-0.0178680419921875;100 mA
3;3260;19.1742979515896;-0.722381591796875;-0.0178070068359375;100 mA
3;3261;19.1783679515793;-0.719879150390625;-0.017767333984375;100 mA
3;3262;19.182437951569;-0.71746826171875;-0.017742919921875;100 mA
3;3263;19.1865079515587;-0.7149658203125;-0.0176971435546875;100 mA
3;3264;19.1905779515484;-0.712493896484375;-0.01766357421875;100 mA
3;3265;19.1946479515382;-0.710113525390625;-0.017608642578125;100 mA
3;3266;19.1987179515279;-0.7076416015625;-0.0176239013671875;100 mA
3;3267;19.2027879515176;-0.70513916015625;-0.0175689697265625;100 mA
3;3268;19.2068579515073;-0.702728271484375;-0.0175201416015625;100 mA
3;3269;19.2109279514971;-0.70025634765625;-0.017486572265625;100 mA
3;3270;19.2149979514868;-0.697845458984375;-0.017474365234375;100 mA
3;3271;19.2190679514765;-0.695465087890625;-0.017449951171875;100 mA
3;3272;19.2231379514662;-0.69293212890625;-0.01737060546875;100 mA
3;3273;19.227207951456;-0.69049072265625;-0.0173248291015625;100 mA
3;3274;19.2312779514457;-0.68804931640625;-0.0173065185546875;100 mA
3;3275;19.2353479514354;-0.685577392578125;-0.01727294921875;100 mA
3;3276;19.2394179514251;-0.68316650390625;-0.0172332763671875;100 mA
3;3277;19.2434879514149;-0.680633544921875;-0.0171875;100 mA
3;3278;19.2475579514046;-0.67822265625;-0.017156982421875;100 mA
3;3279;19.2516279513943;-0.675750732421875;-0.0171234130859375;100 mA
3;3280;19.255697951384;-0.67327880859375;-0.017059326171875;100 mA
3;3281;19.2597679513738;-0.67083740234375;-0.0170013427734375;100 mA
3;3282;19.2638379513635;-0.66839599609375;-0.016998291015625;100 mA
3;3283;19.2679079513532;-0.665985107421875;-0.0169342041015625;100 mA
3;3284;19.2719779513429;-0.66357421875;-0.0168914794921875;100 mA
3;3285;19.2760479513327;-0.661041259765625;-0.0168548583984375;100 mA
3;3286;19.2801179513224;-0.6585693359375;-0.0167999267578125;100 mA
3;3287;19.2841879513121;-0.656158447265625;-0.0167510986328125;100 mA
3;3288;19.2882579513018;-0.653717041015625;-0.0167144775390625;100 mA
3;3289;19.2923279512916;-0.65130615234375;-0.016668701171875;100 mA
3;3290;19.2963979512813;-0.64874267578125;-0.0166534423828125;100 mA
3;3291;19.300467951271;-0.64630126953125;-0.0165740966796875;100 mA
3;3292;19.3045379512607;-0.6439208984375;-0.0165283203125;100 mA
3;3293;19.3086079512505;-0.6414794921875;-0.0164794921875;100 mA
3;3294;19.3126779512402;-0.638946533203125;-0.0164398193359375;100 mA
3;3295;19.3167479512299;-0.6365966796875;-0.0163818359375;100 mA
3;3296;19.3208179512196;-0.63409423828125;-0.016302490234375;100 mA
3;3297;19.3248879512093;-0.6317138671875;-0.0162506103515625;100 mA
3;3298;19.3289579511991;-0.62921142578125;-0.0162078857421875;100 mA
3;3299;19.3330279511888;-0.62677001953125;-0.016162109375;100 mA
3;3300;19.3370979511785;-0.624359130859375;-0.0160980224609375;100 mA
3;3301;19.3411679511682;-0.621856689453125;-0.0160247802734375;100 mA
3;3302;19.345237951158;-0.619415283203125;-0.0159759521484375;100 mA
3;3303;19.3493079511477;-0.616973876953125;-0.015911865234375;100 mA
3;3304;19.3533779511374;-0.614501953125;-0.0157562255859375;100 mA
3;3305;19.3574479511271;-0.612060546875;-0.0157684326171875;100 mA
3;3306;19.3615179511169;-0.60955810546875;-0.015716552734375;100 mA
3;3307;19.3655879511066;-0.60711669921875;-0.0156219482421875;100 mA
3;3308;19.3696579510963;-0.604705810546875;-0.0155364990234375;100 mA
3;3309;19.373727951086;-0.602264404296875;-0.0154693603515625;100 mA
3;3310;19.3777979510758;-0.59979248046875;-0.015399169921875;100 mA
3;3311;19.3818679510655;-0.597381591796875;-0.01534423828125;100 mA
3;3312;19.3859379510552;-0.594879150390625;-0.015289306640625;100 mA
3;3313;19.3900079510449;-0.59246826171875;-0.0151641845703125;100 mA
3;3314;19.3940779510347;-0.590057373046875;-0.0150787353515625;100 mA
3;3315;19.3981479510244;-0.58758544921875;-0.0150177001953125;100 mA
3;3316;19.4022179510141;-0.585113525390625;-0.014910888671875;100 mA
3;3317;19.4062879510038;-0.582672119140625;-0.0148223876953125;100 mA
3;3318;19.4103579509936;-0.5802001953125;-0.014727783203125;100 mA
3;3319;19.4144279509833;-0.5777587890625;-0.0146514892578125;100 mA
3;3320;19.418497950973;-0.57525634765625;-0.0145599365234375;100 mA
3;3321;19.4225679509627;-0.57281494140625;-0.0144195556640625;100 mA
3;3322;19.4266379509525;-0.5704345703125;-0.0143280029296875;100 mA
3;3323;19.4307079509422;-0.567901611328125;-0.0142608642578125;100 mA
3;3324;19.4347779509319;-0.5654296875;-0.0141387939453125;100 mA
3;3325;19.4388479509216;-0.56298828125;-0.0139923095703125;100 mA
3;3326;19.4429179509114;-0.560638427734375;-0.0138763427734375;100 mA
3;3327;19.4469879509011;-0.55810546875;-0.013751220703125;100 mA
3;3328;19.4510579508908;-0.555694580078125;-0.01363525390625;100 mA
3;3329;19.4551279508805;-0.553192138671875;-0.0135284423828125;100 mA
3;3330;19.4591979508702;-0.550750732421875;-0.0133697509765625;100 mA
3;3331;19.46326795086;-0.548309326171875;-0.0132171630859375;100 mA
3;3332;19.4673379508497;-0.5458984375;-0.013092041015625;100 mA
3;3333;19.4714079508394;-0.54339599609375;-0.012933349609375;100 mA
3;3334;19.4754779508291;-0.54095458984375;-0.012786865234375;100 mA
3;3335;19.4795479508189;-0.53851318359375;-0.012646484375;100 mA
3;3336;19.4836179508086;-0.5361328125;-0.01246337890625;100 mA
3;3337;19.4876879507983;-0.5335693359375;-0.0122650146484375;100 mA
3;3338;19.491757950788;-0.53118896484375;-0.012127685546875;100 mA
3;3339;19.4958279507778;-0.528717041015625;-0.011956787109375;100 mA
3;3340;19.4998979507675;-0.52630615234375;-0.0117523193359375;100 mA
3;3341;19.5039679507572;-0.5238037109375;-0.0115692138671875;100 mA
3;3342;19.5080379507469;-0.5213623046875;-0.0113616943359375;100 mA
3;3343;19.5121079507367;-0.5189208984375;-0.0111480712890625;100 mA
3;3344;19.5161779507264;-0.5164794921875;-0.010955810546875;100 mA
3;3345;19.5202479507161;-0.514007568359375;-0.010699462890625;100 mA
3;3346;19.5243179507058;-0.51153564453125;-0.010498046875;100 mA
3;3347;19.5283879506956;-0.509124755859375;-0.0102386474609375;100 mA
3;3348;19.5324579506853;-0.506622314453125;-0.0100128173828125;100 mA
3;3349;19.536527950675;-0.5042724609375;-0.00972900390625;100 mA
3;3350;19.5405979506647;-0.50164794921875;-0.0094879150390625;100 mA
3;3351;19.5446679506545;-0.499298095703125;-0.009210205078125;100 mA
3;3352;19.5487379506442;-0.496826171875;-0.0089263916015625;100 mA
3;3353;19.5528079506339;-0.494354248046875;-0.0086761474609375;100 mA
3;3354;19.5568779506236;-0.491943359375;-0.0083160400390625;100 mA
3;3355;19.5609479506134;-0.48944091796875;-0.0080047607421875;100 mA
3;3356;19.5650179506031;-0.487060546875;-0.0077117919921875;100 mA
3;3357;19.5690879505928;-0.484619140625;-0.0073516845703125;100 mA
3;3358;19.5731579505825;-0.482147216796875;-0.006976318359375;100 mA
3;3359;19.5772279505723;-0.47967529296875;-0.0066192626953125;100 mA
3;3360;19.581297950562;-0.47723388671875;-0.0062957763671875;100 mA
3;3361;19.5853679505517;-0.4747314453125;-0.005889892578125;100 mA
3;3362;19.5894379505414;-0.472381591796875;-0.005450439453125;100 mA
3;3363;19.5935079505311;-0.469818115234375;-0.005010986328125;100 mA
3;3364;19.5975779505209;-0.467437744140625;-0.00467926025390625;100 mA
3;3365;19.6016479505106;-0.46502685546875;-0.0042169189453125;100 mA
3;3366;19.6057179505003;-0.462554931640625;-0.0037237548828125;100 mA
3;3367;19.60978795049;-0.460113525390625;-0.00326446533203125;100 mA
3;3368;19.6138579504798;-0.457672119140625;-0.002779541015625;100 mA
3;3369;19.6179279504695;-0.4552001953125;-0.00230133056640625;100 mA
3;3370;19.6219979504592;-0.45269775390625;-0.00175506591796875;100 mA
3;3371;19.6260679504489;-0.4503173828125;-0.00119537353515625;100 mA
3;3372;19.6301379504387;-0.44781494140625;-0.000686035156250001;100 mA
3;3373;19.6342079504284;-0.445343017578125;-0.00012847900390625;100 mA
3;3374;19.6382779504181;-0.442962646484375;0.00050872802734375;100 mA
3;3375;19.6423479504078;-0.440521240234375;0.0010845947265625;100 mA
3;3376;19.6464179503976;-0.437957763671875;0.00167724609375;100 mA
3;3377;19.6504879503873;-0.435577392578125;0.0023480224609375;100 mA
3;3378;19.654557950377;-0.43310546875;0.00294403076171875;100 mA
3;3379;19.6586279503667;-0.430633544921875;0.00370086669921875;100 mA
3;3380;19.6626979503565;-0.428192138671875;0.00442840576171875;100 mA
3;3381;19.6667679503462;-0.425811767578125;0.00506591796875;100 mA
3;3382;19.6708379503359;-0.423309326171875;0.00576171875;100 mA
3;3383;19.6749079503256;-0.420928955078125;0.006610107421875;100 mA
3;3384;19.6789779503154;-0.418426513671875;0.0074249267578125;100 mA
3;3385;19.6830479503051;-0.415985107421875;0.00816650390625;100 mA
3;3386;19.6871179502948;-0.41357421875;0.008966064453125;100 mA
3;3387;19.6911879502845;-0.411102294921875;0.009869384765625;100 mA
3;3388;19.6952579502743;-0.40869140625;0.0107269287109375;100 mA
3;3389;19.699327950264;-0.40618896484375;0.011578369140625;100 mA
3;3390;19.7033979502537;-0.403717041015625;0.0124786376953125;100 mA
3;3391;19.7074679502434;-0.4012451171875;0.013446044921875;100 mA
3;3392;19.7115379502332;-0.3988037109375;0.0143890380859375;100 mA
3;3393;19.7156079502229;-0.396392822265625;0.0152557373046875;100 mA
3;3394;19.7196779502126;-0.393951416015625;0.0162078857421875;100 mA
3;3395;19.7237479502023;-0.391448974609375;0.017315673828125;100 mA
3;3396;19.727817950192;-0.389007568359375;0.018292236328125;100 mA
3;3397;19.7318879501818;-0.38653564453125;0.0192413330078125;100 mA
3;3398;19.7359579501715;-0.384124755859375;0.020184326171875;100 mA
3;3399;19.7400279501612;-0.3817138671875;0.02138671875;100 mA
3;3400;19.7440979501509;-0.379241943359375;0.0224578857421875;100 mA
3;3401;19.7481679501407;-0.3768310546875;0.0234161376953125;100 mA
3;3402;19.7522379501304;-0.37432861328125;0.0245086669921875;100 mA
3;3403;19.7563079501201;-0.371856689453125;0.0256378173828125;100 mA
3;3404;19.7603779501098;-0.36944580078125;0.0267608642578125;100 mA
3;3405;19.7644479500996;-0.36700439453125;0.0278411865234375;100 mA
3;3406;19.7685179500893;-0.364532470703125;0.028900146484375;100 mA
3;3407;19.772587950079;-0.36199951171875;0.0300750732421875;100 mA
3;3408;19.7766579500687;-0.359619140625;0.0312347412109375;100 mA
3;3409;19.7807279500585;-0.35723876953125;0.032275390625;100 mA
3;3410;19.7847979500482;-0.354766845703125;0.0333892822265625;100 mA
3;3411;19.7888679500379;-0.352264404296875;0.03453369140625;100 mA
3;3412;19.7929379500276;-0.349822998046875;0.03570556640625;100 mA
3;3413;19.7970079500174;-0.347381591796875;0.0366241455078125;100 mA
3;3414;19.8010779500071;-0.34490966796875;0.037744140625;100 mA
3;3415;19.8051479499968;-0.342498779296875;0.0389495849609375;100 mA
3;3416;19.8092179499865;-0.340057373046875;0.039959716796875;100 mA
3;3417;19.8132879499763;-0.33758544921875;0.0409149169921875;100 mA
3;3418;19.817357949966;-0.335174560546875;0.0419708251953125;100 mA
3;3419;19.8214279499557;-0.332672119140625;0.0431304931640625;100 mA
3;3420;19.8254979499454;-0.33026123046875;0.0441375732421875;100 mA
3;3421;19.8295679499352;-0.32781982421875;0.04501953125;100 mA
3;3422;19.8336379499249;-0.32537841796875;0.0459808349609375;100 mA
3;3423;19.8377079499146;-0.322967529296875;0.04698486328125;100 mA
3;3424;19.8417779499043;-0.320465087890625;0.047894287109375;100 mA
3;3425;19.8458479498941;-0.3179931640625;0.04873046875;100 mA
3;3426;19.8499179498838;-0.315521240234375;0.0495635986328125;100 mA
3;3427;19.8539879498735;-0.31317138671875;0.05072021484375;100 mA
3;3428;19.8580579498632;-0.310760498046875;0.05126953125;100 mA
3;3429;19.8621279498529;-0.30828857421875;0.05181884765625;100 mA
3;3430;19.8661979498427;-0.30584716796875;0.052825927734375;100 mA
3;3431;19.8702679498324;-0.30340576171875;0.0535888671875;100 mA
3;3432;19.8743379498221;-0.3009033203125;0.054229736328125;100 mA
3;3433;19.8784079498118;-0.2984619140625;0.054962158203125;100 mA
3;3434;19.8824779498016;-0.2960205078125;0.055419921875;100 mA
3;3435;19.8865479497913;-0.293670654296875;0.05596923828125;100 mA
3;3436;19.890617949781;-0.291107177734375;0.05657958984375;100 mA
3;3437;19.8946879497707;-0.28863525390625;0.05712890625;100 mA
3;3438;19.8987579497605;-0.2862548828125;0.0574951171875;100 mA
3;3439;19.9028279497502;-0.28369140625;0.05792236328125;100 mA
3;3440;19.9068979497399;-0.281341552734375;0.058441162109375;100 mA
3;3441;19.9109679497296;-0.27880859375;0.05877685546875;100 mA
3;3442;19.9150379497194;-0.276397705078125;0.058990478515625;100 mA
3;3443;19.9191079497091;-0.273956298828125;0.05926513671875;100 mA
3;3444;19.9231779496988;-0.271514892578125;0.05963134765625;100 mA
3;3445;19.9272479496885;-0.269073486328125;0.059844970703125;100 mA
3;3446;19.9313179496783;-0.266571044921875;0.05999755859375;100 mA
3;3447;19.935387949668;-0.26416015625;0.06005859375;100 mA
3;3448;19.9394579496577;-0.261688232421875;0.060272216796875;100 mA
3;3449;19.9435279496474;-0.25921630859375;0.060394287109375;100 mA
3;3450;19.9475979496372;-0.25677490234375;0.0604248046875;100 mA
3;3451;19.9516679496269;-0.25439453125;0.060394287109375;100 mA
3;3452;19.9557379496166;-0.25189208984375;0.060516357421875;100 mA
3;3453;19.9598079496063;-0.249420166015625;0.060455322265625;100 mA
3;3454;19.9638779495961;-0.246978759765625;0.060394287109375;100 mA
3;3455;19.9679479495858;-0.244537353515625;0.060272216796875;100 mA
3;3456;19.9720179495755;-0.242095947265625;0.060211181640625;100 mA
3;3457;19.9760879495652;-0.23956298828125;0.06011962890625;100 mA
3;3458;19.980157949555;-0.237152099609375;0.059906005859375;100 mA
3;3459;19.9842279495447;-0.234771728515625;0.05975341796875;100 mA
3;3460;19.9882979495344;-0.232269287109375;0.05963134765625;100 mA
3;3461;19.9923679495241;-0.22979736328125;0.059356689453125;100 mA
3;3462;19.9964379495138;-0.2274169921875;0.059051513671875;100 mA
3;3463;20.0005079495036;-0.224945068359375;0.058868408203125;100 mA
3;3464;20.0045779494933;-0.22247314453125;0.058624267578125;100 mA
3;3465;20.008647949483;-0.220001220703125;0.058349609375;100 mA
3;3466;20.0127179494727;-0.217620849609375;0.058074951171875;100 mA
3;3467;20.0167879494625;-0.21514892578125;0.0577392578125;100 mA
3;3468;20.0208579494522;-0.212677001953125;0.0574951171875;100 mA
3;3469;20.0249279494419;-0.210235595703125;0.057159423828125;100 mA
3;3470;20.0289979494316;-0.207763671875;0.056793212890625;100 mA
3;3471;20.0330679494214;-0.205291748046875;0.056427001953125;100 mA
3;3472;20.0371379494111;-0.202911376953125;0.056121826171875;100 mA
3;3473;20.0412079494008;-0.200439453125;0.055755615234375;100 mA
3;3474;20.0452779493905;-0.197998046875;0.055419921875;100 mA
3;3475;20.0493479493803;-0.19549560546875;0.055023193359375;100 mA
3;3476;20.05341794937;-0.19305419921875;0.0548095703125;100 mA
3;3477;20.0574879493597;-0.190673828125;0.05426025390625;100 mA
3;3478;20.0615579493494;-0.188140869140625;0.053802490234375;100 mA
3;3479;20.0656279493392;-0.1856689453125;0.053466796875;100 mA
3;3480;20.0696979493289;-0.1832275390625;0.05316162109375;100 mA
3;3481;20.0737679493186;-0.1807861328125;0.052703857421875;100 mA
3;3482;20.0778379493083;-0.17828369140625;0.052337646484375;100 mA
3;3483;20.0819079492981;-0.1759033203125;0.051849365234375;100 mA
3;3484;20.0859779492878;-0.173431396484375;0.051422119140625;100 mA
3;3485;20.0900479492775;-0.17095947265625;0.05108642578125;100 mA
3;3486;20.0941179492672;-0.1685791015625;0.050689697265625;100 mA
3;3487;20.098187949257;-0.16607666015625;0.05029296875;100 mA
3;3488;20.1022579492467;-0.16357421875;0.0498565673828125;100 mA
3;3489;20.1063279492364;-0.161102294921875;0.0495086669921875;100 mA
3;3490;20.1103979492261;-0.15863037109375;0.04908447265625;100 mA
3;3491;20.1144679492159;-0.15625;0.048638916015625;100 mA
3;3492;20.1185379492056;-0.15380859375;0.0482574462890625;100 mA
3;3493;20.1226079491953;-0.15130615234375;0.0478668212890625;100 mA
3;3494;20.126677949185;-0.14892578125;0.0475067138671875;100 mA
3;3495;20.1307479491747;-0.146392822265625;0.04708251953125;100 mA
3;3496;20.1348179491645;-0.144012451171875;0.0466827392578125;100 mA
3;3497;20.1388879491542;-0.141510009765625;0.0463470458984375;100 mA
3;3498;20.1429579491439;-0.139129638671875;0.045928955078125;100 mA
3;3499;20.1470279491336;-0.136627197265625;0.045550537109375;100 mA
3;3500;20.1510979491234;-0.134185791015625;0.04517822265625;100 mA
3;3501;20.1551679491131;-0.1317138671875;0.0448150634765625;100 mA
3;3502;20.1592379491028;-0.129302978515625;0.044427490234375;100 mA
3;3503;20.1633079490925;-0.12677001953125;0.044061279296875;100 mA
3;3504;20.1673779490823;-0.12432861328125;0.04368896484375;100 mA
3;3505;20.171447949072;-0.121917724609375;0.04334716796875;100 mA
3;3506;20.1755179490617;-0.119476318359375;0.04296875;100 mA
3;3507;20.1795879490514;-0.11700439453125;0.042584228515625;100 mA
3;3508;20.1836579490412;-0.1146240234375;0.04224853515625;100 mA
3;3509;20.1877279490309;-0.112091064453125;0.0419464111328125;100 mA
3;3510;20.1917979490206;-0.109619140625;0.0416107177734375;100 mA
3;3511;20.1958679490103;-0.107269287109375;0.04122314453125;100 mA
3;3512;20.1999379490001;-0.104766845703125;0.04090576171875;100 mA
3;3513;20.2040079489898;-0.102325439453125;0.0405975341796875;100 mA
3;3514;20.2080779489795;-0.099853515625;0.0402801513671875;100 mA
3;3515;20.2121479489692;-0.097381591796875;0.03992919921875;100 mA
3;3516;20.216217948959;-0.094940185546875;0.039599609375;100 mA
3;3517;20.2202879489487;-0.092498779296875;0.0393157958984375;100 mA
3;3518;20.2243579489384;-0.090057373046875;0.0390106201171875;100 mA
3;3519;20.2284279489281;-0.087615966796875;0.038702392578125;100 mA
3;3520;20.2324979489179;-0.08514404296875;0.0384033203125;100 mA
3;3521;20.2365679489076;-0.0826416015625;0.0380859375;100 mA
3;3522;20.2406379488973;-0.0802001953125;0.037823486328125;100 mA
3;3523;20.244707948887;-0.07781982421875;0.0375274658203125;100 mA
3;3524;20.2487779488768;-0.075347900390625;0.0372100830078125;100 mA
3;3525;20.2528479488665;-0.072906494140625;0.0369293212890625;100 mA
3;3526;20.2569179488562;-0.070404052734375;0.0366729736328125;100 mA
3;3527;20.2609879488459;-0.0679931640625;0.0363739013671875;100 mA
3;3528;20.2650579488356;-0.0655517578125;0.0361083984375;100 mA
3;3529;20.2691279488254;-0.063140869140625;0.0358612060546875;100 mA
3;3530;20.2731979488151;-0.0606689453125;0.035601806640625;100 mA
3;3531;20.2772679488048;-0.058135986328125;0.03533935546875;100 mA
3;3532;20.2813379487945;-0.05572509765625;0.035089111328125;100 mA
3;3533;20.2854079487843;-0.053253173828125;0.0348052978515625;100 mA
3;3534;20.289477948774;-0.050811767578125;0.034564208984375;100 mA
3;3535;20.2935479487637;-0.048248291015625;0.0343414306640625;100 mA
3;3536;20.2976179487534;-0.045794677734375;0.0340850830078125;100 mA
3;3537;20.3016879487432;-0.0433349609375;0.0338409423828125;100 mA
3;3538;20.3057579487329;-0.0408782958984375;0.0336090087890625;100 mA
3;3539;20.3098279487226;-0.0384613037109375;0.0333892822265625;100 mA
3;3540;20.3138979487123;-0.0359588623046875;0.0331329345703125;100 mA
3;3541;20.3179679487021;-0.033538818359375;0.0329254150390625;100 mA
3;3542;20.3220379486918;-0.0310577392578125;0.032708740234375;100 mA
3;3543;20.3261079486815;-0.0286163330078125;0.03248291015625;100 mA
3;3544;20.3301779486712;-0.026190185546875;0.032257080078125;100 mA
3;3545;20.334247948661;-0.0237335205078125;0.032049560546875;100 mA
3;3546;20.3383179486507;-0.0212860107421875;0.0318389892578125;100 mA
3;3547;20.3423879486404;-0.01883544921875;0.0316314697265625;100 mA
3;3548;20.3464579486301;-0.0163787841796875;0.0314117431640625;100 mA
3;3549;20.3505279486199;-0.013922119140625;0.0312225341796875;100 mA
3;3550;20.3545979486096;-0.0114990234375;0.0310302734375;100 mA
3;3551;20.3586679485993;-0.009033203125;0.03082275390625;100 mA
3;3552;20.362737948589;-0.0065948486328125;0.0306304931640625;100 mA
3;3553;20.3668079485788;-0.00411071777343749;0.030419921875;100 mA
3;3554;20.3708779485685;-0.001666259765625;0.0302398681640625;100 mA
3;3555;20.3749479485582;0.0007781982421875;0.030047607421875;100 mA
4;3556;20.3790179485479;0.0032379150390625;0.029876708984375;100 mA
4;3557;20.3830879485376;0.00569763183593749;0.0296722412109375;100 mA
4;3558;20.3871579485274;0.0081329345703125;0.0295257568359375;100 mA
4;3559;20.3912279485171;0.010577392578125;0.029351806640625;100 mA
4;3560;20.3952979485068;0.013037109375;0.0291412353515625;100 mA
4;3561;20.3993679484965;0.01546630859375;0.0289794921875;100 mA
4;3562;20.4034379484863;0.017926025390625;0.0288116455078125;100 mA
4;3563;20.407507948476;0.0203826904296875;0.0286590576171875;100 mA
4;3564;20.4115779484657;0.022833251953125;0.02850341796875;100 mA
4;3565;20.4156479484554;0.0253021240234375;0.028338623046875;100 mA
4;3566;20.4197179484452;0.0277313232421875;0.028173828125;100 mA
4;3567;20.4237879484349;0.0301849365234375;0.02802734375;100 mA
4;3568;20.4278579484246;0.032659912109375;0.027880859375;100 mA
4;3569;20.4319279484143;0.0350830078125;0.0276947021484375;100 mA
4;3570;20.4359979484041;0.037542724609375;0.02752685546875;100 mA
4;3571;20.4400679483938;0.0399993896484375;0.0274078369140625;100 mA
4;3572;20.4441379483835;0.0424468994140625;0.027239990234375;100 mA
4;3573;20.4482079483732;0.0448974609375;0.0271148681640625;100 mA
4;3574;20.452277948363;0.0473541259765625;0.0269378662109375;100 mA
4;3575;20.4563479483527;0.0498077392578125;0.0268218994140625;100 mA
4;3576;20.4604179483424;0.0521240234375;0.0266632080078125;100 mA
4;3577;20.4644879483321;0.0545654296875;0.0265472412109375;100 mA
4;3578;20.4685579483219;0.05712890625;0.0263946533203125;100 mA
4;3579;20.4726279483116;0.059478759765625;0.02626953125;100 mA
4;3580;20.4766979483013;0.061981201171875;0.026116943359375;100 mA
4;3581;20.480767948291;0.064483642578125;0.0259796142578125;100 mA
4;3582;20.4848379482808;0.06689453125;0.025860595703125;100 mA
4;3583;20.4889079482705;0.06927490234375;0.025732421875;100 mA
4;3584;20.4929779482602;0.07177734375;0.025604248046875;100 mA
4;3585;20.4970479482499;0.07421875;0.02547607421875;100 mA
4;3586;20.5011179482397;0.076690673828125;0.0253448486328125;100 mA
4;3587;20.5051879482294;0.079193115234375;0.025238037109375;100 mA
4;3588;20.5092579482191;0.08160400390625;0.0251068115234375;100 mA
4;3589;20.5133279482088;0.08404541015625;0.02498779296875;100 mA
4;3590;20.5173979481985;0.08642578125;0.02486572265625;100 mA
4;3591;20.5214679481883;0.08892822265625;0.0247589111328125;100 mA
4;3592;20.525537948178;0.091400146484375;0.02464599609375;100 mA
4;3593;20.5296079481677;0.093780517578125;0.0244964599609375;100 mA
4;3594;20.5336779481574;0.096282958984375;0.0244110107421875;100 mA
4;3595;20.5377479481472;0.098724365234375;0.0243011474609375;100 mA
4;3596;20.5418179481369;0.10125732421875;0.0241912841796875;100 mA
4;3597;20.5458879481266;0.103607177734375;0.024053955078125;100 mA
4;3598;20.5499579481163;0.106109619140625;0.02396240234375;100 mA
4;3599;20.5540279481061;0.108642578125;0.023809814453125;100 mA
4;3600;20.5580979480958;0.1109619140625;0.02374267578125;100 mA
4;3601;20.5621679480855;0.113433837890625;0.023663330078125;100 mA
4;3602;20.5662379480752;0.1158447265625;0.0235321044921875;100 mA
4;3603;20.570307948065;0.11834716796875;0.0234222412109375;100 mA
4;3604;20.5743779480547;0.120758056640625;0.02333984375;100 mA
4;3605;20.5784479480444;0.123199462890625;0.0232269287109375;100 mA
4;3606;20.5825179480341;0.125640869140625;0.0231292724609375;100 mA
4;3607;20.5865879480239;0.128082275390625;0.0230438232421875;100 mA
4;3608;20.5906579480136;0.13055419921875;0.0229400634765625;100 mA
4;3609;20.5947279480033;0.133026123046875;0.0228515625;100 mA
4;3610;20.598797947993;0.135498046875;0.022760009765625;100 mA
4;3611;20.6028679479828;0.13787841796875;0.02264404296875;100 mA
4;3612;20.6069379479725;0.140472412109375;0.02257080078125;100 mA
4;3613;20.6110079479622;0.142822265625;0.022491455078125;100 mA
4;3614;20.6150779479519;0.145294189453125;0.0223907470703125;100 mA
4;3615;20.6191479479417;0.14776611328125;0.022283935546875;100 mA
4;3616;20.6232179479314;0.15020751953125;0.02222900390625;100 mA
4;3617;20.6272879479211;0.152679443359375;0.02213134765625;100 mA
4;3618;20.6313579479108;0.15509033203125;0.022052001953125;100 mA
4;3619;20.6354279479006;0.15753173828125;0.0219482421875;100 mA
4;3620;20.6394979478903;0.159942626953125;0.02188720703125;100 mA
4;3621;20.64356794788;0.16241455078125;0.021807861328125;100 mA
4;3622;20.6476379478697;0.164886474609375;0.0217132568359375;100 mA
4;3623;20.6517079478594;0.167388916015625;0.0216278076171875;100 mA
4;3624;20.6557779478492;0.169830322265625;0.0215606689453125;100 mA
4;3625;20.6598479478389;0.172271728515625;0.02147216796875;100 mA
4;3626;20.6639179478286;0.1746826171875;0.0213897705078125;100 mA
4;3627;20.6679879478183;0.1771240234375;0.0213104248046875;100 mA
4;3628;20.6720579478081;0.17962646484375;0.0212554931640625;100 mA
4;3629;20.6761279477978;0.18206787109375;0.021160888671875;100 mA
4;3630;20.6801979477875;0.1844482421875;0.02108154296875;100 mA
4;3631;20.6842679477772;0.18695068359375;0.0210235595703125;100 mA
4;3632;20.688337947767;0.18939208984375;0.0209564208984375;100 mA
4;3633;20.6924079477567;0.191864013671875;0.0208740234375;100 mA
4;3634;20.6964779477464;0.194305419921875;0.02081298828125;100 mA
4;3635;20.7005479477361;0.196807861328125;0.020745849609375;100 mA
4;3636;20.7046179477259;0.199249267578125;0.0206756591796875;100 mA
4;3637;20.7086879477156;0.201690673828125;0.020599365234375;100 mA
4;3638;20.7127579477053;0.204071044921875;0.0205322265625;100 mA
4;3639;20.716827947695;0.20654296875;0.020458984375;100 mA
4;3640;20.7208979476848;0.208953857421875;0.0204132080078125;100 mA
4;3641;20.7249679476745;0.211456298828125;0.0203277587890625;100 mA
4;3642;20.7290379476642;0.2139892578125;0.020257568359375;100 mA
4;3643;20.7331079476539;0.216339111328125;0.0201995849609375;100 mA
4;3644;20.7371779476437;0.21881103515625;0.0201324462890625;100 mA
4;3645;20.7412479476334;0.221221923828125;0.020086669921875;100 mA
4;3646;20.7453179476231;0.22369384765625;0.0200103759765625;100 mA
4;3647;20.7493879476128;0.2261962890625;0.019940185546875;100 mA
4;3648;20.7534579476026;0.2286376953125;0.019921875;100 mA
4;3649;20.7575279475923;0.23114013671875;0.01982421875;100 mA
4;3650;20.761597947582;0.233489990234375;0.0197265625;100 mA
4;3651;20.7656679475717;0.2359619140625;0.0197235107421875;100 mA
4;3652;20.7697379475615;0.23846435546875;0.0196624755859375;100 mA
4;3653;20.7738079475512;0.2408447265625;0.0196044921875;100 mA
4;3654;20.7778779475409;0.24334716796875;0.0195465087890625;100 mA
4;3655;20.7819479475306;0.24578857421875;0.019482421875;100 mA
4;3656;20.7860179475203;0.248199462890625;0.019427490234375;100 mA
4;3657;20.7900879475101;0.2506103515625;0.0193817138671875;100 mA
4;3658;20.7941579474998;0.253082275390625;0.01932373046875;100 mA
4;3659;20.7982279474895;0.25555419921875;0.0192596435546875;100 mA
4;3660;20.8022979474792;0.258087158203125;0.0191986083984375;100 mA
4;3661;20.806367947469;0.260467529296875;0.0191650390625;100 mA
4;3662;20.8104379474587;0.26287841796875;0.019110107421875;100 mA
4;3663;20.8145079474484;0.265380859375;0.01904296875;100 mA
4;3664;20.8185779474381;0.267791748046875;0.018994140625;100 mA
4;3665;20.8226479474279;0.270233154296875;0.0189605712890625;100 mA
4;3666;20.8267179474176;0.272735595703125;0.0188995361328125;100 mA
4;3667;20.8307879474073;0.27520751953125;0.0188507080078125;100 mA
4;3668;20.834857947397;0.27764892578125;0.01878662109375;100 mA
4;3669;20.8389279473868;0.280120849609375;0.018756103515625;100 mA
4;3670;20.8429979473765;0.282562255859375;0.018707275390625;100 mA
4;3671;20.8470679473662;0.285003662109375;0.0186431884765625;100 mA
4;3672;20.8511379473559;0.28741455078125;0.018572998046875;100 mA
4;3673;20.8552079473457;0.28985595703125;0.0185516357421875;100 mA
4;3674;20.8592779473354;0.292327880859375;0.0184844970703125;100 mA
4;3675;20.8633479473251;0.294830322265625;0.01844482421875;100 mA
4;3676;20.8674179473148;0.29730224609375;0.01839599609375;100 mA
4;3677;20.8714879473046;0.29962158203125;0.0183502197265625;100 mA
4;3678;20.8755579472943;0.3021240234375;0.0183013916015625;100 mA
4;3679;20.879627947284;0.3045654296875;0.01824951171875;100 mA
4;3680;20.8836979472737;0.307037353515625;0.0181915283203125;100 mA
4;3681;20.8877679472635;0.3095703125;0.0181488037109375;100 mA
4;3682;20.8918379472532;0.311981201171875;0.0181182861328125;100 mA
4;3683;20.8959079472429;0.314422607421875;0.0180511474609375;100 mA
4;3684;20.8999779472326;0.316864013671875;0.01800537109375;100 mA
4;3685;20.9040479472224;0.3193359375;0.017974853515625;100 mA
4;3686;20.9081179472121;0.32177734375;0.017913818359375;100 mA
4;3687;20.9121879472018;0.324188232421875;0.017877197265625;100 mA
4;3688;20.9162579471915;0.32672119140625;0.01783447265625;100 mA
4;3689;20.9203279471812;0.329132080078125;0.017779541015625;100 mA
4;3690;20.924397947171;0.331573486328125;0.0177459716796875;100 mA
4;3691;20.9284679471607;0.333984375;0.0176910400390625;100 mA
4;3692;20.9325379471504;0.336456298828125;0.017645263671875;100 mA
4;3693;20.9366079471401;0.33892822265625;0.01761474609375;100 mA
4;3694;20.9406779471299;0.34136962890625;0.017559814453125;100 mA
4;3695;20.9447479471196;0.34381103515625;0.0175048828125;100 mA
4;3696;20.9488179471093;0.3463134765625;0.0174652099609375;100 mA
4;3697;20.952887947099;0.348663330078125;0.01744384765625;100 mA
4;3698;20.9569579470888;0.351165771484375;0.01739501953125;100 mA
4;3699;20.9610279470785;0.353607177734375;0.0173492431640625;100 mA
4;3700;20.9650979470682;0.35614013671875;0.017291259765625;100 mA
4;3701;20.9691679470579;0.3585205078125;0.0172637939453125;100 mA
4;3702;20.9732379470477;0.3609619140625;0.0172271728515625;100 mA
4;3703;20.9773079470374;0.3634033203125;0.017181396484375;100 mA
4;3704;20.9813779470271;0.365875244140625;0.017132568359375;100 mA
4;3705;20.9854479470168;0.368316650390625;0.0170867919921875;100 mA
4;3706;20.9895179470066;0.370758056640625;0.01707763671875;100 mA
4;3707;20.9935879469963;0.37322998046875;0.0170257568359375;100 mA
4;3708;20.997657946986;0.375701904296875;0.0169769287109375;100 mA
4;3709;21.0017279469757;0.37811279296875;0.016937255859375;100 mA
4;3710;21.0057979469655;0.38055419921875;0.01690673828125;100 mA
4;3711;21.0098679469552;0.38299560546875;0.0168853759765625;100 mA
4;3712;21.0139379469449;0.385467529296875;0.0168365478515625;100 mA
4;3713;21.0180079469346;0.387939453125;0.016790771484375;100 mA
4;3714;21.0220779469244;0.390350341796875;0.0167816162109375;100 mA
4;3715;21.0261479469141;0.392822265625;0.01673583984375;100 mA
4;3716;21.0302179469038;0.395233154296875;0.0166900634765625;100 mA
4;3717;21.0342879468935;0.397735595703125;0.016650390625;100 mA
4;3718;21.0383579468833;0.400177001953125;0.0166107177734375;100 mA
4;3719;21.042427946873;0.402618408203125;0.016583251953125;100 mA
4;3720;21.0464979468627;0.405029296875;0.0165679931640625;100 mA
4;3721;21.0505679468524;0.407562255859375;0.01651611328125;100 mA
4;3722;21.0546379468421;0.409942626953125;0.016485595703125;100 mA
4;3723;21.0587079468319;0.412384033203125;0.0164581298828125;100 mA
4;3724;21.0627779468216;0.414886474609375;0.0164276123046875;100 mA
4;3725;21.0668479468113;0.41729736328125;0.01639404296875;100 mA
4;3726;21.070917946801;0.41973876953125;0.0163818359375;100 mA
4;3727;21.0749879467908;0.4222412109375;0.016339111328125;100 mA
4;3728;21.0790579467805;0.42462158203125;0.016302490234375;100 mA
4;3729;21.0831279467702;0.427093505859375;0.0162811279296875;100 mA
4;3730;21.0871979467599;0.4295654296875;0.016278076171875;100 mA
4;3731;21.0912679467497;0.432037353515625;0.0162261962890625;100 mA
4;3732;21.0953379467394;0.434539794921875;0.0161956787109375;100 mA
4;3733;21.0994079467291;0.43695068359375;0.016168212890625;100 mA
4;3734;21.1034779467188;0.43939208984375;0.016156005859375;100 mA
4;3735;21.1075479467086;0.441802978515625;0.016131591796875;100 mA
4;3736;21.1116179466983;0.444305419921875;0.0160980224609375;100 mA
4;3737;21.115687946688;0.44677734375;0.016070556640625;100 mA
4;3738;21.1197579466777;0.4482421875;0.015081787109375;100 mA
4;3739;21.1238279466675;0.445648193359375;0.0146636962890625;100 mA
4;3740;21.1278979466572;0.4432373046875;0.0143951416015625;100 mA
4;3741;21.1319679466469;0.44085693359375;0.0141571044921875;100 mA
4;3742;21.1360379466366;0.438446044921875;0.013970947265625;100 mA
4;3743;21.1401079466264;0.435943603515625;0.0137969970703125;100 mA
4;3744;21.1441779466161;0.433441162109375;0.0136322021484375;100 mA
4;3745;21.1482479466058;0.43109130859375;0.013470458984375;100 mA
4;3746;21.1523179465955;0.42852783203125;0.0133514404296875;100 mA
4;3747;21.1563879465853;0.4261474609375;0.0132354736328125;100 mA
4;3748;21.160457946575;0.423675537109375;0.013104248046875;100 mA
4;3749;21.1645279465647;0.421295166015625;0.0129730224609375;100 mA
4;3750;21.1685979465544;0.4188232421875;0.0128814697265625;100 mA
4;3751;21.1726679465442;0.416351318359375;0.0127777099609375;100 mA
4;3752;21.1767379465339;0.413970947265625;0.01268310546875;100 mA
4;3753;21.1808079465236;0.4114990234375;0.012579345703125;100 mA
4;3754;21.1848779465133;0.409088134765625;0.012481689453125;100 mA
4;3755;21.188947946503;0.406585693359375;0.0123992919921875;100 mA
4;3756;21.1930179464928;0.404205322265625;0.0123260498046875;100 mA
4;3757;21.1970879464825;0.401702880859375;0.01221923828125;100 mA
4;3758;21.2011579464722;0.399322509765625;0.0121307373046875;100 mA
4;3759;21.2052279464619;0.396881103515625;0.0120697021484375;100 mA
4;3760;21.2092979464517;0.3944091796875;0.0119964599609375;100 mA
4;3761;21.2133679464414;0.3919677734375;0.0119140625;100 mA
4;3762;21.2174379464311;0.3895263671875;0.011846923828125;100 mA
4;3763;21.2215079464208;0.387054443359375;0.0117706298828125;100 mA
4;3764;21.2255779464106;0.3846435546875;0.0117095947265625;100 mA
4;3765;21.2296479464003;0.3822021484375;0.01163330078125;100 mA
4;3766;21.23371794639;0.379730224609375;0.0115753173828125;100 mA
4;3767;21.2377879463797;0.3773193359375;0.011505126953125;100 mA
4;3768;21.2418579463695;0.374847412109375;0.01146240234375;100 mA
4;3769;21.2459279463592;0.37237548828125;0.0113677978515625;100 mA
4;3770;21.2499979463489;0.3699951171875;0.011334228515625;100 mA
4;3771;21.2540679463386;0.367584228515625;0.01124267578125;100 mA
4;3772;21.2581379463284;0.3651123046875;0.011199951171875;100 mA
4;3773;21.2622079463181;0.36260986328125;0.011181640625;100 mA
4;3774;21.2662779463078;0.360198974609375;0.0110870361328125;100 mA
4;3775;21.2703479462975;0.357818603515625;0.011029052734375;100 mA
4;3776;21.2744179462873;0.35528564453125;0.0109710693359375;100 mA
4;3777;21.278487946277;0.352935791015625;0.010919189453125;100 mA
4;3778;21.2825579462667;0.3504638671875;0.0108734130859375;100 mA
4;3779;21.2866279462564;0.347991943359375;0.0108154296875;100 mA
4;3780;21.2906979462462;0.345489501953125;0.010791015625;100 mA
4;3781;21.2947679462359;0.343109130859375;0.010723876953125;100 mA
4;3782;21.2988379462256;0.34063720703125;0.0106781005859375;100 mA
4;3783;21.3029079462153;0.338226318359375;0.0106170654296875;100 mA
4;3784;21.3069779462051;0.335845947265625;0.0105865478515625;100 mA
4;3785;21.3110479461948;0.33331298828125;0.0105438232421875;100 mA
4;3786;21.3151179461845;0.330902099609375;0.0104888916015625;100 mA
4;3787;21.3191879461742;0.328460693359375;0.01043701171875;100 mA
4;3788;21.3232579461639;0.326019287109375;0.010400390625;100 mA
4;3789;21.3273279461537;0.32354736328125;0.010345458984375;100 mA
4;3790;21.3313979461434;0.32110595703125;0.010302734375;100 mA
4;3791;21.3354679461331;0.3187255859375;0.0102447509765625;100 mA
4;3792;21.3395379461228;0.31622314453125;0.0102264404296875;100 mA
4;3793;21.3436079461126;0.31378173828125;0.0101959228515625;100 mA
4;3794;21.3476779461023;0.311370849609375;0.0101226806640625;100 mA
4;3795;21.351747946092;0.3089599609375;0.01007080078125;100 mA
4;3796;21.3558179460817;0.306488037109375;0.0100494384765625;100 mA
4;3797;21.3598879460715;0.30401611328125;0.0100189208984375;100 mA
4;3798;21.3639579460612;0.301544189453125;0.0099639892578125;100 mA
4;3799;21.3680279460509;0.299163818359375;0.009912109375;100 mA
4;3800;21.3720979460406;0.296661376953125;0.0098846435546875;100 mA
4;3801;21.3761679460304;0.294219970703125;0.009844970703125;100 mA
4;3802;21.3802379460201;0.291748046875;0.0097900390625;100 mA
4;3803;21.3843079460098;0.289337158203125;0.0097503662109375;100 mA
4;3804;21.3883779459995;0.286895751953125;0.009710693359375;100 mA
4;3805;21.3924479459893;0.28448486328125;0.0096923828125;100 mA
4;3806;21.396517945979;0.28204345703125;0.0096435546875;100 mA
4;3807;21.4005879459687;0.279632568359375;0.0096160888671875;100 mA
4;3808;21.4046579459584;0.27716064453125;0.0095733642578125;100 mA
4;3809;21.4087279459482;0.27471923828125;0.009527587890625;100 mA
4;3810;21.4127979459379;0.272186279296875;0.0094879150390625;100 mA
4;3811;21.4168679459276;0.269805908203125;0.0094696044921875;100 mA
4;3812;21.4209379459173;0.267364501953125;0.0094146728515625;100 mA
4;3813;21.4250079459071;0.264892578125;0.009375;100 mA
4;3814;21.4290779458968;0.262481689453125;0.0093292236328125;100 mA
4;3815;21.4331479458865;0.26007080078125;0.0093048095703125;100 mA
4;3816;21.4372179458762;0.257659912109375;0.0092742919921875;100 mA
4;3817;21.441287945866;0.255157470703125;0.0092315673828125;100 mA
4;3818;21.4453579458557;0.25274658203125;0.00919189453125;100 mA
4;3819;21.4494279458454;0.250274658203125;0.0091644287109375;100 mA
4;3820;21.4534979458351;0.24786376953125;0.0091094970703125;100 mA
4;3821;21.4575679458248;0.245391845703125;0.009088134765625;100 mA
4;3822;21.4616379458146;0.242950439453125;0.0090179443359375;100 mA
4;3823;21.4657079458043;0.240478515625;0.009014892578125;100 mA
4;3824;21.469777945794;0.238067626953125;0.008953857421875;100 mA
4;3825;21.4738479457837;0.235626220703125;0.00894775390625;100 mA
4;3826;21.4779179457735;0.23321533203125;0.0089080810546875;100 mA
4;3827;21.4819879457632;0.230743408203125;0.00887451171875;100 mA
4;3828;21.4860579457529;0.228302001953125;0.008843994140625;100 mA
4;3829;21.4901279457426;0.225830078125;0.0088165283203125;100 mA
4;3830;21.4941979457324;0.223419189453125;0.008782958984375;100 mA
4;3831;21.4982679457221;0.220916748046875;0.0087493896484375;100 mA
4;3832;21.5023379457118;0.218536376953125;0.0087066650390625;100 mA
4;3833;21.5064079457015;0.216094970703125;0.008660888671875;100 mA
4;3834;21.5104779456913;0.21368408203125;0.0086456298828125;100 mA
4;3835;21.514547945681;0.211212158203125;0.008599853515625;100 mA
4;3836;21.5186179456707;0.208770751953125;0.008551025390625;100 mA
4;3837;21.5226879456604;0.206329345703125;0.008538818359375;100 mA
4;3838;21.5267579456502;0.20391845703125;0.008502197265625;100 mA
4;3839;21.5308279456399;0.201446533203125;0.008465576171875;100 mA
4;3840;21.5348979456296;0.198944091796875;0.00843505859375;100 mA
4;3841;21.5389679456193;0.19659423828125;0.0084136962890625;100 mA
4;3842;21.5430379456091;0.194061279296875;0.0083648681640625;100 mA
4;3843;21.5471079455988;0.191650390625;0.0083221435546875;100 mA
4;3844;21.5511779455885;0.189208984375;0.0083038330078125;100 mA
4;3845;21.5552479455782;0.186737060546875;0.0082763671875;100 mA
4;3846;21.559317945568;0.18438720703125;0.0082427978515625;100 mA
4;3847;21.5633879455577;0.181915283203125;0.008209228515625;100 mA
4;3848;21.5674579455474;0.179443359375;0.0081695556640625;100 mA
4;3849;21.5715279455371;0.177032470703125;0.008135986328125;100 mA
4;3850;21.5755979455269;0.174530029296875;0.008099365234375;100 mA
4;3851;21.5796679455166;0.172149658203125;0.0080657958984375;100 mA
4;3852;21.5837379455063;0.169647216796875;0.0080352783203125;100 mA
4;3853;21.587807945496;0.167205810546875;0.00802001953125;100 mA
4;3854;21.5918779454857;0.16473388671875;0.0079833984375;100 mA
4;3855;21.5959479454755;0.162322998046875;0.0079193115234375;100 mA
4;3856;21.6000179454652;0.159881591796875;0.00791015625;100 mA
4;3857;21.6040879454549;0.157501220703125;0.0078826904296875;100 mA
4;3858;21.6081579454446;0.155029296875;0.0078521728515625;100 mA
4;3859;21.6122279454344;0.152587890625;0.007818603515625;100 mA
4;3860;21.6162979454241;0.150146484375;0.0077880859375;100 mA
4;3861;21.6203679454138;0.147735595703125;0.0077545166015625;100 mA
4;3862;21.6244379454035;0.145233154296875;0.007733154296875;100 mA
4;3863;21.6285079453933;0.142822265625;0.0076934814453125;100 mA
4;3864;21.632577945383;0.140350341796875;0.007659912109375;100 mA
4;3865;21.6366479453727;0.137908935546875;0.0076416015625;100 mA
4;3866;21.6407179453624;0.135528564453125;0.0076171875;100 mA
4;3867;21.6447879453522;0.133056640625;0.0075653076171875;100 mA
4;3868;21.6488579453419;0.13055419921875;0.007537841796875;100 mA
4;3869;21.6529279453316;0.128173828125;0.0075439453125;100 mA
4;3870;21.6569979453213;0.125701904296875;0.007470703125;100 mA
4;3871;21.6610679453111;0.12335205078125;0.00743408203125;100 mA
4;3872;21.6651379453008;0.12078857421875;0.0074066162109375;100 mA
4;3873;21.6692079452905;0.118377685546875;0.007391357421875;100 mA
4;3874;21.6732779452802;0.11602783203125;0.0073577880859375;100 mA
4;3875;21.67734794527;0.113494873046875;0.0073211669921875;100 mA
4;3876;21.6814179452597;0.111114501953125;0.0072906494140625;100 mA
4;3877;21.6854879452494;0.108673095703125;0.0072540283203125;100 mA
4;3878;21.6895579452391;0.106231689453125;0.00723876953125;100 mA
4;3879;21.6936279452289;0.103759765625;0.007196044921875;100 mA
4;3880;21.6976979452186;0.101287841796875;0.007159423828125;100 mA
4;3881;21.7017679452083;0.098846435546875;0.00712890625;100 mA
4;3882;21.705837945198;0.09637451171875;0.0071044921875;100 mA
4;3883;21.7099079451878;0.093994140625;0.0070831298828125;100 mA
4;3884;21.7139779451775;0.091522216796875;0.00703125;100 mA
4;3885;21.7180479451672;0.089080810546875;0.0069915771484375;100 mA
4;3886;21.7221179451569;0.086700439453125;0.0069732666015625;100 mA
4;3887;21.7261879451466;0.08416748046875;0.0069427490234375;100 mA
4;3888;21.7302579451364;0.081817626953125;0.0069122314453125;100 mA
4;3889;21.7343279451261;0.07928466796875;0.006866455078125;100 mA
4;3890;21.7383979451158;0.076904296875;0.00684814453125;100 mA
4;3891;21.7424679451055;0.07452392578125;0.0068084716796875;100 mA
4;3892;21.7465379450953;0.071990966796875;0.0067718505859375;100 mA
4;3893;21.750607945085;0.069549560546875;0.00673828125;100 mA
4;3894;21.7546779450747;0.067138671875;0.006695556640625;100 mA
4;3895;21.7587479450644;0.064666748046875;0.0066741943359375;100 mA
4;3896;21.7628179450542;0.062255859375;0.0066436767578125;100 mA
4;3897;21.7668879450439;0.059814453125;0.0065765380859375;100 mA
4;3898;21.7709579450336;0.057342529296875;0.006549072265625;100 mA
4;3899;21.7750279450233;0.054931640625;0.006524658203125;100 mA
4;3900;21.7790979450131;0.052459716796875;0.006475830078125;100 mA
4;3901;21.7831679450028;0.049957275390625;0.0064544677734375;100 mA
4;3902;21.7872379449925;0.047576904296875;0.0064239501953125;100 mA
4;3903;21.7913079449822;0.045147705078125;0.00638427734375;100 mA
4;3904;21.795377944972;0.04271240234375;0.0063323974609375;100 mA
4;3905;21.7994479449617;0.040264892578125;0.0062896728515625;100 mA
4;3906;21.8035179449514;0.037823486328125;0.0062591552734375;100 mA
4;3907;21.8075879449411;0.0354156494140625;0.00621337890625;100 mA
4;3908;21.8116579449309;0.032928466796875;0.006170654296875;100 mA
4;3909;21.8157279449206;0.03050537109375;0.0061279296875;100 mA
4;3910;21.8197979449103;0.028057861328125;0.0060943603515625;100 mA
4;3911;21.8238679449;0.0256134033203125;0.0060638427734375;100 mA
4;3912;21.8279379448898;0.0231842041015625;0.0060211181640625;100 mA
4;3913;21.8320079448795;0.0207122802734375;0.0059600830078125;100 mA
4;3914;21.8360779448692;0.0182830810546875;0.0059295654296875;100 mA
4;3915;21.8401479448589;0.0158416748046875;0.0058624267578125;100 mA
4;3916;21.8442179448487;0.0134063720703125;0.005841064453125;100 mA
4;3917;21.8482879448384;0.010955810546875;0.005780029296875;100 mA
4;3918;21.8523579448281;0.008526611328125;0.005731201171875;100 mA
4;3919;21.8564279448178;0.00606689453125001;0.0056976318359375;100 mA
4;3920;21.8604979448075;0.0036590576171875;0.0056304931640625;100 mA
4;3921;21.8645679447973;0.00122680664062499;0.0055999755859375;100 mA
4;3922;21.868637944787;-0.0012542724609375;0.005517578125;100 mA
4;3923;21.8727079447767;-0.003680419921875;0.0054779052734375;100 mA
4;3924;21.8767779447664;-0.0061614990234375;0.0054443359375;100 mA
4;3925;21.8808479447562;-0.00859375;0.0053741455078125;100 mA
4;3926;21.8849179447459;-0.0110015869140625;0.0052825927734375;100 mA
4;3927;21.8889879447356;-0.0134429931640625;0.005255126953125;100 mA
4;3928;21.8930579447253;-0.0158966064453125;0.0051910400390625;100 mA
4;3929;21.8971279447151;-0.0183380126953125;0.0051239013671875;100 mA
4;3930;21.9011979447048;-0.020782470703125;0.005072021484375;100 mA
4;3931;21.9052679446945;-0.0232269287109375;0.005029296875;100 mA
4;3932;21.9093379446842;-0.0256744384765625;0.004949951171875;100 mA
4;3933;21.913407944674;-0.0281280517578125;0.00488555908203125;100 mA
4;3934;21.9174779446637;-0.030523681640625;0.00481201171875;100 mA
4;3935;21.9215479446534;-0.032977294921875;0.00476165771484375;100 mA
4;3936;21.9256179446431;-0.03541259765625;0.00467681884765625;100 mA
4;3937;21.9296879446329;-0.0378662109375;0.00460174560546875;100 mA
4;3938;21.9337579446226;-0.0403106689453125;0.0045172119140625;100 mA
4;3939;21.9378279446123;-0.0427703857421875;0.00447540283203125;100 mA
4;3940;21.941897944602;-0.0451904296875;0.00437774658203125;100 mA
4;3941;21.9459679445918;-0.04764404296875;0.00426788330078125;100 mA
4;3942;21.9500379445815;-0.050048828125;0.00420654296875;100 mA
4;3943;21.9541079445712;-0.052490234375;0.00408843994140625;100 mA
4;3944;21.9581779445609;-0.054962158203125;0.00401611328125;100 mA
4;3945;21.9622479445507;-0.057373046875;0.00396148681640625;100 mA
4;3946;21.9663179445404;-0.059844970703125;0.0038262939453125;100 mA
4;3947;21.9703879445301;-0.062286376953125;0.0037158203125;100 mA
4;3948;21.9744579445198;-0.06475830078125;0.003643798828125;100 mA
4;3949;21.9785279445096;-0.067169189453125;0.0035308837890625;100 mA
4;3950;21.9825979444993;-0.0697021484375;0.00342620849609375;100 mA
4;3951;21.986667944489;-0.07208251953125;0.00330718994140625;100 mA
4;3952;21.9907379444787;-0.074554443359375;0.00320159912109375;100 mA
4;3953;21.9948079444684;-0.076995849609375;0.003087158203125;100 mA
4;3954;21.9988779444582;-0.0794677734375;0.00295318603515625;100 mA
4;3955;22.0029479444479;-0.08184814453125;0.0028253173828125;100 mA
4;3956;22.0070179444376;-0.08428955078125;0.0027117919921875;100 mA
4;3957;22.0110879444273;-0.086761474609375;0.002578125;100 mA
4;3958;22.0151579444171;-0.089202880859375;0.00242156982421875;100 mA
4;3959;22.0192279444068;-0.0916748046875;0.00228668212890625;100 mA
4;3960;22.0232979443965;-0.094024658203125;0.00215911865234375;100 mA
4;3961;22.0273679443862;-0.096527099609375;0.00199737548828125;100 mA
4;3962;22.031437944376;-0.09893798828125;0.00183807373046875;100 mA
4;3963;22.0355079443657;-0.10137939453125;0.00166290283203125;100 mA
4;3964;22.0395779443554;-0.103790283203125;0.00151031494140625;100 mA
4;3965;22.0436479443451;-0.106292724609375;0.0013555908203125;100 mA
4;3966;22.0477179443349;-0.108642578125;0.0011431884765625;100 mA
4;3967;22.0517879443246;-0.1112060546875;0.00094635009765625;100 mA
4;3968;22.0558579443143;-0.11358642578125;0.00078277587890625;100 mA
4;3969;22.059927944304;-0.11602783203125;0.00057373046875;100 mA
4;3970;22.0639979442938;-0.118408203125;0.000350036621093749;100 mA
4;3971;22.0680679442835;-0.120941162109375;0.000141296386718751;100 mA
4;3972;22.0721379442732;-0.123321533203125;-7.32421875E-05;100 mA
4;3973;22.0762079442629;-0.12579345703125;-0.00028045654296875;100 mA
4;3974;22.0802779442527;-0.12823486328125;-0.000544128417968751;100 mA
4;3975;22.0843479442424;-0.1307373046875;-0.0008087158203125;100 mA
4;3976;22.0884179442321;-0.133148193359375;-0.00102691650390625;100 mA
4;3977;22.0924879442218;-0.135528564453125;-0.0013006591796875;100 mA
4;3978;22.0965579442116;-0.13800048828125;-0.00156280517578125;100 mA
4;3979;22.1006279442013;-0.140411376953125;-0.00188385009765625;100 mA
4;3980;22.104697944191;-0.1429443359375;-0.0021490478515625;100 mA
4;3981;22.1087679441807;-0.14532470703125;-0.00246185302734375;100 mA
4;3982;22.1128379441705;-0.14776611328125;-0.00282135009765625;100 mA
4;3983;22.1169079441602;-0.150238037109375;-0.00310455322265625;100 mA
4;3984;22.1209779441499;-0.15264892578125;-0.003397216796875;100 mA
4;3985;22.1250479441396;-0.15509033203125;-0.0037701416015625;100 mA
4;3986;22.1291179441293;-0.157501220703125;-0.00416351318359375;100 mA
4;3987;22.1331879441191;-0.159942626953125;-0.0045306396484375;100 mA
4;3988;22.1372579441088;-0.162384033203125;-0.00489654541015625;100 mA
4;3989;22.1413279440985;-0.164825439453125;-0.0052947998046875;100 mA
4;3990;22.1453979440882;-0.167327880859375;-0.0057281494140625;100 mA
4;3991;22.149467944078;-0.169708251953125;-0.006146240234375;100 mA
4;3992;22.1535379440677;-0.1722412109375;-0.006488037109375;100 mA
4;3993;22.1576079440574;-0.17462158203125;-0.0070343017578125;100 mA
4;3994;22.1616779440471;-0.177032470703125;-0.0076171875;100 mA
4;3995;22.1657479440369;-0.17950439453125;-0.0079803466796875;100 mA
4;3996;22.1698179440266;-0.1820068359375;-0.0084442138671875;100 mA
4;3997;22.1738879440163;-0.1844482421875;-0.008941650390625;100 mA
4;3998;22.177957944006;-0.186859130859375;-0.009454345703125;100 mA
4;3999;22.1820279439958;-0.18927001953125;-0.0100677490234375;100 mA
4;4000;22.1860979439855;-0.191741943359375;-0.0106414794921875;100 mA
4;4001;22.1901679439752;-0.194183349609375;-0.01116943359375;100 mA
4;4002;22.1942379439649;-0.196624755859375;-0.0117828369140625;100 mA
4;4003;22.1983079439547;-0.199005126953125;-0.012457275390625;100 mA
4;4004;22.2023779439444;-0.201507568359375;-0.013104248046875;100 mA
4;4005;22.2064479439341;-0.20391845703125;-0.0136962890625;100 mA
4;4006;22.2105179439238;-0.206390380859375;-0.0143707275390625;100 mA
4;4007;22.2145879439136;-0.208831787109375;-0.015093994140625;100 mA
4;4008;22.2186579439033;-0.211273193359375;-0.0158050537109375;100 mA
4;4009;22.222727943893;-0.213653564453125;-0.016461181640625;100 mA
4;4010;22.2267979438827;-0.21612548828125;-0.0172271728515625;100 mA
4;4011;22.2308679438725;-0.21856689453125;-0.018048095703125;100 mA
4;4012;22.2349379438622;-0.22100830078125;-0.0188385009765625;100 mA
4;4013;22.2390079438519;-0.2235107421875;-0.0195892333984375;100 mA
4;4014;22.2430779438416;-0.225860595703125;-0.02039794921875;100 mA
4;4015;22.2471479438314;-0.228302001953125;-0.0212860107421875;100 mA
4;4016;22.2512179438211;-0.230804443359375;-0.0222015380859375;100 mA
4;4017;22.2552879438108;-0.23321533203125;-0.0229736328125;100 mA
4;4018;22.2593579438005;-0.235595703125;-0.0238616943359375;100 mA
4;4019;22.2634279437902;-0.23809814453125;-0.0248138427734375;100 mA
4;4020;22.26749794378;-0.24053955078125;-0.0257965087890625;100 mA
4;4021;22.2715679437697;-0.2430419921875;-0.026690673828125;100 mA
4;4022;22.2756379437594;-0.245391845703125;-0.02764892578125;100 mA
4;4023;22.2797079437491;-0.24786376953125;-0.028692626953125;100 mA
4;4024;22.2837779437389;-0.25030517578125;-0.0296356201171875;100 mA
4;4025;22.2878479437286;-0.252838134765625;-0.0305419921875;100 mA
4;4026;22.2919179437183;-0.255126953125;-0.031634521484375;100 mA
4;4027;22.295987943708;-0.25762939453125;-0.0327239990234375;100 mA
4;4028;22.3000579436978;-0.260040283203125;-0.0337493896484375;100 mA
4;4029;22.3041279436875;-0.26251220703125;-0.0347564697265625;100 mA
4;4030;22.3081979436772;-0.264984130859375;-0.035784912109375;100 mA
4;4031;22.3122679436669;-0.267303466796875;-0.036895751953125;100 mA
4;4032;22.3163379436567;-0.26983642578125;-0.0380157470703125;100 mA
4;4033;22.3204079436464;-0.272247314453125;-0.039056396484375;100 mA
4;4034;22.3244779436361;-0.27471923828125;-0.0399566650390625;100 mA
4;4035;22.3285479436258;-0.277099609375;-0.041156005859375;100 mA
4;4036;22.3326179436156;-0.27960205078125;-0.042327880859375;100 mA
4;4037;22.3366879436053;-0.281951904296875;-0.043341064453125;100 mA
4;4038;22.340757943595;-0.284454345703125;-0.04434814453125;100 mA
4;4039;22.3448279435847;-0.286834716796875;-0.045458984375;100 mA
4;4040;22.3488979435745;-0.28936767578125;-0.0466278076171875;100 mA
4;4041;22.3529679435642;-0.291717529296875;-0.0474822998046875;100 mA
4;4042;22.3570379435539;-0.294189453125;-0.0485809326171875;100 mA
4;4043;22.3611079435436;-0.296600341796875;-0.04970703125;100 mA
4;4044;22.3651779435334;-0.299072265625;-0.05072021484375;100 mA
4;4045;22.3692479435231;-0.301605224609375;-0.051666259765625;100 mA
4;4046;22.3733179435128;-0.303924560546875;-0.05267333984375;100 mA
4;4047;22.3773879435025;-0.306488037109375;-0.0535888671875;100 mA
4;4048;22.3814579434923;-0.308868408203125;-0.0546875;100 mA
4;4049;22.385527943482;-0.31134033203125;-0.055633544921875;100 mA
4;4050;22.3895979434717;-0.31378173828125;-0.056396484375;100 mA
4;4051;22.3936679434614;-0.316192626953125;-0.057220458984375;100 mA
4;4052;22.3977379434511;-0.318634033203125;-0.058258056640625;100 mA
4;4053;22.4018079434409;-0.321044921875;-0.05908203125;100 mA
4;4054;22.4058779434306;-0.32354736328125;-0.05975341796875;100 mA
4;4055;22.4099479434203;-0.325958251953125;-0.060546875;100 mA
4;4056;22.41401794341;-0.328399658203125;-0.0614013671875;100 mA
4;4057;22.4180879433998;-0.330841064453125;-0.062103271484375;100 mA
4;4058;22.4221579433895;-0.333282470703125;-0.062652587890625;100 mA
4;4059;22.4262279433792;-0.335723876953125;-0.063323974609375;100 mA
4;4060;22.4302979433689;-0.338134765625;-0.064056396484375;100 mA
4;4061;22.4343679433587;-0.340606689453125;-0.06463623046875;100 mA
4;4062;22.4384379433484;-0.343048095703125;-0.065032958984375;100 mA
4;4063;22.4425079433381;-0.345489501953125;-0.065643310546875;100 mA
4;4064;22.4465779433278;-0.347930908203125;-0.066192626953125;100 mA
4;4065;22.4506479433176;-0.350372314453125;-0.066619873046875;100 mA
4;4066;22.4547179433073;-0.352874755859375;-0.0670166015625;100 mA
4;4067;22.458787943297;-0.355255126953125;-0.067352294921875;100 mA
4;4068;22.4628579432867;-0.357666015625;-0.067596435546875;100 mA
4;4069;22.4669279432765;-0.36016845703125;-0.068084716796875;100 mA
4;4070;22.4709979432662;-0.362548828125;-0.06829833984375;100 mA
4;4071;22.4750679432559;-0.36505126953125;-0.06854248046875;100 mA
4;4072;22.4791379432456;-0.367462158203125;-0.068817138671875;100 mA
4;4073;22.4832079432354;-0.36993408203125;-0.069000244140625;100 mA
4;4074;22.4872779432251;-0.372283935546875;-0.069061279296875;100 mA
4;4075;22.4913479432148;-0.37481689453125;-0.069183349609375;100 mA
4;4076;22.4954179432045;-0.377197265625;-0.0693359375;100 mA
4;4077;22.4994879431943;-0.379638671875;-0.06939697265625;100 mA
4;4078;22.503557943184;-0.382080078125;-0.06939697265625;100 mA
4;4079;22.5076279431737;-0.38458251953125;-0.0693359375;100 mA
4;4080;22.5116979431634;-0.386993408203125;-0.0693359375;100 mA
4;4081;22.5157679431532;-0.389434814453125;-0.06939697265625;100 mA
4;4082;22.5198379431429;-0.391876220703125;-0.0692138671875;100 mA
4;4083;22.5239079431326;-0.39434814453125;-0.069122314453125;100 mA
4;4084;22.5279779431223;-0.396759033203125;-0.069000244140625;100 mA
4;4085;22.532047943112;-0.399169921875;-0.06890869140625;100 mA
4;4086;22.5361179431018;-0.40167236328125;-0.068756103515625;100 mA
4;4087;22.5401879430915;-0.404083251953125;-0.06854248046875;100 mA
4;4088;22.5442579430812;-0.406524658203125;-0.06829833984375;100 mA
4;4089;22.5483279430709;-0.408935546875;-0.0682373046875;100 mA
4;4090;22.5523979430607;-0.411407470703125;-0.06793212890625;100 mA
4;4091;22.5564679430504;-0.41387939453125;-0.067626953125;100 mA
4;4092;22.5605379430401;-0.416290283203125;-0.0673828125;100 mA
4;4093;22.5646079430298;-0.418731689453125;-0.06719970703125;100 mA
4;4094;22.5686779430196;-0.421173095703125;-0.06689453125;100 mA
4;4095;22.5727479430093;-0.423614501953125;-0.0665283203125;100 mA
4;4096;22.576817942999;-0.426025390625;-0.066192626953125;100 mA
4;4097;22.5808879429887;-0.428497314453125;-0.06591796875;100 mA
4;4098;22.5849579429785;-0.430938720703125;-0.06561279296875;100 mA
4;4099;22.5890279429682;-0.433380126953125;-0.065277099609375;100 mA
4;4100;22.5930979429579;-0.43585205078125;-0.064910888671875;100 mA
4;4101;22.5971679429476;-0.438262939453125;-0.064666748046875;100 mA
4;4102;22.6012379429374;-0.440765380859375;-0.06427001953125;100 mA
4;4103;22.6053079429271;-0.443145751953125;-0.0638427734375;100 mA
4;4104;22.6093779429168;-0.44561767578125;-0.0634765625;100 mA
4;4105;22.6134479429065;-0.44805908203125;-0.0631103515625;100 mA
4;4106;22.6175179428963;-0.450469970703125;-0.062774658203125;100 mA
4;4107;22.621587942886;-0.45294189453125;-0.062347412109375;100 mA
4;4108;22.6256579428757;-0.45538330078125;-0.061981201171875;100 mA
4;4109;22.6297279428654;-0.457794189453125;-0.061614990234375;100 mA
4;4110;22.6337979428552;-0.46026611328125;-0.06121826171875;100 mA
4;4111;22.6378679428449;-0.462677001953125;-0.060821533203125;100 mA
4;4112;22.6419379428346;-0.465087890625;-0.0604248046875;100 mA
4;4113;22.6460079428243;-0.46759033203125;-0.06005859375;100 mA
4;4114;22.6500779428141;-0.470001220703125;-0.05963134765625;100 mA
4;4115;22.6541479428038;-0.472442626953125;-0.05926513671875;100 mA
4;4116;22.6582179427935;-0.474884033203125;-0.058868408203125;100 mA
4;4117;22.6622879427832;-0.477386474609375;-0.05841064453125;100 mA
4;4118;22.6663579427729;-0.479766845703125;-0.05804443359375;100 mA
4;4119;22.6704279427627;-0.48223876953125;-0.05767822265625;100 mA
4;4120;22.6744979427524;-0.484710693359375;-0.05731201171875;100 mA
4;4121;22.6785679427421;-0.487060546875;-0.056915283203125;100 mA
4;4122;22.6826379427318;-0.489593505859375;-0.05657958984375;100 mA
4;4123;22.6867079427216;-0.491973876953125;-0.056182861328125;100 mA
4;4124;22.6907779427113;-0.494384765625;-0.0557861328125;100 mA
4;4125;22.694847942701;-0.496917724609375;-0.055389404296875;100 mA
4;4126;22.6989179426907;-0.499298095703125;-0.055084228515625;100 mA
4;4127;22.7029879426805;-0.50177001953125;-0.054656982421875;100 mA
4;4128;22.7070579426702;-0.5042724609375;-0.0543212890625;100 mA
4;4129;22.7111279426599;-0.506591796875;-0.053924560546875;100 mA
4;4130;22.7151979426496;-0.50909423828125;-0.0535888671875;100 mA
4;4131;22.7192679426394;-0.51153564453125;-0.05322265625;100 mA
4;4132;22.7233379426291;-0.51397705078125;-0.052886962890625;100 mA
4;4133;22.7274079426188;-0.516387939453125;-0.05255126953125;100 mA
4;4134;22.7314779426085;-0.51885986328125;-0.052215576171875;100 mA
4;4135;22.7355479425983;-0.521331787109375;-0.0518798828125;100 mA
4;4136;22.739617942588;-0.5238037109375;-0.051513671875;100 mA
4;4137;22.7436879425777;-0.526214599609375;-0.05120849609375;100 mA
4;4138;22.7477579425674;-0.528717041015625;-0.050872802734375;100 mA
4;4139;22.7518279425572;-0.531036376953125;-0.050537109375;100 mA
4;4140;22.7558979425469;-0.53350830078125;-0.050201416015625;100 mA
4;4141;22.7599679425366;-0.53594970703125;-0.049871826171875;100 mA
4;4142;22.7640379425263;-0.538421630859375;-0.049554443359375;100 mA
4;4143;22.7681079425161;-0.540863037109375;-0.049298095703125;100 mA
4;4144;22.7721779425058;-0.543304443359375;-0.0489471435546875;100 mA
4;4145;22.7762479424955;-0.5457763671875;-0.04864501953125;100 mA
4;4146;22.7803179424852;-0.54815673828125;-0.0483673095703125;100 mA
4;4147;22.784387942475;-0.550567626953125;-0.0480804443359375;100 mA
4;4148;22.7884579424647;-0.55303955078125;-0.047747802734375;100 mA
4;4149;22.7925279424544;-0.555511474609375;-0.0474578857421875;100 mA
4;4150;22.7965979424441;-0.557952880859375;-0.047222900390625;100 mA
4;4151;22.8006679424338;-0.56036376953125;-0.04691162109375;100 mA
4;4152;22.8047379424236;-0.562774658203125;-0.046636962890625;100 mA
4;4153;22.8088079424133;-0.565277099609375;-0.0463653564453125;100 mA
4;4154;22.812877942403;-0.56768798828125;-0.0460906982421875;100 mA
4;4155;22.8169479423927;-0.57012939453125;-0.04583740234375;100 mA
4;4156;22.8210179423825;-0.572601318359375;-0.0455657958984375;100 mA
4;4157;22.8250879423722;-0.575042724609375;-0.04532470703125;100 mA
4;4158;22.8291579423619;-0.5775146484375;-0.0451080322265625;100 mA
4;4159;22.8332279423516;-0.5799560546875;-0.04482421875;100 mA
4;4160;22.8372979423414;-0.58233642578125;-0.0445648193359375;100 mA
4;4161;22.8413679423311;-0.58477783203125;-0.0443328857421875;100 mA
4;4162;22.8454379423208;-0.58721923828125;-0.044091796875;100 mA
4;4163;22.8495079423105;-0.589630126953125;-0.043865966796875;100 mA
4;4164;22.8535779423003;-0.592132568359375;-0.0437225341796875;100 mA
4;4165;22.85764794229;-0.5946044921875;-0.04337158203125;100 mA
4;4166;22.8617179422797;-0.596893310546875;-0.0431640625;100 mA
4;4167;22.8657879422694;-0.59942626953125;-0.042919921875;100 mA
4;4168;22.8698579422592;-0.601898193359375;-0.0428009033203125;100 mA
4;4169;22.8739279422489;-0.60430908203125;-0.04248046875;100 mA
4;4170;22.8779979422386;-0.606719970703125;-0.042291259765625;100 mA
4;4171;22.8820679422283;-0.609222412109375;-0.0420654296875;100 mA
4;4172;22.8861379422181;-0.611602783203125;-0.041888427734375;100 mA
4;4173;22.8902079422078;-0.61407470703125;-0.04166259765625;100 mA
4;4174;22.8942779421975;-0.61651611328125;-0.0414337158203125;100 mA
4;4175;22.8983479421872;-0.618988037109375;-0.0412689208984375;100 mA
4;4176;22.902417942177;-0.621368408203125;-0.0410888671875;100 mA
4;4177;22.9064879421667;-0.62384033203125;-0.0408782958984375;100 mA
4;4178;22.9105579421564;-0.626251220703125;-0.04068603515625;100 mA
4;4179;22.9146279421461;-0.62872314453125;-0.0405242919921875;100 mA
4;4180;22.9186979421359;-0.63116455078125;-0.0403656005859375;100 mA
4;4181;22.9227679421256;-0.633636474609375;-0.040142822265625;100 mA
4;4182;22.9268379421153;-0.636016845703125;-0.039947509765625;100 mA
4;4183;22.930907942105;-0.6385498046875;-0.0398406982421875;100 mA
4;4184;22.9349779420947;-0.64093017578125;-0.0396087646484375;100 mA
4;4185;22.9390479420845;-0.643341064453125;-0.0394805908203125;100 mA
4;4186;22.9431179420742;-0.645782470703125;-0.0392730712890625;100 mA
4;4187;22.9471879420639;-0.64825439453125;-0.039111328125;100 mA
4;4188;22.9512579420536;-0.65069580078125;-0.03896484375;100 mA
4;4189;22.9553279420434;-0.6531982421875;-0.0387908935546875;100 mA
4;4190;22.9593979420331;-0.65557861328125;-0.03861083984375;100 mA
4;4191;22.9634679420228;-0.657989501953125;-0.0384918212890625;100 mA
4;4192;22.9675379420125;-0.660491943359375;-0.0383270263671875;100 mA
4;4193;22.9716079420023;-0.662841796875;-0.038177490234375;100 mA
4;4194;22.975677941992;-0.66534423828125;-0.03802490234375;100 mA
4;4195;22.9797479419817;-0.66778564453125;-0.0378753662109375;100 mA
4;4196;22.9838179419714;-0.67022705078125;-0.037738037109375;100 mA
4;4197;22.9878879419612;-0.67266845703125;-0.0375732421875;100 mA
4;4198;22.9919579419509;-0.675140380859375;-0.037432861328125;100 mA
4;4199;22.9960279419406;-0.677520751953125;-0.03731689453125;100 mA
4;4200;23.0000979419303;-0.67999267578125;-0.0371856689453125;100 mA
4;4201;23.0041679419201;-0.682403564453125;-0.0370361328125;100 mA
4;4202;23.0082379419098;-0.68487548828125;-0.0369110107421875;100 mA
4;4203;23.0123079418995;-0.68731689453125;-0.0367950439453125;100 mA
4;4204;23.0163779418892;-0.689788818359375;-0.0366363525390625;100 mA
4;4205;23.020447941879;-0.692230224609375;-0.036492919921875;100 mA
4;4206;23.0245179418687;-0.694671630859375;-0.0363983154296875;100 mA
4;4207;23.0285879418584;-0.69708251953125;-0.0362884521484375;100 mA
4;4208;23.0326579418481;-0.699554443359375;-0.03616943359375;100 mA
4;4209;23.0367279418379;-0.702056884765625;-0.03602294921875;100 mA
4;4210;23.0407979418276;-0.704437255859375;-0.035882568359375;100 mA
4;4211;23.0448679418173;-0.706817626953125;-0.0358123779296875;100 mA
4;4212;23.048937941807;-0.70928955078125;-0.035723876953125;100 mA
4;4213;23.0530079417967;-0.711669921875;-0.0354705810546875;100 mA
4;4214;23.0570779417865;-0.7142333984375;-0.0354522705078125;100 mA
4;4215;23.0611479417762;-0.716583251953125;-0.03541259765625;100 mA
4;4216;23.0652179417659;-0.718994140625;-0.035272216796875;100 mA
4;4217;23.0692879417556;-0.721527099609375;-0.0351165771484375;100 mA
4;4218;23.0733579417454;-0.723968505859375;-0.03504638671875;100 mA
4;4219;23.0774279417351;-0.726409912109375;-0.0349517822265625;100 mA
4;4220;23.0814979417248;-0.72882080078125;-0.0348358154296875;100 mA
4;4221;23.0855679417145;-0.73126220703125;-0.034747314453125;100 mA
4;4222;23.0896379417043;-0.73370361328125;-0.03463134765625;100 mA
4;4223;23.093707941694;-0.736175537109375;-0.0345550537109375;100 mA
4;4224;23.0977779416837;-0.738555908203125;-0.0345001220703125;100 mA
4;4225;23.1018479416734;-0.741058349609375;-0.034393310546875;100 mA
4;4226;23.1059179416632;-0.743499755859375;-0.0342681884765625;100 mA
4;4227;23.1099879416529;-0.745941162109375;-0.0341827392578125;100 mA
4;4228;23.1140579416426;-0.748321533203125;-0.034088134765625;100 mA
4;4229;23.1181279416323;-0.75103759765625;-0.0340728759765625;100 mA
4;4230;23.1221979416221;-0.75347900390625;-0.03394775390625;100 mA
4;4231;23.1262679416118;-0.7562255859375;-0.033856201171875;100 mA
4;4232;23.1303379416015;-0.75836181640625;-0.033795166015625;100 mA
4;4233;23.1344079415912;-0.760498046875;-0.0337371826171875;100 mA
4;4234;23.138477941581;-0.762939453125;-0.03363037109375;100 mA
4;4235;23.1425479415707;-0.7659912109375;-0.0335174560546875;100 mA
4;4236;23.1466179415604;-0.7684326171875;-0.0334869384765625;100 mA
4;4237;23.1506879415501;-0.77056884765625;-0.0333984375;100 mA
4;4238;23.1547579415399;-0.77301025390625;-0.0333282470703125;100 mA
4;4239;23.1588279415296;-0.77606201171875;-0.03326416015625;100 mA
4;4240;23.1628979415193;-0.7781982421875;-0.0331512451171875;100 mA
4;4241;23.166967941509;-0.78033447265625;-0.033135986328125;100 mA
4;4242;23.1710379414988;-0.78277587890625;-0.0330535888671875;100 mA
4;4243;23.1751079414885;-0.78521728515625;-0.0329833984375;100 mA
4;4244;23.1791779414782;-0.78765869140625;-0.03292236328125;100 mA
4;4245;23.1832479414679;-0.7904052734375;-0.032843017578125;100 mA
4;4246;23.1873179414576;-0.792236328125;-0.0327667236328125;100 mA
4;4247;23.1913879414474;-0.794677734375;-0.032733154296875;100 mA
4;4248;23.1954579414371;-0.7977294921875;-0.0326568603515625;100 mA
4;4249;23.1995279414268;-0.8001708984375;-0.03258056640625;100 mA
4;4250;23.2035979414165;-0.80230712890625;-0.032525634765625;100 mA
4;4251;23.2076679414063;-0.804443359375;-0.032464599609375;100 mA
4;4252;23.211737941396;-0.80718994140625;-0.0324371337890625;100 mA
4;4253;23.2158079413857;-0.809326171875;-0.0323883056640625;100 mA
4;4254;23.2198779413754;-0.811767578125;-0.032318115234375;100 mA
4;4255;23.2239479413652;-0.814208984375;-0.0322357177734375;100 mA
4;4256;23.2280179413549;-0.8172607421875;-0.032177734375;100 mA
4;4257;23.2320879413446;-0.819091796875;-0.0321380615234375;100 mA
4;4258;23.2361579413343;-0.82183837890625;-0.03206787109375;100 mA
4;4259;23.2402279413241;-0.823974609375;-0.0319976806640625;100 mA
4;4260;23.2442979413138;-0.826416015625;-0.031939697265625;100 mA
4;4261;23.2483679413035;-0.8294677734375;-0.0318878173828125;100 mA
4;4262;23.2524379412932;-0.83160400390625;-0.0318206787109375;100 mA
4;4263;23.256507941283;-0.83404541015625;-0.03177490234375;100 mA
4;4264;23.2605779412727;-0.83709716796875;-0.0317474365234375;100 mA
4;4265;23.2646479412624;-0.83892822265625;-0.0317108154296875;100 mA
4;4266;23.2687179412521;-0.841064453125;-0.031634521484375;100 mA
4;4267;23.2727879412419;-0.84381103515625;-0.031561279296875;100 mA
4;4268;23.2768579412316;-0.845947265625;-0.0315155029296875;100 mA
4;4269;23.2809279412213;-0.848388671875;-0.0314727783203125;100 mA
4;4270;23.284997941211;-0.8514404296875;-0.0313995361328125;100 mA
4;4271;23.2890679412008;-0.85357666015625;-0.0313568115234375;100 mA
4;4272;23.2931379411905;-0.85662841796875;-0.0312957763671875;100 mA
4;4273;23.2972079411802;-0.858154296875;-0.0312835693359375;100 mA
4;4274;23.3012779411699;-0.86090087890625;-0.031219482421875;100 mA
4;4275;23.3053479411597;-0.8636474609375;-0.0311248779296875;100 mA
4;4276;23.3094179411494;-0.8660888671875;-0.0310791015625;100 mA
4;4277;23.3134879411391;-0.8685302734375;-0.0310699462890625;100 mA
4;4278;23.3175579411288;-0.870361328125;-0.030975341796875;100 mA
4;4279;23.3216279411185;-0.872802734375;-0.030908203125;100 mA
4;4280;23.3256979411083;-0.87554931640625;-0.030908203125;100 mA
4;4281;23.329767941098;-0.87799072265625;-0.03079833984375;100 mA
4;4282;23.3338379410877;-0.88043212890625;-0.03077392578125;100 mA
4;4283;23.3379079410774;-0.88287353515625;-0.0307159423828125;100 mA
4;4284;23.3419779410672;-0.8856201171875;-0.0306915283203125;100 mA
4;4285;23.3460479410569;-0.88775634765625;-0.030633544921875;100 mA
4;4286;23.3501179410466;-0.8905029296875;-0.0305694580078125;100 mA
4;4287;23.3541879410363;-0.89263916015625;-0.0304473876953125;100 mA
4;4288;23.3582579410261;-0.89508056640625;-0.030438232421875;100 mA
4;4289;23.3623279410158;-0.897216796875;-0.03043212890625;100 mA
4;4290;23.3663979410055;-0.89996337890625;-0.0303924560546875;100 mA
4;4291;23.3704679409952;-0.902099609375;-0.030291748046875;100 mA
4;4292;23.374537940985;-0.9051513671875;-0.030255126953125;100 mA
4;4293;23.3786079409747;-0.90728759765625;-0.0302642822265625;100 mA
4;4294;23.3826779409644;-0.909423828125;-0.03017578125;100 mA
4;4295;23.3867479409541;-0.911865234375;-0.030108642578125;100 mA
4;4296;23.3908179409439;-0.91461181640625;-0.0300689697265625;100 mA
4;4297;23.3948879409336;-0.916748046875;-0.0300262451171875;100 mA
4;4298;23.3989579409233;-0.91949462890625;-0.029998779296875;100 mA
4;4299;23.403027940913;-0.92193603515625;-0.029931640625;100 mA
4;4300;23.4070979409028;-0.924072265625;-0.0298919677734375;100 mA
4;4301;23.4111679408925;-0.92681884765625;-0.029833984375;100 mA
4;4302;23.4152379408822;-0.928955078125;-0.02978515625;100 mA
4;4303;23.4193079408719;-0.93231201171875;-0.0297454833984375;100 mA
4;4304;23.4233779408617;-0.93414306640625;-0.0297119140625;100 mA
4;4305;23.4274479408514;-0.9368896484375;-0.0296478271484375;100 mA
4;4306;23.4315179408411;-0.93963623046875;-0.029632568359375;100 mA
4;4307;23.4355879408308;-0.94085693359375;-0.0296234130859375;100 mA
4;4308;23.4396579408206;-0.943603515625;-0.0295196533203125;100 mA
4;4309;23.4437279408103;-0.94573974609375;-0.0295196533203125;100 mA
4;4310;23.4477979408;-0.94879150390625;-0.0294769287109375;100 mA
4;4311;23.4518679407897;-0.95184326171875;-0.029443359375;100 mA
4;4312;23.4559379407794;-0.953369140625;-0.0293792724609375;100 mA
4;4313;23.4600079407692;-0.95611572265625;-0.02933349609375;100 mA
4;4314;23.4640779407589;-0.95855712890625;-0.0293060302734375;100 mA
4;4315;23.4681479407486;-0.96099853515625;-0.029290771484375;100 mA
4;4316;23.4722179407383;-0.963134765625;-0.0292144775390625;100 mA
4;4317;23.4762879407281;-0.965576171875;-0.0291534423828125;100 mA
4;4318;23.4803579407178;-0.968017578125;-0.0291595458984375;100 mA
4;4319;23.4844279407075;-0.9710693359375;-0.0291107177734375;100 mA
4;4320;23.4884979406972;-0.97320556640625;-0.0290771484375;100 mA
4;4321;23.492567940687;-0.97564697265625;-0.0290557861328125;100 mA
4;4322;23.4966379406767;-0.97808837890625;-0.0290374755859375;100 mA
4;4323;23.5007079406664;-0.980224609375;-0.0290374755859375;100 mA
4;4324;23.5047779406561;-0.98297119140625;-0.028948974609375;100 mA
4;4325;23.5088479406459;-0.98541259765625;-0.0289306640625;100 mA
4;4326;23.5129179406356;-0.98785400390625;-0.0289154052734375;100 mA
4;4327;23.5169879406253;-0.989990234375;-0.028900146484375;100 mA
4;4328;23.521057940615;-0.99273681640625;-0.02884521484375;100 mA
4;4329;23.5251279406048;-0.99517822265625;-0.0288482666015625;100 mA
4;4330;23.5291979405945;-0.997314453125;-0.028857421875;100 mA
4;4331;23.5332679405842;-1.00006103515625;-0.0287506103515625;100 mA
4;4332;23.5373379405739;-0.99822998046875;-0.02486572265625;100 mA
4;4333;23.5414079405637;-0.99578857421875;-0.024322509765625;100 mA
4;4334;23.5454779405534;-0.99334716796875;-0.0238983154296875;100 mA
4;4335;23.5495479405431;-0.99090576171875;-0.023565673828125;100 mA
4;4336;23.5536179405328;-0.98846435546875;-0.0234100341796875;100 mA
4;4337;23.5576879405226;-0.98602294921875;-0.0230010986328125;100 mA
4;4338;23.5617579405123;-0.98388671875;-0.02279052734375;100 mA
4;4339;23.565827940502;-0.9808349609375;-0.0226409912109375;100 mA
4;4340;23.5698979404917;-0.9783935546875;-0.0226348876953125;100 mA
4;4341;23.5739679404815;-0.97625732421875;-0.0223419189453125;100 mA
4;4342;23.5780379404712;-0.9735107421875;-0.02222900390625;100 mA
4;4343;23.5821079404609;-0.9710693359375;-0.0220947265625;100 mA
4;4344;23.5861779404506;-0.9686279296875;-0.0219573974609375;100 mA
4;4345;23.5902479404403;-0.9661865234375;-0.0218902587890625;100 mA
4;4346;23.5943179404301;-0.96343994140625;-0.0217620849609375;100 mA
4;4347;23.5983879404198;-0.9613037109375;-0.0216766357421875;100 mA
4;4348;23.6024579404095;-0.95916748046875;-0.0216156005859375;100 mA
4;4349;23.6065279403992;-0.95672607421875;-0.0214630126953125;100 mA
4;4350;23.610597940389;-0.953369140625;-0.0213958740234375;100 mA
4;4351;23.6146679403787;-0.9515380859375;-0.021319580078125;100 mA
4;4352;23.6187379403684;-0.9490966796875;-0.0212554931640625;100 mA
4;4353;23.6228079403581;-0.94635009765625;-0.0211517333984375;100 mA
4;4354;23.6268779403479;-0.9454345703125;-0.021099853515625;100 mA
4;4355;23.6309479403376;-0.9423828125;-0.0210418701171875;100 mA
4;4356;23.6350179403273;-0.93963623046875;-0.020989990234375;100 mA
4;4357;23.639087940317;-0.93719482421875;-0.0208770751953125;100 mA
4;4358;23.6431579403068;-0.9344482421875;-0.020806884765625;100 mA
4;4359;23.6472279402965;-0.9326171875;-0.020782470703125;100 mA
4;4360;23.6512979402862;-0.92987060546875;-0.0207000732421875;100 mA
4;4361;23.6553679402759;-0.9271240234375;-0.020599365234375;100 mA
4;4362;23.6594379402657;-0.9246826171875;-0.020556640625;100 mA
4;4363;23.6635079402554;-0.92254638671875;-0.0205413818359375;100 mA
4;4364;23.6675779402451;-0.92010498046875;-0.0204620361328125;100 mA
4;4365;23.6716479402348;-0.91766357421875;-0.02039794921875;100 mA
4;4366;23.6757179402246;-0.9149169921875;-0.020355224609375;100 mA
4;4367;23.6797879402143;-0.9130859375;-0.0203277587890625;100 mA
4;4368;23.683857940204;-0.90972900390625;-0.020263671875;100 mA
4;4369;23.6879279401937;-0.9075927734375;-0.020208740234375;100 mA
4;4370;23.6919979401835;-0.90545654296875;-0.020166015625;100 mA
4;4371;23.6960679401732;-0.9027099609375;-0.0201019287109375;100 mA
4;4372;23.7001379401629;-0.89996337890625;-0.0200653076171875;100 mA
4;4373;23.7042079401526;-0.89813232421875;-0.0199951171875;100 mA
4;4374;23.7082779401424;-0.8953857421875;-0.019940185546875;100 mA
4;4375;23.7123479401321;-0.89263916015625;-0.0199432373046875;100 mA
4;4376;23.7164179401218;-0.89080810546875;-0.019854736328125;100 mA
4;4377;23.7204879401115;-0.8880615234375;-0.01981201171875;100 mA
4;4378;23.7245579401012;-0.88592529296875;-0.0198028564453125;100 mA
4;4379;23.728627940091;-0.88348388671875;-0.0197418212890625;100 mA
4;4380;23.7326979400807;-0.88104248046875;-0.0197021484375;100 mA
4;4381;23.7367679400704;-0.8782958984375;-0.01962890625;100 mA
4;4382;23.7408379400601;-0.87554931640625;-0.019573974609375;100 mA
4;4383;23.7449079400499;-0.87310791015625;-0.0195831298828125;100 mA
4;4384;23.7489779400396;-0.8709716796875;-0.019537353515625;100 mA
4;4385;23.7530479400293;-0.867919921875;-0.0194183349609375;100 mA
4;4386;23.757117940019;-0.8660888671875;-0.019415283203125;100 mA
4;4387;23.7611879400088;-0.86334228515625;-0.019464111328125;100 mA
4;4388;23.7652579399985;-0.8612060546875;-0.0193450927734375;100 mA
4;4389;23.7693279399882;-0.85845947265625;-0.019268798828125;100 mA
4;4390;23.7733979399779;-0.85662841796875;-0.019281005859375;100 mA
4;4391;23.7774679399677;-0.85357666015625;-0.0192413330078125;100 mA
4;4392;23.7815379399574;-0.85113525390625;-0.0191925048828125;100 mA
4;4393;23.7856079399471;-0.84869384765625;-0.0191558837890625;100 mA
4;4394;23.7896779399368;-0.845947265625;-0.019122314453125;100 mA
4;4395;23.7937479399266;-0.843505859375;-0.0190643310546875;100 mA
4;4396;23.7978179399163;-0.84136962890625;-0.0190673828125;100 mA
4;4397;23.801887939906;-0.83892822265625;-0.0190185546875;100 mA
4;4398;23.8059579398957;-0.8367919921875;-0.0189544677734375;100 mA
4;4399;23.8100279398855;-0.83404541015625;-0.0189178466796875;100 mA
4;4400;23.8140979398752;-0.83160400390625;-0.0188995361328125;100 mA
4;4401;23.8181679398649;-0.8294677734375;-0.01888427734375;100 mA
4;4402;23.8222379398546;-0.82672119140625;-0.018780517578125;100 mA
4;4403;23.8263079398444;-0.82427978515625;-0.01875;100 mA
4;4404;23.8303779398341;-0.8221435546875;-0.018731689453125;100 mA
4;4405;23.8344479398238;-0.819091796875;-0.018701171875;100 mA
4;4406;23.8385179398135;-0.816650390625;-0.018682861328125;100 mA
4;4407;23.8425879398033;-0.81451416015625;-0.018621826171875;100 mA
4;4408;23.846657939793;-0.811767578125;-0.018634033203125;100 mA
4;4409;23.8507279397827;-0.809326171875;-0.018609619140625;100 mA
4;4410;23.8547979397724;-0.806884765625;-0.0185272216796875;100 mA
4;4411;23.8588679397621;-0.80413818359375;-0.018511962890625;100 mA
4;4412;23.8629379397519;-0.8013916015625;-0.0184539794921875;100 mA
4;4413;23.8670079397416;-0.8001708984375;-0.01844482421875;100 mA
4;4414;23.8710779397313;-0.797119140625;-0.018389892578125;100 mA
4;4415;23.875147939721;-0.794677734375;-0.018377685546875;100 mA
4;4416;23.8792179397108;-0.79193115234375;-0.0183502197265625;100 mA
4;4417;23.8832879397005;-0.79010009765625;-0.018328857421875;100 mA
4;4418;23.8873579396902;-0.787353515625;-0.018267822265625;100 mA
4;4419;23.8914279396799;-0.784912109375;-0.0182647705078125;100 mA
4;4420;23.8954979396697;-0.7818603515625;-0.0182464599609375;100 mA
4;4421;23.8995679396594;-0.78033447265625;-0.0181640625;100 mA
4;4422;23.9036379396491;-0.777587890625;-0.0181640625;100 mA
4;4423;23.9077079396388;-0.77484130859375;-0.0181121826171875;100 mA
4;4424;23.9117779396286;-0.7733154296875;-0.01810302734375;100 mA
4;4425;23.9158479396183;-0.770263671875;-0.0180877685546875;100 mA
4;4426;23.919917939608;-0.767822265625;-0.0180389404296875;100 mA
4;4427;23.9239879395977;-0.765380859375;-0.018011474609375;100 mA
4;4428;23.9280579395875;-0.762939453125;-0.0179840087890625;100 mA
4;4429;23.9321279395772;-0.7611083984375;-0.017962646484375;100 mA
4;4430;23.9361979395669;-0.75775146484375;-0.0179168701171875;100 mA
4;4431;23.9402679395566;-0.755615234375;-0.017889404296875;100 mA
4;4432;23.9443379395464;-0.75286865234375;-0.01783447265625;100 mA
4;4433;23.9484079395361;-0.75042724609375;-0.0178192138671875;100 mA
4;4434;23.9524779395258;-0.748077392578125;-0.017755126953125;100 mA
4;4435;23.9565479395155;-0.745635986328125;-0.0177520751953125;100 mA
4;4436;23.9606179395053;-0.743133544921875;-0.0177337646484375;100 mA
4;4437;23.964687939495;-0.740753173828125;-0.017724609375;100 mA
4;4438;23.9687579394847;-0.738250732421875;-0.01767578125;100 mA
4;4439;23.9728279394744;-0.73583984375;-0.017633056640625;100 mA
4;4440;23.9768979394642;-0.733367919921875;-0.01761474609375;100 mA
4;4441;23.9809679394539;-0.73095703125;-0.017578125;100 mA
4;4442;23.9850379394436;-0.728485107421875;-0.017547607421875;100 mA
4;4443;23.9891079394333;-0.72607421875;-0.017462158203125;100 mA
4;4444;23.993177939423;-0.72357177734375;-0.0174713134765625;100 mA
4;4445;23.9972479394128;-0.721099853515625;-0.0174652099609375;100 mA
4;4446;24.0013179394025;-0.71868896484375;-0.01741943359375;100 mA
4;4447;24.0053879393922;-0.7161865234375;-0.01737060546875;100 mA
4;4448;24.0094579393819;-0.71380615234375;-0.0173309326171875;100 mA
4;4449;24.0135279393717;-0.71136474609375;-0.0173553466796875;100 mA
4;4450;24.0175979393614;-0.70880126953125;-0.017291259765625;100 mA
4;4451;24.0216679393511;-0.7064208984375;-0.0172332763671875;100 mA
4;4452;24.0257379393408;-0.703948974609375;-0.017205810546875;100 mA
4;4453;24.0298079393306;-0.701507568359375;-0.01715087890625;100 mA
4;4454;24.0338779393203;-0.69903564453125;-0.017132568359375;100 mA
4;4455;24.03794793931;-0.6966552734375;-0.017095947265625;100 mA
4;4456;24.0420179392997;-0.694183349609375;-0.017041015625;100 mA
4;4457;24.0460879392895;-0.69171142578125;-0.0170166015625;100 mA
4;4458;24.0501579392792;-0.689300537109375;-0.01697998046875;100 mA
4;4459;24.0542279392689;-0.68682861328125;-0.016937255859375;100 mA
4;4460;24.0582979392586;-0.684417724609375;-0.01690673828125;100 mA
4;4461;24.0623679392484;-0.681884765625;-0.016864013671875;100 mA
4;4462;24.0664379392381;-0.679443359375;-0.016839599609375;100 mA
4;4463;24.0705079392278;-0.67706298828125;-0.0167938232421875;100 mA
4;4464;24.0745779392175;-0.674560546875;-0.0167388916015625;100 mA
4;4465;24.0786479392073;-0.67205810546875;-0.01671142578125;100 mA
4;4466;24.082717939197;-0.669677734375;-0.01666259765625;100 mA
4;4467;24.0867879391867;-0.667266845703125;-0.0165924072265625;100 mA
4;4468;24.0908579391764;-0.664764404296875;-0.0165740966796875;100 mA
4;4469;24.0949279391662;-0.66229248046875;-0.0165130615234375;100 mA
4;4470;24.0989979391559;-0.65985107421875;-0.0164764404296875;100 mA
4;4471;24.1030679391456;-0.65740966796875;-0.016436767578125;100 mA
4;4472;24.1071379391353;-0.654876708984375;-0.016363525390625;100 mA
4;4473;24.1112079391251;-0.652435302734375;-0.016351318359375;100 mA
4;4474;24.1152779391148;-0.6500244140625;-0.016278076171875;100 mA
4;4475;24.1193479391045;-0.647552490234375;-0.016217041015625;100 mA
4;4476;24.1234179390942;-0.645172119140625;-0.0161773681640625;100 mA
4;4477;24.1274879390839;-0.64263916015625;-0.016119384765625;100 mA
4;4478;24.1315579390737;-0.640228271484375;-0.01610107421875;100 mA
4;4479;24.1356279390634;-0.6378173828125;-0.0160308837890625;100 mA
4;4480;24.1396979390531;-0.63525390625;-0.015966796875;100 mA
4;4481;24.1437679390428;-0.632904052734375;-0.015911865234375;100 mA
4;4482;24.1478379390326;-0.630462646484375;-0.01585693359375;100 mA
4;4483;24.1519079390223;-0.62799072265625;-0.01583251953125;100 mA
4;4484;24.155977939012;-0.62548828125;-0.0157440185546875;100 mA
4;4485;24.1600479390017;-0.623046875;-0.015655517578125;100 mA
4;4486;24.1641179389915;-0.620635986328125;-0.015606689453125;100 mA
4;4487;24.1681879389812;-0.6181640625;-0.0155548095703125;100 mA
4;4488;24.1722579389709;-0.615753173828125;-0.0154388427734375;100 mA
4;4489;24.1763279389606;-0.61328125;-0.0154052734375;100 mA
4;4490;24.1803979389504;-0.610748291015625;-0.0153472900390625;100 mA
4;4491;24.1844679389401;-0.6083984375;-0.015289306640625;100 mA
4;4492;24.1885379389298;-0.605926513671875;-0.0151824951171875;100 mA
4;4493;24.1926079389195;-0.60345458984375;-0.0151336669921875;100 mA
4;4494;24.1966779389093;-0.60101318359375;-0.0150665283203125;100 mA
4;4495;24.200747938899;-0.598602294921875;-0.0149688720703125;100 mA
4;4496;24.2048179388887;-0.596038818359375;-0.0148834228515625;100 mA
4;4497;24.2088879388784;-0.59368896484375;-0.014788818359375;100 mA
4;4498;24.2129579388682;-0.59124755859375;-0.014703369140625;100 mA
4;4499;24.2170279388579;-0.5887451171875;-0.0146514892578125;100 mA
4;4500;24.2210979388476;-0.5863037109375;-0.0145416259765625;100 mA
4;4501;24.2251679388373;-0.583892822265625;-0.014434814453125;100 mA
4;4502;24.2292379388271;-0.581390380859375;-0.014373779296875;100 mA
4;4503;24.2333079388168;-0.5789794921875;-0.014288330078125;100 mA
4;4504;24.2373779388065;-0.57647705078125;-0.01412353515625;100 mA
4;4505;24.2414479387962;-0.5740966796875;-0.0140472412109375;100 mA
4;4506;24.245517938786;-0.571563720703125;-0.0139801025390625;100 mA
4;4507;24.2495879387757;-0.569122314453125;-0.01385498046875;100 mA
4;4508;24.2536579387654;-0.566619873046875;-0.0137908935546875;100 mA
4;4509;24.2577279387551;-0.564208984375;-0.013604736328125;100 mA
4;4510;24.2617979387448;-0.56182861328125;-0.013446044921875;100 mA
4;4511;24.2658679387346;-0.559326171875;-0.013385009765625;100 mA
4;4512;24.2699379387243;-0.556884765625;-0.0132781982421875;100 mA
4;4513;24.274007938714;-0.554443359375;-0.0131011962890625;100 mA
4;4514;24.2780779387037;-0.552001953125;-0.0129852294921875;100 mA
4;4515;24.2821479386935;-0.54949951171875;-0.0128173828125;100 mA
4;4516;24.2862179386832;-0.547088623046875;-0.0126861572265625;100 mA
4;4517;24.2902879386729;-0.544647216796875;-0.0125091552734375;100 mA
4;4518;24.2943579386626;-0.542144775390625;-0.0123565673828125;100 mA
4;4519;24.2984279386524;-0.539703369140625;-0.0122039794921875;100 mA
4;4520;24.3024979386421;-0.5372314453125;-0.012030029296875;100 mA
4;4521;24.3065679386318;-0.534820556640625;-0.011865234375;100 mA
4;4522;24.3106379386215;-0.53228759765625;-0.011688232421875;100 mA
4;4523;24.3147079386113;-0.529937744140625;-0.0115234375;100 mA
4;4524;24.318777938601;-0.527496337890625;-0.0113067626953125;100 mA
4;4525;24.3228479385907;-0.5250244140625;-0.011090087890625;100 mA
4;4526;24.3269179385804;-0.5225830078125;-0.010906982421875;100 mA
4;4527;24.3309879385702;-0.52008056640625;-0.010699462890625;100 mA
4;4528;24.3350579385599;-0.51763916015625;-0.0104766845703125;100 mA
4;4529;24.3391279385496;-0.51519775390625;-0.0102386474609375;100 mA
4;4530;24.3431979385393;-0.512847900390625;-0.0100067138671875;100 mA
4;4531;24.3472679385291;-0.510345458984375;-0.0097808837890625;100 mA
4;4532;24.3513379385188;-0.50787353515625;-0.0095306396484375;100 mA
4;4533;24.3554079385085;-0.505462646484375;-0.009271240234375;100 mA
4;4534;24.3594779384982;-0.50299072265625;-0.008966064453125;100 mA
4;4535;24.363547938488;-0.50042724609375;-0.008721923828125;100 mA
4;4536;24.3676179384777;-0.498016357421875;-0.0083984375;100 mA
4;4537;24.3716879384674;-0.49560546875;-0.0080810546875;100 mA
4;4538;24.3757579384571;-0.4931640625;-0.00777587890625;100 mA
4;4539;24.3798279384469;-0.49072265625;-0.00745849609375;100 mA
4;4540;24.3838979384366;-0.488250732421875;-0.0071563720703125;100 mA
4;4541;24.3879679384263;-0.48577880859375;-0.0068206787109375;100 mA
4;4542;24.392037938416;-0.483367919921875;-0.006414794921875;100 mA
4;4543;24.3961079384057;-0.48095703125;-0.0060302734375;100 mA
4;4544;24.4001779383955;-0.478485107421875;-0.005706787109375;100 mA
4;4545;24.4042479383852;-0.47601318359375;-0.0052581787109375;100 mA
4;4546;24.4083179383749;-0.4735107421875;-0.00491180419921875;100 mA
4;4547;24.4123879383646;-0.471099853515625;-0.004503173828125;100 mA
4;4548;24.4164579383544;-0.468658447265625;-0.0040399169921875;100 mA
4;4549;24.4205279383441;-0.466217041015625;-0.0035382080078125;100 mA
4;4550;24.4245979383338;-0.463775634765625;-0.0031201171875;100 mA
4;4551;24.4286679383235;-0.4613037109375;-0.00264190673828125;100 mA
4;4552;24.4327379383133;-0.458892822265625;-0.00213104248046875;100 mA
4;4553;24.436807938303;-0.4564208984375;-0.00160369873046875;100 mA
4;4554;24.4408779382927;-0.4539794921875;-0.0010528564453125;100 mA
4;4555;24.4449479382824;-0.451568603515625;-0.00056915283203125;100 mA
4;4556;24.4490179382722;-0.4490966796875;2.68554687500006E-05;100 mA
4;4557;24.4530879382619;-0.4466552734375;0.0007891845703125;100 mA
4;4558;24.4571579382516;-0.4442138671875;0.0012451171875;100 mA
4;4559;24.4612279382413;-0.441741943359375;0.00172637939453125;100 mA
4;4560;24.4652979382311;-0.439239501953125;0.00246551513671875;100 mA
4;4561;24.4693679382208;-0.436798095703125;0.00319061279296875;100 mA
4;4562;24.4734379382105;-0.434326171875;0.00378814697265625;100 mA
4;4563;24.4775079382002;-0.431854248046875;0.00456024169921875;100 mA
4;4564;24.48157793819;-0.429412841796875;0.0051971435546875;100 mA
4;4565;24.4856479381797;-0.426971435546875;0.0059295654296875;100 mA
4;4566;24.4897179381694;-0.42449951171875;0.0067657470703125;100 mA
4;4567;24.4937879381591;-0.422088623046875;0.0075439453125;100 mA
4;4568;24.4978579381489;-0.419647216796875;0.008251953125;100 mA
4;4569;24.5019279381386;-0.41717529296875;0.009002685546875;100 mA
4;4570;24.5059979381283;-0.414703369140625;0.009954833984375;100 mA
4;4571;24.510067938118;-0.41229248046875;0.0108123779296875;100 mA
4;4572;24.5141379381078;-0.40985107421875;0.0116180419921875;100 mA
4;4573;24.5182079380975;-0.40740966796875;0.012481689453125;100 mA
4;4574;24.5222779380872;-0.4049072265625;0.0135101318359375;100 mA
4;4575;24.5263479380769;-0.4024658203125;0.0144500732421875;100 mA
4;4576;24.5304179380666;-0.4000244140625;0.015277099609375;100 mA
4;4577;24.5344879380564;-0.39752197265625;0.0162200927734375;100 mA
4;4578;24.5385579380461;-0.3951416015625;0.017279052734375;100 mA
4;4579;24.5426279380358;-0.39276123046875;0.018310546875;100 mA
4;4580;24.5466979380255;-0.3902587890625;0.0192840576171875;100 mA
4;4581;24.5507679380153;-0.387786865234375;0.02030029296875;100 mA
4;4582;24.554837938005;-0.3853759765625;0.021343994140625;100 mA
4;4583;24.5589079379947;-0.382904052734375;0.02244873046875;100 mA
4;4584;24.5629779379844;-0.380462646484375;0.0234832763671875;100 mA
4;4585;24.5670479379742;-0.377960205078125;0.02451171875;100 mA
4;4586;24.5711179379639;-0.37554931640625;0.0256927490234375;100 mA
4;4587;24.5751879379536;-0.37310791015625;0.0267913818359375;100 mA
4;4588;24.5792579379433;-0.37066650390625;0.02774658203125;100 mA
4;4589;24.5833279379331;-0.36822509765625;0.028887939453125;100 mA
4;4590;24.5873979379228;-0.365753173828125;0.0300750732421875;100 mA
4;4591;24.5914679379125;-0.363311767578125;0.0312286376953125;100 mA
4;4592;24.5955379379022;-0.360870361328125;0.0321868896484375;100 mA
4;4593;24.599607937892;-0.3583984375;0.0333099365234375;100 mA
4;4594;24.6036779378817;-0.35595703125;0.034503173828125;100 mA
4;4595;24.6077479378714;-0.353515625;0.0356109619140625;100 mA
4;4596;24.6118179378611;-0.35101318359375;0.0366424560546875;100 mA
4;4597;24.6158879378509;-0.348602294921875;0.0376922607421875;100 mA
4;4598;24.6199579378406;-0.34619140625;0.0388397216796875;100 mA
4;4599;24.6240279378303;-0.34375;0.0400482177734375;100 mA
4;4600;24.62809793782;-0.341217041015625;0.041058349609375;100 mA
4;4601;24.6321679378098;-0.33880615234375;0.0419647216796875;100 mA
4;4602;24.6362379377995;-0.33642578125;0.0429962158203125;100 mA
4;4603;24.6403079377892;-0.33392333984375;0.0441375732421875;100 mA
4;4604;24.6443779377789;-0.33148193359375;0.0451263427734375;100 mA
4;4605;24.6484479377687;-0.32904052734375;0.045989990234375;100 mA
4;4606;24.6525179377584;-0.326629638671875;0.04700927734375;100 mA
4;4607;24.6565879377481;-0.324127197265625;0.0479461669921875;100 mA
4;4608;24.6606579377378;-0.32171630859375;0.0487884521484375;100 mA
4;4609;24.6647279377275;-0.31927490234375;0.04962158203125;100 mA
4;4610;24.6687979377173;-0.316741943359375;0.050537109375;100 mA
4;4611;24.672867937707;-0.31439208984375;0.051422119140625;100 mA
4;4612;24.6769379376967;-0.311981201171875;0.05218505859375;100 mA
4;4613;24.6810079376864;-0.3094482421875;0.052825927734375;100 mA
4;4614;24.6850779376762;-0.307037353515625;0.053497314453125;100 mA
4;4615;24.6891479376659;-0.304595947265625;0.054351806640625;100 mA
4;4616;24.6932179376556;-0.302093505859375;0.054962158203125;100 mA
4;4617;24.6972879376453;-0.2996826171875;0.05548095703125;100 mA
4;4618;24.7013579376351;-0.297210693359375;0.0560302734375;100 mA
4;4619;24.7054279376248;-0.294769287109375;0.056732177734375;100 mA
4;4620;24.7094979376145;-0.2923583984375;0.057281494140625;100 mA
4;4621;24.7135679376042;-0.28985595703125;0.05755615234375;100 mA
4;4622;24.717637937594;-0.28741455078125;0.05804443359375;100 mA
4;4623;24.7217079375837;-0.284912109375;0.05853271484375;100 mA
4;4624;24.7257779375734;-0.282440185546875;0.05889892578125;100 mA
4;4625;24.7298479375631;-0.28009033203125;0.059173583984375;100 mA
4;4626;24.7339179375529;-0.277587890625;0.0594482421875;100 mA
4;4627;24.7379879375426;-0.275115966796875;0.059783935546875;100 mA
4;4628;24.7420579375323;-0.272735595703125;0.05999755859375;100 mA
4;4629;24.746127937522;-0.270233154296875;0.060150146484375;100 mA
4;4630;24.7501979375118;-0.267791748046875;0.060302734375;100 mA
4;4631;24.7542679375015;-0.265380859375;0.06036376953125;100 mA
4;4632;24.7583379374912;-0.262939453125;0.06048583984375;100 mA
4;4633;24.7624079374809;-0.26043701171875;0.060699462890625;100 mA
4;4634;24.7664779374707;-0.25799560546875;0.06060791015625;100 mA
4;4635;24.7705479374604;-0.255523681640625;0.060638427734375;100 mA
4;4636;24.7746179374501;-0.253082275390625;0.06060791015625;100 mA
4;4637;24.7786879374398;-0.250640869140625;0.060516357421875;100 mA
4;4638;24.7827579374296;-0.248199462890625;0.06048583984375;100 mA
4;4639;24.7868279374193;-0.245758056640625;0.06036376953125;100 mA
4;4640;24.790897937409;-0.2432861328125;0.060333251953125;100 mA
4;4641;24.7949679373987;-0.24078369140625;0.060150146484375;100 mA
4;4642;24.7990379373884;-0.238372802734375;0.0599365234375;100 mA
4;4643;24.8031079373782;-0.235931396484375;0.059783935546875;100 mA
4;4644;24.8071779373679;-0.23358154296875;0.05963134765625;100 mA
4;4645;24.8112479373576;-0.231048583984375;0.05938720703125;100 mA
4;4646;24.8153179373473;-0.22857666015625;0.059173583984375;100 mA
4;4647;24.8193879373371;-0.22607421875;0.05889892578125;100 mA
4;4648;24.8234579373268;-0.22369384765625;0.05865478515625;100 mA
4;4649;24.8275279373165;-0.22119140625;0.058349609375;100 mA
4;4650;24.8315979373062;-0.21875;0.058013916015625;100 mA
4;4651;24.835667937296;-0.21636962890625;0.057708740234375;100 mA
4;4652;24.8397379372857;-0.213836669921875;0.05743408203125;100 mA
4;4653;24.8438079372754;-0.21136474609375;0.057159423828125;100 mA
4;4654;24.8478779372651;-0.208984375;0.056732177734375;100 mA
4;4655;24.8519479372549;-0.20654296875;0.05633544921875;100 mA
4;4656;24.8560179372446;-0.204132080078125;0.056060791015625;100 mA
4;4657;24.8600879372343;-0.20166015625;0.05572509765625;100 mA
4;4658;24.864157937224;-0.199188232421875;0.0552978515625;100 mA
4;4659;24.8682279372138;-0.196685791015625;0.054931640625;100 mA
4;4660;24.8722979372035;-0.19427490234375;0.0545654296875;100 mA
4;4661;24.8763679371932;-0.19183349609375;0.054229736328125;100 mA
4;4662;24.8804379371829;-0.18939208984375;0.05377197265625;100 mA
4;4663;24.8845079371727;-0.1868896484375;0.053375244140625;100 mA
4;4664;24.8885779371624;-0.184417724609375;0.05303955078125;100 mA
4;4665;24.8926479371521;-0.1820068359375;0.052581787109375;100 mA
4;4666;24.8967179371418;-0.179534912109375;0.052154541015625;100 mA
4;4667;24.9007879371316;-0.17706298828125;0.0517578125;100 mA
4;4668;24.9048579371213;-0.174560546875;0.051422119140625;100 mA
4;4669;24.908927937111;-0.172210693359375;0.05096435546875;100 mA
4;4670;24.9129979371007;-0.16973876953125;0.050567626953125;100 mA
4;4671;24.9170679370905;-0.167266845703125;0.050140380859375;100 mA
4;4672;24.9211379370802;-0.164825439453125;0.0497650146484375;100 mA
4;4673;24.9252079370699;-0.16229248046875;0.049371337890625;100 mA
4;4674;24.9292779370596;-0.15985107421875;0.0489776611328125;100 mA
4;4675;24.9333479370493;-0.15740966796875;0.0485504150390625;100 mA
4;4676;24.9374179370391;-0.15496826171875;0.04820556640625;100 mA
4;4677;24.9414879370288;-0.15252685546875;0.04781494140625;100 mA
4;4678;24.9455579370185;-0.15008544921875;0.0473785400390625;100 mA
4;4679;24.9496279370082;-0.147613525390625;0.0469696044921875;100 mA
4;4680;24.953697936998;-0.1451416015625;0.0466094970703125;100 mA
4;4681;24.9577679369877;-0.1427001953125;0.04622802734375;100 mA
4;4682;24.9618379369774;-0.140350341796875;0.0459075927734375;100 mA
4;4683;24.9659079369671;-0.13775634765625;0.0454498291015625;100 mA
4;4684;24.9699779369569;-0.135345458984375;0.0450714111328125;100 mA
4;4685;24.9740479369466;-0.132904052734375;0.0447418212890625;100 mA
4;4686;24.9781179369363;-0.130523681640625;0.0443450927734375;100 mA
4;4687;24.982187936926;-0.12799072265625;0.0439727783203125;100 mA
4;4688;24.9862579369158;-0.125518798828125;0.0436187744140625;100 mA
4;4689;24.9903279369055;-0.12310791015625;0.043280029296875;100 mA
4;4690;24.9943979368952;-0.12066650390625;0.04293212890625;100 mA
4;4691;24.9984679368849;-0.118194580078125;0.0425567626953125;100 mA
4;4692;25.0025379368747;-0.11578369140625;0.0422210693359375;100 mA
4;4693;25.0066079368644;-0.11328125;0.041888427734375;100 mA
4;4694;25.0106779368541;-0.11083984375;0.041522216796875;100 mA
4;4695;25.0147479368438;-0.1083984375;0.0411895751953125;100 mA
4;4696;25.0188179368336;-0.10595703125;0.040875244140625;100 mA
4;4697;25.0228879368233;-0.103515625;0.0405548095703125;100 mA
4;4698;25.026957936813;-0.10101318359375;0.0402435302734375;100 mA
4;4699;25.0310279368027;-0.0986328125;0.039898681640625;100 mA
4;4700;25.0350979367925;-0.096099853515625;0.039581298828125;100 mA
4;4701;25.0391679367822;-0.093719482421875;0.0392974853515625;100 mA
4;4702;25.0432379367719;-0.09124755859375;0.039019775390625;100 mA
4;4703;25.0473079367616;-0.0887451171875;0.0386749267578125;100 mA
4;4704;25.0513779367514;-0.086334228515625;0.0383514404296875;100 mA
4;4705;25.0554479367411;-0.083831787109375;0.038092041015625;100 mA
4;4706;25.0595179367308;-0.081390380859375;0.037823486328125;100 mA
4;4707;25.0635879367205;-0.078887939453125;0.0375213623046875;100 mA
4;4708;25.0676579367102;-0.0765380859375;0.037200927734375;100 mA
4;4709;25.0717279367;-0.074066162109375;0.03697509765625;100 mA
4;4710;25.0757979366897;-0.07171630859375;0.0366943359375;100 mA
4;4711;25.0798679366794;-0.069183349609375;0.0363922119140625;100 mA
4;4712;25.0839379366691;-0.0667724609375;0.036126708984375;100 mA
4;4713;25.0880079366589;-0.0643310546875;0.0358978271484375;100 mA
4;4714;25.0920779366486;-0.061798095703125;0.0356292724609375;100 mA
4;4715;25.0961479366383;-0.059417724609375;0.035345458984375;100 mA
4;4716;25.100217936628;-0.05682373046875;0.035113525390625;100 mA
4;4717;25.1042879366178;-0.05450439453125;0.0348663330078125;100 mA
4;4718;25.1083579366075;-0.051971435546875;0.0346038818359375;100 mA
4;4719;25.1124279365972;-0.049420166015625;0.0343658447265625;100 mA
4;4720;25.1164979365869;-0.046990966796875;0.0341033935546875;100 mA
4;4721;25.1205679365767;-0.04454345703125;0.0339141845703125;100 mA
4;4722;25.1246379365664;-0.0420928955078125;0.0336578369140625;100 mA
4;4723;25.1287079365561;-0.039630126953125;0.03341064453125;100 mA
4;4724;25.1327779365458;-0.037176513671875;0.03319091796875;100 mA
4;4725;25.1368479365356;-0.0347564697265625;0.0329986572265625;100 mA
4;4726;25.1409179365253;-0.032275390625;0.0327606201171875;100 mA
4;4727;25.144987936515;-0.029833984375;0.0325286865234375;100 mA
4;4728;25.1490579365047;-0.027374267578125;0.03232421875;100 mA
4;4729;25.1531279364945;-0.0249481201171875;0.0320526123046875;100 mA
4;4730;25.1571979364842;-0.0224822998046875;0.0319061279296875;100 mA
4;4731;25.1612679364739;-0.0200225830078125;0.03170166015625;100 mA
4;4732;25.1653379364636;-0.017572021484375;0.0314971923828125;100 mA
4;4733;25.1694079364534;-0.0151580810546875;0.03125;100 mA
4;4734;25.1734779364431;-0.012677001953125;0.031109619140625;100 mA
4;4735;25.1775479364328;-0.010223388671875;0.0308929443359375;100 mA
4;4736;25.1816179364225;-0.007781982421875;0.030718994140625;100 mA
4;4737;25.1856879364123;-0.00533142089843749;0.0305206298828125;100 mA
4;4738;25.189757936402;-0.00286254882812501;0.0303436279296875;100 mA
4;4739;25.1938279363917;-0.000439453125000003;0.0301483154296875;100 mA
