Scan;Index;Time (s);WE(1).Potential (V);WE(1).Current (A);Current range
1;1;5.93258698502166;0.00299987792968751;0.00158935546875;100 mA
1;2;5.93607698501285;0.005474853515625;0.00174346923828125;100 mA
1;3;5.93956698500403;0.0079010009765625;0.00186309814453125;100 mA
1;4;5.94305698499522;0.01036376953125;0.0019268798828125;100 mA
1;5;5.94654698498641;0.0128265380859375;0.00199066162109375;100 mA
1;6;5.9500369849776;0.015277099609375;0.0020404052734375;100 mA
1;7;5.95352698496879;0.0177276611328125;0.00209320068359375;100 mA
1;8;5.95701698495998;0.020166015625;0.00216644287109375;100 mA
1;9;5.96050698495117;0.0226165771484375;0.0022003173828125;100 mA
1;10;5.96399698494236;0.02508544921875;0.0022174072265625;100 mA
1;11;5.96748698493354;0.0275115966796875;0.00225555419921875;100 mA
1;12;5.97097698492473;0.0299957275390625;0.0022802734375;100 mA
1;13;5.97446698491592;0.03243408203125;0.00232940673828125;100 mA
1;14;5.97795698490711;0.0348724365234375;0.0023565673828125;100 mA
1;15;5.9814469848983;0.0373626708984375;0.00234771728515625;100 mA
1;16;5.98493698488949;0.0397979736328125;0.00236541748046875;100 mA
1;17;5.98842698488068;0.042242431640625;0.0023883056640625;100 mA
1;18;5.99191698487186;0.0446929931640625;0.00241943359375;100 mA
1;19;5.99540698486305;0.047161865234375;0.0024468994140625;100 mA
1;20;5.99889698485424;0.0495819091796875;0.00243682861328125;100 mA
1;21;6.00238698484543;0.051910400390625;0.002476806640625;100 mA
1;22;6.00587698483662;0.054443359375;0.002496337890625;100 mA
1;23;6.00936698482781;0.056854248046875;0.0024981689453125;100 mA
1;24;6.012856984819;0.059326171875;0.0024871826171875;100 mA
1;25;6.01634698481018;0.061798095703125;0.0025177001953125;100 mA
1;26;6.01983698480137;0.064208984375;0.00252899169921875;100 mA
1;27;6.02332698479256;0.06671142578125;0.0025384521484375;100 mA
1;28;6.02681698478375;0.069122314453125;0.0025537109375;100 mA
1;29;6.03030698477494;0.071624755859375;0.00253387451171875;100 mA
1;30;6.03379698476613;0.074066162109375;0.002569580078125;100 mA
1;31;6.03728698475732;0.076507568359375;0.00258819580078125;100 mA
1;32;6.0407769847485;0.07904052734375;0.0026068115234375;100 mA
1;33;6.04426698473969;0.081390380859375;0.00262847900390625;100 mA
1;34;6.04775698473088;0.0838623046875;0.00261871337890625;100 mA
1;35;6.05124698472207;0.086334228515625;0.002640380859375;100 mA
1;36;6.05473698471326;0.088836669921875;0.00265380859375;100 mA
1;37;6.05822698470445;0.09124755859375;0.00266632080078125;100 mA
1;38;6.06171698469564;0.0936279296875;0.00267791748046875;100 mA
1;39;6.06520698468682;0.09613037109375;0.002684326171875;100 mA
1;40;6.06869698467801;0.09857177734375;0.00269927978515625;100 mA
1;41;6.0721869846692;0.10101318359375;0.00271820068359375;100 mA
1;42;6.07567698466039;0.10345458984375;0.00273284912109375;100 mA
1;43;6.07916698465158;0.105926513671875;0.00275146484375;100 mA
1;44;6.08265698464277;0.10833740234375;0.0027587890625;100 mA
1;45;6.08614698463396;0.110809326171875;0.00277679443359375;100 mA
1;46;6.08963698462514;0.11328125;0.00278533935546875;100 mA
1;47;6.09312698461633;0.11572265625;0.00279754638671875;100 mA
1;48;6.09661698460752;0.1181640625;0.0028173828125;100 mA
1;49;6.10010698459871;0.12060546875;0.00282745361328125;100 mA
1;50;6.1035969845899;0.123138427734375;0.002838134765625;100 mA
1;51;6.10708698458109;0.125518798828125;0.00285491943359375;100 mA
1;52;6.11057698457228;0.12799072265625;0.00284820556640625;100 mA
1;53;6.11406698456346;0.13037109375;0.002899169921875;100 mA
1;54;6.11755698455465;0.132904052734375;0.00289337158203125;100 mA
1;55;6.12104698454584;0.13531494140625;0.0029156494140625;100 mA
1;56;6.12453698453703;0.137786865234375;0.0029510498046875;100 mA
1;57;6.12802698452822;0.1402587890625;0.0029498291015625;100 mA
1;58;6.13151698451941;0.142669677734375;0.00297027587890625;100 mA
1;59;6.1350069845106;0.145111083984375;0.00296905517578125;100 mA
1;60;6.13849698450178;0.14752197265625;0.0030279541015625;100 mA
1;61;6.14198698449297;0.1500244140625;0.0030126953125;100 mA
1;62;6.14547698448416;0.152587890625;0.00303955078125;100 mA
1;63;6.14896698447535;0.154937744140625;0.00305755615234375;100 mA
1;64;6.15245698446654;0.1573486328125;0.00307220458984375;100 mA
1;65;6.15594698445773;0.159820556640625;0.0030963134765625;100 mA
1;66;6.15943698444892;0.162353515625;0.00311126708984375;100 mA
1;67;6.16292698444011;0.16473388671875;0.003133544921875;100 mA
1;68;6.16641698443129;0.16717529296875;0.00314727783203125;100 mA
1;69;6.16990698442248;0.169647216796875;0.0031707763671875;100 mA
1;70;6.17339698441367;0.172088623046875;0.00319091796875;100 mA
1;71;6.17688698440486;0.174530029296875;0.00320220947265625;100 mA
1;72;6.18037698439605;0.177032470703125;0.0032110595703125;100 mA
1;73;6.18386698438724;0.179412841796875;0.003236083984375;100 mA
1;74;6.18735698437843;0.18194580078125;0.0032611083984375;100 mA
1;75;6.19084698436961;0.184356689453125;0.0033001708984375;100 mA
1;76;6.1943369843608;0.186859130859375;0.0033355712890625;100 mA
1;77;6.19782698435199;0.18927001953125;0.0033251953125;100 mA
1;78;6.20131698434318;0.191650390625;0.003353271484375;100 mA
1;79;6.20480698433437;0.194183349609375;0.003380126953125;100 mA
1;80;6.20829698432556;0.196624755859375;0.0033941650390625;100 mA
1;81;6.21178698431675;0.199066162109375;0.0034283447265625;100 mA
1;82;6.21527698430793;0.2015380859375;0.00343414306640625;100 mA
1;83;6.21876698429912;0.204010009765625;0.00347320556640625;100 mA
1;84;6.22225698429031;0.2064208984375;0.00348785400390625;100 mA
1;85;6.2257469842815;0.2088623046875;0.0035009765625;100 mA
1;86;6.22923698427269;0.2113037109375;0.00354278564453125;100 mA
1;87;6.23272698426388;0.213775634765625;0.00355499267578125;100 mA
1;88;6.23621698425507;0.2161865234375;0.0035687255859375;100 mA
1;89;6.23970698424625;0.21868896484375;0.0036114501953125;100 mA
1;90;6.24319698423744;0.221221923828125;0.0036248779296875;100 mA
1;91;6.24668698422863;0.223541259765625;0.00366973876953125;100 mA
1;92;6.25017698421982;0.226043701171875;0.00366668701171875;100 mA
1;93;6.25366698421101;0.228515625;0.0036871337890625;100 mA
1;94;6.2571569842022;0.23089599609375;0.00370941162109375;100 mA
1;95;6.26064698419339;0.233367919921875;0.003724365234375;100 mA
1;96;6.26413698418457;0.235809326171875;0.0037567138671875;100 mA
1;97;6.26762698417576;0.23828125;0.0037823486328125;100 mA
1;98;6.27111698416695;0.240753173828125;0.00379791259765625;100 mA
1;99;6.27460698415814;0.2431640625;0.00382293701171875;100 mA
1;100;6.27809698414933;0.24560546875;0.0038623046875;100 mA
1;101;6.28158698414052;0.24810791015625;0.003883056640625;100 mA
1;102;6.28507698413171;0.250518798828125;0.00389495849609375;100 mA
1;103;6.28856698412289;0.253021240234375;0.00389862060546875;100 mA
1;104;6.29205698411408;0.2554931640625;0.00394622802734375;100 mA
1;105;6.29554698410527;0.257904052734375;0.0039581298828125;100 mA
1;106;6.29903698409646;0.260345458984375;0.00397186279296875;100 mA
1;107;6.30252698408765;0.26275634765625;0.00399627685546875;100 mA
1;108;6.30601698407884;0.265228271484375;0.0040087890625;100 mA
1;109;6.30950698407003;0.267730712890625;0.0040533447265625;100 mA
1;110;6.31299698406121;0.2701416015625;0.0040728759765625;100 mA
1;111;6.3164869840524;0.272613525390625;0.00407135009765625;100 mA
1;112;6.31997698404359;0.275054931640625;0.00410064697265625;100 mA
1;113;6.32346698403478;0.277496337890625;0.0041107177734375;100 mA
1;114;6.32695698402597;0.27996826171875;0.0041461181640625;100 mA
1;115;6.33044698401716;0.282379150390625;0.004180908203125;100 mA
1;116;6.33393698400835;0.28485107421875;0.004169921875;100 mA
1;117;6.33742698399953;0.28729248046875;0.0041961669921875;100 mA
1;118;6.34091698399072;0.289764404296875;0.004229736328125;100 mA
1;119;6.34440698398191;0.292205810546875;0.0042486572265625;100 mA
1;120;6.3478969839731;0.294647216796875;0.00425506591796875;100 mA
1;121;6.35138698396429;0.297088623046875;0.00427337646484375;100 mA
1;122;6.35487698395548;0.299530029296875;0.00428955078125;100 mA
1;123;6.35836698394667;0.302001953125;0.004310302734375;100 mA
1;124;6.36185698393786;0.304473876953125;0.00433380126953125;100 mA
1;125;6.36534698392904;0.306884765625;0.00431396484375;100 mA
1;126;6.36883698392023;0.309417724609375;0.00435089111328125;100 mA
1;127;6.37232698391142;0.31182861328125;0.00439056396484375;100 mA
1;128;6.37581698390261;0.314239501953125;0.0043804931640625;100 mA
1;129;6.3793069838938;0.316802978515625;0.00439788818359375;100 mA
1;130;6.38279698388499;0.319183349609375;0.004417724609375;100 mA
1;131;6.38628698387618;0.321624755859375;0.0044464111328125;100 mA
1;132;6.38977698386736;0.324066162109375;0.004447021484375;100 mA
1;133;6.39326698385855;0.32659912109375;0.00445465087890625;100 mA
1;134;6.39675698384974;0.329010009765625;0.00448272705078125;100 mA
1;135;6.40024698384093;0.3314208984375;0.0044873046875;100 mA
1;136;6.40373698383212;0.33392333984375;0.00450592041015625;100 mA
1;137;6.40722698382331;0.33636474609375;0.00453948974609375;100 mA
1;138;6.4107169838145;0.33880615234375;0.00454254150390625;100 mA
1;139;6.41420698380568;0.341217041015625;0.004544677734375;100 mA
1;140;6.41769698379687;0.34368896484375;0.00454254150390625;100 mA
1;141;6.42118698378806;0.34613037109375;0.004576416015625;100 mA
1;142;6.42467698377925;0.348602294921875;0.0045904541015625;100 mA
1;143;6.42816698377044;0.35107421875;0.00459747314453125;100 mA
1;144;6.43165698376163;0.353515625;0.00461151123046875;100 mA
1;145;6.43514698375282;0.355987548828125;0.00462310791015625;100 mA
1;146;6.438636983744;0.3583984375;0.0046221923828125;100 mA
1;147;6.44212698373519;0.360870361328125;0.00467529296875;100 mA
1;148;6.44561698372638;0.36328125;0.00467620849609375;100 mA
1;149;6.44910698371757;0.36578369140625;0.00465972900390625;100 mA
1;150;6.45259698370876;0.3681640625;0.0046826171875;100 mA
1;151;6.45608698369995;0.370635986328125;0.0047113037109375;100 mA
1;152;6.45957698369114;0.373138427734375;0.00471099853515625;100 mA
1;153;6.46306698368232;0.37554931640625;0.0047296142578125;100 mA
1;154;6.46655698367351;0.378021240234375;0.00471649169921875;100 mA
1;155;6.4700469836647;0.380462646484375;0.004739990234375;100 mA
1;156;6.47353698365589;0.3829345703125;0.00475006103515625;100 mA
1;157;6.47702698364708;0.3853759765625;0.00475372314453125;100 mA
1;158;6.48051698363827;0.3878173828125;0.00479736328125;100 mA
1;159;6.48400698362946;0.390289306640625;0.00480682373046875;100 mA
1;160;6.48749698362064;0.39276123046875;0.00479583740234375;100 mA
1;161;6.49098698361183;0.395233154296875;0.0048211669921875;100 mA
1;162;6.49447698360302;0.397613525390625;0.0048248291015625;100 mA
1;163;6.49796698359421;0.400177001953125;0.0048382568359375;100 mA
1;164;6.5014569835854;0.40252685546875;0.0048583984375;100 mA
1;165;6.50494698357659;0.404998779296875;0.00489501953125;100 mA
1;166;6.50843698356778;0.407440185546875;0.004901123046875;100 mA
1;167;6.51192698355896;0.409881591796875;0.00490020751953125;100 mA
1;168;6.51541698355015;0.412353515625;0.004888916015625;100 mA
1;169;6.51890698354134;0.414794921875;0.00493072509765625;100 mA
1;170;6.52239698353253;0.417266845703125;0.00492431640625;100 mA
1;171;6.52588698352372;0.419677734375;0.004949951171875;100 mA
1;172;6.52937698351491;0.422149658203125;0.0049346923828125;100 mA
1;173;6.5328669835061;0.424591064453125;0.0049560546875;100 mA
1;174;6.53635698349729;0.427032470703125;0.0049835205078125;100 mA
1;175;6.53984698348847;0.42950439453125;0.0050048828125;100 mA
1;176;6.54333698347966;0.43194580078125;0.005023193359375;100 mA
1;177;6.54682698347085;0.434356689453125;0.0050628662109375;100 mA
1;178;6.55031698346204;0.43682861328125;0.0050445556640625;100 mA
1;179;6.55380698345323;0.43927001953125;0.0050750732421875;100 mA
1;180;6.55729698344442;0.4417724609375;0.0051116943359375;100 mA
1;181;6.56078698343561;0.4442138671875;0.0051300048828125;100 mA
1;182;6.56427698342679;0.446685791015625;0.005096435546875;100 mA
1;183;6.56776698341798;0.448455810546875;0.00416839599609375;100 mA
1;184;6.57125698340917;0.446044921875;0.00362396240234375;100 mA
1;185;6.57474698340036;0.443634033203125;0.00331634521484375;100 mA
1;186;6.57823698339155;0.441131591796875;0.003096923828125;100 mA
1;187;6.58172698338274;0.43865966796875;0.0029095458984375;100 mA
1;188;6.58521698337393;0.436279296875;0.0027191162109375;100 mA
1;189;6.58870698336511;0.43389892578125;0.00256439208984375;100 mA
1;190;6.5921969833563;0.431365966796875;0.00244110107421875;100 mA
1;191;6.59568698334749;0.428924560546875;0.00230438232421875;100 mA
1;192;6.59917698333868;0.42645263671875;0.0021929931640625;100 mA
1;193;6.60266698332987;0.4239501953125;0.00209442138671875;100 mA
1;194;6.60615698332106;0.421600341796875;0.0019970703125;100 mA
1;195;6.60964698331225;0.4190673828125;0.00189544677734375;100 mA
1;196;6.61313698330343;0.416717529296875;0.001800537109375;100 mA
1;197;6.61662698329462;0.414306640625;0.0017034912109375;100 mA
1;198;6.62011698328581;0.411834716796875;0.00160430908203125;100 mA
1;199;6.623606983277;0.409393310546875;0.0015399169921875;100 mA
1;200;6.62709698326819;0.40692138671875;0.00145477294921875;100 mA
1;201;6.63058698325938;0.404449462890625;0.00142303466796875;100 mA
1;202;6.63407698325057;0.402008056640625;0.00136199951171875;100 mA
1;203;6.63756698324175;0.39959716796875;0.00128387451171875;100 mA
1;204;6.64105698323294;0.397186279296875;0.00122039794921875;100 mA
1;205;6.64454698322413;0.39471435546875;0.00116973876953125;100 mA
1;206;6.64803698321532;0.3922119140625;0.00111297607421875;100 mA
1;207;6.65152698320651;0.3897705078125;0.0010675048828125;100 mA
1;208;6.6550169831977;0.38739013671875;0.0010107421875;100 mA
1;209;6.65850698318889;0.384918212890625;0.00097503662109375;100 mA
1;210;6.66199698318007;0.382415771484375;0.00092010498046875;100 mA
1;211;6.66548698317126;0.38006591796875;0.000870666503906251;100 mA
1;212;6.66897698316245;0.377593994140625;0.000821838378906251;100 mA
1;213;6.67246698315364;0.375091552734375;0.000778808593749999;100 mA
1;214;6.67595698314483;0.372711181640625;0.00074432373046875;100 mA
1;215;6.67944698313602;0.370269775390625;0.000704345703125001;100 mA
1;216;6.68293698312721;0.36773681640625;0.00066375732421875;100 mA
1;217;6.68642698311839;0.36541748046875;0.00063018798828125;100 mA
1;218;6.68991698310958;0.36297607421875;0.00059539794921875;100 mA
1;219;6.69340698310077;0.36041259765625;0.0005633544921875;100 mA
1;220;6.69689698309196;0.358062744140625;0.0005126953125;100 mA
1;221;6.70038698308315;0.35552978515625;0.000490417480468749;100 mA
1;222;6.70387698307434;0.353118896484375;0.000459899902343749;100 mA
1;223;6.70736698306553;0.350738525390625;0.000419006347656251;100 mA
1;224;6.71085698305671;0.348236083984375;0.000406494140624999;100 mA
1;225;6.7143469830479;0.345794677734375;0.00034149169921875;100 mA
1;226;6.71783698303909;0.3433837890625;0.000335693359375;100 mA
1;227;6.72132698303028;0.3409423828125;0.000322875976562501;100 mA
1;228;6.72481698302147;0.338470458984375;0.0002642822265625;100 mA
1;229;6.72830698301266;0.336090087890625;0.0002606201171875;100 mA
1;230;6.73179698300385;0.333587646484375;0.000206909179687501;100 mA
1;231;6.73528698299504;0.331207275390625;0.00020721435546875;100 mA
1;232;6.73877698298622;0.328704833984375;0.00018280029296875;100 mA
1;233;6.74226698297741;0.3262939453125;0.000153198242187499;100 mA
1;234;6.7457569829686;0.32379150390625;0.00013275146484375;100 mA
1;235;6.74924698295979;0.3212890625;0.000119628906249999;100 mA
1;236;6.75273698295098;0.318878173828125;8.42285156249997E-05;100 mA
1;237;6.75622698294217;0.31646728515625;7.59887695312503E-05;100 mA
1;238;6.75971698293336;0.313995361328125;2.56347656250003E-05;100 mA
1;239;6.76320698292454;0.3115234375;9.76562499999945E-06;100 mA
1;240;6.76669698291573;0.309112548828125;-1.52587890625E-06;100 mA
1;241;6.77018698290692;0.306671142578125;-6.103515625E-05;100 mA
1;242;6.77367698289811;0.30419921875;-3.11279296874994E-05;100 mA
1;243;6.7771669828893;0.301788330078125;-6.59179687499997E-05;100 mA
1;244;6.78065698288049;0.299346923828125;-7.75146484375003E-05;100 mA
1;245;6.78414698287168;0.296905517578125;-0.0001171875;100 mA
1;246;6.78763698286286;0.294525146484375;-0.00013763427734375;100 mA
1;247;6.79112698285405;0.292083740234375;-0.0001385498046875;100 mA
1;248;6.79461698284524;0.289581298828125;-0.000172119140625;100 mA
1;249;6.79810698283643;0.287109375;-0.0001971435546875;100 mA
1;250;6.80159698282762;0.28472900390625;-0.00021026611328125;100 mA
1;251;6.80508698281881;0.282257080078125;-0.00024444580078125;100 mA
1;252;6.80857698281;0.27984619140625;-0.0002642822265625;100 mA
1;253;6.81206698280118;0.277374267578125;-0.000269165039062499;100 mA
1;254;6.81555698279237;0.274932861328125;-0.000293884277343751;100 mA
1;255;6.81904698278356;0.2724609375;-0.00031768798828125;100 mA
1;256;6.82253698277475;0.27001953125;-0.0003216552734375;100 mA
1;257;6.82602698276594;0.267578125;-0.0003631591796875;100 mA
1;258;6.82951698275713;0.265228271484375;-0.0003643798828125;100 mA
1;259;6.83300698274832;0.262725830078125;-0.000403747558593751;100 mA
1;260;6.8364969827395;0.26025390625;-0.000408020019531249;100 mA
1;261;6.83998698273069;0.257843017578125;-0.000401611328125;100 mA
1;262;6.84347698272188;0.255401611328125;-0.00043487548828125;100 mA
1;263;6.84696698271307;0.252960205078125;-0.00047027587890625;100 mA
1;264;6.85045698270426;0.25048828125;-0.000481567382812501;100 mA
1;265;6.85394698269545;0.248046875;-0.0005023193359375;100 mA
1;266;6.85743698268664;0.24566650390625;-0.00051300048828125;100 mA
1;267;6.86092698267782;0.243133544921875;-0.000540771484374999;100 mA
1;268;6.86441698266901;0.24072265625;-0.000551757812500001;100 mA
1;269;6.8679069826602;0.238250732421875;-0.00056640625;100 mA
1;270;6.87139698265139;0.23583984375;-0.000574951171875;100 mA
1;271;6.87488698264258;0.2333984375;-0.00059844970703125;100 mA
1;272;6.87837698263377;0.23095703125;-0.00061676025390625;100 mA
1;273;6.88186698262496;0.228485107421875;-0.000631103515625001;100 mA
1;274;6.88535698261614;0.22601318359375;-0.00064697265625;100 mA
1;275;6.88884698260733;0.223541259765625;-0.000657043457031251;100 mA
1;276;6.89233698259852;0.22113037109375;-0.0006732177734375;100 mA
1;277;6.89582698258971;0.218719482421875;-0.0007110595703125;100 mA
1;278;6.8993169825809;0.216278076171875;-0.00072601318359375;100 mA
1;279;6.90280698257209;0.21380615234375;-0.00074188232421875;100 mA
1;280;6.90629698256328;0.21136474609375;-0.0007611083984375;100 mA
1;281;6.90978698255446;0.20892333984375;-0.0007794189453125;100 mA
1;282;6.91327698254565;0.20654296875;-0.0008074951171875;100 mA
1;283;6.91676698253684;0.204071044921875;-0.0008038330078125;100 mA
1;284;6.92025698252803;0.201629638671875;-0.000858459472656251;100 mA
1;285;6.92374698251922;0.199188232421875;-0.00083343505859375;100 mA
1;286;6.92723698251041;0.196746826171875;-0.000881347656250001;100 mA
1;287;6.9307269825016;0.19427490234375;-0.00088348388671875;100 mA
1;288;6.93421698249279;0.191802978515625;-0.00092132568359375;100 mA
1;289;6.93770698248397;0.189361572265625;-0.0009136962890625;100 mA
1;290;6.94119698247516;0.1868896484375;-0.000931701660156251;100 mA
1;291;6.94468698246635;0.18450927734375;-0.0009527587890625;100 mA
1;292;6.94817698245754;0.182098388671875;-0.00095550537109375;100 mA
1;293;6.95166698244873;0.17962646484375;-0.000991210937500001;100 mA
1;294;6.95515698243992;0.177215576171875;-0.001021728515625;100 mA
1;295;6.95864698243111;0.1746826171875;-0.0010296630859375;100 mA
1;296;6.96213698242229;0.17230224609375;-0.00105377197265625;100 mA
1;297;6.96562698241348;0.169830322265625;-0.00106170654296875;100 mA
1;298;6.96911698240467;0.167388916015625;-0.0010809326171875;100 mA
1;299;6.97260698239586;0.16497802734375;-0.00109130859375;100 mA
1;300;6.97609698238705;0.1624755859375;-0.0011138916015625;100 mA
1;301;6.97958698237824;0.160064697265625;-0.00112335205078125;100 mA
1;302;6.98307698236943;0.1575927734375;-0.00115478515625;100 mA
1;303;6.98656698236061;0.1551513671875;-0.00117431640625;100 mA
1;304;6.9900569823518;0.1527099609375;-0.0011920166015625;100 mA
1;305;6.99354698234299;0.15032958984375;-0.001217041015625;100 mA
1;306;6.99703698233418;0.147857666015625;-0.00123870849609375;100 mA
1;307;7.00052698232537;0.145416259765625;-0.00125823974609375;100 mA
1;308;7.00401698231656;0.1429443359375;-0.0012689208984375;100 mA
1;309;7.00750698230775;0.140533447265625;-0.0012896728515625;100 mA
1;310;7.01099698229893;0.13812255859375;-0.001298828125;100 mA
1;311;7.01448698229012;0.135650634765625;-0.00133392333984375;100 mA
1;312;7.01797698228131;0.133209228515625;-0.00135589599609375;100 mA
1;313;7.0214669822725;0.130767822265625;-0.001361083984375;100 mA
1;314;7.02495698226369;0.128326416015625;-0.0013702392578125;100 mA
1;315;7.02844698225488;0.125823974609375;-0.00139251708984375;100 mA
1;316;7.03193698224607;0.123443603515625;-0.00140380859375;100 mA
1;317;7.03542698223725;0.1209716796875;-0.00142913818359375;100 mA
1;318;7.03891698222844;0.118621826171875;-0.001463623046875;100 mA
1;319;7.04240698221963;0.1160888671875;-0.0014697265625;100 mA
1;320;7.04589698221082;0.1136474609375;-0.001505126953125;100 mA
1;321;7.04938698220201;0.111175537109375;-0.0015185546875;100 mA
1;322;7.0528769821932;0.108734130859375;-0.00154266357421875;100 mA
1;323;7.05636698218439;0.106292724609375;-0.00153717041015625;100 mA
1;324;7.05985698217557;0.103912353515625;-0.00157745361328125;100 mA
1;325;7.06334698216676;0.10137939453125;-0.0016058349609375;100 mA
1;326;7.06683698215795;0.0989990234375;-0.001612548828125;100 mA
1;327;7.07032698214914;0.096527099609375;-0.00163848876953125;100 mA
1;328;7.07381698214033;0.094085693359375;-0.001627197265625;100 mA
1;329;7.07730698213152;0.0916748046875;-0.0016766357421875;100 mA
1;330;7.08079698212271;0.0892333984375;-0.0017169189453125;100 mA
1;331;7.08428698211389;0.0867919921875;-0.00174835205078125;100 mA
1;332;7.08777698210508;0.0843505859375;-0.00172637939453125;100 mA
1;333;7.09126698209627;0.0819091796875;-0.00174468994140625;100 mA
1;334;7.09475698208746;0.079437255859375;-0.00177978515625;100 mA
1;335;7.09824698207865;0.076995849609375;-0.00179473876953125;100 mA
1;336;7.10173698206984;0.074554443359375;-0.00181427001953125;100 mA
1;337;7.10522698206103;0.0721435546875;-0.00184051513671875;100 mA
1;338;7.10871698205221;0.0697021484375;-0.0018585205078125;100 mA
1;339;7.1122069820434;0.06719970703125;-0.00187896728515625;100 mA
1;340;7.11569698203459;0.0648193359375;-0.0019378662109375;100 mA
1;341;7.11918698202578;0.062347412109375;-0.00193939208984375;100 mA
1;342;7.12267698201697;0.059906005859375;-0.001929931640625;100 mA
1;343;7.12616698200816;0.057464599609375;-0.0019879150390625;100 mA
1;344;7.12965698199935;0.055023193359375;-0.0019952392578125;100 mA
1;345;7.13314698199054;0.05255126953125;-0.00202392578125;100 mA
1;346;7.13663698198172;0.050079345703125;-0.0020556640625;100 mA
1;347;7.14012698197291;0.0476776123046875;-0.0020989990234375;100 mA
1;348;7.1436169819641;0.0452178955078125;-0.00209991455078125;100 mA
1;349;7.14710698195529;0.042779541015625;-0.002149658203125;100 mA
1;350;7.15059698194648;0.040350341796875;-0.0021722412109375;100 mA
1;351;7.15408698193767;0.0378875732421875;-0.00221405029296875;100 mA
1;352;7.15757698192886;0.0354461669921875;-0.00220733642578125;100 mA
1;353;7.16106698192004;0.0330078125;-0.002242431640625;100 mA
1;354;7.16455698191123;0.03056640625;-0.00229034423828125;100 mA
1;355;7.16804698190242;0.0281005859375;-0.00232635498046875;100 mA
1;356;7.17153698189361;0.0256988525390625;-0.0023455810546875;100 mA
1;357;7.1750269818848;0.02325439453125;-0.00237060546875;100 mA
1;358;7.17851698187599;0.02078857421875;-0.00240692138671875;100 mA
1;359;7.18200698186718;0.0183746337890625;-0.002457275390625;100 mA
1;360;7.18549698185836;0.015875244140625;-0.00247650146484375;100 mA
1;361;7.18898698184955;0.013458251953125;-0.0025103759765625;100 mA
1;362;7.19247698184074;0.0110137939453125;-0.0025653076171875;100 mA
1;363;7.19596698183193;0.0085479736328125;-0.0025665283203125;100 mA
1;364;7.19945698182312;0.00612487792968749;-0.00264892578125;100 mA
1;365;7.20294698181431;0.0036956787109375;-0.00267913818359375;100 mA
1;366;7.2064369818055;0.00122680664062499;-0.00271820068359375;100 mA
1;367;7.20992698179668;-0.001202392578125;-0.0027703857421875;100 mA
1;368;7.21341698178787;-0.0036346435546875;-0.00281829833984375;100 mA
1;369;7.21690698177906;-0.00609741210937501;-0.0028521728515625;100 mA
1;370;7.22039698177025;-0.00853576660156249;-0.0029296875;100 mA
1;371;7.22388698176144;-0.010968017578125;-0.00296142578125;100 mA
1;372;7.22737698175263;-0.013409423828125;-0.0030169677734375;100 mA
1;373;7.23086698174382;-0.0158721923828125;-0.0030804443359375;100 mA
1;374;7.234356981735;-0.0183013916015625;-0.00311981201171875;100 mA
1;375;7.23784698172619;-0.020745849609375;-0.0031427001953125;100 mA
1;376;7.24133698171738;-0.0232086181640625;-0.003221435546875;100 mA
1;377;7.24482698170857;-0.025616455078125;-0.0032745361328125;100 mA
1;378;7.24831698169976;-0.0280914306640625;-0.00336151123046875;100 mA
1;379;7.25180698169095;-0.0305145263671875;-0.00341796875;100 mA
1;380;7.25529698168214;-0.0329803466796875;-0.0034832763671875;100 mA
1;381;7.25878698167332;-0.0354156494140625;-0.00354278564453125;100 mA
1;382;7.26227698166451;-0.0378326416015625;-0.0036163330078125;100 mA
1;383;7.2657669816557;-0.0402984619140625;-0.00369781494140625;100 mA
1;384;7.26925698164689;-0.042742919921875;-0.0037664794921875;100 mA
1;385;7.27274698163808;-0.045172119140625;-0.00384368896484375;100 mA
1;386;7.27623698162927;-0.0476531982421875;-0.00390228271484375;100 mA
1;387;7.27972698162046;-0.05010986328125;-0.0039886474609375;100 mA
1;388;7.28321698161164;-0.052490234375;-0.00409576416015625;100 mA
1;389;7.28670698160283;-0.05499267578125;-0.00418792724609375;100 mA
1;390;7.29019698159402;-0.057403564453125;-0.00427764892578125;100 mA
1;391;7.29368698158521;-0.059814453125;-0.00438507080078125;100 mA
1;392;7.2971769815764;-0.062286376953125;-0.0044696044921875;100 mA
1;393;7.30066698156759;-0.064727783203125;-0.00459716796875;100 mA
1;394;7.30415698155878;-0.067169189453125;-0.00472259521484375;100 mA
1;395;7.30764698154996;-0.06964111328125;-0.00481109619140625;100 mA
1;396;7.31113698154115;-0.0721435546875;-0.0049078369140625;100 mA
1;397;7.31462698153234;-0.074554443359375;-0.0050262451171875;100 mA
1;398;7.31811698152353;-0.076934814453125;-0.0051910400390625;100 mA
1;399;7.32160698151472;-0.079376220703125;-0.005316162109375;100 mA
1;400;7.32509698150591;-0.08184814453125;-0.0054473876953125;100 mA
1;401;7.3285869814971;-0.084320068359375;-0.005560302734375;100 mA
1;402;7.33207698148829;-0.08673095703125;-0.005755615234375;100 mA
1;403;7.33556698147947;-0.0892333984375;-0.0058746337890625;100 mA
1;404;7.33905698147066;-0.091644287109375;-0.0060394287109375;100 mA
1;405;7.34254698146185;-0.0941162109375;-0.0061920166015625;100 mA
1;406;7.34603698145304;-0.096527099609375;-0.0063751220703125;100 mA
1;407;7.34952698144423;-0.09893798828125;-0.0065826416015625;100 mA
1;408;7.35301698143542;-0.101409912109375;-0.0067626953125;100 mA
1;409;7.35650698142661;-0.1038818359375;-0.006915283203125;100 mA
1;410;7.35999698141779;-0.106292724609375;-0.00714111328125;100 mA
1;411;7.36348698140898;-0.10870361328125;-0.0073211669921875;100 mA
1;412;7.36697698140017;-0.111236572265625;-0.0075225830078125;100 mA
1;413;7.37046698139136;-0.113616943359375;-0.0077911376953125;100 mA
1;414;7.37395698138255;-0.116119384765625;-0.007977294921875;100 mA
1;415;7.37744698137374;-0.1185302734375;-0.008203125;100 mA
1;416;7.38093698136493;-0.1209716796875;-0.0085235595703125;100 mA
1;417;7.38442698135611;-0.1234130859375;-0.0087310791015625;100 mA
1;418;7.3879169813473;-0.125823974609375;-0.008978271484375;100 mA
1;419;7.39140698133849;-0.128265380859375;-0.0092529296875;100 mA
1;420;7.39489698132968;-0.1307373046875;-0.0095184326171875;100 mA
1;421;7.39838698132087;-0.1331787109375;-0.0098419189453125;100 mA
1;422;7.40187698131206;-0.1356201171875;-0.010162353515625;100 mA
1;423;7.40536698130325;-0.138031005859375;-0.010455322265625;100 mA
1;424;7.40885698129443;-0.1405029296875;-0.0108062744140625;100 mA
1;425;7.41234698128562;-0.1429443359375;-0.0111236572265625;100 mA
1;426;7.41583698127681;-0.145355224609375;-0.0115264892578125;100 mA
1;427;7.419326981268;-0.147796630859375;-0.01187744140625;100 mA
1;428;7.42281698125919;-0.150238037109375;-0.0122406005859375;100 mA
1;429;7.42630698125038;-0.152740478515625;-0.012652587890625;100 mA
1;430;7.42979698124157;-0.155181884765625;-0.0130462646484375;100 mA
1;431;7.43328698123275;-0.1575927734375;-0.0135040283203125;100 mA
1;432;7.43677698122394;-0.160003662109375;-0.01390380859375;100 mA
1;433;7.44026698121513;-0.1624755859375;-0.0143524169921875;100 mA
1;434;7.44375698120632;-0.1649169921875;-0.0148193359375;100 mA
1;435;7.44724698119751;-0.16741943359375;-0.01534423828125;100 mA
1;436;7.4507369811887;-0.169830322265625;-0.0158172607421875;100 mA
1;437;7.45422698117989;-0.172271728515625;-0.016375732421875;100 mA
1;438;7.45771698117107;-0.17474365234375;-0.016864013671875;100 mA
1;439;7.46120698116226;-0.1771240234375;-0.0174102783203125;100 mA
1;440;7.46469698115345;-0.179595947265625;-0.0180328369140625;100 mA
1;441;7.46818698114464;-0.181976318359375;-0.018621826171875;100 mA
1;442;7.47167698113583;-0.1844482421875;-0.0192291259765625;100 mA
1;443;7.47516698112702;-0.1868896484375;-0.019805908203125;100 mA
1;444;7.47865698111821;-0.1893310546875;-0.0204254150390625;100 mA
1;445;7.48214698110939;-0.1917724609375;-0.021160888671875;100 mA
1;446;7.48563698110058;-0.1942138671875;-0.02183837890625;100 mA
1;447;7.48912698109177;-0.196685791015625;-0.022503662109375;100 mA
1;448;7.49261698108296;-0.1990966796875;-0.0232421875;100 mA
1;449;7.49610698107415;-0.20159912109375;-0.0240020751953125;100 mA
1;450;7.49959698106534;-0.2039794921875;-0.0247894287109375;100 mA
1;451;7.50308698105653;-0.206451416015625;-0.0256378173828125;100 mA
1;452;7.50657698104771;-0.20880126953125;-0.0263641357421875;100 mA
1;453;7.5100669810389;-0.211334228515625;-0.027215576171875;100 mA
1;454;7.51355698103009;-0.2137451171875;-0.02803955078125;100 mA
1;455;7.51704698102128;-0.216217041015625;-0.02891845703125;100 mA
1;456;7.52053698101247;-0.21868896484375;-0.029876708984375;100 mA
1;457;7.52402698100366;-0.221099853515625;-0.0306732177734375;100 mA
1;458;7.52751698099485;-0.2235107421875;-0.0316162109375;100 mA
1;459;7.53100698098604;-0.225982666015625;-0.032647705078125;100 mA
1;460;7.53449698097722;-0.228363037109375;-0.0336639404296875;100 mA
1;461;7.53798698096841;-0.23089599609375;-0.034478759765625;100 mA
1;462;7.5414769809596;-0.233306884765625;-0.03551025390625;100 mA
1;463;7.54496698095079;-0.2357177734375;-0.0364990234375;100 mA
1;464;7.54845698094198;-0.2381591796875;-0.0376251220703125;100 mA
1;465;7.55194698093317;-0.240631103515625;-0.0386810302734375;100 mA
1;466;7.55543698092436;-0.24310302734375;-0.0397705078125;100 mA
1;467;7.55892698091554;-0.245513916015625;-0.0407928466796875;100 mA
1;468;7.56241698090673;-0.24798583984375;-0.041839599609375;100 mA
1;469;7.56590698089792;-0.2503662109375;-0.043011474609375;100 mA
1;470;7.56939698088911;-0.252838134765625;-0.044189453125;100 mA
1;471;7.5728869808803;-0.255279541015625;-0.04522705078125;100 mA
1;472;7.57637698087149;-0.257781982421875;-0.0463714599609375;100 mA
1;473;7.57986698086268;-0.2601318359375;-0.0475067138671875;100 mA
1;474;7.58335698085386;-0.262603759765625;-0.048736572265625;100 mA
1;475;7.58684698084505;-0.265045166015625;-0.049896240234375;100 mA
1;476;7.59033698083624;-0.267425537109375;-0.0509033203125;100 mA
1;477;7.59382698082743;-0.269927978515625;-0.0521240234375;100 mA
1;478;7.59731698081862;-0.272430419921875;-0.0533447265625;100 mA
1;479;7.60080698080981;-0.27484130859375;-0.05450439453125;100 mA
1;480;7.604296980801;-0.277252197265625;-0.0555419921875;100 mA
1;481;7.60778698079218;-0.279693603515625;-0.05657958984375;100 mA
1;482;7.61127698078337;-0.282135009765625;-0.057708740234375;100 mA
1;483;7.61476698077456;-0.284576416015625;-0.05902099609375;100 mA
1;484;7.61825698076575;-0.28704833984375;-0.060089111328125;100 mA
1;485;7.62174698075694;-0.289520263671875;-0.061126708984375;100 mA
1;486;7.62523698074813;-0.291900634765625;-0.0621337890625;100 mA
1;487;7.62872698073932;-0.29437255859375;-0.0631103515625;100 mA
1;488;7.6322169807305;-0.296783447265625;-0.064300537109375;100 mA
1;489;7.63570698072169;-0.299224853515625;-0.065277099609375;100 mA
1;490;7.63919698071288;-0.3016357421875;-0.066253662109375;100 mA
1;491;7.64268698070407;-0.304168701171875;-0.067169189453125;100 mA
1;492;7.64617698069526;-0.3065185546875;-0.06817626953125;100 mA
1;493;7.64966698068645;-0.30902099609375;-0.069091796875;100 mA
1;494;7.65315698067764;-0.3115234375;-0.069976806640625;100 mA
1;495;7.65664698066882;-0.313934326171875;-0.07073974609375;100 mA
1;496;7.66013698066001;-0.31640625;-0.071563720703125;100 mA
1;497;7.6636269806512;-0.31878662109375;-0.07232666015625;100 mA
1;498;7.66711698064239;-0.321258544921875;-0.073211669921875;100 mA
1;499;7.67060698063358;-0.32366943359375;-0.073944091796875;100 mA
1;500;7.67409698062477;-0.326080322265625;-0.074493408203125;100 mA
1;501;7.67758698061596;-0.32855224609375;-0.075103759765625;100 mA
1;502;7.68107698060714;-0.331024169921875;-0.075836181640625;100 mA
1;503;7.68456698059833;-0.333465576171875;-0.076446533203125;100 mA
1;504;7.68805698058952;-0.335906982421875;-0.076904296875;100 mA
1;505;7.69154698058071;-0.33837890625;-0.077301025390625;100 mA
1;506;7.6950369805719;-0.340789794921875;-0.0777587890625;100 mA
1;507;7.69852698056309;-0.343231201171875;-0.078338623046875;100 mA
1;508;7.70201698055428;-0.345611572265625;-0.078704833984375;100 mA
1;509;7.70550698054547;-0.34808349609375;-0.079010009765625;100 mA
1;510;7.70899698053665;-0.350494384765625;-0.07928466796875;100 mA
1;511;7.71248698052784;-0.352996826171875;-0.079620361328125;100 mA
1;512;7.71597698051903;-0.35546875;-0.079925537109375;100 mA
1;513;7.71946698051022;-0.35784912109375;-0.080108642578125;100 mA
1;514;7.72295698050141;-0.360382080078125;-0.08026123046875;100 mA
1;515;7.7264469804926;-0.362762451171875;-0.080413818359375;100 mA
1;516;7.72993698048379;-0.36517333984375;-0.080535888671875;100 mA
1;517;7.73342698047497;-0.36761474609375;-0.080718994140625;100 mA
1;518;7.73691698046616;-0.370025634765625;-0.080810546875;100 mA
1;519;7.74040698045735;-0.372528076171875;-0.0806884765625;100 mA
1;520;7.74389698044854;-0.374969482421875;-0.0806884765625;100 mA
1;521;7.74738698043973;-0.37738037109375;-0.080810546875;100 mA
1;522;7.75087698043092;-0.3798828125;-0.080657958984375;100 mA
1;523;7.75436698042211;-0.382293701171875;-0.08056640625;100 mA
1;524;7.75785698041329;-0.384735107421875;-0.080413818359375;100 mA
1;525;7.76134698040448;-0.387237548828125;-0.080230712890625;100 mA
1;526;7.76483698039567;-0.389617919921875;-0.080169677734375;100 mA
1;527;7.76832698038686;-0.39208984375;-0.0799560546875;100 mA
1;528;7.77181698037805;-0.394561767578125;-0.07977294921875;100 mA
1;529;7.77530698036924;-0.39697265625;-0.07952880859375;100 mA
1;530;7.77879698036043;-0.399444580078125;-0.07928466796875;100 mA
1;531;7.78228698035161;-0.401824951171875;-0.0791015625;100 mA
1;532;7.7857769803428;-0.404296875;-0.078765869140625;100 mA
1;533;7.78926698033399;-0.40673828125;-0.07843017578125;100 mA
1;534;7.79275698032518;-0.4091796875;-0.07818603515625;100 mA
1;535;7.79624698031637;-0.411651611328125;-0.077850341796875;100 mA
1;536;7.79973698030756;-0.414031982421875;-0.077606201171875;100 mA
1;537;7.80322698029875;-0.41650390625;-0.077301025390625;100 mA
1;538;7.80671698028993;-0.41900634765625;-0.07684326171875;100 mA
1;539;7.81020698028112;-0.42138671875;-0.076507568359375;100 mA
1;540;7.81369698027231;-0.423797607421875;-0.076202392578125;100 mA
1;541;7.8171869802635;-0.426300048828125;-0.0758056640625;100 mA
1;542;7.82067698025469;-0.42877197265625;-0.075469970703125;100 mA
1;543;7.82416698024588;-0.431182861328125;-0.074981689453125;100 mA
1;544;7.82765698023707;-0.43359375;-0.074615478515625;100 mA
1;545;7.83114698022825;-0.43603515625;-0.07427978515625;100 mA
1;546;7.83463698021944;-0.438507080078125;-0.0738525390625;100 mA
1;547;7.83812698021063;-0.441009521484375;-0.073333740234375;100 mA
1;548;7.84161698020182;-0.443359375;-0.072967529296875;100 mA
1;549;7.84510698019301;-0.445831298828125;-0.07257080078125;100 mA
1;550;7.8485969801842;-0.448272705078125;-0.07220458984375;100 mA
1;551;7.85208698017539;-0.45074462890625;-0.07171630859375;100 mA
1;552;7.85557698016657;-0.453216552734375;-0.0712890625;100 mA
1;553;7.85906698015776;-0.455596923828125;-0.070892333984375;100 mA
1;554;7.86255698014895;-0.4580078125;-0.070465087890625;100 mA
1;555;7.86604698014014;-0.46051025390625;-0.070068359375;100 mA
1;556;7.86953698013133;-0.462982177734375;-0.06964111328125;100 mA
1;557;7.87302698012252;-0.465423583984375;-0.0692138671875;100 mA
1;558;7.87651698011371;-0.4678955078125;-0.06878662109375;100 mA
1;559;7.88000698010489;-0.47021484375;-0.068389892578125;100 mA
1;560;7.88349698009608;-0.47271728515625;-0.067962646484375;100 mA
1;561;7.88698698008727;-0.475128173828125;-0.067535400390625;100 mA
1;562;7.89047698007846;-0.47760009765625;-0.067047119140625;100 mA
1;563;7.89396698006965;-0.4801025390625;-0.06671142578125;100 mA
1;564;7.89745698006084;-0.482513427734375;-0.066314697265625;100 mA
1;565;7.90094698005203;-0.48492431640625;-0.06585693359375;100 mA
1;566;7.90443698004322;-0.487396240234375;-0.065460205078125;100 mA
1;567;7.9079269800344;-0.4898681640625;-0.065032958984375;100 mA
1;568;7.91141698002559;-0.492279052734375;-0.064666748046875;100 mA
1;569;7.91490698001678;-0.494720458984375;-0.064239501953125;100 mA
1;570;7.91839698000797;-0.497161865234375;-0.063873291015625;100 mA
1;571;7.92188697999916;-0.49957275390625;-0.063446044921875;100 mA
1;572;7.92537697999035;-0.50201416015625;-0.0631103515625;100 mA
1;573;7.92886697998154;-0.5045166015625;-0.062713623046875;100 mA
1;574;7.93235697997272;-0.506927490234375;-0.062347412109375;100 mA
1;575;7.93584697996391;-0.5093994140625;-0.06195068359375;100 mA
1;576;7.9393369799551;-0.5118408203125;-0.06158447265625;100 mA
1;577;7.94282697994629;-0.514251708984375;-0.061187744140625;100 mA
1;578;7.94631697993748;-0.5167236328125;-0.060821533203125;100 mA
1;579;7.94980697992867;-0.5191650390625;-0.060516357421875;100 mA
1;580;7.95329697991986;-0.521636962890625;-0.060150146484375;100 mA
1;581;7.95678697991104;-0.524017333984375;-0.05975341796875;100 mA
1;582;7.96027697990223;-0.5264892578125;-0.059417724609375;100 mA
1;583;7.96376697989342;-0.528900146484375;-0.059112548828125;100 mA
1;584;7.96725697988461;-0.5313720703125;-0.05877685546875;100 mA
1;585;7.9707469798758;-0.53387451171875;-0.058441162109375;100 mA
1;586;7.97423697986699;-0.53619384765625;-0.05810546875;100 mA
1;587;7.97772697985818;-0.538665771484375;-0.0577392578125;100 mA
1;588;7.98121697984936;-0.541168212890625;-0.05743408203125;100 mA
1;589;7.98470697984055;-0.543609619140625;-0.05712890625;100 mA
1;590;7.98819697983174;-0.546051025390625;-0.056854248046875;100 mA
1;591;7.99168697982293;-0.5484619140625;-0.05645751953125;100 mA
1;592;7.99517697981412;-0.5509033203125;-0.056182861328125;100 mA
1;593;7.99866697980531;-0.553314208984375;-0.055938720703125;100 mA
1;594;8.0021569797965;-0.555755615234375;-0.05560302734375;100 mA
1;595;8.00564697978768;-0.558258056640625;-0.055328369140625;100 mA
1;596;8.00913697977887;-0.560699462890625;-0.05499267578125;100 mA
1;597;8.01262697977006;-0.5631103515625;-0.054718017578125;100 mA
1;598;8.01611697976125;-0.565521240234375;-0.054473876953125;100 mA
1;599;8.01960697975244;-0.56805419921875;-0.05419921875;100 mA
1;600;8.02309697974363;-0.570556640625;-0.053863525390625;100 mA
1;601;8.02658697973482;-0.572906494140625;-0.053619384765625;100 mA
1;602;8.030076979726;-0.5753173828125;-0.053375244140625;100 mA
1;603;8.03356697971719;-0.577789306640625;-0.0531005859375;100 mA
1;604;8.03705697970838;-0.580230712890625;-0.052825927734375;100 mA
1;605;8.04054697969957;-0.58270263671875;-0.0526123046875;100 mA
1;606;8.04403697969076;-0.585113525390625;-0.052337646484375;100 mA
1;607;8.04752697968195;-0.58758544921875;-0.052093505859375;100 mA
1;608;8.05101697967314;-0.59002685546875;-0.05181884765625;100 mA
1;609;8.05450697966432;-0.592529296875;-0.051605224609375;100 mA
1;610;8.05799697965551;-0.5948486328125;-0.051361083984375;100 mA
1;611;8.0614869796467;-0.597320556640625;-0.051116943359375;100 mA
1;612;8.06497697963789;-0.59979248046875;-0.050933837890625;100 mA
1;613;8.06846697962908;-0.602264404296875;-0.05072021484375;100 mA
1;614;8.07195697962027;-0.604644775390625;-0.0504150390625;100 mA
1;615;8.07544697961146;-0.607086181640625;-0.0501708984375;100 mA
1;616;8.07893697960264;-0.60955810546875;-0.050018310546875;100 mA
1;617;8.08242697959383;-0.61199951171875;-0.049749755859375;100 mA
1;618;8.08591697958502;-0.61444091796875;-0.049566650390625;100 mA
1;619;8.08940697957621;-0.61688232421875;-0.0493682861328125;100 mA
1;620;8.0928969795674;-0.61932373046875;-0.0491363525390625;100 mA
1;621;8.09638697955859;-0.62176513671875;-0.0489715576171875;100 mA
1;622;8.09987697954978;-0.624237060546875;-0.0487548828125;100 mA
1;623;8.10336697954097;-0.62664794921875;-0.0485809326171875;100 mA
1;624;8.10685697953215;-0.629119873046875;-0.04832763671875;100 mA
1;625;8.11034697952334;-0.631500244140625;-0.048150634765625;100 mA
1;626;8.11383697951453;-0.634002685546875;-0.0479827880859375;100 mA
1;627;8.11732697950572;-0.636474609375;-0.047821044921875;100 mA
1;628;8.12081697949691;-0.63885498046875;-0.0475982666015625;100 mA
1;629;8.1243069794881;-0.641265869140625;-0.04742431640625;100 mA
1;630;8.12779697947929;-0.643798828125;-0.0472076416015625;100 mA
1;631;8.13128697947047;-0.64617919921875;-0.04703369140625;100 mA
1;632;8.13477697946166;-0.648651123046875;-0.046905517578125;100 mA
1;633;8.13826697945285;-0.651123046875;-0.0467376708984375;100 mA
1;634;8.14175697944404;-0.653564453125;-0.0465484619140625;100 mA
1;635;8.14524697943523;-0.655975341796875;-0.04637451171875;100 mA
1;636;8.14873697942642;-0.658355712890625;-0.0462615966796875;100 mA
1;637;8.15222697941761;-0.660888671875;-0.0460479736328125;100 mA
1;638;8.15571697940879;-0.663299560546875;-0.0458587646484375;100 mA
1;639;8.15920697939998;-0.665740966796875;-0.0457275390625;100 mA
1;640;8.16269697939117;-0.668121337890625;-0.04559326171875;100 mA
1;641;8.16618697938236;-0.67059326171875;-0.0455047607421875;100 mA
1;642;8.16967697937355;-0.673065185546875;-0.0452972412109375;100 mA
1;643;8.17316697936474;-0.675506591796875;-0.0451507568359375;100 mA
1;644;8.17665697935593;-0.677947998046875;-0.0449615478515625;100 mA
1;645;8.18014697934711;-0.68035888671875;-0.04488525390625;100 mA
1;646;8.1836369793383;-0.682830810546875;-0.0447021484375;100 mA
1;647;8.18712697932949;-0.68524169921875;-0.04459228515625;100 mA
1;648;8.19061697932068;-0.687744140625;-0.04442138671875;100 mA
1;649;8.19410697931187;-0.690185546875;-0.044305419921875;100 mA
1;650;8.19759697930306;-0.692626953125;-0.0442138671875;100 mA
1;651;8.20108697929425;-0.695037841796875;-0.0440704345703125;100 mA
1;652;8.20457697928543;-0.697509765625;-0.04398193359375;100 mA
1;653;8.20806697927662;-0.699920654296875;-0.0437652587890625;100 mA
1;654;8.21155697926781;-0.702362060546875;-0.0436676025390625;100 mA
1;655;8.215046979259;-0.704833984375;-0.04359130859375;100 mA
1;656;8.21853697925019;-0.707275390625;-0.0434539794921875;100 mA
1;657;8.22202697924138;-0.709716796875;-0.04329833984375;100 mA
1;658;8.22551697923257;-0.71221923828125;-0.043243408203125;100 mA
1;659;8.22900697922375;-0.714599609375;-0.0430816650390625;100 mA
1;660;8.23249697921494;-0.717041015625;-0.0429351806640625;100 mA
1;661;8.23598697920613;-0.71942138671875;-0.0429229736328125;100 mA
1;662;8.23947697919732;-0.721954345703125;-0.0427459716796875;100 mA
1;663;8.24296697918851;-0.724334716796875;-0.04266357421875;100 mA
1;664;8.2464569791797;-0.726776123046875;-0.04248046875;100 mA
1;665;8.24994697917089;-0.729278564453125;-0.0424407958984375;100 mA
1;666;8.25343697916207;-0.731719970703125;-0.042333984375;100 mA
1;667;8.25692697915326;-0.734130859375;-0.0422607421875;100 mA
1;668;8.26041697914445;-0.736572265625;-0.04217529296875;100 mA
1;669;8.26390697913564;-0.739044189453125;-0.0420867919921875;100 mA
1;670;8.26739697912683;-0.741485595703125;-0.04197998046875;100 mA
1;671;8.27088697911802;-0.74395751953125;-0.0419158935546875;100 mA
1;672;8.27437697910921;-0.746337890625;-0.0417633056640625;100 mA
1;673;8.27786697910039;-0.748809814453125;-0.0416717529296875;100 mA
1;674;8.28135697909158;-0.75164794921875;-0.0416046142578125;100 mA
1;675;8.28484697908277;-0.75347900390625;-0.041546630859375;100 mA
1;676;8.28833697907396;-0.75653076171875;-0.0414306640625;100 mA
1;677;8.29182697906515;-0.75836181640625;-0.0413360595703125;100 mA
1;678;8.29531697905634;-0.76141357421875;-0.0412750244140625;100 mA
1;679;8.29880697904753;-0.7635498046875;-0.0411834716796875;100 mA
1;680;8.30229697903872;-0.7659912109375;-0.04114990234375;100 mA
1;681;8.3057869790299;-0.76873779296875;-0.0410614013671875;100 mA
1;682;8.30927697902109;-0.771484375;-0.04091796875;100 mA
1;683;8.31276697901228;-0.77362060546875;-0.040899658203125;100 mA
1;684;8.31625697900347;-0.77606201171875;-0.0408172607421875;100 mA
1;685;8.31974697899466;-0.77880859375;-0.0407623291015625;100 mA
1;686;8.32323697898585;-0.78033447265625;-0.0406524658203125;100 mA
1;687;8.32672697897704;-0.78277587890625;-0.040570068359375;100 mA
1;688;8.33021697896822;-0.78521728515625;-0.04058837890625;100 mA
1;689;8.33370697895941;-0.78826904296875;-0.040521240234375;100 mA
1;690;8.3371969789506;-0.79071044921875;-0.040435791015625;100 mA
1;691;8.34068697894179;-0.7928466796875;-0.040362548828125;100 mA
1;692;8.34417697893298;-0.79559326171875;-0.040277099609375;100 mA
1;693;8.34766697892417;-0.7977294921875;-0.0402069091796875;100 mA
1;694;8.35115697891536;-0.8001708984375;-0.040191650390625;100 mA
1;695;8.35464697890654;-0.80322265625;-0.0400634765625;100 mA
1;696;8.35813697889773;-0.8050537109375;-0.039990234375;100 mA
1;697;8.36162697888892;-0.8074951171875;-0.039996337890625;100 mA
1;698;8.36511697888011;-0.80963134765625;-0.039910888671875;100 mA
1;699;8.3686069788713;-0.8123779296875;-0.03983154296875;100 mA
1;700;8.37209697886249;-0.8148193359375;-0.0398101806640625;100 mA
1;701;8.37558697885368;-0.81756591796875;-0.039691162109375;100 mA
1;702;8.37907697884486;-0.82000732421875;-0.039666748046875;100 mA
1;703;8.38256697883605;-0.82183837890625;-0.0396026611328125;100 mA
1;704;8.38605697882724;-0.82489013671875;-0.039532470703125;100 mA
1;705;8.38954697881843;-0.82763671875;-0.0394989013671875;100 mA
1;706;8.39303697880962;-0.8294677734375;-0.03944091796875;100 mA
1;707;8.39652697880081;-0.83251953125;-0.039361572265625;100 mA
1;708;8.400016978792;-0.83465576171875;-0.0393402099609375;100 mA
1;709;8.40350697878318;-0.8367919921875;-0.0392913818359375;100 mA
1;710;8.40699697877437;-0.83984375;-0.03922119140625;100 mA
1;711;8.41048697876556;-0.84197998046875;-0.039178466796875;100 mA
1;712;8.41397697875675;-0.843505859375;-0.0391693115234375;100 mA
1;713;8.41746697874794;-0.84716796875;-0.0390777587890625;100 mA
1;714;8.42095697873913;-0.8489990234375;-0.0389801025390625;100 mA
1;715;8.42444697873032;-0.8514404296875;-0.038916015625;100 mA
1;716;8.4279369787215;-0.85357666015625;-0.038861083984375;100 mA
1;717;8.43142697871269;-0.85693359375;-0.0387603759765625;100 mA
1;718;8.43491697870388;-0.8587646484375;-0.03876953125;100 mA
1;719;8.43840697869507;-0.86151123046875;-0.0387176513671875;100 mA
1;720;8.44189697868626;-0.8636474609375;-0.0386627197265625;100 mA
1;721;8.44538697867745;-0.86639404296875;-0.038580322265625;100 mA
1;722;8.44887697866864;-0.86883544921875;-0.03853759765625;100 mA
1;723;8.45236697865982;-0.87127685546875;-0.0384765625;100 mA
1;724;8.45585697865101;-0.8734130859375;-0.0384368896484375;100 mA
1;725;8.4593469786422;-0.87677001953125;-0.038336181640625;100 mA
1;726;8.46283697863339;-0.87860107421875;-0.038323974609375;100 mA
1;727;8.46632697862458;-0.88104248046875;-0.0382476806640625;100 mA
1;728;8.46981697861577;-0.88348388671875;-0.0382110595703125;100 mA
1;729;8.47330697860696;-0.88592529296875;-0.0381103515625;100 mA
1;730;8.47679697859814;-0.888671875;-0.0380523681640625;100 mA
1;731;8.48028697858933;-0.89080810546875;-0.0380401611328125;100 mA
1;732;8.48377697858052;-0.89324951171875;-0.03798828125;100 mA
1;733;8.48726697857171;-0.89569091796875;-0.0378753662109375;100 mA
1;734;8.4907569785629;-0.89813232421875;-0.0378265380859375;100 mA
1;735;8.49424697855409;-0.90057373046875;-0.037762451171875;100 mA
1;736;8.49773697854528;-0.9027099609375;-0.0376678466796875;100 mA
1;737;8.50122697853647;-0.9051513671875;-0.037628173828125;100 mA
1;738;8.50471697852765;-0.9075927734375;-0.03759765625;100 mA
1;739;8.50820697851884;-0.91033935546875;-0.0375152587890625;100 mA
1;740;8.51169697851003;-0.9124755859375;-0.037469482421875;100 mA
1;741;8.51518697850122;-0.9149169921875;-0.03741455078125;100 mA
1;742;8.51867697849241;-0.91766357421875;-0.0373565673828125;100 mA
1;743;8.5221669784836;-0.92010498046875;-0.0372833251953125;100 mA
1;744;8.52565697847479;-0.92254638671875;-0.0372650146484375;100 mA
1;745;8.52914697846597;-0.92529296875;-0.037176513671875;100 mA
1;746;8.53263697845716;-0.92742919921875;-0.0371612548828125;100 mA
1;747;8.53612697844835;-0.92987060546875;-0.037109375;100 mA
1;748;8.53961697843954;-0.9326171875;-0.0370208740234375;100 mA
1;749;8.54310697843073;-0.93475341796875;-0.036944580078125;100 mA
1;750;8.54659697842192;-0.9368896484375;-0.036883544921875;100 mA
1;751;8.55008697841311;-0.93963623046875;-0.036920166015625;100 mA
1;752;8.55357697840429;-0.9417724609375;-0.0368743896484375;100 mA
1;753;8.55706697839548;-0.9442138671875;-0.036773681640625;100 mA
1;754;8.56055697838667;-0.94696044921875;-0.0367645263671875;100 mA
1;755;8.56404697837786;-0.94879150390625;-0.0367034912109375;100 mA
1;756;8.56753697836905;-0.95184326171875;-0.036663818359375;100 mA
1;757;8.57102697836024;-0.95428466796875;-0.036553955078125;100 mA
1;758;8.57451697835143;-0.9564208984375;-0.0365692138671875;100 mA
1;759;8.57800697834261;-0.9588623046875;-0.0364593505859375;100 mA
1;760;8.5814969783338;-0.9613037109375;-0.0364593505859375;100 mA
1;761;8.58498697832499;-0.96405029296875;-0.0364013671875;100 mA
1;762;8.58847697831618;-0.9661865234375;-0.0363555908203125;100 mA
1;763;8.59196697830737;-0.96923828125;-0.036279296875;100 mA
1;764;8.59545697829856;-0.9710693359375;-0.0362640380859375;100 mA
1;765;8.59894697828975;-0.97412109375;-0.0362457275390625;100 mA
1;766;8.60243697828093;-0.97625732421875;-0.0362274169921875;100 mA
1;767;8.60592697827212;-0.97900390625;-0.0361785888671875;100 mA
1;768;8.60941697826331;-0.9808349609375;-0.0361114501953125;100 mA
1;769;8.6129069782545;-0.98358154296875;-0.0361114501953125;100 mA
1;770;8.61639697824569;-0.98602294921875;-0.0360504150390625;100 mA
1;771;8.61988697823688;-0.9881591796875;-0.0360626220703125;100 mA
1;772;8.62337697822807;-0.9912109375;-0.035992431640625;100 mA
1;773;8.62686697821925;-0.99334716796875;-0.03594970703125;100 mA
1;774;8.63035697821044;-0.9954833984375;-0.035968017578125;100 mA
1;775;8.63384697820163;-0.99822998046875;-0.035943603515625;100 mA
1;776;8.63733697819282;-1.00006103515625;-0.0335205078125;100 mA
1;777;8.64082697818401;-0.9979248046875;-0.0311248779296875;100 mA
1;778;8.6443169781752;-0.99578857421875;-0.030419921875;100 mA
1;779;8.64780697816639;-0.99365234375;-0.0299346923828125;100 mA
1;780;8.65129697815757;-0.99029541015625;-0.0295501708984375;100 mA
1;781;8.65478697814876;-0.98876953125;-0.02921142578125;100 mA
1;782;8.65827697813995;-0.98602294921875;-0.0289031982421875;100 mA
1;783;8.66176697813114;-0.98388671875;-0.0286712646484375;100 mA
1;784;8.66525697812233;-0.98114013671875;-0.02852783203125;100 mA
1;785;8.66874697811352;-0.97900390625;-0.0282958984375;100 mA
1;786;8.67223697810471;-0.9765625;-0.028070068359375;100 mA
1;787;8.67572697809589;-0.9735107421875;-0.027984619140625;100 mA
1;788;8.67921697808708;-0.97076416015625;-0.027801513671875;100 mA
1;789;8.68270697807827;-0.9686279296875;-0.0276641845703125;100 mA
1;790;8.68619697806946;-0.96649169921875;-0.027532958984375;100 mA
1;791;8.68968697806065;-0.96343994140625;-0.027447509765625;100 mA
1;792;8.69317697805184;-0.96099853515625;-0.0272918701171875;100 mA
1;793;8.69666697804303;-0.9588623046875;-0.0271759033203125;100 mA
1;794;8.70015697803422;-0.95672607421875;-0.027105712890625;100 mA
1;795;8.7036469780254;-0.9539794921875;-0.0269775390625;100 mA
1;796;8.70713697801659;-0.9515380859375;-0.02689208984375;100 mA
1;797;8.71062697800778;-0.9490966796875;-0.026800537109375;100 mA
1;798;8.71411697799897;-0.9466552734375;-0.026751708984375;100 mA
1;799;8.71760697799016;-0.94451904296875;-0.0266265869140625;100 mA
1;800;8.72109697798135;-0.9417724609375;-0.0264984130859375;100 mA
1;801;8.72458697797254;-0.93963623046875;-0.0264312744140625;100 mA
1;802;8.72807697796372;-0.93719482421875;-0.02630615234375;100 mA
1;803;8.73156697795491;-0.9344482421875;-0.0263153076171875;100 mA
1;804;8.7350569779461;-0.9320068359375;-0.0262237548828125;100 mA
1;805;8.73854697793729;-0.9295654296875;-0.0261871337890625;100 mA
1;806;8.74203697792848;-0.92742919921875;-0.026019287109375;100 mA
1;807;8.74552697791967;-0.92437744140625;-0.026055908203125;100 mA
1;808;8.74901697791086;-0.92193603515625;-0.025970458984375;100 mA
1;809;8.75250697790204;-0.92010498046875;-0.0259246826171875;100 mA
1;810;8.75599697789323;-0.9173583984375;-0.025823974609375;100 mA
1;811;8.75948697788442;-0.91461181640625;-0.025750732421875;100 mA
1;812;8.76297697787561;-0.9124755859375;-0.0257232666015625;100 mA
1;813;8.7664669778668;-0.9100341796875;-0.0256072998046875;100 mA
1;814;8.76995697785799;-0.9075927734375;-0.0255462646484375;100 mA
1;815;8.77344697784918;-0.90545654296875;-0.0254913330078125;100 mA
1;816;8.77693697784036;-0.90240478515625;-0.0254119873046875;100 mA
1;817;8.78042697783155;-0.90057373046875;-0.025384521484375;100 mA
1;818;8.78391697782274;-0.89752197265625;-0.025341796875;100 mA
1;819;8.78740697781393;-0.8953857421875;-0.0252105712890625;100 mA
1;820;8.79089697780512;-0.89263916015625;-0.02520751953125;100 mA
1;821;8.79438697779631;-0.89080810546875;-0.0250946044921875;100 mA
1;822;8.7978769777875;-0.88836669921875;-0.0251007080078125;100 mA
1;823;8.80136697777868;-0.8856201171875;-0.025048828125;100 mA
1;824;8.80485697776987;-0.88287353515625;-0.024951171875;100 mA
1;825;8.80834697776106;-0.88043212890625;-0.024932861328125;100 mA
1;826;8.81183697775225;-0.87799072265625;-0.024859619140625;100 mA
1;827;8.81532697774344;-0.87554931640625;-0.024847412109375;100 mA
1;828;8.81881697773463;-0.872802734375;-0.0247467041015625;100 mA
1;829;8.82230697772582;-0.8709716796875;-0.02469482421875;100 mA
1;830;8.825796977717;-0.86822509765625;-0.0246826171875;100 mA
1;831;8.82928697770819;-0.865478515625;-0.0246124267578125;100 mA
1;832;8.83277697769938;-0.863037109375;-0.0245697021484375;100 mA
1;833;8.83626697769057;-0.86090087890625;-0.0245208740234375;100 mA
1;834;8.83975697768176;-0.858154296875;-0.0244140625;100 mA
1;835;8.84324697767295;-0.855712890625;-0.024395751953125;100 mA
1;836;8.84673697766414;-0.8538818359375;-0.0244049072265625;100 mA
1;837;8.85022697765532;-0.850830078125;-0.024322509765625;100 mA
1;838;8.85371697764651;-0.8489990234375;-0.0242706298828125;100 mA
1;839;8.8572069776377;-0.845947265625;-0.0241851806640625;100 mA
1;840;8.86069697762889;-0.84381103515625;-0.024151611328125;100 mA
1;841;8.86418697762008;-0.84136962890625;-0.0241363525390625;100 mA
1;842;8.86767697761127;-0.838623046875;-0.0240692138671875;100 mA
1;843;8.87116697760246;-0.83648681640625;-0.0240264892578125;100 mA
1;844;8.87465697759365;-0.833740234375;-0.0239837646484375;100 mA
1;845;8.87814697758483;-0.831298828125;-0.0239501953125;100 mA
1;846;8.88163697757602;-0.828857421875;-0.02393798828125;100 mA
1;847;8.88512697756721;-0.8258056640625;-0.0238525390625;100 mA
1;848;8.8886169775584;-0.823974609375;-0.0237884521484375;100 mA
1;849;8.89210697754959;-0.82183837890625;-0.0237548828125;100 mA
1;850;8.89559697754078;-0.81939697265625;-0.02373046875;100 mA
1;851;8.89908697753197;-0.816650390625;-0.02369384765625;100 mA
1;852;8.90257697752315;-0.81451416015625;-0.02362060546875;100 mA
1;853;8.90606697751434;-0.81207275390625;-0.023614501953125;100 mA
1;854;8.90955697750553;-0.80963134765625;-0.0235321044921875;100 mA
1;855;8.91304697749672;-0.80657958984375;-0.02353515625;100 mA
1;856;8.91653697748791;-0.804443359375;-0.023468017578125;100 mA
1;857;8.9200269774791;-0.80230712890625;-0.0234375;100 mA
1;858;8.92351697747029;-0.799560546875;-0.0234100341796875;100 mA
1;859;8.92700697746147;-0.79803466796875;-0.023358154296875;100 mA
1;860;8.93049697745266;-0.7940673828125;-0.023388671875;100 mA
1;861;8.93398697744385;-0.792236328125;-0.023284912109375;100 mA
1;862;8.93747697743504;-0.7891845703125;-0.023211669921875;100 mA
1;863;8.94096697742623;-0.787353515625;-0.02320556640625;100 mA
1;864;8.94445697741742;-0.784912109375;-0.02318115234375;100 mA
1;865;8.94794697740861;-0.782470703125;-0.0231842041015625;100 mA
1;866;8.95143697739979;-0.77972412109375;-0.023138427734375;100 mA
1;867;8.95492697739098;-0.777587890625;-0.023016357421875;100 mA
1;868;8.95841697738217;-0.77545166015625;-0.023065185546875;100 mA
1;869;8.96190697737336;-0.77301025390625;-0.02298583984375;100 mA
1;870;8.96539697736455;-0.770263671875;-0.0230072021484375;100 mA
1;871;8.96888697735574;-0.7672119140625;-0.0229461669921875;100 mA
1;872;8.97237697734693;-0.76568603515625;-0.022906494140625;100 mA
1;873;8.97586697733811;-0.76263427734375;-0.0228607177734375;100 mA
1;874;8.9793569773293;-0.76080322265625;-0.0228240966796875;100 mA
1;875;8.98284697732049;-0.758056640625;-0.022796630859375;100 mA
1;876;8.98633697731168;-0.75592041015625;-0.0227813720703125;100 mA
1;877;8.98982697730287;-0.753173828125;-0.0226776123046875;100 mA
1;878;8.99331697729406;-0.750732421875;-0.02271728515625;100 mA
1;879;8.99680697728525;-0.748016357421875;-0.022723388671875;100 mA
1;880;9.00029697727643;-0.745513916015625;-0.02269287109375;100 mA
1;881;9.00378697726762;-0.7430419921875;-0.02259521484375;100 mA
1;882;9.00727697725881;-0.740631103515625;-0.0225494384765625;100 mA
1;883;9.01076697725;-0.7381591796875;-0.0225311279296875;100 mA
1;884;9.01425697724119;-0.73577880859375;-0.022430419921875;100 mA
1;885;9.01774697723238;-0.7332763671875;-0.0224822998046875;100 mA
1;886;9.02123697722357;-0.730804443359375;-0.0224395751953125;100 mA
1;887;9.02472697721475;-0.728363037109375;-0.0223480224609375;100 mA
1;888;9.02821697720594;-0.72589111328125;-0.022369384765625;100 mA
1;889;9.03170697719713;-0.72344970703125;-0.022271728515625;100 mA
1;890;9.03519697718832;-0.720977783203125;-0.022235107421875;100 mA
1;891;9.03868697717951;-0.718536376953125;-0.022186279296875;100 mA
1;892;9.0421769771707;-0.71612548828125;-0.02218017578125;100 mA
1;893;9.04566697716189;-0.713653564453125;-0.022149658203125;100 mA
1;894;9.04915697715307;-0.711181640625;-0.0221343994140625;100 mA
1;895;9.05264697714426;-0.708770751953125;-0.0220916748046875;100 mA
1;896;9.05613697713545;-0.706268310546875;-0.0220123291015625;100 mA
1;897;9.05962697712664;-0.703826904296875;-0.022021484375;100 mA
1;898;9.06311697711783;-0.701385498046875;-0.02196044921875;100 mA
1;899;9.06660697710902;-0.698944091796875;-0.0219085693359375;100 mA
1;900;9.07009697710021;-0.696502685546875;-0.02188720703125;100 mA
1;901;9.0735869770914;-0.694061279296875;-0.02181396484375;100 mA
1;902;9.07707697708258;-0.691619873046875;-0.0217926025390625;100 mA
1;903;9.08056697707377;-0.6890869140625;-0.021795654296875;100 mA
1;904;9.08405697706496;-0.6866455078125;-0.0217315673828125;100 mA
1;905;9.08754697705615;-0.6842041015625;-0.02171630859375;100 mA
1;906;9.09103697704734;-0.6817626953125;-0.021624755859375;100 mA
1;907;9.09452697703853;-0.679290771484375;-0.02156982421875;100 mA
1;908;9.09801697702972;-0.67681884765625;-0.0215362548828125;100 mA
1;909;9.1015069770209;-0.674346923828125;-0.02149658203125;100 mA
1;910;9.10499697701209;-0.67193603515625;-0.0214508056640625;100 mA
1;911;9.10848697700328;-0.669525146484375;-0.0213897705078125;100 mA
1;912;9.11197697699447;-0.66705322265625;-0.0213836669921875;100 mA
1;913;9.11546697698566;-0.66455078125;-0.0213470458984375;100 mA
1;914;9.11895697697685;-0.662139892578125;-0.0212493896484375;100 mA
1;915;9.12244697696804;-0.659637451171875;-0.0212158203125;100 mA
1;916;9.12593697695922;-0.65728759765625;-0.02117919921875;100 mA
1;917;9.12942697695041;-0.654815673828125;-0.0211029052734375;100 mA
1;918;9.1329169769416;-0.652313232421875;-0.0210845947265625;100 mA
1;919;9.13640697693279;-0.649871826171875;-0.0210357666015625;100 mA
1;920;9.13989697692398;-0.64739990234375;-0.020947265625;100 mA
1;921;9.14338697691517;-0.64495849609375;-0.0209136962890625;100 mA
1;922;9.14687697690636;-0.642547607421875;-0.02083740234375;100 mA
1;923;9.15036697689754;-0.640106201171875;-0.0207977294921875;100 mA
1;924;9.15385697688873;-0.637664794921875;-0.020751953125;100 mA
1;925;9.15734697687992;-0.63519287109375;-0.020660400390625;100 mA
1;926;9.16083697687111;-0.63275146484375;-0.0206207275390625;100 mA
1;927;9.1643269768623;-0.630218505859375;-0.02052001953125;100 mA
1;928;9.16781697685349;-0.627838134765625;-0.02052001953125;100 mA
1;929;9.17130697684468;-0.625396728515625;-0.0204193115234375;100 mA
1;930;9.17479697683586;-0.6229248046875;-0.0203643798828125;100 mA
1;931;9.17828697682705;-0.62042236328125;-0.0202667236328125;100 mA
1;932;9.18177697681824;-0.618011474609375;-0.0202484130859375;100 mA
1;933;9.18526697680943;-0.615570068359375;-0.020166015625;100 mA
1;934;9.18875697680062;-0.61309814453125;-0.0201019287109375;100 mA
1;935;9.19224697679181;-0.6107177734375;-0.020050048828125;100 mA
1;936;9.195736976783;-0.608245849609375;-0.0199462890625;100 mA
1;937;9.19922697677418;-0.605804443359375;-0.019879150390625;100 mA
1;938;9.20271697676537;-0.60333251953125;-0.0197967529296875;100 mA
1;939;9.20620697675656;-0.600830078125;-0.01971435546875;100 mA
1;940;9.20969697674775;-0.59844970703125;-0.0196319580078125;100 mA
1;941;9.21318697673894;-0.595947265625;-0.019573974609375;100 mA
1;942;9.21667697673013;-0.593505859375;-0.019512939453125;100 mA
1;943;9.22016697672132;-0.591064453125;-0.019427490234375;100 mA
1;944;9.2236569767125;-0.588623046875;-0.019305419921875;100 mA
1;945;9.22714697670369;-0.586181640625;-0.019219970703125;100 mA
1;946;9.23063697669488;-0.5836181640625;-0.0191497802734375;100 mA
1;947;9.23412697668607;-0.581207275390625;-0.0190399169921875;100 mA
1;948;9.23761697667726;-0.57879638671875;-0.0188690185546875;100 mA
1;949;9.24110697666845;-0.57635498046875;-0.018853759765625;100 mA
1;950;9.24459697665964;-0.573944091796875;-0.0187530517578125;100 mA
1;951;9.24808697665082;-0.57147216796875;-0.01866455078125;100 mA
1;952;9.25157697664201;-0.569000244140625;-0.0185791015625;100 mA
1;953;9.2550669766332;-0.5665283203125;-0.018408203125;100 mA
1;954;9.25855697662439;-0.5640869140625;-0.0182769775390625;100 mA
1;955;9.26204697661558;-0.5616455078125;-0.0181640625;100 mA
1;956;9.26553697660677;-0.55914306640625;-0.0180938720703125;100 mA
1;957;9.26902697659796;-0.5567626953125;-0.0179779052734375;100 mA
1;958;9.27251697658915;-0.554229736328125;-0.017803955078125;100 mA
1;959;9.27600697658033;-0.5518798828125;-0.017694091796875;100 mA
1;960;9.27949697657152;-0.54931640625;-0.0175384521484375;100 mA
1;961;9.28298697656271;-0.54693603515625;-0.0173797607421875;100 mA
1;962;9.2864769765539;-0.54449462890625;-0.0172607421875;100 mA
1;963;9.28996697654509;-0.542022705078125;-0.017059326171875;100 mA
1;964;9.29345697653628;-0.539581298828125;-0.0169189453125;100 mA
1;965;9.29694697652747;-0.53717041015625;-0.0167877197265625;100 mA
1;966;9.30043697651865;-0.534637451171875;-0.01666259765625;100 mA
1;967;9.30392697650984;-0.5322265625;-0.016424560546875;100 mA
1;968;9.30741697650103;-0.52978515625;-0.016253662109375;100 mA
1;969;9.31090697649222;-0.527374267578125;-0.0160430908203125;100 mA
1;970;9.31439697648341;-0.524871826171875;-0.01588134765625;100 mA
1;971;9.3178869764746;-0.522430419921875;-0.015692138671875;100 mA
1;972;9.32137697646579;-0.519989013671875;-0.0155120849609375;100 mA
1;973;9.32486697645697;-0.517547607421875;-0.015301513671875;100 mA
1;974;9.32835697644816;-0.515106201171875;-0.01505126953125;100 mA
1;975;9.33184697643935;-0.512603759765625;-0.0148529052734375;100 mA
1;976;9.33533697643054;-0.510101318359375;-0.014654541015625;100 mA
1;977;9.33882697642173;-0.507720947265625;-0.0143798828125;100 mA
1;978;9.34231697641292;-0.5052490234375;-0.0141510009765625;100 mA
1;979;9.34580697640411;-0.5028076171875;-0.0138702392578125;100 mA
1;980;9.34929697639529;-0.500335693359375;-0.01363525390625;100 mA
1;981;9.35278697638648;-0.497894287109375;-0.013360595703125;100 mA
1;982;9.35627697637767;-0.49542236328125;-0.0130218505859375;100 mA
1;983;9.35976697636886;-0.49298095703125;-0.012744140625;100 mA
1;984;9.36325697636005;-0.4906005859375;-0.01248779296875;100 mA
1;985;9.36674697635124;-0.488037109375;-0.01217041015625;100 mA
1;986;9.37023697634243;-0.485595703125;-0.011798095703125;100 mA
1;987;9.37372697633361;-0.483184814453125;-0.0114776611328125;100 mA
1;988;9.3772169763248;-0.48077392578125;-0.0110870361328125;100 mA
1;989;9.38070697631599;-0.478302001953125;-0.010784912109375;100 mA
1;990;9.38419697630718;-0.475830078125;-0.0104248046875;100 mA
1;991;9.38768697629837;-0.473358154296875;-0.0100372314453125;100 mA
1;992;9.39117697628956;-0.470947265625;-0.0095947265625;100 mA
1;993;9.39466697628075;-0.468475341796875;-0.0092010498046875;100 mA
1;994;9.39815697627193;-0.466064453125;-0.0087860107421875;100 mA
1;995;9.40164697626312;-0.463623046875;-0.0084014892578125;100 mA
1;996;9.40513697625431;-0.461151123046875;-0.0078948974609375;100 mA
1;997;9.4086269762455;-0.458740234375;-0.007415771484375;100 mA
1;998;9.41211697623669;-0.45623779296875;-0.0069000244140625;100 mA
1;999;9.41560697622788;-0.453765869140625;-0.0064361572265625;100 mA
1;1000;9.41909697621907;-0.451385498046875;-0.0059539794921875;100 mA
1;1001;9.42258697621025;-0.448944091796875;-0.0053497314453125;100 mA
1;1002;9.42607697620144;-0.446441650390625;-0.00482940673828125;100 mA
1;1003;9.42956697619263;-0.4439697265625;-0.00426483154296875;100 mA
1;1004;9.43305697618382;-0.4415283203125;-0.00371673583984375;100 mA
1;1005;9.43654697617501;-0.439056396484375;-0.00314605712890625;100 mA
1;1006;9.4400369761662;-0.436553955078125;-0.00243255615234375;100 mA
1;1007;9.44352697615739;-0.434173583984375;-0.00182769775390625;100 mA
1;1008;9.44701697614857;-0.43170166015625;-0.0012109375;100 mA
1;1009;9.45050697613976;-0.42919921875;-0.000475158691406249;100 mA
1;1010;9.45399697613095;-0.426788330078125;0.0002471923828125;100 mA
1;1011;9.45748697612214;-0.42437744140625;0.00102020263671875;100 mA
1;1012;9.46097697611333;-0.421875;0.00177520751953125;100 mA
1;1013;9.46446697610452;-0.41949462890625;0.0024700927734375;100 mA
1;1014;9.46795697609571;-0.41705322265625;0.00326263427734375;100 mA
1;1015;9.4714469760869;-0.41455078125;0.00403106689453125;100 mA
1;1016;9.47493697607808;-0.412139892578125;0.00491119384765625;100 mA
1;1017;9.47842697606927;-0.40960693359375;0.005816650390625;100 mA
1;1018;9.48191697606046;-0.4072265625;0.0066253662109375;100 mA
1;1019;9.48540697605165;-0.40478515625;0.007476806640625;100 mA
1;1020;9.48889697604284;-0.402374267578125;0.008526611328125;100 mA
1;1021;9.49238697603403;-0.39990234375;0.0093994140625;100 mA
1;1022;9.49587697602522;-0.39739990234375;0.0103729248046875;100 mA
1;1023;9.4993669760164;-0.394989013671875;0.0113433837890625;100 mA
1;1024;9.50285697600759;-0.392486572265625;0.012274169921875;100 mA
1;1025;9.50634697599878;-0.39007568359375;0.0133514404296875;100 mA
1;1026;9.50983697598997;-0.387664794921875;0.0143798828125;100 mA
1;1027;9.51332697598116;-0.38519287109375;0.01539306640625;100 mA
1;1028;9.51681697597235;-0.382720947265625;0.0164703369140625;100 mA
1;1029;9.52030697596354;-0.380218505859375;0.0175567626953125;100 mA
1;1030;9.52379697595472;-0.377838134765625;0.01883544921875;100 mA
1;1031;9.52728697594591;-0.375335693359375;0.019866943359375;100 mA
1;1032;9.5307769759371;-0.372955322265625;0.0209136962890625;100 mA
1;1033;9.53426697592829;-0.370513916015625;0.022021484375;100 mA
1;1034;9.53775697591948;-0.3680419921875;0.0233673095703125;100 mA
1;1035;9.54124697591067;-0.3656005859375;0.024481201171875;100 mA
1;1036;9.54473697590186;-0.36309814453125;0.0256988525390625;100 mA
1;1037;9.54822697589304;-0.360687255859375;0.02674560546875;100 mA
1;1038;9.55171697588423;-0.358184814453125;0.0279815673828125;100 mA
1;1039;9.55520697587542;-0.355804443359375;0.0292510986328125;100 mA
1;1040;9.55869697586661;-0.35333251953125;0.0303924560546875;100 mA
1;1041;9.5621869758578;-0.350860595703125;0.031695556640625;100 mA
1;1042;9.56567697584899;-0.348419189453125;0.0327392578125;100 mA
1;1043;9.56916697584018;-0.34600830078125;0.0339019775390625;100 mA
1;1044;9.57265697583136;-0.343505859375;0.035211181640625;100 mA
1;1045;9.57614697582255;-0.341064453125;0.036370849609375;100 mA
1;1046;9.57963697581374;-0.338653564453125;0.0375885009765625;100 mA
1;1047;9.58312697580493;-0.336181640625;0.0386932373046875;100 mA
1;1048;9.58661697579612;-0.33367919921875;0.0397735595703125;100 mA
1;1049;9.59010697578731;-0.331298828125;0.0411224365234375;100 mA
1;1050;9.5935969757785;-0.328857421875;0.0421417236328125;100 mA
1;1051;9.59708697576968;-0.32635498046875;0.043194580078125;100 mA
1;1052;9.60057697576087;-0.323974609375;0.0442962646484375;100 mA
1;1053;9.60406697575206;-0.321502685546875;0.04542236328125;100 mA
1;1054;9.60755697574325;-0.3189697265625;0.0465118408203125;100 mA
1;1055;9.61104697573444;-0.316619873046875;0.0475738525390625;100 mA
1;1056;9.61453697572563;-0.31414794921875;0.0484710693359375;100 mA
1;1057;9.61802697571682;-0.311676025390625;0.0494476318359375;100 mA
1;1058;9.621516975708;-0.309173583984375;0.0504150390625;100 mA
1;1059;9.62500697569919;-0.306854248046875;0.051361083984375;100 mA
1;1060;9.62849697569038;-0.304412841796875;0.052276611328125;100 mA
1;1061;9.63198697568157;-0.3018798828125;0.052978515625;100 mA
1;1062;9.63547697567276;-0.299468994140625;0.05377197265625;100 mA
1;1063;9.63896697566395;-0.2969970703125;0.054595947265625;100 mA
1;1064;9.64245697565514;-0.29461669921875;0.055389404296875;100 mA
1;1065;9.64594697564632;-0.2921142578125;0.05615234375;100 mA
1;1066;9.64943697563751;-0.289703369140625;0.0567626953125;100 mA
1;1067;9.6529269756287;-0.287261962890625;0.057281494140625;100 mA
1;1068;9.65641697561989;-0.284759521484375;0.058135986328125;100 mA
1;1069;9.65990697561108;-0.2823486328125;0.058624267578125;100 mA
1;1070;9.66339697560227;-0.279876708984375;0.05902099609375;100 mA
1;1071;9.66688697559346;-0.277557373046875;0.05950927734375;100 mA
1;1072;9.67037697558465;-0.27496337890625;0.059967041015625;100 mA
1;1073;9.67386697557583;-0.27252197265625;0.06048583984375;100 mA
1;1074;9.67735697556702;-0.270050048828125;0.060821533203125;100 mA
1;1075;9.68084697555821;-0.267608642578125;0.061065673828125;100 mA
1;1076;9.6843369755494;-0.265228271484375;0.06134033203125;100 mA
1;1077;9.68782697554059;-0.26275634765625;0.061614990234375;100 mA
1;1078;9.69131697553178;-0.260284423828125;0.06195068359375;100 mA
1;1079;9.69480697552297;-0.25787353515625;0.0621337890625;100 mA
1;1080;9.69829697551415;-0.255401611328125;0.062164306640625;100 mA
1;1081;9.70178697550534;-0.25286865234375;0.062255859375;100 mA
1;1082;9.70527697549653;-0.250457763671875;0.06243896484375;100 mA
1;1083;9.70876697548772;-0.248046875;0.062469482421875;100 mA
1;1084;9.71225697547891;-0.245574951171875;0.0625;100 mA
1;1085;9.7157469754701;-0.24310302734375;0.062408447265625;100 mA
1;1086;9.71923697546129;-0.240631103515625;0.062347412109375;100 mA
1;1087;9.72272697545247;-0.238250732421875;0.0623779296875;100 mA
1;1088;9.72621697544366;-0.2357177734375;0.062286376953125;100 mA
1;1089;9.72970697543485;-0.233306884765625;0.0621337890625;100 mA
1;1090;9.73319697542604;-0.230804443359375;0.062042236328125;100 mA
1;1091;9.73668697541723;-0.228485107421875;0.061737060546875;100 mA
1;1092;9.74017697540842;-0.225921630859375;0.061676025390625;100 mA
1;1093;9.74366697539961;-0.223541259765625;0.061492919921875;100 mA
1;1094;9.74715697539079;-0.2210693359375;0.061126708984375;100 mA
1;1095;9.75064697538198;-0.218658447265625;0.0609130859375;100 mA
1;1096;9.75413697537317;-0.2161865234375;0.060699462890625;100 mA
1;1097;9.75762697536436;-0.213714599609375;0.060455322265625;100 mA
1;1098;9.76111697535555;-0.211273193359375;0.060150146484375;100 mA
1;1099;9.76460697534674;-0.20880126953125;0.059722900390625;100 mA
1;1100;9.76809697533793;-0.206329345703125;0.0594482421875;100 mA
1;1101;9.77158697532911;-0.203887939453125;0.059173583984375;100 mA
1;1102;9.7750769753203;-0.201416015625;0.058868408203125;100 mA
1;1103;9.77856697531149;-0.198974609375;0.0584716796875;100 mA
1;1104;9.78205697530268;-0.196502685546875;0.058013916015625;100 mA
1;1105;9.78554697529387;-0.194061279296875;0.057647705078125;100 mA
1;1106;9.78903697528506;-0.191650390625;0.057281494140625;100 mA
1;1107;9.79252697527625;-0.189117431640625;0.056915283203125;100 mA
1;1108;9.79601697526743;-0.186676025390625;0.0565185546875;100 mA
1;1109;9.79950697525862;-0.18426513671875;0.05609130859375;100 mA
1;1110;9.80299697524981;-0.181854248046875;0.055633544921875;100 mA
1;1111;9.806486975241;-0.17938232421875;0.055328369140625;100 mA
1;1112;9.80997697523219;-0.1768798828125;0.05487060546875;100 mA
1;1113;9.81346697522338;-0.174468994140625;0.054412841796875;100 mA
1;1114;9.81695697521457;-0.171905517578125;0.053985595703125;100 mA
1;1115;9.82044697520575;-0.16949462890625;0.0535888671875;100 mA
1;1116;9.82393697519694;-0.167083740234375;0.053192138671875;100 mA
1;1117;9.82742697518813;-0.1646728515625;0.05279541015625;100 mA
1;1118;9.83091697517932;-0.16217041015625;0.052276611328125;100 mA
1;1119;9.83440697517051;-0.159759521484375;0.051910400390625;100 mA
1;1120;9.8378969751617;-0.15728759765625;0.051422119140625;100 mA
1;1121;9.84138697515289;-0.15484619140625;0.051025390625;100 mA
1;1122;9.84487697514408;-0.152374267578125;0.05059814453125;100 mA
1;1123;9.84836697513526;-0.14990234375;0.050140380859375;100 mA
1;1124;9.85185697512645;-0.147491455078125;0.0497283935546875;100 mA
1;1125;9.85534697511764;-0.14495849609375;0.0493011474609375;100 mA
1;1126;9.85883697510883;-0.1424560546875;0.04892578125;100 mA
1;1127;9.86232697510002;-0.1400146484375;0.0485137939453125;100 mA
1;1128;9.86581697509121;-0.137603759765625;0.048052978515625;100 mA
1;1129;9.8693069750824;-0.1351318359375;0.0476226806640625;100 mA
1;1130;9.87279697507358;-0.1326904296875;0.04725341796875;100 mA
1;1131;9.87628697506477;-0.1302490234375;0.046820068359375;100 mA
1;1132;9.87977697505596;-0.127838134765625;0.04642333984375;100 mA
1;1133;9.88326697504715;-0.1253662109375;0.0459991455078125;100 mA
1;1134;9.88675697503834;-0.12286376953125;0.0456268310546875;100 mA
1;1135;9.89024697502953;-0.120452880859375;0.0452301025390625;100 mA
1;1136;9.89373697502072;-0.11798095703125;0.0448486328125;100 mA
1;1137;9.8972269750119;-0.115478515625;0.044439697265625;100 mA
1;1138;9.90071697500309;-0.113128662109375;0.044073486328125;100 mA
1;1139;9.90420697499428;-0.110595703125;0.0436614990234375;100 mA
1;1140;9.90769697498547;-0.108184814453125;0.043316650390625;100 mA
1;1141;9.91118697497666;-0.105743408203125;0.0429840087890625;100 mA
1;1142;9.91467697496785;-0.103240966796875;0.0425811767578125;100 mA
1;1143;9.91816697495904;-0.100799560546875;0.0421844482421875;100 mA
1;1144;9.92165697495022;-0.098358154296875;0.041888427734375;100 mA
1;1145;9.92514697494141;-0.095916748046875;0.0415252685546875;100 mA
1;1146;9.9286369749326;-0.093475341796875;0.0411773681640625;100 mA
1;1147;9.93212697492379;-0.091033935546875;0.0407958984375;100 mA
1;1148;9.93561697491498;-0.088592529296875;0.0404632568359375;100 mA
1;1149;9.93910697490617;-0.08612060546875;0.04012451171875;100 mA
1;1150;9.94259697489736;-0.08367919921875;0.039801025390625;100 mA
1;1151;9.94608697488854;-0.081207275390625;0.0394744873046875;100 mA
1;1152;9.94957697487973;-0.07879638671875;0.0391876220703125;100 mA
1;1153;9.95306697487092;-0.0762939453125;0.03880615234375;100 mA
1;1154;9.95655697486211;-0.07379150390625;0.0384979248046875;100 mA
1;1155;9.9600469748533;-0.0714111328125;0.0382049560546875;100 mA
1;1156;9.96353697484449;-0.0689697265625;0.037890625;100 mA
1;1157;9.96702697483568;-0.06646728515625;0.0375701904296875;100 mA
1;1158;9.97051697482686;-0.063995361328125;0.0372894287109375;100 mA
1;1159;9.97400697481805;-0.061553955078125;0.0370208740234375;100 mA
1;1160;9.97749697480924;-0.059173583984375;0.0367279052734375;100 mA
1;1161;9.98098697480043;-0.056671142578125;0.0364013671875;100 mA
1;1162;9.98447697479162;-0.05419921875;0.036138916015625;100 mA
1;1163;9.98796697478281;-0.051788330078125;0.0358734130859375;100 mA
1;1164;9.991456974774;-0.0492034912109375;0.0355926513671875;100 mA
1;1165;9.99494697476518;-0.04676513671875;0.035296630859375;100 mA
1;1166;9.99843697475637;-0.0443145751953125;0.0350311279296875;100 mA
1;1167;10.0019269747476;-0.04185791015625;0.034765625;100 mA
1;1168;10.0054169747388;-0.039434814453125;0.03453369140625;100 mA
1;1169;10.0089069747299;-0.0369659423828125;0.03428955078125;100 mA
1;1170;10.0123969747211;-0.034527587890625;0.0339935302734375;100 mA
1;1171;10.0158869747123;-0.03204345703125;0.0337310791015625;100 mA
1;1172;10.0193769747035;-0.02960205078125;0.0335174560546875;100 mA
1;1173;10.0228669746947;-0.0271484375;0.0332794189453125;100 mA
1;1174;10.0263569746859;-0.0246826171875;0.0330718994140625;100 mA
1;1175;10.0298469746771;-0.0222442626953125;0.032763671875;100 mA
1;1176;10.0333369746683;-0.019775390625;0.0325469970703125;100 mA
1;1177;10.0368269746594;-0.0173309326171875;0.032342529296875;100 mA
1;1178;10.0403169746506;-0.014892578125;0.03214111328125;100 mA
1;1179;10.0438069746418;-0.012457275390625;0.0319061279296875;100 mA
1;1180;10.047296974633;-0.0099945068359375;0.0316864013671875;100 mA
1;1181;10.0507869746242;-0.00757751464843751;0.031475830078125;100 mA
1;1182;10.0542769746154;-0.00505981445312501;0.031231689453125;100 mA
1;1183;10.0577669746066;-0.002642822265625;0.0310394287109375;100 mA
1;1184;10.0612569745978;-0.000210571289062503;0.0308807373046875;100 mA
2;1185;10.064746974589;0.00225830078125;0.0306304931640625;100 mA
2;1186;10.0682369745801;0.00472106933593749;0.0304351806640625;100 mA
2;1187;10.0717269745713;0.00713195800781249;0.0302337646484375;100 mA
2;1188;10.0752169745625;0.00960693359375001;0.0300323486328125;100 mA
2;1189;10.0787069745537;0.0120758056640625;0.029852294921875;100 mA
2;1190;10.0821969745449;0.01451416015625;0.02965087890625;100 mA
2;1191;10.0856869745361;0.016961669921875;0.0294464111328125;100 mA
2;1192;10.0891769745273;0.0194244384765625;0.029296875;100 mA
2;1193;10.0926669745185;0.0218780517578125;0.0290771484375;100 mA
2;1194;10.0961569745097;0.0243194580078125;0.028912353515625;100 mA
2;1195;10.0996469745008;0.0267791748046875;0.028729248046875;100 mA
2;1196;10.103136974492;0.0292327880859375;0.028558349609375;100 mA
2;1197;10.1066269744832;0.0316802978515625;0.028387451171875;100 mA
2;1198;10.1101169744744;0.034124755859375;0.0282257080078125;100 mA
2;1199;10.1136069744656;0.0365966796875;0.0280517578125;100 mA
2;1200;10.1170969744568;0.0390350341796875;0.02789306640625;100 mA
2;1201;10.120586974448;0.0415008544921875;0.027716064453125;100 mA
2;1202;10.1240769744392;0.0439422607421875;0.0275634765625;100 mA
2;1203;10.1275669744304;0.0463958740234375;0.0274200439453125;100 mA
2;1204;10.1310569744215;0.04884033203125;0.0272308349609375;100 mA
2;1205;10.1345469744127;0.051239013671875;0.027069091796875;100 mA
2;1206;10.1380369744039;0.053680419921875;0.0269378662109375;100 mA
2;1207;10.1415269743951;0.05615234375;0.0267822265625;100 mA
2;1208;10.1450169743863;0.058563232421875;0.0266326904296875;100 mA
2;1209;10.1485069743775;0.061004638671875;0.026470947265625;100 mA
2;1210;10.1519969743687;0.0634765625;0.0263153076171875;100 mA
2;1211;10.1554869743599;0.06591796875;0.0262054443359375;100 mA
2;1212;10.158976974351;0.06829833984375;0.0260498046875;100 mA
2;1213;10.1624669743422;0.07086181640625;0.025921630859375;100 mA
2;1214;10.1659569743334;0.073272705078125;0.0257720947265625;100 mA
2;1215;10.1694469743246;0.0758056640625;0.025616455078125;100 mA
2;1216;10.1729369743158;0.078216552734375;0.0255157470703125;100 mA
2;1217;10.176426974307;0.080596923828125;0.02537841796875;100 mA
2;1218;10.1799169742982;0.083099365234375;0.0251983642578125;100 mA
2;1219;10.1834069742894;0.0855712890625;0.0250946044921875;100 mA
2;1220;10.1868969742806;0.087982177734375;0.024969482421875;100 mA
2;1221;10.1903869742717;0.09051513671875;0.024835205078125;100 mA
2;1222;10.1938769742629;0.0928955078125;0.0247314453125;100 mA
2;1223;10.1973669742541;0.095306396484375;0.0245697021484375;100 mA
2;1224;10.2008569742453;0.0977783203125;0.0244598388671875;100 mA
2;1225;10.2043469742365;0.10028076171875;0.024371337890625;100 mA
2;1226;10.2078369742277;0.102691650390625;0.0242431640625;100 mA
2;1227;10.2113269742189;0.10516357421875;0.0241424560546875;100 mA
2;1228;10.2148169742101;0.10760498046875;0.0240081787109375;100 mA
2;1229;10.2183069742013;0.11004638671875;0.023895263671875;100 mA
2;1230;10.2217969741924;0.11248779296875;0.023785400390625;100 mA
2;1231;10.2252869741836;0.114959716796875;0.02366943359375;100 mA
2;1232;10.2287769741748;0.117401123046875;0.0235565185546875;100 mA
2;1233;10.232266974166;0.119781494140625;0.0234375;100 mA
2;1234;10.2357569741572;0.122314453125;0.023309326171875;100 mA
2;1235;10.2392469741484;0.124755859375;0.0232269287109375;100 mA
2;1236;10.2427369741396;0.127197265625;0.023126220703125;100 mA
2;1237;10.2462269741308;0.129638671875;0.023004150390625;100 mA
2;1238;10.249716974122;0.132080078125;0.0229034423828125;100 mA
2;1239;10.2532069741131;0.134552001953125;0.022796630859375;100 mA
2;1240;10.2566969741043;0.136962890625;0.0227020263671875;100 mA
2;1241;10.2601869740955;0.139404296875;0.0226287841796875;100 mA
2;1242;10.2636769740867;0.141937255859375;0.02252197265625;100 mA
2;1243;10.2671669740779;0.144378662109375;0.0223785400390625;100 mA
2;1244;10.2706569740691;0.146820068359375;0.022296142578125;100 mA
2;1245;10.2741469740603;0.149261474609375;0.0222198486328125;100 mA
2;1246;10.2776369740515;0.151763916015625;0.0221343994140625;100 mA
2;1247;10.2811269740426;0.1541748046875;0.0220428466796875;100 mA
2;1248;10.2846169740338;0.156585693359375;0.0219451904296875;100 mA
2;1249;10.288106974025;0.1590576171875;0.02183837890625;100 mA
2;1250;10.2915969740162;0.161529541015625;0.021746826171875;100 mA
2;1251;10.2950869740074;0.1639404296875;0.02164306640625;100 mA
2;1252;10.2985769739986;0.166412353515625;0.02156982421875;100 mA
2;1253;10.3020669739898;0.168792724609375;0.0214752197265625;100 mA
2;1254;10.305556973981;0.171295166015625;0.0214202880859375;100 mA
2;1255;10.3090469739722;0.1737060546875;0.021307373046875;100 mA
2;1256;10.3125369739633;0.176239013671875;0.021258544921875;100 mA
2;1257;10.3160269739545;0.178680419921875;0.0211761474609375;100 mA
2;1258;10.3195169739457;0.18109130859375;0.021063232421875;100 mA
2;1259;10.3230069739369;0.183563232421875;0.0210174560546875;100 mA
2;1260;10.3264969739281;0.18597412109375;0.0209136962890625;100 mA
2;1261;10.3299869739193;0.188507080078125;0.0208160400390625;100 mA
2;1262;10.3334769739105;0.190948486328125;0.0207611083984375;100 mA
2;1263;10.3369669739017;0.193359375;0.020703125;100 mA
2;1264;10.3404569738929;0.195892333984375;0.020611572265625;100 mA
2;1265;10.343946973884;0.198272705078125;0.0205322265625;100 mA
2;1266;10.3474369738752;0.20074462890625;0.020458984375;100 mA
2;1267;10.3509269738664;0.20318603515625;0.0203857421875;100 mA
2;1268;10.3544169738576;0.205596923828125;0.0202972412109375;100 mA
2;1269;10.3579069738488;0.20806884765625;0.020257568359375;100 mA
2;1270;10.36139697384;0.210540771484375;0.020159912109375;100 mA
2;1271;10.3648869738312;0.213043212890625;0.02008056640625;100 mA
2;1272;10.3683769738224;0.215423583984375;0.02001953125;100 mA
2;1273;10.3718669738136;0.217864990234375;0.0199554443359375;100 mA
2;1274;10.3753569738047;0.220367431640625;0.0198883056640625;100 mA
2;1275;10.3788469737959;0.22283935546875;0.0198089599609375;100 mA
2;1276;10.3823369737871;0.225250244140625;0.0197662353515625;100 mA
2;1277;10.3858269737783;0.22772216796875;0.0196685791015625;100 mA
2;1278;10.3893169737695;0.23016357421875;0.0196136474609375;100 mA
2;1279;10.3928069737607;0.23260498046875;0.01956787109375;100 mA
2;1280;10.3962969737519;0.235015869140625;0.0194488525390625;100 mA
2;1281;10.3997869737431;0.23748779296875;0.019415283203125;100 mA
2;1282;10.4032769737343;0.239959716796875;0.019354248046875;100 mA
2;1283;10.4067669737254;0.24237060546875;0.0193145751953125;100 mA
2;1284;10.4102569737166;0.244842529296875;0.01927490234375;100 mA
2;1285;10.4137469737078;0.247283935546875;0.019189453125;100 mA
2;1286;10.417236973699;0.249755859375;0.0191162109375;100 mA
2;1287;10.4207269736902;0.25225830078125;0.0190643310546875;100 mA
2;1288;10.4242169736814;0.254669189453125;0.0190338134765625;100 mA
2;1289;10.4277069736726;0.257110595703125;0.0189697265625;100 mA
2;1290;10.4311969736638;0.25958251953125;0.018878173828125;100 mA
2;1291;10.4346869736549;0.26202392578125;0.018829345703125;100 mA
2;1292;10.4381769736461;0.264404296875;0.0187896728515625;100 mA
2;1293;10.4416669736373;0.266876220703125;0.0187347412109375;100 mA
2;1294;10.4451569736285;0.269378662109375;0.0186737060546875;100 mA
2;1295;10.4486469736197;0.2718505859375;0.018621826171875;100 mA
2;1296;10.4521369736109;0.2742919921875;0.018585205078125;100 mA
2;1297;10.4556269736021;0.27679443359375;0.0185028076171875;100 mA
2;1298;10.4591169735933;0.2791748046875;0.018438720703125;100 mA
2;1299;10.4626069735845;0.281585693359375;0.0184051513671875;100 mA
2;1300;10.4660969735756;0.284088134765625;0.0183685302734375;100 mA
2;1301;10.4695869735668;0.2864990234375;0.0182861328125;100 mA
2;1302;10.473076973558;0.288970947265625;0.018243408203125;100 mA
2;1303;10.4765669735492;0.291412353515625;0.01817626953125;100 mA
2;1304;10.4800569735404;0.29388427734375;0.0181610107421875;100 mA
2;1305;10.4835469735316;0.29632568359375;0.0180877685546875;100 mA
2;1306;10.4870369735228;0.29876708984375;0.018035888671875;100 mA
2;1307;10.490526973514;0.301239013671875;0.01798095703125;100 mA
2;1308;10.4940169735052;0.303619384765625;0.017950439453125;100 mA
2;1309;10.4975069734963;0.30615234375;0.0178497314453125;100 mA
2;1310;10.5009969734875;0.30859375;0.017803955078125;100 mA
2;1311;10.5044869734787;0.31109619140625;0.0178131103515625;100 mA
2;1312;10.5079769734699;0.313446044921875;0.0177276611328125;100 mA
2;1313;10.5114669734611;0.31591796875;0.0176727294921875;100 mA
2;1314;10.5149569734523;0.31842041015625;0.017633056640625;100 mA
2;1315;10.5184469734435;0.320892333984375;0.017584228515625;100 mA
2;1316;10.5219369734347;0.3232421875;0.01754150390625;100 mA
2;1317;10.5254269734259;0.325775146484375;0.017498779296875;100 mA
2;1318;10.528916973417;0.32818603515625;0.017437744140625;100 mA
2;1319;10.5324069734082;0.33062744140625;0.01739501953125;100 mA
2;1320;10.5358969733994;0.333099365234375;0.017340087890625;100 mA
2;1321;10.5393869733906;0.335540771484375;0.0172821044921875;100 mA
2;1322;10.5428769733818;0.338043212890625;0.0172454833984375;100 mA
2;1323;10.546366973373;0.3404541015625;0.0171875;100 mA
2;1324;10.5498569733642;0.342926025390625;0.01715087890625;100 mA
2;1325;10.5533469733554;0.345428466796875;0.017138671875;100 mA
2;1326;10.5568369733465;0.347808837890625;0.01705322265625;100 mA
2;1327;10.5603269733377;0.350250244140625;0.017022705078125;100 mA
2;1328;10.5638169733289;0.35272216796875;0.016961669921875;100 mA
2;1329;10.5673069733201;0.35516357421875;0.0169586181640625;100 mA
2;1330;10.5707969733113;0.357574462890625;0.0168914794921875;100 mA
2;1331;10.5742869733025;0.360076904296875;0.0168548583984375;100 mA
2;1332;10.5777769732937;0.362548828125;0.016815185546875;100 mA
2;1333;10.5812669732849;0.364990234375;0.016790771484375;100 mA
2;1334;10.5847569732761;0.367431640625;0.0167144775390625;100 mA
2;1335;10.5882469732672;0.369903564453125;0.0166961669921875;100 mA
2;1336;10.5917369732584;0.372314453125;0.0166473388671875;100 mA
2;1337;10.5952269732496;0.374755859375;0.0165924072265625;100 mA
2;1338;10.5987169732408;0.377166748046875;0.0165557861328125;100 mA
2;1339;10.602206973232;0.379669189453125;0.016522216796875;100 mA
2;1340;10.6056969732232;0.382080078125;0.0164794921875;100 mA
2;1341;10.6091869732144;0.384613037109375;0.016448974609375;100 mA
2;1342;10.6126769732056;0.386993408203125;0.016363525390625;100 mA
2;1343;10.6161669731968;0.38946533203125;0.016363525390625;100 mA
2;1344;10.6196569731879;0.391876220703125;0.016314697265625;100 mA
2;1345;10.6231469731791;0.3944091796875;0.016278076171875;100 mA
2;1346;10.6266369731703;0.3968505859375;0.0162384033203125;100 mA
2;1347;10.6301269731615;0.3992919921875;0.0162078857421875;100 mA
2;1348;10.6336169731527;0.401702880859375;0.0161865234375;100 mA
2;1349;10.6371069731439;0.40423583984375;0.0161651611328125;100 mA
2;1350;10.6405969731351;0.406646728515625;0.01612548828125;100 mA
2;1351;10.6440869731263;0.409088134765625;0.01607666015625;100 mA
2;1352;10.6475769731175;0.411468505859375;0.016046142578125;100 mA
2;1353;10.6510669731086;0.4140625;0.0160003662109375;100 mA
2;1354;10.6545569730998;0.4163818359375;0.0159912109375;100 mA
2;1355;10.658046973091;0.418853759765625;0.015966796875;100 mA
2;1356;10.6615369730822;0.421356201171875;0.0158843994140625;100 mA
2;1357;10.6650269730734;0.423797607421875;0.015875244140625;100 mA
2;1358;10.6685169730646;0.426239013671875;0.015838623046875;100 mA
2;1359;10.6720069730558;0.428680419921875;0.0158050537109375;100 mA
2;1360;10.675496973047;0.431121826171875;0.0157806396484375;100 mA
2;1361;10.6789869730381;0.433624267578125;0.01573486328125;100 mA
2;1362;10.6824769730293;0.43609619140625;0.01573486328125;100 mA
2;1363;10.6859669730205;0.438446044921875;0.01571044921875;100 mA
2;1364;10.6894569730117;0.441009521484375;0.01568603515625;100 mA
2;1365;10.6929469730029;0.44342041015625;0.015655517578125;100 mA
2;1366;10.6964369729941;0.44586181640625;0.015606689453125;100 mA
2;1367;10.6999269729853;0.448272705078125;0.0154510498046875;100 mA
2;1368;10.7034169729765;0.446502685546875;0.0141326904296875;100 mA
2;1369;10.7069069729677;0.444091796875;0.013800048828125;100 mA
2;1370;10.7103969729588;0.441619873046875;0.013543701171875;100 mA
2;1371;10.71388697295;0.439178466796875;0.01328125;100 mA
2;1372;10.7173769729412;0.436767578125;0.0131103515625;100 mA
2;1373;10.7208669729324;0.434295654296875;0.0129364013671875;100 mA
2;1374;10.7243569729236;0.431793212890625;0.01273193359375;100 mA
2;1375;10.7278469729148;0.42938232421875;0.01258544921875;100 mA
2;1376;10.731336972906;0.426971435546875;0.0124359130859375;100 mA
2;1377;10.7348269728972;0.4244384765625;0.0123016357421875;100 mA
2;1378;10.7383169728884;0.4219970703125;0.0121826171875;100 mA
2;1379;10.7418069728795;0.419647216796875;0.012060546875;100 mA
2;1380;10.7452969728707;0.41717529296875;0.011956787109375;100 mA
2;1381;10.7487869728619;0.4146728515625;0.0118133544921875;100 mA
2;1382;10.7522769728531;0.41229248046875;0.0116943359375;100 mA
2;1383;10.7557669728443;0.409820556640625;0.0116363525390625;100 mA
2;1384;10.7592569728355;0.40740966796875;0.01153564453125;100 mA
2;1385;10.7627469728267;0.404937744140625;0.0113922119140625;100 mA
2;1386;10.7662369728179;0.40252685546875;0.01131591796875;100 mA
2;1387;10.7697269728091;0.40008544921875;0.01123046875;100 mA
2;1388;10.7732169728002;0.39764404296875;0.01114501953125;100 mA
2;1389;10.7767069727914;0.395111083984375;0.0110870361328125;100 mA
2;1390;10.7801969727826;0.392730712890625;0.0109832763671875;100 mA
2;1391;10.7836869727738;0.390350341796875;0.0108978271484375;100 mA
2;1392;10.787176972765;0.38787841796875;0.0108123779296875;100 mA
2;1393;10.7906669727562;0.385406494140625;0.0107330322265625;100 mA
2;1394;10.7941569727474;0.3829345703125;0.0106842041015625;100 mA
2;1395;10.7976469727386;0.380523681640625;0.0105804443359375;100 mA
2;1396;10.8011369727298;0.37811279296875;0.010528564453125;100 mA
2;1397;10.8046269727209;0.3756103515625;0.0104827880859375;100 mA
2;1398;10.8081169727121;0.373138427734375;0.0104217529296875;100 mA
2;1399;10.8116069727033;0.3707275390625;0.0103424072265625;100 mA
2;1400;10.8150969726945;0.368316650390625;0.010272216796875;100 mA
2;1401;10.8185869726857;0.365875244140625;0.0102142333984375;100 mA
2;1402;10.8220769726769;0.363372802734375;0.01015625;100 mA
2;1403;10.8255669726681;0.36090087890625;0.010064697265625;100 mA
2;1404;10.8290569726593;0.3585205078125;0.010009765625;100 mA
2;1405;10.8325469726504;0.356048583984375;0.009967041015625;100 mA
2;1406;10.8360369726416;0.353607177734375;0.00989990234375;100 mA
2;1407;10.8395269726328;0.351165771484375;0.009857177734375;100 mA
2;1408;10.843016972624;0.348724365234375;0.0098114013671875;100 mA
2;1409;10.8465069726152;0.34625244140625;0.00972900390625;100 mA
2;1410;10.8499969726064;0.343780517578125;0.0096832275390625;100 mA
2;1411;10.8534869725976;0.34136962890625;0.0096405029296875;100 mA
2;1412;10.8569769725888;0.338958740234375;0.0095733642578125;100 mA
2;1413;10.86046697258;0.336456298828125;0.009539794921875;100 mA
2;1414;10.8639569725711;0.3341064453125;0.0094696044921875;100 mA
2;1415;10.8674469725623;0.3316650390625;0.00941162109375;100 mA
2;1416;10.8709369725535;0.329132080078125;0.00938720703125;100 mA
2;1417;10.8744269725447;0.326812744140625;0.009344482421875;100 mA
2;1418;10.8779169725359;0.324310302734375;0.00928955078125;100 mA
2;1419;10.8814069725271;0.321868896484375;0.0092193603515625;100 mA
2;1420;10.8848969725183;0.31939697265625;0.0092010498046875;100 mA
2;1421;10.8883869725095;0.31689453125;0.0091278076171875;100 mA
2;1422;10.8918769725007;0.3145751953125;0.0091156005859375;100 mA
2;1423;10.8953669724918;0.31201171875;0.0090423583984375;100 mA
2;1424;10.898856972483;0.309661865234375;0.0089874267578125;100 mA
2;1425;10.9023469724742;0.307159423828125;0.0089263916015625;100 mA
2;1426;10.9058369724654;0.30474853515625;0.00892333984375;100 mA
2;1427;10.9093269724566;0.302276611328125;0.0088714599609375;100 mA
2;1428;10.9128169724478;0.29986572265625;0.008819580078125;100 mA
2;1429;10.916306972439;0.297393798828125;0.0087738037109375;100 mA
2;1430;10.9197969724302;0.294952392578125;0.0087493896484375;100 mA
2;1431;10.9232869724214;0.29241943359375;0.0087188720703125;100 mA
2;1432;10.9267769724125;0.29010009765625;0.008685302734375;100 mA
2;1433;10.9302669724037;0.28759765625;0.0086029052734375;100 mA
2;1434;10.9337569723949;0.285247802734375;0.0085723876953125;100 mA
2;1435;10.9372469723861;0.282745361328125;0.0085235595703125;100 mA
2;1436;10.9407369723773;0.28033447265625;0.008477783203125;100 mA
2;1437;10.9442269723685;0.277862548828125;0.00845947265625;100 mA
2;1438;10.9477169723597;0.275390625;0.0083953857421875;100 mA
2;1439;10.9512069723509;0.27294921875;0.0083648681640625;100 mA
2;1440;10.954696972342;0.270538330078125;0.008319091796875;100 mA
2;1441;10.9581869723332;0.26800537109375;0.00828857421875;100 mA
2;1442;10.9616769723244;0.265625;0.00826416015625;100 mA
2;1443;10.9651669723156;0.26318359375;0.0082244873046875;100 mA
2;1444;10.9686569723068;0.260711669921875;0.0081787109375;100 mA
2;1445;10.972146972298;0.258331298828125;0.0081451416015625;100 mA
2;1446;10.9756369722892;0.255889892578125;0.0080841064453125;100 mA
2;1447;10.9791269722804;0.25341796875;0.00804443359375;100 mA
2;1448;10.9826169722716;0.25091552734375;0.00799560546875;100 mA
2;1449;10.9861069722627;0.248504638671875;0.0079437255859375;100 mA
2;1450;10.9895969722539;0.24609375;0.0079437255859375;100 mA
2;1451;10.9930869722451;0.24365234375;0.0079010009765625;100 mA
2;1452;10.9965769722363;0.2412109375;0.007843017578125;100 mA
2;1453;11.0000669722275;0.23876953125;0.0078216552734375;100 mA
2;1454;11.0035569722187;0.236297607421875;0.0077911376953125;100 mA
2;1455;11.0070469722099;0.23388671875;0.0077484130859375;100 mA
2;1456;11.0105369722011;0.231414794921875;0.0077239990234375;100 mA
2;1457;11.0140269721923;0.22900390625;0.0076812744140625;100 mA
2;1458;11.0175169721834;0.22650146484375;0.0076416015625;100 mA
2;1459;11.0210069721746;0.224090576171875;0.007611083984375;100 mA
2;1460;11.0244969721658;0.221649169921875;0.007568359375;100 mA
2;1461;11.027986972157;0.21917724609375;0.0075347900390625;100 mA
2;1462;11.0314769721482;0.216766357421875;0.007489013671875;100 mA
2;1463;11.0349669721394;0.214324951171875;0.0074371337890625;100 mA
2;1464;11.0384569721306;0.211944580078125;0.007415771484375;100 mA
2;1465;11.0419469721218;0.209442138671875;0.0074005126953125;100 mA
2;1466;11.045436972113;0.20697021484375;0.007373046875;100 mA
2;1467;11.0489269721041;0.204498291015625;0.00731201171875;100 mA
2;1468;11.0524169720953;0.202117919921875;0.0072479248046875;100 mA
2;1469;11.0559069720865;0.199615478515625;0.0072479248046875;100 mA
2;1470;11.0593969720777;0.19720458984375;0.0072113037109375;100 mA
2;1471;11.0628869720689;0.19476318359375;0.0071441650390625;100 mA
2;1472;11.0663769720601;0.1922607421875;0.0071136474609375;100 mA
2;1473;11.0698669720513;0.189910888671875;0.007098388671875;100 mA
2;1474;11.0733569720425;0.18743896484375;0.007073974609375;100 mA
2;1475;11.0768469720336;0.1849365234375;0.007049560546875;100 mA
2;1476;11.0803369720248;0.18243408203125;0.006988525390625;100 mA
2;1477;11.083826972016;0.180084228515625;0.0069610595703125;100 mA
2;1478;11.0873169720072;0.1776123046875;0.006927490234375;100 mA
2;1479;11.0908069719984;0.1751708984375;0.0069061279296875;100 mA
2;1480;11.0942969719896;0.172698974609375;0.0068572998046875;100 mA
2;1481;11.0977869719808;0.17034912109375;0.0068267822265625;100 mA
2;1482;11.101276971972;0.1678466796875;0.006781005859375;100 mA
2;1483;11.1047669719632;0.165435791015625;0.006781005859375;100 mA
2;1484;11.1082569719543;0.1629638671875;0.0067230224609375;100 mA
2;1485;11.1117469719455;0.160614013671875;0.0067169189453125;100 mA
2;1486;11.1152369719367;0.158111572265625;0.0066680908203125;100 mA
2;1487;11.1187269719279;0.15570068359375;0.006640625;100 mA
2;1488;11.1222169719191;0.153228759765625;0.0066009521484375;100 mA
2;1489;11.1257069719103;0.1507568359375;0.0065216064453125;100 mA
2;1490;11.1291969719015;0.1483154296875;0.0065032958984375;100 mA
2;1491;11.1326869718927;0.145904541015625;0.0064666748046875;100 mA
2;1492;11.1361769718839;0.143463134765625;0.0064544677734375;100 mA
2;1493;11.139666971875;0.140960693359375;0.0064208984375;100 mA
2;1494;11.1431569718662;0.138519287109375;0.006396484375;100 mA
2;1495;11.1466469718574;0.1361083984375;0.0063446044921875;100 mA
2;1496;11.1501369718486;0.133636474609375;0.0063140869140625;100 mA
2;1497;11.1536269718398;0.1312255859375;0.00628662109375;100 mA
2;1498;11.157116971831;0.12872314453125;0.006256103515625;100 mA
2;1499;11.1606069718222;0.12628173828125;0.00621337890625;100 mA
2;1500;11.1640969718134;0.1239013671875;0.006170654296875;100 mA
2;1501;11.1675869718046;0.121429443359375;0.0061676025390625;100 mA
2;1502;11.1710769717957;0.118988037109375;0.0061126708984375;100 mA
2;1503;11.1745669717869;0.116485595703125;0.0060943603515625;100 mA
2;1504;11.1780569717781;0.114105224609375;0.0060699462890625;100 mA
2;1505;11.1815469717693;0.111663818359375;0.0060211181640625;100 mA
2;1506;11.1850369717605;0.109222412109375;0.0059967041015625;100 mA
2;1507;11.1885269717517;0.106781005859375;0.0059417724609375;100 mA
2;1508;11.1920169717429;0.10430908203125;0.00592041015625;100 mA
2;1509;11.1955069717341;0.101898193359375;0.005859375;100 mA
2;1510;11.1989969717253;0.099456787109375;0.0058441162109375;100 mA
2;1511;11.2024869717164;0.097015380859375;0.005828857421875;100 mA
2;1512;11.2059769717076;0.094573974609375;0.005810546875;100 mA
2;1513;11.2094669716988;0.092132568359375;0.00574951171875;100 mA
2;1514;11.21295697169;0.089630126953125;0.005682373046875;100 mA
2;1515;11.2164469716812;0.0872802734375;0.0056671142578125;100 mA
2;1516;11.2199369716724;0.084808349609375;0.00565185546875;100 mA
2;1517;11.2234269716636;0.08233642578125;0.005596923828125;100 mA
2;1518;11.2269169716548;0.079925537109375;0.0055816650390625;100 mA
2;1519;11.2304069716459;0.077484130859375;0.0055511474609375;100 mA
2;1520;11.2338969716371;0.07501220703125;0.0054901123046875;100 mA
2;1521;11.2373869716283;0.0726318359375;0.005419921875;100 mA
2;1522;11.2408769716195;0.07012939453125;0.0054168701171875;100 mA
2;1523;11.2443669716107;0.06768798828125;0.005389404296875;100 mA
2;1524;11.2478569716019;0.065216064453125;0.0053497314453125;100 mA
2;1525;11.2513469715931;0.062744140625;0.0053070068359375;100 mA
2;1526;11.2548369715843;0.06036376953125;0.005279541015625;100 mA
2;1527;11.2583269715755;0.05792236328125;0.005224609375;100 mA
2;1528;11.2618169715666;0.055450439453125;0.005206298828125;100 mA
2;1529;11.2653069715578;0.053009033203125;0.0051666259765625;100 mA
2;1530;11.268796971549;0.05059814453125;0.0051055908203125;100 mA
2;1531;11.2722869715402;0.048138427734375;0.00506591796875;100 mA
2;1532;11.2757769715314;0.0456878662109375;0.0050445556640625;100 mA
2;1533;11.2792669715226;0.0432373046875;0.00498046875;100 mA
2;1534;11.2827569715138;0.04078369140625;0.0049591064453125;100 mA
2;1535;11.286246971505;0.0383575439453125;0.00491241455078125;100 mA
2;1536;11.2897369714962;0.0359039306640625;0.004879150390625;100 mA
2;1537;11.2932269714873;0.033465576171875;0.00481689453125;100 mA
2;1538;11.2967169714785;0.0310150146484375;0.0047808837890625;100 mA
2;1539;11.3002069714697;0.028570556640625;0.00472137451171875;100 mA
2;1540;11.3036969714609;0.026171875;0.00466949462890625;100 mA
2;1541;11.3071869714521;0.023687744140625;0.0046588134765625;100 mA
2;1542;11.3106769714433;0.02127685546875;0.00459747314453125;100 mA
2;1543;11.3141669714345;0.018841552734375;0.00450927734375;100 mA
2;1544;11.3176569714257;0.01636962890625;0.00448699951171875;100 mA
2;1545;11.3211469714169;0.013909912109375;0.004466552734375;100 mA
2;1546;11.324636971408;0.01148681640625;0.00437835693359375;100 mA
2;1547;11.3281269713992;0.00904541015625;0.0043310546875;100 mA
2;1548;11.3316169713904;0.00661315917968749;0.00424957275390625;100 mA
2;1549;11.3351069713816;0.00416259765625;0.00419342041015625;100 mA
2;1550;11.3385969713728;0.0017120361328125;0.0041778564453125;100 mA
2;1551;11.342086971364;-0.000775146484375003;0.00411712646484375;100 mA
2;1552;11.3455769713552;-0.0031768798828125;0.00404327392578125;100 mA
2;1553;11.3490669713464;-0.00560607910156249;0.00397491455078125;100 mA
2;1554;11.3525569713375;-0.00808105468750001;0.00387939453125;100 mA
2;1555;11.3560469713287;-0.0105072021484375;0.0038409423828125;100 mA
2;1556;11.3595369713199;-0.0129547119140625;0.00378631591796875;100 mA
2;1557;11.3630269713111;-0.0153900146484375;0.00369354248046875;100 mA
2;1558;11.3665169713023;-0.017840576171875;0.00364288330078125;100 mA
2;1559;11.3700069712935;-0.020263671875;0.0035858154296875;100 mA
2;1560;11.3734969712847;-0.0227294921875;0.00350311279296875;100 mA
2;1561;11.3769869712759;-0.0251678466796875;0.0034344482421875;100 mA
2;1562;11.3804769712671;-0.0276275634765625;0.0033380126953125;100 mA
2;1563;11.3839669712582;-0.0300537109375;0.00326446533203125;100 mA
2;1564;11.3874569712494;-0.0324798583984375;0.00318756103515625;100 mA
2;1565;11.3909469712406;-0.0349578857421875;0.00310638427734375;100 mA
2;1566;11.3944369712318;-0.0373809814453125;0.00302154541015625;100 mA
2;1567;11.397926971223;-0.0398406982421875;0.00289886474609375;100 mA
2;1568;11.4014169712142;-0.042266845703125;0.00283203125;100 mA
2;1569;11.4049069712054;-0.0447174072265625;0.00276458740234375;100 mA
2;1570;11.4083969711966;-0.04716796875;0.00265899658203125;100 mA
2;1571;11.4118869711878;-0.049615478515625;0.00257965087890625;100 mA
2;1572;11.4153769711789;-0.05206298828125;0.00243255615234375;100 mA
2;1573;11.4188669711701;-0.05450439453125;0.00234527587890625;100 mA
2;1574;11.4223569711613;-0.056915283203125;0.00227447509765625;100 mA
2;1575;11.4258469711525;-0.059356689453125;0.0021392822265625;100 mA
2;1576;11.4293369711437;-0.0618896484375;0.00202239990234375;100 mA
2;1577;11.4328269711349;-0.064300537109375;0.00186920166015625;100 mA
2;1578;11.4363169711261;-0.06671142578125;0.0017669677734375;100 mA
2;1579;11.4398069711173;-0.06915283203125;0.001663818359375;100 mA
2;1580;11.4432969711085;-0.071624755859375;0.0015447998046875;100 mA
2;1581;11.4467869710996;-0.074066162109375;0.0013983154296875;100 mA
2;1582;11.4502769710908;-0.076568603515625;0.00126922607421875;100 mA
2;1583;11.453766971082;-0.07891845703125;0.00110992431640625;100 mA
2;1584;11.4572569710732;-0.0814208984375;0.000987548828125;100 mA
2;1585;11.4607469710644;-0.083831787109375;0.00083587646484375;100 mA
2;1586;11.4642369710556;-0.08624267578125;0.00061798095703125;100 mA
2;1587;11.4677269710468;-0.0887451171875;0.000487060546875;100 mA
2;1588;11.471216971038;-0.091217041015625;0.00036346435546875;100 mA
2;1589;11.4747069710291;-0.093658447265625;0.00015594482421875;100 mA
2;1590;11.4781969710203;-0.096038818359375;-1.19018554687503E-05;100 mA
2;1591;11.4816869710115;-0.098480224609375;-0.0002410888671875;100 mA
2;1592;11.4851769710027;-0.100982666015625;-0.0004345703125;100 mA
2;1593;11.4886669709939;-0.103363037109375;-0.0006085205078125;100 mA
2;1594;11.4921569709851;-0.105804443359375;-0.00081329345703125;100 mA
2;1595;11.4956469709763;-0.108245849609375;-0.0010546875;100 mA
2;1596;11.4991369709675;-0.110687255859375;-0.00125946044921875;100 mA
2;1597;11.5026269709587;-0.1131591796875;-0.001480712890625;100 mA
2;1598;11.5061169709498;-0.1156005859375;-0.0016851806640625;100 mA
2;1599;11.509606970941;-0.11810302734375;-0.0019384765625;100 mA
2;1600;11.5130969709322;-0.1204833984375;-0.00223968505859375;100 mA
2;1601;11.5165869709234;-0.1229248046875;-0.00252532958984375;100 mA
2;1602;11.5200769709146;-0.125335693359375;-0.00273834228515625;100 mA
2;1603;11.5235669709058;-0.127777099609375;-0.00297760009765625;100 mA
2;1604;11.527056970897;-0.130279541015625;-0.00330963134765625;100 mA
2;1605;11.5305469708882;-0.1326904296875;-0.00360931396484375;100 mA
2;1606;11.5340369708794;-0.1351318359375;-0.003944091796875;100 mA
2;1607;11.5375269708705;-0.137542724609375;-0.00428619384765625;100 mA
2;1608;11.5410169708617;-0.1400146484375;-0.00459320068359375;100 mA
2;1609;11.5445069708529;-0.142486572265625;-0.00494171142578125;100 mA
2;1610;11.5479969708441;-0.1448974609375;-0.00526123046875;100 mA
2;1611;11.5514869708353;-0.147308349609375;-0.0056732177734375;100 mA
2;1612;11.5549769708265;-0.1497802734375;-0.006048583984375;100 mA
2;1613;11.5584669708177;-0.15228271484375;-0.0064422607421875;100 mA
2;1614;11.5619569708089;-0.154693603515625;-0.006842041015625;100 mA
2;1615;11.5654469708001;-0.1571044921875;-0.00733642578125;100 mA
2;1616;11.5689369707912;-0.1595458984375;-0.007757568359375;100 mA
2;1617;11.5724269707824;-0.16204833984375;-0.0081451416015625;100 mA
2;1618;11.5759169707736;-0.1644287109375;-0.0086883544921875;100 mA
2;1619;11.5794069707648;-0.16693115234375;-0.0091278076171875;100 mA
2;1620;11.582896970756;-0.1693115234375;-0.0096343994140625;100 mA
2;1621;11.5863869707472;-0.1717529296875;-0.0101654052734375;100 mA
2;1622;11.5898769707384;-0.1741943359375;-0.010675048828125;100 mA
2;1623;11.5933669707296;-0.17669677734375;-0.0111968994140625;100 mA
2;1624;11.5968569707208;-0.17913818359375;-0.0117706298828125;100 mA
2;1625;11.6003469707119;-0.181549072265625;-0.0123809814453125;100 mA
2;1626;11.6038369707031;-0.183990478515625;-0.0129791259765625;100 mA
2;1627;11.6073269706943;-0.186370849609375;-0.01361083984375;100 mA
2;1628;11.6108169706855;-0.188873291015625;-0.0142120361328125;100 mA
2;1629;11.6143069706767;-0.191314697265625;-0.014910888671875;100 mA
2;1630;11.6177969706679;-0.193817138671875;-0.01561279296875;100 mA
2;1631;11.6212869706591;-0.196197509765625;-0.01624755859375;100 mA
2;1632;11.6247769706503;-0.19873046875;-0.016986083984375;100 mA
2;1633;11.6282669706414;-0.20111083984375;-0.0176727294921875;100 mA
2;1634;11.6317569706326;-0.2034912109375;-0.0185394287109375;100 mA
2;1635;11.6352469706238;-0.205963134765625;-0.01934814453125;100 mA
2;1636;11.638736970615;-0.208404541015625;-0.0200714111328125;100 mA
2;1637;11.6422269706062;-0.210906982421875;-0.0208709716796875;100 mA
2;1638;11.6457169705974;-0.213348388671875;-0.02169189453125;100 mA
2;1639;11.6492069705886;-0.21575927734375;-0.022613525390625;100 mA
2;1640;11.6526969705798;-0.218231201171875;-0.0235382080078125;100 mA
2;1641;11.656186970571;-0.2205810546875;-0.0243408203125;100 mA
2;1642;11.6596769705621;-0.22314453125;-0.0252777099609375;100 mA
2;1643;11.6631669705533;-0.22552490234375;-0.0263336181640625;100 mA
2;1644;11.6666569705445;-0.22796630859375;-0.0272796630859375;100 mA
2;1645;11.6701469705357;-0.230377197265625;-0.02823486328125;100 mA
2;1646;11.6736369705269;-0.232818603515625;-0.0291534423828125;100 mA
2;1647;11.6771269705181;-0.2352294921875;-0.03013916015625;100 mA
2;1648;11.6806169705093;-0.237701416015625;-0.0311981201171875;100 mA
2;1649;11.6841069705005;-0.240142822265625;-0.0322601318359375;100 mA
2;1650;11.6875969704917;-0.2425537109375;-0.033306884765625;100 mA
2;1651;11.6910869704828;-0.245025634765625;-0.0343597412109375;100 mA
2;1652;11.694576970474;-0.247528076171875;-0.0354248046875;100 mA
2;1653;11.6980669704652;-0.249969482421875;-0.0366455078125;100 mA
2;1654;11.7015569704564;-0.252288818359375;-0.0377838134765625;100 mA
2;1655;11.7050469704476;-0.25482177734375;-0.0387603759765625;100 mA
2;1656;11.7085369704388;-0.257232666015625;-0.039947509765625;100 mA
2;1657;11.71202697043;-0.2596435546875;-0.0410980224609375;100 mA
2;1658;11.7155169704212;-0.26220703125;-0.0422607421875;100 mA
2;1659;11.7190069704124;-0.264556884765625;-0.0434814453125;100 mA
2;1660;11.7224969704035;-0.266998291015625;-0.044500732421875;100 mA
2;1661;11.7259869703947;-0.269439697265625;-0.0456512451171875;100 mA
2;1662;11.7294769703859;-0.271881103515625;-0.04691162109375;100 mA
2;1663;11.7329669703771;-0.274322509765625;-0.04808349609375;100 mA
2;1664;11.7364569703683;-0.276824951171875;-0.0492156982421875;100 mA
2;1665;11.7399469703595;-0.279205322265625;-0.050384521484375;100 mA
2;1666;11.7434369703507;-0.281707763671875;-0.051483154296875;100 mA
2;1667;11.7469269703419;-0.28411865234375;-0.05267333984375;100 mA
2;1668;11.750416970333;-0.286590576171875;-0.053802490234375;100 mA
2;1669;11.7539069703242;-0.289031982421875;-0.054901123046875;100 mA
2;1670;11.7573969703154;-0.291473388671875;-0.055877685546875;100 mA
2;1671;11.7608869703066;-0.29388427734375;-0.056915283203125;100 mA
2;1672;11.7643769702978;-0.296356201171875;-0.05816650390625;100 mA
2;1673;11.767866970289;-0.298736572265625;-0.0592041015625;100 mA
2;1674;11.7713569702802;-0.301239013671875;-0.06011962890625;100 mA
2;1675;11.7748469702714;-0.30364990234375;-0.061126708984375;100 mA
2;1676;11.7783369702626;-0.30615234375;-0.062042236328125;100 mA
2;1677;11.7818269702537;-0.308502197265625;-0.063201904296875;100 mA
2;1678;11.7853169702449;-0.310943603515625;-0.064056396484375;100 mA
2;1679;11.7888069702361;-0.313446044921875;-0.06488037109375;100 mA
2;1680;11.7922969702273;-0.315826416015625;-0.065765380859375;100 mA
2;1681;11.7957869702185;-0.318328857421875;-0.066680908203125;100 mA
2;1682;11.7992769702097;-0.320770263671875;-0.067413330078125;100 mA
2;1683;11.8027669702009;-0.323211669921875;-0.0682373046875;100 mA
2;1684;11.8062569701921;-0.32562255859375;-0.068817138671875;100 mA
2;1685;11.8097469701833;-0.328094482421875;-0.06951904296875;100 mA
2;1686;11.8132369701744;-0.330535888671875;-0.070343017578125;100 mA
2;1687;11.8167269701656;-0.33294677734375;-0.0709228515625;100 mA
2;1688;11.8202169701568;-0.335418701171875;-0.071533203125;100 mA
2;1689;11.823706970148;-0.33782958984375;-0.072021484375;100 mA
2;1690;11.8271969701392;-0.340301513671875;-0.072479248046875;100 mA
2;1691;11.8306869701304;-0.342742919921875;-0.073089599609375;100 mA
2;1692;11.8341769701216;-0.345184326171875;-0.07354736328125;100 mA
2;1693;11.8376669701128;-0.347625732421875;-0.073974609375;100 mA
2;1694;11.841156970104;-0.35009765625;-0.074188232421875;100 mA
2;1695;11.8446469700951;-0.352508544921875;-0.074615478515625;100 mA
2;1696;11.8481369700863;-0.354949951171875;-0.074951171875;100 mA
2;1697;11.8516269700775;-0.35736083984375;-0.07525634765625;100 mA
2;1698;11.8551169700687;-0.35986328125;-0.0753173828125;100 mA
2;1699;11.8586069700599;-0.362274169921875;-0.075531005859375;100 mA
2;1700;11.8620969700511;-0.36474609375;-0.075714111328125;100 mA
2;1701;11.8655869700423;-0.367156982421875;-0.07598876953125;100 mA
2;1702;11.8690769700335;-0.369598388671875;-0.076080322265625;100 mA
2;1703;11.8725669700246;-0.372039794921875;-0.0760498046875;100 mA
2;1704;11.8760569700158;-0.374542236328125;-0.0760498046875;100 mA
2;1705;11.879546970007;-0.376953125;-0.076171875;100 mA
2;1706;11.8830369699982;-0.379425048828125;-0.076141357421875;100 mA
2;1707;11.8865269699894;-0.381805419921875;-0.076080322265625;100 mA
2;1708;11.8900169699806;-0.384246826171875;-0.075927734375;100 mA
2;1709;11.8935069699718;-0.386749267578125;-0.075836181640625;100 mA
2;1710;11.896996969963;-0.38922119140625;-0.07574462890625;100 mA
2;1711;11.9004869699542;-0.3916015625;-0.07562255859375;100 mA
2;1712;11.9039769699453;-0.39404296875;-0.075469970703125;100 mA
2;1713;11.9074669699365;-0.39654541015625;-0.0751953125;100 mA
2;1714;11.9109569699277;-0.398956298828125;-0.07501220703125;100 mA
2;1715;11.9144469699189;-0.4013671875;-0.074859619140625;100 mA
2;1716;11.9179369699101;-0.40380859375;-0.0745849609375;100 mA
2;1717;11.9214269699013;-0.40625;-0.07427978515625;100 mA
2;1718;11.9249169698925;-0.408721923828125;-0.073974609375;100 mA
2;1719;11.9284069698837;-0.411163330078125;-0.073699951171875;100 mA
2;1720;11.9318969698749;-0.41357421875;-0.073455810546875;100 mA
2;1721;11.935386969866;-0.416015625;-0.0731201171875;100 mA
2;1722;11.9388769698572;-0.418548583984375;-0.072784423828125;100 mA
2;1723;11.9423669698484;-0.42095947265625;-0.072479248046875;100 mA
2;1724;11.9458569698396;-0.423370361328125;-0.0721435546875;100 mA
2;1725;11.9493469698308;-0.42584228515625;-0.071746826171875;100 mA
2;1726;11.952836969822;-0.428192138671875;-0.071441650390625;100 mA
2;1727;11.9563269698132;-0.43072509765625;-0.071014404296875;100 mA
2;1728;11.9598169698044;-0.433197021484375;-0.070587158203125;100 mA
2;1729;11.9633069697956;-0.435577392578125;-0.070220947265625;100 mA
2;1730;11.9667969697867;-0.43804931640625;-0.06982421875;100 mA
2;1731;11.9702869697779;-0.440521240234375;-0.0694580078125;100 mA
2;1732;11.9737769697691;-0.44293212890625;-0.069000244140625;100 mA
2;1733;11.9772669697603;-0.44537353515625;-0.068572998046875;100 mA
2;1734;11.9807569697515;-0.447784423828125;-0.0682373046875;100 mA
2;1735;11.9842469697427;-0.450286865234375;-0.06781005859375;100 mA
2;1736;11.9877369697339;-0.45269775390625;-0.06732177734375;100 mA
2;1737;11.9912269697251;-0.455108642578125;-0.066986083984375;100 mA
2;1738;11.9947169697163;-0.457550048828125;-0.0665283203125;100 mA
2;1739;11.9982069697074;-0.46002197265625;-0.066162109375;100 mA
2;1740;12.0016969696986;-0.46246337890625;-0.06573486328125;100 mA
2;1741;12.0051869696898;-0.464935302734375;-0.0653076171875;100 mA
2;1742;12.008676969681;-0.46734619140625;-0.06488037109375;100 mA
2;1743;12.0121669696722;-0.469818115234375;-0.064422607421875;100 mA
2;1744;12.0156569696634;-0.47222900390625;-0.064056396484375;100 mA
2;1745;12.0191469696546;-0.4747314453125;-0.06365966796875;100 mA
2;1746;12.0226369696458;-0.47711181640625;-0.063232421875;100 mA
2;1747;12.0261269696369;-0.479583740234375;-0.06280517578125;100 mA
2;1748;12.0296169696281;-0.4820556640625;-0.06243896484375;100 mA
2;1749;12.0331069696193;-0.48443603515625;-0.06201171875;100 mA
2;1750;12.0365969696105;-0.48687744140625;-0.061492919921875;100 mA
2;1751;12.0400869696017;-0.489410400390625;-0.0611572265625;100 mA
2;1752;12.0435769695929;-0.4918212890625;-0.060760498046875;100 mA
2;1753;12.0470669695841;-0.494232177734375;-0.0604248046875;100 mA
2;1754;12.0505569695753;-0.4967041015625;-0.060028076171875;100 mA
2;1755;12.0540469695665;-0.499114990234375;-0.0595703125;100 mA
2;1756;12.0575369695576;-0.50164794921875;-0.059234619140625;100 mA
2;1757;12.0610269695488;-0.504058837890625;-0.058807373046875;100 mA
2;1758;12.06451696954;-0.506439208984375;-0.058441162109375;100 mA
2;1759;12.0680069695312;-0.50897216796875;-0.05810546875;100 mA
2;1760;12.0714969695224;-0.5113525390625;-0.057708740234375;100 mA
2;1761;12.0749869695136;-0.513824462890625;-0.057342529296875;100 mA
2;1762;12.0784769695048;-0.5162353515625;-0.0570068359375;100 mA
2;1763;12.081966969496;-0.518707275390625;-0.056610107421875;100 mA
2;1764;12.0854569694872;-0.5211181640625;-0.05633544921875;100 mA
2;1765;12.0889469694783;-0.52362060546875;-0.055908203125;100 mA
2;1766;12.0924369694695;-0.52606201171875;-0.0555419921875;100 mA
2;1767;12.0959269694607;-0.528472900390625;-0.05523681640625;100 mA
2;1768;12.0994169694519;-0.530914306640625;-0.054931640625;100 mA
2;1769;12.1029069694431;-0.533294677734375;-0.054595947265625;100 mA
2;1770;12.1063969694343;-0.5357666015625;-0.054229736328125;100 mA
2;1771;12.1098869694255;-0.538238525390625;-0.053863525390625;100 mA
2;1772;12.1133769694167;-0.540679931640625;-0.0535888671875;100 mA
2;1773;12.1168669694079;-0.5430908203125;-0.05328369140625;100 mA
2;1774;12.120356969399;-0.5455322265625;-0.05291748046875;100 mA
2;1775;12.1238469693902;-0.5479736328125;-0.0526123046875;100 mA
2;1776;12.1273369693814;-0.55047607421875;-0.05230712890625;100 mA
2;1777;12.1308269693726;-0.552886962890625;-0.05206298828125;100 mA
2;1778;12.1343169693638;-0.555389404296875;-0.051727294921875;100 mA
2;1779;12.137806969355;-0.557769775390625;-0.051422119140625;100 mA
2;1780;12.1412969693462;-0.56024169921875;-0.051177978515625;100 mA
2;1781;12.1447869693374;-0.562652587890625;-0.050872802734375;100 mA
2;1782;12.1482769693285;-0.56512451171875;-0.05059814453125;100 mA
2;1783;12.1517669693197;-0.567535400390625;-0.050323486328125;100 mA
2;1784;12.1552569693109;-0.570068359375;-0.050079345703125;100 mA
2;1785;12.1587469693021;-0.57244873046875;-0.0497711181640625;100 mA
2;1786;12.1622369692933;-0.574920654296875;-0.0494842529296875;100 mA
2;1787;12.1657269692845;-0.577362060546875;-0.04923095703125;100 mA
2;1788;12.1692169692757;-0.579742431640625;-0.0490264892578125;100 mA
2;1789;12.1727069692669;-0.582244873046875;-0.0486968994140625;100 mA
2;1790;12.1761969692581;-0.584686279296875;-0.048468017578125;100 mA
2;1791;12.1796869692492;-0.58709716796875;-0.0482147216796875;100 mA
2;1792;12.1831769692404;-0.58953857421875;-0.0479644775390625;100 mA
2;1793;12.1866669692316;-0.59197998046875;-0.0477569580078125;100 mA
2;1794;12.1901569692228;-0.594451904296875;-0.0475006103515625;100 mA
2;1795;12.193646969214;-0.596893310546875;-0.047259521484375;100 mA
2;1796;12.1971369692052;-0.599395751953125;-0.0470977783203125;100 mA
2;1797;12.2006269691964;-0.601776123046875;-0.046807861328125;100 mA
2;1798;12.2041169691876;-0.604217529296875;-0.046588134765625;100 mA
2;1799;12.2076069691788;-0.60662841796875;-0.0463775634765625;100 mA
2;1800;12.2110969691699;-0.609130859375;-0.0461639404296875;100 mA
2;1801;12.2145869691611;-0.611572265625;-0.0459625244140625;100 mA
2;1802;12.2180769691523;-0.613983154296875;-0.0457427978515625;100 mA
2;1803;12.2215669691435;-0.61639404296875;-0.045513916015625;100 mA
2;1804;12.2250569691347;-0.61883544921875;-0.045318603515625;100 mA
2;1805;12.2285469691259;-0.621307373046875;-0.0451416015625;100 mA
2;1806;12.2320369691171;-0.623748779296875;-0.04490966796875;100 mA
2;1807;12.2355269691083;-0.626190185546875;-0.0447265625;100 mA
2;1808;12.2390169690995;-0.62860107421875;-0.04454345703125;100 mA
2;1809;12.2425069690906;-0.631103515625;-0.044317626953125;100 mA
2;1810;12.2459969690818;-0.63348388671875;-0.0441680908203125;100 mA
2;1811;12.249486969073;-0.635986328125;-0.043939208984375;100 mA
2;1812;12.2529769690642;-0.638458251953125;-0.0437957763671875;100 mA
2;1813;12.2564669690554;-0.64080810546875;-0.0436187744140625;100 mA
2;1814;12.2599569690466;-0.643280029296875;-0.04339599609375;100 mA
2;1815;12.2634469690378;-0.645751953125;-0.0432586669921875;100 mA
2;1816;12.266936969029;-0.64813232421875;-0.0430877685546875;100 mA
2;1817;12.2704269690201;-0.650543212890625;-0.0429107666015625;100 mA
2;1818;12.2739169690113;-0.653045654296875;-0.0427581787109375;100 mA
2;1819;12.2774069690025;-0.65545654296875;-0.0425567626953125;100 mA
2;1820;12.2808969689937;-0.657928466796875;-0.0424041748046875;100 mA
2;1821;12.2843869689849;-0.660308837890625;-0.042254638671875;100 mA
2;1822;12.2878769689761;-0.662811279296875;-0.04207763671875;100 mA
2;1823;12.2913669689673;-0.665283203125;-0.0419525146484375;100 mA
2;1824;12.2948569689585;-0.667694091796875;-0.0417999267578125;100 mA
2;1825;12.2983469689497;-0.670166015625;-0.0416351318359375;100 mA
2;1826;12.3018369689408;-0.672607421875;-0.04154052734375;100 mA
2;1827;12.305326968932;-0.675048828125;-0.0413330078125;100 mA
2;1828;12.3088169689232;-0.677490234375;-0.041241455078125;100 mA
2;1829;12.3123069689144;-0.679962158203125;-0.041064453125;100 mA
2;1830;12.3157969689056;-0.682373046875;-0.0409210205078125;100 mA
2;1831;12.3192869688968;-0.684814453125;-0.040826416015625;100 mA
2;1832;12.322776968888;-0.68719482421875;-0.040655517578125;100 mA
2;1833;12.3262669688792;-0.689666748046875;-0.04049072265625;100 mA
2;1834;12.3297569688704;-0.692138671875;-0.0403839111328125;100 mA
2;1835;12.3332469688615;-0.694580078125;-0.040301513671875;100 mA
2;1836;12.3367369688527;-0.697113037109375;-0.0401153564453125;100 mA
2;1837;12.3402269688439;-0.699432373046875;-0.0400390625;100 mA
2;1838;12.3437169688351;-0.701934814453125;-0.039923095703125;100 mA
2;1839;12.3472069688263;-0.704345703125;-0.039794921875;100 mA
2;1840;12.3506969688175;-0.70684814453125;-0.0396331787109375;100 mA
2;1841;12.3541869688087;-0.709259033203125;-0.039495849609375;100 mA
2;1842;12.3576769687999;-0.711761474609375;-0.0394378662109375;100 mA
2;1843;12.3611669687911;-0.714141845703125;-0.0393341064453125;100 mA
2;1844;12.3646569687822;-0.716583251953125;-0.039263916015625;100 mA
2;1845;12.3681469687734;-0.719024658203125;-0.03909912109375;100 mA
2;1846;12.3716369687646;-0.721435546875;-0.0390106201171875;100 mA
2;1847;12.3751269687558;-0.723876953125;-0.0388824462890625;100 mA
2;1848;12.378616968747;-0.726318359375;-0.0388092041015625;100 mA
2;1849;12.3821069687382;-0.72882080078125;-0.0387298583984375;100 mA
2;1850;12.3855969687294;-0.731292724609375;-0.038604736328125;100 mA
2;1851;12.3890869687206;-0.733642578125;-0.0385009765625;100 mA
2;1852;12.3925769687118;-0.736114501953125;-0.0383941650390625;100 mA
2;1853;12.3960669687029;-0.738525390625;-0.038360595703125;100 mA
2;1854;12.3995569686941;-0.740997314453125;-0.0382354736328125;100 mA
2;1855;12.4030469686853;-0.74346923828125;-0.0380950927734375;100 mA
2;1856;12.4065369686765;-0.745849609375;-0.0380126953125;100 mA
2;1857;12.4100269686677;-0.748321533203125;-0.03795166015625;100 mA
2;1858;12.4135169686589;-0.75103759765625;-0.037896728515625;100 mA
2;1859;12.4170069686501;-0.75347900390625;-0.03782958984375;100 mA
2;1860;12.4204969686413;-0.755615234375;-0.0376678466796875;100 mA
2;1861;12.4239869686324;-0.75836181640625;-0.0376190185546875;100 mA
2;1862;12.4274769686236;-0.7611083984375;-0.0375885009765625;100 mA
2;1863;12.4309669686148;-0.76324462890625;-0.0374298095703125;100 mA
2;1864;12.434456968606;-0.7659912109375;-0.037420654296875;100 mA
2;1865;12.4379469685972;-0.76812744140625;-0.03734130859375;100 mA
2;1866;12.4414369685884;-0.77056884765625;-0.0372161865234375;100 mA
2;1867;12.4449269685796;-0.77301025390625;-0.0371246337890625;100 mA
2;1868;12.4484169685708;-0.77545166015625;-0.0371002197265625;100 mA
2;1869;12.451906968562;-0.77789306640625;-0.0370849609375;100 mA
2;1870;12.4553969685531;-0.78033447265625;-0.036920166015625;100 mA
2;1871;12.4588869685443;-0.782470703125;-0.036895751953125;100 mA
2;1872;12.4623769685355;-0.78521728515625;-0.036895751953125;100 mA
2;1873;12.4658669685267;-0.78765869140625;-0.0367431640625;100 mA
2;1874;12.4693569685179;-0.79010009765625;-0.03671875;100 mA
2;1875;12.4728469685091;-0.79254150390625;-0.036602783203125;100 mA
2;1876;12.4763369685003;-0.794677734375;-0.036541748046875;100 mA
2;1877;12.4798269684915;-0.797119140625;-0.0365203857421875;100 mA
2;1878;12.4833169684827;-0.79925537109375;-0.0364593505859375;100 mA
2;1879;12.4868069684738;-0.80169677734375;-0.036444091796875;100 mA
2;1880;12.490296968465;-0.80474853515625;-0.036322021484375;100 mA
2;1881;12.4937869684562;-0.80718994140625;-0.0362762451171875;100 mA
2;1882;12.4972769684474;-0.8099365234375;-0.0362335205078125;100 mA
2;1883;12.5007669684386;-0.81207275390625;-0.0361724853515625;100 mA
2;1884;12.5042569684298;-0.81390380859375;-0.0360595703125;100 mA
2;1885;12.507746968421;-0.81634521484375;-0.0360565185546875;100 mA
2;1886;12.5112369684122;-0.819091796875;-0.03602294921875;100 mA
2;1887;12.5147269684034;-0.8221435546875;-0.03592529296875;100 mA
2;1888;12.5182169683945;-0.82427978515625;-0.0359375;100 mA
2;1889;12.5217069683857;-0.82672119140625;-0.0357940673828125;100 mA
2;1890;12.5251969683769;-0.8294677734375;-0.0357513427734375;100 mA
2;1891;12.5286869683681;-0.831298828125;-0.0357208251953125;100 mA
2;1892;12.5321769683593;-0.833740234375;-0.035662841796875;100 mA
2;1893;12.5356669683505;-0.836181640625;-0.0356658935546875;100 mA
2;1894;12.5391569683417;-0.83831787109375;-0.0355499267578125;100 mA
2;1895;12.5426469683329;-0.841064453125;-0.0355224609375;100 mA
2;1896;12.546136968324;-0.84381103515625;-0.035479736328125;100 mA
2;1897;12.5496269683152;-0.845947265625;-0.035357666015625;100 mA
2;1898;12.5531169683064;-0.84869384765625;-0.0353515625;100 mA
2;1899;12.5566069682976;-0.850830078125;-0.035247802734375;100 mA
2;1900;12.5600969682888;-0.853271484375;-0.035205078125;100 mA
2;1901;12.56358696828;-0.85601806640625;-0.0351593017578125;100 mA
2;1902;12.5670769682712;-0.8587646484375;-0.0351318359375;100 mA
2;1903;12.5705669682624;-0.860595703125;-0.0350921630859375;100 mA
2;1904;12.5740569682536;-0.863037109375;-0.0349761962890625;100 mA
2;1905;12.5775469682447;-0.86639404296875;-0.034967041015625;100 mA
2;1906;12.5810369682359;-0.867919921875;-0.0349029541015625;100 mA
2;1907;12.5845269682271;-0.8709716796875;-0.034857177734375;100 mA
2;1908;12.5880169682183;-0.87310791015625;-0.034783935546875;100 mA
2;1909;12.5915069682095;-0.87615966796875;-0.0347564697265625;100 mA
2;1910;12.5949969682007;-0.8782958984375;-0.0347015380859375;100 mA
2;1911;12.5984869681919;-0.88043212890625;-0.03465576171875;100 mA
2;1912;12.6019769681831;-0.882568359375;-0.0345916748046875;100 mA
2;1913;12.6054669681743;-0.885009765625;-0.0345062255859375;100 mA
2;1914;12.6089569681654;-0.88775634765625;-0.0344940185546875;100 mA
2;1915;12.6124469681566;-0.889892578125;-0.0344146728515625;100 mA
2;1916;12.6159369681478;-0.89263916015625;-0.034393310546875;100 mA
2;1917;12.619426968139;-0.89508056640625;-0.03431396484375;100 mA
2;1918;12.6229169681302;-0.89813232421875;-0.0342559814453125;100 mA
2;1919;12.6264069681214;-0.89996337890625;-0.03419189453125;100 mA
2;1920;12.6298969681126;-0.90240478515625;-0.034112548828125;100 mA
2;1921;12.6333869681038;-0.90484619140625;-0.0340728759765625;100 mA
2;1922;12.636876968095;-0.90728759765625;-0.034075927734375;100 mA
2;1923;12.6403669680861;-0.9100341796875;-0.03399658203125;100 mA
2;1924;12.6438569680773;-0.91339111328125;-0.033941650390625;100 mA
2;1925;12.6473469680685;-0.914306640625;-0.0338714599609375;100 mA
2;1926;12.6508369680597;-0.9173583984375;-0.03385009765625;100 mA
2;1927;12.6543269680509;-0.919189453125;-0.0337188720703125;100 mA
2;1928;12.6578169680421;-0.9222412109375;-0.0337158203125;100 mA
2;1929;12.6613069680333;-0.9246826171875;-0.033612060546875;100 mA
2;1930;12.6647969680245;-0.9271240234375;-0.03370361328125;100 mA
2;1931;12.6682869680157;-0.92926025390625;-0.0336181640625;100 mA
2;1932;12.6717769680068;-0.93231201171875;-0.03353271484375;100 mA
2;1933;12.675266967998;-0.93475341796875;-0.033477783203125;100 mA
2;1934;12.6787569679892;-0.93719482421875;-0.033465576171875;100 mA
2;1935;12.6822469679804;-0.93902587890625;-0.03341064453125;100 mA
2;1936;12.6857369679716;-0.941162109375;-0.033380126953125;100 mA
2;1937;12.6892269679628;-0.943603515625;-0.0333465576171875;100 mA
2;1938;12.692716967954;-0.94635009765625;-0.033258056640625;100 mA
2;1939;12.6962069679452;-0.948486328125;-0.033245849609375;100 mA
2;1940;12.6996969679363;-0.950927734375;-0.0332000732421875;100 mA
2;1941;12.7031869679275;-0.95367431640625;-0.0331024169921875;100 mA
2;1942;12.7066769679187;-0.95611572265625;-0.033056640625;100 mA
2;1943;12.7101669679099;-0.958251953125;-0.0330596923828125;100 mA
2;1944;12.7136569679011;-0.9613037109375;-0.0330322265625;100 mA
2;1945;12.7171469678923;-0.96343994140625;-0.032989501953125;100 mA
2;1946;12.7206369678835;-0.9661865234375;-0.0329193115234375;100 mA
2;1947;12.7241269678747;-0.96832275390625;-0.032940673828125;100 mA
2;1948;12.7276169678659;-0.97076416015625;-0.03289794921875;100 mA
2;1949;12.731106967857;-0.97320556640625;-0.032867431640625;100 mA
2;1950;12.7345969678482;-0.97564697265625;-0.0328521728515625;100 mA
2;1951;12.7380869678394;-0.97808837890625;-0.0327423095703125;100 mA
2;1952;12.7415769678306;-0.980224609375;-0.0327484130859375;100 mA
2;1953;12.7450669678218;-0.98358154296875;-0.032666015625;100 mA
2;1954;12.748556967813;-0.985107421875;-0.0327545166015625;100 mA
2;1955;12.7520469678042;-0.98785400390625;-0.0326751708984375;100 mA
2;1956;12.7555369677954;-0.989990234375;-0.032598876953125;100 mA
2;1957;12.7590269677866;-0.99273681640625;-0.0325592041015625;100 mA
2;1958;12.7625169677777;-0.994873046875;-0.032586669921875;100 mA
2;1959;12.7660069677689;-0.99853515625;-0.03262939453125;100 mA
2;1960;12.7694969677601;-0.999755859375;-0.0325225830078125;100 mA
2;1961;12.7729869677513;-0.9991455078125;-0.02825927734375;100 mA
2;1962;12.7764769677425;-0.99700927734375;-0.027313232421875;100 mA
2;1963;12.7799669677337;-0.99456787109375;-0.02679443359375;100 mA
2;1964;12.7834569677249;-0.9918212890625;-0.0264007568359375;100 mA
2;1965;12.7869469677161;-0.9893798828125;-0.026080322265625;100 mA
2;1966;12.7904369677073;-0.9869384765625;-0.025836181640625;100 mA
2;1967;12.7939269676984;-0.98480224609375;-0.0256256103515625;100 mA
2;1968;12.7974169676896;-0.98175048828125;-0.025439453125;100 mA
2;1969;12.8009069676808;-0.97930908203125;-0.02523193359375;100 mA
2;1970;12.804396967672;-0.97686767578125;-0.0249908447265625;100 mA
2;1971;12.8078869676632;-0.97442626953125;-0.024859619140625;100 mA
2;1972;12.8113769676544;-0.9716796875;-0.024700927734375;100 mA
2;1973;12.8148669676456;-0.9698486328125;-0.024566650390625;100 mA
2;1974;12.8183569676368;-0.9674072265625;-0.024468994140625;100 mA
2;1975;12.8218469676279;-0.9649658203125;-0.0243072509765625;100 mA
2;1976;12.8253369676191;-0.9625244140625;-0.0242095947265625;100 mA
2;1977;12.8288269676103;-0.95977783203125;-0.0241546630859375;100 mA
2;1978;12.8323169676015;-0.95733642578125;-0.024078369140625;100 mA
2;1979;12.8358069675927;-0.95489501953125;-0.023907470703125;100 mA
2;1980;12.8392969675839;-0.9527587890625;-0.0238616943359375;100 mA
2;1981;12.8427869675751;-0.95001220703125;-0.023736572265625;100 mA
2;1982;12.8462769675663;-0.9478759765625;-0.02362060546875;100 mA
2;1983;12.8497669675575;-0.94512939453125;-0.02354736328125;100 mA
2;1984;12.8532569675486;-0.94268798828125;-0.0235137939453125;100 mA
2;1985;12.8567469675398;-0.94024658203125;-0.0234619140625;100 mA
2;1986;12.860236967531;-0.9381103515625;-0.0233673095703125;100 mA
2;1987;12.8637269675222;-0.93536376953125;-0.0233367919921875;100 mA
2;1988;12.8672169675134;-0.93292236328125;-0.023260498046875;100 mA
2;1989;12.8707069675046;-0.93017578125;-0.02314453125;100 mA
2;1990;12.8741969674958;-0.92803955078125;-0.0230865478515625;100 mA
2;1991;12.877686967487;-0.92559814453125;-0.022979736328125;100 mA
2;1992;12.8811769674782;-0.9234619140625;-0.022930908203125;100 mA
2;1993;12.8846669674693;-0.92071533203125;-0.022900390625;100 mA
2;1994;12.8881569674605;-0.91827392578125;-0.0228546142578125;100 mA
2;1995;12.8916469674517;-0.91644287109375;-0.0227447509765625;100 mA
2;1996;12.8951369674429;-0.9130859375;-0.02271728515625;100 mA
2;1997;12.8986269674341;-0.9112548828125;-0.0226287841796875;100 mA
2;1998;12.9021169674253;-0.90850830078125;-0.0226287841796875;100 mA
2;1999;12.9056069674165;-0.90606689453125;-0.022540283203125;100 mA
2;2000;12.9090969674077;-0.9039306640625;-0.022491455078125;100 mA
2;2001;12.9125869673989;-0.90087890625;-0.0224578857421875;100 mA
2;2002;12.91607696739;-0.8984375;-0.022381591796875;100 mA
2;2003;12.9195669673812;-0.89630126953125;-0.022332763671875;100 mA
2;2004;12.9230569673724;-0.89385986328125;-0.022265625;100 mA
2;2005;12.9265469673636;-0.8905029296875;-0.022235107421875;100 mA
2;2006;12.9300369673548;-0.88897705078125;-0.0221771240234375;100 mA
2;2007;12.933526967346;-0.88623046875;-0.0221588134765625;100 mA
2;2008;12.9370169673372;-0.8837890625;-0.0221099853515625;100 mA
2;2009;12.9405069673284;-0.88165283203125;-0.0220001220703125;100 mA
2;2010;12.9439969673195;-0.87921142578125;-0.0219818115234375;100 mA
2;2011;12.9474869673107;-0.87646484375;-0.0219482421875;100 mA
2;2012;12.9509769673019;-0.87432861328125;-0.0218902587890625;100 mA
2;2013;12.9544669672931;-0.87158203125;-0.021856689453125;100 mA
2;2014;12.9579569672843;-0.86944580078125;-0.02177734375;100 mA
2;2015;12.9614469672755;-0.86700439453125;-0.0217559814453125;100 mA
2;2016;12.9649369672667;-0.86456298828125;-0.0217193603515625;100 mA
2;2017;12.9684269672579;-0.86090087890625;-0.0216796875;100 mA
2;2018;12.9719169672491;-0.85906982421875;-0.0215850830078125;100 mA
2;2019;12.9754069672402;-0.85693359375;-0.0215423583984375;100 mA
2;2020;12.9788969672314;-0.85418701171875;-0.0215301513671875;100 mA
2;2021;12.9823869672226;-0.85235595703125;-0.021502685546875;100 mA
2;2022;12.9858769672138;-0.84930419921875;-0.021429443359375;100 mA
2;2023;12.989366967205;-0.84686279296875;-0.021392822265625;100 mA
2;2024;12.9928569671962;-0.84503173828125;-0.0213165283203125;100 mA
2;2025;12.9963469671874;-0.8416748046875;-0.0212890625;100 mA
2;2026;12.9998369671786;-0.83984375;-0.0212646484375;100 mA
2;2027;13.0033269671698;-0.83740234375;-0.0212249755859375;100 mA
2;2028;13.0068169671609;-0.8349609375;-0.021142578125;100 mA
2;2029;13.0103069671521;-0.83221435546875;-0.0211151123046875;100 mA
2;2030;13.0137969671433;-0.830078125;-0.0211181640625;100 mA
2;2031;13.0172869671345;-0.82733154296875;-0.021051025390625;100 mA
2;2032;13.0207769671257;-0.82489013671875;-0.0210418701171875;100 mA
2;2033;13.0242669671169;-0.82244873046875;-0.0209686279296875;100 mA
2;2034;13.0277569671081;-0.82000732421875;-0.0209503173828125;100 mA
2;2035;13.0312469670993;-0.81817626953125;-0.0208892822265625;100 mA
2;2036;13.0347369670905;-0.8148193359375;-0.0208648681640625;100 mA
2;2037;13.0382269670816;-0.8123779296875;-0.0208282470703125;100 mA
2;2038;13.0417169670728;-0.81024169921875;-0.0207855224609375;100 mA
2;2039;13.045206967064;-0.80780029296875;-0.020782470703125;100 mA
2;2040;13.0486969670552;-0.80535888671875;-0.0207244873046875;100 mA
2;2041;13.0521869670464;-0.80291748046875;-0.02071533203125;100 mA
2;2042;13.0556769670376;-0.80047607421875;-0.0206268310546875;100 mA
2;2043;13.0591669670288;-0.79803466796875;-0.0206207275390625;100 mA
2;2044;13.06265696702;-0.7952880859375;-0.0206268310546875;100 mA
2;2045;13.0661469670112;-0.79345703125;-0.0205535888671875;100 mA
2;2046;13.0696369670023;-0.79071044921875;-0.0205474853515625;100 mA
2;2047;13.0731269669935;-0.787353515625;-0.0204742431640625;100 mA
2;2048;13.0766169669847;-0.78582763671875;-0.020465087890625;100 mA
2;2049;13.0801069669759;-0.78338623046875;-0.0204742431640625;100 mA
2;2050;13.0835969669671;-0.7806396484375;-0.02039794921875;100 mA
2;2051;13.0870869669583;-0.77880859375;-0.0203338623046875;100 mA
2;2052;13.0905769669495;-0.7757568359375;-0.0203277587890625;100 mA
2;2053;13.0940669669407;-0.77362060546875;-0.0203277587890625;100 mA
2;2054;13.0975569669318;-0.7708740234375;-0.02030029296875;100 mA
2;2055;13.101046966923;-0.76904296875;-0.020233154296875;100 mA
2;2056;13.1045369669142;-0.7659912109375;-0.020196533203125;100 mA
2;2057;13.1080269669054;-0.76385498046875;-0.0201629638671875;100 mA
2;2058;13.1115169668966;-0.76171875;-0.020123291015625;100 mA
2;2059;13.1150069668878;-0.75927734375;-0.020098876953125;100 mA
2;2060;13.118496966879;-0.75653076171875;-0.020074462890625;100 mA
2;2061;13.1219869668702;-0.75439453125;-0.020062255859375;100 mA
2;2062;13.1254769668614;-0.7513427734375;-0.0200103759765625;100 mA
2;2063;13.1289669668525;-0.7489013671875;-0.0200439453125;100 mA
2;2064;13.1324569668437;-0.746429443359375;-0.0199615478515625;100 mA
2;2065;13.1359469668349;-0.7440185546875;-0.0198944091796875;100 mA
2;2066;13.1394369668261;-0.7415771484375;-0.0199066162109375;100 mA
2;2067;13.1429269668173;-0.73907470703125;-0.0198394775390625;100 mA
2;2068;13.1464169668085;-0.736663818359375;-0.019818115234375;100 mA
2;2069;13.1499069667997;-0.73419189453125;-0.019775390625;100 mA
2;2070;13.1533969667909;-0.731719970703125;-0.0197784423828125;100 mA
2;2071;13.1568869667821;-0.729278564453125;-0.0197021484375;100 mA
2;2072;13.1603769667732;-0.726806640625;-0.0196807861328125;100 mA
2;2073;13.1638669667644;-0.724365234375;-0.01964111328125;100 mA
2;2074;13.1673569667556;-0.722015380859375;-0.0196014404296875;100 mA
2;2075;13.1708469667468;-0.71954345703125;-0.0195465087890625;100 mA
2;2076;13.174336966738;-0.717010498046875;-0.01949462890625;100 mA
2;2077;13.1778269667292;-0.714599609375;-0.0195281982421875;100 mA
2;2078;13.1813169667204;-0.712127685546875;-0.019476318359375;100 mA
2;2079;13.1848069667116;-0.709716796875;-0.0194427490234375;100 mA
2;2080;13.1882969667028;-0.707244873046875;-0.0193939208984375;100 mA
2;2081;13.1917869666939;-0.704803466796875;-0.0193328857421875;100 mA
2;2082;13.1952769666851;-0.70233154296875;-0.0193603515625;100 mA
2;2083;13.1987669666763;-0.69989013671875;-0.0193206787109375;100 mA
2;2084;13.2022569666675;-0.6973876953125;-0.0192962646484375;100 mA
2;2085;13.2057469666587;-0.6949462890625;-0.0192352294921875;100 mA
2;2086;13.2092369666499;-0.692535400390625;-0.01917724609375;100 mA
2;2087;13.2127269666411;-0.690093994140625;-0.019146728515625;100 mA
2;2088;13.2162169666323;-0.687652587890625;-0.01912841796875;100 mA
2;2089;13.2197069666234;-0.685150146484375;-0.0190948486328125;100 mA
2;2090;13.2231969666146;-0.682708740234375;-0.0190216064453125;100 mA
2;2091;13.2266869666058;-0.680267333984375;-0.0189483642578125;100 mA
2;2092;13.230176966597;-0.677825927734375;-0.0189666748046875;100 mA
2;2093;13.2336669665882;-0.67535400390625;-0.0189056396484375;100 mA
2;2094;13.2371569665794;-0.67291259765625;-0.01885986328125;100 mA
2;2095;13.2406469665706;-0.670440673828125;-0.01881103515625;100 mA
2;2096;13.2441369665618;-0.667999267578125;-0.0188018798828125;100 mA
2;2097;13.247626966553;-0.66552734375;-0.0187652587890625;100 mA
2;2098;13.2511169665441;-0.663116455078125;-0.0186859130859375;100 mA
2;2099;13.2546069665353;-0.660675048828125;-0.0186279296875;100 mA
2;2100;13.2580969665265;-0.658172607421875;-0.018572998046875;100 mA
2;2101;13.2615869665177;-0.65576171875;-0.018560791015625;100 mA
2;2102;13.2650769665089;-0.65325927734375;-0.0184844970703125;100 mA
2;2103;13.2685669665001;-0.650787353515625;-0.018475341796875;100 mA
2;2104;13.2720569664913;-0.64837646484375;-0.0183746337890625;100 mA
2;2105;13.2755469664825;-0.645965576171875;-0.0183319091796875;100 mA
2;2106;13.2790369664737;-0.64349365234375;-0.0183349609375;100 mA
2;2107;13.2825269664648;-0.6409912109375;-0.0182586669921875;100 mA
2;2108;13.286016966456;-0.638580322265625;-0.01817626953125;100 mA
2;2109;13.2895069664472;-0.6361083984375;-0.0180877685546875;100 mA
2;2110;13.2929969664384;-0.633636474609375;-0.0180389404296875;100 mA
2;2111;13.2964869664296;-0.631256103515625;-0.0179931640625;100 mA
2;2112;13.2999769664208;-0.6287841796875;-0.0179656982421875;100 mA
2;2113;13.303466966412;-0.626373291015625;-0.01785888671875;100 mA
2;2114;13.3069569664032;-0.6239013671875;-0.01781005859375;100 mA
2;2115;13.3104469663944;-0.621429443359375;-0.0177154541015625;100 mA
2;2116;13.3139369663855;-0.618927001953125;-0.01767578125;100 mA
2;2117;13.3174269663767;-0.616546630859375;-0.0176177978515625;100 mA
2;2118;13.3209169663679;-0.614044189453125;-0.017547607421875;100 mA
2;2119;13.3244069663591;-0.61163330078125;-0.0174957275390625;100 mA
2;2120;13.3278969663503;-0.609161376953125;-0.0174163818359375;100 mA
2;2121;13.3313869663415;-0.606689453125;-0.0173309326171875;100 mA
2;2122;13.3348769663327;-0.604248046875;-0.01729736328125;100 mA
2;2123;13.3383669663239;-0.60174560546875;-0.0172149658203125;100 mA
2;2124;13.341856966315;-0.599365234375;-0.0171142578125;100 mA
2;2125;13.3453469663062;-0.59686279296875;-0.0170806884765625;100 mA
2;2126;13.3488369662974;-0.594512939453125;-0.0169677734375;100 mA
2;2127;13.3523269662886;-0.592041015625;-0.016888427734375;100 mA
2;2128;13.3558169662798;-0.589508056640625;-0.016766357421875;100 mA
2;2129;13.359306966271;-0.58709716796875;-0.0167083740234375;100 mA
2;2130;13.3627969662622;-0.584625244140625;-0.01661376953125;100 mA
2;2131;13.3662869662534;-0.582183837890625;-0.0165252685546875;100 mA
2;2132;13.3697769662446;-0.57977294921875;-0.0164093017578125;100 mA
2;2133;13.3732669662357;-0.577301025390625;-0.0163055419921875;100 mA
2;2134;13.3767569662269;-0.5748291015625;-0.016204833984375;100 mA
2;2135;13.3802469662181;-0.572418212890625;-0.016143798828125;100 mA
2;2136;13.3837369662093;-0.5699462890625;-0.0160369873046875;100 mA
2;2137;13.3872269662005;-0.5675048828125;-0.0158447265625;100 mA
2;2138;13.3907169661917;-0.564971923828125;-0.015771484375;100 mA
2;2139;13.3942069661829;-0.562591552734375;-0.01561279296875;100 mA
2;2140;13.3976969661741;-0.56011962890625;-0.015582275390625;100 mA
2;2141;13.4011869661653;-0.557647705078125;-0.01544189453125;100 mA
2;2142;13.4046769661564;-0.555206298828125;-0.0152862548828125;100 mA
2;2143;13.4081669661476;-0.552764892578125;-0.0151763916015625;100 mA
2;2144;13.4116569661388;-0.55035400390625;-0.015020751953125;100 mA
2;2145;13.41514696613;-0.54779052734375;-0.01485595703125;100 mA
2;2146;13.4186369661212;-0.54547119140625;-0.014739990234375;100 mA
2;2147;13.4221269661124;-0.542938232421875;-0.014544677734375;100 mA
2;2148;13.4256169661036;-0.540557861328125;-0.014404296875;100 mA
2;2149;13.4291069660948;-0.5380859375;-0.014288330078125;100 mA
2;2150;13.432596966086;-0.53564453125;-0.0140838623046875;100 mA
2;2151;13.4360869660771;-0.533172607421875;-0.0138671875;100 mA
2;2152;13.4395769660683;-0.530731201171875;-0.0137054443359375;100 mA
2;2153;13.4430669660595;-0.52825927734375;-0.0135498046875;100 mA
2;2154;13.4465569660507;-0.525848388671875;-0.0133697509765625;100 mA
2;2155;13.4500469660419;-0.523406982421875;-0.0131317138671875;100 mA
2;2156;13.4535369660331;-0.5208740234375;-0.012969970703125;100 mA
2;2157;13.4570269660243;-0.518463134765625;-0.0127197265625;100 mA
2;2158;13.4605169660155;-0.515960693359375;-0.0125;100 mA
2;2159;13.4640069660067;-0.5135498046875;-0.0123199462890625;100 mA
2;2160;13.4674969659978;-0.511138916015625;-0.0120697021484375;100 mA
2;2161;13.470986965989;-0.508636474609375;-0.011785888671875;100 mA
2;2162;13.4744769659802;-0.5062255859375;-0.0115875244140625;100 mA
2;2163;13.4779669659714;-0.50372314453125;-0.0113128662109375;100 mA
2;2164;13.4814569659626;-0.501251220703125;-0.0110595703125;100 mA
2;2165;13.4849469659538;-0.498809814453125;-0.0107940673828125;100 mA
2;2166;13.488436965945;-0.49639892578125;-0.0103973388671875;100 mA
2;2167;13.4919269659362;-0.49395751953125;-0.01014404296875;100 mA
2;2168;13.4954169659273;-0.49151611328125;-0.0098388671875;100 mA
2;2169;13.4989069659185;-0.489044189453125;-0.0095428466796875;100 mA
2;2170;13.5023969659097;-0.486572265625;-0.009185791015625;100 mA
2;2171;13.5058869659009;-0.484161376953125;-0.008831787109375;100 mA
2;2172;13.5093769658921;-0.48175048828125;-0.008514404296875;100 mA
2;2173;13.5128669658833;-0.479278564453125;-0.0081024169921875;100 mA
2;2174;13.5163569658745;-0.476806640625;-0.0077545166015625;100 mA
2;2175;13.5198469658657;-0.474365234375;-0.0073638916015625;100 mA
2;2176;13.5233369658569;-0.47186279296875;-0.00693359375;100 mA
2;2177;13.526826965848;-0.46942138671875;-0.0065093994140625;100 mA
2;2178;13.5303169658392;-0.46697998046875;-0.0061004638671875;100 mA
2;2179;13.5338069658304;-0.464569091796875;-0.005670166015625;100 mA
2;2180;13.5372969658216;-0.462066650390625;-0.0052276611328125;100 mA
2;2181;13.5407869658128;-0.45965576171875;-0.004713134765625;100 mA
2;2182;13.544276965804;-0.457122802734375;-0.0042352294921875;100 mA
2;2183;13.5477669657952;-0.454742431640625;-0.00374176025390625;100 mA
2;2184;13.5512569657864;-0.452362060546875;-0.00321380615234375;100 mA
2;2185;13.5547469657776;-0.4498291015625;-0.00265472412109375;100 mA
2;2186;13.5582369657687;-0.447357177734375;-0.002017822265625;100 mA
2;2187;13.5617269657599;-0.44500732421875;-0.00144805908203125;100 mA
2;2188;13.5652169657511;-0.4425048828125;-0.00089447021484375;100 mA
2;2189;13.5687069657423;-0.4400634765625;-0.000270996093750001;100 mA
2;2190;13.5721969657335;-0.4376220703125;0.00041778564453125;100 mA
2;2191;13.5756869657247;-0.435089111328125;0.00106048583984375;100 mA
2;2192;13.5791769657159;-0.432708740234375;0.00169769287109375;100 mA
2;2193;13.5826669657071;-0.43017578125;0.00241119384765625;100 mA
2;2194;13.5861569656983;-0.427734375;0.0031317138671875;100 mA
2;2195;13.5896469656894;-0.42529296875;0.003955078125;100 mA
2;2196;13.5931369656806;-0.4228515625;0.0046875;100 mA
2;2197;13.5966269656718;-0.42041015625;0.0054107666015625;100 mA
2;2198;13.600116965663;-0.417999267578125;0.0062347412109375;100 mA
2;2199;13.6036069656542;-0.41546630859375;0.0070556640625;100 mA
2;2200;13.6070969656454;-0.4130859375;0.00797119140625;100 mA
2;2201;13.6105869656366;-0.41064453125;0.0087921142578125;100 mA
2;2202;13.6140769656278;-0.408203125;0.0096435546875;100 mA
2;2203;13.6175669656189;-0.405731201171875;0.010552978515625;100 mA
2;2204;13.6210569656101;-0.403350830078125;0.0115264892578125;100 mA
2;2205;13.6245469656013;-0.400848388671875;0.0125244140625;100 mA
2;2206;13.6280369655925;-0.3983154296875;0.0134552001953125;100 mA
2;2207;13.6315269655837;-0.39593505859375;0.0144012451171875;100 mA
2;2208;13.6350169655749;-0.39349365234375;0.0153656005859375;100 mA
2;2209;13.6385069655661;-0.39105224609375;0.0165069580078125;100 mA
2;2210;13.6419969655573;-0.388580322265625;0.0175872802734375;100 mA
2;2211;13.6454869655485;-0.3861083984375;0.0186248779296875;100 mA
2;2212;13.6489769655396;-0.3836669921875;0.01961669921875;100 mA
2;2213;13.6524669655308;-0.381134033203125;0.0207183837890625;100 mA
2;2214;13.655956965522;-0.3787841796875;0.0220123291015625;100 mA
2;2215;13.6594469655132;-0.37628173828125;0.0230682373046875;100 mA
2;2216;13.6629369655044;-0.373870849609375;0.024127197265625;100 mA
2;2217;13.6664269654956;-0.371429443359375;0.025311279296875;100 mA
2;2218;13.6699169654868;-0.36895751953125;0.0264801025390625;100 mA
2;2219;13.673406965478;-0.36651611328125;0.027734375;100 mA
2;2220;13.6768969654692;-0.36407470703125;0.02904052734375;100 mA
2;2221;13.6803869654603;-0.361602783203125;0.030047607421875;100 mA
2;2222;13.6838769654515;-0.359161376953125;0.031268310546875;100 mA
2;2223;13.6873669654427;-0.356719970703125;0.03253173828125;100 mA
2;2224;13.6908569654339;-0.354278564453125;0.0337066650390625;100 mA
2;2225;13.6943469654251;-0.351837158203125;0.034918212890625;100 mA
2;2226;13.6978369654163;-0.349365234375;0.0359954833984375;100 mA
2;2227;13.7013269654075;-0.346923828125;0.0371856689453125;100 mA
2;2228;13.7048169653987;-0.34454345703125;0.0385528564453125;100 mA
2;2229;13.7083069653899;-0.342071533203125;0.039697265625;100 mA
2;2230;13.711796965381;-0.339569091796875;0.0407501220703125;100 mA
2;2231;13.7152869653722;-0.337158203125;0.0419158935546875;100 mA
2;2232;13.7187769653634;-0.334686279296875;0.0429534912109375;100 mA
2;2233;13.7222669653546;-0.332244873046875;0.0442901611328125;100 mA
2;2234;13.7257569653458;-0.329803466796875;0.04541015625;100 mA
2;2235;13.729246965337;-0.32733154296875;0.0463653564453125;100 mA
2;2236;13.7327369653282;-0.32489013671875;0.0473876953125;100 mA
2;2237;13.7362269653194;-0.322479248046875;0.0486602783203125;100 mA
2;2238;13.7397169653105;-0.3199462890625;0.049615478515625;100 mA
2;2239;13.7432069653017;-0.3175048828125;0.050628662109375;100 mA
2;2240;13.7466969652929;-0.315155029296875;0.051513671875;100 mA
2;2241;13.7501869652841;-0.312774658203125;0.052520751953125;100 mA
2;2242;13.7536769652753;-0.310272216796875;0.053436279296875;100 mA
2;2243;13.7571669652665;-0.30780029296875;0.054351806640625;100 mA
2;2244;13.7606569652577;-0.30535888671875;0.055267333984375;100 mA
2;2245;13.7641469652489;-0.30291748046875;0.055938720703125;100 mA
2;2246;13.7676369652401;-0.30047607421875;0.05670166015625;100 mA
2;2247;13.7711269652312;-0.2979736328125;0.057525634765625;100 mA
2;2248;13.7746169652224;-0.2955322265625;0.058258056640625;100 mA
2;2249;13.7781069652136;-0.2930908203125;0.058929443359375;100 mA
2;2250;13.7815969652048;-0.29058837890625;0.059478759765625;100 mA
2;2251;13.785086965196;-0.2882080078125;0.06005859375;100 mA
2;2252;13.7885769651872;-0.2857666015625;0.060760498046875;100 mA
2;2253;13.7920669651784;-0.283294677734375;0.061248779296875;100 mA
2;2254;13.7955569651696;-0.2808837890625;0.061676025390625;100 mA
2;2255;13.7990469651608;-0.27838134765625;0.06207275390625;100 mA
2;2256;13.8025369651519;-0.275970458984375;0.06243896484375;100 mA
2;2257;13.8060269651431;-0.273529052734375;0.063018798828125;100 mA
2;2258;13.8095169651343;-0.27105712890625;0.0633544921875;100 mA
2;2259;13.8130069651255;-0.268585205078125;0.063568115234375;100 mA
2;2260;13.8164969651167;-0.26617431640625;0.063751220703125;100 mA
2;2261;13.8199869651079;-0.26373291015625;0.06402587890625;100 mA
2;2262;13.8234769650991;-0.26129150390625;0.06427001953125;100 mA
2;2263;13.8269669650903;-0.258758544921875;0.064422607421875;100 mA
2;2264;13.8304569650815;-0.256317138671875;0.064453125;100 mA
2;2265;13.8339469650726;-0.25384521484375;0.06451416015625;100 mA
2;2266;13.8374369650638;-0.25140380859375;0.0645751953125;100 mA
2;2267;13.840926965055;-0.248992919921875;0.06463623046875;100 mA
2;2268;13.8444169650462;-0.246490478515625;0.064666748046875;100 mA
2;2269;13.8479069650374;-0.24407958984375;0.06451416015625;100 mA
2;2270;13.8513969650286;-0.241607666015625;0.064453125;100 mA
2;2271;13.8548869650198;-0.239166259765625;0.064422607421875;100 mA
2;2272;13.858376965011;-0.2366943359375;0.064361572265625;100 mA
2;2273;13.8618669650022;-0.2342529296875;0.064117431640625;100 mA
2;2274;13.8653569649933;-0.231781005859375;0.063995361328125;100 mA
2;2275;13.8688469649845;-0.229400634765625;0.063720703125;100 mA
2;2276;13.8723369649757;-0.22686767578125;0.063629150390625;100 mA
2;2277;13.8758269649669;-0.224456787109375;0.063446044921875;100 mA
2;2278;13.8793169649581;-0.2220458984375;0.06304931640625;100 mA
2;2279;13.8828069649493;-0.219512939453125;0.062835693359375;100 mA
2;2280;13.8862969649405;-0.21710205078125;0.062530517578125;100 mA
2;2281;13.8897869649317;-0.214630126953125;0.06231689453125;100 mA
2;2282;13.8932769649228;-0.212158203125;0.06207275390625;100 mA
2;2283;13.896766964914;-0.209747314453125;0.061614990234375;100 mA
2;2284;13.9002569649052;-0.207275390625;0.061279296875;100 mA
2;2285;13.9037469648964;-0.204742431640625;0.06097412109375;100 mA
2;2286;13.9072369648876;-0.202392578125;0.0606689453125;100 mA
2;2287;13.9107269648788;-0.199920654296875;0.060272216796875;100 mA
2;2288;13.91421696487;-0.197509765625;0.05987548828125;100 mA
2;2289;13.9177069648612;-0.19500732421875;0.059478759765625;100 mA
2;2290;13.9211969648524;-0.19256591796875;0.05908203125;100 mA
2;2291;13.9246869648435;-0.19012451171875;0.05865478515625;100 mA
2;2292;13.9281769648347;-0.1876220703125;0.05828857421875;100 mA
2;2293;13.9316669648259;-0.185211181640625;0.057830810546875;100 mA
2;2294;13.9351569648171;-0.1827392578125;0.057373046875;100 mA
2;2295;13.9386469648083;-0.1802978515625;0.05706787109375;100 mA
2;2296;13.9421369647995;-0.177886962890625;0.05657958984375;100 mA
2;2297;13.9456269647907;-0.17535400390625;0.05615234375;100 mA
2;2298;13.9491169647819;-0.1729736328125;0.05572509765625;100 mA
2;2299;13.9526069647731;-0.17047119140625;0.055328369140625;100 mA
2;2300;13.9560969647642;-0.168060302734375;0.054931640625;100 mA
2;2301;13.9595869647554;-0.16558837890625;0.054473876953125;100 mA
2;2302;13.9630769647466;-0.163116455078125;0.05401611328125;100 mA
2;2303;13.9665669647378;-0.160675048828125;0.053558349609375;100 mA
2;2304;13.970056964729;-0.158233642578125;0.05316162109375;100 mA
2;2305;13.9735469647202;-0.15582275390625;0.052764892578125;100 mA
2;2306;13.9770369647114;-0.15338134765625;0.05230712890625;100 mA
2;2307;13.9805269647026;-0.150909423828125;0.051849365234375;100 mA
2;2308;13.9840169646938;-0.148406982421875;0.0513916015625;100 mA
2;2309;13.9875069646849;-0.146026611328125;0.050994873046875;100 mA
2;2310;13.9909969646761;-0.143524169921875;0.050567626953125;100 mA
2;2311;13.9944869646673;-0.14111328125;0.050140380859375;100 mA
2;2312;13.9979769646585;-0.138641357421875;0.0497314453125;100 mA
2;2313;14.0014669646497;-0.136138916015625;0.0493072509765625;100 mA
2;2314;14.0049569646409;-0.133636474609375;0.048956298828125;100 mA
2;2315;14.0084469646321;-0.1312255859375;0.04852294921875;100 mA
2;2316;14.0119369646233;-0.128692626953125;0.04810791015625;100 mA
2;2317;14.0154269646144;-0.12628173828125;0.0476959228515625;100 mA
2;2318;14.0189169646056;-0.12384033203125;0.0473052978515625;100 mA
2;2319;14.0224069645968;-0.12139892578125;0.046917724609375;100 mA
2;2320;14.025896964588;-0.11895751953125;0.0465728759765625;100 mA
2;2321;14.0293869645792;-0.116455078125;0.0461669921875;100 mA
2;2322;14.0328769645704;-0.113983154296875;0.0457733154296875;100 mA
2;2323;14.0363669645616;-0.111541748046875;0.0453857421875;100 mA
2;2324;14.0398569645528;-0.109161376953125;0.0450042724609375;100 mA
2;2325;14.043346964544;-0.106658935546875;0.0446563720703125;100 mA
2;2326;14.0468369645351;-0.104156494140625;0.0443084716796875;100 mA
2;2327;14.0503269645263;-0.101776123046875;0.0439117431640625;100 mA
2;2328;14.0538169645175;-0.099334716796875;0.043585205078125;100 mA
2;2329;14.0573069645087;-0.096832275390625;0.043218994140625;100 mA
2;2330;14.0607969644999;-0.0943603515625;0.0428985595703125;100 mA
2;2331;14.0642869644911;-0.09197998046875;0.0425018310546875;100 mA
2;2332;14.0677769644823;-0.089508056640625;0.0421661376953125;100 mA
2;2333;14.0712669644735;-0.087066650390625;0.0418548583984375;100 mA
2;2334;14.0747569644647;-0.0845947265625;0.0415191650390625;100 mA
2;2335;14.0782469644558;-0.0821533203125;0.0412078857421875;100 mA
2;2336;14.081736964447;-0.0797119140625;0.0408721923828125;100 mA
2;2337;14.0852269644382;-0.07733154296875;0.040545654296875;100 mA
2;2338;14.0887169644294;-0.07476806640625;0.0402496337890625;100 mA
2;2339;14.0922069644206;-0.072357177734375;0.039923095703125;100 mA
2;2340;14.0956969644118;-0.069915771484375;0.039599609375;100 mA
2;2341;14.099186964403;-0.067413330078125;0.0393280029296875;100 mA
2;2342;14.1026769643942;-0.06500244140625;0.0390228271484375;100 mA
2;2343;14.1061669643854;-0.062530517578125;0.038763427734375;100 mA
2;2344;14.1096569643765;-0.060089111328125;0.038458251953125;100 mA
2;2345;14.1131469643677;-0.0576171875;0.0381256103515625;100 mA
2;2346;14.1166369643589;-0.05523681640625;0.037841796875;100 mA
2;2347;14.1201269643501;-0.052734375;0.0376129150390625;100 mA
2;2348;14.1236169643413;-0.050323486328125;0.0373382568359375;100 mA
2;2349;14.1271069643325;-0.047735595703125;0.03704833984375;100 mA
2;2350;14.1305969643237;-0.045269775390625;0.03677978515625;100 mA
2;2351;14.1340869643149;-0.042803955078125;0.0364959716796875;100 mA
2;2352;14.137576964306;-0.0403411865234375;0.0362457275390625;100 mA
2;2353;14.1410669642972;-0.0379058837890625;0.0360137939453125;100 mA
2;2354;14.1445569642884;-0.0354888916015625;0.0357879638671875;100 mA
2;2355;14.1480469642796;-0.033013916015625;0.0354766845703125;100 mA
2;2356;14.1515369642708;-0.0305694580078125;0.03525390625;100 mA
2;2357;14.155026964262;-0.02806396484375;0.0350067138671875;100 mA
2;2358;14.1585169642532;-0.0256500244140625;0.03477783203125;100 mA
2;2359;14.1620069642444;-0.02318115234375;0.0345245361328125;100 mA
2;2360;14.1654969642356;-0.020758056640625;0.034295654296875;100 mA
2;2361;14.1689869642267;-0.0182769775390625;0.034075927734375;100 mA
2;2362;14.1724769642179;-0.0158599853515625;0.03388671875;100 mA
2;2363;14.1759669642091;-0.0134063720703125;0.033642578125;100 mA
2;2364;14.1794569642003;-0.01092529296875;0.0334259033203125;100 mA
2;2365;14.1829469641915;-0.008502197265625;0.0331756591796875;100 mA
2;2366;14.1864369641827;-0.00604858398437499;0.0329864501953125;100 mA
2;2367;14.1899269641739;-0.0035980224609375;0.0327911376953125;100 mA
2;2368;14.1934169641651;-0.0011474609375;0.03258056640625;100 mA
3;2369;14.1969069641563;0.001300048828125;0.0323760986328125;100 mA
3;2370;14.2003969641474;0.0037567138671875;0.0321624755859375;100 mA
3;2371;14.2038869641386;0.0061981201171875;0.0319793701171875;100 mA
3;2372;14.2073769641298;0.00867309570312499;0.031768798828125;100 mA
3;2373;14.210866964121;0.0111083984375;0.03160400390625;100 mA
3;2374;14.2143569641122;0.0135711669921875;0.0313568115234375;100 mA
3;2375;14.2178469641034;0.016009521484375;0.031201171875;100 mA
3;2376;14.2213369640946;0.0184814453125;0.0310302734375;100 mA
3;2377;14.2248269640858;0.0209259033203125;0.03084716796875;100 mA
3;2378;14.228316964077;0.023358154296875;0.030645751953125;100 mA
3;2379;14.2318069640681;0.0258331298828125;0.0304443359375;100 mA
3;2380;14.2352969640593;0.028277587890625;0.0302978515625;100 mA
3;2381;14.2387869640505;0.030731201171875;0.0301300048828125;100 mA
3;2382;14.2422769640417;0.033184814453125;0.0299652099609375;100 mA
3;2383;14.2457669640329;0.0356353759765625;0.0297607421875;100 mA
3;2384;14.2492569640241;0.0381103515625;0.02960205078125;100 mA
3;2385;14.2527469640153;0.0405303955078125;0.02943115234375;100 mA
3;2386;14.2562369640065;0.043011474609375;0.029278564453125;100 mA
3;2387;14.2597269639977;0.04542236328125;0.029132080078125;100 mA
3;2388;14.2632169639888;0.0478973388671875;0.0289825439453125;100 mA
3;2389;14.26670696398;0.05023193359375;0.0288055419921875;100 mA
3;2390;14.2701969639712;0.05267333984375;0.02864990234375;100 mA
3;2391;14.2736869639624;0.05511474609375;0.0285369873046875;100 mA
3;2392;14.2771769639536;0.057586669921875;0.02838134765625;100 mA
3;2393;14.2806669639448;0.06011962890625;0.0281768798828125;100 mA
3;2394;14.284156963936;0.0625;0.028057861328125;100 mA
3;2395;14.2876469639272;0.064971923828125;0.027923583984375;100 mA
3;2396;14.2911369639183;0.06744384765625;0.027764892578125;100 mA
3;2397;14.2946269639095;0.06988525390625;0.0276153564453125;100 mA
3;2398;14.2981169639007;0.072357177734375;0.0274932861328125;100 mA
3;2399;14.3016069638919;0.07476806640625;0.0273223876953125;100 mA
3;2400;14.3050969638831;0.077178955078125;0.0272125244140625;100 mA
3;2401;14.3085869638743;0.0797119140625;0.0270721435546875;100 mA
3;2402;14.3120769638655;0.0821533203125;0.0269134521484375;100 mA
3;2403;14.3155669638567;0.084564208984375;0.0268035888671875;100 mA
3;2404;14.3190569638479;0.087005615234375;0.0266876220703125;100 mA
3;2405;14.322546963839;0.089508056640625;0.0265533447265625;100 mA
3;2406;14.3260369638302;0.0919189453125;0.0264434814453125;100 mA
3;2407;14.3295269638214;0.09442138671875;0.02628173828125;100 mA
3;2408;14.3330169638126;0.096893310546875;0.026171875;100 mA
3;2409;14.3365069638038;0.09930419921875;0.0260498046875;100 mA
3;2410;14.339996963795;0.10174560546875;0.0259429931640625;100 mA
3;2411;14.3434869637862;0.104217529296875;0.0257904052734375;100 mA
3;2412;14.3469769637774;0.10662841796875;0.0256805419921875;100 mA
3;2413;14.3504669637686;0.10906982421875;0.025567626953125;100 mA
3;2414;14.3539569637597;0.111572265625;0.025469970703125;100 mA
3;2415;14.3574469637509;0.113983154296875;0.025360107421875;100 mA
3;2416;14.3609369637421;0.116485595703125;0.0252288818359375;100 mA
3;2417;14.3644269637333;0.118896484375;0.02510986328125;100 mA
3;2418;14.3679169637245;0.121307373046875;0.025;100 mA
3;2419;14.3714069637157;0.123779296875;0.0248992919921875;100 mA
3;2420;14.3748969637069;0.126251220703125;0.0247894287109375;100 mA
3;2421;14.3783869636981;0.128692626953125;0.02467041015625;100 mA
3;2422;14.3818769636893;0.131134033203125;0.024566650390625;100 mA
3;2423;14.3853669636804;0.133636474609375;0.0245025634765625;100 mA
3;2424;14.3888569636716;0.136077880859375;0.0243988037109375;100 mA
3;2425;14.3923469636628;0.13848876953125;0.024273681640625;100 mA
3;2426;14.395836963654;0.140960693359375;0.0241729736328125;100 mA
3;2427;14.3993269636452;0.1434326171875;0.0240447998046875;100 mA
3;2428;14.4028169636364;0.145904541015625;0.0239837646484375;100 mA
3;2429;14.4063069636276;0.148345947265625;0.023870849609375;100 mA
3;2430;14.4097969636188;0.15081787109375;0.0237701416015625;100 mA
3;2431;14.4132869636099;0.153228759765625;0.023681640625;100 mA
3;2432;14.4167769636011;0.155731201171875;0.0235931396484375;100 mA
3;2433;14.4202669635923;0.158050537109375;0.023504638671875;100 mA
3;2434;14.4237569635835;0.1605224609375;0.0234100341796875;100 mA
3;2435;14.4272469635747;0.162994384765625;0.0233367919921875;100 mA
3;2436;14.4307369635659;0.16546630859375;0.023223876953125;100 mA
3;2437;14.4342269635571;0.16790771484375;0.0231353759765625;100 mA
3;2438;14.4377169635483;0.170379638671875;0.0230712890625;100 mA
3;2439;14.4412069635395;0.1728515625;0.02296142578125;100 mA
3;2440;14.4446969635306;0.17523193359375;0.0228759765625;100 mA
3;2441;14.4481869635218;0.177764892578125;0.0228118896484375;100 mA
3;2442;14.451676963513;0.180206298828125;0.022723388671875;100 mA
3;2443;14.4551669635042;0.1826171875;0.0226348876953125;100 mA
3;2444;14.4586569634954;0.18511962890625;0.0225677490234375;100 mA
3;2445;14.4621469634866;0.187591552734375;0.0224609375;100 mA
3;2446;14.4656369634778;0.1900634765625;0.022381591796875;100 mA
3;2447;14.469126963469;0.192474365234375;0.0223052978515625;100 mA
3;2448;14.4726169634602;0.194915771484375;0.0222442626953125;100 mA
3;2449;14.4761069634513;0.19732666015625;0.0221649169921875;100 mA
3;2450;14.4795969634425;0.19976806640625;0.022076416015625;100 mA
3;2451;14.4830869634337;0.202301025390625;0.0219879150390625;100 mA
3;2452;14.4865769634249;0.2047119140625;0.02196044921875;100 mA
3;2453;14.4900669634161;0.207061767578125;0.0218536376953125;100 mA
3;2454;14.4935569634073;0.2095947265625;0.0217620849609375;100 mA
3;2455;14.4970469633985;0.2120361328125;0.0217071533203125;100 mA
3;2456;14.5005369633897;0.2144775390625;0.021624755859375;100 mA
3;2457;14.5040269633809;0.216949462890625;0.0215728759765625;100 mA
3;2458;14.507516963372;0.21942138671875;0.0215179443359375;100 mA
3;2459;14.5110069633632;0.221771240234375;0.02139892578125;100 mA
3;2460;14.5144969633544;0.224273681640625;0.0213836669921875;100 mA
3;2461;14.5179869633456;0.226776123046875;0.021295166015625;100 mA
3;2462;14.5214769633368;0.229217529296875;0.02125244140625;100 mA
3;2463;14.524966963328;0.231658935546875;0.021173095703125;100 mA
3;2464;14.5284569633192;0.234130859375;0.021087646484375;100 mA
3;2465;14.5319469633104;0.236541748046875;0.021026611328125;100 mA
3;2466;14.5354369633015;0.238983154296875;0.020977783203125;100 mA
3;2467;14.5389269632927;0.241485595703125;0.02088623046875;100 mA
3;2468;14.5424169632839;0.243865966796875;0.0208526611328125;100 mA
3;2469;14.5459069632751;0.246368408203125;0.0208038330078125;100 mA
3;2470;14.5493969632663;0.248779296875;0.020733642578125;100 mA
3;2471;14.5528869632575;0.25128173828125;0.0206573486328125;100 mA
3;2472;14.5563769632487;0.253753662109375;0.020611572265625;100 mA
3;2473;14.5598669632399;0.25616455078125;0.020562744140625;100 mA
3;2474;14.5633569632311;0.258636474609375;0.0205078125;100 mA
3;2475;14.5668469632222;0.2611083984375;0.02042236328125;100 mA
3;2476;14.5703369632134;0.2635498046875;0.020391845703125;100 mA
3;2477;14.5738269632046;0.26593017578125;0.0203277587890625;100 mA
3;2478;14.5773169631958;0.2684326171875;0.0202667236328125;100 mA
3;2479;14.580806963187;0.270904541015625;0.02021484375;100 mA
3;2480;14.5842969631782;0.273345947265625;0.0201446533203125;100 mA
3;2481;14.5877869631694;0.27581787109375;0.0200927734375;100 mA
3;2482;14.5912769631606;0.278228759765625;0.0200469970703125;100 mA
3;2483;14.5947669631518;0.280731201171875;0.0199554443359375;100 mA
3;2484;14.5982569631429;0.283111572265625;0.0199249267578125;100 mA
3;2485;14.6017469631341;0.28558349609375;0.0198760986328125;100 mA
3;2486;14.6052369631253;0.2879638671875;0.0198211669921875;100 mA
3;2487;14.6087269631165;0.290435791015625;0.01976318359375;100 mA
3;2488;14.6122169631077;0.292938232421875;0.019683837890625;100 mA
3;2489;14.6157069630989;0.29541015625;0.019647216796875;100 mA
3;2490;14.6191969630901;0.29779052734375;0.0196136474609375;100 mA
3;2491;14.6226869630813;0.300262451171875;0.0195526123046875;100 mA
3;2492;14.6261769630725;0.302703857421875;0.0195068359375;100 mA
3;2493;14.6296669630636;0.305145263671875;0.0194610595703125;100 mA
3;2494;14.6331569630548;0.30767822265625;0.019384765625;100 mA
3;2495;14.636646963046;0.31011962890625;0.019342041015625;100 mA
3;2496;14.6401369630372;0.312530517578125;0.0192840576171875;100 mA
3;2497;14.6436269630284;0.314971923828125;0.0192230224609375;100 mA
3;2498;14.6471169630196;0.317535400390625;0.019189453125;100 mA
3;2499;14.6506069630108;0.319915771484375;0.019140625;100 mA
3;2500;14.654096963002;0.32232666015625;0.0190704345703125;100 mA
3;2501;14.6575869629932;0.32489013671875;0.0190338134765625;100 mA
3;2502;14.6610769629843;0.327239990234375;0.0189666748046875;100 mA
3;2503;14.6645669629755;0.329681396484375;0.0189544677734375;100 mA
3;2504;14.6680569629667;0.332183837890625;0.0188873291015625;100 mA
3;2505;14.6715469629579;0.334625244140625;0.018865966796875;100 mA
3;2506;14.6750369629491;0.337066650390625;0.01878662109375;100 mA
3;2507;14.6785269629403;0.339508056640625;0.0187255859375;100 mA
3;2508;14.6820169629315;0.342010498046875;0.0187103271484375;100 mA
3;2509;14.6855069629227;0.344482421875;0.0186676025390625;100 mA
3;2510;14.6889969629138;0.346923828125;0.0186004638671875;100 mA
3;2511;14.692486962905;0.349334716796875;0.0185546875;100 mA
3;2512;14.6959769628962;0.351715087890625;0.0185028076171875;100 mA
3;2513;14.6994669628874;0.354217529296875;0.0184356689453125;100 mA
3;2514;14.7029569628786;0.356689453125;0.018408203125;100 mA
3;2515;14.7064469628698;0.359130859375;0.018377685546875;100 mA
3;2516;14.709936962861;0.361602783203125;0.0183349609375;100 mA
3;2517;14.7134269628522;0.364013671875;0.0182647705078125;100 mA
3;2518;14.7169169628434;0.366455078125;0.0182464599609375;100 mA
3;2519;14.7204069628345;0.36895751953125;0.0182037353515625;100 mA
3;2520;14.7238969628257;0.371307373046875;0.0181427001953125;100 mA
3;2521;14.7273869628169;0.37384033203125;0.0180908203125;100 mA
3;2522;14.7308769628081;0.37628173828125;0.018084716796875;100 mA
3;2523;14.7343669627993;0.378753662109375;0.0180084228515625;100 mA
3;2524;14.7378569627905;0.381195068359375;0.0180206298828125;100 mA
3;2525;14.7413469627817;0.38360595703125;0.017938232421875;100 mA
3;2526;14.7448369627729;0.386138916015625;0.0179046630859375;100 mA
3;2527;14.7483269627641;0.388519287109375;0.0178680419921875;100 mA
3;2528;14.7518169627552;0.3909912109375;0.0178009033203125;100 mA
3;2529;14.7553069627464;0.393463134765625;0.0177978515625;100 mA
3;2530;14.7587969627376;0.395904541015625;0.01773681640625;100 mA
3;2531;14.7622869627288;0.3983154296875;0.0177490234375;100 mA
3;2532;14.76577696272;0.400787353515625;0.017694091796875;100 mA
3;2533;14.7692669627112;0.40325927734375;0.0176422119140625;100 mA
3;2534;14.7727569627024;0.405670166015625;0.0176300048828125;100 mA
3;2535;14.7762469626936;0.408111572265625;0.0175872802734375;100 mA
3;2536;14.7797369626848;0.41058349609375;0.0175323486328125;100 mA
3;2537;14.7832269626759;0.413055419921875;0.0174957275390625;100 mA
3;2538;14.7867169626671;0.41546630859375;0.0174957275390625;100 mA
3;2539;14.7902069626583;0.41796875;0.0174591064453125;100 mA
3;2540;14.7936969626495;0.420379638671875;0.0174041748046875;100 mA
3;2541;14.7971869626407;0.4228515625;0.0173736572265625;100 mA
3;2542;14.8006769626319;0.42523193359375;0.017340087890625;100 mA
3;2543;14.8041669626231;0.427734375;0.017315673828125;100 mA
3;2544;14.8076569626143;0.43017578125;0.0172821044921875;100 mA
3;2545;14.8111469626054;0.43267822265625;0.0172515869140625;100 mA
3;2546;14.8146369625966;0.435089111328125;0.01722412109375;100 mA
3;2547;14.8181269625878;0.43756103515625;0.0171905517578125;100 mA
3;2548;14.821616962579;0.440032958984375;0.017169189453125;100 mA
3;2549;14.8251069625702;0.442474365234375;0.0171417236328125;100 mA
3;2550;14.8285969625614;0.444915771484375;0.0170928955078125;100 mA
3;2551;14.8320869625526;0.44732666015625;0.017095947265625;100 mA
3;2552;14.8355769625438;0.448638916015625;0.0158966064453125;100 mA
3;2553;14.839066962535;0.446136474609375;0.015478515625;100 mA
3;2554;14.8425569625261;0.443634033203125;0.015185546875;100 mA
3;2555;14.8460469625173;0.44122314453125;0.014910888671875;100 mA
3;2556;14.8495369625085;0.4388427734375;0.014678955078125;100 mA
3;2557;14.8530269624997;0.436370849609375;0.0145172119140625;100 mA
3;2558;14.8565169624909;0.433868408203125;0.01431884765625;100 mA
3;2559;14.8600069624821;0.431427001953125;0.0141754150390625;100 mA
3;2560;14.8634969624733;0.428955078125;0.0140106201171875;100 mA
3;2561;14.8669869624645;0.426483154296875;0.0138641357421875;100 mA
3;2562;14.8704769624557;0.424072265625;0.0137725830078125;100 mA
3;2563;14.8739669624468;0.42169189453125;0.0136077880859375;100 mA
3;2564;14.877456962438;0.41925048828125;0.0135040283203125;100 mA
3;2565;14.8809469624292;0.41680908203125;0.0133819580078125;100 mA
3;2566;14.8844369624204;0.414306640625;0.0132781982421875;100 mA
3;2567;14.8879269624116;0.41192626953125;0.0131927490234375;100 mA
3;2568;14.8914169624028;0.409454345703125;0.0130828857421875;100 mA
3;2569;14.894906962394;0.407012939453125;0.0129608154296875;100 mA
3;2570;14.8983969623852;0.404541015625;0.012860107421875;100 mA
3;2571;14.9018869623764;0.402069091796875;0.0127960205078125;100 mA
3;2572;14.9053769623675;0.39971923828125;0.0126861572265625;100 mA
3;2573;14.9088669623587;0.397247314453125;0.0126373291015625;100 mA
3;2574;14.9123569623499;0.394805908203125;0.0125335693359375;100 mA
3;2575;14.9158469623411;0.392364501953125;0.01243896484375;100 mA
3;2576;14.9193369623323;0.389923095703125;0.0123687744140625;100 mA
3;2577;14.9228269623235;0.387451171875;0.0122833251953125;100 mA
3;2578;14.9263169623147;0.385009765625;0.0122283935546875;100 mA
3;2579;14.9298069623059;0.382537841796875;0.012152099609375;100 mA
3;2580;14.933296962297;0.380096435546875;0.0120849609375;100 mA
3;2581;14.9367869622882;0.37762451171875;0.012017822265625;100 mA
3;2582;14.9402769622794;0.375244140625;0.0119293212890625;100 mA
3;2583;14.9437669622706;0.372833251953125;0.0118499755859375;100 mA
3;2584;14.9472569622618;0.370361328125;0.0117706298828125;100 mA
3;2585;14.950746962253;0.367889404296875;0.011767578125;100 mA
3;2586;14.9542369622442;0.365447998046875;0.0116851806640625;100 mA
3;2587;14.9577269622354;0.363006591796875;0.01162109375;100 mA
3;2588;14.9612169622266;0.360626220703125;0.0115478515625;100 mA
3;2589;14.9647069622177;0.35809326171875;0.011474609375;100 mA
3;2590;14.9681969622089;0.35565185546875;0.01142578125;100 mA
3;2591;14.9716869622001;0.35321044921875;0.0113800048828125;100 mA
3;2592;14.9751769621913;0.35076904296875;0.01131591796875;100 mA
3;2593;14.9786669621825;0.348358154296875;0.0112548828125;100 mA
3;2594;14.9821569621737;0.345916748046875;0.011181640625;100 mA
3;2595;14.9856469621649;0.343536376953125;0.011138916015625;100 mA
3;2596;14.9891369621561;0.34112548828125;0.01109619140625;100 mA
3;2597;14.9926269621473;0.33856201171875;0.011041259765625;100 mA
3;2598;14.9961169621384;0.336090087890625;0.0109832763671875;100 mA
3;2599;14.9996069621296;0.333709716796875;0.0109222412109375;100 mA
3;2600;15.0030969621208;0.331268310546875;0.0109130859375;100 mA
3;2601;15.006586962112;0.32879638671875;0.01085205078125;100 mA
3;2602;15.0100769621032;0.32635498046875;0.0107879638671875;100 mA
3;2603;15.0135669620944;0.323944091796875;0.010723876953125;100 mA
3;2604;15.0170569620856;0.321502685546875;0.0106781005859375;100 mA
3;2605;15.0205469620768;0.3189697265625;0.0106597900390625;100 mA
3;2606;15.024036962068;0.316619873046875;0.0105712890625;100 mA
3;2607;15.0275269620591;0.314117431640625;0.0105499267578125;100 mA
3;2608;15.0310169620503;0.311676025390625;0.0104705810546875;100 mA
3;2609;15.0345069620415;0.309295654296875;0.0104461669921875;100 mA
3;2610;15.0379969620327;0.306793212890625;0.0104217529296875;100 mA
3;2611;15.0414869620239;0.304351806640625;0.0103607177734375;100 mA
3;2612;15.0449769620151;0.301849365234375;0.0102874755859375;100 mA
3;2613;15.0484669620063;0.299468994140625;0.0102447509765625;100 mA
3;2614;15.0519569619975;0.2969970703125;0.0102294921875;100 mA
3;2615;15.0554469619887;0.29461669921875;0.0101776123046875;100 mA
3;2616;15.0589369619798;0.2921142578125;0.01015625;100 mA
3;2617;15.062426961971;0.289703369140625;0.0100830078125;100 mA
3;2618;15.0659169619622;0.28717041015625;0.010040283203125;100 mA
3;2619;15.0694069619534;0.284820556640625;0.0099945068359375;100 mA
3;2620;15.0728969619446;0.28228759765625;0.0099853515625;100 mA
3;2621;15.0763869619358;0.279937744140625;0.0099456787109375;100 mA
3;2622;15.079876961927;0.277496337890625;0.0098663330078125;100 mA
3;2623;15.0833669619182;0.274993896484375;0.0098236083984375;100 mA
3;2624;15.0868569619093;0.272552490234375;0.0098297119140625;100 mA
3;2625;15.0903469619005;0.2701416015625;0.0097808837890625;100 mA
3;2626;15.0938369618917;0.267669677734375;0.0097259521484375;100 mA
3;2627;15.0973269618829;0.2652587890625;0.00966796875;100 mA
3;2628;15.1008169618741;0.2628173828125;0.0096282958984375;100 mA
3;2629;15.1043069618653;0.260406494140625;0.0095947265625;100 mA
3;2630;15.1077969618565;0.257904052734375;0.0095550537109375;100 mA
3;2631;15.1112869618477;0.255462646484375;0.0095367431640625;100 mA
3;2632;15.1147769618389;0.2530517578125;0.0094573974609375;100 mA
3;2633;15.11826696183;0.250579833984375;0.00941162109375;100 mA
3;2634;15.1217569618212;0.24810791015625;0.009417724609375;100 mA
3;2635;15.1252469618124;0.245697021484375;0.009368896484375;100 mA
3;2636;15.1287369618036;0.24322509765625;0.0093170166015625;100 mA
3;2637;15.1322269617948;0.2408447265625;0.009283447265625;100 mA
3;2638;15.135716961786;0.238372802734375;0.009259033203125;100 mA
3;2639;15.1392069617772;0.2359619140625;0.009197998046875;100 mA
3;2640;15.1426969617684;0.233489990234375;0.0091796875;100 mA
3;2641;15.1461869617596;0.230987548828125;0.0091217041015625;100 mA
3;2642;15.1496769617507;0.22857666015625;0.0091033935546875;100 mA
3;2643;15.1531669617419;0.22613525390625;0.00906982421875;100 mA
3;2644;15.1566569617331;0.22369384765625;0.0090087890625;100 mA
3;2645;15.1601469617243;0.221221923828125;0.00897216796875;100 mA
3;2646;15.1636369617155;0.21881103515625;0.008929443359375;100 mA
3;2647;15.1671269617067;0.21636962890625;0.00888671875;100 mA
3;2648;15.1706169616979;0.213958740234375;0.008892822265625;100 mA
3;2649;15.1741069616891;0.211517333984375;0.00882568359375;100 mA
3;2650;15.1775969616803;0.20904541015625;0.0087646484375;100 mA
3;2651;15.1810869616714;0.206512451171875;0.008758544921875;100 mA
3;2652;15.1845769616626;0.204132080078125;0.008697509765625;100 mA
3;2653;15.1880669616538;0.201812744140625;0.008673095703125;100 mA
3;2654;15.191556961645;0.19927978515625;0.008660888671875;100 mA
3;2655;15.1950469616362;0.19677734375;0.0085968017578125;100 mA
3;2656;15.1985369616274;0.194366455078125;0.0085693359375;100 mA
3;2657;15.2020269616186;0.191864013671875;0.0085174560546875;100 mA
3;2658;15.2055169616098;0.189422607421875;0.00850830078125;100 mA
3;2659;15.2090069616009;0.187103271484375;0.008447265625;100 mA
3;2660;15.2124969615921;0.184600830078125;0.008404541015625;100 mA
3;2661;15.2159869615833;0.18212890625;0.0083770751953125;100 mA
3;2662;15.2194769615745;0.1796875;0.008355712890625;100 mA
3;2663;15.2229669615657;0.17724609375;0.00831298828125;100 mA
3;2664;15.2264569615569;0.17474365234375;0.0082794189453125;100 mA
3;2665;15.2299469615481;0.172332763671875;0.0082489013671875;100 mA
3;2666;15.2334369615393;0.169952392578125;0.0081939697265625;100 mA
3;2667;15.2369269615305;0.167449951171875;0.008184814453125;100 mA
3;2668;15.2404169615216;0.165069580078125;0.008154296875;100 mA
3;2669;15.2439069615128;0.16253662109375;0.00809326171875;100 mA
3;2670;15.247396961504;0.16015625;0.00809326171875;100 mA
3;2671;15.2508869614952;0.157684326171875;0.0080291748046875;100 mA
3;2672;15.2543769614864;0.15521240234375;0.0080169677734375;100 mA
3;2673;15.2578669614776;0.15283203125;0.0079803466796875;100 mA
3;2674;15.2613569614688;0.150299072265625;0.0079498291015625;100 mA
3;2675;15.26484696146;0.147918701171875;0.0079345703125;100 mA
3;2676;15.2683369614512;0.1455078125;0.0079132080078125;100 mA
3;2677;15.2718269614423;0.14300537109375;0.007867431640625;100 mA
3;2678;15.2753169614335;0.14056396484375;0.007818603515625;100 mA
3;2679;15.2788069614247;0.13812255859375;0.00777587890625;100 mA
3;2680;15.2822969614159;0.135711669921875;0.0077606201171875;100 mA
3;2681;15.2857869614071;0.133270263671875;0.0077178955078125;100 mA
3;2682;15.2892769613983;0.130859375;0.007666015625;100 mA
3;2683;15.2927669613895;0.12835693359375;0.00765380859375;100 mA
3;2684;15.2962569613807;0.1259765625;0.0075836181640625;100 mA
3;2685;15.2997469613719;0.123504638671875;0.0075897216796875;100 mA
3;2686;15.303236961363;0.12103271484375;0.00755615234375;100 mA
3;2687;15.3067269613542;0.11865234375;0.007501220703125;100 mA
3;2688;15.3102169613454;0.1162109375;0.0074737548828125;100 mA
3;2689;15.3137069613366;0.11370849609375;0.007403564453125;100 mA
3;2690;15.3171969613278;0.11126708984375;0.0073822021484375;100 mA
3;2691;15.320686961319;0.10882568359375;0.0073760986328125;100 mA
3;2692;15.3241769613102;0.1064453125;0.00731201171875;100 mA
3;2693;15.3276669613014;0.103973388671875;0.007269287109375;100 mA
3;2694;15.3311569612925;0.101531982421875;0.0072509765625;100 mA
3;2695;15.3346469612837;0.099090576171875;0.007208251953125;100 mA
3;2696;15.3381369612749;0.09661865234375;0.0071990966796875;100 mA
3;2697;15.3416269612661;0.09417724609375;0.0071563720703125;100 mA
3;2698;15.3451169612573;0.091705322265625;0.0070831298828125;100 mA
3;2699;15.3486069612485;0.089263916015625;0.007073974609375;100 mA
3;2700;15.3520969612397;0.08685302734375;0.007049560546875;100 mA
3;2701;15.3555869612309;0.084381103515625;0.0070159912109375;100 mA
3;2702;15.3590769612221;0.081939697265625;0.0069671630859375;100 mA
3;2703;15.3625669612132;0.07952880859375;0.006915283203125;100 mA
3;2704;15.3660569612044;0.077117919921875;0.0068695068359375;100 mA
3;2705;15.3695469611956;0.07464599609375;0.00687255859375;100 mA
3;2706;15.3730369611868;0.072174072265625;0.0068267822265625;100 mA
3;2707;15.376526961178;0.069793701171875;0.006805419921875;100 mA
3;2708;15.3800169611692;0.0672607421875;0.0067535400390625;100 mA
3;2709;15.3835069611604;0.06488037109375;0.0066864013671875;100 mA
3;2710;15.3869969611516;0.062347412109375;0.0066986083984375;100 mA
3;2711;15.3904869611428;0.05999755859375;0.0066253662109375;100 mA
3;2712;15.3939769611339;0.057525634765625;0.00660400390625;100 mA
3;2713;15.3974669611251;0.055084228515625;0.006549072265625;100 mA
3;2714;15.4009569611163;0.052642822265625;0.0064971923828125;100 mA
3;2715;15.4044469611075;0.0501708984375;0.006463623046875;100 mA
3;2716;15.4079369610987;0.047747802734375;0.00643310546875;100 mA
3;2717;15.4114269610899;0.04530029296875;0.00638427734375;100 mA
3;2718;15.4149169610811;0.04285888671875;0.006341552734375;100 mA
3;2719;15.4184069610723;0.0403900146484375;0.006304931640625;100 mA
3;2720;15.4218969610635;0.037957763671875;0.006292724609375;100 mA
3;2721;15.4253869610546;0.035528564453125;0.006231689453125;100 mA
3;2722;15.4288769610458;0.03309326171875;0.006170654296875;100 mA
3;2723;15.432366961037;0.03062744140625;0.006103515625;100 mA
3;2724;15.4358569610282;0.028173828125;0.00609130859375;100 mA
3;2725;15.4393469610194;0.0257537841796875;0.0060272216796875;100 mA
3;2726;15.4428369610106;0.0233123779296875;0.0059600830078125;100 mA
3;2727;15.4463269610018;0.020855712890625;0.00592041015625;100 mA
3;2728;15.449816960993;0.0184173583984375;0.0058868408203125;100 mA
3;2729;15.4533069609842;0.015966796875;0.00584716796875;100 mA
3;2730;15.4567969609753;0.01351318359375;0.0058013916015625;100 mA
3;2731;15.4602869609665;0.01109619140625;0.005731201171875;100 mA
3;2732;15.4637769609577;0.008636474609375;0.005645751953125;100 mA
3;2733;15.4672669609489;0.00617065429687499;0.005621337890625;100 mA
3;2734;15.4707569609401;0.0037811279296875;0.005560302734375;100 mA
3;2735;15.4742469609313;0.0012969970703125;0.0055084228515625;100 mA
3;2736;15.4777369609225;-0.0011260986328125;0.0054443359375;100 mA
3;2737;15.4812269609137;-0.0035552978515625;0.0053863525390625;100 mA
3;2738;15.4847169609048;-0.0060089111328125;0.0053131103515625;100 mA
3;2739;15.488206960896;-0.00847778320312501;0.0052520751953125;100 mA
3;2740;15.4916969608872;-0.0109161376953125;0.005206298828125;100 mA
3;2741;15.4951869608784;-0.01334228515625;0.0051116943359375;100 mA
3;2742;15.4986769608696;-0.015771484375;0.0050537109375;100 mA
3;2743;15.5021669608608;-0.018231201171875;0.0049957275390625;100 mA
3;2744;15.505656960852;-0.0206512451171875;0.0049334716796875;100 mA
3;2745;15.5091469608432;-0.0231048583984375;0.004871826171875;100 mA
3;2746;15.5126369608344;-0.02554931640625;0.00477630615234375;100 mA
3;2747;15.5161269608255;-0.0280059814453125;0.0047076416015625;100 mA
3;2748;15.5196169608167;-0.03045654296875;0.004647216796875;100 mA
3;2749;15.5231069608079;-0.03289794921875;0.00456024169921875;100 mA
3;2750;15.5265969607991;-0.0353302001953125;0.0044818115234375;100 mA
3;2751;15.5300869607903;-0.03779296875;0.00440277099609375;100 mA
3;2752;15.5335769607815;-0.040234375;0.0043109130859375;100 mA
3;2753;15.5370669607727;-0.0426727294921875;0.00421630859375;100 mA
3;2754;15.5405569607639;-0.0451141357421875;0.00414398193359375;100 mA
3;2755;15.5440469607551;-0.0475372314453125;0.004080810546875;100 mA
3;2756;15.5475369607462;-0.04998779296875;0.00392791748046875;100 mA
3;2757;15.5510269607374;-0.052459716796875;0.003826904296875;100 mA
3;2758;15.5545169607286;-0.05487060546875;0.0037481689453125;100 mA
3;2759;15.5580069607198;-0.057373046875;0.00361114501953125;100 mA
3;2760;15.561496960711;-0.059783935546875;0.0035101318359375;100 mA
3;2761;15.5649869607022;-0.062225341796875;0.00340789794921875;100 mA
3;2762;15.5684769606934;-0.064666748046875;0.003282470703125;100 mA
3;2763;15.5719669606846;-0.067108154296875;0.00317413330078125;100 mA
3;2764;15.5754569606758;-0.069580078125;0.00307891845703125;100 mA
3;2765;15.5789469606669;-0.072021484375;0.00293914794921875;100 mA
3;2766;15.5824369606581;-0.074462890625;0.0027764892578125;100 mA
3;2767;15.5859269606493;-0.076904296875;0.00265533447265625;100 mA
3;2768;15.5894169606405;-0.079345703125;0.00253173828125;100 mA
3;2769;15.5929069606317;-0.08184814453125;0.00240478515625;100 mA
3;2770;15.5963969606229;-0.084259033203125;0.00222259521484375;100 mA
3;2771;15.5998869606141;-0.086700439453125;0.00205963134765625;100 mA
3;2772;15.6033769606053;-0.089111328125;0.00193878173828125;100 mA
3;2773;15.6068669605964;-0.091552734375;0.0017828369140625;100 mA
3;2774;15.6103569605876;-0.093963623046875;0.00161102294921875;100 mA
3;2775;15.6138469605788;-0.096405029296875;0.00141021728515625;100 mA
3;2776;15.61733696057;-0.098876953125;0.00127227783203125;100 mA
3;2777;15.6208269605612;-0.101318359375;0.001083984375;100 mA
3;2778;15.6243169605524;-0.103790283203125;0.0008984375;100 mA
3;2779;15.6278069605436;-0.106201171875;0.000654296875;100 mA
3;2780;15.6312969605348;-0.10870361328125;0.00045501708984375;100 mA
3;2781;15.634786960526;-0.111083984375;0.00021331787109375;100 mA
3;2782;15.6382769605171;-0.113555908203125;2.96020507812494E-05;100 mA
3;2783;15.6417669605083;-0.115997314453125;-0.00019195556640625;100 mA
3;2784;15.6452569604995;-0.118408203125;-0.000429687500000001;100 mA
3;2785;15.6487469604907;-0.120819091796875;-0.00070953369140625;100 mA
3;2786;15.6522369604819;-0.123321533203125;-0.00090362548828125;100 mA
3;2787;15.6557269604731;-0.125701904296875;-0.00118560791015625;100 mA
3;2788;15.6592169604643;-0.128204345703125;-0.00145050048828125;100 mA
3;2789;15.6627069604555;-0.13067626953125;-0.00177703857421875;100 mA
3;2790;15.6661969604467;-0.13311767578125;-0.002064208984375;100 mA
3;2791;15.6696869604378;-0.13555908203125;-0.00234619140625;100 mA
3;2792;15.673176960429;-0.138031005859375;-0.00263580322265625;100 mA
3;2793;15.6766669604202;-0.140411376953125;-0.002957763671875;100 mA
3;2794;15.6801569604114;-0.142791748046875;-0.0033026123046875;100 mA
3;2795;15.6836469604026;-0.145294189453125;-0.00365936279296875;100 mA
3;2796;15.6871369603938;-0.147705078125;-0.0040020751953125;100 mA
3;2797;15.690626960385;-0.150115966796875;-0.00435821533203125;100 mA
3;2798;15.6941169603762;-0.152587890625;-0.00475860595703125;100 mA
3;2799;15.6976069603674;-0.155029296875;-0.0051971435546875;100 mA
3;2800;15.7010969603585;-0.157501220703125;-0.005621337890625;100 mA
3;2801;15.7045869603497;-0.15997314453125;-0.0059478759765625;100 mA
3;2802;15.7080769603409;-0.16241455078125;-0.00643310546875;100 mA
3;2803;15.7115669603321;-0.16485595703125;-0.006884765625;100 mA
3;2804;15.7150569603233;-0.167266845703125;-0.007373046875;100 mA
3;2805;15.7185469603145;-0.16973876953125;-0.0078521728515625;100 mA
3;2806;15.7220369603057;-0.172149658203125;-0.0083099365234375;100 mA
3;2807;15.7255269602969;-0.174560546875;-0.0088104248046875;100 mA
3;2808;15.729016960288;-0.177001953125;-0.00936279296875;100 mA
3;2809;15.7325069602792;-0.17950439453125;-0.00992431640625;100 mA
3;2810;15.7359969602704;-0.18194580078125;-0.0104827880859375;100 mA
3;2811;15.7394869602616;-0.184356689453125;-0.0110260009765625;100 mA
3;2812;15.7429769602528;-0.186798095703125;-0.0116943359375;100 mA
3;2813;15.746466960244;-0.189239501953125;-0.0123077392578125;100 mA
3;2814;15.7499569602352;-0.191650390625;-0.0129638671875;100 mA
3;2815;15.7534469602264;-0.194122314453125;-0.0135528564453125;100 mA
3;2816;15.7569369602176;-0.196563720703125;-0.0142822265625;100 mA
3;2817;15.7604269602087;-0.199066162109375;-0.014898681640625;100 mA
3;2818;15.7639169601999;-0.20147705078125;-0.015673828125;100 mA
3;2819;15.7674069601911;-0.2039794921875;-0.0164581298828125;100 mA
3;2820;15.7708969601823;-0.206329345703125;-0.0171417236328125;100 mA
3;2821;15.7743869601735;-0.208770751953125;-0.017919921875;100 mA
3;2822;15.7778769601647;-0.21124267578125;-0.0187774658203125;100 mA
3;2823;15.7813669601559;-0.2137451171875;-0.0195892333984375;100 mA
3;2824;15.7848569601471;-0.21612548828125;-0.0204559326171875;100 mA
3;2825;15.7883469601383;-0.2186279296875;-0.0211944580078125;100 mA
3;2826;15.7918369601294;-0.221038818359375;-0.0221282958984375;100 mA
3;2827;15.7953269601206;-0.22344970703125;-0.0231231689453125;100 mA
3;2828;15.7988169601118;-0.225921630859375;-0.0240234375;100 mA
3;2829;15.802306960103;-0.22833251953125;-0.0248931884765625;100 mA
3;2830;15.8057969600942;-0.230804443359375;-0.0257843017578125;100 mA
3;2831;15.8092869600854;-0.23321533203125;-0.026776123046875;100 mA
3;2832;15.8127769600766;-0.23565673828125;-0.0278289794921875;100 mA
3;2833;15.8162669600678;-0.23809814453125;-0.028851318359375;100 mA
3;2834;15.819756960059;-0.2406005859375;-0.029864501953125;100 mA
3;2835;15.8232469600501;-0.243011474609375;-0.0308319091796875;100 mA
3;2836;15.8267369600413;-0.24542236328125;-0.0319061279296875;100 mA
3;2837;15.8302269600325;-0.247894287109375;-0.0331146240234375;100 mA
3;2838;15.8337169600237;-0.25030517578125;-0.0341796875;100 mA
3;2839;15.8372069600149;-0.2528076171875;-0.03521728515625;100 mA
3;2840;15.8406969600061;-0.25518798828125;-0.0364044189453125;100 mA
3;2841;15.8441869599973;-0.257659912109375;-0.03741455078125;100 mA
3;2842;15.8476769599885;-0.260101318359375;-0.0386383056640625;100 mA
3;2843;15.8511669599797;-0.262542724609375;-0.0398468017578125;100 mA
3;2844;15.8546569599708;-0.26495361328125;-0.0408416748046875;100 mA
3;2845;15.858146959962;-0.26739501953125;-0.0419891357421875;100 mA
3;2846;15.8616369599532;-0.26983642578125;-0.0432464599609375;100 mA
3;2847;15.8651269599444;-0.27227783203125;-0.044439697265625;100 mA
3;2848;15.8686169599356;-0.27471923828125;-0.04560546875;100 mA
3;2849;15.8721069599268;-0.27716064453125;-0.04658203125;100 mA
3;2850;15.875596959918;-0.279632568359375;-0.047772216796875;100 mA
3;2851;15.8790869599092;-0.28204345703125;-0.049005126953125;100 mA
3;2852;15.8825769599003;-0.284423828125;-0.0501708984375;100 mA
3;2853;15.8860669598915;-0.2869873046875;-0.05126953125;100 mA
3;2854;15.8895569598827;-0.28948974609375;-0.0523681640625;100 mA
3;2855;15.8930469598739;-0.2918701171875;-0.053436279296875;100 mA
3;2856;15.8965369598651;-0.2943115234375;-0.0546875;100 mA
3;2857;15.9000269598563;-0.29669189453125;-0.0557861328125;100 mA
3;2858;15.9035169598475;-0.299163818359375;-0.0567626953125;100 mA
3;2859;15.9070069598387;-0.3016357421875;-0.05780029296875;100 mA
3;2860;15.9104969598299;-0.304107666015625;-0.058807373046875;100 mA
3;2861;15.913986959821;-0.3065185546875;-0.059906005859375;100 mA
3;2862;15.9174769598122;-0.308929443359375;-0.0609130859375;100 mA
3;2863;15.9209669598034;-0.311370849609375;-0.061767578125;100 mA
3;2864;15.9244569597946;-0.3138427734375;-0.062744140625;100 mA
3;2865;15.9279469597858;-0.3162841796875;-0.063690185546875;100 mA
3;2866;15.931436959777;-0.318756103515625;-0.0645751953125;100 mA
3;2867;15.9349269597682;-0.321136474609375;-0.06549072265625;100 mA
3;2868;15.9384169597594;-0.323577880859375;-0.066162109375;100 mA
3;2869;15.9419069597506;-0.32611083984375;-0.066864013671875;100 mA
3;2870;15.9453969597417;-0.328460693359375;-0.067718505859375;100 mA
3;2871;15.9488869597329;-0.330902099609375;-0.068450927734375;100 mA
3;2872;15.9523769597241;-0.3333740234375;-0.06903076171875;100 mA
3;2873;15.9558669597153;-0.335845947265625;-0.06964111328125;100 mA
3;2874;15.9593569597065;-0.3382568359375;-0.070220947265625;100 mA
3;2875;15.9628469596977;-0.3406982421875;-0.070892333984375;100 mA
3;2876;15.9663369596889;-0.343109130859375;-0.071441650390625;100 mA
3;2877;15.9698269596801;-0.34552001953125;-0.07183837890625;100 mA
3;2878;15.9733169596713;-0.348052978515625;-0.07232666015625;100 mA
3;2879;15.9768069596624;-0.35052490234375;-0.07269287109375;100 mA
3;2880;15.9802969596536;-0.35296630859375;-0.07318115234375;100 mA
3;2881;15.9837869596448;-0.355377197265625;-0.07354736328125;100 mA
3;2882;15.987276959636;-0.357879638671875;-0.073699951171875;100 mA
3;2883;15.9907669596272;-0.360260009765625;-0.074005126953125;100 mA
3;2884;15.9942569596184;-0.36273193359375;-0.074310302734375;100 mA
3;2885;15.9977469596096;-0.365142822265625;-0.074493408203125;100 mA
3;2886;16.0012369596008;-0.3675537109375;-0.074676513671875;100 mA
3;2887;16.0047269595919;-0.37005615234375;-0.074737548828125;100 mA
3;2888;16.0082169595831;-0.37249755859375;-0.074859619140625;100 mA
3;2889;16.0117069595743;-0.37493896484375;-0.075042724609375;100 mA
3;2890;16.0151969595655;-0.3773193359375;-0.075042724609375;100 mA
3;2891;16.0186869595567;-0.3797607421875;-0.0750732421875;100 mA
3;2892;16.0221769595479;-0.382293701171875;-0.074920654296875;100 mA
3;2893;16.0256669595391;-0.38470458984375;-0.07489013671875;100 mA
3;2894;16.0291569595303;-0.387115478515625;-0.07489013671875;100 mA
3;2895;16.0326469595215;-0.389617919921875;-0.074798583984375;100 mA
3;2896;16.0361369595126;-0.391998291015625;-0.07470703125;100 mA
3;2897;16.0396269595038;-0.394500732421875;-0.074493408203125;100 mA
3;2898;16.043116959495;-0.396881103515625;-0.074371337890625;100 mA
3;2899;16.0466069594862;-0.39935302734375;-0.07421875;100 mA
3;2900;16.0500969594774;-0.40179443359375;-0.07403564453125;100 mA
3;2901;16.0535869594686;-0.404296875;-0.07373046875;100 mA
3;2902;16.0570769594598;-0.406646728515625;-0.07354736328125;100 mA
3;2903;16.060566959451;-0.40911865234375;-0.073211669921875;100 mA
3;2904;16.0640569594422;-0.411590576171875;-0.073028564453125;100 mA
3;2905;16.0675469594333;-0.414031982421875;-0.07275390625;100 mA
3;2906;16.0710369594245;-0.416473388671875;-0.072418212890625;100 mA
3;2907;16.0745269594157;-0.418853759765625;-0.07208251953125;100 mA
3;2908;16.0780169594069;-0.421295166015625;-0.071746826171875;100 mA
3;2909;16.0815069593981;-0.42376708984375;-0.071441650390625;100 mA
3;2910;16.0849969593893;-0.4261474609375;-0.0711669921875;100 mA
3;2911;16.0884869593805;-0.42864990234375;-0.0706787109375;100 mA
3;2912;16.0919769593717;-0.431121826171875;-0.0703125;100 mA
3;2913;16.0954669593629;-0.433563232421875;-0.07000732421875;100 mA
3;2914;16.098956959354;-0.436004638671875;-0.069610595703125;100 mA
3;2915;16.1024469593452;-0.4384765625;-0.069244384765625;100 mA
3;2916;16.1059369593364;-0.440887451171875;-0.068817138671875;100 mA
3;2917;16.1094269593276;-0.443359375;-0.068389892578125;100 mA
3;2918;16.1129169593188;-0.445770263671875;-0.06805419921875;100 mA
3;2919;16.11640695931;-0.4482421875;-0.067657470703125;100 mA
3;2920;16.1198969593012;-0.45074462890625;-0.06719970703125;100 mA
3;2921;16.1233869592924;-0.453094482421875;-0.066802978515625;100 mA
3;2922;16.1268769592835;-0.455535888671875;-0.066314697265625;100 mA
3;2923;16.1303669592747;-0.457977294921875;-0.065948486328125;100 mA
3;2924;16.1338569592659;-0.460418701171875;-0.065521240234375;100 mA
3;2925;16.1373469592571;-0.462890625;-0.065093994140625;100 mA
3;2926;16.1408369592483;-0.465301513671875;-0.064697265625;100 mA
3;2927;16.1443269592395;-0.467742919921875;-0.06427001953125;100 mA
3;2928;16.1478169592307;-0.470184326171875;-0.063873291015625;100 mA
3;2929;16.1513069592219;-0.472686767578125;-0.0634765625;100 mA
3;2930;16.1547969592131;-0.475128173828125;-0.06304931640625;100 mA
3;2931;16.1582869592042;-0.477508544921875;-0.0626220703125;100 mA
3;2932;16.1617769591954;-0.47998046875;-0.062255859375;100 mA
3;2933;16.1652669591866;-0.482452392578125;-0.061767578125;100 mA
3;2934;16.1687569591778;-0.48486328125;-0.061309814453125;100 mA
3;2935;16.172246959169;-0.4873046875;-0.060943603515625;100 mA
3;2936;16.1757369591602;-0.48974609375;-0.060546875;100 mA
3;2937;16.1792269591514;-0.492156982421875;-0.0601806640625;100 mA
3;2938;16.1827169591426;-0.49462890625;-0.059814453125;100 mA
3;2939;16.1862069591338;-0.497100830078125;-0.05938720703125;100 mA
3;2940;16.1896969591249;-0.49951171875;-0.058990478515625;100 mA
3;2941;16.1931869591161;-0.501953125;-0.05859375;100 mA
3;2942;16.1966769591073;-0.504486083984375;-0.058197021484375;100 mA
3;2943;16.2001669590985;-0.5068359375;-0.057861328125;100 mA
3;2944;16.2036569590897;-0.509307861328125;-0.05743408203125;100 mA
3;2945;16.2071469590809;-0.51171875;-0.05706787109375;100 mA
3;2946;16.2106369590721;-0.51422119140625;-0.056732177734375;100 mA
3;2947;16.2141269590633;-0.516693115234375;-0.05633544921875;100 mA
3;2948;16.2176169590545;-0.519073486328125;-0.055999755859375;100 mA
3;2949;16.2211069590456;-0.521484375;-0.055572509765625;100 mA
3;2950;16.2245969590368;-0.523956298828125;-0.05523681640625;100 mA
3;2951;16.228086959028;-0.5263671875;-0.054962158203125;100 mA
3;2952;16.2315769590192;-0.52880859375;-0.05462646484375;100 mA
3;2953;16.2350669590104;-0.531280517578125;-0.054229736328125;100 mA
3;2954;16.2385569590016;-0.533721923828125;-0.0538330078125;100 mA
3;2955;16.2420469589928;-0.536224365234375;-0.053558349609375;100 mA
3;2956;16.245536958984;-0.538665771484375;-0.05322265625;100 mA
3;2957;16.2490269589752;-0.54107666015625;-0.05291748046875;100 mA
3;2958;16.2525169589663;-0.54351806640625;-0.0526123046875;100 mA
3;2959;16.2560069589575;-0.54595947265625;-0.052276611328125;100 mA
3;2960;16.2594969589487;-0.548370361328125;-0.051910400390625;100 mA
3;2961;16.2629869589399;-0.5509033203125;-0.051605224609375;100 mA
3;2962;16.2664769589311;-0.5533447265625;-0.05133056640625;100 mA
3;2963;16.2699669589223;-0.55572509765625;-0.050994873046875;100 mA
3;2964;16.2734569589135;-0.558135986328125;-0.050750732421875;100 mA
3;2965;16.2769469589047;-0.560638427734375;-0.0504150390625;100 mA
3;2966;16.2804369588958;-0.56304931640625;-0.0501708984375;100 mA
3;2967;16.283926958887;-0.565521240234375;-0.0498504638671875;100 mA
3;2968;16.2874169588782;-0.5679931640625;-0.0495330810546875;100 mA
3;2969;16.2909069588694;-0.57037353515625;-0.04927978515625;100 mA
3;2970;16.2943969588606;-0.5728759765625;-0.04901123046875;100 mA
3;2971;16.2978869588518;-0.57525634765625;-0.048748779296875;100 mA
3;2972;16.301376958843;-0.57769775390625;-0.048480224609375;100 mA
3;2973;16.3048669588342;-0.580169677734375;-0.04820556640625;100 mA
3;2974;16.3083569588254;-0.5826416015625;-0.047918701171875;100 mA
3;2975;16.3118469588165;-0.5850830078125;-0.047735595703125;100 mA
3;2976;16.3153369588077;-0.58746337890625;-0.047454833984375;100 mA
3;2977;16.3188269587989;-0.589935302734375;-0.047222900390625;100 mA
3;2978;16.3223169587901;-0.592376708984375;-0.046990966796875;100 mA
3;2979;16.3258069587813;-0.594818115234375;-0.0467132568359375;100 mA
3;2980;16.3292969587725;-0.5972900390625;-0.04647216796875;100 mA
3;2981;16.3327869587637;-0.5997314453125;-0.046258544921875;100 mA
3;2982;16.3362769587549;-0.60211181640625;-0.0459808349609375;100 mA
3;2983;16.3397669587461;-0.604583740234375;-0.04580078125;100 mA
3;2984;16.3432569587372;-0.607025146484375;-0.045556640625;100 mA
3;2985;16.3467469587284;-0.609466552734375;-0.0453582763671875;100 mA
3;2986;16.3502369587196;-0.611907958984375;-0.04515380859375;100 mA
3;2987;16.3537269587108;-0.6143798828125;-0.0449462890625;100 mA
3;2988;16.357216958702;-0.616790771484375;-0.0447021484375;100 mA
3;2989;16.3607069586932;-0.619232177734375;-0.044500732421875;100 mA
3;2990;16.3641969586844;-0.621734619140625;-0.044281005859375;100 mA
3;2991;16.3676869586756;-0.624114990234375;-0.0440826416015625;100 mA
3;2992;16.3711769586668;-0.626556396484375;-0.043829345703125;100 mA
3;2993;16.3746669586579;-0.628997802734375;-0.0437042236328125;100 mA
3;2994;16.3781569586491;-0.631500244140625;-0.04354248046875;100 mA
3;2995;16.3816469586403;-0.6339111328125;-0.0433013916015625;100 mA
3;2996;16.3851369586315;-0.6363525390625;-0.043145751953125;100 mA
3;2997;16.3886269586227;-0.6387939453125;-0.0429443359375;100 mA
3;2998;16.3921169586139;-0.6412353515625;-0.0427581787109375;100 mA
3;2999;16.3956069586051;-0.6436767578125;-0.0425872802734375;100 mA
3;3000;16.3990969585963;-0.646087646484375;-0.0424072265625;100 mA
3;3001;16.4025869585874;-0.648590087890625;-0.042205810546875;100 mA
3;3002;16.4060769585786;-0.650970458984375;-0.04205322265625;100 mA
3;3003;16.4095669585698;-0.65350341796875;-0.0418548583984375;100 mA
3;3004;16.413056958561;-0.6558837890625;-0.04173583984375;100 mA
3;3005;16.4165469585522;-0.65838623046875;-0.0415679931640625;100 mA
3;3006;16.4200369585434;-0.6607666015625;-0.041387939453125;100 mA
3;3007;16.4235269585346;-0.6632080078125;-0.0412384033203125;100 mA
3;3008;16.4270169585258;-0.66571044921875;-0.0410858154296875;100 mA
3;3009;16.430506958517;-0.668121337890625;-0.0409332275390625;100 mA
3;3010;16.4339969585081;-0.6705322265625;-0.04075927734375;100 mA
3;3011;16.4374869584993;-0.672943115234375;-0.0406158447265625;100 mA
3;3012;16.4409769584905;-0.675445556640625;-0.04051513671875;100 mA
3;3013;16.4444669584817;-0.6778564453125;-0.040350341796875;100 mA
3;3014;16.4479569584729;-0.6802978515625;-0.04022216796875;100 mA
3;3015;16.4514469584641;-0.68280029296875;-0.0400848388671875;100 mA
3;3016;16.4549369584553;-0.685211181640625;-0.039892578125;100 mA
3;3017;16.4584269584465;-0.687652587890625;-0.039764404296875;100 mA
3;3018;16.4619169584377;-0.69012451171875;-0.0396331787109375;100 mA
3;3019;16.4654069584288;-0.69256591796875;-0.0395416259765625;100 mA
3;3020;16.46889695842;-0.694976806640625;-0.0393890380859375;100 mA
3;3021;16.4723869584112;-0.697479248046875;-0.0392486572265625;100 mA
3;3022;16.4758769584024;-0.69989013671875;-0.0390899658203125;100 mA
3;3023;16.4793669583936;-0.70233154296875;-0.0390106201171875;100 mA
3;3024;16.4828569583848;-0.70477294921875;-0.038873291015625;100 mA
3;3025;16.486346958376;-0.707244873046875;-0.038775634765625;100 mA
3;3026;16.4898369583672;-0.709686279296875;-0.0385986328125;100 mA
3;3027;16.4933269583584;-0.71209716796875;-0.0384979248046875;100 mA
3;3028;16.4968169583495;-0.7144775390625;-0.03841552734375;100 mA
3;3029;16.5003069583407;-0.717010498046875;-0.0383270263671875;100 mA
3;3030;16.5037969583319;-0.719390869140625;-0.038189697265625;100 mA
3;3031;16.5072869583231;-0.72186279296875;-0.0380828857421875;100 mA
3;3032;16.5107769583143;-0.72430419921875;-0.0379974365234375;100 mA
3;3033;16.5142669583055;-0.726806640625;-0.0379119873046875;100 mA
3;3034;16.5177569582967;-0.729248046875;-0.037762451171875;100 mA
3;3035;16.5212469582879;-0.73162841796875;-0.0377044677734375;100 mA
3;3036;16.524736958279;-0.734039306640625;-0.0375732421875;100 mA
3;3037;16.5282269582702;-0.736480712890625;-0.0375244140625;100 mA
3;3038;16.5317169582614;-0.73895263671875;-0.0373779296875;100 mA
3;3039;16.5352069582526;-0.741424560546875;-0.0372467041015625;100 mA
3;3040;16.5386969582438;-0.743865966796875;-0.0372161865234375;100 mA
3;3041;16.542186958235;-0.746246337890625;-0.0370880126953125;100 mA
3;3042;16.5456769582262;-0.74871826171875;-0.0370513916015625;100 mA
3;3043;16.5491669582174;-0.75103759765625;-0.036944580078125;100 mA
3;3044;16.5526569582086;-0.7537841796875;-0.0368316650390625;100 mA
3;3045;16.5561469581997;-0.75653076171875;-0.036773681640625;100 mA
3;3046;16.5596369581909;-0.7586669921875;-0.03668212890625;100 mA
3;3047;16.5631269581821;-0.76171875;-0.036602783203125;100 mA
3;3048;16.5666169581733;-0.7635498046875;-0.0365264892578125;100 mA
3;3049;16.5701069581645;-0.76629638671875;-0.036419677734375;100 mA
3;3050;16.5735969581557;-0.7684326171875;-0.0363677978515625;100 mA
3;3051;16.5770869581469;-0.77117919921875;-0.0363372802734375;100 mA
3;3052;16.5805769581381;-0.77362060546875;-0.03619384765625;100 mA
3;3053;16.5840669581293;-0.7757568359375;-0.036187744140625;100 mA
3;3054;16.5875569581204;-0.7781982421875;-0.0360809326171875;100 mA
3;3055;16.5910469581116;-0.78094482421875;-0.035992431640625;100 mA
3;3056;16.5945369581028;-0.7830810546875;-0.0359588623046875;100 mA
3;3057;16.598026958094;-0.7855224609375;-0.0358978271484375;100 mA
3;3058;16.6015169580852;-0.787353515625;-0.035784912109375;100 mA
3;3059;16.6050069580764;-0.79010009765625;-0.0357421875;100 mA
3;3060;16.6084969580676;-0.79315185546875;-0.03568115234375;100 mA
3;3061;16.6119869580588;-0.79559326171875;-0.0355987548828125;100 mA
3;3062;16.61547695805;-0.79742431640625;-0.035565185546875;100 mA
3;3063;16.6189669580411;-0.79986572265625;-0.0354827880859375;100 mA
3;3064;16.6224569580323;-0.80322265625;-0.035455322265625;100 mA
3;3065;16.6259469580235;-0.80535888671875;-0.0353790283203125;100 mA
3;3066;16.6294369580147;-0.8074951171875;-0.0352813720703125;100 mA
3;3067;16.6329269580059;-0.8099365234375;-0.0352691650390625;100 mA
3;3068;16.6364169579971;-0.8123779296875;-0.035150146484375;100 mA
3;3069;16.6399069579883;-0.81512451171875;-0.0351287841796875;100 mA
3;3070;16.6433969579795;-0.81695556640625;-0.035113525390625;100 mA
3;3071;16.6468869579707;-0.82000732421875;-0.035028076171875;100 mA
3;3072;16.6503769579618;-0.82244873046875;-0.035003662109375;100 mA
3;3073;16.653866957953;-0.8245849609375;-0.034893798828125;100 mA
3;3074;16.6573569579442;-0.826416015625;-0.034906005859375;100 mA
3;3075;16.6608469579354;-0.8294677734375;-0.034814453125;100 mA
3;3076;16.6643369579266;-0.83160400390625;-0.0347381591796875;100 mA
3;3077;16.6678269579178;-0.8349609375;-0.034710693359375;100 mA
3;3078;16.671316957909;-0.8367919921875;-0.0346282958984375;100 mA
3;3079;16.6748069579002;-0.8392333984375;-0.03455810546875;100 mA
3;3080;16.6782969578913;-0.8416748046875;-0.0344879150390625;100 mA
3;3081;16.6817869578825;-0.8447265625;-0.034490966796875;100 mA
3;3082;16.6852769578737;-0.8465576171875;-0.03443603515625;100 mA
3;3083;16.6887669578649;-0.8489990234375;-0.034381103515625;100 mA
3;3084;16.6922569578561;-0.85205078125;-0.0342864990234375;100 mA
3;3085;16.6957469578473;-0.85418701171875;-0.034307861328125;100 mA
3;3086;16.6992369578385;-0.8563232421875;-0.0342315673828125;100 mA
3;3087;16.7027269578297;-0.8587646484375;-0.03411865234375;100 mA
3;3088;16.7062169578209;-0.86151123046875;-0.0341064453125;100 mA
3;3089;16.709706957812;-0.8636474609375;-0.0340301513671875;100 mA
3;3090;16.7131969578032;-0.86578369140625;-0.03394775390625;100 mA
3;3091;16.7166869577944;-0.869140625;-0.033935546875;100 mA
3;3092;16.7201769577856;-0.8709716796875;-0.033880615234375;100 mA
3;3093;16.7236669577768;-0.8734130859375;-0.033831787109375;100 mA
3;3094;16.727156957768;-0.87646484375;-0.0338165283203125;100 mA
3;3095;16.7306469577592;-0.8782958984375;-0.0337646484375;100 mA
3;3096;16.7341369577504;-0.8807373046875;-0.033685302734375;100 mA
3;3097;16.7376269577416;-0.8831787109375;-0.03359375;100 mA
3;3098;16.7411169577327;-0.88592529296875;-0.0335693359375;100 mA
3;3099;16.7446069577239;-0.88836669921875;-0.03358154296875;100 mA
3;3100;16.7480969577151;-0.8905029296875;-0.0334930419921875;100 mA
3;3101;16.7515869577063;-0.8935546875;-0.03336181640625;100 mA
3;3102;16.7550769576975;-0.89508056640625;-0.0333587646484375;100 mA
3;3103;16.7585669576887;-0.8978271484375;-0.033294677734375;100 mA
3;3104;16.7620569576799;-0.9002685546875;-0.03316650390625;100 mA
3;3105;16.7655469576711;-0.90301513671875;-0.033184814453125;100 mA
3;3106;16.7690369576623;-0.90545654296875;-0.033135986328125;100 mA
3;3107;16.7725269576534;-0.90789794921875;-0.0330535888671875;100 mA
3;3108;16.7760169576446;-0.91033935546875;-0.03302001953125;100 mA
3;3109;16.7795069576358;-0.9124755859375;-0.0330047607421875;100 mA
3;3110;16.782996957627;-0.9149169921875;-0.0329620361328125;100 mA
3;3111;16.7864869576182;-0.91796875;-0.0328582763671875;100 mA
3;3112;16.7899769576094;-0.92010498046875;-0.03282470703125;100 mA
3;3113;16.7934669576006;-0.9228515625;-0.0327911376953125;100 mA
3;3114;16.7969569575918;-0.92498779296875;-0.032757568359375;100 mA
3;3115;16.8004469575829;-0.92742919921875;-0.0326629638671875;100 mA
3;3116;16.8039369575741;-0.92926025390625;-0.0325897216796875;100 mA
3;3117;16.8074269575653;-0.9320068359375;-0.0326019287109375;100 mA
3;3118;16.8109169575565;-0.93505859375;-0.032598876953125;100 mA
3;3119;16.8144069575477;-0.9368896484375;-0.0325042724609375;100 mA
3;3120;16.8178969575389;-0.9393310546875;-0.032415771484375;100 mA
3;3121;16.8213869575301;-0.9417724609375;-0.03238525390625;100 mA
3;3122;16.8248769575213;-0.9442138671875;-0.0323638916015625;100 mA
3;3123;16.8283669575125;-0.9466552734375;-0.0323150634765625;100 mA
3;3124;16.8318569575036;-0.94879150390625;-0.032232666015625;100 mA
3;3125;16.8353469574948;-0.9521484375;-0.0321258544921875;100 mA
3;3126;16.838836957486;-0.95428466796875;-0.032171630859375;100 mA
3;3127;16.8423269574772;-0.9564208984375;-0.032135009765625;100 mA
3;3128;16.8458169574684;-0.95855712890625;-0.0321075439453125;100 mA
3;3129;16.8493069574596;-0.96099853515625;-0.03206787109375;100 mA
3;3130;16.8527969574508;-0.96343994140625;-0.0320281982421875;100 mA
3;3131;16.856286957442;-0.96649169921875;-0.031939697265625;100 mA
3;3132;16.8597769574332;-0.9686279296875;-0.031951904296875;100 mA
3;3133;16.8632669574243;-0.97137451171875;-0.03193359375;100 mA
3;3134;16.8667569574155;-0.97381591796875;-0.0319305419921875;100 mA
3;3135;16.8702469574067;-0.97564697265625;-0.0318695068359375;100 mA
3;3136;16.8737369573979;-0.97900390625;-0.0318634033203125;100 mA
3;3137;16.8772269573891;-0.98114013671875;-0.03189697265625;100 mA
3;3138;16.8807169573803;-0.98358154296875;-0.03179931640625;100 mA
3;3139;16.8842069573715;-0.9857177734375;-0.0317413330078125;100 mA
3;3140;16.8876969573627;-0.98846435546875;-0.031671142578125;100 mA
3;3141;16.8911869573539;-0.9906005859375;-0.03165283203125;100 mA
3;3142;16.894676957345;-0.9930419921875;-0.0317047119140625;100 mA
3;3143;16.8981669573362;-0.99578857421875;-0.03165283203125;100 mA
3;3144;16.9016569573274;-0.9979248046875;-0.031549072265625;100 mA
3;3145;16.9051469573186;-1.00006103515625;-0.02755126953125;100 mA
3;3146;16.9086369573098;-0.99761962890625;-0.0268890380859375;100 mA
3;3147;16.912126957301;-0.99517822265625;-0.026251220703125;100 mA
3;3148;16.9156169572922;-0.99273681640625;-0.0257293701171875;100 mA
3;3149;16.9191069572834;-0.98968505859375;-0.0253997802734375;100 mA
3;3150;16.9225969572745;-0.98785400390625;-0.0251922607421875;100 mA
3;3151;16.9260869572657;-0.9857177734375;-0.024822998046875;100 mA
3;3152;16.9295769572569;-0.98236083984375;-0.0246612548828125;100 mA
3;3153;16.9330669572481;-0.98052978515625;-0.0244598388671875;100 mA
3;3154;16.9365569572393;-0.97808837890625;-0.024212646484375;100 mA
3;3155;16.9400469572305;-0.975341796875;-0.0241119384765625;100 mA
3;3156;16.9435369572217;-0.972900390625;-0.0239471435546875;100 mA
3;3157;16.9470269572129;-0.9710693359375;-0.02381591796875;100 mA
3;3158;16.9505169572041;-0.96832275390625;-0.0236907958984375;100 mA
3;3159;16.9540069571952;-0.965576171875;-0.0235260009765625;100 mA
3;3160;16.9574969571864;-0.9637451171875;-0.0234039306640625;100 mA
3;3161;16.9609869571776;-0.96038818359375;-0.023388671875;100 mA
3;3162;16.9644769571688;-0.958251953125;-0.0232269287109375;100 mA
3;3163;16.96796695716;-0.95550537109375;-0.023150634765625;100 mA
3;3164;16.9714569571512;-0.95367431640625;-0.0230255126953125;100 mA
3;3165;16.9749469571424;-0.95123291015625;-0.0229736328125;100 mA
3;3166;16.9784369571336;-0.94879150390625;-0.0228546142578125;100 mA
3;3167;16.9819269571248;-0.9466552734375;-0.022821044921875;100 mA
3;3168;16.9854169571159;-0.94329833984375;-0.022723388671875;100 mA
3;3169;16.9889069571071;-0.941162109375;-0.022613525390625;100 mA
3;3170;16.9923969570983;-0.938720703125;-0.0225250244140625;100 mA
3;3171;16.9958869570895;-0.93597412109375;-0.0225250244140625;100 mA
3;3172;16.9993769570807;-0.93414306640625;-0.0223907470703125;100 mA
3;3173;17.0028669570719;-0.931396484375;-0.0223358154296875;100 mA
3;3174;17.0063569570631;-0.92926025390625;-0.02225341796875;100 mA
3;3175;17.0098469570543;-0.92681884765625;-0.022210693359375;100 mA
3;3176;17.0133369570455;-0.92376708984375;-0.0221710205078125;100 mA
3;3177;17.0168269570366;-0.92193603515625;-0.0220947265625;100 mA
3;3178;17.0203169570278;-0.919189453125;-0.0220458984375;100 mA
3;3179;17.023806957019;-0.91644287109375;-0.021954345703125;100 mA
3;3180;17.0272969570102;-0.914306640625;-0.0219573974609375;100 mA
3;3181;17.0307869570014;-0.911865234375;-0.0218109130859375;100 mA
3;3182;17.0342769569926;-0.909423828125;-0.021826171875;100 mA
3;3183;17.0377669569838;-0.906982421875;-0.021759033203125;100 mA
3;3184;17.041256956975;-0.904541015625;-0.0216522216796875;100 mA
3;3185;17.0447469569662;-0.90118408203125;-0.02166748046875;100 mA
3;3186;17.0482369569573;-0.89935302734375;-0.02156982421875;100 mA
3;3187;17.0517269569485;-0.897216796875;-0.021490478515625;100 mA
3;3188;17.0552169569397;-0.89508056640625;-0.0214874267578125;100 mA
3;3189;17.0587069569309;-0.892333984375;-0.021417236328125;100 mA
3;3190;17.0621969569221;-0.89019775390625;-0.0213714599609375;100 mA
3;3191;17.0656869569133;-0.887451171875;-0.0213470458984375;100 mA
3;3192;17.0691769569045;-0.88531494140625;-0.021270751953125;100 mA
3;3193;17.0726669568957;-0.8819580078125;-0.021246337890625;100 mA
3;3194;17.0761569568868;-0.8795166015625;-0.0211700439453125;100 mA
3;3195;17.079646956878;-0.87677001953125;-0.0211029052734375;100 mA
3;3196;17.0831369568692;-0.87493896484375;-0.021075439453125;100 mA
3;3197;17.0866269568604;-0.87249755859375;-0.0209991455078125;100 mA
3;3198;17.0901169568516;-0.8697509765625;-0.0209869384765625;100 mA
3;3199;17.0936069568428;-0.86761474609375;-0.020928955078125;100 mA
3;3200;17.097096956834;-0.8648681640625;-0.020928955078125;100 mA
3;3201;17.1005869568252;-0.8624267578125;-0.0208099365234375;100 mA
3;3202;17.1040769568164;-0.86029052734375;-0.0207763671875;100 mA
3;3203;17.1075669568075;-0.85784912109375;-0.0207794189453125;100 mA
3;3204;17.1110569567987;-0.8551025390625;-0.0207489013671875;100 mA
3;3205;17.1145469567899;-0.8526611328125;-0.020697021484375;100 mA
3;3206;17.1180369567811;-0.85052490234375;-0.020654296875;100 mA
3;3207;17.1215269567723;-0.8477783203125;-0.020550537109375;100 mA
3;3208;17.1250169567635;-0.8453369140625;-0.0205291748046875;100 mA
3;3209;17.1285069567547;-0.843505859375;-0.0204742431640625;100 mA
3;3210;17.1319969567459;-0.841064453125;-0.020489501953125;100 mA
3;3211;17.1354869567371;-0.83831787109375;-0.0203948974609375;100 mA
3;3212;17.1389769567282;-0.8349609375;-0.020404052734375;100 mA
3;3213;17.1424669567194;-0.83282470703125;-0.0203704833984375;100 mA
3;3214;17.1459569567106;-0.83099365234375;-0.0203155517578125;100 mA
3;3215;17.1494469567018;-0.8282470703125;-0.0202301025390625;100 mA
3;3216;17.152936956693;-0.8258056640625;-0.020196533203125;100 mA
3;3217;17.1564269566842;-0.82305908203125;-0.0201934814453125;100 mA
3;3218;17.1599169566754;-0.82061767578125;-0.020111083984375;100 mA
3;3219;17.1634069566666;-0.8184814453125;-0.0201568603515625;100 mA
3;3220;17.1668969566578;-0.8160400390625;-0.020098876953125;100 mA
3;3221;17.1703869566489;-0.814208984375;-0.0200164794921875;100 mA
3;3222;17.1738769566401;-0.810546875;-0.0199951171875;100 mA
3;3223;17.1773669566313;-0.8087158203125;-0.019964599609375;100 mA
3;3224;17.1808569566225;-0.80596923828125;-0.019940185546875;100 mA
3;3225;17.1843469566137;-0.8038330078125;-0.0199371337890625;100 mA
3;3226;17.1878369566049;-0.8013916015625;-0.0198150634765625;100 mA
3;3227;17.1913269565961;-0.79925537109375;-0.019793701171875;100 mA
3;3228;17.1948169565873;-0.7965087890625;-0.019793701171875;100 mA
3;3229;17.1983069565784;-0.79437255859375;-0.01981201171875;100 mA
3;3230;17.2017969565696;-0.7916259765625;-0.01976318359375;100 mA
3;3231;17.2052869565608;-0.7891845703125;-0.019708251953125;100 mA
3;3232;17.208776956552;-0.78643798828125;-0.0196807861328125;100 mA
3;3233;17.2122669565432;-0.7843017578125;-0.01964111328125;100 mA
3;3234;17.2157569565344;-0.7818603515625;-0.0195953369140625;100 mA
3;3235;17.2192469565256;-0.7794189453125;-0.0195465087890625;100 mA
3;3236;17.2227369565168;-0.7763671875;-0.01954345703125;100 mA
3;3237;17.226226956508;-0.7745361328125;-0.0195098876953125;100 mA
3;3238;17.2297169564991;-0.77178955078125;-0.01949462890625;100 mA
3;3239;17.2332069564903;-0.7696533203125;-0.01944580078125;100 mA
3;3240;17.2366969564815;-0.76690673828125;-0.019427490234375;100 mA
3;3241;17.2401869564727;-0.7647705078125;-0.0193695068359375;100 mA
3;3242;17.2436769564639;-0.76202392578125;-0.0193206787109375;100 mA
3;3243;17.2471669564551;-0.76019287109375;-0.0192840576171875;100 mA
3;3244;17.2506569564463;-0.7574462890625;-0.019293212890625;100 mA
3;3245;17.2541469564375;-0.75469970703125;-0.0192138671875;100 mA
3;3246;17.2576369564287;-0.75225830078125;-0.0192047119140625;100 mA
3;3247;17.2611269564198;-0.7498779296875;-0.019189453125;100 mA
3;3248;17.264616956411;-0.74737548828125;-0.019189453125;100 mA
3;3249;17.2681069564022;-0.7449951171875;-0.0191009521484375;100 mA
3;3250;17.2715969563934;-0.742431640625;-0.019061279296875;100 mA
3;3251;17.2750869563846;-0.740020751953125;-0.019049072265625;100 mA
3;3252;17.2785769563758;-0.73760986328125;-0.019036865234375;100 mA
3;3253;17.282066956367;-0.73516845703125;-0.0190155029296875;100 mA
3;3254;17.2855569563582;-0.732696533203125;-0.018939208984375;100 mA
3;3255;17.2890469563494;-0.730224609375;-0.0189453125;100 mA
3;3256;17.2925369563405;-0.727752685546875;-0.0189056396484375;100 mA
3;3257;17.2960269563317;-0.72528076171875;-0.0188751220703125;100 mA
3;3258;17.2995169563229;-0.72283935546875;-0.0188140869140625;100 mA
3;3259;17.3030069563141;-0.720428466796875;-0.0187896728515625;100 mA
3;3260;17.3064969563053;-0.71795654296875;-0.018756103515625;100 mA
3;3261;17.3099869562965;-0.71551513671875;-0.0187469482421875;100 mA
3;3262;17.3134769562877;-0.713104248046875;-0.0186553955078125;100 mA
3;3263;17.3169669562789;-0.71063232421875;-0.018634033203125;100 mA
3;3264;17.32045695627;-0.7081298828125;-0.0186187744140625;100 mA
3;3265;17.3239469562612;-0.705718994140625;-0.018560791015625;100 mA
3;3266;17.3274369562524;-0.7032470703125;-0.0185302734375;100 mA
3;3267;17.3309269562436;-0.7008056640625;-0.0185272216796875;100 mA
3;3268;17.3344169562348;-0.69830322265625;-0.0185272216796875;100 mA
3;3269;17.337906956226;-0.6959228515625;-0.0184051513671875;100 mA
3;3270;17.3413969562172;-0.6934814453125;-0.0183990478515625;100 mA
3;3271;17.3448869562084;-0.691009521484375;-0.0183502197265625;100 mA
3;3272;17.3483769561996;-0.688568115234375;-0.0182830810546875;100 mA
3;3273;17.3518669561907;-0.686004638671875;-0.0183074951171875;100 mA
3;3274;17.3553569561819;-0.68365478515625;-0.018218994140625;100 mA
3;3275;17.3588469561731;-0.681182861328125;-0.0181884765625;100 mA
3;3276;17.3623369561643;-0.67877197265625;-0.0181610107421875;100 mA
3;3277;17.3658269561555;-0.676300048828125;-0.01812744140625;100 mA
3;3278;17.3693169561467;-0.673919677734375;-0.0180816650390625;100 mA
3;3279;17.3728069561379;-0.671417236328125;-0.0180145263671875;100 mA
3;3280;17.3762969561291;-0.668914794921875;-0.0179656982421875;100 mA
3;3281;17.3797869561203;-0.66650390625;-0.0179290771484375;100 mA
3;3282;17.3832769561114;-0.66400146484375;-0.0179046630859375;100 mA
3;3283;17.3867669561026;-0.66156005859375;-0.0178466796875;100 mA
3;3284;17.3902569560938;-0.659149169921875;-0.0177886962890625;100 mA
3;3285;17.393746956085;-0.6566162109375;-0.0177886962890625;100 mA
3;3286;17.3972369560762;-0.6541748046875;-0.01767578125;100 mA
3;3287;17.4007269560674;-0.6517333984375;-0.017681884765625;100 mA
3;3288;17.4042169560586;-0.6492919921875;-0.017596435546875;100 mA
3;3289;17.4077069560498;-0.646881103515625;-0.0175262451171875;100 mA
3;3290;17.411196956041;-0.644378662109375;-0.0175018310546875;100 mA
3;3291;17.4146869560321;-0.6419677734375;-0.017431640625;100 mA
3;3292;17.4181769560233;-0.6395263671875;-0.0173553466796875;100 mA
3;3293;17.4216669560145;-0.637054443359375;-0.01732177734375;100 mA
3;3294;17.4251569560057;-0.6346435546875;-0.0172576904296875;100 mA
3;3295;17.4286469559969;-0.63214111328125;-0.0172119140625;100 mA
3;3296;17.4321369559881;-0.629730224609375;-0.0171600341796875;100 mA
3;3297;17.4356269559793;-0.62725830078125;-0.0171295166015625;100 mA
3;3298;17.4391169559705;-0.624847412109375;-0.016998291015625;100 mA
3;3299;17.4426069559617;-0.622344970703125;-0.0169464111328125;100 mA
3;3300;17.4460969559528;-0.619903564453125;-0.0168914794921875;100 mA
3;3301;17.449586955944;-0.61749267578125;-0.0168212890625;100 mA
3;3302;17.4530769559352;-0.61492919921875;-0.0167724609375;100 mA
3;3303;17.4565669559264;-0.612518310546875;-0.0167236328125;100 mA
3;3304;17.4600569559176;-0.610076904296875;-0.0166046142578125;100 mA
3;3305;17.4635469559088;-0.607666015625;-0.016546630859375;100 mA
3;3306;17.4670369559;-0.605255126953125;-0.01646728515625;100 mA
3;3307;17.4705269558912;-0.602783203125;-0.0163787841796875;100 mA
3;3308;17.4740169558823;-0.60028076171875;-0.016290283203125;100 mA
3;3309;17.4775069558735;-0.597869873046875;-0.01624755859375;100 mA
3;3310;17.4809969558647;-0.595367431640625;-0.0161834716796875;100 mA
3;3311;17.4844869558559;-0.59295654296875;-0.01611328125;100 mA
3;3312;17.4879769558471;-0.59051513671875;-0.015972900390625;100 mA
3;3313;17.4914669558383;-0.587982177734375;-0.0158843994140625;100 mA
3;3314;17.4949569558295;-0.5855712890625;-0.0157806396484375;100 mA
3;3315;17.4984469558207;-0.583160400390625;-0.0157012939453125;100 mA
3;3316;17.5019369558119;-0.58062744140625;-0.0155975341796875;100 mA
3;3317;17.505426955803;-0.578216552734375;-0.0154998779296875;100 mA
3;3318;17.5089169557942;-0.575836181640625;-0.0153411865234375;100 mA
3;3319;17.5124069557854;-0.573333740234375;-0.0153076171875;100 mA
3;3320;17.5158969557766;-0.570892333984375;-0.015216064453125;100 mA
3;3321;17.5193869557678;-0.56842041015625;-0.0150604248046875;100 mA
3;3322;17.522876955759;-0.56597900390625;-0.01494140625;100 mA
3;3323;17.5263669557502;-0.563507080078125;-0.0148101806640625;100 mA
3;3324;17.5298569557414;-0.56103515625;-0.0146881103515625;100 mA
3;3325;17.5333469557326;-0.55865478515625;-0.01458740234375;100 mA
3;3326;17.5368369557237;-0.55615234375;-0.01439208984375;100 mA
3;3327;17.5403269557149;-0.553680419921875;-0.0143035888671875;100 mA
3;3328;17.5438169557061;-0.55126953125;-0.014154052734375;100 mA
3;3329;17.5473069556973;-0.548828125;-0.0140167236328125;100 mA
3;3330;17.5507969556885;-0.546356201171875;-0.0138824462890625;100 mA
3;3331;17.5542869556797;-0.543914794921875;-0.0137054443359375;100 mA
3;3332;17.5577769556709;-0.54144287109375;-0.01356201171875;100 mA
3;3333;17.5612669556621;-0.53900146484375;-0.0134490966796875;100 mA
3;3334;17.5647569556533;-0.536529541015625;-0.013226318359375;100 mA
3;3335;17.5682469556444;-0.534088134765625;-0.0129974365234375;100 mA
3;3336;17.5717369556356;-0.5316162109375;-0.012799072265625;100 mA
3;3337;17.5752269556268;-0.529205322265625;-0.0126708984375;100 mA
3;3338;17.578716955618;-0.526763916015625;-0.0124755859375;100 mA
3;3339;17.5822069556092;-0.524322509765625;-0.0122711181640625;100 mA
3;3340;17.5856969556004;-0.5218505859375;-0.0120574951171875;100 mA
3;3341;17.5891869555916;-0.5194091796875;-0.0118438720703125;100 mA
3;3342;17.5926769555828;-0.516937255859375;-0.0115814208984375;100 mA
3;3343;17.5961669555739;-0.5145263671875;-0.01138916015625;100 mA
3;3344;17.5996569555651;-0.511993408203125;-0.01116943359375;100 mA
3;3345;17.6031469555563;-0.50958251953125;-0.0108642578125;100 mA
3;3346;17.6066369555475;-0.507080078125;-0.0106353759765625;100 mA
3;3347;17.6101269555387;-0.504730224609375;-0.010394287109375;100 mA
3;3348;17.6136169555299;-0.502288818359375;-0.010101318359375;100 mA
3;3349;17.6171069555211;-0.499786376953125;-0.00985107421875;100 mA
3;3350;17.6205969555123;-0.497344970703125;-0.0095367431640625;100 mA
3;3351;17.6240869555035;-0.494903564453125;-0.00919189453125;100 mA
3;3352;17.6275769554946;-0.492401123046875;-0.0089324951171875;100 mA
3;3353;17.6310669554858;-0.48992919921875;-0.008599853515625;100 mA
3;3354;17.634556955477;-0.487579345703125;-0.008282470703125;100 mA
3;3355;17.6380469554682;-0.485137939453125;-0.0078887939453125;100 mA
3;3356;17.6415369554594;-0.482666015625;-0.00753173828125;100 mA
3;3357;17.6450269554506;-0.480194091796875;-0.0071380615234375;100 mA
3;3358;17.6485169554418;-0.477752685546875;-0.006756591796875;100 mA
3;3359;17.652006955433;-0.47528076171875;-0.0063873291015625;100 mA
3;3360;17.6554969554242;-0.472869873046875;-0.005914306640625;100 mA
3;3361;17.6589869554153;-0.4703369140625;-0.00546875;100 mA
3;3362;17.6624769554065;-0.468017578125;-0.00509033203125;100 mA
3;3363;17.6659669553977;-0.4654541015625;-0.00462310791015625;100 mA
3;3364;17.6694569553889;-0.4630126953125;-0.00411224365234375;100 mA
3;3365;17.6729469553801;-0.4605712890625;-0.00360443115234375;100 mA
3;3366;17.6764369553713;-0.4581298828125;-0.0031341552734375;100 mA
3;3367;17.6799269553625;-0.4556884765625;-0.0026513671875;100 mA
3;3368;17.6834169553537;-0.453216552734375;-0.00210174560546875;100 mA
3;3369;17.6869069553449;-0.450714111328125;-0.00148529052734375;100 mA
3;3370;17.690396955336;-0.448333740234375;-0.000910034179687499;100 mA
3;3371;17.6938869553272;-0.44586181640625;-0.00036590576171875;100 mA
3;3372;17.6973769553184;-0.443450927734375;0.000286865234375;100 mA
3;3373;17.7008669553096;-0.440948486328125;0.000902404785156249;100 mA
3;3374;17.7043569553008;-0.438507080078125;0.00160308837890625;100 mA
3;3375;17.707846955292;-0.43603515625;0.00227752685546875;100 mA
3;3376;17.7113369552832;-0.43359375;0.0028607177734375;100 mA
3;3377;17.7148269552744;-0.431182861328125;0.00359619140625;100 mA
3;3378;17.7183169552655;-0.4287109375;0.004407958984375;100 mA
3;3379;17.7218069552567;-0.426239013671875;0.0051544189453125;100 mA
3;3380;17.7252969552479;-0.423828125;0.005950927734375;100 mA
3;3381;17.7287869552391;-0.42132568359375;0.0067352294921875;100 mA
3;3382;17.7322769552303;-0.41888427734375;0.0074951171875;100 mA
3;3383;17.7357669552215;-0.4163818359375;0.0083404541015625;100 mA
3;3384;17.7392569552127;-0.41400146484375;0.009271240234375;100 mA
3;3385;17.7427469552039;-0.41156005859375;0.0100982666015625;100 mA
3;3386;17.7462369551951;-0.40911865234375;0.010986328125;100 mA
3;3387;17.7497269551862;-0.40667724609375;0.0118682861328125;100 mA
3;3388;17.7532169551774;-0.404266357421875;0.0129180908203125;100 mA
3;3389;17.7567069551686;-0.401824951171875;0.0138580322265625;100 mA
3;3390;17.7601969551598;-0.399322509765625;0.0148651123046875;100 mA
3;3391;17.763686955151;-0.3968505859375;0.0157623291015625;100 mA
3;3392;17.7671769551422;-0.3944091796875;0.0167694091796875;100 mA
3;3393;17.7706669551334;-0.391937255859375;0.017913818359375;100 mA
3;3394;17.7741569551246;-0.389495849609375;0.0190277099609375;100 mA
3;3395;17.7776469551158;-0.3870849609375;0.0199920654296875;100 mA
3;3396;17.7811369551069;-0.3846435546875;0.0210906982421875;100 mA
3;3397;17.7846269550981;-0.3822021484375;0.0222320556640625;100 mA
3;3398;17.7881169550893;-0.3797607421875;0.0234039306640625;100 mA
3;3399;17.7916069550805;-0.377288818359375;0.024554443359375;100 mA
3;3400;17.7950969550717;-0.374847412109375;0.0256256103515625;100 mA
3;3401;17.7985869550629;-0.372406005859375;0.0268157958984375;100 mA
3;3402;17.8020769550541;-0.369903564453125;0.0279205322265625;100 mA
3;3403;17.8055669550453;-0.36749267578125;0.0292327880859375;100 mA
3;3404;17.8090569550365;-0.365020751953125;0.0304412841796875;100 mA
3;3405;17.8125469550276;-0.362548828125;0.0315521240234375;100 mA
3;3406;17.8160369550188;-0.36004638671875;0.0327972412109375;100 mA
3;3407;17.81952695501;-0.357696533203125;0.034014892578125;100 mA
3;3408;17.8230169550012;-0.355224609375;0.0351654052734375;100 mA
3;3409;17.8265069549924;-0.352813720703125;0.0364349365234375;100 mA
3;3410;17.8299969549836;-0.35028076171875;0.0374755859375;100 mA
3;3411;17.8334869549748;-0.347869873046875;0.0386444091796875;100 mA
3;3412;17.836976954966;-0.34539794921875;0.0399383544921875;100 mA
3;3413;17.8404669549572;-0.343017578125;0.041119384765625;100 mA
3;3414;17.8439569549483;-0.340576171875;0.0423004150390625;100 mA
3;3415;17.8474469549395;-0.33807373046875;0.0433868408203125;100 mA
3;3416;17.8509369549307;-0.335662841796875;0.0443756103515625;100 mA
3;3417;17.8544269549219;-0.333160400390625;0.045672607421875;100 mA
3;3418;17.8579169549131;-0.330718994140625;0.046783447265625;100 mA
3;3419;17.8614069549043;-0.3282470703125;0.0477142333984375;100 mA
3;3420;17.8648969548955;-0.32586669921875;0.0487884521484375;100 mA
3;3421;17.8683869548867;-0.3233642578125;0.04989013671875;100 mA
3;3422;17.8718769548778;-0.320892333984375;0.05096435546875;100 mA
3;3423;17.875366954869;-0.318511962890625;0.052032470703125;100 mA
3;3424;17.8788569548602;-0.31610107421875;0.052825927734375;100 mA
3;3425;17.8823469548514;-0.31365966796875;0.053802490234375;100 mA
3;3426;17.8858369548426;-0.31121826171875;0.054718017578125;100 mA
3;3427;17.8893269548338;-0.308746337890625;0.0555419921875;100 mA
3;3428;17.892816954825;-0.306365966796875;0.05645751953125;100 mA
3;3429;17.8963069548162;-0.3038330078125;0.05712890625;100 mA
3;3430;17.8997969548074;-0.3013916015625;0.057830810546875;100 mA
3;3431;17.9032869547985;-0.29901123046875;0.058746337890625;100 mA
3;3432;17.9067769547897;-0.296478271484375;0.059356689453125;100 mA
3;3433;17.9102669547809;-0.2940673828125;0.05999755859375;100 mA
3;3434;17.9137569547721;-0.291595458984375;0.060638427734375;100 mA
3;3435;17.9172469547633;-0.2891845703125;0.06109619140625;100 mA
3;3436;17.9207369547545;-0.28668212890625;0.061767578125;100 mA
3;3437;17.9242269547457;-0.284210205078125;0.062286376953125;100 mA
3;3438;17.9277169547369;-0.28179931640625;0.062652587890625;100 mA
3;3439;17.9312069547281;-0.279327392578125;0.063018798828125;100 mA
3;3440;17.9346969547192;-0.2769775390625;0.0634765625;100 mA
3;3441;17.9381869547104;-0.27447509765625;0.063873291015625;100 mA
3;3442;17.9416769547016;-0.271942138671875;0.064178466796875;100 mA
3;3443;17.9451669546928;-0.26953125;0.064422607421875;100 mA
3;3444;17.948656954684;-0.26702880859375;0.064605712890625;100 mA
3;3445;17.9521469546752;-0.264678955078125;0.0648193359375;100 mA
3;3446;17.9556369546664;-0.26220703125;0.065032958984375;100 mA
3;3447;17.9591269546576;-0.25970458984375;0.065216064453125;100 mA
3;3448;17.9626169546488;-0.257232666015625;0.065216064453125;100 mA
3;3449;17.9661069546399;-0.2548828125;0.065277099609375;100 mA
3;3450;17.9695969546311;-0.25238037109375;0.065338134765625;100 mA
3;3451;17.9730869546223;-0.249908447265625;0.06536865234375;100 mA
3;3452;17.9765769546135;-0.247467041015625;0.065338134765625;100 mA
3;3453;17.9800669546047;-0.2449951171875;0.065185546875;100 mA
3;3454;17.9835569545959;-0.242523193359375;0.0650634765625;100 mA
3;3455;17.9870469545871;-0.2401123046875;0.0650634765625;100 mA
3;3456;17.9905369545783;-0.237640380859375;0.064910888671875;100 mA
3;3457;17.9940269545694;-0.235198974609375;0.064727783203125;100 mA
3;3458;17.9975169545606;-0.232757568359375;0.064544677734375;100 mA
3;3459;18.0010069545518;-0.2303466796875;0.064300537109375;100 mA
3;3460;18.004496954543;-0.227813720703125;0.064178466796875;100 mA
3;3461;18.0079869545342;-0.225341796875;0.06396484375;100 mA
3;3462;18.0114769545254;-0.222900390625;0.063629150390625;100 mA
3;3463;18.0149669545166;-0.220458984375;0.063323974609375;100 mA
3;3464;18.0184569545078;-0.21807861328125;0.0631103515625;100 mA
3;3465;18.021946954499;-0.215545654296875;0.06280517578125;100 mA
3;3466;18.0254369544901;-0.213104248046875;0.062469482421875;100 mA
3;3467;18.0289269544813;-0.210662841796875;0.06207275390625;100 mA
3;3468;18.0324169544725;-0.208221435546875;0.061737060546875;100 mA
3;3469;18.0359069544637;-0.205718994140625;0.0614013671875;100 mA
3;3470;18.0393969544549;-0.20330810546875;0.06103515625;100 mA
3;3471;18.0428869544461;-0.200897216796875;0.0606689453125;100 mA
3;3472;18.0463769544373;-0.198455810546875;0.06024169921875;100 mA
3;3473;18.0498669544285;-0.1959228515625;0.059906005859375;100 mA
3;3474;18.0533569544197;-0.193511962890625;0.05950927734375;100 mA
3;3475;18.0568469544108;-0.191070556640625;0.05908203125;100 mA
3;3476;18.060336954402;-0.1885986328125;0.05865478515625;100 mA
3;3477;18.0638269543932;-0.1861572265625;0.058197021484375;100 mA
3;3478;18.0673169543844;-0.183685302734375;0.05780029296875;100 mA
3;3479;18.0708069543756;-0.18121337890625;0.05743408203125;100 mA
3;3480;18.0742969543668;-0.178802490234375;0.0570068359375;100 mA
3;3481;18.077786954358;-0.17626953125;0.0565185546875;100 mA
3;3482;18.0812769543492;-0.173858642578125;0.05609130859375;100 mA
3;3483;18.0847669543404;-0.171478271484375;0.055694580078125;100 mA
3;3484;18.0882569543315;-0.1689453125;0.0552978515625;100 mA
3;3485;18.0917469543227;-0.16644287109375;0.054840087890625;100 mA
3;3486;18.0952369543139;-0.1640625;0.05438232421875;100 mA
3;3487;18.0987269543051;-0.16162109375;0.053924560546875;100 mA
3;3488;18.1022169542963;-0.1591796875;0.053497314453125;100 mA
3;3489;18.1057069542875;-0.156768798828125;0.0531005859375;100 mA
3;3490;18.1091969542787;-0.154266357421875;0.052703857421875;100 mA
3;3491;18.1126869542699;-0.15179443359375;0.05224609375;100 mA
3;3492;18.1161769542611;-0.14935302734375;0.051849365234375;100 mA
3;3493;18.1196669542522;-0.14691162109375;0.051422119140625;100 mA
3;3494;18.1231569542434;-0.144439697265625;0.05096435546875;100 mA
3;3495;18.1266469542346;-0.141998291015625;0.050537109375;100 mA
3;3496;18.1301369542258;-0.139556884765625;0.05010986328125;100 mA
3;3497;18.133626954217;-0.13714599609375;0.0497283935546875;100 mA
3;3498;18.1371169542082;-0.13458251953125;0.049346923828125;100 mA
3;3499;18.1406069541994;-0.132110595703125;0.048919677734375;100 mA
3;3500;18.1440969541906;-0.129638671875;0.0484893798828125;100 mA
3;3501;18.1475869541817;-0.12725830078125;0.0481109619140625;100 mA
3;3502;18.1510769541729;-0.124786376953125;0.047711181640625;100 mA
3;3503;18.1545669541641;-0.122344970703125;0.04735107421875;100 mA
3;3504;18.1580569541553;-0.119873046875;0.0469696044921875;100 mA
3;3505;18.1615469541465;-0.117431640625;0.0465606689453125;100 mA
3;3506;18.1650369541377;-0.114959716796875;0.046197509765625;100 mA
3;3507;18.1685269541289;-0.112518310546875;0.04580078125;100 mA
3;3508;18.1720169541201;-0.11004638671875;0.0454559326171875;100 mA
3;3509;18.1755069541113;-0.107574462890625;0.0450897216796875;100 mA
3;3510;18.1789969541024;-0.10516357421875;0.044744873046875;100 mA
3;3511;18.1824869540936;-0.102691650390625;0.0443328857421875;100 mA
3;3512;18.1859769540848;-0.10028076171875;0.044012451171875;100 mA
3;3513;18.189466954076;-0.097747802734375;0.0436187744140625;100 mA
3;3514;18.1929569540672;-0.095367431640625;0.0433135986328125;100 mA
3;3515;18.1964469540584;-0.09295654296875;0.0429534912109375;100 mA
3;3516;18.1999369540496;-0.090423583984375;0.04259033203125;100 mA
3;3517;18.2034269540408;-0.087982177734375;0.04229736328125;100 mA
3;3518;18.206916954032;-0.085540771484375;0.0419677734375;100 mA
3;3519;18.2104069540231;-0.083038330078125;0.041644287109375;100 mA
3;3520;18.2138969540143;-0.08062744140625;0.0413299560546875;100 mA
3;3521;18.2173869540055;-0.07818603515625;0.0410064697265625;100 mA
3;3522;18.2208769539967;-0.075714111328125;0.0406646728515625;100 mA
3;3523;18.2243669539879;-0.07330322265625;0.0403900146484375;100 mA
3;3524;18.2278569539791;-0.070831298828125;0.0400726318359375;100 mA
3;3525;18.2313469539703;-0.068389892578125;0.0397674560546875;100 mA
3;3526;18.2348369539615;-0.066009521484375;0.0395751953125;100 mA
3;3527;18.2383269539527;-0.063507080078125;0.0392303466796875;100 mA
3;3528;18.2418169539438;-0.061004638671875;0.038946533203125;100 mA
3;3529;18.245306953935;-0.05865478515625;0.0386077880859375;100 mA
3;3530;18.2487969539262;-0.056121826171875;0.03834228515625;100 mA
3;3531;18.2522869539174;-0.05364990234375;0.038116455078125;100 mA
3;3532;18.2557769539086;-0.05120849609375;0.037835693359375;100 mA
3;3533;18.2592669538998;-0.0486572265625;0.0375640869140625;100 mA
3;3534;18.262756953891;-0.0462005615234375;0.0372711181640625;100 mA
3;3535;18.2662469538822;-0.0437591552734375;0.0370269775390625;100 mA
3;3536;18.2697369538733;-0.041326904296875;0.036761474609375;100 mA
3;3537;18.2732269538645;-0.0388458251953125;0.0365081787109375;100 mA
3;3538;18.2767169538557;-0.0363739013671875;0.03621826171875;100 mA
3;3539;18.2802069538469;-0.0339447021484375;0.0360107421875;100 mA
3;3540;18.2836969538381;-0.031494140625;0.0357696533203125;100 mA
3;3541;18.2871869538293;-0.0290557861328125;0.03553466796875;100 mA
3;3542;18.2906769538205;-0.026605224609375;0.0352691650390625;100 mA
3;3543;18.2941669538117;-0.02415771484375;0.0350372314453125;100 mA
3;3544;18.2976569538029;-0.021710205078125;0.034808349609375;100 mA
3;3545;18.301146953794;-0.01925048828125;0.0346221923828125;100 mA
3;3546;18.3046369537852;-0.0167816162109375;0.034381103515625;100 mA
3;3547;18.3081269537764;-0.014337158203125;0.0341583251953125;100 mA
3;3548;18.3116169537676;-0.011895751953125;0.033966064453125;100 mA
3;3549;18.3151069537588;-0.00942382812500001;0.0337158203125;100 mA
3;3550;18.31859695375;-0.00696716308593751;0.0335113525390625;100 mA
3;3551;18.3220869537412;-0.0045623779296875;0.0332977294921875;100 mA
3;3552;18.3255769537324;-0.0020782470703125;0.03309326171875;100 mA
3;3553;18.3290669537236;0.000384521484374997;0.032891845703125;100 mA
4;3554;18.3325569537147;0.00282897949218749;0.0326904296875;100 mA
4;3555;18.3360469537059;0.00530395507812501;0.032501220703125;100 mA
4;3556;18.3395369536971;0.007720947265625;0.03231201171875;100 mA
4;3557;18.3430269536883;0.010150146484375;0.0321319580078125;100 mA
4;3558;18.3465169536795;0.0126617431640625;0.031903076171875;100 mA
4;3559;18.3500069536707;0.0150665283203125;0.0317047119140625;100 mA
4;3560;18.3534969536619;0.0175384521484375;0.0315643310546875;100 mA
4;3561;18.3569869536531;0.0199798583984375;0.0313873291015625;100 mA
4;3562;18.3604769536443;0.022442626953125;0.031170654296875;100 mA
4;3563;18.3639669536354;0.0248779296875;0.0310150146484375;100 mA
4;3564;18.3674569536266;0.02734375;0.0308135986328125;100 mA
4;3565;18.3709469536178;0.029803466796875;0.03065185546875;100 mA
4;3566;18.374436953609;0.032232666015625;0.030474853515625;100 mA
4;3567;18.3779269536002;0.03470458984375;0.0303375244140625;100 mA
4;3568;18.3814169535914;0.0371185302734375;0.0301605224609375;100 mA
4;3569;18.3849069535826;0.0396209716796875;0.0299591064453125;100 mA
4;3570;18.3883969535738;0.0420684814453125;0.0298370361328125;100 mA
4;3571;18.3918869535649;0.04449462890625;0.029656982421875;100 mA
4;3572;18.3953769535561;0.0469635009765625;0.0294952392578125;100 mA
4;3573;18.3988669535473;0.049395751953125;0.02938232421875;100 mA
4;3574;18.4023569535385;0.05169677734375;0.0292236328125;100 mA
4;3575;18.4058469535297;0.05419921875;0.0290557861328125;100 mA
4;3576;18.4093369535209;0.056610107421875;0.0289031982421875;100 mA
4;3577;18.4128269535121;0.059112548828125;0.0287353515625;100 mA
4;3578;18.4163169535033;0.061553955078125;0.0285919189453125;100 mA
4;3579;18.4198069534945;0.064056396484375;0.0284576416015625;100 mA
4;3580;18.4232969534856;0.06646728515625;0.02830810546875;100 mA
4;3581;18.4267869534768;0.068939208984375;0.028173828125;100 mA
4;3582;18.430276953468;0.0714111328125;0.0280548095703125;100 mA
4;3583;18.4337669534592;0.073822021484375;0.0278778076171875;100 mA
4;3584;18.4372569534504;0.07635498046875;0.027752685546875;100 mA
4;3585;18.4407469534416;0.078765869140625;0.027630615234375;100 mA
4;3586;18.4442369534328;0.0811767578125;0.0274993896484375;100 mA
4;3587;18.447726953424;0.08367919921875;0.0273773193359375;100 mA
4;3588;18.4512169534152;0.08612060546875;0.0272491455078125;100 mA
4;3589;18.4547069534063;0.088592529296875;0.027093505859375;100 mA
4;3590;18.4581969533975;0.090972900390625;0.026995849609375;100 mA
4;3591;18.4616869533887;0.093414306640625;0.026849365234375;100 mA
4;3592;18.4651769533799;0.095916748046875;0.0267303466796875;100 mA
4;3593;18.4686669533711;0.098358154296875;0.0266082763671875;100 mA
4;3594;18.4721569533623;0.10076904296875;0.026507568359375;100 mA
4;3595;18.4756469533535;0.103240966796875;0.0263763427734375;100 mA
4;3596;18.4791369533447;0.105682373046875;0.0262481689453125;100 mA
4;3597;18.4826269533359;0.108154296875;0.0261016845703125;100 mA
4;3598;18.486116953327;0.11053466796875;0.0260162353515625;100 mA
4;3599;18.4896069533182;0.113037109375;0.0258941650390625;100 mA
4;3600;18.4930969533094;0.115509033203125;0.0258026123046875;100 mA
4;3601;18.4965869533006;0.117950439453125;0.025701904296875;100 mA
4;3602;18.5000769532918;0.12042236328125;0.0255584716796875;100 mA
4;3603;18.503566953283;0.122833251953125;0.0254638671875;100 mA
4;3604;18.5070569532742;0.125274658203125;0.0253509521484375;100 mA
4;3605;18.5105469532654;0.127716064453125;0.025238037109375;100 mA
4;3606;18.5140369532566;0.130218505859375;0.0251312255859375;100 mA
4;3607;18.5175269532477;0.13262939453125;0.025042724609375;100 mA
4;3608;18.5210169532389;0.13507080078125;0.02491455078125;100 mA
4;3609;18.5245069532301;0.137542724609375;0.02481689453125;100 mA
4;3610;18.5279969532213;0.14007568359375;0.024737548828125;100 mA
4;3611;18.5314869532125;0.1424560546875;0.0246490478515625;100 mA
4;3612;18.5349769532037;0.1448974609375;0.024530029296875;100 mA
4;3613;18.5384669531949;0.147308349609375;0.0244415283203125;100 mA
4;3614;18.5419569531861;0.14984130859375;0.024334716796875;100 mA
4;3615;18.5454469531772;0.152313232421875;0.0242279052734375;100 mA
4;3616;18.5489369531684;0.154693603515625;0.024139404296875;100 mA
4;3617;18.5524269531596;0.157196044921875;0.0240509033203125;100 mA
4;3618;18.5559169531508;0.159576416015625;0.02396240234375;100 mA
4;3619;18.559406953142;0.16204833984375;0.023895263671875;100 mA
4;3620;18.5628969531332;0.16448974609375;0.02379150390625;100 mA
4;3621;18.5663869531244;0.16693115234375;0.023712158203125;100 mA
4;3622;18.5698769531156;0.169464111328125;0.023626708984375;100 mA
4;3623;18.5733669531068;0.171844482421875;0.0235321044921875;100 mA
4;3624;18.5768569530979;0.174285888671875;0.02344970703125;100 mA
4;3625;18.5803469530891;0.176788330078125;0.023370361328125;100 mA
4;3626;18.5838369530803;0.17919921875;0.02327880859375;100 mA
4;3627;18.5873269530715;0.181640625;0.0232177734375;100 mA
4;3628;18.5908169530627;0.184173583984375;0.0231231689453125;100 mA
4;3629;18.5943069530539;0.18658447265625;0.023040771484375;100 mA
4;3630;18.5977969530451;0.18902587890625;0.0229736328125;100 mA
4;3631;18.6012869530363;0.19146728515625;0.0228759765625;100 mA
4;3632;18.6047769530275;0.193939208984375;0.022808837890625;100 mA
4;3633;18.6082669530186;0.196441650390625;0.022711181640625;100 mA
4;3634;18.6117569530098;0.198883056640625;0.022637939453125;100 mA
4;3635;18.615246953001;0.20135498046875;0.0225341796875;100 mA
4;3636;18.6187369529922;0.203704833984375;0.0225006103515625;100 mA
4;3637;18.6222269529834;0.20623779296875;0.0224334716796875;100 mA
4;3638;18.6257169529746;0.208648681640625;0.0223358154296875;100 mA
4;3639;18.6292069529658;0.211151123046875;0.0222442626953125;100 mA
4;3640;18.632696952957;0.213623046875;0.022198486328125;100 mA
4;3641;18.6361869529482;0.216033935546875;0.022137451171875;100 mA
4;3642;18.6396769529393;0.218505859375;0.02203369140625;100 mA
4;3643;18.6431669529305;0.220916748046875;0.0220245361328125;100 mA
4;3644;18.6466569529217;0.223358154296875;0.0219085693359375;100 mA
4;3645;18.6501469529129;0.225830078125;0.0218505859375;100 mA
4;3646;18.6536369529041;0.228271484375;0.0217803955078125;100 mA
4;3647;18.6571269528953;0.230712890625;0.0217254638671875;100 mA
4;3648;18.6606169528865;0.233123779296875;0.0216461181640625;100 mA
4;3649;18.6641069528777;0.235687255859375;0.02156982421875;100 mA
4;3650;18.6675969528688;0.23809814453125;0.0215240478515625;100 mA
4;3651;18.67108695286;0.240509033203125;0.0214630126953125;100 mA
4;3652;18.6745769528512;0.242919921875;0.0213958740234375;100 mA
4;3653;18.6780669528424;0.245391845703125;0.0213531494140625;100 mA
4;3654;18.6815569528336;0.247833251953125;0.021258544921875;100 mA
4;3655;18.6850469528248;0.2503662109375;0.0212066650390625;100 mA
4;3656;18.688536952816;0.252777099609375;0.0211517333984375;100 mA
4;3657;18.6920269528072;0.25518798828125;0.0211029052734375;100 mA
4;3658;18.6955169527984;0.257659912109375;0.02103271484375;100 mA
4;3659;18.6990069527895;0.2601318359375;0.0209686279296875;100 mA
4;3660;18.7024969527807;0.262603759765625;0.0209075927734375;100 mA
4;3661;18.7059869527719;0.265045166015625;0.0208465576171875;100 mA
4;3662;18.7094769527631;0.26751708984375;0.0208221435546875;100 mA
4;3663;18.7129669527543;0.2698974609375;0.0207489013671875;100 mA
4;3664;18.7164569527455;0.272369384765625;0.02069091796875;100 mA
4;3665;18.7199469527367;0.27484130859375;0.0206298828125;100 mA
4;3666;18.7234369527279;0.277313232421875;0.020587158203125;100 mA
4;3667;18.7269269527191;0.279754638671875;0.020513916015625;100 mA
4;3668;18.7304169527102;0.28216552734375;0.02047119140625;100 mA
4;3669;18.7339069527014;0.284637451171875;0.02039794921875;100 mA
4;3670;18.7373969526926;0.287109375;0.02037353515625;100 mA
4;3671;18.7408869526838;0.289520263671875;0.020318603515625;100 mA
4;3672;18.744376952675;0.292022705078125;0.0202392578125;100 mA
4;3673;18.7478669526662;0.294464111328125;0.020172119140625;100 mA
4;3674;18.7513569526574;0.296905517578125;0.0201385498046875;100 mA
4;3675;18.7548469526486;0.299346923828125;0.020111083984375;100 mA
4;3676;18.7583369526398;0.30181884765625;0.020050048828125;100 mA
4;3677;18.7618269526309;0.30426025390625;0.019989013671875;100 mA
4;3678;18.7653169526221;0.306732177734375;0.019903564453125;100 mA
4;3679;18.7688069526133;0.309173583984375;0.01990966796875;100 mA
4;3680;18.7722969526045;0.311614990234375;0.0198150634765625;100 mA
4;3681;18.7757869525957;0.314056396484375;0.0198028564453125;100 mA
4;3682;18.7792769525869;0.3165283203125;0.019720458984375;100 mA
4;3683;18.7827669525781;0.3189697265625;0.019671630859375;100 mA
4;3684;18.7862569525693;0.321441650390625;0.019622802734375;100 mA
4;3685;18.7897469525604;0.32391357421875;0.019586181640625;100 mA
4;3686;18.7932369525516;0.326324462890625;0.0195037841796875;100 mA
4;3687;18.7967269525428;0.32879638671875;0.01949462890625;100 mA
4;3688;18.800216952534;0.331207275390625;0.0194183349609375;100 mA
4;3689;18.8037069525252;0.33367919921875;0.0194091796875;100 mA
4;3690;18.8071969525164;0.3360595703125;0.01932373046875;100 mA
4;3691;18.8106869525076;0.338592529296875;0.0192535400390625;100 mA
4;3692;18.8141769524988;0.341033935546875;0.01923828125;100 mA
4;3693;18.81766695249;0.343505859375;0.01920166015625;100 mA
4;3694;18.8211569524811;0.34588623046875;0.019158935546875;100 mA
4;3695;18.8246469524723;0.348358154296875;0.019110107421875;100 mA
4;3696;18.8281369524635;0.350860595703125;0.019061279296875;100 mA
4;3697;18.8316269524547;0.353302001953125;0.0189971923828125;100 mA
4;3698;18.8351169524459;0.355743408203125;0.0189422607421875;100 mA
4;3699;18.8386069524371;0.35821533203125;0.0189178466796875;100 mA
4;3700;18.8420969524283;0.360626220703125;0.018890380859375;100 mA
4;3701;18.8455869524195;0.363067626953125;0.018829345703125;100 mA
4;3702;18.8490769524107;0.365509033203125;0.0188018798828125;100 mA
4;3703;18.8525669524018;0.368011474609375;0.0187347412109375;100 mA
4;3704;18.856056952393;0.37042236328125;0.018682861328125;100 mA
4;3705;18.8595469523842;0.372894287109375;0.018646240234375;100 mA
4;3706;18.8630369523754;0.375335693359375;0.018621826171875;100 mA
4;3707;18.8665269523666;0.377777099609375;0.01856689453125;100 mA
4;3708;18.8700169523578;0.38018798828125;0.0185882568359375;100 mA
4;3709;18.873506952349;0.3826904296875;0.018511962890625;100 mA
4;3710;18.8769969523402;0.3851318359375;0.01845703125;100 mA
4;3711;18.8804869523314;0.3875732421875;0.018414306640625;100 mA
4;3712;18.8839769523225;0.39007568359375;0.0183685302734375;100 mA
4;3713;18.8874669523137;0.3924560546875;0.0183441162109375;100 mA
4;3714;18.8909569523049;0.394927978515625;0.018304443359375;100 mA
4;3715;18.8944469522961;0.39739990234375;0.0182861328125;100 mA
4;3716;18.8979369522873;0.399871826171875;0.01822509765625;100 mA
4;3717;18.9014269522785;0.402252197265625;0.018182373046875;100 mA
4;3718;18.9049169522697;0.40472412109375;0.0181304931640625;100 mA
4;3719;18.9084069522609;0.40716552734375;0.01812744140625;100 mA
4;3720;18.9118969522521;0.409637451171875;0.0180755615234375;100 mA
4;3721;18.9153869522432;0.412109375;0.0180389404296875;100 mA
4;3722;18.9188769522344;0.414581298828125;0.0180084228515625;100 mA
4;3723;18.9223669522256;0.41693115234375;0.0179779052734375;100 mA
4;3724;18.9258569522168;0.419464111328125;0.017962646484375;100 mA
4;3725;18.929346952208;0.421905517578125;0.0179290771484375;100 mA
4;3726;18.9328369521992;0.42431640625;0.01787109375;100 mA
4;3727;18.9363269521904;0.426788330078125;0.01787109375;100 mA
4;3728;18.9398169521816;0.429229736328125;0.01781005859375;100 mA
4;3729;18.9433069521727;0.431732177734375;0.0177825927734375;100 mA
4;3730;18.9467969521639;0.434173583984375;0.0177642822265625;100 mA
4;3731;18.9502869521551;0.436553955078125;0.0177154541015625;100 mA
4;3732;18.9537769521463;0.4390869140625;0.017694091796875;100 mA
4;3733;18.9572669521375;0.441497802734375;0.01767578125;100 mA
4;3734;18.9607569521287;0.44390869140625;0.01763916015625;100 mA
4;3735;18.9642469521199;0.44647216796875;0.0176116943359375;100 mA
4;3736;18.9677369521111;0.44891357421875;0.017584228515625;100 mA
4;3737;18.9712269521023;0.44720458984375;0.016168212890625;100 mA
4;3738;18.9747169520934;0.44476318359375;0.0158203125;100 mA
4;3739;18.9782069520846;0.442291259765625;0.015545654296875;100 mA
4;3740;18.9816969520758;0.43994140625;0.015313720703125;100 mA
4;3741;18.985186952067;0.437408447265625;0.0151397705078125;100 mA
4;3742;18.9886769520582;0.434967041015625;0.014947509765625;100 mA
4;3743;18.9921669520494;0.43255615234375;0.0147613525390625;100 mA
4;3744;18.9956569520406;0.430023193359375;0.0146392822265625;100 mA
4;3745;18.9991469520318;0.427642822265625;0.0145111083984375;100 mA
4;3746;19.002636952023;0.425140380859375;0.0143341064453125;100 mA
4;3747;19.0061269520141;0.42279052734375;0.0142120361328125;100 mA
4;3748;19.0096169520053;0.420318603515625;0.0140777587890625;100 mA
4;3749;19.0131069519965;0.4178466796875;0.0139862060546875;100 mA
4;3750;19.0165969519877;0.415374755859375;0.0138671875;100 mA
4;3751;19.0200869519789;0.41290283203125;0.01378173828125;100 mA
4;3752;19.0235769519701;0.4105224609375;0.0136505126953125;100 mA
4;3753;19.0270669519613;0.4080810546875;0.01356201171875;100 mA
4;3754;19.0305569519525;0.405670166015625;0.013458251953125;100 mA
4;3755;19.0340469519437;0.40325927734375;0.0133575439453125;100 mA
4;3756;19.0375369519348;0.4007568359375;0.0132965087890625;100 mA
4;3757;19.041026951926;0.3983154296875;0.01322021484375;100 mA
4;3758;19.0445169519172;0.3958740234375;0.01312255859375;100 mA
4;3759;19.0480069519084;0.39337158203125;0.013055419921875;100 mA
4;3760;19.0514969518996;0.390960693359375;0.0129241943359375;100 mA
4;3761;19.0549869518908;0.388580322265625;0.0128753662109375;100 mA
4;3762;19.058476951882;0.386077880859375;0.0127899169921875;100 mA
4;3763;19.0619669518732;0.3836669921875;0.0126922607421875;100 mA
4;3764;19.0654569518643;0.3812255859375;0.0126617431640625;100 mA
4;3765;19.0689469518555;0.378814697265625;0.01256103515625;100 mA
4;3766;19.0724369518467;0.376312255859375;0.01253662109375;100 mA
4;3767;19.0759269518379;0.373931884765625;0.0124542236328125;100 mA
4;3768;19.0794169518291;0.3714599609375;0.01240234375;100 mA
4;3769;19.0829069518203;0.368988037109375;0.0123199462890625;100 mA
4;3770;19.0863969518115;0.3665771484375;0.0122650146484375;100 mA
4;3771;19.0898869518027;0.364166259765625;0.0122039794921875;100 mA
4;3772;19.0933769517939;0.361663818359375;0.0121490478515625;100 mA
4;3773;19.096866951785;0.35919189453125;0.0120880126953125;100 mA
4;3774;19.1003569517762;0.356719970703125;0.012005615234375;100 mA
4;3775;19.1038469517674;0.35430908203125;0.0119537353515625;100 mA
4;3776;19.1073369517586;0.35186767578125;0.0118927001953125;100 mA
4;3777;19.1108269517498;0.34942626953125;0.0118408203125;100 mA
4;3778;19.114316951741;0.34698486328125;0.0117767333984375;100 mA
4;3779;19.1178069517322;0.344573974609375;0.011749267578125;100 mA
4;3780;19.1212969517234;0.34210205078125;0.0116546630859375;100 mA
4;3781;19.1247869517146;0.339630126953125;0.011627197265625;100 mA
4;3782;19.1282769517057;0.337249755859375;0.0115753173828125;100 mA
4;3783;19.1317669516969;0.334747314453125;0.0115142822265625;100 mA
4;3784;19.1352569516881;0.33233642578125;0.0114410400390625;100 mA
4;3785;19.1387469516793;0.32989501953125;0.0114349365234375;100 mA
4;3786;19.1422369516705;0.327484130859375;0.011346435546875;100 mA
4;3787;19.1457269516617;0.32501220703125;0.0113067626953125;100 mA
4;3788;19.1492169516529;0.32257080078125;0.011248779296875;100 mA
4;3789;19.1527069516441;0.32012939453125;0.011224365234375;100 mA
4;3790;19.1561969516353;0.31768798828125;0.011163330078125;100 mA
4;3791;19.1596869516264;0.315185546875;0.0111175537109375;100 mA
4;3792;19.1631769516176;0.312713623046875;0.0110626220703125;100 mA
4;3793;19.1666669516088;0.310302734375;0.0110137939453125;100 mA
4;3794;19.1701569516;0.307830810546875;0.010980224609375;100 mA
4;3795;19.1736469515912;0.305389404296875;0.0109283447265625;100 mA
4;3796;19.1771369515824;0.302978515625;0.0108795166015625;100 mA
4;3797;19.1806269515736;0.300537109375;0.0108062744140625;100 mA
4;3798;19.1841169515648;0.298126220703125;0.0107940673828125;100 mA
4;3799;19.1876069515559;0.295684814453125;0.0107574462890625;100 mA
4;3800;19.1910969515471;0.293182373046875;0.0107025146484375;100 mA
4;3801;19.1945869515383;0.290771484375;0.0106719970703125;100 mA
4;3802;19.1980769515295;0.288330078125;0.01063232421875;100 mA
4;3803;19.2015669515207;0.285919189453125;0.01055908203125;100 mA
4;3804;19.2050569515119;0.283477783203125;0.010528564453125;100 mA
4;3805;19.2085469515031;0.28094482421875;0.0104949951171875;100 mA
4;3806;19.2120369514943;0.278533935546875;0.0104522705078125;100 mA
4;3807;19.2155269514855;0.276123046875;0.010382080078125;100 mA
4;3808;19.2190169514766;0.273681640625;0.0103729248046875;100 mA
4;3809;19.2225069514678;0.271209716796875;0.0103302001953125;100 mA
4;3810;19.225996951459;0.26873779296875;0.010296630859375;100 mA
4;3811;19.2294869514502;0.2662353515625;0.01025390625;100 mA
4;3812;19.2329769514414;0.263946533203125;0.0102203369140625;100 mA
4;3813;19.2364669514326;0.26141357421875;0.01016845703125;100 mA
4;3814;19.2399569514238;0.259002685546875;0.0101318359375;100 mA
4;3815;19.243446951415;0.256500244140625;0.0100616455078125;100 mA
4;3816;19.2469369514062;0.254119873046875;0.0100494384765625;100 mA
4;3817;19.2504269513973;0.25164794921875;0.0099945068359375;100 mA
4;3818;19.2539169513885;0.249176025390625;0.0099700927734375;100 mA
4;3819;19.2574069513797;0.246734619140625;0.00992431640625;100 mA
4;3820;19.2608969513709;0.24432373046875;0.009893798828125;100 mA
4;3821;19.2643869513621;0.241851806640625;0.0098419189453125;100 mA
4;3822;19.2678769513533;0.239410400390625;0.00980224609375;100 mA
4;3823;19.2713669513445;0.23699951171875;0.0097625732421875;100 mA
4;3824;19.2748569513357;0.234527587890625;0.00975341796875;100 mA
4;3825;19.2783469513269;0.2320556640625;0.0096527099609375;100 mA
4;3826;19.281836951318;0.229644775390625;0.00963134765625;100 mA
4;3827;19.2853269513092;0.227203369140625;0.009649658203125;100 mA
4;3828;19.2888169513004;0.224853515625;0.0095794677734375;100 mA
4;3829;19.2923069512916;0.2222900390625;0.0095458984375;100 mA
4;3830;19.2957969512828;0.2198486328125;0.0095123291015625;100 mA
4;3831;19.299286951274;0.2174072265625;0.0094512939453125;100 mA
4;3832;19.3027769512652;0.2149658203125;0.0094329833984375;100 mA
4;3833;19.3062669512564;0.212554931640625;0.009393310546875;100 mA
4;3834;19.3097569512476;0.210113525390625;0.009356689453125;100 mA
4;3835;19.3132469512387;0.207733154296875;0.00931396484375;100 mA
4;3836;19.3167369512299;0.2052001953125;0.009283447265625;100 mA
4;3837;19.3202269512211;0.20281982421875;0.0092437744140625;100 mA
4;3838;19.3237169512123;0.200347900390625;0.009197998046875;100 mA
4;3839;19.3272069512035;0.197906494140625;0.0091552734375;100 mA
4;3840;19.3306969511947;0.1954345703125;0.009130859375;100 mA
4;3841;19.3341869511859;0.1929931640625;0.00914306640625;100 mA
4;3842;19.3376769511771;0.190521240234375;0.009075927734375;100 mA
4;3843;19.3411669511682;0.1881103515625;0.0090606689453125;100 mA
4;3844;19.3446569511594;0.185699462890625;0.0089813232421875;100 mA
4;3845;19.3481469511506;0.183197021484375;0.0089599609375;100 mA
4;3846;19.3516369511418;0.18072509765625;0.008953857421875;100 mA
4;3847;19.355126951133;0.1783447265625;0.0089080810546875;100 mA
4;3848;19.3586169511242;0.17584228515625;0.0088623046875;100 mA
4;3849;19.3621069511154;0.17340087890625;0.008819580078125;100 mA
4;3850;19.3655969511066;0.170989990234375;0.0087799072265625;100 mA
4;3851;19.3690869510978;0.1685791015625;0.008746337890625;100 mA
4;3852;19.3725769510889;0.1661376953125;0.0087310791015625;100 mA
4;3853;19.3760669510801;0.16363525390625;0.0086944580078125;100 mA
4;3854;19.3795569510713;0.161224365234375;0.0086639404296875;100 mA
4;3855;19.3830469510625;0.158721923828125;0.00860595703125;100 mA
4;3856;19.3865369510537;0.15631103515625;0.0085723876953125;100 mA
4;3857;19.3900269510449;0.15386962890625;0.0085479736328125;100 mA
4;3858;19.3935169510361;0.15142822265625;0.008477783203125;100 mA
4;3859;19.3970069510273;0.149017333984375;0.0084686279296875;100 mA
4;3860;19.4004969510185;0.14654541015625;0.00843505859375;100 mA
4;3861;19.4039869510096;0.14410400390625;0.0084075927734375;100 mA
4;3862;19.4074769510008;0.14166259765625;0.0083892822265625;100 mA
4;3863;19.410966950992;0.13922119140625;0.0083404541015625;100 mA
4;3864;19.4144569509832;0.136749267578125;0.0083038330078125;100 mA
4;3865;19.4179469509744;0.13433837890625;0.008233642578125;100 mA
4;3866;19.4214369509656;0.131927490234375;0.0082427978515625;100 mA
4;3867;19.4249269509568;0.12945556640625;0.0082000732421875;100 mA
4;3868;19.428416950948;0.12701416015625;0.008160400390625;100 mA
4;3869;19.4319069509392;0.12457275390625;0.00810546875;100 mA
4;3870;19.4353969509303;0.12213134765625;0.008099365234375;100 mA
4;3871;19.4388869509215;0.119720458984375;0.008062744140625;100 mA
4;3872;19.4423769509127;0.11724853515625;0.0080047607421875;100 mA
4;3873;19.4458669509039;0.11480712890625;0.0079833984375;100 mA
4;3874;19.4493569508951;0.112274169921875;0.007958984375;100 mA
4;3875;19.4528469508863;0.10992431640625;0.0079071044921875;100 mA
4;3876;19.4563369508775;0.10748291015625;0.0078948974609375;100 mA
4;3877;19.4598269508687;0.1051025390625;0.0078338623046875;100 mA
4;3878;19.4633169508598;0.102630615234375;0.0078338623046875;100 mA
4;3879;19.466806950851;0.100128173828125;0.0077850341796875;100 mA
4;3880;19.4702969508422;0.097686767578125;0.00775146484375;100 mA
4;3881;19.4737869508334;0.09527587890625;0.0077392578125;100 mA
4;3882;19.4772769508246;0.0927734375;0.0076690673828125;100 mA
4;3883;19.4807669508158;0.090362548828125;0.007623291015625;100 mA
4;3884;19.484256950807;0.08795166015625;0.0076202392578125;100 mA
4;3885;19.4877469507982;0.085479736328125;0.0075836181640625;100 mA
4;3886;19.4912369507894;0.08306884765625;0.0075225830078125;100 mA
4;3887;19.4947269507805;0.080596923828125;0.00748291015625;100 mA
4;3888;19.4982169507717;0.078125;0.007470703125;100 mA
4;3889;19.5017069507629;0.07574462890625;0.007440185546875;100 mA
4;3890;19.5051969507541;0.073211669921875;0.0074127197265625;100 mA
4;3891;19.5086869507453;0.070770263671875;0.0073455810546875;100 mA
4;3892;19.5121769507365;0.068359375;0.0073089599609375;100 mA
4;3893;19.5156669507277;0.065948486328125;0.0072601318359375;100 mA
4;3894;19.5191569507189;0.063507080078125;0.0072509765625;100 mA
4;3895;19.5226469507101;0.061004638671875;0.0072174072265625;100 mA
4;3896;19.5261369507012;0.05859375;0.00716552734375;100 mA
4;3897;19.5296269506924;0.05615234375;0.007110595703125;100 mA
4;3898;19.5331169506836;0.053680419921875;0.0070648193359375;100 mA
4;3899;19.5366069506748;0.05120849609375;0.0070159912109375;100 mA
4;3900;19.540096950666;0.048797607421875;0.0070159912109375;100 mA
4;3901;19.5435869506572;0.046368408203125;0.0069610595703125;100 mA
4;3902;19.5470769506484;0.0439239501953125;0.0069000244140625;100 mA
4;3903;19.5505669506396;0.0414825439453125;0.0068634033203125;100 mA
4;3904;19.5540569506308;0.0390289306640625;0.006854248046875;100 mA
4;3905;19.5575469506219;0.0365966796875;0.006781005859375;100 mA
4;3906;19.5610369506131;0.034149169921875;0.00673828125;100 mA
4;3907;19.5645269506043;0.0317138671875;0.00667724609375;100 mA
4;3908;19.5680169505955;0.0292724609375;0.00665283203125;100 mA
4;3909;19.5715069505867;0.026837158203125;0.00660400390625;100 mA
4;3910;19.5749969505779;0.024359130859375;0.0065582275390625;100 mA
4;3911;19.5784869505691;0.0219512939453125;0.006512451171875;100 mA
4;3912;19.5819769505603;0.0194915771484375;0.0064483642578125;100 mA
4;3913;19.5854669505514;0.0170318603515625;0.0064361572265625;100 mA
4;3914;19.5889569505426;0.0145843505859375;0.0063568115234375;100 mA
4;3915;19.5924469505338;0.01214599609375;0.0063232421875;100 mA
4;3916;19.595936950525;0.0097320556640625;0.0062408447265625;100 mA
4;3917;19.5994269505162;0.00726928710937499;0.0061859130859375;100 mA
4;3918;19.6029169505074;0.00486145019531251;0.0061431884765625;100 mA
4;3919;19.6064069504986;0.00238952636718751;0.0061065673828125;100 mA
4;3920;19.6098969504898;-6.40869140624972E-05;0.0060272216796875;100 mA
4;3921;19.613386950481;-0.002490234375;0.005950927734375;100 mA
4;3922;19.6168769504721;-0.004962158203125;0.005908203125;100 mA
4;3923;19.6203669504633;-0.0073822021484375;0.0058746337890625;100 mA
4;3924;19.6238569504545;-0.0098388671875;0.0057952880859375;100 mA
4;3925;19.6273469504457;-0.012298583984375;0.0057342529296875;100 mA
4;3926;19.6308369504369;-0.014739990234375;0.0056488037109375;100 mA
4;3927;19.6343269504281;-0.017169189453125;0.005609130859375;100 mA
4;3928;19.6378169504193;-0.019610595703125;0.005535888671875;100 mA
4;3929;19.6413069504105;-0.0220428466796875;0.005499267578125;100 mA
4;3930;19.6447969504017;-0.0244964599609375;0.0053863525390625;100 mA
4;3931;19.6482869503928;-0.0269378662109375;0.0053192138671875;100 mA
4;3932;19.651776950384;-0.0293975830078125;0.0052825927734375;100 mA
4;3933;19.6552669503752;-0.0318267822265625;0.0051666259765625;100 mA
4;3934;19.6587569503664;-0.0343109130859375;0.0051116943359375;100 mA
4;3935;19.6622469503576;-0.0367218017578125;0.0050048828125;100 mA
4;3936;19.6657369503488;-0.0391693115234375;0.00493804931640625;100 mA
4;3937;19.66922695034;-0.04158935546875;0.0048529052734375;100 mA
4;3938;19.6727169503312;-0.0440460205078125;0.00476318359375;100 mA
4;3939;19.6762069503224;-0.0464813232421875;0.0046697998046875;100 mA
4;3940;19.6796969503135;-0.0489410400390625;0.00455657958984375;100 mA
4;3941;19.6831869503047;-0.0513916015625;0.00446533203125;100 mA
4;3942;19.6866769502959;-0.053802490234375;0.00437835693359375;100 mA
4;3943;19.6901669502871;-0.0562744140625;0.00427215576171875;100 mA
4;3944;19.6936569502783;-0.058685302734375;0.0041766357421875;100 mA
4;3945;19.6971469502695;-0.0611572265625;0.0040533447265625;100 mA
4;3946;19.7006369502607;-0.063629150390625;0.0039556884765625;100 mA
4;3947;19.7041269502519;-0.0660400390625;0.0038763427734375;100 mA
4;3948;19.7076169502431;-0.0684814453125;0.00373931884765625;100 mA
4;3949;19.7111069502342;-0.0709228515625;0.0036126708984375;100 mA
4;3950;19.7145969502254;-0.07342529296875;0.0034735107421875;100 mA
4;3951;19.7180869502166;-0.0758056640625;0.0033489990234375;100 mA
4;3952;19.7215769502078;-0.078216552734375;0.00320770263671875;100 mA
4;3953;19.725066950199;-0.080718994140625;0.00309814453125;100 mA
4;3954;19.7285569501902;-0.083160400390625;0.00295135498046875;100 mA
4;3955;19.7320469501814;-0.0855712890625;0.0027606201171875;100 mA
4;3956;19.7355369501726;-0.088043212890625;0.0026580810546875;100 mA
4;3957;19.7390269501637;-0.090484619140625;0.0024639892578125;100 mA
4;3958;19.7425169501549;-0.09295654296875;0.00234039306640625;100 mA
4;3959;19.7460069501461;-0.09539794921875;0.00215545654296875;100 mA
4;3960;19.7494969501373;-0.097808837890625;0.00199920654296875;100 mA
4;3961;19.7529869501285;-0.100250244140625;0.00181640625;100 mA
4;3962;19.7564769501197;-0.10272216796875;0.00164825439453125;100 mA
4;3963;19.7599669501109;-0.1051025390625;0.0014227294921875;100 mA
4;3964;19.7634569501021;-0.10760498046875;0.00122650146484375;100 mA
4;3965;19.7669469500933;-0.1099853515625;0.00100738525390625;100 mA
4;3966;19.7704369500844;-0.112457275390625;0.00083770751953125;100 mA
4;3967;19.7739269500756;-0.114898681640625;0.00058868408203125;100 mA
4;3968;19.7774169500668;-0.117340087890625;0.000351562499999999;100 mA
4;3969;19.780906950058;-0.1197509765625;0.0001544189453125;100 mA
4;3970;19.7843969500492;-0.122222900390625;-8.88061523437497E-05;100 mA
4;3971;19.7878869500404;-0.124664306640625;-0.00033721923828125;100 mA
4;3972;19.7913769500316;-0.127166748046875;-0.00059173583984375;100 mA
4;3973;19.7948669500228;-0.12957763671875;-0.0008740234375;100 mA
4;3974;19.798356950014;-0.131927490234375;-0.00117889404296875;100 mA
4;3975;19.8018469500051;-0.134490966796875;-0.00141754150390625;100 mA
4;3976;19.8053369499963;-0.13690185546875;-0.00170867919921875;100 mA
4;3977;19.8088269499875;-0.13934326171875;-0.0020513916015625;100 mA
4;3978;19.8123169499787;-0.141754150390625;-0.0023773193359375;100 mA
4;3979;19.8158069499699;-0.144256591796875;-0.00269989013671875;100 mA
4;3980;19.8192969499611;-0.146697998046875;-0.0030291748046875;100 mA
4;3981;19.8227869499523;-0.14910888671875;-0.0033807373046875;100 mA
4;3982;19.8262769499435;-0.151580810546875;-0.0037396240234375;100 mA
4;3983;19.8297669499347;-0.153961181640625;-0.0041302490234375;100 mA
4;3984;19.8332569499258;-0.156402587890625;-0.00454742431640625;100 mA
4;3985;19.836746949917;-0.15887451171875;-0.00490875244140625;100 mA
4;3986;19.8402369499082;-0.161285400390625;-0.00531005859375;100 mA
4;3987;19.8437269498994;-0.163818359375;-0.00579833984375;100 mA
4;3988;19.8472169498906;-0.166229248046875;-0.0062591552734375;100 mA
4;3989;19.8507069498818;-0.168670654296875;-0.00667724609375;100 mA
4;3990;19.854196949873;-0.17108154296875;-0.0071533203125;100 mA
4;3991;19.8576869498642;-0.173553466796875;-0.00760498046875;100 mA
4;3992;19.8611769498553;-0.175994873046875;-0.0081298828125;100 mA
4;3993;19.8646669498465;-0.17840576171875;-0.0087066650390625;100 mA
4;3994;19.8681569498377;-0.18084716796875;-0.009197998046875;100 mA
4;3995;19.8716469498289;-0.183319091796875;-0.0097320556640625;100 mA
4;3996;19.8751369498201;-0.185791015625;-0.010302734375;100 mA
4;3997;19.8786269498113;-0.18817138671875;-0.01094970703125;100 mA
4;3998;19.8821169498025;-0.190673828125;-0.011578369140625;100 mA
4;3999;19.8856069497937;-0.193084716796875;-0.012152099609375;100 mA
4;4000;19.8890969497849;-0.195587158203125;-0.0128021240234375;100 mA
4;4001;19.892586949776;-0.197998046875;-0.0134674072265625;100 mA
4;4002;19.8960769497672;-0.200439453125;-0.0142578125;100 mA
4;4003;19.8995669497584;-0.202850341796875;-0.0149444580078125;100 mA
4;4004;19.9030569497496;-0.205322265625;-0.015606689453125;100 mA
4;4005;19.9065469497408;-0.207763671875;-0.0164215087890625;100 mA
4;4006;19.910036949732;-0.21014404296875;-0.0171844482421875;100 mA
4;4007;19.9135269497232;-0.212646484375;-0.017938232421875;100 mA
4;4008;19.9170169497144;-0.215087890625;-0.0188201904296875;100 mA
4;4009;19.9205069497056;-0.217559814453125;-0.0194915771484375;100 mA
4;4010;19.9239969496967;-0.21990966796875;-0.0204132080078125;100 mA
4;4011;19.9274869496879;-0.222381591796875;-0.021368408203125;100 mA
4;4012;19.9309769496791;-0.224822998046875;-0.0222412109375;100 mA
4;4013;19.9344669496703;-0.227294921875;-0.023028564453125;100 mA
4;4014;19.9379569496615;-0.229705810546875;-0.024005126953125;100 mA
4;4015;19.9414469496527;-0.232147216796875;-0.0249298095703125;100 mA
4;4016;19.9449369496439;-0.234527587890625;-0.0259735107421875;100 mA
4;4017;19.9484269496351;-0.237030029296875;-0.02698974609375;100 mA
4;4018;19.9519169496263;-0.239471435546875;-0.0279632568359375;100 mA
4;4019;19.9554069496174;-0.241943359375;-0.0289581298828125;100 mA
4;4020;19.9588969496086;-0.244354248046875;-0.02991943359375;100 mA
4;4021;19.9623869495998;-0.246795654296875;-0.031109619140625;100 mA
4;4022;19.965876949591;-0.249237060546875;-0.032257080078125;100 mA
4;4023;19.9693669495822;-0.251678466796875;-0.0332122802734375;100 mA
4;4024;19.9728569495734;-0.25408935546875;-0.0343231201171875;100 mA
4;4025;19.9763469495646;-0.256591796875;-0.0354034423828125;100 mA
4;4026;19.9798369495558;-0.258941650390625;-0.03662109375;100 mA
4;4027;19.9833269495469;-0.261474609375;-0.03775634765625;100 mA
4;4028;19.9868169495381;-0.263916015625;-0.0387939453125;100 mA
4;4029;19.9903069495293;-0.266357421875;-0.0399749755859375;100 mA
4;4030;19.9937969495205;-0.268829345703125;-0.04117431640625;100 mA
4;4031;19.9972869495117;-0.271240234375;-0.0423492431640625;100 mA
4;4032;20.0007769495029;-0.27362060546875;-0.0434967041015625;100 mA
4;4033;20.0042669494941;-0.276153564453125;-0.044580078125;100 mA
4;4034;20.0077569494853;-0.278594970703125;-0.045697021484375;100 mA
4;4035;20.0112469494765;-0.281036376953125;-0.0468902587890625;100 mA
4;4036;20.0147369494676;-0.283447265625;-0.048101806640625;100 mA
4;4037;20.0182269494588;-0.285858154296875;-0.049261474609375;100 mA
4;4038;20.02171694945;-0.288330078125;-0.050323486328125;100 mA
4;4039;20.0252069494412;-0.290802001953125;-0.051422119140625;100 mA
4;4040;20.0286969494324;-0.293212890625;-0.05267333984375;100 mA
4;4041;20.0321869494236;-0.295654296875;-0.05377197265625;100 mA
4;4042;20.0356769494148;-0.298095703125;-0.05487060546875;100 mA
4;4043;20.039166949406;-0.30059814453125;-0.055908203125;100 mA
4;4044;20.0426569493972;-0.302947998046875;-0.05694580078125;100 mA
4;4045;20.0461469493883;-0.305419921875;-0.058074951171875;100 mA
4;4046;20.0496369493795;-0.307891845703125;-0.059051513671875;100 mA
4;4047;20.0531269493707;-0.310333251953125;-0.060028076171875;100 mA
4;4048;20.0566169493619;-0.31280517578125;-0.06097412109375;100 mA
4;4049;20.0601069493531;-0.315185546875;-0.061981201171875;100 mA
4;4050;20.0635969493443;-0.317626953125;-0.0628662109375;100 mA
4;4051;20.0670869493355;-0.320098876953125;-0.063812255859375;100 mA
4;4052;20.0705769493267;-0.32257080078125;-0.0645751953125;100 mA
4;4053;20.0740669493179;-0.32501220703125;-0.065338134765625;100 mA
4;4054;20.077556949309;-0.32745361328125;-0.066192626953125;100 mA
4;4055;20.0810469493002;-0.329864501953125;-0.066986083984375;100 mA
4;4056;20.0845369492914;-0.33233642578125;-0.067657470703125;100 mA
4;4057;20.0880269492826;-0.33477783203125;-0.06829833984375;100 mA
4;4058;20.0915169492738;-0.33721923828125;-0.06884765625;100 mA
4;4059;20.095006949265;-0.339599609375;-0.069580078125;100 mA
4;4060;20.0984969492562;-0.342071533203125;-0.0701904296875;100 mA
4;4061;20.1019869492474;-0.344451904296875;-0.070709228515625;100 mA
4;4062;20.1054769492386;-0.347015380859375;-0.071075439453125;100 mA
4;4063;20.1089669492297;-0.349395751953125;-0.071563720703125;100 mA
4;4064;20.1124569492209;-0.351806640625;-0.072174072265625;100 mA
4;4065;20.1159469492121;-0.354248046875;-0.072509765625;100 mA
4;4066;20.1194369492033;-0.35675048828125;-0.07281494140625;100 mA
4;4067;20.1229269491945;-0.3592529296875;-0.0731201171875;100 mA
4;4068;20.1264169491857;-0.361602783203125;-0.07342529296875;100 mA
4;4069;20.1299069491769;-0.364105224609375;-0.07373046875;100 mA
4;4070;20.1333969491681;-0.366485595703125;-0.073974609375;100 mA
4;4071;20.1368869491592;-0.368927001953125;-0.07403564453125;100 mA
4;4072;20.1403769491504;-0.37139892578125;-0.074188232421875;100 mA
4;4073;20.1438669491416;-0.37384033203125;-0.07440185546875;100 mA
4;4074;20.1473569491328;-0.37628173828125;-0.074493408203125;100 mA
4;4075;20.150846949124;-0.378692626953125;-0.074554443359375;100 mA
4;4076;20.1543369491152;-0.38116455078125;-0.07452392578125;100 mA
4;4077;20.1578269491064;-0.38360595703125;-0.074493408203125;100 mA
4;4078;20.1613169490976;-0.38604736328125;-0.074462890625;100 mA
4;4079;20.1648069490888;-0.38848876953125;-0.074432373046875;100 mA
4;4080;20.1682969490799;-0.390869140625;-0.07440185546875;100 mA
4;4081;20.1717869490711;-0.393341064453125;-0.074249267578125;100 mA
4;4082;20.1752769490623;-0.395843505859375;-0.0740966796875;100 mA
4;4083;20.1787669490535;-0.398284912109375;-0.073944091796875;100 mA
4;4084;20.1822569490447;-0.4007568359375;-0.07379150390625;100 mA
4;4085;20.1857469490359;-0.40313720703125;-0.07354736328125;100 mA
4;4086;20.1892369490271;-0.40557861328125;-0.0733642578125;100 mA
4;4087;20.1927269490183;-0.408050537109375;-0.073150634765625;100 mA
4;4088;20.1962169490095;-0.410430908203125;-0.07293701171875;100 mA
4;4089;20.1997069490006;-0.412933349609375;-0.0726318359375;100 mA
4;4090;20.2031969489918;-0.415374755859375;-0.072265625;100 mA
4;4091;20.206686948983;-0.4178466796875;-0.071990966796875;100 mA
4;4092;20.2101769489742;-0.42022705078125;-0.071746826171875;100 mA
4;4093;20.2136669489654;-0.422698974609375;-0.0714111328125;100 mA
4;4094;20.2171569489566;-0.4251708984375;-0.071075439453125;100 mA
4;4095;20.2206469489478;-0.427520751953125;-0.070709228515625;100 mA
4;4096;20.224136948939;-0.4300537109375;-0.070343017578125;100 mA
4;4097;20.2276269489302;-0.4324951171875;-0.07000732421875;100 mA
4;4098;20.2311169489213;-0.434967041015625;-0.069610595703125;100 mA
4;4099;20.2346069489125;-0.43731689453125;-0.069183349609375;100 mA
4;4100;20.2380969489037;-0.439788818359375;-0.068878173828125;100 mA
4;4101;20.2415869488949;-0.4422607421875;-0.068450927734375;100 mA
4;4102;20.2450769488861;-0.44464111328125;-0.068084716796875;100 mA
4;4103;20.2485669488773;-0.44720458984375;-0.067718505859375;100 mA
4;4104;20.2520569488685;-0.449615478515625;-0.0672607421875;100 mA
4;4105;20.2555469488597;-0.452056884765625;-0.06683349609375;100 mA
4;4106;20.2590369488508;-0.454498291015625;-0.06640625;100 mA
4;4107;20.262526948842;-0.456939697265625;-0.066009521484375;100 mA
4;4108;20.2660169488332;-0.4593505859375;-0.065643310546875;100 mA
4;4109;20.2695069488244;-0.461822509765625;-0.065216064453125;100 mA
4;4110;20.2729969488156;-0.4642333984375;-0.06475830078125;100 mA
4;4111;20.2764869488068;-0.466644287109375;-0.064361572265625;100 mA
4;4112;20.279976948798;-0.469146728515625;-0.06396484375;100 mA
4;4113;20.2834669487892;-0.47161865234375;-0.063568115234375;100 mA
4;4114;20.2869569487804;-0.474029541015625;-0.063079833984375;100 mA
4;4115;20.2904469487715;-0.476531982421875;-0.06268310546875;100 mA
4;4116;20.2939369487627;-0.4788818359375;-0.062286376953125;100 mA
4;4117;20.2974269487539;-0.481414794921875;-0.0618896484375;100 mA
4;4118;20.3009169487451;-0.48382568359375;-0.06146240234375;100 mA
4;4119;20.3044069487363;-0.486297607421875;-0.06103515625;100 mA
4;4120;20.3078969487275;-0.488739013671875;-0.060638427734375;100 mA
4;4121;20.3113869487187;-0.4910888671875;-0.060272216796875;100 mA
4;4122;20.3148769487099;-0.493560791015625;-0.05987548828125;100 mA
4;4123;20.3183669487011;-0.4959716796875;-0.059417724609375;100 mA
4;4124;20.3218569486922;-0.498443603515625;-0.0589599609375;100 mA
4;4125;20.3253469486834;-0.500946044921875;-0.058624267578125;100 mA
4;4126;20.3288369486746;-0.50335693359375;-0.05828857421875;100 mA
4;4127;20.3323269486658;-0.505767822265625;-0.057891845703125;100 mA
4;4128;20.335816948657;-0.508270263671875;-0.0574951171875;100 mA
4;4129;20.3393069486482;-0.510711669921875;-0.057098388671875;100 mA
4;4130;20.3427969486394;-0.51318359375;-0.056671142578125;100 mA
4;4131;20.3462869486306;-0.515594482421875;-0.056304931640625;100 mA
4;4132;20.3497769486218;-0.517974853515625;-0.055999755859375;100 mA
4;4133;20.3532669486129;-0.520477294921875;-0.05560302734375;100 mA
4;4134;20.3567569486041;-0.522918701171875;-0.055267333984375;100 mA
4;4135;20.3602469485953;-0.525390625;-0.054931640625;100 mA
4;4136;20.3637369485865;-0.52783203125;-0.054534912109375;100 mA
4;4137;20.3672269485777;-0.53021240234375;-0.054229736328125;100 mA
4;4138;20.3707169485689;-0.532623291015625;-0.053863525390625;100 mA
4;4139;20.3742069485601;-0.53509521484375;-0.053497314453125;100 mA
4;4140;20.3776969485513;-0.537567138671875;-0.05316162109375;100 mA
4;4141;20.3811869485424;-0.540069580078125;-0.052886962890625;100 mA
4;4142;20.3846769485336;-0.54241943359375;-0.052520751953125;100 mA
4;4143;20.3881669485248;-0.544921875;-0.05218505859375;100 mA
4;4144;20.391656948516;-0.547271728515625;-0.0518798828125;100 mA
4;4145;20.3951469485072;-0.5498046875;-0.051544189453125;100 mA
4;4146;20.3986369484984;-0.552215576171875;-0.05120849609375;100 mA
4;4147;20.4021269484896;-0.554718017578125;-0.05096435546875;100 mA
4;4148;20.4056169484808;-0.557098388671875;-0.0506591796875;100 mA
4;4149;20.409106948472;-0.5595703125;-0.05035400390625;100 mA
4;4150;20.4125969484631;-0.562042236328125;-0.050079345703125;100 mA
4;4151;20.4160869484543;-0.564453125;-0.0497406005859375;100 mA
4;4152;20.4195769484455;-0.566864013671875;-0.049456787109375;100 mA
4;4153;20.4230669484367;-0.5693359375;-0.0491912841796875;100 mA
4;4154;20.4265569484279;-0.57177734375;-0.0489013671875;100 mA
4;4155;20.4300469484191;-0.574127197265625;-0.04859619140625;100 mA
4;4156;20.4335369484103;-0.57672119140625;-0.04835205078125;100 mA
4;4157;20.4370269484015;-0.5791015625;-0.048065185546875;100 mA
4;4158;20.4405169483927;-0.581512451171875;-0.0477813720703125;100 mA
4;4159;20.4440069483838;-0.583984375;-0.0475799560546875;100 mA
4;4160;20.447496948375;-0.586456298828125;-0.0472808837890625;100 mA
4;4161;20.4509869483662;-0.588958740234375;-0.047076416015625;100 mA
4;4162;20.4544769483574;-0.59130859375;-0.046820068359375;100 mA
4;4163;20.4579669483486;-0.593719482421875;-0.0465545654296875;100 mA
4;4164;20.4614569483398;-0.59619140625;-0.0463287353515625;100 mA
4;4165;20.464946948331;-0.598663330078125;-0.0461151123046875;100 mA
4;4166;20.4684369483222;-0.60113525390625;-0.045855712890625;100 mA
4;4167;20.4719269483134;-0.603485107421875;-0.045623779296875;100 mA
4;4168;20.4754169483045;-0.605987548828125;-0.0453704833984375;100 mA
4;4169;20.4789069482957;-0.60845947265625;-0.045147705078125;100 mA
4;4170;20.4823969482869;-0.61090087890625;-0.04493408203125;100 mA
4;4171;20.4858869482781;-0.61328125;-0.0447509765625;100 mA
4;4172;20.4893769482693;-0.615753173828125;-0.0445648193359375;100 mA
4;4173;20.4928669482605;-0.618133544921875;-0.04429931640625;100 mA
4;4174;20.4963569482517;-0.620635986328125;-0.044091796875;100 mA
4;4175;20.4998469482429;-0.623138427734375;-0.0438995361328125;100 mA
4;4176;20.5033369482341;-0.625518798828125;-0.0436492919921875;100 mA
4;4177;20.5068269482252;-0.627960205078125;-0.0434661865234375;100 mA
4;4178;20.5103169482164;-0.630401611328125;-0.0432952880859375;100 mA
4;4179;20.5138069482076;-0.632781982421875;-0.04312744140625;100 mA
4;4180;20.5172969481988;-0.63531494140625;-0.0428802490234375;100 mA
4;4181;20.52078694819;-0.63775634765625;-0.042681884765625;100 mA
4;4182;20.5242769481812;-0.64013671875;-0.0425567626953125;100 mA
4;4183;20.5277669481724;-0.642608642578125;-0.042333984375;100 mA
4;4184;20.5312569481636;-0.645050048828125;-0.042144775390625;100 mA
4;4185;20.5347469481547;-0.647491455078125;-0.042041015625;100 mA
4;4186;20.5382369481459;-0.649993896484375;-0.0418548583984375;100 mA
4;4187;20.5417269481371;-0.652374267578125;-0.0416717529296875;100 mA
4;4188;20.5452169481283;-0.654876708984375;-0.04146728515625;100 mA
4;4189;20.5487069481195;-0.657318115234375;-0.0413330078125;100 mA
4;4190;20.5521969481107;-0.659698486328125;-0.0411468505859375;100 mA
4;4191;20.5556869481019;-0.662139892578125;-0.0409912109375;100 mA
4;4192;20.5591769480931;-0.66461181640625;-0.040802001953125;100 mA
4;4193;20.5626669480843;-0.667022705078125;-0.0406829833984375;100 mA
4;4194;20.5661569480754;-0.66949462890625;-0.040496826171875;100 mA
4;4195;20.5696469480666;-0.671905517578125;-0.04034423828125;100 mA
4;4196;20.5731369480578;-0.674407958984375;-0.0402008056640625;100 mA
4;4197;20.576626948049;-0.676849365234375;-0.0400634765625;100 mA
4;4198;20.5801169480402;-0.6793212890625;-0.0399078369140625;100 mA
4;4199;20.5836069480314;-0.681732177734375;-0.0397735595703125;100 mA
4;4200;20.5870969480226;-0.68414306640625;-0.0395751953125;100 mA
4;4201;20.5905869480138;-0.686614990234375;-0.0394927978515625;100 mA
4;4202;20.594076948005;-0.6890869140625;-0.039361572265625;100 mA
4;4203;20.5975669479961;-0.691497802734375;-0.0392059326171875;100 mA
4;4204;20.6010569479873;-0.69390869140625;-0.03909912109375;100 mA
4;4205;20.6045469479785;-0.696441650390625;-0.0389373779296875;100 mA
4;4206;20.6080369479697;-0.698822021484375;-0.0387939453125;100 mA
4;4207;20.6115269479609;-0.701263427734375;-0.0387359619140625;100 mA
4;4208;20.6150169479521;-0.703643798828125;-0.03857421875;100 mA
4;4209;20.6185069479433;-0.706146240234375;-0.0384063720703125;100 mA
4;4210;20.6219969479345;-0.70855712890625;-0.038330078125;100 mA
4;4211;20.6254869479257;-0.711029052734375;-0.03822021484375;100 mA
4;4212;20.6289769479168;-0.713470458984375;-0.0380889892578125;100 mA
4;4213;20.632466947908;-0.71588134765625;-0.0379791259765625;100 mA
4;4214;20.6359569478992;-0.718414306640625;-0.037896728515625;100 mA
4;4215;20.6394469478904;-0.720855712890625;-0.0377105712890625;100 mA
4;4216;20.6429369478816;-0.723236083984375;-0.0376617431640625;100 mA
4;4217;20.6464269478728;-0.725738525390625;-0.03751220703125;100 mA
4;4218;20.649916947864;-0.728118896484375;-0.037445068359375;100 mA
4;4219;20.6534069478552;-0.73052978515625;-0.0372894287109375;100 mA
4;4220;20.6568969478463;-0.733001708984375;-0.0372650146484375;100 mA
4;4221;20.6603869478375;-0.73541259765625;-0.03719482421875;100 mA
4;4222;20.6638769478287;-0.7379150390625;-0.0370269775390625;100 mA
4;4223;20.6673669478199;-0.740325927734375;-0.036932373046875;100 mA
4;4224;20.6708569478111;-0.7427978515625;-0.036865234375;100 mA
4;4225;20.6743469478023;-0.7452392578125;-0.0367645263671875;100 mA
4;4226;20.6778369477935;-0.747650146484375;-0.036676025390625;100 mA
4;4227;20.6813269477847;-0.750152587890625;-0.0365631103515625;100 mA
4;4228;20.6848169477759;-0.75286865234375;-0.0365020751953125;100 mA
4;4229;20.688306947767;-0.755615234375;-0.0364044189453125;100 mA
4;4230;20.6917969477582;-0.758056640625;-0.036285400390625;100 mA
4;4231;20.6952869477494;-0.7598876953125;-0.0362457275390625;100 mA
4;4232;20.6987769477406;-0.7623291015625;-0.036187744140625;100 mA
4;4233;20.7022669477318;-0.76446533203125;-0.0360443115234375;100 mA
4;4234;20.705756947723;-0.767822265625;-0.0359771728515625;100 mA
4;4235;20.7092469477142;-0.76995849609375;-0.03597412109375;100 mA
4;4236;20.7127369477054;-0.77239990234375;-0.03583984375;100 mA
4;4237;20.7162269476966;-0.77484130859375;-0.0357818603515625;100 mA
4;4238;20.7197169476877;-0.7769775390625;-0.0357086181640625;100 mA
4;4239;20.7232069476789;-0.77972412109375;-0.0355926513671875;100 mA
4;4240;20.7266969476701;-0.7818603515625;-0.0355804443359375;100 mA
4;4241;20.7301869476613;-0.78460693359375;-0.0355010986328125;100 mA
4;4242;20.7336769476525;-0.78704833984375;-0.035418701171875;100 mA
4;4243;20.7371669476437;-0.78948974609375;-0.0353240966796875;100 mA
4;4244;20.7406569476349;-0.7916259765625;-0.0352935791015625;100 mA
4;4245;20.7441469476261;-0.79376220703125;-0.035247802734375;100 mA
4;4246;20.7476369476173;-0.7965087890625;-0.035174560546875;100 mA
4;4247;20.7511269476084;-0.79864501953125;-0.03515625;100 mA
4;4248;20.7546169475996;-0.802001953125;-0.0350250244140625;100 mA
4;4249;20.7581069475908;-0.80352783203125;-0.034954833984375;100 mA
4;4250;20.761596947582;-0.80596923828125;-0.034930419921875;100 mA
4;4251;20.7650869475732;-0.80902099609375;-0.034869384765625;100 mA
4;4252;20.7685769475644;-0.81146240234375;-0.034820556640625;100 mA
4;4253;20.7720669475556;-0.81390380859375;-0.034759521484375;100 mA
4;4254;20.7755569475468;-0.81634521484375;-0.03466796875;100 mA
4;4255;20.7790469475379;-0.8184814453125;-0.0346527099609375;100 mA
4;4256;20.7825369475291;-0.82122802734375;-0.0345977783203125;100 mA
4;4257;20.7860269475203;-0.8233642578125;-0.034515380859375;100 mA
4;4258;20.7895169475115;-0.8258056640625;-0.0344390869140625;100 mA
4;4259;20.7930069475027;-0.8282470703125;-0.034405517578125;100 mA
4;4260;20.7964969474939;-0.83099365234375;-0.034375;100 mA
4;4261;20.7999869474851;-0.83343505859375;-0.0343353271484375;100 mA
4;4262;20.8034769474763;-0.8355712890625;-0.03428955078125;100 mA
4;4263;20.8069669474675;-0.83831787109375;-0.03419189453125;100 mA
4;4264;20.8104569474586;-0.841064453125;-0.034161376953125;100 mA
4;4265;20.8139469474498;-0.8428955078125;-0.0340911865234375;100 mA
4;4266;20.817436947441;-0.845947265625;-0.03399658203125;100 mA
4;4267;20.8209269474322;-0.84808349609375;-0.0339599609375;100 mA
4;4268;20.8244169474234;-0.85052490234375;-0.0339019775390625;100 mA
4;4269;20.8279069474146;-0.85235595703125;-0.0338897705078125;100 mA
4;4270;20.8313969474058;-0.85540771484375;-0.033831787109375;100 mA
4;4271;20.834886947397;-0.858154296875;-0.0338134765625;100 mA
4;4272;20.8383769473882;-0.86029052734375;-0.0337005615234375;100 mA
4;4273;20.8418669473793;-0.86273193359375;-0.0336639404296875;100 mA
4;4274;20.8453569473705;-0.8642578125;-0.0336334228515625;100 mA
4;4275;20.8488469473617;-0.86761474609375;-0.0335784912109375;100 mA
4;4276;20.8523369473529;-0.86944580078125;-0.0334869384765625;100 mA
4;4277;20.8558269473441;-0.872802734375;-0.0334564208984375;100 mA
4;4278;20.8593169473353;-0.87432861328125;-0.0333587646484375;100 mA
4;4279;20.8628069473265;-0.877685546875;-0.03338623046875;100 mA
4;4280;20.8662969473177;-0.880126953125;-0.0333099365234375;100 mA
4;4281;20.8697869473089;-0.88165283203125;-0.0331878662109375;100 mA
4;4282;20.8732769473;-0.88470458984375;-0.0331634521484375;100 mA
4;4283;20.8767669472912;-0.88714599609375;-0.0331756591796875;100 mA
4;4284;20.8802569472824;-0.88958740234375;-0.033111572265625;100 mA
4;4285;20.8837469472736;-0.892333984375;-0.0329833984375;100 mA
4;4286;20.8872369472648;-0.89447021484375;-0.0329986572265625;100 mA
4;4287;20.890726947256;-0.89630126953125;-0.0329071044921875;100 mA
4;4288;20.8942169472472;-0.8990478515625;-0.0327972412109375;100 mA
4;4289;20.8977069472384;-0.90179443359375;-0.0327789306640625;100 mA
4;4290;20.9011969472296;-0.90423583984375;-0.03272705078125;100 mA
4;4291;20.9046869472207;-0.906982421875;-0.032659912109375;100 mA
4;4292;20.9081769472119;-0.909423828125;-0.0326171875;100 mA
4;4293;20.9116669472031;-0.91156005859375;-0.0326019287109375;100 mA
4;4294;20.9151569471943;-0.91461181640625;-0.0325469970703125;100 mA
4;4295;20.9186469471855;-0.916748046875;-0.03245849609375;100 mA
4;4296;20.9221369471767;-0.9185791015625;-0.03245849609375;100 mA
4;4297;20.9256269471679;-0.92132568359375;-0.032379150390625;100 mA
4;4298;20.9291169471591;-0.92376708984375;-0.0323455810546875;100 mA
4;4299;20.9326069471502;-0.92681884765625;-0.0322784423828125;100 mA
4;4300;20.9360969471414;-0.92864990234375;-0.0322174072265625;100 mA
4;4301;20.9395869471326;-0.93109130859375;-0.0322296142578125;100 mA
4;4302;20.9430769471238;-0.9332275390625;-0.0321502685546875;100 mA
4;4303;20.946566947115;-0.93597412109375;-0.0321014404296875;100 mA
4;4304;20.9500569471062;-0.9381103515625;-0.0320709228515625;100 mA
4;4305;20.9535469470974;-0.9405517578125;-0.031982421875;100 mA
4;4306;20.9570369470886;-0.94329833984375;-0.0319244384765625;100 mA
4;4307;20.9605269470798;-0.94573974609375;-0.03193359375;100 mA
4;4308;20.9640169470709;-0.9478759765625;-0.0318389892578125;100 mA
4;4309;20.9675069470621;-0.95062255859375;-0.0318328857421875;100 mA
4;4310;20.9709969470533;-0.95306396484375;-0.031695556640625;100 mA
4;4311;20.9744869470445;-0.95550537109375;-0.03167724609375;100 mA
4;4312;20.9779769470357;-0.95794677734375;-0.0317169189453125;100 mA
4;4313;20.9814669470269;-0.960693359375;-0.031658935546875;100 mA
4;4314;20.9849569470181;-0.96282958984375;-0.0316436767578125;100 mA
4;4315;20.9884469470093;-0.96527099609375;-0.031585693359375;100 mA
4;4316;20.9919369470005;-0.96771240234375;-0.03153076171875;100 mA
4;4317;20.9954269469916;-0.970458984375;-0.0314971923828125;100 mA
4;4318;20.9989169469828;-0.97198486328125;-0.0314971923828125;100 mA
4;4319;21.002406946974;-0.975341796875;-0.031365966796875;100 mA
4;4320;21.0058969469652;-0.97747802734375;-0.0314056396484375;100 mA
4;4321;21.0093869469564;-0.97991943359375;-0.031414794921875;100 mA
4;4322;21.0128769469476;-0.98236083984375;-0.031396484375;100 mA
4;4323;21.0163669469388;-0.9844970703125;-0.0313812255859375;100 mA
4;4324;21.01985694693;-0.98785400390625;-0.03126220703125;100 mA
4;4325;21.0233469469212;-0.98968505859375;-0.0312103271484375;100 mA
4;4326;21.0268369469123;-0.99212646484375;-0.0312713623046875;100 mA
4;4327;21.0303269469035;-0.99456787109375;-0.03125;100 mA
4;4328;21.0338169468947;-0.9967041015625;-0.031085205078125;100 mA
4;4329;21.0373069468859;-0.999755859375;-0.03115234375;100 mA
4;4330;21.0407969468771;-1.00006103515625;-0.0272247314453125;100 mA
4;4331;21.0442869468683;-0.997314453125;-0.0262420654296875;100 mA
4;4332;21.0477769468595;-0.99517822265625;-0.02569580078125;100 mA
4;4333;21.0512669468507;-0.99273681640625;-0.0252227783203125;100 mA
4;4334;21.0547569468418;-0.989990234375;-0.0249114990234375;100 mA
4;4335;21.058246946833;-0.987548828125;-0.0246612548828125;100 mA
4;4336;21.0617369468242;-0.985107421875;-0.0243988037109375;100 mA
4;4337;21.0652269468154;-0.9832763671875;-0.0242095947265625;100 mA
4;4338;21.0687169468066;-0.980224609375;-0.0239776611328125;100 mA
4;4339;21.0722069467978;-0.9771728515625;-0.0238128662109375;100 mA
4;4340;21.075696946789;-0.97503662109375;-0.0236236572265625;100 mA
4;4341;21.0791869467802;-0.972900390625;-0.0235321044921875;100 mA
4;4342;21.0826769467714;-0.97015380859375;-0.0233795166015625;100 mA
4;4343;21.0861669467625;-0.968017578125;-0.023199462890625;100 mA
4;4344;21.0896569467537;-0.96527099609375;-0.0230712890625;100 mA
4;4345;21.0931469467449;-0.96343994140625;-0.0230072021484375;100 mA
4;4346;21.0966369467361;-0.96038818359375;-0.0229034423828125;100 mA
4;4347;21.1001269467273;-0.95794677734375;-0.0227874755859375;100 mA
4;4348;21.1036169467185;-0.955810546875;-0.022705078125;100 mA
4;4349;21.1071069467097;-0.95306396484375;-0.0226348876953125;100 mA
4;4350;21.1105969467009;-0.950927734375;-0.0225433349609375;100 mA
4;4351;21.1140869466921;-0.94818115234375;-0.0224578857421875;100 mA
4;4352;21.1175769466832;-0.94573974609375;-0.0223876953125;100 mA
4;4353;21.1210669466744;-0.94390869140625;-0.0222930908203125;100 mA
4;4354;21.1245569466656;-0.9405517578125;-0.022186279296875;100 mA
4;4355;21.1280469466568;-0.93841552734375;-0.0221435546875;100 mA
4;4356;21.131536946648;-0.93658447265625;-0.0220672607421875;100 mA
4;4357;21.1350269466392;-0.933837890625;-0.0219970703125;100 mA
4;4358;21.1385169466304;-0.931396484375;-0.021954345703125;100 mA
4;4359;21.1420069466216;-0.928955078125;-0.0218963623046875;100 mA
4;4360;21.1454969466128;-0.92620849609375;-0.021795654296875;100 mA
4;4361;21.1489869466039;-0.924072265625;-0.0217620849609375;100 mA
4;4362;21.1524769465951;-0.9210205078125;-0.021728515625;100 mA
4;4363;21.1559669465863;-0.919189453125;-0.0216094970703125;100 mA
4;4364;21.1594569465775;-0.916748046875;-0.0215545654296875;100 mA
4;4365;21.1629469465687;-0.914306640625;-0.0214813232421875;100 mA
4;4366;21.1664369465599;-0.911865234375;-0.0214508056640625;100 mA
4;4367;21.1699269465511;-0.90911865234375;-0.0213470458984375;100 mA
4;4368;21.1734169465423;-0.90667724609375;-0.02130126953125;100 mA
4;4369;21.1769069465334;-0.904541015625;-0.02127685546875;100 mA
4;4370;21.1803969465246;-0.90240478515625;-0.021234130859375;100 mA
4;4371;21.1838869465158;-0.899658203125;-0.0211883544921875;100 mA
4;4372;21.187376946507;-0.89691162109375;-0.021173095703125;100 mA
4;4373;21.1908669464982;-0.89447021484375;-0.0210357666015625;100 mA
4;4374;21.1943569464894;-0.8917236328125;-0.0210235595703125;100 mA
4;4375;21.1978469464806;-0.889892578125;-0.0209686279296875;100 mA
4;4376;21.2013369464718;-0.88653564453125;-0.02088623046875;100 mA
4;4377;21.204826946463;-0.88470458984375;-0.0208282470703125;100 mA
4;4378;21.2083169464541;-0.88226318359375;-0.0207916259765625;100 mA
4;4379;21.2118069464453;-0.8795166015625;-0.0207550048828125;100 mA
4;4380;21.2152969464365;-0.87738037109375;-0.0207611083984375;100 mA
4;4381;21.2187869464277;-0.8746337890625;-0.020648193359375;100 mA
4;4382;21.2222769464189;-0.87249755859375;-0.0206024169921875;100 mA
4;4383;21.2257669464101;-0.870361328125;-0.020599365234375;100 mA
4;4384;21.2292569464013;-0.8673095703125;-0.0205047607421875;100 mA
4;4385;21.2327469463925;-0.86517333984375;-0.0204864501953125;100 mA
4;4386;21.2362369463837;-0.86273193359375;-0.020452880859375;100 mA
4;4387;21.2397269463748;-0.86029052734375;-0.0204010009765625;100 mA
4;4388;21.243216946366;-0.8575439453125;-0.020379638671875;100 mA
4;4389;21.2467069463572;-0.85479736328125;-0.02032470703125;100 mA
4;4390;21.2501969463484;-0.8526611328125;-0.0202667236328125;100 mA
4;4391;21.2536869463396;-0.850830078125;-0.0202392578125;100 mA
4;4392;21.2571769463308;-0.84808349609375;-0.02017822265625;100 mA
4;4393;21.260666946322;-0.84564208984375;-0.02012939453125;100 mA
4;4394;21.2641569463132;-0.843505859375;-0.020111083984375;100 mA
4;4395;21.2676469463044;-0.84014892578125;-0.0200836181640625;100 mA
4;4396;21.2711369462955;-0.8380126953125;-0.020025634765625;100 mA
4;4397;21.2746269462867;-0.83587646484375;-0.0199615478515625;100 mA
4;4398;21.2781169462779;-0.83282470703125;-0.019927978515625;100 mA
4;4399;21.2816069462691;-0.8306884765625;-0.01990966796875;100 mA
4;4400;21.2850969462603;-0.8282470703125;-0.0198394775390625;100 mA
4;4401;21.2885869462515;-0.82611083984375;-0.0198486328125;100 mA
4;4402;21.2920769462427;-0.82366943359375;-0.0197479248046875;100 mA
4;4403;21.2955669462339;-0.8203125;-0.0198150634765625;100 mA
4;4404;21.2990569462251;-0.8184814453125;-0.0197601318359375;100 mA
4;4405;21.3025469462162;-0.81573486328125;-0.0196807861328125;100 mA
4;4406;21.3060369462074;-0.81329345703125;-0.019622802734375;100 mA
4;4407;21.3095269461986;-0.8111572265625;-0.019610595703125;100 mA
4;4408;21.3130169461898;-0.8087158203125;-0.0196258544921875;100 mA
4;4409;21.316506946181;-0.8062744140625;-0.019561767578125;100 mA
4;4410;21.3199969461722;-0.8038330078125;-0.0195159912109375;100 mA
4;4411;21.3234869461634;-0.80108642578125;-0.0194549560546875;100 mA
4;4412;21.3269769461546;-0.79864501953125;-0.019464111328125;100 mA
4;4413;21.3304669461457;-0.7965087890625;-0.0194366455078125;100 mA
4;4414;21.3339569461369;-0.79345703125;-0.0193450927734375;100 mA
4;4415;21.3374469461281;-0.79193115234375;-0.0193756103515625;100 mA
4;4416;21.3409369461193;-0.7891845703125;-0.019305419921875;100 mA
4;4417;21.3444269461105;-0.7867431640625;-0.0192718505859375;100 mA
4;4418;21.3479169461017;-0.7843017578125;-0.019256591796875;100 mA
4;4419;21.3514069460929;-0.78155517578125;-0.0191680908203125;100 mA
4;4420;21.3548969460841;-0.7794189453125;-0.0191986083984375;100 mA
4;4421;21.3583869460753;-0.7769775390625;-0.019158935546875;100 mA
4;4422;21.3618769460664;-0.77392578125;-0.019122314453125;100 mA
4;4423;21.3653669460576;-0.77178955078125;-0.0191131591796875;100 mA
4;4424;21.3688569460488;-0.7696533203125;-0.0190185546875;100 mA
4;4425;21.37234694604;-0.7666015625;-0.01898193359375;100 mA
4;4426;21.3758369460312;-0.76446533203125;-0.0189910888671875;100 mA
4;4427;21.3793269460224;-0.7623291015625;-0.018963623046875;100 mA
4;4428;21.3828169460136;-0.75958251953125;-0.018927001953125;100 mA
4;4429;21.3863069460048;-0.75714111328125;-0.018865966796875;100 mA
4;4430;21.389796945996;-0.75439453125;-0.01884765625;100 mA
4;4431;21.3932869459871;-0.75225830078125;-0.018878173828125;100 mA
4;4432;21.3967769459783;-0.749755859375;-0.0188262939453125;100 mA
4;4433;21.4002669459695;-0.74725341796875;-0.0187591552734375;100 mA
4;4434;21.4037569459607;-0.744720458984375;-0.0187469482421875;100 mA
4;4435;21.4072469459519;-0.74237060546875;-0.0186981201171875;100 mA
4;4436;21.4107369459431;-0.73992919921875;-0.0186492919921875;100 mA
4;4437;21.4142269459343;-0.7374267578125;-0.01864013671875;100 mA
4;4438;21.4177169459255;-0.734954833984375;-0.01864013671875;100 mA
4;4439;21.4212069459167;-0.732574462890625;-0.0185455322265625;100 mA
4;4440;21.4246969459078;-0.730133056640625;-0.0185516357421875;100 mA
4;4441;21.428186945899;-0.7276611328125;-0.01849365234375;100 mA
4;4442;21.4316769458902;-0.725189208984375;-0.0184417724609375;100 mA
4;4443;21.4351669458814;-0.722747802734375;-0.0184112548828125;100 mA
4;4444;21.4386569458726;-0.720245361328125;-0.018389892578125;100 mA
4;4445;21.4421469458638;-0.71783447265625;-0.0183319091796875;100 mA
4;4446;21.445636945855;-0.71539306640625;-0.0183441162109375;100 mA
4;4447;21.4491269458462;-0.712921142578125;-0.0183502197265625;100 mA
4;4448;21.4526169458373;-0.710479736328125;-0.0182708740234375;100 mA
4;4449;21.4561069458285;-0.70806884765625;-0.0182464599609375;100 mA
4;4450;21.4595969458197;-0.70556640625;-0.0181884765625;100 mA
4;4451;21.4630869458109;-0.70318603515625;-0.01820068359375;100 mA
4;4452;21.4665769458021;-0.700714111328125;-0.0181365966796875;100 mA
4;4453;21.4700669457933;-0.6981201171875;-0.0181182861328125;100 mA
4;4454;21.4735569457845;-0.69573974609375;-0.01802978515625;100 mA
4;4455;21.4770469457757;-0.693389892578125;-0.017974853515625;100 mA
4;4456;21.4805369457669;-0.69085693359375;-0.01798095703125;100 mA
4;4457;21.484026945758;-0.68841552734375;-0.0178924560546875;100 mA
4;4458;21.4875169457492;-0.686004638671875;-0.017864990234375;100 mA
4;4459;21.4910069457404;-0.68353271484375;-0.0177978515625;100 mA
4;4460;21.4944969457316;-0.6810302734375;-0.017816162109375;100 mA
4;4461;21.4979869457228;-0.6785888671875;-0.0177154541015625;100 mA
4;4462;21.501476945714;-0.676177978515625;-0.017730712890625;100 mA
4;4463;21.5049669457052;-0.673675537109375;-0.0176513671875;100 mA
4;4464;21.5084569456964;-0.6712646484375;-0.017633056640625;100 mA
4;4465;21.5119469456876;-0.668731689453125;-0.01756591796875;100 mA
4;4466;21.5154369456787;-0.6663818359375;-0.01751708984375;100 mA
4;4467;21.5189269456699;-0.663909912109375;-0.017486572265625;100 mA
4;4468;21.5224169456611;-0.66143798828125;-0.017431640625;100 mA
4;4469;21.5259069456523;-0.65899658203125;-0.01739501953125;100 mA
4;4470;21.5293969456435;-0.656524658203125;-0.0173675537109375;100 mA
4;4471;21.5328869456347;-0.654083251953125;-0.017291259765625;100 mA
4;4472;21.5363769456259;-0.651641845703125;-0.017218017578125;100 mA
4;4473;21.5398669456171;-0.649169921875;-0.0171875;100 mA
4;4474;21.5433569456083;-0.646728515625;-0.01715087890625;100 mA
4;4475;21.5468469455994;-0.644256591796875;-0.017083740234375;100 mA
4;4476;21.5503369455906;-0.641845703125;-0.0169830322265625;100 mA
4;4477;21.5538269455818;-0.63946533203125;-0.0169525146484375;100 mA
4;4478;21.557316945573;-0.636871337890625;-0.016937255859375;100 mA
4;4479;21.5608069455642;-0.634490966796875;-0.016864013671875;100 mA
4;4480;21.5642969455554;-0.632080078125;-0.0167816162109375;100 mA
4;4481;21.5677869455466;-0.629547119140625;-0.0167327880859375;100 mA
4;4482;21.5712769455378;-0.6270751953125;-0.0166748046875;100 mA
4;4483;21.5747669455289;-0.624603271484375;-0.016583251953125;100 mA
4;4484;21.5782569455201;-0.6221923828125;-0.016534423828125;100 mA
4;4485;21.5817469455113;-0.619720458984375;-0.016485595703125;100 mA
4;4486;21.5852369455025;-0.6173095703125;-0.016375732421875;100 mA
4;4487;21.5887269454937;-0.614776611328125;-0.0163360595703125;100 mA
4;4488;21.5922169454849;-0.612396240234375;-0.0162872314453125;100 mA
4;4489;21.5957069454761;-0.61004638671875;-0.0161712646484375;100 mA
4;4490;21.5991969454673;-0.607513427734375;-0.016131591796875;100 mA
4;4491;21.6026869454585;-0.605072021484375;-0.016021728515625;100 mA
4;4492;21.6061769454496;-0.602630615234375;-0.0159454345703125;100 mA
4;4493;21.6096669454408;-0.600128173828125;-0.0158599853515625;100 mA
4;4494;21.613156945432;-0.59765625;-0.015814208984375;100 mA
4;4495;21.6166469454232;-0.59527587890625;-0.015740966796875;100 mA
4;4496;21.6201369454144;-0.59283447265625;-0.015631103515625;100 mA
4;4497;21.6236269454056;-0.590362548828125;-0.0155487060546875;100 mA
4;4498;21.6271169453968;-0.587921142578125;-0.0154296875;100 mA
4;4499;21.630606945388;-0.58551025390625;-0.01531982421875;100 mA
4;4500;21.6340969453792;-0.5830078125;-0.0152313232421875;100 mA
4;4501;21.6375869453703;-0.58056640625;-0.01513671875;100 mA
4;4502;21.6410769453615;-0.578094482421875;-0.0150421142578125;100 mA
4;4503;21.6445669453527;-0.57568359375;-0.0149688720703125;100 mA
4;4504;21.6480569453439;-0.573211669921875;-0.0148223876953125;100 mA
4;4505;21.6515469453351;-0.57073974609375;-0.0146942138671875;100 mA
4;4506;21.6550369453263;-0.56829833984375;-0.0145843505859375;100 mA
4;4507;21.6585269453175;-0.565887451171875;-0.0144775390625;100 mA
4;4508;21.6620169453087;-0.563385009765625;-0.01435546875;100 mA
4;4509;21.6655069452999;-0.561004638671875;-0.0142181396484375;100 mA
4;4510;21.668996945291;-0.55841064453125;-0.014141845703125;100 mA
4;4511;21.6724869452822;-0.5560302734375;-0.01395263671875;100 mA
4;4512;21.6759769452734;-0.55352783203125;-0.013836669921875;100 mA
4;4513;21.6794669452646;-0.55108642578125;-0.0136474609375;100 mA
4;4514;21.6829569452558;-0.548675537109375;-0.0135345458984375;100 mA
4;4515;21.686446945247;-0.54620361328125;-0.01334228515625;100 mA
4;4516;21.6899369452382;-0.543792724609375;-0.013214111328125;100 mA
4;4517;21.6934269452294;-0.541290283203125;-0.0130767822265625;100 mA
4;4518;21.6969169452206;-0.53887939453125;-0.0128875732421875;100 mA
4;4519;21.7004069452117;-0.536407470703125;-0.0126861572265625;100 mA
4;4520;21.7038969452029;-0.533905029296875;-0.012518310546875;100 mA
4;4521;21.7073869451941;-0.531463623046875;-0.012322998046875;100 mA
4;4522;21.7108769451853;-0.52911376953125;-0.0121673583984375;100 mA
4;4523;21.7143669451765;-0.526580810546875;-0.0118896484375;100 mA
4;4524;21.7178569451677;-0.524169921875;-0.011700439453125;100 mA
4;4525;21.7213469451589;-0.521697998046875;-0.0114959716796875;100 mA
4;4526;21.7248369451501;-0.519287109375;-0.0112762451171875;100 mA
4;4527;21.7283269451412;-0.516815185546875;-0.0110443115234375;100 mA
4;4528;21.7318169451324;-0.514312744140625;-0.0108489990234375;100 mA
4;4529;21.7353069451236;-0.511962890625;-0.0105377197265625;100 mA
4;4530;21.7387969451148;-0.509490966796875;-0.01031494140625;100 mA
4;4531;21.742286945106;-0.506988525390625;-0.010015869140625;100 mA
4;4532;21.7457769450972;-0.504608154296875;-0.0097991943359375;100 mA
4;4533;21.7492669450884;-0.502105712890625;-0.0095184326171875;100 mA
4;4534;21.7527569450796;-0.49969482421875;-0.009130859375;100 mA
4;4535;21.7562469450708;-0.4971923828125;-0.00889892578125;100 mA
4;4536;21.7597369450619;-0.494720458984375;-0.0085693359375;100 mA
4;4537;21.7632269450531;-0.4923095703125;-0.0082550048828125;100 mA
4;4538;21.7667169450443;-0.4898681640625;-0.0079071044921875;100 mA
4;4539;21.7702069450355;-0.487396240234375;-0.0075408935546875;100 mA
4;4540;21.7736969450267;-0.484954833984375;-0.00718994140625;100 mA
4;4541;21.7771869450179;-0.48248291015625;-0.0068328857421875;100 mA
4;4542;21.7806769450091;-0.48004150390625;-0.0064239501953125;100 mA
4;4543;21.7841669450003;-0.477630615234375;-0.0060150146484375;100 mA
4;4544;21.7876569449915;-0.47515869140625;-0.0055694580078125;100 mA
4;4545;21.7911469449826;-0.47265625;-0.0051727294921875;100 mA
4;4546;21.7946369449738;-0.47021484375;-0.00476654052734375;100 mA
4;4547;21.798126944965;-0.467803955078125;-0.0043096923828125;100 mA
4;4548;21.8016169449562;-0.465301513671875;-0.003775634765625;100 mA
4;4549;21.8051069449474;-0.462890625;-0.003292236328125;100 mA
4;4550;21.8085969449386;-0.460418701171875;-0.0028155517578125;100 mA
4;4551;21.8120869449298;-0.4580078125;-0.00231170654296875;100 mA
4;4552;21.815576944921;-0.45550537109375;-0.00177001953125;100 mA
4;4553;21.8190669449122;-0.453094482421875;-0.0011859130859375;100 mA
4;4554;21.8225569449033;-0.450653076171875;-0.000605163574218751;100 mA
4;4555;21.8260469448945;-0.4482421875;-3.93676757812503E-05;100 mA
4;4556;21.8295369448857;-0.445709228515625;0.00055419921875;100 mA
4;4557;21.8330269448769;-0.443267822265625;0.00115692138671875;100 mA
4;4558;21.8365169448681;-0.44085693359375;0.0018890380859375;100 mA
4;4559;21.8400069448593;-0.438323974609375;0.00260162353515625;100 mA
4;4560;21.8434969448505;-0.435943603515625;0.00320220947265625;100 mA
4;4561;21.8469869448417;-0.4334716796875;0.00387939453125;100 mA
4;4562;21.8504769448328;-0.4310302734375;0.0047125244140625;100 mA
4;4563;21.853966944824;-0.428497314453125;0.0054443359375;100 mA
4;4564;21.8574569448152;-0.4261474609375;0.0062164306640625;100 mA
4;4565;21.8609469448064;-0.42364501953125;0.0069976806640625;100 mA
4;4566;21.8644369447976;-0.42120361328125;0.00780029296875;100 mA
4;4567;21.8679269447888;-0.4188232421875;0.008648681640625;100 mA
4;4568;21.87141694478;-0.416259765625;0.0095550537109375;100 mA
4;4569;21.8749069447712;-0.413848876953125;0.01041259765625;100 mA
4;4570;21.8783969447624;-0.411407470703125;0.0112457275390625;100 mA
4;4571;21.8818869447535;-0.40887451171875;0.012176513671875;100 mA
4;4572;21.8853769447447;-0.406463623046875;0.0132293701171875;100 mA
4;4573;21.8888669447359;-0.404083251953125;0.014166259765625;100 mA
4;4574;21.8923569447271;-0.401611328125;0.015087890625;100 mA
4;4575;21.8958469447183;-0.399169921875;0.01605224609375;100 mA
4;4576;21.8993369447095;-0.396697998046875;0.01705322265625;100 mA
4;4577;21.9028269447007;-0.39422607421875;0.018145751953125;100 mA
4;4578;21.9063169446919;-0.391754150390625;0.0192291259765625;100 mA
4;4579;21.9098069446831;-0.389373779296875;0.020245361328125;100 mA
4;4580;21.9132969446742;-0.386932373046875;0.021356201171875;100 mA
4;4581;21.9167869446654;-0.384490966796875;0.0224456787109375;100 mA
4;4582;21.9202769446566;-0.38201904296875;0.0236663818359375;100 mA
4;4583;21.9237669446478;-0.37957763671875;0.024810791015625;100 mA
4;4584;21.927256944639;-0.37713623046875;0.0259552001953125;100 mA
4;4585;21.9307469446302;-0.37469482421875;0.02706298828125;100 mA
4;4586;21.9342369446214;-0.372283935546875;0.028387451171875;100 mA
4;4587;21.9377269446126;-0.369781494140625;0.0294921875;100 mA
4;4588;21.9412169446038;-0.3673095703125;0.0307098388671875;100 mA
4;4589;21.9447069445949;-0.364898681640625;0.0317901611328125;100 mA
4;4590;21.9481969445861;-0.362396240234375;0.0329498291015625;100 mA
4;4591;21.9516869445773;-0.359954833984375;0.03426513671875;100 mA
4;4592;21.9551769445685;-0.35748291015625;0.03546142578125;100 mA
4;4593;21.9586669445597;-0.3551025390625;0.0366455078125;100 mA
4;4594;21.9621569445509;-0.35260009765625;0.0377471923828125;100 mA
4;4595;21.9656469445421;-0.35015869140625;0.038885498046875;100 mA
4;4596;21.9691369445333;-0.347747802734375;0.040167236328125;100 mA
4;4597;21.9726269445244;-0.34527587890625;0.0413818359375;100 mA
4;4598;21.9761169445156;-0.342864990234375;0.04244384765625;100 mA
4;4599;21.9796069445068;-0.340362548828125;0.0436248779296875;100 mA
4;4600;21.983096944498;-0.33795166015625;0.0446441650390625;100 mA
4;4601;21.9865869444892;-0.335479736328125;0.0459869384765625;100 mA
4;4602;21.9900769444804;-0.33306884765625;0.047064208984375;100 mA
4;4603;21.9935669444716;-0.330596923828125;0.047998046875;100 mA
4;4604;21.9970569444628;-0.328125;0.04910888671875;100 mA
4;4605;22.000546944454;-0.32568359375;0.050140380859375;100 mA
4;4606;22.0040369444451;-0.323333740234375;0.051239013671875;100 mA
4;4607;22.0075269444363;-0.320831298828125;0.052276611328125;100 mA
4;4608;22.0110169444275;-0.318450927734375;0.05303955078125;100 mA
4;4609;22.0145069444187;-0.31597900390625;0.053985595703125;100 mA
4;4610;22.0179969444099;-0.313507080078125;0.054931640625;100 mA
4;4611;22.0214869444011;-0.31103515625;0.05584716796875;100 mA
4;4612;22.0249769443923;-0.308685302734375;0.056671142578125;100 mA
4;4613;22.0284669443835;-0.30615234375;0.057403564453125;100 mA
4;4614;22.0319569443747;-0.303741455078125;0.05810546875;100 mA
4;4615;22.0354469443658;-0.301239013671875;0.05889892578125;100 mA
4;4616;22.038936944357;-0.298828125;0.05963134765625;100 mA
4;4617;22.0424269443482;-0.296356201171875;0.06036376953125;100 mA
4;4618;22.0459169443394;-0.293853759765625;0.06085205078125;100 mA
4;4619;22.0494069443306;-0.291412353515625;0.061309814453125;100 mA
4;4620;22.0528969443218;-0.289031982421875;0.062042236328125;100 mA
4;4621;22.056386944313;-0.2864990234375;0.0625;100 mA
4;4622;22.0598769443042;-0.2840576171875;0.062896728515625;100 mA
4;4623;22.0633669442954;-0.281646728515625;0.063323974609375;100 mA
4;4624;22.0668569442865;-0.279266357421875;0.06365966796875;100 mA
4;4625;22.0703469442777;-0.2767333984375;0.064208984375;100 mA
4;4626;22.0738369442689;-0.274261474609375;0.064453125;100 mA
4;4627;22.0773269442601;-0.2718505859375;0.064697265625;100 mA
4;4628;22.0808169442513;-0.269378662109375;0.06488037109375;100 mA
4;4629;22.0843069442425;-0.2669677734375;0.06512451171875;100 mA
4;4630;22.0877969442337;-0.2645263671875;0.065338134765625;100 mA
4;4631;22.0912869442249;-0.262054443359375;0.065460205078125;100 mA
4;4632;22.0947769442161;-0.259552001953125;0.06549072265625;100 mA
4;4633;22.0982669442072;-0.257110595703125;0.065521240234375;100 mA
4;4634;22.1017569441984;-0.254638671875;0.065643310546875;100 mA
4;4635;22.1052469441896;-0.252197265625;0.065673828125;100 mA
4;4636;22.1087369441808;-0.249755859375;0.06561279296875;100 mA
4;4637;22.112226944172;-0.247314453125;0.065460205078125;100 mA
4;4638;22.1157169441632;-0.244873046875;0.065338134765625;100 mA
4;4639;22.1192069441544;-0.242431640625;0.06536865234375;100 mA
4;4640;22.1226969441456;-0.239990234375;0.065185546875;100 mA
4;4641;22.1261869441367;-0.23748779296875;0.065032958984375;100 mA
4;4642;22.1296769441279;-0.23504638671875;0.064849853515625;100 mA
4;4643;22.1331669441191;-0.2325439453125;0.064605712890625;100 mA
4;4644;22.1366569441103;-0.230133056640625;0.064453125;100 mA
4;4645;22.1401469441015;-0.227691650390625;0.064208984375;100 mA
4;4646;22.1436369440927;-0.22528076171875;0.06390380859375;100 mA
4;4647;22.1471269440839;-0.222747802734375;0.063629150390625;100 mA
4;4648;22.1506169440751;-0.220306396484375;0.0633544921875;100 mA
4;4649;22.1541069440663;-0.217926025390625;0.06304931640625;100 mA
4;4650;22.1575969440574;-0.2154541015625;0.06280517578125;100 mA
4;4651;22.1610869440486;-0.2130126953125;0.06243896484375;100 mA
4;4652;22.1645769440398;-0.2105712890625;0.062042236328125;100 mA
4;4653;22.168066944031;-0.20806884765625;0.06170654296875;100 mA
4;4654;22.1715569440222;-0.205657958984375;0.061431884765625;100 mA
4;4655;22.1750469440134;-0.203125;0.06103515625;100 mA
4;4656;22.1785369440046;-0.200714111328125;0.060546875;100 mA
4;4657;22.1820269439958;-0.198272705078125;0.0601806640625;100 mA
4;4658;22.185516943987;-0.195831298828125;0.059814453125;100 mA
4;4659;22.1890069439781;-0.193359375;0.059417724609375;100 mA
4;4660;22.1924969439693;-0.19091796875;0.058990478515625;100 mA
4;4661;22.1959869439605;-0.188446044921875;0.05853271484375;100 mA
4;4662;22.1994769439517;-0.186004638671875;0.058135986328125;100 mA
4;4663;22.2029669439429;-0.183502197265625;0.057769775390625;100 mA
4;4664;22.2064569439341;-0.181060791015625;0.057281494140625;100 mA
4;4665;22.2099469439253;-0.17864990234375;0.056854248046875;100 mA
4;4666;22.2134369439165;-0.17620849609375;0.05645751953125;100 mA
4;4667;22.2169269439077;-0.1737060546875;0.0560302734375;100 mA
4;4668;22.2204169438988;-0.17132568359375;0.05560302734375;100 mA
4;4669;22.22390694389;-0.168792724609375;0.055206298828125;100 mA
4;4670;22.2273969438812;-0.16644287109375;0.054718017578125;100 mA
4;4671;22.2308869438724;-0.16400146484375;0.054290771484375;100 mA
4;4672;22.2343769438636;-0.161407470703125;0.053802490234375;100 mA
4;4673;22.2378669438548;-0.15899658203125;0.05340576171875;100 mA
4;4674;22.241356943846;-0.156585693359375;0.052978515625;100 mA
4;4675;22.2448469438372;-0.154144287109375;0.05255126953125;100 mA
4;4676;22.2483369438283;-0.15167236328125;0.052154541015625;100 mA
4;4677;22.2518269438195;-0.14923095703125;0.05169677734375;100 mA
4;4678;22.2553169438107;-0.146759033203125;0.051300048828125;100 mA
4;4679;22.2588069438019;-0.144317626953125;0.050872802734375;100 mA
4;4680;22.2622969437931;-0.14190673828125;0.0504150390625;100 mA
4;4681;22.2657869437843;-0.139434814453125;0.050048828125;100 mA
4;4682;22.2692769437755;-0.136993408203125;0.049658203125;100 mA
4;4683;22.2727669437667;-0.134429931640625;0.049273681640625;100 mA
4;4684;22.2762569437579;-0.13201904296875;0.0488311767578125;100 mA
4;4685;22.279746943749;-0.129547119140625;0.0484832763671875;100 mA
4;4686;22.2832369437402;-0.1270751953125;0.048046875;100 mA
4;4687;22.2867269437314;-0.124603271484375;0.047686767578125;100 mA
4;4688;22.2902169437226;-0.1221923828125;0.0472930908203125;100 mA
4;4689;22.2937069437138;-0.1197509765625;0.0469085693359375;100 mA
4;4690;22.297196943705;-0.117279052734375;0.046502685546875;100 mA
4;4691;22.3006869436962;-0.114837646484375;0.0461273193359375;100 mA
4;4692;22.3041769436874;-0.11236572265625;0.045819091796875;100 mA
4;4693;22.3076669436786;-0.109893798828125;0.0454254150390625;100 mA
4;4694;22.3111569436697;-0.107452392578125;0.0450439453125;100 mA
4;4695;22.3146469436609;-0.10504150390625;0.0446990966796875;100 mA
4;4696;22.3181369436521;-0.10247802734375;0.0443603515625;100 mA
4;4697;22.3216269436433;-0.100128173828125;0.043963623046875;100 mA
4;4698;22.3251169436345;-0.09759521484375;0.0436126708984375;100 mA
4;4699;22.3286069436257;-0.09515380859375;0.043255615234375;100 mA
4;4700;22.3320969436169;-0.0927734375;0.0429412841796875;100 mA
4;4701;22.3355869436081;-0.09039306640625;0.0426483154296875;100 mA
4;4702;22.3390769435993;-0.087890625;0.04229736328125;100 mA
4;4703;22.3425669435904;-0.085418701171875;0.0419464111328125;100 mA
4;4704;22.3460569435816;-0.082916259765625;0.041632080078125;100 mA
4;4705;22.3495469435728;-0.08056640625;0.041314697265625;100 mA
4;4706;22.353036943564;-0.07806396484375;0.0410491943359375;100 mA
4;4707;22.3565269435552;-0.07562255859375;0.0407135009765625;100 mA
4;4708;22.3600169435464;-0.07318115234375;0.04039306640625;100 mA
4;4709;22.3635069435376;-0.07073974609375;0.040118408203125;100 mA
4;4710;22.3669969435288;-0.068267822265625;0.0398101806640625;100 mA
4;4711;22.3704869435199;-0.065765380859375;0.039532470703125;100 mA
4;4712;22.3739769435111;-0.063323974609375;0.039276123046875;100 mA
4;4713;22.3774669435023;-0.06085205078125;0.0389007568359375;100 mA
4;4714;22.3809569434935;-0.05841064453125;0.03865966796875;100 mA
4;4715;22.3844469434847;-0.05596923828125;0.0384033203125;100 mA
4;4716;22.3879369434759;-0.053497314453125;0.0381317138671875;100 mA
4;4717;22.3914269434671;-0.051055908203125;0.0378662109375;100 mA
4;4718;22.3949169434583;-0.04852294921875;0.0375946044921875;100 mA
4;4719;22.3984069434495;-0.04605712890625;0.037310791015625;100 mA
4;4720;22.4018969434406;-0.043634033203125;0.0370880126953125;100 mA
4;4721;22.4053869434318;-0.04114990234375;0.0368316650390625;100 mA
4;4722;22.408876943423;-0.038702392578125;0.0365264892578125;100 mA
4;4723;22.4123669434142;-0.0362457275390625;0.0363311767578125;100 mA
4;4724;22.4158569434054;-0.0338134765625;0.036065673828125;100 mA
4;4725;22.4193469433966;-0.0313446044921875;0.0358673095703125;100 mA
4;4726;22.4228369433878;-0.0288909912109375;0.0355804443359375;100 mA
4;4727;22.426326943379;-0.02645263671875;0.0353607177734375;100 mA
4;4728;22.4298169433702;-0.024005126953125;0.035137939453125;100 mA
4;4729;22.4333069433613;-0.02156982421875;0.034930419921875;100 mA
4;4730;22.4367969433525;-0.0191009521484375;0.03468017578125;100 mA
4;4731;22.4402869433437;-0.016656494140625;0.0344818115234375;100 mA
4;4732;22.4437769433349;-0.0141815185546875;0.0342620849609375;100 mA
4;4733;22.4472669433261;-0.0117431640625;0.0340179443359375;100 mA
4;4734;22.4507569433173;-0.0092803955078125;0.03382568359375;100 mA
4;4735;22.4542469433085;-0.00682678222656249;0.03363037109375;100 mA
4;4736;22.4577369432997;-0.00439453125;0.033416748046875;100 mA
4;4737;22.4612269432909;-0.001922607421875;0.0332122802734375;100 mA
4;4738;22.464716943282;0.000515747070312503;0.032977294921875;100 mA
