Time (s);WE(1).Potential (V);WE(1).Current (A);Corrected time (s);Index;Current range;Overload
55.3806128601774;-0.77239990234375;2.34405517578125;0;1;1 A;Current overload
55.3906128601521;-0.75714111328125;2.34375;0.00999999997475243;2;1 A;Current overload
55.4006128601269;-0.746307373046875;2.34344482421875;0.0199999999495049;3;1 A;Current overload
55.4106128601017;-0.738250732421875;2.34344482421875;0.0299999999242573;4;1 A;Current overload
55.4206128600764;-0.732635498046875;2.34344482421875;0.0399999998990097;5;1 A;Current overload
55.4306128600512;-0.72979736328125;2.3431396484375;0.0499999998737621;6;1 A;Current overload
55.4406128600259;-0.725189208984375;2.3431396484375;0.0599999998485146;7;1 A;Current overload
55.4506128600007;-0.7205810546875;2.3431396484375;0.069999999823267;8;1 A;Current overload
55.4606128599754;-0.717315673828125;2.3431396484375;0.0799999997980194;9;1 A;Current overload
55.4706128599502;-0.7166748046875;2.3431396484375;0.0899999997727718;10;1 A;Current overload
55.4806128599249;-0.7135009765625;2.3431396484375;0.0999999997475243;11;1 A;Current overload
55.4906128598997;-0.710113525390625;2.34283447265625;0.109999999722277;12;1 A;Current overload
55.5006128598744;-0.708038330078125;2.34283447265625;0.119999999697029;13;1 A;Current overload
55.5106128598492;-0.708160400390625;2.34283447265625;0.129999999671782;14;1 A;Current overload
55.5206128598239;-0.70556640625;2.34283447265625;0.139999999646534;15;1 A;Current overload
55.5306128597987;-0.702880859375;2.34283447265625;0.149999999621286;16;1 A;Current overload
55.5406128597734;-0.70111083984375;2.34283447265625;0.159999999596039;17;1 A;Current overload
55.5506128597482;-0.70172119140625;2.34283447265625;0.169999999570791;18;1 A;Current overload
55.5606128597229;-0.69970703125;2.342529296875;0.179999999545544;19;1 A;Current overload
55.5706128596977;-0.697174072265625;2.342529296875;0.189999999520296;20;1 A;Current overload
55.5806128596724;-0.69598388671875;2.342529296875;0.199999999495049;21;1 A;Current overload
55.5906128596472;-0.6968994140625;2.342529296875;0.209999999469801;22;1 A;Current overload
55.6006128596219;-0.695068359375;2.342529296875;0.219999999444553;23;1 A;Current overload
55.6106128595967;-0.692901611328125;2.342529296875;0.229999999419306;24;1 A;Current overload
55.6206128595715;-0.691925048828125;2.342529296875;0.239999999394058;25;1 A;Current overload
55.6306128595462;-0.69287109375;2.342529296875;0.249999999368811;26;1 A;Current overload
55.640612859521;-0.691192626953125;2.34222412109375;0.259999999343563;27;1 A;Current overload
55.6506128594957;-0.689178466796875;2.34222412109375;0.269999999318316;28;1 A;Current overload
55.6606128594705;-0.688262939453125;2.34222412109375;0.279999999293068;29;1 A;Current overload
55.6706128594452;-0.689453125;2.34222412109375;0.28999999926782;30;1 A;Current overload
55.68061285942;-0.687957763671875;2.34222412109375;0.299999999242573;31;1 A;Current overload
55.6906128593947;-0.686126708984375;2.34222412109375;0.309999999217325;32;1 A;Current overload
55.7006128593695;-0.685638427734375;2.34222412109375;0.319999999192078;33;1 A;Current overload
55.7106128593442;-0.6868896484375;2.34222412109375;0.32999999916683;34;1 A;Current overload
55.720612859319;-0.685302734375;2.34222412109375;0.339999999141583;35;1 A;Current overload
55.7306128592937;-0.683807373046875;2.34222412109375;0.349999999116335;36;1 A;Current overload
55.7406128592685;-0.683135986328125;2.3419189453125;0.359999999091087;37;1 A;Current overload
55.7506128592432;-0.6845703125;2.3419189453125;0.36999999906584;38;1 A;Current overload
55.760612859218;-0.68310546875;2.3419189453125;0.379999999040592;39;1 A;Current overload
55.7706128591927;-0.681549072265625;2.3419189453125;0.389999999015345;40;1 A;Current overload
55.7806128591675;-0.681060791015625;2.3419189453125;0.399999998990097;41;1 A;Current overload
55.7906128591422;-0.68243408203125;2.3419189453125;0.40999999896485;42;1 A;Current overload
55.800612859117;-0.6810302734375;2.3419189453125;0.419999998939602;43;1 A;Current overload
55.8106128590917;-0.67962646484375;2.3419189453125;0.429999998914354;44;1 A;Current overload
55.8206128590665;-0.679443359375;2.3419189453125;0.439999998889107;45;1 A;Current overload
55.8306128590413;-0.680816650390625;2.3419189453125;0.449999998863859;46;1 A;Current overload
55.840612859016;-0.679534912109375;2.3419189453125;0.459999998838612;47;1 A;Current overload
55.8506128589908;-0.678253173828125;2.3419189453125;0.469999998813364;48;1 A;Current overload
55.8606128589655;-0.677825927734375;2.3419189453125;0.479999998788116;49;1 A;Current overload
55.8706128589403;-0.6790771484375;2.34161376953125;0.489999998762869;50;1 A;Current overload
55.880612858915;-0.67779541015625;2.34161376953125;0.499999998737621;51;1 A;Current overload
55.8906128588898;-0.67633056640625;2.34161376953125;0.509999998712374;52;1 A;Current overload
55.9006128588645;-0.67633056640625;2.34161376953125;0.519999998687126;53;1 A;Current overload
55.9106128588393;-0.67755126953125;2.34161376953125;0.529999998661879;54;1 A;Current overload
55.920612858814;-0.67626953125;2.34161376953125;0.539999998636631;55;1 A;Current overload
55.9306128587888;-0.675262451171875;2.34161376953125;0.549999998611383;56;1 A;Current overload
55.9406128587635;-0.675140380859375;2.34161376953125;0.559999998586136;57;1 A;Current overload
55.9506128587383;-0.676605224609375;2.34161376953125;0.569999998560888;58;1 A;Current overload
55.960612858713;-0.67523193359375;2.34161376953125;0.579999998535641;59;1 A;Current overload
55.9706128586878;-0.67425537109375;2.34161376953125;0.589999998510393;60;1 A;Current overload
55.9806128586625;-0.67413330078125;2.34161376953125;0.599999998485146;61;1 A;Current overload
55.9906128586373;-0.675567626953125;2.34161376953125;0.609999998459898;62;1 A;Current overload
56.000612858612;-0.67413330078125;2.34161376953125;0.61999999843465;63;1 A;Current overload
56.0106128585868;-0.672943115234375;2.34161376953125;0.629999998409403;64;1 A;Current overload
56.0206128585615;-0.673095703125;2.34130859375;0.639999998384155;65;1 A;Current overload
56.0306128585363;-0.67437744140625;2.34161376953125;0.649999998358908;66;1 A;Current overload
56.0406128585111;-0.67303466796875;2.34130859375;0.65999999833366;67;1 A;Current overload
56.0506128584858;-0.672149658203125;2.34130859375;0.669999998308413;68;1 A;Current overload
56.0606128584606;-0.67218017578125;2.34130859375;0.679999998283165;69;1 A;Current overload
56.0706128584353;-0.673492431640625;2.34130859375;0.689999998257917;70;1 A;Current overload
56.0806128584101;-0.672210693359375;2.34130859375;0.69999999823267;71;1 A;Current overload
56.0906128583848;-0.6712646484375;2.34130859375;0.709999998207422;72;1 A;Current overload
56.1006128583596;-0.6715087890625;2.34130859375;0.719999998182175;73;1 A;Current overload
56.1106128583343;-0.672821044921875;2.34130859375;0.729999998156927;74;1 A;Current overload
56.1206128583091;-0.6712646484375;2.34130859375;0.73999999813168;75;1 A;Current overload
56.1306128582838;-0.670379638671875;2.34130859375;0.749999998106432;76;1 A;Current overload
56.1406128582586;-0.6705322265625;2.34130859375;0.759999998081184;77;1 A;Current overload
56.1506128582333;-0.671844482421875;2.34130859375;0.769999998055937;78;1 A;Current overload
56.1606128582081;-0.67047119140625;2.34130859375;0.779999998030689;79;1 A;Current overload
56.1706128581828;-0.66973876953125;2.34130859375;0.789999998005442;80;1 A;Current overload
56.1806128581576;-0.670013427734375;2.34100341796875;0.799999997980194;81;1 A;Current overload
56.1906128581323;-0.67120361328125;2.34100341796875;0.809999997954947;82;1 A;Current overload
56.2006128581071;-0.669769287109375;2.34100341796875;0.819999997929699;83;1 A;Current overload
56.2106128580818;-0.668975830078125;2.34100341796875;0.829999997904451;84;1 A;Current overload
56.2206128580566;-0.6693115234375;2.34100341796875;0.839999997879204;85;1 A;Current overload
56.2306128580313;-0.670440673828125;2.34100341796875;0.849999997853956;86;1 A;Current overload
56.2406128580061;-0.668670654296875;2.34100341796875;0.859999997828709;87;1 A;Current overload
56.2506128579809;-0.668182373046875;2.34100341796875;0.869999997803461;88;1 A;Current overload
56.2606128579556;-0.668548583984375;2.34100341796875;0.879999997778214;89;1 A;Current overload
56.2706128579304;-0.669708251953125;2.34100341796875;0.889999997752966;90;1 A;Current overload
56.2806128579051;-0.668060302734375;2.34100341796875;0.899999997727718;91;1 A;Current overload
56.2906128578799;-0.66748046875;2.34100341796875;0.909999997702471;92;1 A;Current overload
56.3006128578546;-0.66802978515625;2.34100341796875;0.919999997677223;93;1 A;Current overload
56.3106128578294;-0.668975830078125;2.34100341796875;0.929999997651976;94;1 A;Current overload
56.3206128578041;-0.66717529296875;2.34100341796875;0.939999997626728;95;1 A;Current overload
56.3306128577789;-0.666656494140625;2.34100341796875;0.949999997601481;96;1 A;Current overload
56.3406128577536;-0.66717529296875;2.3406982421875;0.959999997576233;97;1 A;Current overload
56.3506128577284;-0.66802978515625;2.3406982421875;0.969999997550985;98;1 A;Current overload
56.3606128577031;-0.66595458984375;2.3406982421875;0.979999997525738;99;1 A;Current overload
56.3706128576779;-0.665740966796875;2.3406982421875;0.98999999750049;100;1 A;Current overload
56.3806128576526;-0.66632080078125;2.3406982421875;0.999999997475243;101;1 A;Current overload
56.3906128576274;-0.667205810546875;2.3406982421875;1.00999999745;102;1 A;Current overload
56.4006128576021;-0.665069580078125;2.3406982421875;1.01999999742475;103;1 A;Current overload
56.4106128575769;-0.664794921875;2.3406982421875;1.0299999973995;104;1 A;Current overload
56.4206128575516;-0.66558837890625;2.3406982421875;1.03999999737425;105;1 A;Current overload
56.4306128575264;-0.6661376953125;2.3406982421875;1.049999997349;106;1 A;Current overload
56.4406128575012;-0.6634521484375;2.3406982421875;1.05999999732376;107;1 A;Current overload
56.4506128574759;-0.663604736328125;2.3406982421875;1.06999999729851;108;1 A;Current overload
56.4606128574507;-0.6644287109375;2.3406982421875;1.07999999727326;109;1 A;Current overload
56.4706128574254;-0.66485595703125;2.3406982421875;1.08999999724801;110;1 A;Current overload
56.4806128574002;-0.662078857421875;2.3406982421875;1.09999999722277;111;1 A;Current overload
56.4906128573749;-0.66241455078125;2.3406982421875;1.10999999719752;112;1 A;Current overload
56.5006128573497;-0.663421630859375;2.34039306640625;1.11999999717227;113;1 A;Current overload
56.5106128573244;-0.66363525390625;2.34039306640625;1.12999999714702;114;1 A;Current overload
56.5206128572992;-0.660614013671875;2.34039306640625;1.13999999712178;115;1 A;Current overload
56.5306128572739;-0.66094970703125;2.34039306640625;1.14999999709653;116;1 A;Current overload
56.5406128572487;-0.66217041015625;2.34039306640625;1.15999999707128;117;1 A;Current overload
56.5506128572234;-0.661956787109375;2.34039306640625;1.16999999704603;118;1 A;Current overload
56.5606128571982;-0.658294677734375;2.34039306640625;1.17999999702079;119;1 A;Current overload
56.5706128571729;-0.659149169921875;2.34039306640625;1.18999999699554;120;1 A;Current overload
56.5806128571477;-0.660247802734375;2.34039306640625;1.19999999697029;121;1 A;Current overload
56.5906128571224;-0.659698486328125;2.34039306640625;1.20999999694504;122;1 A;Current overload
56.6006128570972;-0.655609130859375;2.34039306640625;1.2199999969198;123;1 A;Current overload
56.6106128570719;-0.656982421875;2.34039306640625;1.22999999689455;124;1 A;Current overload
56.6206128570467;-0.658203125;2.34039306640625;1.2399999968693;125;1 A;Current overload
56.6306128570214;-0.657073974609375;2.34039306640625;1.24999999684405;126;1 A;Current overload
56.6406128569962;-0.652099609375;2.340087890625;1.25999999681881;127;1 A;Current overload
56.650612856971;-0.65399169921875;2.340087890625;1.26999999679356;128;1 A;Current overload
56.6606128569457;-0.65545654296875;2.340087890625;1.27999999676831;129;1 A;Current overload
56.6706128569205;-0.6533203125;2.340087890625;1.28999999674306;130;1 A;Current overload
56.6806128568952;-0.647674560546875;2.340087890625;1.29999999671782;131;1 A;Current overload
56.69061285687;-0.65032958984375;2.340087890625;1.30999999669257;132;1 A;Current overload
56.7006128568447;-0.651885986328125;2.340087890625;1.31999999666732;133;1 A;Current overload
56.7106128568195;-0.6490478515625;2.340087890625;1.32999999664207;134;1 A;Current overload
56.7206128567942;-0.642669677734375;2.340087890625;1.33999999661683;135;1 A;Current overload
56.730612856769;-0.6458740234375;2.340087890625;1.34999999659158;136;1 A;Current overload
56.7406128567437;-0.647705078125;2.340087890625;1.35999999656633;137;1 A;Current overload
56.7506128567185;-0.64398193359375;2.340087890625;1.36999999654108;138;1 A;Current overload
56.7606128566932;-0.636993408203125;2.33978271484375;1.37999999651583;139;1 A;Current overload
56.770612856668;-0.640960693359375;2.33978271484375;1.38999999649059;140;1 A;Current overload
56.7806128566427;-0.642913818359375;2.33978271484375;1.39999999646534;141;1 A;Current overload
56.7906128566175;-0.637725830078125;2.33978271484375;1.40999999644009;142;1 A;Current overload
56.8006128565922;-0.630096435546875;2.33978271484375;1.41999999641484;143;1 A;Current overload
56.810612856567;-0.634857177734375;2.33978271484375;1.4299999963896;144;1 A;Current overload
56.8206128565417;-0.63677978515625;2.33978271484375;1.43999999636435;145;1 A;Current overload
56.8306128565165;-0.63043212890625;2.33978271484375;1.4499999963391;146;1 A;Current overload
56.8406128564912;-0.6221923828125;2.33978271484375;1.45999999631385;147;1 A;Current overload
56.850612856466;-0.62786865234375;2.33978271484375;1.46999999628861;148;1 A;Current overload
56.8606128564408;-0.630218505859375;2.3394775390625;1.47999999626336;149;1 A;Current overload
56.8706128564155;-0.621673583984375;2.3394775390625;1.48999999623811;150;1 A;Current overload
56.8806128563903;-0.612548828125;2.3394775390625;1.49999999621286;151;1 A;Current overload
56.890612856365;-0.618682861328125;2.3394775390625;1.50999999618762;152;1 A;Current overload
56.9006128563398;-0.620635986328125;2.3394775390625;1.51999999616237;153;1 A;Current overload
56.9106128563145;-0.609649658203125;2.3394775390625;1.52999999613712;154;1 A;Current overload
56.9206128562893;-0.599609375;2.3394775390625;1.53999999611187;155;1 A;Current overload
56.930612856264;-0.606536865234375;2.3394775390625;1.54999999608663;156;1 A;Current overload
56.9406128562388;-0.60858154296875;2.33917236328125;1.55999999606138;157;1 A;Current overload
56.9506128562135;-0.59466552734375;2.33917236328125;1.56999999603613;158;1 A;Current overload
56.9606128561883;-0.58282470703125;2.33917236328125;1.57999999601088;159;1 A;Current overload
56.970612856163;-0.589630126953125;2.33917236328125;1.58999999598564;160;1 A;Current overload
56.9806128561378;-0.590576171875;2.33917236328125;1.59999999596039;161;1 A;Current overload
56.9906128561125;-0.571319580078125;2.3388671875;1.60999999593514;162;1 A;Current overload
57.0006128560873;-0.5567626953125;2.3388671875;1.61999999590989;163;1 A;Current overload
57.010612856062;-0.56231689453125;2.3388671875;1.62999999588465;164;1 A;Current overload
57.0206128560368;-0.560943603515625;2.33856201171875;1.6399999958594;165;1 A;Current overload
57.0306128560115;-0.53564453125;2.33856201171875;1.64999999583415;166;1 A;Current overload
57.0406128559863;-0.517303466796875;2.3382568359375;1.6599999958089;167;1 A;Current overload
57.050612855961;-0.521759033203125;2.3382568359375;1.66999999578366;168;1 A;Current overload
57.0606128559358;-0.518035888671875;2.3382568359375;1.67999999575841;169;1 A;Current overload
57.0706128559106;-0.4801025390625;2.33795166015625;1.68999999573316;170;1 A;Current overload
57.0806128558853;-0.446746826171875;2.337646484375;1.69999999570791;171;1 A;Current overload
57.0906128558601;-0.4195556640625;2.33734130859375;1.70999999568267;172;1 A;Current overload
57.1006128558348;-0.3416748046875;2.33642578125;1.71999999565742;173;1 A;Current overload
57.1106128558096;-0.257568359375;2.3358154296875;1.72999999563217;174;1 A;Current overload
57.1206128557843;-0.196197509765625;2.335205078125;1.73999999560692;175;1 A;Current overload
57.1306128557591;-0.168304443359375;2.3345947265625;1.74999999558167;176;1 A;Current overload
57.1406128557338;-0.14569091796875;2.33428955078125;1.75999999555643;177;1 A;Current overload
57.1506128557086;-0.114654541015625;2.31842041015625;1.76999999553118;178;1 A;Current overload
57.1606128556833;-0.098480224609375;2.056884765625;1.77999999550593;179;1 A;Current overload
57.1706128556581;-0.09918212890625;1.8438720703125;1.78999999548068;180;1 A;
57.1806128556328;-0.099761962890625;1.5960693359375;1.79999999545544;181;1 A;
57.1906128556076;-0.09942626953125;1.36566162109375;1.80999999543019;182;1 A;
57.2006128555823;-0.100067138671875;1.1883544921875;1.81999999540494;183;1 A;
57.2106128555571;-0.099884033203125;1.0443115234375;1.82999999537969;184;1 A;
57.2206128555318;-0.0997314453125;0.919189453125;1.83999999535445;185;1 A;
57.2306128555066;-0.099884033203125;0.84381103515625;1.8499999953292;186;1 A;
57.2406128554813;-0.0997314453125;0.72540283203125;1.85999999530395;187;1 A;
57.2506128554561;-0.09991455078125;0.65216064453125;1.8699999952787;188;1 A;
57.2606128554308;-0.099853515625;0.560302734375;1.87999999525346;189;1 A;
57.2706128554056;-0.10015869140625;0.56365966796875;1.88999999522821;190;1 A;
57.2806128553804;-0.099853515625;0.51788330078125;1.89999999520296;191;1 A;
57.2906128553551;-0.10009765625;0.4864501953125;1.90999999517771;192;1 A;
57.3006128553299;-0.100006103515625;0.431976318359375;1.91999999515247;193;1 A;
57.3106128553046;-0.10009765625;0.43701171875;1.92999999512722;194;1 A;
57.3206128552794;-0.099945068359375;0.409149169921875;1.93999999510197;195;1 A;
57.3306128552541;-0.099884033203125;0.3704833984375;1.94999999507672;196;1 A;
57.3406128552289;-0.099853515625;0.33697509765625;1.95999999505148;197;1 A;
57.3506128552036;-0.100067138671875;0.355072021484375;1.96999999502623;198;1 A;
57.3606128551784;-0.099884033203125;0.3128662109375;1.97999999500098;199;1 A;
57.3706128551531;-0.099884033203125;0.288848876953125;1.98999999497573;200;1 A;
57.3806128551279;-0.099884033203125;0.244476318359375;1.99999999495049;201;1 A;
57.3906128551026;-0.100006103515625;0.26214599609375;2.00999999492524;202;1 A;
57.4006128550774;-0.099884033203125;0.233673095703125;2.01999999489999;203;1 A;
57.4106128550521;-0.099945068359375;0.2315673828125;2.02999999487474;204;1 A;
57.4206128550269;-0.099822998046875;0.191558837890625;2.0399999948495;205;1 A;
57.4306128550016;-0.099884033203125;0.1939697265625;2.04999999482425;206;1 A;
57.4406128549764;-0.09979248046875;0.179656982421875;2.059999994799;207;1 A;
57.4506128549511;-0.099945068359375;0.17340087890625;2.06999999477375;208;1 A;
57.4606128549259;-0.099884033203125;0.140899658203125;2.0799999947485;209;1 A;
57.4706128549007;-0.099884033203125;0.13616943359375;2.08999999472326;210;1 A;
57.4806128548754;-0.0999755859375;0.133575439453125;2.09999999469801;211;1 A;
57.4906128548502;-0.09991455078125;0.1217041015625;2.10999999467276;212;1 A;
57.5006128548249;-0.099853515625;0.110870361328125;2.11999999464751;213;1 A;
57.5106128547997;-0.10003662109375;0.115020751953125;2.12999999462227;214;1 A;
57.5206128547744;-0.09991455078125;0.1070556640625;2.13999999459702;215;1 A;
57.5306128547492;-0.099945068359375;0.095611572265625;2.14999999457177;216;1 A;
57.5406128547239;-0.099945068359375;0.09014892578125;2.15999999454652;217;1 A;
57.5506128546987;-0.100006103515625;0.08935546875;2.16999999452128;218;1 A;
57.5606128546734;-0.09991455078125;0.082550048828125;2.17999999449603;219;1 A;
57.5706128546482;-0.099884033203125;0.07855224609375;2.18999999447078;220;1 A;
57.5806128546229;-0.099884033203125;0.0751953125;2.19999999444553;221;1 A;
57.5906128545977;-0.09979248046875;0.071624755859375;2.20999999442029;222;1 A;
57.6006128545724;-0.099945068359375;0.0692138671875;2.21999999439504;223;1 A;
57.6106128545472;-0.09991455078125;0.066162109375;2.22999999436979;224;1 A;
57.6206128545219;-0.099853515625;0.063720703125;2.23999999434454;225;1 A;
57.6306128544967;-0.099822998046875;0.060302734375;2.2499999943193;226;1 A;
57.6406128544714;-0.09991455078125;0.058624267578125;2.25999999429405;227;1 A;
57.6506128544462;-0.099822998046875;0.057281494140625;2.2699999942688;228;1 A;
57.6606128544209;-0.099853515625;0.055389404296875;2.27999999424355;229;1 A;
57.6706128543957;-0.09979248046875;0.0528564453125;2.28999999421831;230;1 A;
57.6806128543705;-0.099853515625;0.050872802734375;2.29999999419306;231;1 A;
57.6906128543452;-0.099884033203125;0.04931640625;2.30999999416781;232;1 A;
57.70061285432;-0.099884033203125;0.047760009765625;2.31999999414256;233;1 A;
57.7106128542947;-0.09991455078125;0.0460113525390625;2.32999999411732;234;1 A;
57.7206128542695;-0.099822998046875;0.0445343017578125;2.33999999409207;235;1 A;
57.7306128542442;-0.09991455078125;0.0434417724609375;2.34999999406682;236;1 A;
57.740612854219;-0.099884033203125;0.042755126953125;2.35999999404157;237;1 A;
57.7506128541937;-0.099822998046875;0.0409271240234375;2.36999999401633;238;1 A;
57.7606128541685;-0.099884033203125;0.0401641845703125;2.37999999399108;239;1 A;
57.7706128541432;-0.099884033203125;0.039312744140625;2.38999999396583;240;1 A;
57.780612854118;-0.099884033203125;0.0380889892578125;2.39999999394058;241;1 A;
57.7906128540927;-0.099853515625;0.0370849609375;2.40999999391533;242;1 A;
57.8006128540675;-0.099853515625;0.0360687255859375;2.41999999389009;243;1 A;
57.8106128540422;-0.099822998046875;0.0353851318359375;2.42999999386484;244;1 A;
57.820612854017;-0.099853515625;0.03455810546875;2.43999999383959;245;1 A;
57.8306128539917;-0.09979248046875;0.033282470703125;2.44999999381434;246;1 A;
57.8406128539665;-0.099884033203125;0.0328094482421875;2.4599999937891;247;1 A;
57.8506128539412;-0.09979248046875;0.03192138671875;2.46999999376385;248;1 A;
57.860612853916;-0.09991455078125;0.0314453125;2.4799999937386;249;1 A;
57.8706128538907;-0.099822998046875;0.0307769775390625;2.48999999371335;250;1 A;
57.8806128538655;-0.099822998046875;0.029876708984375;2.49999999368811;251;1 A;
57.8906128538403;-0.099884033203125;0.0291656494140625;2.50999999366286;252;1 A;
57.900612853815;-0.099853515625;0.0285614013671875;2.51999999363761;253;1 A;
57.9106128537898;-0.099853515625;0.0279998779296875;2.52999999361236;254;1 A;
57.9206128537645;-0.099853515625;0.02733154296875;2.53999999358712;255;1 A;
57.9306128537393;-0.099884033203125;0.0268096923828125;2.54999999356187;256;1 A;
57.940612853714;-0.099853515625;0.02669677734375;2.55999999353662;257;1 A;
57.9506128536888;-0.099853515625;0.025946044921875;2.56999999351137;258;1 A;
57.9606128536635;-0.099853515625;0.0255828857421875;2.57999999348613;259;1 A;
57.9706128536383;-0.09991455078125;0.0251953125;2.58999999346088;260;1 A;
57.980612853613;-0.099884033203125;0.0251129150390625;2.59999999343563;261;1 A;
57.9906128535878;-0.099884033203125;0.0246124267578125;2.60999999341038;262;1 A;
58.0006128535625;-0.099884033203125;0.0239044189453125;2.61999999338514;263;1 A;
58.0106128535373;-0.099822998046875;0.0234619140625;2.62999999335989;264;1 A;
58.020612853512;-0.099884033203125;0.0231719970703125;2.63999999333464;265;1 A;
58.0306128534868;-0.099822998046875;0.0226287841796875;2.64999999330939;266;1 A;
58.0406128534615;-0.099884033203125;0.022320556640625;2.65999999328415;267;1 A;
58.0506128534363;-0.09979248046875;0.022021484375;2.6699999932589;268;1 A;
58.060612853411;-0.09991455078125;0.0219696044921875;2.67999999323365;269;1 A;
58.0706128533858;-0.099853515625;0.0215484619140625;2.6899999932084;270;1 A;
58.0806128533605;-0.099884033203125;0.021087646484375;2.69999999318316;271;1 A;
58.0906128533353;-0.09991455078125;0.0208465576171875;2.70999999315791;272;1 A;
58.1006128533101;-0.099822998046875;0.02076416015625;2.71999999313266;273;1 A;
58.1106128532848;-0.09991455078125;0.0205078125;2.72999999310741;274;1 A;
58.1206128532596;-0.099884033203125;0.0200347900390625;2.73999999308217;275;1 A;
58.1306128532343;-0.099945068359375;0.0197479248046875;2.74999999305692;276;1 A;
58.1406128532091;-0.099945068359375;0.0198028564453125;2.75999999303167;277;1 A;
58.1506128531838;-0.099853515625;0.019244384765625;2.76999999300642;278;1 A;
58.1606128531586;-0.099884033203125;0.0190185546875;2.77999999298117;279;1 A;
58.1706128531333;-0.099884033203125;0.018878173828125;2.78999999295593;280;1 A;
58.1806128531081;-0.09991455078125;0.0187408447265625;2.79999999293068;281;1 A;
58.1906128530828;-0.099853515625;0.018438720703125;2.80999999290543;282;1 A;
58.2006128530576;-0.099853515625;0.017987060546875;2.81999999288018;283;1 A;
58.2106128530323;-0.099884033203125;0.017755126953125;2.82999999285494;284;1 A;
58.2206128530071;-0.099945068359375;0.017626953125;2.83999999282969;285;1 A;
58.2306128529818;-0.099884033203125;0.0172943115234375;2.84999999280444;286;1 A;
58.2406128529566;-0.099853515625;0.0171173095703125;2.85999999277919;287;1 A;
58.2506128529313;-0.099822998046875;0.0169036865234375;2.86999999275395;288;1 A;
58.2606128529061;-0.099822998046875;0.0169921875;2.8799999927287;289;1 A;
58.2706128528808;-0.099822998046875;0.0166900634765625;2.88999999270345;290;1 A;
58.2806128528556;-0.099853515625;0.01646728515625;2.8999999926782;291;1 A;
58.2906128528303;-0.099853515625;0.0163482666015625;2.90999999265296;292;1 A;
58.3006128528051;-0.099853515625;0.016326904296875;2.91999999262771;293;1 A;
58.3106128527799;-0.099884033203125;0.01617431640625;2.92999999260246;294;1 A;
58.3206128527546;-0.099884033203125;0.0159576416015625;2.93999999257721;295;1 A;
58.3306128527294;-0.099884033203125;0.0156890869140625;2.94999999255197;296;1 A;
58.3406128527041;-0.099822998046875;0.0156585693359375;2.95999999252672;297;1 A;
58.3506128526789;-0.099884033203125;0.015216064453125;2.96999999250147;298;1 A;
58.3606128526536;-0.099822998046875;0.0151214599609375;2.97999999247622;299;1 A;
58.3706128526284;-0.09991455078125;0.014923095703125;2.98999999245098;300;1 A;
58.3806128526031;-0.09991455078125;0.015057373046875;2.99999999242573;301;1 A;
58.3906128525779;-0.09991455078125;0.01483154296875;3.00999999240048;302;1 A;
58.4006128525526;-0.099822998046875;0.0145721435546875;3.01999999237523;303;1 A;
58.4106128525274;-0.099853515625;0.014373779296875;3.02999999234999;304;1 A;
58.4206128525021;-0.09991455078125;0.0142547607421875;3.03999999232474;305;1 A;
58.4306128524769;-0.099853515625;0.01414794921875;3.04999999229949;306;1 A;
58.4406128524516;-0.099822998046875;0.0139007568359375;3.05999999227424;307;1 A;
58.4506128524264;-0.099822998046875;0.0137237548828125;3.069999992249;308;1 A;
58.4606128524011;-0.099884033203125;0.01392822265625;3.07999999222375;309;1 A;
58.4706128523759;-0.099822998046875;0.0135833740234375;3.0899999921985;310;1 A;
58.4806128523506;-0.099884033203125;0.0134063720703125;3.09999999217325;311;1 A;
58.4906128523254;-0.099853515625;0.01322021484375;3.109999992148;312;1 A;
58.5006128523002;-0.099853515625;0.0132354736328125;3.11999999212276;313;1 A;
58.5106128522749;-0.099853515625;0.013116455078125;3.12999999209751;314;1 A;
58.5206128522497;-0.099853515625;0.012823486328125;3.13999999207226;315;1 A;
58.5306128522244;-0.09991455078125;0.0126678466796875;3.14999999204701;316;1 A;
58.5406128521992;-0.099884033203125;0.0126922607421875;3.15999999202177;317;1 A;
58.5506128521739;-0.09991455078125;0.0123809814453125;3.16999999199652;318;1 A;
58.5606128521487;-0.099884033203125;0.012213134765625;3.17999999197127;319;1 A;
58.5706128521234;-0.099853515625;0.012109375;3.18999999194602;320;1 A;
58.5806128520982;-0.09991455078125;0.01220703125;3.19999999192078;321;1 A;
58.5906128520729;-0.099884033203125;0.012054443359375;3.20999999189553;322;1 A;
58.6006128520477;-0.099884033203125;0.011798095703125;3.21999999187028;323;1 A;
58.6106128520224;-0.099884033203125;0.0116546630859375;3.22999999184503;324;1 A;
58.6206128519972;-0.099822998046875;0.01160888671875;3.23999999181979;325;1 A;
58.6306128519719;-0.099884033203125;0.0115203857421875;3.24999999179454;326;1 A;
58.6406128519467;-0.099884033203125;0.01121826171875;3.25999999176929;327;1 A;
58.6506128519214;-0.099853515625;0.0110870361328125;3.26999999174404;328;1 A;
58.6606128518962;-0.099853515625;0.011273193359375;3.2799999917188;329;1 A;
58.6706128518709;-0.099822998046875;0.0109405517578125;3.28999999169355;330;1 A;
58.6806128518457;-0.099853515625;0.0108795166015625;3.2999999916683;331;1 A;
58.6906128518204;-0.099822998046875;0.010760498046875;3.30999999164305;332;1 A;
58.7006128517952;-0.099853515625;0.0108245849609375;3.31999999161781;333;1 A;
58.71061285177;-0.099822998046875;0.0108154296875;3.32999999159256;334;1 A;
58.7206128517447;-0.09991455078125;0.0105133056640625;3.33999999156731;335;1 A;
58.7306128517195;-0.099822998046875;0.01038818359375;3.34999999154206;336;1 A;
58.7406128516942;-0.09991455078125;0.010345458984375;3.35999999151682;337;1 A;
58.750612851669;-0.099884033203125;0.0102691650390625;3.36999999149157;338;1 A;
58.7606128516437;-0.099884033203125;0.0100433349609375;3.37999999146632;339;1 A;
58.7706128516185;-0.099945068359375;0.009918212890625;3.38999999144107;340;1 A;
58.7806128515932;-0.099822998046875;0.0099639892578125;3.39999999141583;341;1 A;
58.790612851568;-0.099884033203125;0.00980224609374999;3.40999999139058;342;1 A;
58.8006128515427;-0.09979248046875;0.00962219238281251;3.41999999136533;343;1 A;
58.8106128515175;-0.099945068359375;0.009539794921875;3.42999999134008;344;1 A;
58.8206128514922;-0.09991455078125;0.00946044921875;3.43999999131483;345;1 A;
58.830612851467;-0.099853515625;0.009442138671875;3.44999999128959;346;1 A;
58.8406128514417;-0.099884033203125;0.00916442871093751;3.45999999126434;347;1 A;
58.8506128514165;-0.099884033203125;0.00926513671875;3.46999999123909;348;1 A;
58.8606128513912;-0.099822998046875;0.0091522216796875;3.47999999121384;349;1 A;
58.870612851366;-0.099884033203125;0.0089263916015625;3.4899999911886;350;1 A;
58.8806128513407;-0.099853515625;0.00885009765625;3.49999999116335;351;1 A;
58.8906128513155;-0.099822998046875;0.008740234375;3.5099999911381;352;1 A;
58.9006128512902;-0.099884033203125;0.0087738037109375;3.51999999111285;353;1 A;
58.910612851265;-0.09979248046875;0.00877990722656249;3.52999999108761;354;1 A;
58.9206128512398;-0.099884033203125;0.00849609375;3.53999999106236;355;1 A;
58.9306128512145;-0.09991455078125;0.008465576171875;3.54999999103711;356;1 A;
58.9406128511893;-0.09991455078125;0.0084228515625;3.55999999101186;357;1 A;
58.950612851164;-0.09991455078125;0.00834045410156251;3.56999999098662;358;1 A;
58.9606128511388;-0.099884033203125;0.00819091796875;3.57999999096137;359;1 A;
58.9706128511135;-0.09991455078125;0.008087158203125;3.58999999093612;360;1 A;
58.9806128510883;-0.09991455078125;0.00818481445312499;3.59999999091087;361;1 A;
58.990612851063;-0.09991455078125;0.007965087890625;3.60999999088563;362;1 A;
59.0006128510378;-0.09991455078125;0.00786437988281249;3.61999999086038;363;1 A;
59.0106128510125;-0.09991455078125;0.00783691406250001;3.62999999083513;364;1 A;
59.0206128509873;-0.099884033203125;0.008087158203125;3.63999999080988;365;1 A;
59.030612850962;-0.099884033203125;0.00787353515625;3.64999999078464;366;1 A;
59.0406128509368;-0.099853515625;0.00756225585937501;3.65999999075939;367;1 A;
59.0506128509115;-0.099884033203125;0.0073577880859375;3.66999999073414;368;1 A;
59.0606128508863;-0.099884033203125;0.00750122070312501;3.67999999070889;369;1 A;
59.070612850861;-0.099853515625;0.00739440917968751;3.68999999068365;370;1 A;
59.0806128508358;-0.099884033203125;0.007244873046875;3.6999999906584;371;1 A;
59.0906128508105;-0.099761962890625;0.00712890625;3.70999999063315;372;1 A;
59.1006128507853;-0.099853515625;0.0072509765625;3.7199999906079;373;1 A;
59.11061285076;-0.09979248046875;0.007281494140625;3.72999999058266;374;1 A;
59.1206128507348;-0.099884033203125;0.00698242187500001;3.73999999055741;375;1 A;
59.1306128507096;-0.099822998046875;0.0069732666015625;3.74999999053216;376;1 A;
59.1406128506843;-0.099884033203125;0.0068695068359375;3.75999999050691;377;1 A;
59.1506128506591;-0.09979248046875;0.0068084716796875;3.76999999048167;378;1 A;
59.1606128506338;-0.099822998046875;0.00666198730468751;3.77999999045642;379;1 A;
59.1706128506086;-0.099822998046875;0.00659790039062499;3.78999999043117;380;1 A;
59.1806128505833;-0.099853515625;0.0067291259765625;3.79999999040592;381;1 A;
59.1906128505581;-0.099822998046875;0.00653991699218751;3.80999999038067;382;1 A;
59.2006128505328;-0.099884033203125;0.00646057128906249;3.81999999035543;383;1 A;
59.2106128505076;-0.099853515625;0.0063323974609375;3.82999999033018;384;1 A;
59.2206128504823;-0.099822998046875;0.0063934326171875;3.83999999030493;385;1 A;
59.2306128504571;-0.099884033203125;0.006317138671875;3.84999999027968;386;1 A;
59.2406128504318;-0.099884033203125;0.006060791015625;3.85999999025444;387;1 A;
59.2506128504066;-0.0999755859375;0.00600585937500001;3.86999999022919;388;1 A;
59.2606128503813;-0.099884033203125;0.00596923828125;3.87999999020394;389;1 A;
59.2706128503561;-0.099884033203125;0.0058624267578125;3.88999999017869;390;1 A;
59.2806128503308;-0.099884033203125;0.00576171875000001;3.89999999015345;391;1 A;
59.2906128503056;-0.099884033203125;0.00565490722656251;3.9099999901282;392;1 A;
59.3006128502803;-0.099884033203125;0.00575866699218749;3.91999999010295;393;1 A;
59.3106128502551;-0.09991455078125;0.005706787109375;3.9299999900777;394;1 A;
59.3206128502298;-0.099884033203125;0.00554809570312501;3.93999999005246;395;1 A;
59.3306128502046;-0.09991455078125;0.00552978515624999;3.94999999002721;396;1 A;
59.3406128501794;-0.099853515625;0.00556335449218751;3.95999999000196;397;1 A;
59.3506128501541;-0.099853515625;0.0054931640625;3.96999998997671;398;1 A;
59.3606128501289;-0.09991455078125;0.0052978515625;3.97999998995147;399;1 A;
59.3706128501036;-0.099822998046875;0.0052032470703125;3.98999998992622;400;1 A;
59.3806128500784;-0.099822998046875;0.0052764892578125;3.99999998990097;401;1 A;
59.3906128500531;-0.099853515625;0.00515136718750001;4.00999998987572;402;1 A;
59.4006128500279;-0.099822998046875;0.0050689697265625;4.01999998985048;403;1 A;
59.4106128500026;-0.09979248046875;0.005023193359375;4.02999998982523;404;1 A;
59.4206128499774;-0.099853515625;0.005126953125;4.03999998979998;405;1 A;
59.4306128499521;-0.099884033203125;0.005169677734375;4.04999998977473;406;1 A;
59.4406128499269;-0.099853515625;0.0048675537109375;4.05999998974949;407;1 A;
59.4506128499016;-0.099822998046875;0.00478210449218749;4.06999998972424;408;1 A;
59.4606128498764;-0.099853515625;0.00474853515625;4.07999998969899;409;1 A;
59.4706128498511;-0.099822998046875;0.004791259765625;4.08999998967374;410;1 A;
59.4806128498259;-0.099884033203125;0.00452880859375;4.0999999896485;411;1 A;
59.4906128498006;-0.099822998046875;0.00443115234374999;4.10999998962325;412;1 A;
59.5006128497754;-0.099822998046875;0.0045318603515625;4.119999989598;413;1 A;
59.5106128497501;-0.099853515625;0.0045806884765625;4.12999998957275;414;1 A;
59.5206128497249;-0.099853515625;0.004364013671875;4.1399999895475;415;1 A;
59.5306128496997;-0.099853515625;0.00430908203124999;4.14999998952226;416;1 A;
59.5406128496744;-0.099853515625;0.0043212890625;4.15999998949701;417;1 A;
59.5506128496492;-0.099884033203125;0.00429687500000001;4.16999998947176;418;1 A;
59.5606128496239;-0.099853515625;0.00408935546875;4.17999998944651;419;1 A;
59.5706128495987;-0.099822998046875;0.0039825439453125;4.18999998942127;420;1 A;
59.5806128495734;-0.099884033203125;0.00393066406250001;4.19999998939602;421;1 A;
59.5906128495482;-0.099853515625;0.003936767578125;4.20999998937077;422;1 A;
59.6006128495229;-0.099822998046875;0.0037994384765625;4.21999998934552;423;1 A;
59.6106128494977;-0.099884033203125;0.00375976562499999;4.22999998932028;424;1 A;
59.6206128494724;-0.09991455078125;0.003802490234375;4.23999998929503;425;1 A;
59.6306128494472;-0.09991455078125;0.00377502441406249;4.24999998926978;426;1 A;
59.6406128494219;-0.099884033203125;0.003619384765625;4.25999998924453;427;1 A;
59.6506128493967;-0.099884033203125;0.00359497070312501;4.26999998921929;428;1 A;
59.6606128493714;-0.099884033203125;0.00360717773437499;4.27999998919404;429;1 A;
59.6706128493462;-0.09991455078125;0.003619384765625;4.28999998916879;430;1 A;
59.6806128493209;-0.099884033203125;0.003466796875;4.29999998914354;431;1 A;
59.6906128492957;-0.09991455078125;0.00340576171875;4.3099999891183;432;1 A;
59.7006128492704;-0.099884033203125;0.003448486328125;4.31999998909305;433;1 A;
59.7106128492452;-0.099853515625;0.00336608886718751;4.3299999890678;434;1 A;
59.7206128492199;-0.099853515625;0.0032806396484375;4.33999998904255;435;1 A;
59.7306128491947;-0.099822998046875;0.00325622558593749;4.34999998901731;436;1 A;
59.7406128491695;-0.099853515625;0.0033721923828125;4.35999998899206;437;1 A;
59.7506128491442;-0.099853515625;0.003326416015625;4.36999998896681;438;1 A;
59.760612849119;-0.099822998046875;0.00310668945312501;4.37999998894156;439;1 A;
59.7706128490937;-0.09979248046875;0.0030487060546875;4.38999998891632;440;1 A;
59.7806128490685;-0.099884033203125;0.0030364990234375;4.39999998889107;441;1 A;
59.7906128490432;-0.09979248046875;0.0030181884765625;4.40999998886582;442;1 A;
59.800612849018;-0.09991455078125;0.00289306640625001;4.41999998884057;443;1 A;
59.8106128489927;-0.099822998046875;0.00287475585937499;4.42999998881533;444;1 A;
59.8206128489675;-0.099853515625;0.00294189453125;4.43999998879008;445;1 A;
59.8306128489422;-0.09979248046875;0.00290832519531251;4.44999998876483;446;1 A;
59.840612848917;-0.099884033203125;0.00274658203125;4.45999998873958;447;1 A;
59.8506128488917;-0.099884033203125;0.0027191162109375;4.46999998871433;448;1 A;
59.8606128488665;-0.099822998046875;0.00269470214843751;4.47999998868909;449;1 A;
59.8706128488412;-0.099853515625;0.002734375;4.48999998866384;450;1 A;
59.880612848816;-0.099853515625;0.0025604248046875;4.49999998863859;451;1 A;
59.8906128487907;-0.09991455078125;0.00240478515625001;4.50999998861334;452;1 A;
59.9006128487655;-0.099884033203125;0.00238952636718751;4.5199999885881;453;1 A;
59.9106128487402;-0.09991455078125;0.00232849121093751;4.52999998856285;454;1 A;
59.920612848715;-0.09991455078125;0.00223388671874999;4.5399999885376;455;1 A;
59.9306128486897;-0.09991455078125;0.002117919921875;4.54999998851235;456;1 A;
59.9406128486645;-0.099884033203125;0.0021636962890625;4.55999998848711;457;1 A;
59.9506128486393;-0.0999755859375;0.00213012695312501;4.56999998846186;458;1 A;
59.960612848614;-0.099853515625;0.0020172119140625;4.57999998843661;459;1 A;
59.9706128485888;-0.099884033203125;0.00200500488281249;4.58999998841136;460;1 A;
59.9806128485635;-0.099884033203125;0.00197448730468749;4.59999998838612;461;1 A;
59.9906128485383;-0.099884033203125;0.00199279785156251;4.60999998836087;462;1 A;
60.000612848513;-0.099853515625;0.0018951416015625;4.61999998833562;463;1 A;
60.0106128484878;-0.099884033203125;0.0018310546875;4.62999998831037;464;1 A;
60.0206128484625;-0.099884033203125;0.00188598632812501;4.63999998828513;465;1 A;
60.0306128484373;-0.099853515625;0.00186767578124999;4.64999998825988;466;1 A;
60.040612848412;-0.09991455078125;0.0017242431640625;4.65999998823463;467;1 A;
60.0506128483868;-0.099884033203125;0.0016815185546875;4.66999998820938;468;1 A;
60.0606128483615;-0.09991455078125;0.0017059326171875;4.67999998818414;469;1 A;
60.0706128483363;-0.099822998046875;0.0017578125;4.68999998815889;470;1 A;
60.080612848311;-0.099853515625;0.0015411376953125;4.69999998813364;471;1 A;
60.0906128482858;-0.099822998046875;0.001416015625;4.70999998810839;472;1 A;
60.1006128482605;-0.099853515625;0.0014312744140625;4.71999998808315;473;1 A;
60.1106128482353;-0.09979248046875;0.0014007568359375;4.7299999880579;474;1 A;
60.12061284821;-0.099853515625;0.00127563476562501;4.73999998803265;475;1 A;
60.1306128481848;-0.099822998046875;0.0012359619140625;4.7499999880074;476;1 A;
60.1406128481595;-0.099822998046875;0.00122985839843751;4.75999998798216;477;1 A;
60.1506128481343;-0.099853515625;0.00124206542968749;4.76999998795691;478;1 A;
60.1606128481091;-0.099822998046875;0.00104370117187499;4.77999998793166;479;1 A;
60.1706128480838;-0.099853515625;0.000979614257812497;4.78999998790641;480;1 A;
60.1806128480586;-0.099884033203125;0.000970458984375006;4.79999998788116;481;1 A;
60.1906128480333;-0.099884033203125;0.000994873046874997;4.80999998785592;482;1 A;
60.2006128480081;-0.099822998046875;0.0008392333984375;4.81999998783067;483;1 A;
60.2106128479828;-0.099853515625;0.000811767578124997;4.82999998780542;484;1 A;
60.2206128479576;-0.099853515625;0.000811767578124997;4.83999998778017;485;1 A;
60.2306128479323;-0.099853515625;0.000756835937500006;4.84999998775493;486;1 A;
60.2406128479071;-0.099884033203125;0.000732421875;4.85999998772968;487;1 A;
60.2506128478818;-0.09991455078125;0.000704956054687497;4.86999998770443;488;1 A;
60.2606128478566;-0.099853515625;0.000756835937500006;4.87999998767918;489;1 A;
60.2706128478313;-0.09991455078125;0.000814819335937494;4.88999998765394;490;1 A;
60.2806128478061;-0.099853515625;0.000662231445312494;4.89999998762869;491;1 A;
60.2906128477808;-0.09991455078125;0.000579833984375;4.90999998760344;492;1 A;
60.3006128477556;-0.099945068359375;0.000567626953124997;4.91999998757819;493;1 A;
60.3106128477303;-0.09991455078125;0.000579833984375;4.92999998755295;494;1 A;
60.3206128477051;-0.099853515625;0.000457763671875;4.9399999875277;495;1 A;
60.3306128476798;-0.099884033203125;0.0003814697265625;4.94999998750245;496;1 A;
60.3406128476546;-0.099853515625;0.000408935546875003;4.9599999874772;497;1 A;
60.3506128476293;-0.099884033203125;0.000314331054687506;4.96999998745196;498;1 A;
60.3606128476041;-0.099853515625;0.000219726562499994;4.97999998742671;499;1 A;
60.3706128475789;-0.099822998046875;9.1552734375E-05;4.98999998740146;500;1 A;
60.3806128475536;-0.099822998046875;0.000180053710937503;4.99999998737621;501;1 A;
60.3906128475284;-0.099853515625;0.000241088867187503;5.00999998735097;502;1 A;
60.4006128475031;-0.099853515625;7.62939453125E-05;5.01999998732572;503;1 A;
60.4106128474779;-0.099822998046875;1.22070312500028E-05;5.02999998730047;504;1 A;
60.4206128474526;-0.099761962890625;6.10351562499445E-06;5.03999998727522;505;1 A;
60.4306128474274;-0.099822998046875;-8.85009765625028E-05;5.04999998724998;506;1 A;
60.4406128474021;-0.099822998046875;-0.000189208984374994;5.05999998722473;507;1 A;
60.4506128473769;-0.099853515625;-0.000241088867187503;5.06999998719948;508;1 A;
60.4606128473516;-0.099884033203125;-0.000186157226562497;5.07999998717423;509;1 A;
60.4706128473264;-0.099822998046875;-0.00018310546875;5.08999998714899;510;1 A;
60.4806128473011;-0.099884033203125;-0.0003204345703125;5.09999998712374;511;1 A;
60.4906128472759;-0.099853515625;-0.0003662109375;5.10999998709849;512;1 A;
60.5006128472506;-0.099853515625;-0.000396728515625;5.11999998707324;513;1 A;
60.5106128472254;-0.099822998046875;-0.0003662109375;5.129999987048;514;1 A;
60.5206128472001;-0.099853515625;-0.000506591796874997;5.13999998702275;515;1 A;
60.5306128471749;-0.099822998046875;-0.000570678710937494;5.1499999869975;516;1 A;
60.5406128471496;-0.099884033203125;-0.000527954101562506;5.15999998697225;517;1 A;
60.5506128471244;-0.099853515625;-0.000567626953124997;5.169999986947;518;1 A;
60.5606128470992;-0.09991455078125;-0.000650024414062506;5.17999998692176;519;1 A;
60.5706128470739;-0.09991455078125;-0.000720214843749997;5.18999998689651;520;1 A;
60.5806128470487;-0.099884033203125;-0.000662231445312494;5.19999998687126;521;1 A;
60.5906128470234;-0.099945068359375;-0.000640869140625;5.20999998684601;522;1 A;
60.6006128469982;-0.099884033203125;-0.000741577148437506;5.21999998682077;523;1 A;
60.6106128469729;-0.099945068359375;-0.000784301757812494;5.22999998679552;524;1 A;
60.6206128469477;-0.099884033203125;-0.000823974609375;5.23999998677027;525;1 A;
60.6306128469224;-0.09991455078125;-0.000866699218750003;5.24999998674502;526;1 A;
60.6406128468972;-0.09991455078125;-0.000949096679687497;5.25999998671978;527;1 A;
60.6506128468719;-0.099945068359375;-0.0010528564453125;5.26999998669453;528;1 A;
60.6606128468467;-0.099884033203125;-0.00101318359374999;5.27999998666928;529;1 A;
60.6706128468214;-0.099884033203125;-0.000985717773437506;5.28999998664403;530;1 A;
60.6806128467962;-0.099822998046875;-0.00115356445312501;5.29999998661879;531;1 A;
60.6906128467709;-0.09979248046875;-0.00121154785156249;5.30999998659354;532;1 A;
60.7006128467457;-0.09991455078125;-0.00124511718750001;5.31999998656829;533;1 A;
60.7106128467204;-0.099822998046875;-0.001202392578125;5.32999998654304;534;1 A;
60.7206128466952;-0.099884033203125;-0.00132141113281251;5.3399999865178;535;1 A;
60.7306128466699;-0.099853515625;-0.0014068603515625;5.34999998649255;536;1 A;
60.7406128466447;-0.09991455078125;-0.00138244628906251;5.3599999864673;537;1 A;
60.7506128466194;-0.09979248046875;-0.001422119140625;5.36999998644205;538;1 A;
60.7606128465942;-0.099884033203125;-0.00150146484374999;5.37999998641681;539;1 A;
60.770612846569;-0.099822998046875;-0.00155029296875001;5.38999998639156;540;1 A;
60.7806128465437;-0.09991455078125;-0.00153198242187499;5.39999998636631;541;1 A;
60.7906128465185;-0.099853515625;-0.001483154296875;5.40999998634106;542;1 A;
60.8006128464932;-0.099884033203125;-0.0016021728515625;5.41999998631582;543;1 A;
60.810612846468;-0.099853515625;-0.001617431640625;5.42999998629057;544;1 A;
60.8206128464427;-0.099884033203125;-0.0016448974609375;5.43999998626532;545;1 A;
60.8306128464175;-0.099853515625;-0.00159912109375;5.44999998624007;546;1 A;
60.8406128463922;-0.099884033203125;-0.00165405273437499;5.45999998621483;547;1 A;
60.850612846367;-0.099853515625;-0.00170288085937501;5.46999998618958;548;1 A;
60.8606128463417;-0.099853515625;-0.0016754150390625;5.47999998616433;549;1 A;
60.8706128463165;-0.09991455078125;-0.00166931152343749;5.48999998613908;550;1 A;
60.8806128462912;-0.099822998046875;-0.00176391601562501;5.49999998611383;551;1 A;
60.890612846266;-0.099884033203125;-0.001788330078125;5.50999998608859;552;1 A;
60.9006128462407;-0.099853515625;-0.00177917480468751;5.51999998606334;553;1 A;
60.9106128462155;-0.099884033203125;-0.001727294921875;5.52999998603809;554;1 A;
60.9206128461902;-0.099853515625;-0.00184020996093751;5.53999998601284;555;1 A;
60.930612846165;-0.099945068359375;-0.00188293457031249;5.5499999859876;556;1 A;
60.9406128461397;-0.099853515625;-0.00183715820312499;5.55999998596235;557;1 A;
60.9506128461145;-0.09991455078125;-0.001873779296875;5.5699999859371;558;1 A;
60.9606128460892;-0.099884033203125;-0.00194091796875;5.57999998591185;559;1 A;
60.970612846064;-0.099884033203125;-0.00197753906250001;5.58999998588661;560;1 A;
60.9806128460388;-0.099822998046875;-0.001971435546875;5.59999998586136;561;1 A;
60.9906128460135;-0.099945068359375;-0.001934814453125;5.60999998583611;562;1 A;
61.0006128459883;-0.099884033203125;-0.00203857421875001;5.61999998581086;563;1 A;
61.010612845963;-0.09991455078125;-0.0020599365234375;5.62999998578562;564;1 A;
61.0206128459378;-0.099853515625;-0.002093505859375;5.63999998576037;565;1 A;
61.0306128459125;-0.099853515625;-0.00206909179687501;5.64999998573512;566;1 A;
61.0406128458873;-0.099884033203125;-0.0021331787109375;5.65999998570987;567;1 A;
61.050612845862;-0.099822998046875;-0.002178955078125;5.66999998568463;568;1 A;
61.0606128458368;-0.099853515625;-0.0021514892578125;5.67999998565938;569;1 A;
61.0706128458115;-0.099822998046875;-0.00217590332031251;5.68999998563413;570;1 A;
61.0806128457863;-0.099853515625;-0.00225219726562501;5.69999998560888;571;1 A;
61.090612845761;-0.09979248046875;-0.0022705078125;5.70999998558364;572;1 A;
61.1006128457358;-0.099822998046875;-0.00226745605468751;5.71999998555839;573;1 A;
61.1106128457105;-0.099853515625;-0.002239990234375;5.72999998553314;574;1 A;
61.1206128456853;-0.099884033203125;-0.002349853515625;5.73999998550789;575;1 A;
61.13061284566;-0.099884033203125;-0.00240478515625001;5.74999998548265;576;1 A;
61.1406128456348;-0.099884033203125;-0.002410888671875;5.7599999854574;577;1 A;
61.1506128456095;-0.099853515625;-0.002471923828125;5.76999998543215;578;1 A;
61.1606128455843;-0.09991455078125;-0.002532958984375;5.7799999854069;579;1 A;
61.170612845559;-0.099853515625;-0.00257568359375;5.78999998538166;580;1 A;
61.1806128455338;-0.099884033203125;-0.0025360107421875;5.79999998535641;581;1 A;
61.1906128455086;-0.09991455078125;-0.0025054931640625;5.80999998533116;582;1 A;
61.2006128454833;-0.099884033203125;-0.00255126953125;5.81999998530591;583;1 A;
61.2106128454581;-0.099884033203125;-0.00258789062500001;5.82999998528066;584;1 A;
61.2206128454328;-0.099884033203125;-0.00260009765624999;5.83999998525542;585;1 A;
61.2306128454076;-0.09991455078125;-0.0025787353515625;5.84999998523017;586;1 A;
61.2406128453823;-0.099884033203125;-0.00264892578125001;5.85999998520492;587;1 A;
61.2506128453571;-0.09991455078125;-0.0027191162109375;5.86999998517967;588;1 A;
61.2606128453318;-0.099884033203125;-0.0026885986328125;5.87999998515443;589;1 A;
61.2706128453066;-0.099853515625;-0.0027130126953125;5.88999998512918;590;1 A;
61.2806128452813;-0.099853515625;-0.00277099609375001;5.89999998510393;591;1 A;
61.2906128452561;-0.09991455078125;-0.0028076171875;5.90999998507868;592;1 A;
61.3006128452308;-0.099822998046875;-0.00279541015625;5.91999998505344;593;1 A;
61.3106128452056;-0.099853515625;-0.00274658203125;5.92999998502819;594;1 A;
61.3206128451803;-0.09991455078125;-0.0028350830078125;5.93999998500294;595;1 A;
61.3306128451551;-0.099822998046875;-0.0028533935546875;5.94999998497769;596;1 A;
61.3406128451298;-0.099853515625;-0.00284729003906251;5.95999998495245;597;1 A;
61.3506128451046;-0.099884033203125;-0.00278320312499999;5.9699999849272;598;1 A;
61.3606128450793;-0.099884033203125;-0.002850341796875;5.97999998490195;599;1 A;
61.3706128450541;-0.099853515625;-0.00292053222656249;5.9899999848767;600;1 A;
61.3806128450288;-0.099853515625;-0.0028839111328125;5.99999998485146;601;1 A;
61.3906128450036;-0.09979248046875;-0.00290527343749999;6.00999998482621;602;1 A;
61.4006128449784;-0.099853515625;-0.0029937744140625;6.01999998480096;603;1 A;
61.4106128449531;-0.099853515625;-0.003009033203125;6.02999998477571;604;1 A;
61.4206128449279;-0.099853515625;-0.003009033203125;6.03999998475047;605;1 A;
61.4306128449026;-0.099822998046875;-0.0029937744140625;6.04999998472522;606;1 A;
61.4406128448774;-0.099853515625;-0.0030487060546875;6.05999998469997;607;1 A;
61.4506128448521;-0.099853515625;-0.0031158447265625;6.06999998467472;608;1 A;
61.4606128448269;-0.09991455078125;-0.003094482421875;6.07999998464948;609;1 A;
61.4706128448016;-0.099884033203125;-0.003125;6.08999998462423;610;1 A;
61.4806128447764;-0.09991455078125;-0.0031402587890625;6.09999998459898;611;1 A;
61.4906128447511;-0.099853515625;-0.0031585693359375;6.10999998457373;612;1 A;
61.5006128447259;-0.099853515625;-0.00316162109375;6.11999998454849;613;1 A;
61.5106128447006;-0.09991455078125;-0.0031463623046875;6.12999998452324;614;1 A;
61.5206128446754;-0.099853515625;-0.003277587890625;6.13999998449799;615;1 A;
61.5306128446501;-0.09991455078125;-0.00330810546875;6.14999998447274;616;1 A;
61.5406128446249;-0.09991455078125;-0.003314208984375;6.1599999844475;617;1 A;
61.5506128445996;-0.09991455078125;-0.003277587890625;6.16999998442225;618;1 A;
61.5606128445744;-0.099853515625;-0.00331726074218749;6.179999984397;619;1 A;
61.5706128445491;-0.099945068359375;-0.00339355468749999;6.18999998437175;620;1 A;
61.5806128445239;-0.099884033203125;-0.00340576171875;6.1999999843465;621;1 A;
61.5906128444987;-0.099945068359375;-0.00340881347656249;6.20999998432126;622;1 A;
61.6006128444734;-0.099884033203125;-0.00348815917968751;6.21999998429601;623;1 A;
61.6106128444482;-0.099853515625;-0.003509521484375;6.22999998427076;624;1 A;
61.6206128444229;-0.099822998046875;-0.00353393554687501;6.23999998424551;625;1 A;
61.6306128443977;-0.099853515625;-0.00353088378906249;6.24999998422027;626;1 A;
61.6406128443724;-0.099884033203125;-0.00361022949218751;6.25999998419502;627;1 A;
61.6506128443472;-0.099853515625;-0.00364074707031251;6.26999998416977;628;1 A;
61.6606128443219;-0.099884033203125;-0.003643798828125;6.27999998414452;629;1 A;
61.6706128442967;-0.099822998046875;-0.00363769531249999;6.28999998411928;630;1 A;
61.6806128442714;-0.099884033203125;-0.0036590576171875;6.29999998409403;631;1 A;
61.6906128442462;-0.09979248046875;-0.00371704101562501;6.30999998406878;632;1 A;
61.7006128442209;-0.099853515625;-0.00370178222656251;6.31999998404353;633;1 A;
61.7106128441957;-0.09979248046875;-0.00364990234375;6.32999998401829;634;1 A;
61.7206128441704;-0.099853515625;-0.0037384033203125;6.33999998399304;635;1 A;
61.7306128441452;-0.099853515625;-0.0037841796875;6.34999998396779;636;1 A;
61.7406128441199;-0.099884033203125;-0.00379028320312499;6.35999998394254;637;1 A;
61.7506128440947;-0.09979248046875;-0.0037994384765625;6.3699999839173;638;1 A;
61.7606128440694;-0.099853515625;-0.00383911132812501;6.37999998389205;639;1 A;
61.7706128440442;-0.099884033203125;-0.00389709472656249;6.3899999838668;640;1 A;
61.7806128440189;-0.09979248046875;-0.0038787841796875;6.39999998384155;641;1 A;
61.7906128439937;-0.09979248046875;-0.003887939453125;6.40999998381631;642;1 A;
61.8006128439685;-0.099884033203125;-0.0039398193359375;6.41999998379106;643;1 A;
61.8106128439432;-0.099884033203125;-0.00396118164062501;6.42999998376581;644;1 A;
61.820612843918;-0.099853515625;-0.00393066406250001;6.43999998374056;645;1 A;
61.8306128438927;-0.099884033203125;-0.00389404296875;6.44999998371532;646;1 A;
61.8406128438675;-0.099884033203125;-0.00394592285156251;6.45999998369007;647;1 A;
61.8506128438422;-0.099884033203125;-0.0039794921875;6.46999998366482;648;1 A;
61.860612843817;-0.099853515625;-0.00395812988281249;6.47999998363957;649;1 A;
61.8706128437917;-0.099884033203125;-0.0039398193359375;6.48999998361433;650;1 A;
61.8806128437665;-0.099853515625;-0.0039642333984375;6.49999998358908;651;1 A;
61.8906128437412;-0.099884033203125;-0.0039825439453125;6.50999998356383;652;1 A;
61.900612843716;-0.099884033203125;-0.0039642333984375;6.51999998353858;653;1 A;
61.9106128436907;-0.09991455078125;-0.003936767578125;6.52999998351333;654;1 A;
61.9206128436655;-0.099884033203125;-0.00401916503906249;6.53999998348809;655;1 A;
61.9306128436402;-0.099853515625;-0.004046630859375;6.54999998346284;656;1 A;
61.940612843615;-0.099853515625;-0.0040740966796875;6.55999998343759;657;1 A;
61.9506128435897;-0.099853515625;-0.00408935546875;6.56999998341234;658;1 A;
61.9606128435645;-0.099853515625;-0.004168701171875;6.5799999833871;659;1 A;
61.9706128435392;-0.099884033203125;-0.0042236328125;6.58999998336185;660;1 A;
61.980612843514;-0.099884033203125;-0.004193115234375;6.5999999833366;661;1 A;
61.9906128434887;-0.09991455078125;-0.00415954589843751;6.60999998331135;662;1 A;
62.0006128434635;-0.099884033203125;-0.004180908203125;6.61999998328611;663;1 A;
62.0106128434383;-0.099822998046875;-0.004180908203125;6.62999998326086;664;1 A;
62.020612843413;-0.099853515625;-0.0041473388671875;6.63999998323561;665;1 A;
62.0306128433878;-0.099822998046875;-0.004107666015625;6.64999998321036;666;1 A;
62.0406128433625;-0.09991455078125;-0.004180908203125;6.65999998318512;667;1 A;
62.0506128433373;-0.099853515625;-0.004241943359375;6.66999998315987;668;1 A;
62.060612843312;-0.09991455078125;-0.00424804687499999;6.67999998313462;669;1 A;
62.0706128432868;-0.099822998046875;-0.0042572021484375;6.68999998310937;670;1 A;
62.0806128432615;-0.099822998046875;-0.004315185546875;6.69999998308413;671;1 A;
62.0906128432363;-0.099853515625;-0.00438537597656249;6.70999998305888;672;1 A;
62.100612843211;-0.099884033203125;-0.004412841796875;6.71999998303363;673;1 A;
62.1106128431858;-0.09991455078125;-0.00441589355468749;6.72999998300838;674;1 A;
62.1206128431605;-0.099884033203125;-0.00449523925781251;6.73999998298314;675;1 A;
62.1306128431353;-0.09991455078125;-0.0045654296875;6.74999998295789;676;1 A;
62.14061284311;-0.099853515625;-0.0045745849609375;6.75999998293264;677;1 A;
62.1506128430848;-0.09991455078125;-0.00457153320312501;6.76999998290739;678;1 A;
62.1606128430595;-0.099853515625;-0.00461425781249999;6.77999998288215;679;1 A;
62.1706128430343;-0.09991455078125;-0.00466003417968749;6.7899999828569;680;1 A;
62.180612843009;-0.09991455078125;-0.00461730957031251;6.79999998283165;681;1 A;
62.1906128429838;-0.0999755859375;-0.00457763671875;6.8099999828064;682;1 A;
62.2006128429585;-0.099853515625;-0.004608154296875;6.81999998278116;683;1 A;
62.2106128429333;-0.099945068359375;-0.004638671875;6.82999998275591;684;1 A;
62.2206128429081;-0.099853515625;-0.00461425781249999;6.83999998273066;685;1 A;
62.2306128428828;-0.099884033203125;-0.00457153320312501;6.84999998270541;686;1 A;
62.2406128428576;-0.099853515625;-0.004656982421875;6.85999998268016;687;1 A;
62.2506128428323;-0.099884033203125;-0.004681396484375;6.86999998265492;688;1 A;
62.2606128428071;-0.099853515625;-0.0046661376953125;6.87999998262967;689;1 A;
62.2706128427818;-0.09991455078125;-0.00466308593750001;6.88999998260442;690;1 A;
62.2806128427566;-0.099884033203125;-0.00470886230468751;6.89999998257917;691;1 A;
62.2906128427313;-0.099884033203125;-0.00475158691406249;6.90999998255393;692;1 A;
62.3006128427061;-0.099884033203125;-0.00470886230468751;6.91999998252868;693;1 A;
62.3106128426808;-0.09979248046875;-0.00469055175781249;6.92999998250343;694;1 A;
62.3206128426556;-0.099884033203125;-0.00473632812499999;6.93999998247818;695;1 A;
62.3306128426303;-0.099822998046875;-0.00475158691406249;6.94999998245294;696;1 A;
62.3406128426051;-0.099822998046875;-0.0047271728515625;6.95999998242769;697;1 A;
62.3506128425798;-0.09979248046875;-0.0047119140625;6.96999998240244;698;1 A;
62.3606128425546;-0.09991455078125;-0.0047454833984375;6.97999998237719;699;1 A;
62.3706128425293;-0.099822998046875;-0.0048095703125;6.98999998235195;700;1 A;
62.3806128425041;-0.099822998046875;-0.00481567382812501;6.9999999823267;701;1 A;
62.3906128424788;-0.099853515625;-0.00481567382812501;7.00999998230145;702;1 A;
62.4006128424536;-0.09991455078125;-0.004840087890625;7.0199999822762;703;1 A;
62.4106128424283;-0.099822998046875;-0.004913330078125;7.02999998225096;704;1 A;
62.4206128424031;-0.099884033203125;-0.0049285888671875;7.03999998222571;705;1 A;
62.4306128423779;-0.099853515625;-0.00492248535156251;7.04999998220046;706;1 A;
62.4406128423526;-0.099853515625;-0.004974365234375;7.05999998217521;707;1 A;
62.4506128423274;-0.099822998046875;-0.00501098632812499;7.06999998214997;708;1 A;
62.4606128423021;-0.09991455078125;-0.00501708984375;7.07999998212472;709;1 A;
62.4706128422769;-0.099945068359375;-0.0050018310546875;7.08999998209947;710;1 A;
62.4806128422516;-0.099884033203125;-0.0050506591796875;7.09999998207422;711;1 A;
62.4906128422264;-0.0999755859375;-0.005078125;7.10999998204898;712;1 A;
62.5006128422011;-0.09991455078125;-0.00507507324218751;7.11999998202373;713;1 A;
62.5106128421759;-0.099884033203125;-0.0050384521484375;7.12999998199848;714;1 A;
62.5206128421506;-0.099884033203125;-0.00508728027343749;7.13999998197323;715;1 A;
62.5306128421254;-0.099945068359375;-0.00512084960937501;7.14999998194799;716;1 A;
62.5406128421001;-0.099822998046875;-0.005108642578125;7.15999998192274;717;1 A;
62.5506128420749;-0.099853515625;-0.0050994873046875;7.16999998189749;718;1 A;
62.5606128420496;-0.099822998046875;-0.005157470703125;7.17999998187224;719;1 A;
62.5706128420244;-0.099853515625;-0.005206298828125;7.189999981847;720;1 A;
62.5806128419991;-0.099884033203125;-0.0052001953125;7.19999998182175;721;1 A;
62.5906128419739;-0.099822998046875;-0.005169677734375;7.2099999817965;722;1 A;
62.6006128419486;-0.09979248046875;-0.00521240234375001;7.21999998177125;723;1 A;
62.6106128419234;-0.09979248046875;-0.005218505859375;7.229999981746;724;1 A;
62.6206128418982;-0.099884033203125;-0.0052032470703125;7.23999998172076;725;1 A;
62.6306128418729;-0.099761962890625;-0.005169677734375;7.24999998169551;726;1 A;
62.6406128418477;-0.099884033203125;-0.005206298828125;7.25999998167026;727;1 A;
62.6506128418224;-0.09979248046875;-0.00522460937499999;7.26999998164501;728;1 A;
62.6606128417972;-0.099853515625;-0.00519409179687499;7.27999998161977;729;1 A;
62.6706128417719;-0.09979248046875;-0.0051910400390625;7.28999998159452;730;1 A;
62.6806128417467;-0.099853515625;-0.00522766113281251;7.29999998156927;731;1 A;
62.6906128417214;-0.099853515625;-0.0052520751953125;7.30999998154402;732;1 A;
62.7006128416962;-0.099884033203125;-0.005279541015625;7.31999998151878;733;1 A;
62.7106128416709;-0.099853515625;-0.00523681640625;7.32999998149353;734;1 A;
62.7206128416457;-0.099853515625;-0.00531005859375;7.33999998146828;735;1 A;
62.7306128416204;-0.099853515625;-0.005352783203125;7.34999998144303;736;1 A;
62.7406128415952;-0.099884033203125;-0.0053375244140625;7.35999998141779;737;1 A;
62.7506128415699;-0.09991455078125;-0.0053131103515625;7.36999998139254;738;1 A;
62.7606128415447;-0.09991455078125;-0.005328369140625;7.37999998136729;739;1 A;
62.7706128415194;-0.09991455078125;-0.00537109375;7.38999998134204;740;1 A;
62.7806128414942;-0.099853515625;-0.0053558349609375;7.3999999813168;741;1 A;
62.7906128414689;-0.099884033203125;-0.00531921386718751;7.40999998129155;742;1 A;
62.8006128414437;-0.099853515625;-0.00535888671875;7.4199999812663;743;1 A;
62.8106128414184;-0.099945068359375;-0.00536499023437501;7.42999998124105;744;1 A;
62.8206128413932;-0.099822998046875;-0.00536499023437501;7.43999998121581;745;1 A;
62.830612841368;-0.099945068359375;-0.0053253173828125;7.44999998119056;746;1 A;
62.8406128413427;-0.09979248046875;-0.00533142089843749;7.45999998116531;747;1 A;
62.8506128413175;-0.09991455078125;-0.00536499023437501;7.46999998114006;748;1 A;
62.8606128412922;-0.099884033203125;-0.00533447265625001;7.47999998111482;749;1 A;
62.870612841267;-0.099822998046875;-0.0053131103515625;7.48999998108957;750;1 A;
62.8806128412417;-0.099853515625;-0.005322265625;7.49999998106432;751;1 A;
62.8906128412165;-0.099853515625;-0.00533142089843749;7.50999998103907;752;1 A;
62.9006128411912;-0.099853515625;-0.005291748046875;7.51999998101383;753;1 A;
62.910612841166;-0.099853515625;-0.00522766113281251;7.52999998098858;754;1 A;
62.9206128411407;-0.099822998046875;-0.0052520751953125;7.53999998096333;755;1 A;
62.9306128411155;-0.099853515625;-0.0052337646484375;7.54999998093808;756;1 A;
62.9406128410902;-0.09991455078125;-0.0052215576171875;7.55999998091283;757;1 A;
62.950612841065;-0.099822998046875;-0.00519714355468751;7.56999998088759;758;1 A;
62.9606128410397;-0.099853515625;-0.005218505859375;7.57999998086234;759;1 A;
62.9706128410145;-0.099822998046875;-0.00525512695312499;7.58999998083709;760;1 A;
62.9806128409892;-0.099853515625;-0.00525512695312499;7.59999998081184;761;1 A;
62.990612840964;-0.099822998046875;-0.00524291992187501;7.6099999807866;762;1 A;
63.0006128409387;-0.099853515625;-0.00530090332031249;7.61999998076135;763;1 A;
63.0106128409135;-0.099853515625;-0.005322265625;7.6299999807361;764;1 A;
63.0206128408882;-0.099884033203125;-0.00533447265625001;7.63999998071085;765;1 A;
63.030612840863;-0.099884033203125;-0.00531921386718751;7.64999998068561;766;1 A;
63.0406128408378;-0.099884033203125;-0.00538330078125;7.65999998066036;767;1 A;
63.0506128408125;-0.099853515625;-0.0054351806640625;7.66999998063511;768;1 A;
63.0606128407873;-0.099884033203125;-0.0054290771484375;7.67999998060986;769;1 A;
63.070612840762;-0.09991455078125;-0.0054351806640625;7.68999998058462;770;1 A;
63.0806128407368;-0.099884033203125;-0.005450439453125;7.69999998055937;771;1 A;
63.0906128407115;-0.099884033203125;-0.00547180175781251;7.70999998053412;772;1 A;
63.1006128406863;-0.099822998046875;-0.0054473876953125;7.71999998050887;773;1 A;
63.110612840661;-0.09991455078125;-0.0053985595703125;7.72999998048363;774;1 A;
63.1206128406358;-0.099853515625;-0.00543823242187499;7.73999998045838;775;1 A;
63.1306128406105;-0.099884033203125;-0.005401611328125;7.74999998043313;776;1 A;
63.1406128405853;-0.099884033203125;-0.0054443359375;7.75999998040788;777;1 A;
63.15061284056;-0.099884033203125;-0.005419921875;7.76999998038264;778;1 A;
63.1606128405348;-0.099884033203125;-0.005462646484375;7.77999998035739;779;1 A;
63.1706128405095;-0.099822998046875;-0.00551757812500001;7.78999998033214;780;1 A;
63.1806128404843;-0.099822998046875;-0.0054779052734375;7.79999998030689;781;1 A;
63.190612840459;-0.099884033203125;-0.00544128417968751;7.80999998028165;782;1 A;
63.2006128404338;-0.099884033203125;-0.005474853515625;7.8199999802564;783;1 A;
63.2106128404085;-0.099853515625;-0.00549926757812499;7.82999998023115;784;1 A;
63.2206128403833;-0.099822998046875;-0.00550231933593751;7.8399999802059;785;1 A;
63.230612840358;-0.099822998046875;-0.00548095703125;7.84999998018066;786;1 A;
63.2406128403328;-0.099884033203125;-0.0055206298828125;7.85999998015541;787;1 A;
63.2506128403076;-0.099853515625;-0.00555419921875;7.86999998013016;788;1 A;
63.2606128402823;-0.099853515625;-0.0055267333984375;7.87999998010491;789;1 A;
63.2706128402571;-0.099822998046875;-0.0055267333984375;7.88999998007966;790;1 A;
63.2806128402318;-0.099822998046875;-0.0055511474609375;7.89999998005442;791;1 A;
63.2906128402066;-0.099853515625;-0.0055694580078125;7.90999998002917;792;1 A;
63.3006128401813;-0.09979248046875;-0.0055419921875;7.91999998000392;793;1 A;
63.3106128401561;-0.099822998046875;-0.00550231933593751;7.92999997997867;794;1 A;
63.3206128401308;-0.099853515625;-0.00556335449218751;7.93999997995343;795;1 A;
63.3306128401056;-0.099884033203125;-0.0055999755859375;7.94999997992818;796;1 A;
63.3406128400803;-0.099884033203125;-0.005596923828125;7.95999997990293;797;1 A;
63.3506128400551;-0.09991455078125;-0.00562133789062499;7.96999997987768;798;1 A;
63.3606128400298;-0.09991455078125;-0.00566711425781249;7.97999997985244;799;1 A;
63.3706128400046;-0.099945068359375;-0.00572509765625;7.98999997982719;800;1 A;
63.3806128399793;-0.099884033203125;-0.0057098388671875;7.99999997980194;801;1 A;
63.3906128399541;-0.09991455078125;-0.0056732177734375;8.00999997977669;802;1 A;
63.4006128399288;-0.09991455078125;-0.005706787109375;8.01999997975145;803;1 A;
63.4106128399036;-0.099853515625;-0.005706787109375;8.0299999797262;804;1 A;
63.4206128398783;-0.099822998046875;-0.0056915283203125;8.03999997970095;805;1 A;
63.4306128398531;-0.099884033203125;-0.00567016601562501;8.0499999796757;806;1 A;
63.4406128398278;-0.099822998046875;-0.005706787109375;8.05999997965046;807;1 A;
63.4506128398026;-0.09991455078125;-0.00574951171875;8.06999997962521;808;1 A;
63.4606128397774;-0.09991455078125;-0.0057037353515625;8.07999997959996;809;1 A;
63.4706128397521;-0.09991455078125;-0.0057098388671875;8.08999997957471;810;1 A;
63.4806128397269;-0.099822998046875;-0.00574340820312499;8.09999997954947;811;1 A;
63.4906128397016;-0.09991455078125;-0.005767822265625;8.10999997952422;812;1 A;
63.5006128396764;-0.099853515625;-0.00576171875000001;8.11999997949897;813;1 A;
63.5106128396511;-0.09979248046875;-0.00572509765625;8.12999997947372;814;1 A;
63.5206128396259;-0.099822998046875;-0.0057708740234375;8.13999997944848;815;1 A;
63.5306128396006;-0.099884033203125;-0.00577697753906251;8.14999997942323;816;1 A;
63.5406128395754;-0.099884033203125;-0.00574951171875;8.15999997939798;817;1 A;
63.5506128395501;-0.099822998046875;-0.005718994140625;8.16999997937273;818;1 A;
63.5606128395249;-0.099853515625;-0.00573120117187501;8.17999997934749;819;1 A;
63.5706128394996;-0.099853515625;-0.00574340820312499;8.18999997932224;820;1 A;
63.5806128394744;-0.099822998046875;-0.00568237304687499;8.19999997929699;821;1 A;
63.5906128394491;-0.099761962890625;-0.0056427001953125;8.20999997927174;822;1 A;
63.6006128394239;-0.099853515625;-0.00567626953125;8.2199999792465;823;1 A;
63.6106128393986;-0.099822998046875;-0.00568237304687499;8.22999997922125;824;1 A;
63.6206128393734;-0.09991455078125;-0.0056732177734375;8.239999979196;825;1 A;
63.6306128393481;-0.099853515625;-0.0056488037109375;8.24999997917075;826;1 A;
63.6406128393229;-0.099884033203125;-0.0056793212890625;8.2599999791455;827;1 A;
63.6506128392977;-0.099884033203125;-0.00572814941406249;8.26999997912026;828;1 A;
63.6606128392724;-0.099884033203125;-0.005694580078125;8.27999997909501;829;1 A;
63.6706128392472;-0.099884033203125;-0.0057220458984375;8.28999997906976;830;1 A;
63.6806128392219;-0.099884033203125;-0.00574340820312499;8.29999997904451;831;1 A;
63.6906128391967;-0.099884033203125;-0.0057708740234375;8.30999997901927;832;1 A;
63.7006128391714;-0.09991455078125;-0.00574340820312499;8.31999997899402;833;1 A;
63.7106128391462;-0.099884033203125;-0.0057342529296875;8.32999997896877;834;1 A;
63.7206128391209;-0.09991455078125;-0.00579833984375;8.33999997894352;835;1 A;
63.7306128390957;-0.099884033203125;-0.0058319091796875;8.34999997891828;836;1 A;
63.7406128390704;-0.099884033203125;-0.00583496093749999;8.35999997889303;837;1 A;
63.7506128390452;-0.099884033203125;-0.005828857421875;8.36999997886778;838;1 A;
63.7606128390199;-0.099822998046875;-0.005828857421875;8.37999997884253;839;1 A;
63.7706128389947;-0.099884033203125;-0.0058563232421875;8.38999997881729;840;1 A;
63.7806128389694;-0.099884033203125;-0.00579223632812501;8.39999997879204;841;1 A;
63.7906128389442;-0.099853515625;-0.0057647705078125;8.40999997876679;842;1 A;
63.8006128389189;-0.099822998046875;-0.0058013916015625;8.41999997874154;843;1 A;
63.8106128388937;-0.099884033203125;-0.00580444335937499;8.4299999787163;844;1 A;
63.8206128388684;-0.099853515625;-0.00580444335937499;8.43999997869105;845;1 A;
63.8306128388432;-0.09979248046875;-0.0057830810546875;8.4499999786658;846;1 A;
63.8406128388179;-0.099884033203125;-0.00579833984375;8.45999997864055;847;1 A;
63.8506128387927;-0.099822998046875;-0.0057952880859375;8.46999997861531;848;1 A;
63.8606128387675;-0.099884033203125;-0.005780029296875;8.47999997859006;849;1 A;
63.8706128387422;-0.099761962890625;-0.00577697753906251;8.48999997856481;850;1 A;
63.880612838717;-0.099853515625;-0.00580749511718751;8.49999997853956;851;1 A;
63.8906128386917;-0.099761962890625;-0.0058624267578125;8.50999997851432;852;1 A;
63.9006128386665;-0.099822998046875;-0.00586853027343751;8.51999997848907;853;1 A;
63.9106128386412;-0.099884033203125;-0.0058319091796875;8.52999997846382;854;1 A;
63.920612838616;-0.099884033203125;-0.0058929443359375;8.53999997843857;855;1 A;
63.9306128385907;-0.099822998046875;-0.0059173583984375;8.54999997841333;856;1 A;
63.9406128385655;-0.09979248046875;-0.0058929443359375;8.55999997838808;857;1 A;
63.9506128385402;-0.099945068359375;-0.0058563232421875;8.56999997836283;858;1 A;
63.960612838515;-0.099884033203125;-0.00588378906250001;8.57999997833758;859;1 A;
63.9706128384897;-0.09991455078125;-0.00592956542968751;8.58999997831233;860;1 A;
63.9806128384645;-0.099853515625;-0.00592041015625;8.59999997828709;861;1 A;
63.9906128384392;-0.0999755859375;-0.00589904785156251;8.60999997826184;862;1 A;
64.000612838414;-0.099853515625;-0.00592956542968751;8.61999997823659;863;1 A;
64.0106128383887;-0.099945068359375;-0.0059356689453125;8.62999997821134;864;1 A;
64.0206128383635;-0.099853515625;-0.0059173583984375;8.6399999781861;865;1 A;
64.0306128383382;-0.099884033203125;-0.0058929443359375;8.64999997816085;866;1 A;
64.040612838313;-0.09991455078125;-0.00592956542968751;8.6599999781356;867;1 A;
64.0506128382877;-0.09991455078125;-0.0059661865234375;8.66999997811035;868;1 A;
64.0606128382625;-0.099822998046875;-0.00597229003906249;8.67999997808511;869;1 A;
64.0706128382373;-0.09991455078125;-0.005999755859375;8.68999997805986;870;1 A;
64.080612838212;-0.099853515625;-0.0060394287109375;8.69999997803461;871;1 A;
64.0906128381868;-0.099853515625;-0.00607910156249999;8.70999997800936;872;1 A;
64.1006128381615;-0.099884033203125;-0.006060791015625;8.71999997798412;873;1 A;
64.1106128381363;-0.099822998046875;-0.0060272216796875;8.72999997795887;874;1 A;
64.120612838111;-0.099853515625;-0.0060760498046875;8.73999997793362;875;1 A;
64.1306128380858;-0.099853515625;-0.00609741210937501;8.74999997790837;876;1 A;
64.1406128380605;-0.099853515625;-0.00606689453125001;8.75999997788313;877;1 A;
64.1506128380353;-0.099884033203125;-0.0060455322265625;8.76999997785788;878;1 A;
64.16061283801;-0.099884033203125;-0.0060455322265625;8.77999997783263;879;1 A;
64.1706128379848;-0.099853515625;-0.0060760498046875;8.78999997780738;880;1 A;
64.1806128379595;-0.099884033203125;-0.0060302734375;8.79999997778214;881;1 A;
64.1906128379343;-0.099822998046875;-0.006011962890625;8.80999997775689;882;1 A;
64.200612837909;-0.099884033203125;-0.006024169921875;8.81999997773164;883;1 A;
64.2106128378838;-0.099853515625;-0.006011962890625;8.82999997770639;884;1 A;
64.2206128378585;-0.099853515625;-0.0059661865234375;8.83999997768115;885;1 A;
64.2306128378333;-0.099822998046875;-0.005908203125;8.8499999776559;886;1 A;
64.240612837808;-0.099884033203125;-0.0059051513671875;8.85999997763065;887;1 A;
64.2506128377828;-0.099822998046875;-0.0059326171875;8.8699999776054;888;1 A;
64.2606128377575;-0.099853515625;-0.005902099609375;8.87999997758016;889;1 A;
64.2706128377323;-0.099884033203125;-0.00591430664062501;8.88999997755491;890;1 A;
64.2806128377071;-0.09991455078125;-0.005950927734375;8.89999997752966;891;1 A;
64.2906128376818;-0.099884033203125;-0.00599060058593751;8.90999997750441;892;1 A;
64.3006128376566;-0.099853515625;-0.00597229003906249;8.91999997747916;893;1 A;
64.3106128376313;-0.099853515625;-0.005999755859375;8.92999997745392;894;1 A;
64.3206128376061;-0.099853515625;-0.00604858398437499;8.93999997742867;895;1 A;
64.3306128375808;-0.09991455078125;-0.006060791015625;8.94999997740342;896;1 A;
64.3406128375556;-0.09991455078125;-0.00601806640624999;8.95999997737817;897;1 A;
64.3506128375303;-0.09991455078125;-0.00598754882812499;8.96999997735293;898;1 A;
64.3606128375051;-0.099884033203125;-0.0060150146484375;8.97999997732768;899;1 A;
64.3706128374798;-0.099853515625;-0.0060577392578125;8.98999997730243;900;1 A;
64.3806128374546;-0.099822998046875;-0.0060089111328125;8.99999997727718;901;1 A;
64.3906128374293;-0.099822998046875;-0.0059814453125;9.00999997725194;902;1 A;
64.4006128374041;-0.099853515625;-0.005999755859375;9.01999997722669;903;1 A;
64.4106128373788;-0.099884033203125;-0.00599365234375;9.02999997720144;904;1 A;
64.4206128373536;-0.09991455078125;-0.00597229003906249;9.03999997717619;905;1 A;
64.4306128373283;-0.09979248046875;-0.0059539794921875;9.04999997715095;906;1 A;
64.4406128373031;-0.099853515625;-0.0059844970703125;9.0599999771257;907;1 A;
64.4506128372778;-0.09979248046875;-0.00604248046875;9.06999997710045;908;1 A;
64.4606128372526;-0.099884033203125;-0.0060394287109375;9.0799999770752;909;1 A;
64.4706128372273;-0.099853515625;-0.00607910156249999;9.08999997704996;910;1 A;
64.4806128372021;-0.099822998046875;-0.006103515625;9.09999997702471;911;1 A;
64.4906128371769;-0.099822998046875;-0.00612487792968749;9.10999997699946;912;1 A;
64.5006128371516;-0.099853515625;-0.00607910156249999;9.11999997697421;913;1 A;
64.5106128371264;-0.099822998046875;-0.00603332519531249;9.12999997694897;914;1 A;
64.5206128371011;-0.09991455078125;-0.006060791015625;9.13999997692372;915;1 A;
64.5306128370759;-0.099853515625;-0.0060455322265625;9.14999997689847;916;1 A;
64.5406128370506;-0.099853515625;-0.0060302734375;9.15999997687322;917;1 A;
64.5506128370254;-0.099822998046875;-0.006024169921875;9.16999997684798;918;1 A;
64.5606128370001;-0.099884033203125;-0.00604248046875;9.17999997682273;919;1 A;
64.5706128369749;-0.099884033203125;-0.0060882568359375;9.18999997679748;920;1 A;
64.5806128369496;-0.099884033203125;-0.0060577392578125;9.19999997677223;921;1 A;
64.5906128369244;-0.099853515625;-0.00605163574218751;9.20999997674699;922;1 A;
64.6006128368991;-0.099884033203125;-0.00608215332031251;9.21999997672174;923;1 A;
64.6106128368739;-0.09991455078125;-0.00610961914062499;9.22999997669649;924;1 A;
64.6206128368486;-0.099853515625;-0.00610961914062499;9.23999997667124;925;1 A;
64.6306128368234;-0.099884033203125;-0.006085205078125;9.249999976646;926;1 A;
64.6406128367981;-0.099884033203125;-0.00612487792968749;9.25999997662075;927;1 A;
64.6506128367729;-0.099884033203125;-0.00615844726562501;9.2699999765955;928;1 A;
64.6606128367476;-0.099884033203125;-0.00610961914062499;9.27999997657025;929;1 A;
64.6706128367224;-0.099853515625;-0.0061004638671875;9.289999976545;930;1 A;
64.6806128366972;-0.099853515625;-0.00610961914062499;9.29999997651976;931;1 A;
64.6906128366719;-0.099822998046875;-0.0061370849609375;9.30999997649451;932;1 A;
64.7006128366467;-0.09979248046875;-0.00612792968750001;9.31999997646926;933;1 A;
64.7106128366214;-0.099884033203125;-0.00611572265625;9.32999997644401;934;1 A;
64.7206128365962;-0.099853515625;-0.006134033203125;9.33999997641877;935;1 A;
64.7306128365709;-0.099853515625;-0.0061676025390625;9.34999997639352;936;1 A;
64.7406128365457;-0.09979248046875;-0.00615234375;9.35999997636827;937;1 A;
64.7506128365204;-0.099853515625;-0.00615539550781249;9.36999997634302;938;1 A;
64.7606128364952;-0.099822998046875;-0.0061981201171875;9.37999997631778;939;1 A;
64.7706128364699;-0.099853515625;-0.0062530517578125;9.38999997629253;940;1 A;
64.7806128364447;-0.09991455078125;-0.00621948242187501;9.39999997626728;941;1 A;
64.7906128364194;-0.09979248046875;-0.00621948242187501;9.40999997624203;942;1 A;
64.8006128363942;-0.09991455078125;-0.00626220703124999;9.41999997621679;943;1 A;
64.8106128363689;-0.099822998046875;-0.0062835693359375;9.42999997619154;944;1 A;
64.8206128363437;-0.099884033203125;-0.00627746582031249;9.43999997616629;945;1 A;
64.8306128363184;-0.099884033203125;-0.006256103515625;9.44999997614104;946;1 A;
64.8406128362932;-0.09991455078125;-0.0062896728515625;9.4599999761158;947;1 A;
64.8506128362679;-0.099853515625;-0.00632324218749999;9.46999997609055;948;1 A;
64.8606128362427;-0.099853515625;-0.00628662109375;9.4799999760653;949;1 A;
64.8706128362174;-0.09991455078125;-0.006298828125;9.48999997604005;950;1 A;
64.8806128361922;-0.099853515625;-0.00632324218749999;9.49999997601481;951;1 A;
64.890612836167;-0.099884033203125;-0.00635986328125;9.50999997598956;952;1 A;
64.9006128361417;-0.099822998046875;-0.00633544921875;9.51999997596431;953;1 A;
64.9106128361165;-0.09991455078125;-0.006304931640625;9.52999997593906;954;1 A;
64.9206128360912;-0.09991455078125;-0.00633850097656249;9.53999997591382;955;1 A;
64.930612836066;-0.09991455078125;-0.0063446044921875;9.54999997588857;956;1 A;
64.9406128360407;-0.099853515625;-0.006317138671875;9.55999997586332;957;1 A;
64.9506128360155;-0.099853515625;-0.00629272460937499;9.56999997583807;958;1 A;
64.9606128359902;-0.099853515625;-0.00631103515625001;9.57999997581283;959;1 A;
64.970612835965;-0.099884033203125;-0.00635986328125;9.58999997578758;960;1 A;
64.9806128359397;-0.099884033203125;-0.00633850097656249;9.59999997576233;961;1 A;
64.9906128359145;-0.099822998046875;-0.00633544921875;9.60999997573708;962;1 A;
65.0006128358892;-0.099822998046875;-0.0063507080078125;9.61999997571183;963;1 A;
65.010612835864;-0.099884033203125;-0.006365966796875;9.62999997568659;964;1 A;
65.0206128358387;-0.099822998046875;-0.0063446044921875;9.63999997566134;965;1 A;
65.0306128358135;-0.099853515625;-0.00631103515625001;9.64999997563609;966;1 A;
65.0406128357882;-0.099884033203125;-0.00632324218749999;9.65999997561084;967;1 A;
65.050612835763;-0.09979248046875;-0.00634155273437501;9.6699999755856;968;1 A;
65.0606128357377;-0.099884033203125;-0.00631103515625001;9.67999997556035;969;1 A;
65.0706128357125;-0.099853515625;-0.00630798339843749;9.6899999755351;970;1 A;
65.0806128356872;-0.099853515625;-0.0063323974609375;9.69999997550985;971;1 A;
65.090612835662;-0.099822998046875;-0.00637207031250001;9.70999997548461;972;1 A;
65.1006128356368;-0.09991455078125;-0.00635375976562499;9.71999997545936;973;1 A;
65.1106128356115;-0.099853515625;-0.0063507080078125;9.72999997543411;974;1 A;
65.1206128355863;-0.099884033203125;-0.00640869140625;9.73999997540886;975;1 A;
65.130612835561;-0.099822998046875;-0.006439208984375;9.74999997538362;976;1 A;
65.1406128355358;-0.099822998046875;-0.0064422607421875;9.75999997535837;977;1 A;
65.1506128355105;-0.099853515625;-0.0064422607421875;9.76999997533312;978;1 A;
65.1606128354853;-0.099853515625;-0.00646362304687501;9.77999997530787;979;1 A;
65.17061283546;-0.09991455078125;-0.00650939941406251;9.78999997528263;980;1 A;
65.1806128354348;-0.099853515625;-0.0064849853515625;9.79999997525738;981;1 A;
65.1906128354095;-0.099884033203125;-0.0064849853515625;9.80999997523213;982;1 A;
65.2006128353843;-0.099884033203125;-0.0065155029296875;9.81999997520688;983;1 A;
65.210612835359;-0.09991455078125;-0.0065277099609375;9.82999997518164;984;1 A;
65.2206128353338;-0.099822998046875;-0.0065032958984375;9.83999997515639;985;1 A;
65.2306128353085;-0.099945068359375;-0.0064544677734375;9.84999997513114;986;1 A;
65.2406128352833;-0.099853515625;-0.00647888183593751;9.85999997510589;987;1 A;
65.250612835258;-0.099884033203125;-0.00649414062500001;9.86999997508065;988;1 A;
65.2606128352328;-0.099884033203125;-0.0064544677734375;9.8799999750554;989;1 A;
65.2706128352075;-0.09991455078125;-0.006451416015625;9.88999997503015;990;1 A;
65.2806128351823;-0.099853515625;-0.006488037109375;9.8999999750049;991;1 A;
65.290612835157;-0.099884033203125;-0.00652465820312501;9.90999997497966;992;1 A;
65.3006128351318;-0.099884033203125;-0.0065155029296875;9.91999997495441;993;1 A;
65.3106128351066;-0.099853515625;-0.00652465820312501;9.92999997492916;994;1 A;
65.3206128350813;-0.099822998046875;-0.00658264160156249;9.93999997490391;995;1 A;
65.3306128350561;-0.099822998046875;-0.00660400390625;9.94999997487866;996;1 A;
65.3406128350308;-0.099853515625;-0.00658264160156249;9.95999997485342;997;1 A;
65.3506128350056;-0.099822998046875;-0.006561279296875;9.96999997482817;998;1 A;
65.3606128349803;-0.099884033203125;-0.0065643310546875;9.97999997480292;999;1 A;
65.3706128349551;-0.09979248046875;-0.00657043457031251;9.98999997477767;1000;1 A;
65.3806128349298;-0.099853515625;-0.00652465820312501;9.99999997475243;1001;1 A;
65.3906128349046;-0.099822998046875;-0.00650634765624999;10.0099999747272;1002;1 A;
65.4006128348793;-0.099853515625;-0.00650939941406251;10.0199999747019;1003;1 A;
65.4106128348541;-0.099822998046875;-0.0065277099609375;10.0299999746767;1004;1 A;
65.4206128348288;-0.099884033203125;-0.006512451171875;10.0399999746514;1005;1 A;
65.4306128348036;-0.09991455078125;-0.006500244140625;10.0499999746262;1006;1 A;
65.4406128347783;-0.099945068359375;-0.0065277099609375;10.0599999746009;1007;1 A;
65.4506128347531;-0.099853515625;-0.00653686523437499;10.0699999745757;1008;1 A;
65.4606128347278;-0.099822998046875;-0.00650939941406251;10.0799999745504;1009;1 A;
65.4706128347026;-0.09991455078125;-0.0064971923828125;10.0899999745252;1010;1 A;
65.4806128346773;-0.099884033203125;-0.00647583007812499;10.0999999745;1011;1 A;
65.4906128346521;-0.099853515625;-0.00649414062500001;10.1099999744747;1012;1 A;
65.5006128346268;-0.099822998046875;-0.00644531249999999;10.1199999744495;1013;1 A;
65.5106128346016;-0.099884033203125;-0.0064422607421875;10.1299999744242;1014;1 A;
65.5206128345764;-0.099884033203125;-0.00647888183593751;10.139999974399;1015;1 A;
65.5306128345511;-0.099884033203125;-0.0064971923828125;10.1499999743737;1016;1 A;
65.5406128345259;-0.099884033203125;-0.0064727783203125;10.1599999743485;1017;1 A;
65.5506128345006;-0.099853515625;-0.0064544677734375;10.1699999743232;1018;1 A;
65.5606128344754;-0.099822998046875;-0.00646362304687501;10.179999974298;1019;1 A;
65.5706128344501;-0.09991455078125;-0.006488037109375;10.1899999742727;1020;1 A;
65.5806128344249;-0.099853515625;-0.0064544677734375;10.1999999742475;1021;1 A;
65.5906128343996;-0.099884033203125;-0.0064666748046875;10.2099999742222;1022;1 A;
65.6006128343744;-0.099884033203125;-0.00650939941406251;10.219999974197;1023;1 A;
65.6106128343491;-0.09979248046875;-0.0065277099609375;10.2299999741717;1024;1 A;
65.6206128343239;-0.099884033203125;-0.0065032958984375;10.2399999741465;1025;1 A;
65.6306128342986;-0.09979248046875;-0.00649414062500001;10.2499999741212;1026;1 A;
65.6406128342734;-0.099853515625;-0.0065338134765625;10.259999974096;1027;1 A;
65.6506128342481;-0.099822998046875;-0.00657043457031251;10.2699999740707;1028;1 A;
65.6606128342229;-0.099884033203125;-0.006561279296875;10.2799999740455;1029;1 A;
65.6706128341976;-0.099822998046875;-0.0065765380859375;10.2899999740202;1030;1 A;
65.6806128341724;-0.099884033203125;-0.00658264160156249;10.299999973995;1031;1 A;
65.6906128341471;-0.09979248046875;-0.00660095214843751;10.3099999739698;1032;1 A;
65.7006128341219;-0.09991455078125;-0.0065643310546875;10.3199999739445;1033;1 A;
65.7106128340967;-0.09979248046875;-0.0065643310546875;10.3299999739193;1034;1 A;
65.7206128340714;-0.099853515625;-0.006591796875;10.339999973894;1035;1 A;
65.7306128340462;-0.099853515625;-0.00658264160156249;10.3499999738688;1036;1 A;
65.7406128340209;-0.09979248046875;-0.006549072265625;10.3599999738435;1037;1 A;
65.7506128339957;-0.09991455078125;-0.0065338134765625;10.3699999738183;1038;1 A;
65.7606128339704;-0.099884033203125;-0.006549072265625;10.379999973793;1039;1 A;
65.7706128339452;-0.099945068359375;-0.00658569335937501;10.3899999737678;1040;1 A;
65.7806128339199;-0.099884033203125;-0.00655212402343749;10.3999999737425;1041;1 A;
65.7906128338947;-0.09991455078125;-0.0065460205078125;10.4099999737173;1042;1 A;
65.8006128338694;-0.09991455078125;-0.00657043457031251;10.419999973692;1043;1 A;
65.8106128338442;-0.099884033203125;-0.00657958984375;10.4299999736668;1044;1 A;
65.8206128338189;-0.099884033203125;-0.0065460205078125;10.4399999736415;1045;1 A;
65.8306128337937;-0.09991455078125;-0.00650939941406251;10.4499999736163;1046;1 A;
65.8406128337684;-0.099822998046875;-0.0065155029296875;10.459999973591;1047;1 A;
65.8506128337432;-0.099853515625;-0.00652465820312501;10.4699999735658;1048;1 A;
65.8606128337179;-0.099853515625;-0.00647888183593751;10.4799999735405;1049;1 A;
65.8706128336927;-0.099853515625;-0.0064697265625;10.4899999735153;1050;1 A;
65.8806128336674;-0.099884033203125;-0.00646057128906249;10.49999997349;1051;1 A;
65.8906128336422;-0.099822998046875;-0.006488037109375;10.5099999734648;1052;1 A;
65.9006128336169;-0.099853515625;-0.00645751953125;10.5199999734396;1053;1 A;
65.9106128335917;-0.099822998046875;-0.00644836425781251;10.5299999734143;1054;1 A;
65.9206128335665;-0.099853515625;-0.006488037109375;10.5399999733891;1055;1 A;
65.9306128335412;-0.099822998046875;-0.006512451171875;10.5499999733638;1056;1 A;
65.940612833516;-0.09991455078125;-0.00649414062500001;10.5599999733386;1057;1 A;
65.9506128334907;-0.09979248046875;-0.0064971923828125;10.5699999733133;1058;1 A;
65.9606128334655;-0.099853515625;-0.0065185546875;10.5799999732881;1059;1 A;
65.9706128334402;-0.099853515625;-0.0065460205078125;10.5899999732628;1060;1 A;
65.980612833415;-0.099884033203125;-0.006512451171875;10.5999999732376;1061;1 A;
65.9906128333897;-0.099822998046875;-0.0065155029296875;10.6099999732123;1062;1 A;
66.0006128333645;-0.099884033203125;-0.00653686523437499;10.6199999731871;1063;1 A;
66.0106128333392;-0.099884033203125;-0.0065460205078125;10.6299999731618;1064;1 A;
66.020612833314;-0.099853515625;-0.00652160644531249;10.6399999731366;1065;1 A;
66.0306128332887;-0.099884033203125;-0.00648193359375;10.6499999731113;1066;1 A;
66.0406128332635;-0.099884033203125;-0.00647888183593751;10.6599999730861;1067;1 A;
66.0506128332382;-0.099884033203125;-0.006488037109375;10.6699999730608;1068;1 A;
66.060612833213;-0.099884033203125;-0.00646057128906249;10.6799999730356;1069;1 A;
66.0706128331877;-0.099884033203125;-0.00647583007812499;10.6899999730103;1070;1 A;
66.0806128331625;-0.099822998046875;-0.0064971923828125;10.6999999729851;1071;1 A;
66.0906128331372;-0.0999755859375;-0.00653991699218751;10.7099999729598;1072;1 A;
66.100612833112;-0.099853515625;-0.00652160644531249;10.7199999729346;1073;1 A;
66.1106128330867;-0.099853515625;-0.0065155029296875;10.7299999729094;1074;1 A;
66.1206128330615;-0.099822998046875;-0.0065460205078125;10.7399999728841;1075;1 A;
66.1306128330363;-0.099884033203125;-0.00653991699218751;10.7499999728589;1076;1 A;
66.140612833011;-0.099853515625;-0.00650939941406251;10.7599999728336;1077;1 A;
66.1506128329858;-0.099822998046875;-0.00650634765624999;10.7699999728084;1078;1 A;
66.1606128329605;-0.099884033203125;-0.00652160644531249;10.7799999727831;1079;1 A;
66.1706128329353;-0.099884033203125;-0.0065582275390625;10.7899999727579;1080;1 A;
66.18061283291;-0.099822998046875;-0.006500244140625;10.7999999727326;1081;1 A;
66.1906128328848;-0.099853515625;-0.00646362304687501;10.8099999727074;1082;1 A;
66.2006128328595;-0.099853515625;-0.00650634765624999;10.8199999726821;1083;1 A;
66.2106128328343;-0.099822998046875;-0.0065277099609375;10.8299999726569;1084;1 A;
66.220612832809;-0.099853515625;-0.00653076171875;10.8399999726316;1085;1 A;
66.2306128327838;-0.09979248046875;-0.006500244140625;10.8499999726064;1086;1 A;
66.2406128327585;-0.09991455078125;-0.0065032958984375;10.8599999725811;1087;1 A;
66.2506128327333;-0.099761962890625;-0.0065032958984375;10.8699999725559;1088;1 A;
66.260612832708;-0.099822998046875;-0.00644531249999999;10.8799999725306;1089;1 A;
66.2706128326828;-0.099822998046875;-0.00643310546875001;10.8899999725054;1090;1 A;
66.2806128326575;-0.099822998046875;-0.006439208984375;10.8999999724801;1091;1 A;
66.2906128326323;-0.099853515625;-0.00645751953125;10.9099999724549;1092;1 A;
66.300612832607;-0.099853515625;-0.0064208984375;10.9199999724297;1093;1 A;
66.3106128325818;-0.099853515625;-0.00638732910156251;10.9299999724044;1094;1 A;
66.3206128325565;-0.099853515625;-0.0064056396484375;10.9399999723792;1095;1 A;
66.3306128325313;-0.09991455078125;-0.0064056396484375;10.9499999723539;1096;1 A;
66.3406128325061;-0.099853515625;-0.0063629150390625;10.9599999723287;1097;1 A;
66.3506128324808;-0.09991455078125;-0.00634765625;10.9699999723034;1098;1 A;
66.3606128324556;-0.099822998046875;-0.0063507080078125;10.9799999722782;1099;1 A;
66.3706128324303;-0.09991455078125;-0.006365966796875;10.9899999722529;1100;1 A;
66.3806128324051;-0.099822998046875;-0.00631103515625001;10.9999999722277;1101;1 A;
66.3906128323798;-0.099884033203125;-0.00628662109375;11.0099999722024;1102;1 A;
66.4006128323546;-0.099853515625;-0.00631103515625001;11.0199999721772;1103;1 A;
66.4106128323293;-0.09991455078125;-0.0063201904296875;11.0299999721519;1104;1 A;
66.4206128323041;-0.09991455078125;-0.00629577636718751;11.0399999721267;1105;1 A;
66.4306128322788;-0.09991455078125;-0.00627746582031249;11.0499999721014;1106;1 A;
66.4406128322536;-0.099884033203125;-0.006304931640625;11.0599999720762;1107;1 A;
66.4506128322283;-0.099822998046875;-0.00632629394531251;11.0699999720509;1108;1 A;
66.4606128322031;-0.099822998046875;-0.0063018798828125;11.0799999720257;1109;1 A;
66.4706128321778;-0.099884033203125;-0.006317138671875;11.0899999720004;1110;1 A;
66.4806128321526;-0.09979248046875;-0.00632629394531251;11.0999999719752;1111;1 A;
66.4906128321273;-0.099822998046875;-0.0063446044921875;11.1099999719499;1112;1 A;
66.5006128321021;-0.099853515625;-0.00630798339843749;11.1199999719247;1113;1 A;
66.5106128320768;-0.099822998046875;-0.0062744140625;11.1299999718995;1114;1 A;
66.5206128320516;-0.09979248046875;-0.00628662109375;11.1399999718742;1115;1 A;
66.5306128320263;-0.099884033203125;-0.00628051757812501;11.149999971849;1116;1 A;
66.5406128320011;-0.099853515625;-0.006243896484375;11.1599999718237;1117;1 A;
66.5506128319759;-0.099853515625;-0.0062103271484375;11.1699999717985;1118;1 A;
66.5606128319506;-0.099884033203125;-0.006207275390625;11.1799999717732;1119;1 A;
66.5706128319254;-0.099853515625;-0.0062225341796875;11.189999971748;1120;1 A;
66.5806128319001;-0.099884033203125;-0.00617065429687499;11.1999999717227;1121;1 A;
66.5906128318749;-0.099853515625;-0.00615234375;11.2099999716975;1122;1 A;
66.6006128318496;-0.09991455078125;-0.0061767578125;11.2199999716722;1123;1 A;
66.6106128318244;-0.099822998046875;-0.0061981201171875;11.229999971647;1124;1 A;
66.6206128317991;-0.099822998046875;-0.00618896484375001;11.2399999716217;1125;1 A;
66.6306128317739;-0.09991455078125;-0.0061767578125;11.2499999715965;1126;1 A;
66.6406128317486;-0.099884033203125;-0.00621948242187501;11.2599999715712;1127;1 A;
66.6506128317234;-0.099945068359375;-0.0062591552734375;11.269999971546;1128;1 A;
66.6606128316981;-0.099884033203125;-0.00623779296875;11.2799999715207;1129;1 A;
66.6706128316729;-0.099945068359375;-0.0062530517578125;11.2899999714955;1130;1 A;
66.6806128316476;-0.099822998046875;-0.00628662109375;11.2999999714702;1131;1 A;
66.6906128316224;-0.099853515625;-0.006329345703125;11.309999971445;1132;1 A;
66.7006128315971;-0.099853515625;-0.0063018798828125;11.3199999714197;1133;1 A;
66.7106128315719;-0.099853515625;-0.00626525878906251;11.3299999713945;1134;1 A;
66.7206128315466;-0.099853515625;-0.00628662109375;11.3399999713693;1135;1 A;
66.7306128315214;-0.099853515625;-0.006298828125;11.349999971344;1136;1 A;
66.7406128314962;-0.099853515625;-0.0062896728515625;11.3599999713188;1137;1 A;
66.7506128314709;-0.099853515625;-0.0063018798828125;11.3699999712935;1138;1 A;
66.7606128314457;-0.099853515625;-0.00632629394531251;11.3799999712683;1139;1 A;
66.7706128314204;-0.099853515625;-0.00636901855468749;11.389999971243;1140;1 A;
66.7806128313952;-0.099822998046875;-0.00632324218749999;11.3999999712178;1141;1 A;
66.7906128313699;-0.099853515625;-0.0063201904296875;11.4099999711925;1142;1 A;
66.8006128313447;-0.099853515625;-0.00635375976562499;11.4199999711673;1143;1 A;
66.8106128313194;-0.099822998046875;-0.006390380859375;11.429999971142;1144;1 A;
66.8206128312942;-0.099884033203125;-0.00640258789062501;11.4399999711168;1145;1 A;
66.8306128312689;-0.099822998046875;-0.006396484375;11.4499999710915;1146;1 A;
66.8406128312437;-0.099853515625;-0.00643310546875001;11.4599999710663;1147;1 A;
66.8506128312184;-0.099853515625;-0.00646057128906249;11.469999971041;1148;1 A;
66.8606128311932;-0.099884033203125;-0.00640869140625;11.4799999710158;1149;1 A;
66.8706128311679;-0.099884033203125;-0.00639953613281249;11.4899999709905;1150;1 A;
66.8806128311427;-0.099853515625;-0.0064117431640625;11.4999999709653;1151;1 A;
66.8906128311174;-0.099884033203125;-0.0064544677734375;11.50999997094;1152;1 A;
66.9006128310922;-0.099853515625;-0.00644836425781251;11.5199999709148;1153;1 A;
66.9106128310669;-0.099945068359375;-0.006451416015625;11.5299999708895;1154;1 A;
66.9206128310417;-0.099853515625;-0.0064971923828125;11.5399999708643;1155;1 A;
66.9306128310164;-0.09991455078125;-0.00650634765624999;11.5499999708391;1156;1 A;
66.9406128309912;-0.099884033203125;-0.00648193359375;11.5599999708138;1157;1 A;
66.950612830966;-0.09991455078125;-0.00646057128906249;11.5699999707886;1158;1 A;
66.9606128309407;-0.099853515625;-0.00645751953125;11.5799999707633;1159;1 A;
66.9706128309155;-0.09991455078125;-0.00647583007812499;11.5899999707381;1160;1 A;
66.9806128308902;-0.099853515625;-0.00641784667968751;11.5999999707128;1161;1 A;
66.990612830865;-0.09991455078125;-0.0064117431640625;11.6099999706876;1162;1 A;
67.0006128308397;-0.099853515625;-0.006427001953125;11.6199999706623;1163;1 A;
67.0106128308145;-0.099853515625;-0.00641784667968751;11.6299999706371;1164;1 A;
67.0206128307892;-0.09991455078125;-0.00638732910156251;11.6399999706118;1165;1 A;
67.030612830764;-0.099853515625;-0.0063446044921875;11.6499999705866;1166;1 A;
67.0406128307387;-0.099884033203125;-0.006365966796875;11.6599999705613;1167;1 A;
67.0506128307135;-0.099884033203125;-0.0063934326171875;11.6699999705361;1168;1 A;
67.0606128306882;-0.099884033203125;-0.00634765625;11.6799999705108;1169;1 A;
67.070612830663;-0.099822998046875;-0.0063507080078125;11.6899999704856;1170;1 A;
67.0806128306377;-0.099853515625;-0.0063812255859375;11.6999999704603;1171;1 A;
67.0906128306125;-0.099853515625;-0.00643005371093749;11.7099999704351;1172;1 A;
67.1006128305872;-0.099853515625;-0.0064117431640625;11.7199999704098;1173;1 A;
67.110612830562;-0.09979248046875;-0.006390380859375;11.7299999703846;1174;1 A;
67.1206128305367;-0.099884033203125;-0.006427001953125;11.7399999703593;1175;1 A;
67.1306128305115;-0.099853515625;-0.006427001953125;11.7499999703341;1176;1 A;
67.1406128304862;-0.099884033203125;-0.00640869140625;11.7599999703089;1177;1 A;
67.150612830461;-0.09979248046875;-0.00639953613281249;11.7699999702836;1178;1 A;
67.1606128304358;-0.09991455078125;-0.00641784667968751;11.7799999702584;1179;1 A;
67.1706128304105;-0.09991455078125;-0.0064666748046875;11.7899999702331;1180;1 A;
67.1806128303853;-0.099884033203125;-0.00641784667968751;11.7999999702079;1181;1 A;
67.19061283036;-0.099853515625;-0.0064239501953125;11.8099999701826;1182;1 A;
67.2006128303348;-0.099853515625;-0.00646362304687501;11.8199999701574;1183;1 A;
67.2106128303095;-0.09991455078125;-0.00649414062500001;11.8299999701321;1184;1 A;
67.2206128302843;-0.09991455078125;-0.00649414062500001;11.8399999701069;1185;1 A;
67.230612830259;-0.099884033203125;-0.0064849853515625;11.8499999700816;1186;1 A;
67.2406128302338;-0.09991455078125;-0.00653991699218751;11.8599999700564;1187;1 A;
67.2506128302085;-0.099884033203125;-0.0065643310546875;11.8699999700311;1188;1 A;
67.2606128301833;-0.09991455078125;-0.00650939941406251;11.8799999700059;1189;1 A;
67.270612830158;-0.099884033203125;-0.00647888183593751;11.8899999699806;1190;1 A;
67.2806128301328;-0.099884033203125;-0.00644531249999999;11.8999999699554;1191;1 A;
67.2906128301075;-0.099853515625;-0.006451416015625;11.9099999699301;1192;1 A;
67.3006128300823;-0.099884033203125;-0.00638732910156251;11.9199999699049;1193;1 A;
67.310612830057;-0.09991455078125;-0.00635681152343751;11.9299999698796;1194;1 A;
67.3206128300318;-0.099884033203125;-0.006390380859375;11.9399999698544;1195;1 A;
67.3306128300065;-0.09979248046875;-0.00641479492187499;11.9499999698292;1196;1 A;
67.3406128299813;-0.099853515625;-0.00643005371093749;11.9599999698039;1197;1 A;
67.350612829956;-0.09979248046875;-0.006451416015625;11.9699999697787;1198;1 A;
67.3606128299308;-0.099853515625;-0.00647583007812499;11.9799999697534;1199;1 A;
67.3706128299056;-0.099822998046875;-0.0065155029296875;11.9899999697282;1200;1 A;
67.3806128298803;-0.099822998046875;-0.00645751953125;11.9999999697029;1201;1 A;
67.3906128298551;-0.09979248046875;-0.0064544677734375;12.0099999696777;1202;1 A;
67.4006128298298;-0.099884033203125;-0.0064697265625;12.0199999696524;1203;1 A;
67.4106128298046;-0.099822998046875;-0.00649414062500001;12.0299999696272;1204;1 A;
67.4206128297793;-0.099822998046875;-0.0064727783203125;12.0399999696019;1205;1 A;
67.4306128297541;-0.099822998046875;-0.006439208984375;12.0499999695767;1206;1 A;
67.4406128297288;-0.099884033203125;-0.0064666748046875;12.0599999695514;1207;1 A;
67.4506128297036;-0.099853515625;-0.0064971923828125;12.0699999695262;1208;1 A;
67.4606128296783;-0.099853515625;-0.0064727783203125;12.0799999695009;1209;1 A;
67.4706128296531;-0.099884033203125;-0.0064727783203125;12.0899999694757;1210;1 A;
67.4806128296278;-0.099853515625;-0.0064697265625;12.0999999694504;1211;1 A;
67.4906128296026;-0.099884033203125;-0.006500244140625;12.1099999694252;1212;1 A;
67.5006128295773;-0.099884033203125;-0.00647583007812499;12.1199999693999;1213;1 A;
67.5106128295521;-0.09991455078125;-0.00646057128906249;12.1299999693747;1214;1 A;
67.5206128295268;-0.099853515625;-0.006488037109375;12.1399999693494;1215;1 A;
67.5306128295016;-0.099853515625;-0.006488037109375;12.1499999693242;1216;1 A;
67.5406128294763;-0.09991455078125;-0.00647888183593751;12.159999969299;1217;1 A;
67.5506128294511;-0.099945068359375;-0.006488037109375;12.1699999692737;1218;1 A;
67.5606128294258;-0.099853515625;-0.0065155029296875;12.1799999692485;1219;1 A;
67.5706128294006;-0.099884033203125;-0.0065582275390625;12.1899999692232;1220;1 A;
67.5806128293754;-0.099884033203125;-0.00650939941406251;12.199999969198;1221;1 A;
67.5906128293501;-0.099884033203125;-0.006512451171875;12.2099999691727;1222;1 A;
67.6006128293249;-0.099884033203125;-0.0065185546875;12.2199999691475;1223;1 A;
67.6106128292996;-0.099853515625;-0.006512451171875;12.2299999691222;1224;1 A;
67.6206128292744;-0.09991455078125;-0.00649108886718749;12.239999969097;1225;1 A;
67.6306128292491;-0.099822998046875;-0.0064727783203125;12.2499999690717;1226;1 A;
67.6406128292239;-0.099884033203125;-0.00652160644531249;12.2599999690465;1227;1 A;
67.6506128291986;-0.099822998046875;-0.00655517578125001;12.2699999690212;1228;1 A;
67.6606128291734;-0.099822998046875;-0.00653076171875;12.279999968996;1229;1 A;
67.6706128291481;-0.09979248046875;-0.0065338134765625;12.2899999689707;1230;1 A;
67.6806128291229;-0.09991455078125;-0.0065338134765625;12.2999999689455;1231;1 A;
67.6906128290976;-0.099853515625;-0.00655212402343749;12.3099999689202;1232;1 A;
67.7006128290724;-0.099822998046875;-0.006500244140625;12.319999968895;1233;1 A;
67.7106128290471;-0.099884033203125;-0.00647583007812499;12.3299999688697;1234;1 A;
67.7206128290219;-0.099853515625;-0.00649414062500001;12.3399999688445;1235;1 A;
67.7306128289966;-0.099945068359375;-0.0064849853515625;12.3499999688192;1236;1 A;
67.7406128289714;-0.099853515625;-0.006439208984375;12.359999968794;1237;1 A;
67.7506128289461;-0.099945068359375;-0.006427001953125;12.3699999687688;1238;1 A;
67.7606128289209;-0.099853515625;-0.00644531249999999;12.3799999687435;1239;1 A;
67.7706128288957;-0.099884033203125;-0.0064727783203125;12.3899999687183;1240;1 A;
67.7806128288704;-0.099853515625;-0.00643005371093749;12.399999968693;1241;1 A;
67.7906128288452;-0.099884033203125;-0.0064361572265625;12.4099999686678;1242;1 A;
67.8006128288199;-0.099853515625;-0.006451416015625;12.4199999686425;1243;1 A;
67.8106128287947;-0.099884033203125;-0.0064697265625;12.4299999686173;1244;1 A;
67.8206128287694;-0.099884033203125;-0.00643310546875001;12.439999968592;1245;1 A;
67.8306128287442;-0.09991455078125;-0.00639953613281249;12.4499999685668;1246;1 A;
67.8406128287189;-0.099884033203125;-0.0064208984375;12.4599999685415;1247;1 A;
67.8506128286937;-0.099884033203125;-0.0064422607421875;12.4699999685163;1248;1 A;
67.8606128286684;-0.099884033203125;-0.00641479492187499;12.479999968491;1249;1 A;
67.8706128286432;-0.099822998046875;-0.00640869140625;12.4899999684658;1250;1 A;
67.8806128286179;-0.099853515625;-0.00640869140625;12.4999999684405;1251;1 A;
67.8906128285927;-0.099853515625;-0.0064422607421875;12.5099999684153;1252;1 A;
67.9006128285674;-0.099884033203125;-0.00641479492187499;12.51999996839;1253;1 A;
67.9106128285422;-0.09979248046875;-0.00641479492187499;12.5299999683648;1254;1 A;
67.9206128285169;-0.099822998046875;-0.00643310546875001;12.5399999683395;1255;1 A;
67.9306128284917;-0.099822998046875;-0.00641479492187499;12.5499999683143;1256;1 A;
67.9406128284664;-0.099853515625;-0.0063751220703125;12.559999968289;1257;1 A;
67.9506128284412;-0.099822998046875;-0.00635681152343751;12.5699999682638;1258;1 A;
67.9606128284159;-0.099884033203125;-0.0063629150390625;12.5799999682386;1259;1 A;
67.9706128283907;-0.099822998046875;-0.0063751220703125;12.5899999682133;1260;1 A;
67.9806128283655;-0.099884033203125;-0.00630798339843749;12.5999999681881;1261;1 A;
67.9906128283402;-0.099853515625;-0.006298828125;12.6099999681628;1262;1 A;
68.000612828315;-0.099853515625;-0.0063140869140625;12.6199999681376;1263;1 A;
68.0106128282897;-0.099884033203125;-0.00633850097656249;12.6299999681123;1264;1 A;
68.0206128282645;-0.099853515625;-0.00631103515625001;12.6399999680871;1265;1 A;
68.0306128282392;-0.099945068359375;-0.00629577636718751;12.6499999680618;1266;1 A;
68.040612828214;-0.099822998046875;-0.00629577636718751;12.6599999680366;1267;1 A;
68.0506128281887;-0.09991455078125;-0.006317138671875;12.6699999680113;1268;1 A;
68.0606128281635;-0.099853515625;-0.00628051757812501;12.6799999679861;1269;1 A;
68.0706128281382;-0.09991455078125;-0.0062835693359375;12.6899999679608;1270;1 A;
68.080612828113;-0.099884033203125;-0.00629272460937499;12.6999999679356;1271;1 A;
68.0906128280877;-0.099945068359375;-0.0063323974609375;12.7099999679103;1272;1 A;
68.1006128280625;-0.099884033203125;-0.006304931640625;12.7199999678851;1273;1 A;
68.1106128280372;-0.09991455078125;-0.00630798339843749;12.7299999678598;1274;1 A;
68.120612828012;-0.099884033203125;-0.006329345703125;12.7399999678346;1275;1 A;
68.1306128279867;-0.099853515625;-0.00634155273437501;12.7499999678093;1276;1 A;
68.1406128279615;-0.099853515625;-0.0063201904296875;12.7599999677841;1277;1 A;
68.1506128279362;-0.09991455078125;-0.0063201904296875;12.7699999677588;1278;1 A;
68.160612827911;-0.099884033203125;-0.00633850097656249;12.7799999677336;1279;1 A;
68.1706128278857;-0.099822998046875;-0.00636901855468749;12.7899999677084;1280;1 A;
68.1806128278605;-0.099853515625;-0.00633850097656249;12.7999999676831;1281;1 A;
68.1906128278353;-0.099853515625;-0.0061676025390625;12.8099999676579;1282;1 A;
68.20061282781;-0.099853515625;-0.00639953613281249;12.8199999676326;1283;1 A;
68.2106128277848;-0.099853515625;-0.0064239501953125;12.8299999676074;1284;1 A;
68.2206128277595;-0.099945068359375;-0.00641479492187499;12.8399999675821;1285;1 A;
68.2306128277343;-0.09979248046875;-0.00639953613281249;12.8499999675569;1286;1 A;
68.240612827709;-0.099853515625;-0.006427001953125;12.8599999675316;1287;1 A;
68.2506128276838;-0.09991455078125;-0.0064422607421875;12.8699999675064;1288;1 A;
68.2606128276585;-0.09979248046875;-0.0064208984375;12.8799999674811;1289;1 A;
68.2706128276333;-0.099853515625;-0.00643005371093749;12.8899999674559;1290;1 A;
68.280612827608;-0.099822998046875;-0.0064422607421875;12.8999999674306;1291;1 A;
68.2906128275828;-0.099884033203125;-0.0064697265625;12.9099999674054;1292;1 A;
68.3006128275575;-0.099853515625;-0.0064208984375;12.9199999673801;1293;1 A;
68.3106128275323;-0.09991455078125;-0.00639953613281249;12.9299999673549;1294;1 A;
68.320612827507;-0.09991455078125;-0.00643005371093749;12.9399999673296;1295;1 A;
68.3306128274818;-0.099822998046875;-0.006439208984375;12.9499999673044;1296;1 A;
68.3406128274565;-0.099853515625;-0.00641784667968751;12.9599999672791;1297;1 A;
68.3506128274313;-0.09991455078125;-0.0064056396484375;12.9699999672539;1298;1 A;
68.360612827406;-0.099853515625;-0.00641479492187499;12.9799999672287;1299;1 A;
68.3706128273808;-0.099884033203125;-0.006439208984375;12.9899999672034;1300;1 A;
68.3806128273555;-0.099884033203125;-0.0064117431640625;12.9999999671782;1301;1 A;
68.3906128273303;-0.09991455078125;-0.00640869140625;13.0099999671529;1302;1 A;
68.4006128273051;-0.099884033203125;-0.00641479492187499;13.0199999671277;1303;1 A;
68.4106128272798;-0.099945068359375;-0.00639953613281249;13.0299999671024;1304;1 A;
68.4206128272546;-0.099884033203125;-0.00635986328125;13.0399999670772;1305;1 A;
68.4306128272293;-0.099822998046875;-0.00634155273437501;13.0499999670519;1306;1 A;
68.4406128272041;-0.099884033203125;-0.00638427734374999;13.0599999670267;1307;1 A;
68.4506128271788;-0.099853515625;-0.0064117431640625;13.0699999670014;1308;1 A;
68.4606128271536;-0.099853515625;-0.0063629150390625;13.0799999669762;1309;1 A;
68.4706128271283;-0.099822998046875;-0.00633850097656249;13.0899999669509;1310;1 A;
68.4806128271031;-0.099853515625;-0.006317138671875;13.0999999669257;1311;1 A;
68.4906128270778;-0.09979248046875;-0.00632629394531251;13.1099999669004;1312;1 A;
68.5006128270526;-0.099822998046875;-0.00628051757812501;13.1199999668752;1313;1 A;
68.5106128270273;-0.09979248046875;-0.0062408447265625;13.1299999668499;1314;1 A;
68.5206128270021;-0.099822998046875;-0.00625000000000001;13.1399999668247;1315;1 A;
68.5306128269768;-0.099822998046875;-0.0062530517578125;13.1499999667994;1316;1 A;
68.5406128269516;-0.099884033203125;-0.0062286376953125;13.1599999667742;1317;1 A;
68.5506128269263;-0.099853515625;-0.00623779296875;13.1699999667489;1318;1 A;
68.5606128269011;-0.09991455078125;-0.0062835693359375;13.1799999667237;1319;1 A;
68.5706128268758;-0.099884033203125;-0.0063323974609375;13.1899999666985;1320;1 A;
68.5806128268506;-0.099945068359375;-0.0063140869140625;13.1999999666732;1321;1 A;
68.5906128268253;-0.099853515625;-0.00633850097656249;13.209999966648;1322;1 A;
68.6006128268001;-0.099853515625;-0.00638732910156251;13.2199999666227;1323;1 A;
68.6106128267749;-0.099884033203125;-0.0064056396484375;13.2299999665975;1324;1 A;
68.6206128267496;-0.099822998046875;-0.00635375976562499;13.2399999665722;1325;1 A;
68.6306128267244;-0.099853515625;-0.0063140869140625;13.249999966547;1326;1 A;
68.6406128266991;-0.09991455078125;-0.00633544921875;13.2599999665217;1327;1 A;
68.6506128266739;-0.09991455078125;-0.00636901855468749;13.2699999664965;1328;1 A;
68.6606128266486;-0.099884033203125;-0.00633850097656249;13.2799999664712;1329;1 A;
68.6706128266234;-0.099884033203125;-0.006317138671875;13.289999966446;1330;1 A;
68.6806128265981;-0.099884033203125;-0.006304931640625;13.2999999664207;1331;1 A;
68.6906128265729;-0.099853515625;-0.00632629394531251;13.3099999663955;1332;1 A;
68.7006128265476;-0.099884033203125;-0.006298828125;13.3199999663702;1333;1 A;
68.7106128265224;-0.09991455078125;-0.00629577636718751;13.329999966345;1334;1 A;
68.7206128264971;-0.099822998046875;-0.00632629394531251;13.3399999663197;1335;1 A;
68.7306128264719;-0.099822998046875;-0.00633544921875;13.3499999662945;1336;1 A;
68.7406128264466;-0.099822998046875;-0.0063201904296875;13.3599999662692;1337;1 A;
68.7506128264214;-0.099853515625;-0.006329345703125;13.369999966244;1338;1 A;
68.7606128263961;-0.099884033203125;-0.00635681152343751;13.3799999662187;1339;1 A;
68.7706128263709;-0.099822998046875;-0.0063934326171875;13.3899999661935;1340;1 A;
68.7806128263456;-0.099884033203125;-0.0063629150390625;13.3999999661683;1341;1 A;
68.7906128263204;-0.09979248046875;-0.0063812255859375;13.409999966143;1342;1 A;
68.8006128262952;-0.099884033203125;-0.00641784667968751;13.4199999661178;1343;1 A;
68.8106128262699;-0.099822998046875;-0.0064422607421875;13.4299999660925;1344;1 A;
68.8206128262447;-0.099822998046875;-0.006427001953125;13.4399999660673;1345;1 A;
68.8306128262194;-0.099822998046875;-0.0064117431640625;13.449999966042;1346;1 A;
68.8406128261942;-0.099853515625;-0.00644836425781251;13.4599999660168;1347;1 A;
68.8506128261689;-0.099945068359375;-0.0064849853515625;13.4699999659915;1348;1 A;
68.8606128261437;-0.099822998046875;-0.0064666748046875;13.4799999659663;1349;1 A;
68.8706128261184;-0.09991455078125;-0.0064727783203125;13.489999965941;1350;1 A;
68.8806128260932;-0.099884033203125;-0.00647583007812499;13.4999999659158;1351;1 A;
68.8906128260679;-0.099884033203125;-0.00649414062500001;13.5099999658905;1352;1 A;
68.9006128260427;-0.099853515625;-0.00646362304687501;13.5199999658653;1353;1 A;
68.9106128260174;-0.099884033203125;-0.0064422607421875;13.52999996584;1354;1 A;
68.9206128259922;-0.099853515625;-0.00648193359375;13.5399999658148;1355;1 A;
68.9306128259669;-0.099853515625;-0.00644836425781251;13.5499999657895;1356;1 A;
68.9406128259417;-0.099884033203125;-0.00643005371093749;13.5599999657643;1357;1 A;
68.9506128259164;-0.09991455078125;-0.00641784667968751;13.569999965739;1358;1 A;
68.9606128258912;-0.099884033203125;-0.006451416015625;13.5799999657138;1359;1 A;
68.9706128258659;-0.099884033203125;-0.00648193359375;13.5899999656885;1360;1 A;
68.9806128258407;-0.099884033203125;-0.00644836425781251;13.5999999656633;1361;1 A;
68.9906128258154;-0.099853515625;-0.00646362304687501;13.6099999656381;1362;1 A;
69.0006128257902;-0.099853515625;-0.00647888183593751;13.6199999656128;1363;1 A;
69.010612825765;-0.09979248046875;-0.0064849853515625;13.6299999655876;1364;1 A;
69.0206128257397;-0.099853515625;-0.00646057128906249;13.6399999655623;1365;1 A;
69.0306128257145;-0.099853515625;-0.0064361572265625;13.6499999655371;1366;1 A;
69.0406128256892;-0.099853515625;-0.00646362304687501;13.6599999655118;1367;1 A;
69.050612825664;-0.099853515625;-0.0064849853515625;13.6699999654866;1368;1 A;
69.0606128256387;-0.099884033203125;-0.00644531249999999;13.6799999654613;1369;1 A;
69.0706128256135;-0.099853515625;-0.00644531249999999;13.6899999654361;1370;1 A;
69.0806128255882;-0.09991455078125;-0.0064544677734375;13.6999999654108;1371;1 A;
69.090612825563;-0.099822998046875;-0.00647888183593751;13.7099999653856;1372;1 A;
69.1006128255377;-0.09991455078125;-0.00645751953125;13.7199999653603;1373;1 A;
69.1106128255125;-0.099853515625;-0.0064544677734375;13.7299999653351;1374;1 A;
69.1206128254872;-0.099853515625;-0.0064971923828125;13.7399999653098;1375;1 A;
69.130612825462;-0.099884033203125;-0.0065032958984375;13.7499999652846;1376;1 A;
69.1406128254367;-0.099853515625;-0.00649108886718749;13.7599999652593;1377;1 A;
69.1506128254115;-0.09991455078125;-0.0065032958984375;13.7699999652341;1378;1 A;
69.1606128253862;-0.099853515625;-0.00653076171875;13.7799999652088;1379;1 A;
69.170612825361;-0.099853515625;-0.006573486328125;13.7899999651836;1380;1 A;
69.1806128253357;-0.099853515625;-0.0065460205078125;13.7999999651583;1381;1 A;
69.1906128253105;-0.09991455078125;-0.006549072265625;13.8099999651331;1382;1 A;
69.2006128252852;-0.099853515625;-0.0065643310546875;13.8199999651079;1383;1 A;
69.21061282526;-0.099884033203125;-0.006561279296875;13.8299999650826;1384;1 A;
69.2206128252348;-0.099884033203125;-0.00652160644531249;13.8399999650574;1385;1 A;
69.2306128252095;-0.099853515625;-0.00649414062500001;13.8499999650321;1386;1 A;
69.2406128251843;-0.099822998046875;-0.0065277099609375;13.8599999650069;1387;1 A;
69.250612825159;-0.099884033203125;-0.0065460205078125;13.8699999649816;1388;1 A;
69.2606128251338;-0.099853515625;-0.006500244140625;13.8799999649564;1389;1 A;
69.2706128251085;-0.099853515625;-0.0065032958984375;13.8899999649311;1390;1 A;
69.2806128250833;-0.099884033203125;-0.00653076171875;13.8999999649059;1391;1 A;
69.290612825058;-0.099853515625;-0.00656738281249999;13.9099999648806;1392;1 A;
69.3006128250328;-0.099822998046875;-0.00653076171875;13.9199999648554;1393;1 A;
69.3106128250075;-0.099822998046875;-0.006500244140625;13.9299999648301;1394;1 A;
69.3206128249823;-0.099945068359375;-0.0065155029296875;13.9399999648049;1395;1 A;
69.330612824957;-0.099822998046875;-0.0065032958984375;13.9499999647796;1396;1 A;
69.3406128249318;-0.099853515625;-0.00648193359375;13.9599999647544;1397;1 A;
69.3506128249065;-0.099822998046875;-0.00647583007812499;13.9699999647291;1398;1 A;
69.3606128248813;-0.099884033203125;-0.00650939941406251;13.9799999647039;1399;1 A;
69.370612824856;-0.099853515625;-0.006561279296875;13.9899999646786;1400;1 A;
69.3806128248308;-0.099822998046875;-0.0065277099609375;13.9999999646534;1401;1 A;
69.3906128248055;-0.099853515625;-0.00652160644531249;14.0099999646282;1402;1 A;
69.4006128247803;-0.099884033203125;-0.0065185546875;14.0199999646029;1403;1 A;
69.410612824755;-0.099884033203125;-0.00650634765624999;14.0299999645777;1404;1 A;
69.4206128247298;-0.099853515625;-0.00646362304687501;14.0399999645524;1405;1 A;
69.4306128247046;-0.099945068359375;-0.0064208984375;14.0499999645272;1406;1 A;
69.4406128246793;-0.099853515625;-0.0064544677734375;14.0599999645019;1407;1 A;
69.4506128246541;-0.099945068359375;-0.00647888183593751;14.0699999644767;1408;1 A;
69.4606128246288;-0.099853515625;-0.006451416015625;14.0799999644514;1409;1 A;
69.4706128246036;-0.09991455078125;-0.006451416015625;14.0899999644262;1410;1 A;
69.4806128245783;-0.099853515625;-0.00645751953125;14.0999999644009;1411;1 A;
69.4906128245531;-0.099884033203125;-0.00648193359375;14.1099999643757;1412;1 A;
69.5006128245278;-0.09991455078125;-0.0064544677734375;14.1199999643504;1413;1 A;
69.5106128245026;-0.099884033203125;-0.0064361572265625;14.1299999643252;1414;1 A;
69.5206128244773;-0.09991455078125;-0.00644836425781251;14.1399999642999;1415;1 A;
69.5306128244521;-0.099853515625;-0.006439208984375;14.1499999642747;1416;1 A;
69.5406128244268;-0.099853515625;-0.0064239501953125;14.1599999642494;1417;1 A;
69.5506128244016;-0.099884033203125;-0.00640869140625;14.1699999642242;1418;1 A;
69.5606128243763;-0.099853515625;-0.0064239501953125;14.1799999641989;1419;1 A;
69.5706128243511;-0.09979248046875;-0.006451416015625;14.1899999641737;1420;1 A;
69.5806128243258;-0.099853515625;-0.006396484375;14.1999999641484;1421;1 A;
69.5906128243006;-0.099761962890625;-0.0064056396484375;14.2099999641232;1422;1 A;
69.6006128242753;-0.09979248046875;-0.0064239501953125;14.219999964098;1423;1 A;
69.6106128242501;-0.099853515625;-0.00644836425781251;14.2299999640727;1424;1 A;
69.6206128242248;-0.09991455078125;-0.006451416015625;14.2399999640475;1425;1 A;
69.6306128241996;-0.099853515625;-0.0064849853515625;14.2499999640222;1426;1 A;
69.6406128241744;-0.099853515625;-0.00647888183593751;14.259999963997;1427;1 A;
69.6506128241491;-0.099884033203125;-0.0065155029296875;14.2699999639717;1428;1 A;
69.6606128241239;-0.099853515625;-0.00649414062500001;14.2799999639465;1429;1 A;
69.6706128240986;-0.099853515625;-0.0065032958984375;14.2899999639212;1430;1 A;
69.6806128240734;-0.099884033203125;-0.0065155029296875;14.299999963896;1431;1 A;
69.6906128240481;-0.09991455078125;-0.006549072265625;14.3099999638707;1432;1 A;
69.7006128240229;-0.099853515625;-0.00650939941406251;14.3199999638455;1433;1 A;
69.7106128239976;-0.09991455078125;-0.006488037109375;14.3299999638202;1434;1 A;
69.7206128239724;-0.099822998046875;-0.0065032958984375;14.339999963795;1435;1 A;
69.7306128239471;-0.09991455078125;-0.006500244140625;14.3499999637697;1436;1 A;
69.7406128239219;-0.099853515625;-0.00648193359375;14.3599999637445;1437;1 A;
69.7506128238966;-0.099945068359375;-0.00647583007812499;14.3699999637192;1438;1 A;
69.7606128238714;-0.099853515625;-0.0065032958984375;14.379999963694;1439;1 A;
69.7706128238461;-0.099884033203125;-0.00653686523437499;14.3899999636687;1440;1 A;
69.7806128238209;-0.099884033203125;-0.00648193359375;14.3999999636435;1441;1 A;
69.7906128237956;-0.099884033203125;-0.0064727783203125;14.4099999636182;1442;1 A;
69.8006128237704;-0.099884033203125;-0.0064727783203125;14.419999963593;1443;1 A;
69.8106128237451;-0.099822998046875;-0.00648193359375;14.4299999635678;1444;1 A;
69.8206128237199;-0.09991455078125;-0.00645751953125;14.4399999635425;1445;1 A;
69.8306128236947;-0.099853515625;-0.0064361572265625;14.4499999635173;1446;1 A;
69.8406128236694;-0.099884033203125;-0.0064727783203125;14.459999963492;1447;1 A;
69.8506128236442;-0.099853515625;-0.00649108886718749;14.4699999634668;1448;1 A;
69.8606128236189;-0.099884033203125;-0.00647888183593751;14.4799999634415;1449;1 A;
69.8706128235937;-0.099822998046875;-0.00649414062500001;14.4899999634163;1450;1 A;
69.8806128235684;-0.099853515625;-0.00652160644531249;14.499999963391;1451;1 A;
69.8906128235432;-0.099822998046875;-0.0065765380859375;14.5099999633658;1452;1 A;
69.9006128235179;-0.099853515625;-0.0065643310546875;14.5199999633405;1453;1 A;
69.9106128234927;-0.099853515625;-0.00657958984375;14.5299999633153;1454;1 A;
69.9206128234674;-0.099884033203125;-0.006640625;14.53999996329;1455;1 A;
69.9306128234422;-0.099853515625;-0.0066558837890625;14.5499999632648;1456;1 A;
69.9406128234169;-0.099884033203125;-0.00664672851562501;14.5599999632395;1457;1 A;
69.9506128233917;-0.09991455078125;-0.006610107421875;14.5699999632143;1458;1 A;
69.9606128233664;-0.099884033203125;-0.00664367675781249;14.579999963189;1459;1 A;
69.9706128233412;-0.09991455078125;-0.00667724609375001;14.5899999631638;1460;1 A;
69.9806128233159;-0.099822998046875;-0.0066558837890625;14.5999999631385;1461;1 A;
69.9906128232907;-0.09991455078125;-0.006671142578125;14.6099999631133;1462;1 A;
70.0006128232654;-0.099884033203125;-0.00670776367187501;14.619999963088;1463;1 A;
70.0106128232402;-0.099945068359375;-0.00671997070312499;14.6299999630628;1464;1 A;
70.0206128232149;-0.09991455078125;-0.006695556640625;14.6399999630376;1465;1 A;
70.0306128231897;-0.099853515625;-0.00667419433593749;14.6499999630123;1466;1 A;
70.0406128231645;-0.099884033203125;-0.0067108154296875;14.6599999629871;1467;1 A;
70.0506128231392;-0.099884033203125;-0.00673828125000001;14.6699999629618;1468;1 A;
70.060612823114;-0.099853515625;-0.00671997070312499;14.6799999629366;1469;1 A;
70.0706128230887;-0.099853515625;-0.00671997070312499;14.6899999629113;1470;1 A;
70.0806128230635;-0.099945068359375;-0.00672302246093751;14.6999999628861;1471;1 A;
70.0906128230382;-0.099853515625;-0.00675048828124999;14.7099999628608;1472;1 A;
70.100612823013;-0.099884033203125;-0.0066864013671875;14.7199999628356;1473;1 A;
70.1106128229877;-0.099822998046875;-0.00665893554687499;14.7299999628103;1474;1 A;
70.1206128229625;-0.099853515625;-0.00666198730468751;14.7399999627851;1475;1 A;
70.1306128229372;-0.09979248046875;-0.006640625;14.7499999627598;1476;1 A;
70.140612822912;-0.099822998046875;-0.00661315917968749;14.7599999627346;1477;1 A;
70.1506128228867;-0.099853515625;-0.00658569335937501;14.7699999627093;1478;1 A;
70.1606128228615;-0.099884033203125;-0.00660400390625;14.7799999626841;1479;1 A;
70.1706128228362;-0.099884033203125;-0.0066192626953125;14.7899999626588;1480;1 A;
70.180612822811;-0.099853515625;-0.0065582275390625;14.7999999626336;1481;1 A;
70.1906128227857;-0.0997314453125;-0.0065338134765625;14.8099999626083;1482;1 A;
70.2006128227605;-0.099822998046875;-0.0065155029296875;14.8199999625831;1483;1 A;
70.2106128227352;-0.09991455078125;-0.0065032958984375;14.8299999625578;1484;1 A;
70.22061282271;-0.099853515625;-0.00644531249999999;14.8399999625326;1485;1 A;
70.2306128226847;-0.099945068359375;-0.00640869140625;14.8499999625074;1486;1 A;
70.2406128226595;-0.099884033203125;-0.00641784667968751;14.8599999624821;1487;1 A;
70.2506128226343;-0.099853515625;-0.0064056396484375;14.8699999624569;1488;1 A;
70.260612822609;-0.099853515625;-0.00635375976562499;14.8799999624316;1489;1 A;
70.2706128225838;-0.099945068359375;-0.0063140869140625;14.8899999624064;1490;1 A;
70.2806128225585;-0.099945068359375;-0.0063018798828125;14.8999999623811;1491;1 A;
70.2906128225333;-0.09991455078125;-0.00634765625;14.9099999623559;1492;1 A;
70.300612822508;-0.099822998046875;-0.00632324218749999;14.9199999623306;1493;1 A;
70.3106128224828;-0.09991455078125;-0.0063201904296875;14.9299999623054;1494;1 A;
70.3206128224575;-0.099853515625;-0.0063446044921875;14.9399999622801;1495;1 A;
70.3306128224323;-0.099884033203125;-0.00635681152343751;14.9499999622549;1496;1 A;
70.340612822407;-0.09991455078125;-0.00634765625;14.9599999622296;1497;1 A;
70.3506128223818;-0.099822998046875;-0.0063323974609375;14.9699999622044;1498;1 A;
70.3606128223565;-0.099853515625;-0.0062896728515625;14.9799999621791;1499;1 A;
70.3706128223313;-0.09979248046875;-0.00632629394531251;14.9899999621539;1500;1 A;
