Time (s);WE(1).Potential (V);WE(1).Current (A);Corrected time (s);Index;Current range;Overload
78.3461678021949;-0.787353515625;2.34405517578125;0;1;1 A;Current overload
78.3561678021697;-0.77056884765625;2.34375;0.00999999997475243;2;1 A;Current overload
78.3661678021444;-0.760498046875;2.34375;0.0199999999495049;3;1 A;Current overload
78.3761678021192;-0.75225830078125;2.34344482421875;0.0299999999242573;4;1 A;Current overload
78.386167802094;-0.7442626953125;2.34344482421875;0.0399999998990097;5;1 A;Current overload
78.3961678020687;-0.738189697265625;2.34344482421875;0.0499999998737621;6;1 A;Current overload
78.4061678020435;-0.734405517578125;2.3431396484375;0.0599999998485146;7;1 A;Current overload
78.4161678020182;-0.730438232421875;2.3431396484375;0.069999999823267;8;1 A;Current overload
78.426167801993;-0.725616455078125;2.3431396484375;0.0799999997980194;9;1 A;Current overload
78.4361678019677;-0.72174072265625;2.3431396484375;0.0899999997727718;10;1 A;Current overload
78.4461678019425;-0.719696044921875;2.3431396484375;0.0999999997475243;11;1 A;Current overload
78.4561678019172;-0.7176513671875;2.3431396484375;0.109999999722277;12;1 A;Current overload
78.466167801892;-0.713653564453125;2.34283447265625;0.119999999697029;13;1 A;Current overload
78.4761678018667;-0.710906982421875;2.34283447265625;0.129999999671782;14;1 A;Current overload
78.4861678018415;-0.709869384765625;2.34283447265625;0.139999999646534;15;1 A;Current overload
78.4961678018162;-0.70843505859375;2.34283447265625;0.149999999621286;16;1 A;Current overload
78.506167801791;-0.705169677734375;2.34283447265625;0.159999999596039;17;1 A;Current overload
78.5161678017657;-0.70294189453125;2.34283447265625;0.169999999570791;18;1 A;Current overload
78.5261678017405;-0.702301025390625;2.34283447265625;0.179999999545544;19;1 A;Current overload
78.5361678017152;-0.701446533203125;2.342529296875;0.189999999520296;20;1 A;Current overload
78.54616780169;-0.69879150390625;2.342529296875;0.199999999495049;21;1 A;Current overload
78.5561678016647;-0.697052001953125;2.342529296875;0.209999999469801;22;1 A;Current overload
78.5661678016395;-0.696807861328125;2.342529296875;0.219999999444553;23;1 A;Current overload
78.5761678016142;-0.69647216796875;2.342529296875;0.229999999419306;24;1 A;Current overload
78.586167801589;-0.693878173828125;2.342529296875;0.239999999394058;25;1 A;Current overload
78.5961678015638;-0.6923828125;2.342529296875;0.249999999368811;26;1 A;Current overload
78.6061678015385;-0.69244384765625;2.342529296875;0.259999999343563;27;1 A;Current overload
78.6161678015133;-0.691925048828125;2.342529296875;0.269999999318316;28;1 A;Current overload
78.626167801488;-0.68975830078125;2.34222412109375;0.279999999293068;29;1 A;Current overload
78.6361678014628;-0.688385009765625;2.34222412109375;0.28999999926782;30;1 A;Current overload
78.6461678014375;-0.68853759765625;2.34222412109375;0.299999999242573;31;1 A;Current overload
78.6561678014123;-0.68853759765625;2.34222412109375;0.309999999217325;32;1 A;Current overload
78.666167801387;-0.686492919921875;2.34222412109375;0.319999999192078;33;1 A;Current overload
78.6761678013618;-0.685211181640625;2.34222412109375;0.32999999916683;34;1 A;Current overload
78.6861678013365;-0.6856689453125;2.34222412109375;0.339999999141583;35;1 A;Current overload
78.6961678013113;-0.68548583984375;2.34222412109375;0.349999999116335;36;1 A;Current overload
78.706167801286;-0.68353271484375;2.3419189453125;0.359999999091087;37;1 A;Current overload
78.7161678012608;-0.682464599609375;2.34222412109375;0.36999999906584;38;1 A;Current overload
78.7261678012355;-0.683013916015625;2.3419189453125;0.379999999040592;39;1 A;Current overload
78.7361678012103;-0.68292236328125;2.3419189453125;0.389999999015345;40;1 A;Current overload
78.746167801185;-0.681121826171875;2.3419189453125;0.399999998990097;41;1 A;Current overload
78.7561678011598;-0.6802978515625;2.3419189453125;0.40999999896485;42;1 A;Current overload
78.7661678011345;-0.6806640625;2.3419189453125;0.419999998939602;43;1 A;Current overload
78.7761678011093;-0.680877685546875;2.3419189453125;0.429999998914354;44;1 A;Current overload
78.786167801084;-0.67901611328125;2.3419189453125;0.439999998889107;45;1 A;Current overload
78.7961678010588;-0.6783447265625;2.3419189453125;0.449999998863859;46;1 A;Current overload
78.8061678010336;-0.678955078125;2.3419189453125;0.459999998838612;47;1 A;Current overload
78.8161678010083;-0.678985595703125;2.3419189453125;0.469999998813364;48;1 A;Current overload
78.8261678009831;-0.677276611328125;2.3419189453125;0.479999998788116;49;1 A;Current overload
78.8361678009578;-0.67669677734375;2.3419189453125;0.489999998762869;50;1 A;Current overload
78.8461678009326;-0.677215576171875;2.34161376953125;0.499999998737621;51;1 A;Current overload
78.8561678009073;-0.677215576171875;2.34161376953125;0.509999998712374;52;1 A;Current overload
78.8661678008821;-0.675689697265625;2.34161376953125;0.519999998687126;53;1 A;Current overload
78.8761678008568;-0.675140380859375;2.34161376953125;0.529999998661879;54;1 A;Current overload
78.8861678008316;-0.6759033203125;2.34161376953125;0.539999998636631;55;1 A;Current overload
78.8961678008063;-0.675933837890625;2.34161376953125;0.549999998611383;56;1 A;Current overload
78.9061678007811;-0.674346923828125;2.34161376953125;0.559999998586136;57;1 A;Current overload
78.9161678007558;-0.67376708984375;2.34161376953125;0.569999998560888;58;1 A;Current overload
78.9261678007306;-0.6746826171875;2.34161376953125;0.579999998535641;59;1 A;Current overload
78.9361678007053;-0.674468994140625;2.34161376953125;0.589999998510393;60;1 A;Current overload
78.9461678006801;-0.672943115234375;2.34161376953125;0.599999998485146;61;1 A;Current overload
78.9561678006548;-0.6727294921875;2.34161376953125;0.609999998459898;62;1 A;Current overload
78.9661678006296;-0.673248291015625;2.34161376953125;0.61999999843465;63;1 A;Current overload
78.9761678006043;-0.673309326171875;2.34161376953125;0.629999998409403;64;1 A;Current overload
78.9861678005791;-0.671844482421875;2.34161376953125;0.639999998384155;65;1 A;Current overload
78.9961678005538;-0.671600341796875;2.34161376953125;0.649999998358908;66;1 A;Current overload
79.0061678005286;-0.67242431640625;2.34130859375;0.65999999833366;67;1 A;Current overload
79.0161678005034;-0.67242431640625;2.34130859375;0.669999998308413;68;1 A;Current overload
79.0261678004781;-0.6708984375;2.34130859375;0.679999998283165;69;1 A;Current overload
79.0361678004529;-0.67071533203125;2.34130859375;0.689999998257917;70;1 A;Current overload
79.0461678004276;-0.671539306640625;2.34130859375;0.69999999823267;71;1 A;Current overload
79.0561678004024;-0.6712646484375;2.34130859375;0.709999998207422;72;1 A;Current overload
79.0661678003771;-0.669830322265625;2.34130859375;0.719999998182175;73;1 A;Current overload
79.0761678003519;-0.669586181640625;2.34130859375;0.729999998156927;74;1 A;Current overload
79.0861678003266;-0.670257568359375;2.34130859375;0.73999999813168;75;1 A;Current overload
79.0961678003014;-0.6700439453125;2.34130859375;0.749999998106432;76;1 A;Current overload
79.1061678002761;-0.668548583984375;2.34130859375;0.759999998081184;77;1 A;Current overload
79.1161678002509;-0.66839599609375;2.34130859375;0.769999998055937;78;1 A;Current overload
79.1261678002256;-0.669586181640625;2.34130859375;0.779999998030689;79;1 A;Current overload
79.1361678002004;-0.669158935546875;2.34130859375;0.789999998005442;80;1 A;Current overload
79.1461678001751;-0.66778564453125;2.34130859375;0.799999997980194;81;1 A;Current overload
79.1561678001499;-0.667877197265625;2.34130859375;0.809999997954947;82;1 A;Current overload
79.1661678001246;-0.66864013671875;2.34100341796875;0.819999997929699;83;1 A;Current overload
79.1761678000994;-0.668060302734375;2.34100341796875;0.829999997904451;84;1 A;Current overload
79.1861678000741;-0.666473388671875;2.34100341796875;0.839999997879204;85;1 A;Current overload
79.1961678000489;-0.6666259765625;2.34100341796875;0.849999997853956;86;1 A;Current overload
79.2061678000236;-0.667633056640625;2.34100341796875;0.859999997828709;87;1 A;Current overload
79.2161677999984;-0.6671142578125;2.34100341796875;0.869999997803461;88;1 A;Current overload
79.2261677999732;-0.665374755859375;2.34100341796875;0.879999997778214;89;1 A;Current overload
79.2361677999479;-0.665740966796875;2.34100341796875;0.889999997752966;90;1 A;Current overload
79.2461677999227;-0.666778564453125;2.34100341796875;0.899999997727718;91;1 A;Current overload
79.2561677998974;-0.66595458984375;2.34100341796875;0.909999997702471;92;1 A;Current overload
79.2661677998722;-0.66436767578125;2.34100341796875;0.919999997677223;93;1 A;Current overload
79.2761677998469;-0.6649169921875;2.34100341796875;0.929999997651976;94;1 A;Current overload
79.2861677998217;-0.6656494140625;2.34100341796875;0.939999997626728;95;1 A;Current overload
79.2961677997964;-0.6646728515625;2.3406982421875;0.949999997601481;96;1 A;Current overload
79.3061677997712;-0.663055419921875;2.3406982421875;0.959999997576233;97;1 A;Current overload
79.3161677997459;-0.66351318359375;2.3406982421875;0.969999997550985;98;1 A;Current overload
79.3261677997207;-0.66455078125;2.3406982421875;0.979999997525738;99;1 A;Current overload
79.3361677996954;-0.663177490234375;2.3406982421875;0.98999999750049;100;1 A;Current overload
79.3461677996702;-0.66143798828125;2.3406982421875;0.999999997475243;101;1 A;Current overload
79.3561677996449;-0.6622314453125;2.3406982421875;1.00999999745;102;1 A;Current overload
79.3661677996197;-0.663116455078125;2.3406982421875;1.01999999742475;103;1 A;Current overload
79.3761677995944;-0.661407470703125;2.3406982421875;1.0299999973995;104;1 A;Current overload
79.3861677995692;-0.659576416015625;2.3406982421875;1.03999999737425;105;1 A;Current overload
79.3961677995439;-0.660369873046875;2.3406982421875;1.049999997349;106;1 A;Current overload
79.4061677995187;-0.661376953125;2.3406982421875;1.05999999732376;107;1 A;Current overload
79.4161677994935;-0.659271240234375;2.3406982421875;1.06999999729851;108;1 A;Current overload
79.4261677994682;-0.65740966796875;2.3406982421875;1.07999999727326;109;1 A;Current overload
79.436167799443;-0.658538818359375;2.3406982421875;1.08999999724801;110;1 A;Current overload
79.4461677994177;-0.65936279296875;2.3406982421875;1.09999999722277;111;1 A;Current overload
79.4561677993925;-0.656524658203125;2.34039306640625;1.10999999719752;112;1 A;Current overload
79.4661677993672;-0.65423583984375;2.34039306640625;1.11999999717227;113;1 A;Current overload
79.476167799342;-0.655914306640625;2.34039306640625;1.12999999714702;114;1 A;Current overload
79.4861677993167;-0.656280517578125;2.34039306640625;1.13999999712178;115;1 A;Current overload
79.4961677992915;-0.652374267578125;2.34039306640625;1.14999999709653;116;1 A;Current overload
79.5061677992662;-0.650054931640625;2.34039306640625;1.15999999707128;117;1 A;Current overload
79.516167799241;-0.65191650390625;2.34039306640625;1.16999999704603;118;1 A;Current overload
79.5261677992157;-0.65252685546875;2.34039306640625;1.17999999702079;119;1 A;Current overload
79.5361677991905;-0.647125244140625;2.34039306640625;1.18999999699554;120;1 A;Current overload
79.5461677991652;-0.64459228515625;2.34039306640625;1.19999999697029;121;1 A;Current overload
79.55616779914;-0.647247314453125;2.34039306640625;1.20999999694504;122;1 A;Current overload
79.5661677991147;-0.647552490234375;2.34039306640625;1.2199999969198;123;1 A;Current overload
79.5761677990895;-0.640838623046875;2.34039306640625;1.22999999689455;124;1 A;Current overload
79.5861677990642;-0.638397216796875;2.340087890625;1.2399999968693;125;1 A;Current overload
79.596167799039;-0.64166259765625;2.340087890625;1.24999999684405;126;1 A;Current overload
79.6061677990137;-0.641693115234375;2.340087890625;1.25999999681881;127;1 A;Current overload
79.6161677989885;-0.63336181640625;2.340087890625;1.26999999679356;128;1 A;Current overload
79.6261677989633;-0.63104248046875;2.340087890625;1.27999999676831;129;1 A;Current overload
79.636167798938;-0.635040283203125;2.340087890625;1.28999999674306;130;1 A;Current overload
79.6461677989128;-0.63494873046875;2.340087890625;1.29999999671782;131;1 A;Current overload
79.6561677988875;-0.62469482421875;2.340087890625;1.30999999669257;132;1 A;Current overload
79.6661677988623;-0.6220703125;2.33978271484375;1.31999999666732;133;1 A;Current overload
79.676167798837;-0.627166748046875;2.33978271484375;1.32999999664207;134;1 A;Current overload
79.6861677988118;-0.626251220703125;2.33978271484375;1.33999999661683;135;1 A;Current overload
79.6961677987865;-0.61370849609375;2.33978271484375;1.34999999659158;136;1 A;Current overload
79.7061677987613;-0.610687255859375;2.33978271484375;1.35999999656633;137;1 A;Current overload
79.716167798736;-0.61614990234375;2.33978271484375;1.36999999654108;138;1 A;Current overload
79.7261677987108;-0.614166259765625;2.33978271484375;1.37999999651583;139;1 A;Current overload
79.7361677986855;-0.598388671875;2.3394775390625;1.38999999649059;140;1 A;Current overload
79.7461677986603;-0.594207763671875;2.3394775390625;1.39999999646534;141;1 A;Current overload
79.756167798635;-0.59991455078125;2.3394775390625;1.40999999644009;142;1 A;Current overload
79.7661677986098;-0.59637451171875;2.3394775390625;1.41999999641484;143;1 A;Current overload
79.7761677985845;-0.576171875;2.33917236328125;1.4299999963896;144;1 A;Current overload
79.7861677985593;-0.570159912109375;2.33917236328125;1.43999999636435;145;1 A;Current overload
79.796167798534;-0.576019287109375;2.33917236328125;1.4499999963391;146;1 A;Current overload
79.8061677985088;-0.567596435546875;2.33917236328125;1.45999999631385;147;1 A;Current overload
79.8161677984835;-0.542144775390625;2.3388671875;1.46999999628861;148;1 A;Current overload
79.8261677984583;-0.5323486328125;2.3388671875;1.47999999626336;149;1 A;Current overload
79.8361677984331;-0.536834716796875;2.3388671875;1.48999999623811;150;1 A;Current overload
79.8461677984078;-0.522613525390625;2.33856201171875;1.49999999621286;151;1 A;Current overload
79.8561677983826;-0.484344482421875;2.3382568359375;1.50999999618762;152;1 A;Current overload
79.8661677983573;-0.463348388671875;2.3382568359375;1.51999999616237;153;1 A;Current overload
79.8761677983321;-0.4500732421875;2.33795166015625;1.52999999613712;154;1 A;Current overload
79.8861677983068;-0.405517578125;2.33734130859375;1.53999999611187;155;1 A;Current overload
79.8961677982816;-0.331878662109375;2.33673095703125;1.54999999608663;156;1 A;Current overload
79.9061677982563;-0.271087646484375;2.33642578125;1.55999999606138;157;1 A;Current overload
79.9161677982311;-0.231842041015625;2.3358154296875;1.56999999603613;158;1 A;Current overload
79.9261677982058;-0.191925048828125;2.335205078125;1.57999999601088;159;1 A;Current overload
79.9361677981806;-0.1485595703125;2.3345947265625;1.58999999598564;160;1 A;Current overload
79.9461677981553;-0.11260986328125;2.33154296875;1.59999999596039;161;1 A;Current overload
79.9561677981301;-0.09783935546875;2.15545654296875;1.60999999593514;162;1 A;Current overload
79.9661677981048;-0.098968505859375;1.84478759765625;1.61999999590989;163;1 A;
79.9761677980796;-0.099853515625;1.5814208984375;1.62999999588465;164;1 A;
79.9861677980543;-0.100250244140625;1.4068603515625;1.6399999958594;165;1 A;
79.9961677980291;-0.10211181640625;1.19964599609375;1.64999999583415;166;1 A;
80.0061677980038;-0.10101318359375;1.08062744140625;1.6599999958089;167;1 A;
80.0161677979786;-0.099517822265625;0.99639892578125;1.66999999578366;168;1 A;
80.0261677979533;-0.09942626953125;0.87249755859375;1.67999999575841;169;1 A;
80.0361677979281;-0.1002197265625;0.75958251953125;1.68999999573316;170;1 A;
80.0461677979029;-0.10003662109375;0.6634521484375;1.69999999570791;171;1 A;
80.0561677978776;-0.0999755859375;0.6494140625;1.70999999568267;172;1 A;
80.0661677978524;-0.0999755859375;0.61492919921875;1.71999999565742;173;1 A;
80.0761677978271;-0.099395751953125;0.55084228515625;1.72999999563217;174;1 A;
80.0861677978019;-0.100250244140625;0.48980712890625;1.73999999560692;175;1 A;
80.0961677977766;-0.099578857421875;0.4949951171875;1.74999999558167;176;1 A;
80.1061677977514;-0.100006103515625;0.46722412109375;1.75999999555643;177;1 A;
80.1161677977261;-0.100189208984375;0.414886474609375;1.76999999553118;178;1 A;
80.1261677977009;-0.0997314453125;0.3712158203125;1.77999999550593;179;1 A;
80.1361677976756;-0.099884033203125;0.3963623046875;1.78999999548068;180;1 A;
80.1461677976504;-0.099639892578125;0.36541748046875;1.79999999545544;181;1 A;
80.1561677976251;-0.1002197265625;0.334136962890625;1.80999999543019;182;1 A;
80.1661677975999;-0.0997314453125;0.312591552734375;1.81999999540494;183;1 A;
80.1761677975746;-0.09979248046875;0.311126708984375;1.82999999537969;184;1 A;
80.1861677975494;-0.099822998046875;0.28399658203125;1.83999999535445;185;1 A;
80.1961677975241;-0.100067138671875;0.26251220703125;1.8499999953292;186;1 A;
80.2061677974989;-0.100067138671875;0.259368896484375;1.85999999530395;187;1 A;
80.2161677974736;-0.099884033203125;0.251983642578125;1.8699999952787;188;1 A;
80.2261677974484;-0.09991455078125;0.231475830078125;1.87999999525346;189;1 A;
80.2361677974231;-0.099884033203125;0.223388671875;1.88999999522821;190;1 A;
80.2461677973979;-0.099853515625;0.203277587890625;1.89999999520296;191;1 A;
80.2561677973727;-0.10009765625;0.200836181640625;1.90999999517771;192;1 A;
80.2661677973474;-0.09991455078125;0.18853759765625;1.91999999515247;193;1 A;
80.2761677973222;-0.099700927734375;0.179473876953125;1.92999999512722;194;1 A;
80.2861677972969;-0.10015869140625;0.171142578125;1.93999999510197;195;1 A;
80.2961677972717;-0.09991455078125;0.1649169921875;1.94999999507672;196;1 A;
80.3061677972464;-0.09991455078125;0.15545654296875;1.95999999505148;197;1 A;
80.3161677972212;-0.0999755859375;0.149017333984375;1.96999999502623;198;1 A;
80.3261677971959;-0.099884033203125;0.143707275390625;1.97999999500098;199;1 A;
80.3361677971707;-0.099822998046875;0.13751220703125;1.98999999497573;200;1 A;
80.3461677971454;-0.099822998046875;0.13037109375;1.99999999495049;201;1 A;
80.3561677971202;-0.099822998046875;0.12567138671875;2.00999999492524;202;1 A;
80.3661677970949;-0.099822998046875;0.122161865234375;2.01999999489999;203;1 A;
80.3761677970697;-0.099884033203125;0.117950439453125;2.02999999487474;204;1 A;
80.3861677970444;-0.099822998046875;0.115509033203125;2.0399999948495;205;1 A;
80.3961677970192;-0.0999755859375;0.113311767578125;2.04999999482425;206;1 A;
80.4061677969939;-0.09979248046875;0.109405517578125;2.059999994799;207;1 A;
80.4161677969687;-0.099884033203125;0.105712890625;2.06999999477375;208;1 A;
80.4261677969434;-0.09991455078125;0.1019287109375;2.0799999947485;209;1 A;
80.4361677969182;-0.099822998046875;0.098724365234375;2.08999999472326;210;1 A;
80.446167796893;-0.09991455078125;0.0958251953125;2.09999999469801;211;1 A;
80.4561677968677;-0.099945068359375;0.093231201171875;2.10999999467276;212;1 A;
80.4661677968425;-0.099945068359375;0.09002685546875;2.11999999464751;213;1 A;
80.4761677968172;-0.099761962890625;0.088531494140625;2.12999999462227;214;1 A;
80.486167796792;-0.100006103515625;0.0860595703125;2.13999999459702;215;1 A;
80.4961677967667;-0.10003662109375;0.083038330078125;2.14999999457177;216;1 A;
80.5061677967415;-0.099945068359375;0.081634521484375;2.15999999454652;217;1 A;
80.5161677967162;-0.099853515625;0.07928466796875;2.16999999452128;218;1 A;
80.526167796691;-0.09991455078125;0.07757568359375;2.17999999449603;219;1 A;
80.5361677966657;-0.099853515625;0.075347900390625;2.18999999447078;220;1 A;
80.5461677966405;-0.099884033203125;0.072662353515625;2.19999999444553;221;1 A;
80.5561677966152;-0.099884033203125;0.071197509765625;2.20999999442029;222;1 A;
80.56616779659;-0.099853515625;0.069671630859375;2.21999999439504;223;1 A;
80.5761677965647;-0.09979248046875;0.0682373046875;2.22999999436979;224;1 A;
80.5861677965395;-0.099853515625;0.0673828125;2.23999999434454;225;1 A;
80.5961677965142;-0.099945068359375;0.06683349609375;2.2499999943193;226;1 A;
80.606167796489;-0.099853515625;0.06500244140625;2.25999999429405;227;1 A;
80.6161677964637;-0.099853515625;0.064208984375;2.2699999942688;228;1 A;
80.6261677964385;-0.099884033203125;0.062652587890625;2.27999999424355;229;1 A;
80.6361677964132;-0.099884033203125;0.0614013671875;2.28999999421831;230;1 A;
80.646167796388;-0.099853515625;0.059967041015625;2.29999999419306;231;1 A;
80.6561677963628;-0.0999755859375;0.05914306640625;2.30999999416781;232;1 A;
80.6661677963375;-0.099884033203125;0.05718994140625;2.31999999414256;233;1 A;
80.6761677963123;-0.099884033203125;0.05517578125;2.32999999411732;234;1 A;
80.686167796287;-0.099945068359375;0.054168701171875;2.33999999409207;235;1 A;
80.6961677962618;-0.09991455078125;0.05291748046875;2.34999999406682;236;1 A;
80.7061677962365;-0.0999755859375;0.052734375;2.35999999404157;237;1 A;
80.7161677962113;-0.099822998046875;0.051849365234375;2.36999999401633;238;1 A;
80.726167796186;-0.100067138671875;0.05108642578125;2.37999999399108;239;1 A;
80.7361677961608;-0.09991455078125;0.05010986328125;2.38999999396583;240;1 A;
80.7461677961355;-0.09991455078125;0.048797607421875;2.39999999394058;241;1 A;
80.7561677961103;-0.099822998046875;0.04779052734375;2.40999999391533;242;1 A;
80.766167796085;-0.099822998046875;0.0464935302734375;2.41999999389009;243;1 A;
80.7761677960598;-0.09979248046875;0.0460723876953125;2.42999999386484;244;1 A;
80.7861677960345;-0.09979248046875;0.0453094482421875;2.43999999383959;245;1 A;
80.7961677960093;-0.09979248046875;0.045001220703125;2.44999999381434;246;1 A;
80.806167795984;-0.099761962890625;0.0443634033203125;2.4599999937891;247;1 A;
80.8161677959588;-0.099761962890625;0.043359375;2.46999999376385;248;1 A;
80.8261677959335;-0.099822998046875;0.0424346923828125;2.4799999937386;249;1 A;
80.8361677959083;-0.10009765625;0.04173583984375;2.48999999371335;250;1 A;
80.846167795883;-0.099853515625;0.04149169921875;2.49999999368811;251;1 A;
80.8561677958578;-0.099822998046875;0.0409942626953125;2.50999999366286;252;1 A;
80.8661677958326;-0.099822998046875;0.03961181640625;2.51999999363761;253;1 A;
80.8761677958073;-0.09991455078125;0.0390045166015625;2.52999999361236;254;1 A;
80.8861677957821;-0.099822998046875;0.0385467529296875;2.53999999358712;255;1 A;
80.8961677957568;-0.099945068359375;0.03787841796875;2.54999999356187;256;1 A;
80.9061677957316;-0.09991455078125;0.0373779296875;2.55999999353662;257;1 A;
80.9161677957063;-0.09991455078125;0.0370819091796875;2.56999999351137;258;1 A;
80.9261677956811;-0.09991455078125;0.036688232421875;2.57999999348613;259;1 A;
80.9361677956558;-0.099945068359375;0.0362548828125;2.58999999346088;260;1 A;
80.9461677956306;-0.099945068359375;0.0360748291015625;2.59999999343563;261;1 A;
80.9561677956053;-0.099884033203125;0.0358489990234375;2.60999999341038;262;1 A;
80.9661677955801;-0.099884033203125;0.0354736328125;2.61999999338514;263;1 A;
80.9761677955548;-0.099853515625;0.0352508544921875;2.62999999335989;264;1 A;
80.9861677955296;-0.099853515625;0.0339447021484375;2.63999999333464;265;1 A;
80.9961677955043;-0.099884033203125;0.033642578125;2.64999999330939;266;1 A;
81.0061677954791;-0.099822998046875;0.0341156005859375;2.65999999328415;267;1 A;
81.0161677954538;-0.099700927734375;0.0328521728515625;2.6699999932589;268;1 A;
81.0261677954286;-0.099853515625;0.032684326171875;2.67999999323365;269;1 A;
81.0361677954033;-0.099884033203125;0.0321990966796875;2.6899999932084;270;1 A;
81.0461677953781;-0.099822998046875;0.0321746826171875;2.69999999318316;271;1 A;
81.0561677953528;-0.099945068359375;0.03221435546875;2.70999999315791;272;1 A;
81.0661677953276;-0.099822998046875;0.0317291259765625;2.71999999313266;273;1 A;
81.0761677953024;-0.099884033203125;0.031890869140625;2.72999999310741;274;1 A;
81.0861677952771;-0.099822998046875;0.031524658203125;2.73999999308217;275;1 A;
81.0961677952519;-0.0999755859375;0.030816650390625;2.74999999305692;276;1 A;
81.1061677952266;-0.099822998046875;0.0302490234375;2.75999999303167;277;1 A;
81.1161677952014;-0.0999755859375;0.030224609375;2.76999999300642;278;1 A;
81.1261677951761;-0.099884033203125;0.0297637939453125;2.77999999298117;279;1 A;
81.1361677951509;-0.099884033203125;0.029534912109375;2.78999999295593;280;1 A;
81.1461677951256;-0.099884033203125;0.0294464111328125;2.79999999293068;281;1 A;
81.1561677951004;-0.099853515625;0.0291229248046875;2.80999999290543;282;1 A;
81.1661677950751;-0.099884033203125;0.0287139892578125;2.81999999288018;283;1 A;
81.1761677950499;-0.099884033203125;0.028778076171875;2.82999999285494;284;1 A;
81.1861677950246;-0.099853515625;0.028564453125;2.83999999282969;285;1 A;
81.1961677949994;-0.099761962890625;0.0282501220703125;2.84999999280444;286;1 A;
81.2061677949741;-0.099884033203125;0.027593994140625;2.85999999277919;287;1 A;
81.2161677949489;-0.09979248046875;0.027239990234375;2.86999999275395;288;1 A;
81.2261677949236;-0.09991455078125;0.0269989013671875;2.8799999927287;289;1 A;
81.2361677948984;-0.099822998046875;0.0270111083984375;2.88999999270345;290;1 A;
81.2461677948731;-0.099945068359375;0.0269500732421875;2.8999999926782;291;1 A;
81.2561677948479;-0.099761962890625;0.026617431640625;2.90999999265296;292;1 A;
81.2661677948226;-0.099822998046875;0.026214599609375;2.91999999262771;293;1 A;
81.2761677947974;-0.099822998046875;0.0259033203125;2.92999999260246;294;1 A;
81.2861677947722;-0.099884033203125;0.0257080078125;2.93999999257721;295;1 A;
81.2961677947469;-0.099822998046875;0.0255767822265625;2.94999999255197;296;1 A;
81.3061677947217;-0.09979248046875;0.025213623046875;2.95999999252672;297;1 A;
81.3161677946964;-0.099822998046875;0.0253509521484375;2.96999999250147;298;1 A;
81.3261677946712;-0.09979248046875;0.0251373291015625;2.97999999247622;299;1 A;
81.3361677946459;-0.09991455078125;0.0247833251953125;2.98999999245098;300;1 A;
81.3461677946207;-0.099853515625;0.0247314453125;2.99999999242573;301;1 A;
81.3561677945954;-0.09991455078125;0.02462158203125;3.00999999240048;302;1 A;
81.3661677945702;-0.099884033203125;0.02452392578125;3.01999999237523;303;1 A;
81.3761677945449;-0.09991455078125;0.0242431640625;3.02999999234999;304;1 A;
81.3861677945197;-0.099945068359375;0.0236724853515625;3.03999999232474;305;1 A;
81.3961677944944;-0.09991455078125;0.0234649658203125;3.04999999229949;306;1 A;
81.4061677944692;-0.09991455078125;0.023193359375;3.05999999227424;307;1 A;
81.4161677944439;-0.099884033203125;0.0231781005859375;3.069999992249;308;1 A;
81.4261677944187;-0.099884033203125;0.0228515625;3.07999999222375;309;1 A;
81.4361677943934;-0.09979248046875;0.0226898193359375;3.0899999921985;310;1 A;
81.4461677943682;-0.099853515625;0.0228363037109375;3.09999999217325;311;1 A;
81.4561677943429;-0.09991455078125;0.0227996826171875;3.109999992148;312;1 A;
81.4661677943177;-0.09991455078125;0.02264404296875;3.11999999212276;313;1 A;
81.4761677942925;-0.099884033203125;0.02210693359375;3.12999999209751;314;1 A;
81.4861677942672;-0.099822998046875;0.0221099853515625;3.13999999207226;315;1 A;
81.496167794242;-0.099853515625;0.022161865234375;3.14999999204701;316;1 A;
81.5061677942167;-0.099822998046875;0.02169189453125;3.15999999202177;317;1 A;
81.5161677941915;-0.09991455078125;0.0218292236328125;3.16999999199652;318;1 A;
81.5261677941662;-0.099761962890625;0.02147216796875;3.17999999197127;319;1 A;
81.536167794141;-0.099884033203125;0.0212921142578125;3.18999999194602;320;1 A;
81.5461677941157;-0.099853515625;0.021258544921875;3.19999999192078;321;1 A;
81.5561677940905;-0.099884033203125;0.0211181640625;3.20999999189553;322;1 A;
81.5661677940652;-0.099853515625;0.0212066650390625;3.21999999187028;323;1 A;
81.57616779404;-0.100006103515625;0.02109375;3.22999999184503;324;1 A;
81.5861677940147;-0.099853515625;0.020611572265625;3.23999999181979;325;1 A;
81.5961677939895;-0.099945068359375;0.020440673828125;3.24999999179454;326;1 A;
81.6061677939642;-0.099853515625;0.0202972412109375;3.25999999176929;327;1 A;
81.616167793939;-0.099853515625;0.0204437255859375;3.26999999174404;328;1 A;
81.6261677939137;-0.099945068359375;0.020098876953125;3.2799999917188;329;1 A;
81.6361677938885;-0.099884033203125;0.02027587890625;3.28999999169355;330;1 A;
81.6461677938632;-0.099884033203125;0.020208740234375;3.2999999916683;331;1 A;
81.656167793838;-0.099853515625;0.0200897216796875;3.30999999164305;332;1 A;
81.6661677938127;-0.099822998046875;0.02000732421875;3.31999999161781;333;1 A;
81.6761677937875;-0.099822998046875;0.0199310302734375;3.32999999159256;334;1 A;
81.6861677937623;-0.099853515625;0.0197174072265625;3.33999999156731;335;1 A;
81.696167793737;-0.099822998046875;0.02010498046875;3.34999999154206;336;1 A;
81.7061677937118;-0.09991455078125;0.0193450927734375;3.35999999151682;337;1 A;
81.7161677936865;-0.09979248046875;0.0191986083984375;3.36999999149157;338;1 A;
81.7261677936613;-0.099822998046875;0.018994140625;3.37999999146632;339;1 A;
81.736167793636;-0.099884033203125;0.018878173828125;3.38999999144107;340;1 A;
81.7461677936108;-0.099822998046875;0.0186981201171875;3.39999999141583;341;1 A;
81.7561677935855;-0.09991455078125;0.018695068359375;3.40999999139058;342;1 A;
81.7661677935603;-0.09979248046875;0.018817138671875;3.41999999136533;343;1 A;
81.776167793535;-0.099853515625;0.018585205078125;3.42999999134008;344;1 A;
81.7861677935098;-0.099822998046875;0.018377685546875;3.43999999131483;345;1 A;
81.7961677934845;-0.09991455078125;0.0181640625;3.44999999128959;346;1 A;
81.8061677934593;-0.099884033203125;0.018121337890625;3.45999999126434;347;1 A;
81.816167793434;-0.099853515625;0.0181304931640625;3.46999999123909;348;1 A;
81.8261677934088;-0.099884033203125;0.0178070068359375;3.47999999121384;349;1 A;
81.8361677933835;-0.09991455078125;0.017816162109375;3.4899999911886;350;1 A;
81.8461677933583;-0.0999755859375;0.0178558349609375;3.49999999116335;351;1 A;
81.856167793333;-0.099853515625;0.017547607421875;3.5099999911381;352;1 A;
81.8661677933078;-0.099945068359375;0.017547607421875;3.51999999111285;353;1 A;
81.8761677932825;-0.099761962890625;0.0174163818359375;3.52999999108761;354;1 A;
81.8861677932573;-0.099884033203125;0.0176513671875;3.53999999106236;355;1 A;
81.8961677932321;-0.099853515625;0.0175048828125;3.54999999103711;356;1 A;
81.9061677932068;-0.099822998046875;0.01705322265625;3.55999999101186;357;1 A;
81.9161677931816;-0.099822998046875;0.01690673828125;3.56999999098662;358;1 A;
81.9261677931563;-0.099822998046875;0.0168182373046875;3.57999999096137;359;1 A;
81.9361677931311;-0.09979248046875;0.0168365478515625;3.58999999093612;360;1 A;
81.9461677931058;-0.09979248046875;0.0166748046875;3.59999999091087;361;1 A;
81.9561677930806;-0.099884033203125;0.016705322265625;3.60999999088563;362;1 A;
81.9661677930553;-0.09979248046875;0.0167572021484375;3.61999999086038;363;1 A;
81.9761677930301;-0.099853515625;0.0165679931640625;3.62999999083513;364;1 A;
81.9861677930048;-0.099884033203125;0.01656494140625;3.63999999080988;365;1 A;
81.9961677929796;-0.099945068359375;0.0162109375;3.64999999078464;366;1 A;
82.0061677929543;-0.09979248046875;0.01634521484375;3.65999999075939;367;1 A;
82.0161677929291;-0.099945068359375;0.01650390625;3.66999999073414;368;1 A;
82.0261677929038;-0.099853515625;0.015960693359375;3.67999999070889;369;1 A;
82.0361677928786;-0.099884033203125;0.0159515380859375;3.68999999068365;370;1 A;
82.0461677928533;-0.099884033203125;0.015899658203125;3.6999999906584;371;1 A;
82.0561677928281;-0.099884033203125;0.0158203125;3.70999999063315;372;1 A;
82.0661677928028;-0.099945068359375;0.0157196044921875;3.7199999906079;373;1 A;
82.0761677927776;-0.099853515625;0.0156219482421875;3.72999999058266;374;1 A;
82.0861677927523;-0.099884033203125;0.0156890869140625;3.73999999055741;375;1 A;
82.0961677927271;-0.099945068359375;0.0157867431640625;3.74999999053216;376;1 A;
82.1061677927019;-0.09991455078125;0.01533203125;3.75999999050691;377;1 A;
82.1161677926766;-0.099853515625;0.0151275634765625;3.76999999048167;378;1 A;
82.1261677926514;-0.099884033203125;0.015008544921875;3.77999999045642;379;1 A;
82.1361677926261;-0.099853515625;0.0151123046875;3.78999999043117;380;1 A;
82.1461677926009;-0.099853515625;0.0147064208984375;3.79999999040592;381;1 A;
82.1561677925756;-0.099822998046875;0.0147216796875;3.80999999038067;382;1 A;
82.1661677925504;-0.09979248046875;0.0148468017578125;3.81999999035543;383;1 A;
82.1761677925251;-0.09979248046875;0.0147308349609375;3.82999999033018;384;1 A;
82.1861677924999;-0.099884033203125;0.0145843505859375;3.83999999030493;385;1 A;
82.1961677924746;-0.099853515625;0.0144500732421875;3.84999999027968;386;1 A;
82.2061677924494;-0.099761962890625;0.014727783203125;3.85999999025444;387;1 A;
82.2161677924241;-0.099853515625;0.014837646484375;3.86999999022919;388;1 A;
82.2261677923989;-0.099853515625;0.0142547607421875;3.87999999020394;389;1 A;
82.2361677923736;-0.099822998046875;0.0140472412109375;3.88999999017869;390;1 A;
82.2461677923484;-0.099884033203125;0.01397705078125;3.89999999015345;391;1 A;
82.2561677923231;-0.09991455078125;0.014031982421875;3.9099999901282;392;1 A;
82.2661677922979;-0.099884033203125;0.0138397216796875;3.91999999010295;393;1 A;
82.2761677922726;-0.099884033203125;0.0137451171875;3.9299999900777;394;1 A;
82.2861677922474;-0.09991455078125;0.01395263671875;3.93999999005246;395;1 A;
82.2961677922221;-0.099945068359375;0.013836669921875;3.94999999002721;396;1 A;
82.3061677921969;-0.09991455078125;0.0136383056640625;3.95999999000196;397;1 A;
82.3161677921717;-0.099853515625;0.013360595703125;3.96999998997671;398;1 A;
82.3261677921464;-0.09991455078125;0.0134307861328125;3.97999998995147;399;1 A;
82.3361677921212;-0.099884033203125;0.013623046875;3.98999998992622;400;1 A;
82.3461677920959;-0.09991455078125;0.0131317138671875;3.99999998990097;401;1 A;
82.3561677920707;-0.099853515625;0.0131256103515625;4.00999998987572;402;1 A;
82.3661677920454;-0.099884033203125;0.012982177734375;4.01999998985048;403;1 A;
82.3761677920202;-0.09979248046875;0.0129150390625;4.02999998982523;404;1 A;
82.3861677919949;-0.099853515625;0.0130859375;4.03999998979998;405;1 A;
82.3961677919697;-0.09991455078125;0.0133209228515625;4.04999998977473;406;1 A;
82.4061677919444;-0.099853515625;0.013031005859375;4.05999998974949;407;1 A;
82.4161677919192;-0.09991455078125;0.013165283203125;4.06999998972424;408;1 A;
82.4261677918939;-0.09979248046875;0.012640380859375;4.07999998969899;409;1 A;
82.4361677918687;-0.099853515625;0.0125152587890625;4.08999998967374;410;1 A;
82.4461677918434;-0.09979248046875;0.0124267578125;4.0999999896485;411;1 A;
82.4561677918182;-0.099853515625;0.0123870849609375;4.10999998962325;412;1 A;
82.4661677917929;-0.099853515625;0.012286376953125;4.119999989598;413;1 A;
82.4761677917677;-0.099945068359375;0.01226806640625;4.12999998957275;414;1 A;
82.4861677917424;-0.09991455078125;0.0124664306640625;4.1399999895475;415;1 A;
82.4961677917172;-0.09991455078125;0.0125091552734375;4.14999998952226;416;1 A;
82.506167791692;-0.099945068359375;0.0122650146484375;4.15999998949701;417;1 A;
82.5161677916667;-0.09979248046875;0.0120086669921875;4.16999998947176;418;1 A;
82.5261677916415;-0.099884033203125;0.012109375;4.17999998944651;419;1 A;
82.5361677916162;-0.09991455078125;0.01226806640625;4.18999998942127;420;1 A;
82.546167791591;-0.099884033203125;0.0118255615234375;4.19999998939602;421;1 A;
82.5561677915657;-0.099822998046875;0.011663818359375;4.20999998937077;422;1 A;
82.5661677915405;-0.099945068359375;0.01148681640625;4.21999998934552;423;1 A;
82.5761677915152;-0.09991455078125;0.011407470703125;4.22999998932028;424;1 A;
82.58616779149;-0.099853515625;0.01129150390625;4.23999998929503;425;1 A;
82.5961677914647;-0.09979248046875;0.0112335205078125;4.24999998926978;426;1 A;
82.6061677914395;-0.099761962890625;0.0114471435546875;4.25999998924453;427;1 A;
82.6161677914142;-0.099822998046875;0.0113311767578125;4.26999998921929;428;1 A;
82.626167791389;-0.099822998046875;0.011041259765625;4.27999998919404;429;1 A;
82.6361677913637;-0.099853515625;0.010858154296875;4.28999998916879;430;1 A;
82.6461677913385;-0.09979248046875;0.010809326171875;4.29999998914354;431;1 A;
82.6561677913132;-0.099884033203125;0.0109375;4.3099999891183;432;1 A;
82.666167791288;-0.099822998046875;0.010723876953125;4.31999998909305;433;1 A;
82.6761677912627;-0.09991455078125;0.0106658935546875;4.3299999890678;434;1 A;
82.6861677912375;-0.099822998046875;0.010784912109375;4.33999998904255;435;1 A;
82.6961677912122;-0.099884033203125;0.0106170654296875;4.34999998901731;436;1 A;
82.706167791187;-0.09991455078125;0.0105865478515625;4.35999998899206;437;1 A;
82.7161677911618;-0.099945068359375;0.0107147216796875;4.36999998896681;438;1 A;
82.7261677911365;-0.09991455078125;0.0108367919921875;4.37999998894156;439;1 A;
82.7361677911113;-0.099884033203125;0.010833740234375;4.38999998891632;440;1 A;
82.746167791086;-0.099853515625;0.0103363037109375;4.39999998889107;441;1 A;
82.7561677910608;-0.099853515625;0.0101287841796875;4.40999998886582;442;1 A;
82.7661677910355;-0.09991455078125;0.0100067138671875;4.41999998884057;443;1 A;
82.7761677910103;-0.099884033203125;0.0100494384765625;4.42999998881533;444;1 A;
82.786167790985;-0.099945068359375;0.009796142578125;4.43999998879008;445;1 A;
82.7961677909598;-0.099822998046875;0.0097503662109375;4.44999998876483;446;1 A;
82.8061677909345;-0.099853515625;0.010125732421875;4.45999998873958;447;1 A;
82.8161677909093;-0.099822998046875;0.010052490234375;4.46999998871433;448;1 A;
82.826167790884;-0.099822998046875;0.009747314453125;4.47999998868909;449;1 A;
82.8361677908588;-0.099853515625;0.009600830078125;4.48999998866384;450;1 A;
82.8461677908335;-0.099822998046875;0.00961914062499999;4.49999998863859;451;1 A;
82.8561677908083;-0.099822998046875;0.00968017578124999;4.50999998861334;452;1 A;
82.866167790783;-0.099884033203125;0.009259033203125;4.5199999885881;453;1 A;
82.8761677907578;-0.099945068359375;0.0091888427734375;4.52999998856285;454;1 A;
82.8861677907325;-0.099822998046875;0.00911560058593749;4.5399999885376;455;1 A;
82.8961677907073;-0.099884033203125;0.00904541015625;4.54999998851235;456;1 A;
82.906167790682;-0.099884033203125;0.00890502929687501;4.55999998848711;457;1 A;
82.9161677906568;-0.099945068359375;0.00879821777343751;4.56999998846186;458;1 A;
82.9261677906316;-0.099884033203125;0.00904541015625;4.57999998843661;459;1 A;
82.9361677906063;-0.100006103515625;0.009185791015625;4.58999998841136;460;1 A;
82.9461677905811;-0.09991455078125;0.008697509765625;4.59999998838612;461;1 A;
82.9561677905558;-0.099853515625;0.0085784912109375;4.60999998836087;462;1 A;
82.9661677905306;-0.099884033203125;0.00850830078125001;4.61999998833562;463;1 A;
82.9761677905053;-0.099822998046875;0.0085784912109375;4.62999998831037;464;1 A;
82.9861677904801;-0.099853515625;0.0083770751953125;4.63999998828513;465;1 A;
82.9961677904548;-0.099822998046875;0.008270263671875;4.64999998825988;466;1 A;
83.0061677904296;-0.09991455078125;0.008380126953125;4.65999998823463;467;1 A;
83.0161677904043;-0.099822998046875;0.008349609375;4.66999998820938;468;1 A;
83.0261677903791;-0.099853515625;0.00823364257812501;4.67999998818414;469;1 A;
83.0361677903538;-0.099822998046875;0.00815734863281251;4.68999998815889;470;1 A;
83.0461677903286;-0.099853515625;0.0082244873046875;4.69999998813364;471;1 A;
83.0561677903033;-0.09991455078125;0.00844726562500001;4.70999998810839;472;1 A;
83.0661677902781;-0.099822998046875;0.008038330078125;4.71999998808315;473;1 A;
83.0761677902528;-0.099822998046875;0.00787353515625;4.7299999880579;474;1 A;
83.0861677902276;-0.09979248046875;0.00780639648437501;4.73999998803265;475;1 A;
83.0961677902023;-0.09991455078125;0.00780029296875;4.7499999880074;476;1 A;
83.1061677901771;-0.099822998046875;0.00760498046874999;4.75999998798216;477;1 A;
83.1161677901518;-0.09991455078125;0.0076171875;4.76999998795691;478;1 A;
83.1261677901266;-0.099853515625;0.00778808593749999;4.77999998793166;479;1 A;
83.1361677901014;-0.099884033203125;0.007830810546875;4.78999998790641;480;1 A;
83.1461677900761;-0.099884033203125;0.0074615478515625;4.79999998788116;481;1 A;
83.1561677900509;-0.09991455078125;0.00740661621093749;4.80999998785592;482;1 A;
83.1661677900256;-0.099884033203125;0.00726928710937499;4.81999998783067;483;1 A;
83.1761677900004;-0.099822998046875;0.0073272705078125;4.82999998780542;484;1 A;
83.1861677899751;-0.09991455078125;0.00704345703125001;4.83999998778017;485;1 A;
83.1961677899499;-0.099884033203125;0.00699462890624999;4.84999998775493;486;1 A;
83.2061677899246;-0.099884033203125;0.0070526123046875;4.85999998772968;487;1 A;
83.2161677898994;-0.09991455078125;0.00709228515625;4.86999998770443;488;1 A;
83.2261677898741;-0.09991455078125;0.006866455078125;4.87999998767918;489;1 A;
83.2361677898489;-0.099853515625;0.0069244384765625;4.88999998765394;490;1 A;
83.2461677898236;-0.09991455078125;0.0069244384765625;4.89999998762869;491;1 A;
83.2561677897984;-0.09991455078125;0.0071563720703125;4.90999998760344;492;1 A;
83.2661677897731;-0.09979248046875;0.00676879882812501;4.91999998757819;493;1 A;
83.2761677897479;-0.09991455078125;0.006695556640625;4.92999998755295;494;1 A;
83.2861677897226;-0.099822998046875;0.00643310546875001;4.9399999875277;495;1 A;
83.2961677896974;-0.099853515625;0.00633850097656249;4.94999998750245;496;1 A;
83.3061677896721;-0.099761962890625;0.006207275390625;4.9599999874772;497;1 A;
83.3161677896469;-0.099884033203125;0.0062530517578125;4.96999998745196;498;1 A;
83.3261677896216;-0.099853515625;0.00628051757812501;4.97999998742671;499;1 A;
83.3361677895964;-0.099884033203125;0.00621337890625;4.98999998740146;500;1 A;
83.3461677895712;-0.099853515625;0.0059539794921875;4.99999998737621;501;1 A;
83.3561677895459;-0.099945068359375;0.0059173583984375;5.00999998735097;502;1 A;
83.3661677895207;-0.099853515625;0.0060150146484375;5.01999998732572;503;1 A;
83.3761677894954;-0.09991455078125;0.0061798095703125;5.02999998730047;504;1 A;
83.3861677894702;-0.099884033203125;0.0056884765625;5.03999998727522;505;1 A;
83.3961677894449;-0.09991455078125;0.00565185546874999;5.04999998724998;506;1 A;
83.4061677894197;-0.09991455078125;0.00560302734375;5.05999998722473;507;1 A;
83.4161677893944;-0.099853515625;0.00551452636718749;5.06999998719948;508;1 A;
83.4261677893692;-0.099884033203125;0.0054168701171875;5.07999998717423;509;1 A;
83.4361677893439;-0.099761962890625;0.00547180175781251;5.08999998714899;510;1 A;
83.4461677893187;-0.099884033203125;0.00551452636718749;5.09999998712374;511;1 A;
83.4561677892934;-0.099853515625;0.00545654296875001;5.10999998709849;512;1 A;
83.4661677892682;-0.099853515625;0.00518188476562501;5.11999998707324;513;1 A;
83.4761677892429;-0.099822998046875;0.00510559082031251;5.129999987048;514;1 A;
83.4861677892177;-0.099853515625;0.005035400390625;5.13999998702275;515;1 A;
83.4961677891924;-0.099822998046875;0.00498352050781251;5.1499999869975;516;1 A;
83.5061677891672;-0.099853515625;0.0047943115234375;5.15999998697225;517;1 A;
83.5161677891419;-0.099761962890625;0.0047454833984375;5.169999986947;518;1 A;
83.5261677891167;-0.099822998046875;0.00486145019531251;5.17999998692176;519;1 A;
83.5361677890915;-0.099884033203125;0.0048095703125;5.18999998689651;520;1 A;
83.5461677890662;-0.099884033203125;0.0046844482421875;5.19999998687126;521;1 A;
83.556167789041;-0.099884033203125;0.00466308593750001;5.20999998684601;522;1 A;
83.5661677890157;-0.099884033203125;0.0047119140625;5.21999998682077;523;1 A;
83.5761677889905;-0.099884033203125;0.004852294921875;5.22999998679552;524;1 A;
83.5861677889652;-0.09991455078125;0.004486083984375;5.23999998677027;525;1 A;
83.59616778894;-0.099945068359375;0.00438537597656249;5.24999998674502;526;1 A;
83.6061677889147;-0.099853515625;0.00438842773437501;5.25999998671978;527;1 A;
83.6161677888895;-0.099884033203125;0.004345703125;5.26999998669453;528;1 A;
83.6261677888642;-0.09991455078125;0.00421752929687499;5.27999998666928;529;1 A;
83.636167788839;-0.099884033203125;0.00423583984375001;5.28999998664403;530;1 A;
83.6461677888137;-0.099884033203125;0.00423278808593749;5.29999998661879;531;1 A;
83.6561677887885;-0.099853515625;0.0042755126953125;5.30999998659354;532;1 A;
83.6661677887632;-0.09991455078125;0.004107666015625;5.31999998656829;533;1 A;
83.676167788738;-0.099822998046875;0.0040863037109375;5.32999998654304;534;1 A;
83.6861677887127;-0.09979248046875;0.00412597656249999;5.3399999865178;535;1 A;
83.6961677886875;-0.099822998046875;0.0042724609375;5.34999998649255;536;1 A;
83.7061677886622;-0.099822998046875;0.00394592285156251;5.3599999864673;537;1 A;
83.716167788637;-0.099884033203125;0.00379333496093751;5.36999998644205;538;1 A;
83.7261677886117;-0.099853515625;0.00383605957031249;5.37999998641681;539;1 A;
83.7361677885865;-0.09991455078125;0.00374450683593749;5.38999998639156;540;1 A;
83.7461677885613;-0.099822998046875;0.0036285400390625;5.39999998636631;541;1 A;
83.756167788536;-0.099884033203125;0.0036163330078125;5.40999998634106;542;1 A;
83.7661677885108;-0.099822998046875;0.00368347167968749;5.41999998631582;543;1 A;
83.7761677884855;-0.099884033203125;0.00372314453125;5.42999998629057;544;1 A;
83.7861677884603;-0.099822998046875;0.0033905029296875;5.43999998626532;545;1 A;
83.796167788435;-0.09991455078125;0.00328369140625;5.44999998624007;546;1 A;
83.8061677884098;-0.09991455078125;0.003192138671875;5.45999998621483;547;1 A;
83.8161677883845;-0.099853515625;0.00324401855468751;5.46999998618958;548;1 A;
83.8261677883593;-0.099884033203125;0.0030975341796875;5.47999998616433;549;1 A;
83.836167788334;-0.099853515625;0.00310668945312501;5.48999998613908;550;1 A;
83.8461677883088;-0.09991455078125;0.0031463623046875;5.49999998611383;551;1 A;
83.8561677882835;-0.099853515625;0.00306396484375;5.50999998608859;552;1 A;
83.8661677882583;-0.09991455078125;0.00289306640625001;5.51999998606334;553;1 A;
83.876167788233;-0.099884033203125;0.00289306640625001;5.52999998603809;554;1 A;
83.8861677882078;-0.099945068359375;0.00292358398437501;5.53999998601284;555;1 A;
83.8961677881825;-0.099822998046875;0.00295410156250001;5.5499999859876;556;1 A;
83.9061677881573;-0.099884033203125;0.00269165039062499;5.55999998596235;557;1 A;
83.916167788132;-0.09979248046875;0.00267944335937501;5.5699999859371;558;1 A;
83.9261677881068;-0.09991455078125;0.0026214599609375;5.57999998591185;559;1 A;
83.9361677880815;-0.09979248046875;0.00255126953125;5.58999998588661;560;1 A;
83.9461677880563;-0.099822998046875;0.0024383544921875;5.59999998586136;561;1 A;
83.9561677880311;-0.099853515625;0.00252380371093749;5.60999998583611;562;1 A;
83.9661677880058;-0.099822998046875;0.00257568359375;5.61999998581086;563;1 A;
83.9761677879806;-0.099884033203125;0.0025909423828125;5.62999998578562;564;1 A;
83.9861677879553;-0.099853515625;0.0023681640625;5.63999998576037;565;1 A;
83.9961677879301;-0.099884033203125;0.00226745605468751;5.64999998573512;566;1 A;
84.0061677879048;-0.099884033203125;0.00225219726562501;5.65999998570987;567;1 A;
84.0161677878796;-0.09991455078125;0.00238647460937499;5.66999998568463;568;1 A;
84.0261677878543;-0.09979248046875;0.00220947265625;5.67999998565938;569;1 A;
84.0361677878291;-0.09991455078125;0.002166748046875;5.68999998563413;570;1 A;
84.0461677878038;-0.09991455078125;0.0022430419921875;5.69999998560888;571;1 A;
84.0561677877786;-0.099853515625;0.00223388671874999;5.70999998558364;572;1 A;
84.0661677877533;-0.09991455078125;0.00208435058593751;5.71999998555839;573;1 A;
84.0761677877281;-0.099822998046875;0.0021026611328125;5.72999998553314;574;1 A;
84.0861677877028;-0.099884033203125;0.00222167968750001;5.73999998550789;575;1 A;
84.0961677876776;-0.099853515625;0.002276611328125;5.74999998548265;576;1 A;
84.1061677876523;-0.099853515625;0.00196228027343751;5.7599999854574;577;1 A;
84.1161677876271;-0.099884033203125;0.0018585205078125;5.76999998543215;578;1 A;
84.1261677876018;-0.09991455078125;0.00172119140625;5.7799999854069;579;1 A;
84.1361677875766;-0.099853515625;0.00177612304687499;5.78999998538166;580;1 A;
84.1461677875513;-0.099761962890625;0.0016448974609375;5.79999998535641;581;1 A;
84.1561677875261;-0.099853515625;0.001708984375;5.80999998533116;582;1 A;
84.1661677875009;-0.09979248046875;0.00181884765625;5.81999998530591;583;1 A;
84.1761677874756;-0.09979248046875;0.0017852783203125;5.82999998528066;584;1 A;
84.1861677874504;-0.099822998046875;0.0016021728515625;5.83999998525542;585;1 A;
84.1961677874251;-0.099853515625;0.00155029296875001;5.84999998523017;586;1 A;
84.2061677873999;-0.099884033203125;0.00156555175781251;5.85999998520492;587;1 A;
84.2161677873746;-0.0999755859375;0.00163879394531249;5.86999998517967;588;1 A;
84.2261677873494;-0.099853515625;0.001385498046875;5.87999998515443;589;1 A;
84.2361677873241;-0.09991455078125;0.001385498046875;5.88999998512918;590;1 A;
84.2461677872989;-0.099884033203125;0.001373291015625;5.89999998510393;591;1 A;
84.2561677872736;-0.099884033203125;0.0012542724609375;5.90999998507868;592;1 A;
84.2661677872484;-0.099884033203125;0.00113830566406251;5.91999998505344;593;1 A;
84.2761677872231;-0.099853515625;0.0011932373046875;5.92999998502819;594;1 A;
84.2861677871979;-0.09991455078125;0.00127258300781249;5.93999998500294;595;1 A;
84.2961677871726;-0.099884033203125;0.0013092041015625;5.94999998497769;596;1 A;
84.3061677871474;-0.099884033203125;0.00107421874999999;5.95999998495245;597;1 A;
84.3161677871221;-0.099822998046875;0.000994873046874997;5.9699999849272;598;1 A;
84.3261677870969;-0.09991455078125;0.000955200195312506;5.97999998490195;599;1 A;
84.3361677870716;-0.099822998046875;0.00104675292968751;5.9899999848767;600;1 A;
84.3461677870464;-0.099853515625;0.0008392333984375;5.99999998485146;601;1 A;
84.3561677870211;-0.099761962890625;0.000802612304687506;6.00999998482621;602;1 A;
84.3661677869959;-0.099884033203125;0.000918579101562497;6.01999998480096;603;1 A;
84.3761677869707;-0.099853515625;0.000817871093750006;6.02999998477571;604;1 A;
84.3861677869454;-0.099884033203125;0.000698852539062503;6.03999998475047;605;1 A;
84.3961677869202;-0.099853515625;0.000704956054687497;6.04999998472522;606;1 A;
84.4061677868949;-0.099822998046875;0.000659179687499997;6.05999998469997;607;1 A;
84.4161677868697;-0.099853515625;0.000692749023437494;6.06999998467472;608;1 A;
84.4261677868444;-0.099853515625;0.000479125976562494;6.07999998464948;609;1 A;
84.4361677868192;-0.099853515625;0.000451660156250006;6.08999998462423;610;1 A;
84.4461677867939;-0.099853515625;0.000448608398437494;6.09999998459898;611;1 A;
84.4561677867687;-0.0999755859375;0.000448608398437494;6.10999998457373;612;1 A;
84.4661677867434;-0.099822998046875;0.0003204345703125;6.11999998454849;613;1 A;
84.4761677867182;-0.099884033203125;0.000302124023437503;6.12999998452324;614;1 A;
84.4861677866929;-0.099945068359375;0.000372314453124994;6.13999998449799;615;1 A;
84.4961677866677;-0.099822998046875;0.000299072265625006;6.14999998447274;616;1 A;
84.5061677866424;-0.09991455078125;0.000195312500000003;6.1599999844475;617;1 A;
84.5161677866172;-0.099822998046875;0.000131225585937506;6.16999998442225;618;1 A;
84.5261677865919;-0.09991455078125;0.000128173828124994;6.179999984397;619;1 A;
84.5361677865667;-0.099853515625;9.46044921874972E-05;6.18999998437175;620;1 A;
84.5461677865414;-0.099884033203125;-7.01904296875056E-05;6.1999999843465;621;1 A;
84.5561677865162;-0.099822998046875;-0.0001068115234375;6.20999998432126;622;1 A;
84.566167786491;-0.099822998046875;-5.49316406250056E-05;6.21999998429601;623;1 A;
84.5761677864657;-0.099822998046875;-0.000100708007812506;6.22999998427076;624;1 A;
84.5861677864405;-0.099822998046875;-0.00018310546875;6.23999998424551;625;1 A;
84.5961677864152;-0.09979248046875;-0.000216674804687497;6.24999998422027;626;1 A;
84.60616778639;-0.09979248046875;-0.000207519531250006;6.25999998419502;627;1 A;
84.6161677863647;-0.09991455078125;-0.000186157226562497;6.26999998416977;628;1 A;
84.6261677863395;-0.099761962890625;-0.0004119873046875;6.27999998414452;629;1 A;
84.6361677863142;-0.099884033203125;-0.000485229492187503;6.28999998411928;630;1 A;
84.646167786289;-0.099853515625;-0.000546264648437503;6.29999998409403;631;1 A;
84.6561677862637;-0.09991455078125;-0.000546264648437503;6.30999998406878;632;1 A;
84.6661677862385;-0.09991455078125;-0.000622558593750003;6.31999998404353;633;1 A;
84.6761677862132;-0.09991455078125;-0.0006256103515625;6.32999998401829;634;1 A;
84.686167786188;-0.09991455078125;-0.000555419921874994;6.33999998399304;635;1 A;
84.6961677861627;-0.099853515625;-0.000555419921874994;6.34999998396779;636;1 A;
84.7061677861375;-0.099853515625;-0.0007171630859375;6.35999998394254;637;1 A;
84.7161677861122;-0.09991455078125;-0.000756835937500006;6.3699999839173;638;1 A;
84.726167786087;-0.09991455078125;-0.000744628906250003;6.37999998389205;639;1 A;
84.7361677860617;-0.099822998046875;-0.000692749023437494;6.3899999838668;640;1 A;
84.7461677860365;-0.099853515625;-0.000906372070312494;6.39999998384155;641;1 A;
84.7561677860112;-0.099853515625;-0.000918579101562497;6.40999998381631;642;1 A;
84.766167785986;-0.09991455078125;-0.0009002685546875;6.41999998379106;643;1 A;
84.7761677859608;-0.099822998046875;-0.000872802734374997;6.42999998376581;644;1 A;
84.7861677859355;-0.099884033203125;-0.000933837890624997;6.43999998374056;645;1 A;
84.7961677859103;-0.09979248046875;-0.000946044921875;6.44999998371532;646;1 A;
84.806167785885;-0.099822998046875;-0.000912475585937503;6.45999998369007;647;1 A;
84.8161677858598;-0.099853515625;-0.000881958007812503;6.46999998366482;648;1 A;
84.8261677858345;-0.099884033203125;-0.00100097656250001;6.47999998363957;649;1 A;
84.8361677858093;-0.099853515625;-0.0010345458984375;6.48999998361433;650;1 A;
84.846167785784;-0.099822998046875;-0.0011016845703125;6.49999998358908;651;1 A;
84.8561677857588;-0.099884033203125;-0.000964355468749997;6.50999998356383;652;1 A;
84.8661677857335;-0.09991455078125;-0.0011138916015625;6.51999998353858;653;1 A;
84.8761677857083;-0.09991455078125;-0.00116577148437499;6.52999998351333;654;1 A;
84.886167785683;-0.099884033203125;-0.00108947753906249;6.53999998348809;655;1 A;
84.8961677856578;-0.099853515625;-0.001116943359375;6.54999998346284;656;1 A;
84.9061677856325;-0.099853515625;-0.00118103027343749;6.55999998343759;657;1 A;
84.9161677856073;-0.0999755859375;-0.0011627197265625;6.56999998341234;658;1 A;
84.926167785582;-0.09991455078125;-0.0010986328125;6.5799999833871;659;1 A;
84.9361677855568;-0.099884033203125;-0.001116943359375;6.58999998336185;660;1 A;
84.9461677855315;-0.09991455078125;-0.00123291015625;6.5999999833366;661;1 A;
84.9561677855063;-0.099822998046875;-0.0012786865234375;6.60999998331135;662;1 A;
84.966167785481;-0.09991455078125;-0.00130310058593749;6.61999998328611;663;1 A;
84.9761677854558;-0.099853515625;-0.0013092041015625;6.62999998326086;664;1 A;
84.9861677854306;-0.099822998046875;-0.00139465332031249;6.63999998323561;665;1 A;
84.9961677854053;-0.099822998046875;-0.00140991210937499;6.64999998321036;666;1 A;
85.0061677853801;-0.099884033203125;-0.001373291015625;6.65999998318512;667;1 A;
85.0161677853548;-0.099822998046875;-0.001373291015625;6.66999998315987;668;1 A;
85.0261677853296;-0.099853515625;-0.001495361328125;6.67999998313462;669;1 A;
85.0361677853043;-0.09991455078125;-0.0015106201171875;6.68999998310937;670;1 A;
85.0461677852791;-0.09979248046875;-0.001507568359375;6.69999998308413;671;1 A;
85.0561677852538;-0.099853515625;-0.00150146484374999;6.70999998305888;672;1 A;
85.0661677852286;-0.09991455078125;-0.00162658691406251;6.71999998303363;673;1 A;
85.0761677852033;-0.099884033203125;-0.00164184570312501;6.72999998300838;674;1 A;
85.0861677851781;-0.099853515625;-0.001678466796875;6.73999998298314;675;1 A;
85.0961677851528;-0.09991455078125;-0.0017120361328125;6.74999998295789;676;1 A;
85.1061677851276;-0.099884033203125;-0.0017425537109375;6.75999998293264;677;1 A;
85.1161677851023;-0.09991455078125;-0.00174865722656251;6.76999998290739;678;1 A;
85.1261677850771;-0.09979248046875;-0.0016937255859375;6.77999998288215;679;1 A;
85.1361677850518;-0.09991455078125;-0.00164794921875;6.7899999828569;680;1 A;
85.1461677850266;-0.099884033203125;-0.00180664062499999;6.79999998283165;681;1 A;
85.1561677850013;-0.099853515625;-0.00185546875000001;6.8099999828064;682;1 A;
85.1661677849761;-0.09991455078125;-0.0018768310546875;6.81999998278116;683;1 A;
85.1761677849508;-0.099853515625;-0.00187072753906251;6.82999998275591;684;1 A;
85.1861677849256;-0.099822998046875;-0.00196228027343751;6.83999998273066;685;1 A;
85.1961677849004;-0.099853515625;-0.0019989013671875;6.84999998270541;686;1 A;
85.2061677848751;-0.099884033203125;-0.00199279785156251;6.85999998268016;687;1 A;
85.2161677848499;-0.0997314453125;-0.0020172119140625;6.86999998265492;688;1 A;
85.2261677848246;-0.099822998046875;-0.00208435058593751;6.87999998262967;689;1 A;
85.2361677847994;-0.099884033203125;-0.00209960937500001;6.88999998260442;690;1 A;
85.2461677847741;-0.09979248046875;-0.0020599365234375;6.89999998257917;691;1 A;
85.2561677847489;-0.099853515625;-0.00203552246093749;6.90999998255393;692;1 A;
85.2661677847236;-0.099884033203125;-0.0021484375;6.91999998252868;693;1 A;
85.2761677846984;-0.099853515625;-0.0021820068359375;6.92999998250343;694;1 A;
85.2861677846731;-0.09979248046875;-0.00217285156249999;6.93999998247818;695;1 A;
85.2961677846479;-0.099945068359375;-0.0021942138671875;6.94999998245294;696;1 A;
85.3061677846226;-0.099945068359375;-0.00223693847656251;6.95999998242769;697;1 A;
85.3161677845974;-0.099945068359375;-0.0021942138671875;6.96999998240244;698;1 A;
85.3261677845721;-0.099945068359375;-0.00218811035156249;6.97999998237719;699;1 A;
85.3361677845469;-0.099884033203125;-0.00220336914062499;6.98999998235195;700;1 A;
85.3461677845216;-0.099853515625;-0.00230712890625;6.9999999823267;701;1 A;
85.3561677844964;-0.099945068359375;-0.00230712890625;7.00999998230145;702;1 A;
85.3661677844711;-0.099884033203125;-0.002337646484375;7.0199999822762;703;1 A;
85.3761677844459;-0.099884033203125;-0.0023468017578125;7.02999998225096;704;1 A;
85.3861677844206;-0.099853515625;-0.00243225097656249;7.03999998222571;705;1 A;
85.3961677843954;-0.09979248046875;-0.0024688720703125;7.04999998220046;706;1 A;
85.4061677843702;-0.099884033203125;-0.002459716796875;7.05999998217521;707;1 A;
85.4161677843449;-0.09979248046875;-0.002484130859375;7.06999998214997;708;1 A;
85.4261677843197;-0.099884033203125;-0.00255737304687501;7.07999998212472;709;1 A;
85.4361677842944;-0.099853515625;-0.002532958984375;7.08999998209947;710;1 A;
85.4461677842692;-0.099822998046875;-0.00254211425781251;7.09999998207422;711;1 A;
85.4561677842439;-0.099853515625;-0.00250244140625;7.10999998204898;712;1 A;
85.4661677842187;-0.099822998046875;-0.0025970458984375;7.11999998202373;713;1 A;
85.4761677841934;-0.099853515625;-0.00260314941406251;7.12999998199848;714;1 A;
85.4861677841682;-0.09979248046875;-0.0026214599609375;7.13999998197323;715;1 A;
85.4961677841429;-0.099884033203125;-0.00261535644531249;7.14999998194799;716;1 A;
85.5061677841177;-0.099822998046875;-0.0026397705078125;7.15999998192274;717;1 A;
85.5161677840924;-0.09991455078125;-0.00263366699218751;7.16999998189749;718;1 A;
85.5261677840672;-0.09991455078125;-0.0025970458984375;7.17999998187224;719;1 A;
85.5361677840419;-0.09991455078125;-0.0025787353515625;7.189999981847;720;1 A;
85.5461677840167;-0.099822998046875;-0.0027008056640625;7.19999998182175;721;1 A;
85.5561677839914;-0.099945068359375;-0.00272216796874999;7.2099999817965;722;1 A;
85.5661677839662;-0.09991455078125;-0.00275573730468751;7.21999998177125;723;1 A;
85.5761677839409;-0.09991455078125;-0.002764892578125;7.229999981746;724;1 A;
85.5861677839157;-0.099884033203125;-0.00284423828124999;7.23999998172076;725;1 A;
85.5961677838905;-0.099853515625;-0.002880859375;7.24999998169551;726;1 A;
85.6061677838652;-0.099853515625;-0.002899169921875;7.25999998167026;727;1 A;
85.61616778384;-0.099822998046875;-0.0029144287109375;7.26999998164501;728;1 A;
85.6261677838147;-0.099853515625;-0.0029937744140625;7.27999998161977;729;1 A;
85.6361677837895;-0.09979248046875;-0.002978515625;7.28999998159452;730;1 A;
85.6461677837642;-0.099822998046875;-0.0029571533203125;7.29999998156927;731;1 A;
85.656167783739;-0.099853515625;-0.0029571533203125;7.30999998154402;732;1 A;
85.6661677837137;-0.099761962890625;-0.00307312011718749;7.31999998151878;733;1 A;
85.6761677836885;-0.099853515625;-0.0030853271484375;7.32999998149353;734;1 A;
85.6861677836632;-0.09979248046875;-0.003082275390625;7.33999998146828;735;1 A;
85.696167783638;-0.099884033203125;-0.0030548095703125;7.34999998144303;736;1 A;
85.7061677836127;-0.09979248046875;-0.00309143066406251;7.35999998141779;737;1 A;
85.7161677835875;-0.09991455078125;-0.00311279296875;7.36999998139254;738;1 A;
85.7261677835622;-0.099822998046875;-0.00309143066406251;7.37999998136729;739;1 A;
85.736167783537;-0.09991455078125;-0.0030853271484375;7.38999998134204;740;1 A;
85.7461677835117;-0.099822998046875;-0.00314941406249999;7.3999999813168;741;1 A;
85.7561677834865;-0.099884033203125;-0.003143310546875;7.40999998129155;742;1 A;
85.7661677834612;-0.099853515625;-0.00312194824218751;7.4199999812663;743;1 A;
85.776167783436;-0.099884033203125;-0.00310363769531249;7.42999998124105;744;1 A;
85.7861677834107;-0.099884033203125;-0.00317993164062499;7.43999998121581;745;1 A;
85.7961677833855;-0.099884033203125;-0.00321044921874999;7.44999998119056;746;1 A;
85.8061677833603;-0.099853515625;-0.0032501220703125;7.45999998116531;747;1 A;
85.816167783335;-0.09979248046875;-0.00328369140625;7.46999998114006;748;1 A;
85.8261677833098;-0.09991455078125;-0.00335083007812501;7.47999998111482;749;1 A;
85.8361677832845;-0.09991455078125;-0.003326416015625;7.48999998108957;750;1 A;
85.8461677832593;-0.099884033203125;-0.00331726074218749;7.49999998106432;751;1 A;
85.856167783234;-0.099761962890625;-0.0032928466796875;7.50999998103907;752;1 A;
85.8661677832088;-0.099822998046875;-0.00340576171875;7.51999998101383;753;1 A;
85.8761677831835;-0.099822998046875;-0.00342407226562499;7.52999998098858;754;1 A;
85.8861677831583;-0.099884033203125;-0.00342712402343751;7.53999998096333;755;1 A;
85.896167783133;-0.099884033203125;-0.003448486328125;7.54999998093808;756;1 A;
85.9061677831078;-0.09979248046875;-0.00350036621093749;7.55999998091283;757;1 A;
85.9161677830825;-0.099884033203125;-0.00350036621093749;7.56999998088759;758;1 A;
85.9261677830573;-0.099853515625;-0.00348510742187499;7.57999998086234;759;1 A;
85.936167783032;-0.09991455078125;-0.0034912109375;7.58999998083709;760;1 A;
85.9461677830068;-0.099853515625;-0.0035888671875;7.59999998081184;761;1 A;
85.9561677829815;-0.099884033203125;-0.00357666015624999;7.6099999807866;762;1 A;
85.9661677829563;-0.099884033203125;-0.0035858154296875;7.61999998076135;763;1 A;
85.976167782931;-0.09991455078125;-0.0035888671875;7.6299999807361;764;1 A;
85.9861677829058;-0.099822998046875;-0.0036773681640625;7.63999998071085;765;1 A;
85.9961677828805;-0.099884033203125;-0.00371398925781249;7.64999998068561;766;1 A;
86.0061677828553;-0.09991455078125;-0.0037261962890625;7.65999998066036;767;1 A;
86.0161677828301;-0.099853515625;-0.0037567138671875;7.66999998063511;768;1 A;
86.0261677828048;-0.099884033203125;-0.0038177490234375;7.67999998060986;769;1 A;
86.0361677827796;-0.099822998046875;-0.003826904296875;7.68999998058462;770;1 A;
86.0461677827543;-0.099853515625;-0.00379333496093751;7.69999998055937;771;1 A;
86.0561677827291;-0.099884033203125;-0.00377197265625;7.70999998053412;772;1 A;
86.0661677827038;-0.099945068359375;-0.00385131835937499;7.71999998050887;773;1 A;
86.0761677826786;-0.099853515625;-0.0038421630859375;7.72999998048363;774;1 A;
86.0861677826533;-0.099884033203125;-0.0038116455078125;7.73999998045838;775;1 A;
86.0961677826281;-0.099822998046875;-0.0037506103515625;7.74999998043313;776;1 A;
86.1061677826028;-0.099853515625;-0.00383911132812501;7.75999998040788;777;1 A;
86.1161677825776;-0.099853515625;-0.00386962890625001;7.76999998038264;778;1 A;
86.1261677825523;-0.099853515625;-0.0038726806640625;7.77999998035739;779;1 A;
86.1361677825271;-0.099853515625;-0.00385437011718751;7.78999998033214;780;1 A;
86.1461677825018;-0.099822998046875;-0.00391540527343751;7.79999998030689;781;1 A;
86.1561677824766;-0.09991455078125;-0.003863525390625;7.80999998028165;782;1 A;
86.1661677824513;-0.099822998046875;-0.00384521484375;7.8199999802564;783;1 A;
86.1761677824261;-0.09991455078125;-0.0038482666015625;7.82999998023115;784;1 A;
86.1861677824008;-0.09991455078125;-0.00390625;7.8399999802059;785;1 A;
86.1961677823756;-0.09979248046875;-0.003936767578125;7.84999998018066;786;1 A;
86.2061677823503;-0.099822998046875;-0.003924560546875;7.85999998015541;787;1 A;
86.2161677823251;-0.099853515625;-0.00391540527343751;7.86999998013016;788;1 A;
86.2261677822999;-0.099853515625;-0.0039642333984375;7.87999998010491;789;1 A;
86.2361677822746;-0.0999755859375;-0.00400695800781251;7.88999998007966;790;1 A;
86.2461677822494;-0.099945068359375;-0.00401611328125;7.89999998005442;791;1 A;
86.2561677822241;-0.09991455078125;-0.0039825439453125;7.90999998002917;792;1 A;
86.2661677821989;-0.09991455078125;-0.004046630859375;7.91999998000392;793;1 A;
86.2761677821736;-0.09991455078125;-0.004046630859375;7.92999997997867;794;1 A;
86.2861677821484;-0.09991455078125;-0.00403442382812499;7.93999997995343;795;1 A;
86.2961677821231;-0.099822998046875;-0.00406494140624999;7.94999997992818;796;1 A;
86.3061677820979;-0.099884033203125;-0.00411071777343749;7.95999997990293;797;1 A;
86.3161677820726;-0.09979248046875;-0.004168701171875;7.96999997987768;798;1 A;
86.3261677820474;-0.099884033203125;-0.0041961669921875;7.97999997985244;799;1 A;
86.3361677820221;-0.099884033203125;-0.00421752929687499;7.98999997982719;800;1 A;
86.3461677819969;-0.099822998046875;-0.00432739257812501;7.99999997980194;801;1 A;
86.3561677819716;-0.099822998046875;-0.00432434082031249;8.00999997977669;802;1 A;
86.3661677819464;-0.099884033203125;-0.004351806640625;8.01999997975145;803;1 A;
86.3761677819211;-0.099853515625;-0.0043304443359375;8.0299999797262;804;1 A;
86.3861677818959;-0.09979248046875;-0.00440368652343751;8.03999997970095;805;1 A;
86.3961677818706;-0.099853515625;-0.00441894531250001;8.0499999796757;806;1 A;
86.4061677818454;-0.099853515625;-0.00439453125;8.05999997965046;807;1 A;
86.4161677818201;-0.099853515625;-0.00440368652343751;8.06999997962521;808;1 A;
86.4261677817949;-0.099884033203125;-0.0044281005859375;8.07999997959996;809;1 A;
86.4361677817697;-0.09991455078125;-0.00441894531250001;8.08999997957471;810;1 A;
86.4461677817444;-0.099853515625;-0.004412841796875;8.09999997954947;811;1 A;
86.4561677817192;-0.099884033203125;-0.00438842773437501;8.10999997952422;812;1 A;
86.4661677816939;-0.099822998046875;-0.0044525146484375;8.11999997949897;813;1 A;
86.4761677816687;-0.09991455078125;-0.0044219970703125;8.12999997947372;814;1 A;
86.4861677816434;-0.099884033203125;-0.0044403076171875;8.13999997944848;815;1 A;
86.4961677816182;-0.099945068359375;-0.0044708251953125;8.14999997942323;816;1 A;
86.5061677815929;-0.099884033203125;-0.00452575683593751;8.15999997939798;817;1 A;
86.5161677815677;-0.099884033203125;-0.00451049804687501;8.16999997937273;818;1 A;
86.5261677815424;-0.099945068359375;-0.00450439453125;8.17999997934749;819;1 A;
86.5361677815172;-0.09991455078125;-0.00446166992187499;8.18999997932224;820;1 A;
86.5461677814919;-0.099884033203125;-0.004486083984375;8.19999997929699;821;1 A;
86.5561677814667;-0.099884033203125;-0.004437255859375;8.20999997927174;822;1 A;
86.5661677814414;-0.09991455078125;-0.00440368652343751;8.2199999792465;823;1 A;
86.5761677814162;-0.099853515625;-0.00439453125;8.22999997922125;824;1 A;
86.5861677813909;-0.099884033203125;-0.0044403076171875;8.239999979196;825;1 A;
86.5961677813657;-0.099853515625;-0.0044525146484375;8.24999997917075;826;1 A;
86.6061677813404;-0.099853515625;-0.00441894531250001;8.2599999791455;827;1 A;
86.6161677813152;-0.099761962890625;-0.00443420410156251;8.26999997912026;828;1 A;
86.62616778129;-0.099884033203125;-0.0044708251953125;8.27999997909501;829;1 A;
86.6361677812647;-0.099853515625;-0.00449218749999999;8.28999997906976;830;1 A;
86.6461677812395;-0.099853515625;-0.0045013427734375;8.29999997904451;831;1 A;
86.6561677812142;-0.099853515625;-0.00449218749999999;8.30999997901927;832;1 A;
86.666167781189;-0.09979248046875;-0.0045654296875;8.31999997899402;833;1 A;
86.6761677811637;-0.099822998046875;-0.00455322265624999;8.32999997896877;834;1 A;
86.6861677811385;-0.09979248046875;-0.00457153320312501;8.33999997894352;835;1 A;
86.6961677811132;-0.099853515625;-0.00457763671875;8.34999997891828;836;1 A;
86.706167781088;-0.09979248046875;-0.004638671875;8.35999997889303;837;1 A;
86.7161677810627;-0.099822998046875;-0.0046661376953125;8.36999997886778;838;1 A;
86.7261677810375;-0.099884033203125;-0.004656982421875;8.37999997884253;839;1 A;
86.7361677810122;-0.099884033203125;-0.00462646484375;8.38999997881729;840;1 A;
86.746167780987;-0.09991455078125;-0.00465087890625;8.39999997879204;841;1 A;
86.7561677809617;-0.099853515625;-0.00465087890625;8.40999997876679;842;1 A;
86.7661677809365;-0.099853515625;-0.004669189453125;8.41999997874154;843;1 A;
86.7761677809112;-0.09991455078125;-0.00467834472656251;8.4299999787163;844;1 A;
86.786167780886;-0.099853515625;-0.0047454833984375;8.43999997869105;845;1 A;
86.7961677808607;-0.099884033203125;-0.00475158691406249;8.4499999786658;846;1 A;
86.8061677808355;-0.099853515625;-0.0047271728515625;8.45999997864055;847;1 A;
86.8161677808102;-0.09979248046875;-0.00473632812499999;8.46999997861531;848;1 A;
86.826167780785;-0.099853515625;-0.00478515625000001;8.47999997859006;849;1 A;
86.8361677807598;-0.099853515625;-0.00478210449218749;8.48999997856481;850;1 A;
86.8461677807345;-0.099853515625;-0.0047760009765625;8.49999997853956;851;1 A;
86.8561677807093;-0.099853515625;-0.00475463867187501;8.50999997851432;852;1 A;
86.866167780684;-0.09991455078125;-0.00481567382812501;8.51999997848907;853;1 A;
86.8761677806588;-0.099822998046875;-0.0046539306640625;8.52999997846382;854;1 A;
86.8861677806335;-0.099853515625;-0.0047882080078125;8.53999997843857;855;1 A;
86.8961677806083;-0.099822998046875;-0.00481262207031249;8.54999997841333;856;1 A;
86.906167780583;-0.099884033203125;-0.00484619140625001;8.55999997838808;857;1 A;
86.9161677805578;-0.099822998046875;-0.00484313964843749;8.56999997836283;858;1 A;
86.9261677805325;-0.099822998046875;-0.00481567382812501;8.57999997833758;859;1 A;
86.9361677805073;-0.09991455078125;-0.00480041503906251;8.58999997831233;860;1 A;
86.946167780482;-0.099853515625;-0.0047454833984375;8.59999997828709;861;1 A;
86.9561677804568;-0.099853515625;-0.00475158691406249;8.60999997826184;862;1 A;
86.9661677804315;-0.09979248046875;-0.004779052734375;8.61999997823659;863;1 A;
86.9761677804063;-0.099884033203125;-0.00480041503906251;8.62999997821134;864;1 A;
86.986167780381;-0.099822998046875;-0.00482177734375;8.6399999781861;865;1 A;
86.9961677803558;-0.09991455078125;-0.004791259765625;8.64999997816085;866;1 A;
87.0061677803305;-0.099884033203125;-0.00476989746093751;8.6599999781356;867;1 A;
87.0161677803053;-0.099945068359375;-0.00477294921875;8.66999997811035;868;1 A;
87.02616778028;-0.099884033203125;-0.004840087890625;8.67999997808511;869;1 A;
87.0361677802548;-0.09991455078125;-0.0048370361328125;8.68999997805986;870;1 A;
87.0461677802296;-0.09991455078125;-0.00484313964843749;8.69999997803461;871;1 A;
87.0561677802043;-0.099884033203125;-0.00483093261718751;8.70999997800936;872;1 A;
87.0661677801791;-0.09991455078125;-0.00489196777343751;8.71999997798412;873;1 A;
87.0761677801538;-0.099853515625;-0.00489501953125;8.72999997795887;874;1 A;
87.0861677801286;-0.09991455078125;-0.00487365722656249;8.73999997793362;875;1 A;
87.0961677801033;-0.099853515625;-0.0048980712890625;8.74999997790837;876;1 A;
87.1061677800781;-0.099945068359375;-0.0049407958984375;8.75999997788313;877;1 A;
87.1161677800528;-0.099822998046875;-0.00495300292968751;8.76999997785788;878;1 A;
87.1261677800276;-0.099945068359375;-0.00496826171875001;8.77999997783263;879;1 A;
87.1361677800023;-0.09979248046875;-0.0049560546875;8.78999997780738;880;1 A;
87.1461677799771;-0.099853515625;-0.0050079345703125;8.79999997778214;881;1 A;
87.1561677799518;-0.099853515625;-0.0049896240234375;8.80999997775689;882;1 A;
87.1661677799266;-0.099822998046875;-0.00499877929687501;8.81999997773164;883;1 A;
87.1761677799013;-0.099853515625;-0.00498352050781251;8.82999997770639;884;1 A;
87.1861677798761;-0.099822998046875;-0.005023193359375;8.83999997768115;885;1 A;
87.1961677798508;-0.099884033203125;-0.00499877929687501;8.8499999776559;886;1 A;
87.2061677798256;-0.099822998046875;-0.0049560546875;8.85999997763065;887;1 A;
87.2161677798003;-0.099884033203125;-0.0049591064453125;8.8699999776054;888;1 A;
87.2261677797751;-0.099822998046875;-0.00499877929687501;8.87999997758016;889;1 A;
87.2361677797498;-0.09991455078125;-0.004986572265625;8.88999997755491;890;1 A;
87.2461677797246;-0.099853515625;-0.00498352050781251;8.89999997752966;891;1 A;
87.2561677796994;-0.09991455078125;-0.004974365234375;8.90999997750441;892;1 A;
87.2661677796741;-0.099884033203125;-0.00504150390624999;8.91999997747916;893;1 A;
87.2761677796489;-0.09979248046875;-0.00506591796875;8.92999997745392;894;1 A;
87.2861677796236;-0.09991455078125;-0.00502929687500001;8.93999997742867;895;1 A;
87.2961677795984;-0.099884033203125;-0.0050079345703125;8.94999997740342;896;1 A;
87.3061677795731;-0.099853515625;-0.00501708984375;8.95999997737817;897;1 A;
87.3161677795479;-0.099853515625;-0.00499267578125;8.96999997735293;898;1 A;
87.3261677795226;-0.09991455078125;-0.00496826171875001;8.97999997732768;899;1 A;
87.3361677794974;-0.099884033203125;-0.00496520996093749;8.98999997730243;900;1 A;
87.3461677794721;-0.09991455078125;-0.00501403808593751;8.99999997727718;901;1 A;
87.3561677794469;-0.099822998046875;-0.00501708984375;9.00999997725194;902;1 A;
87.3661677794216;-0.09991455078125;-0.00502929687500001;9.01999997722669;903;1 A;
87.3761677793964;-0.099822998046875;-0.00502624511718749;9.02999997720144;904;1 A;
87.3861677793711;-0.099822998046875;-0.00505981445312501;9.03999997717619;905;1 A;
87.3961677793459;-0.09979248046875;-0.00505676269531249;9.04999997715095;906;1 A;
87.4061677793206;-0.099884033203125;-0.00502624511718749;9.0599999771257;907;1 A;
87.4161677792954;-0.099822998046875;-0.00502929687500001;9.06999997710045;908;1 A;
87.4261677792701;-0.099853515625;-0.0050811767578125;9.0799999770752;909;1 A;
87.4361677792449;-0.099822998046875;-0.005108642578125;9.08999997704996;910;1 A;
87.4461677792196;-0.099884033203125;-0.0051239013671875;9.09999997702471;911;1 A;
87.4561677791944;-0.099822998046875;-0.00514831542968749;9.10999997699946;912;1 A;
87.4661677791692;-0.099822998046875;-0.00517578125;9.11999997697421;913;1 A;
87.4761677791439;-0.099853515625;-0.0051910400390625;9.12999997694897;914;1 A;
87.4861677791187;-0.09979248046875;-0.00510253906249999;9.13999997692372;915;1 A;
87.4961677790934;-0.099884033203125;-0.00512084960937501;9.14999997689847;916;1 A;
87.5061677790682;-0.099822998046875;-0.00512084960937501;9.15999997687322;917;1 A;
87.5161677790429;-0.099945068359375;-0.00517883300781249;9.16999997684798;918;1 A;
87.5261677790177;-0.099884033203125;-0.005145263671875;9.17999997682273;919;1 A;
87.5361677789924;-0.099945068359375;-0.005126953125;9.18999997679748;920;1 A;
87.5461677789672;-0.099853515625;-0.0051849365234375;9.19999997677223;921;1 A;
87.5561677789419;-0.099884033203125;-0.00516662597656251;9.20999997674699;922;1 A;
87.5661677789167;-0.099853515625;-0.005157470703125;9.21999997672174;923;1 A;
87.5761677788914;-0.099853515625;-0.00516662597656251;9.22999997669649;924;1 A;
87.5861677788662;-0.099884033203125;-0.00520935058593749;9.23999997667124;925;1 A;
87.5961677788409;-0.099884033203125;-0.00521240234375001;9.249999976646;926;1 A;
87.6061677788157;-0.09991455078125;-0.0051849365234375;9.25999997662075;927;1 A;
87.6161677787904;-0.099853515625;-0.0051910400390625;9.2699999765955;928;1 A;
87.6261677787652;-0.09991455078125;-0.005230712890625;9.27999997657025;929;1 A;
87.6361677787399;-0.099822998046875;-0.0052337646484375;9.289999976545;930;1 A;
87.6461677787147;-0.099853515625;-0.00522766113281251;9.29999997651976;931;1 A;
87.6561677786895;-0.09979248046875;-0.005230712890625;9.30999997649451;932;1 A;
87.6661677786642;-0.099822998046875;-0.005291748046875;9.31999997646926;933;1 A;
87.676167778639;-0.099822998046875;-0.0052978515625;9.32999997644401;934;1 A;
87.6861677786137;-0.099853515625;-0.00528564453124999;9.33999997641877;935;1 A;
87.6961677785885;-0.099822998046875;-0.00528564453124999;9.34999997639352;936;1 A;
87.7061677785632;-0.099822998046875;-0.00531921386718751;9.35999997636827;937;1 A;
87.716167778538;-0.099822998046875;-0.0053070068359375;9.36999997634302;938;1 A;
87.7261677785127;-0.099822998046875;-0.00528564453124999;9.37999997631778;939;1 A;
87.7361677784875;-0.099884033203125;-0.00528564453124999;9.38999997629253;940;1 A;
87.7461677784622;-0.099853515625;-0.0053375244140625;9.39999997626728;941;1 A;
87.756167778437;-0.099945068359375;-0.0053070068359375;9.40999997624203;942;1 A;
87.7661677784117;-0.099884033203125;-0.005291748046875;9.41999997621679;943;1 A;
87.7761677783865;-0.099884033203125;-0.0052764892578125;9.42999997619154;944;1 A;
87.7861677783612;-0.099853515625;-0.0053253173828125;9.43999997616629;945;1 A;
87.796167778336;-0.099884033203125;-0.0053253173828125;9.44999997614104;946;1 A;
87.8061677783107;-0.099884033203125;-0.0052978515625;9.4599999761158;947;1 A;
87.8161677782855;-0.099884033203125;-0.00530090332031249;9.46999997609055;948;1 A;
87.8261677782602;-0.099945068359375;-0.005328369140625;9.4799999760653;949;1 A;
87.836167778235;-0.099853515625;-0.005328369140625;9.48999997604005;950;1 A;
87.8461677782097;-0.099884033203125;-0.005322265625;9.49999997601481;951;1 A;
87.8561677781845;-0.09991455078125;-0.0053070068359375;9.50999997598956;952;1 A;
87.8661677781593;-0.099884033203125;-0.0053741455078125;9.51999997596431;953;1 A;
87.876167778134;-0.099884033203125;-0.00538024902343751;9.52999997593906;954;1 A;
87.8861677781088;-0.099822998046875;-0.00537719726562499;9.53999997591382;955;1 A;
87.8961677780835;-0.09979248046875;-0.00519409179687499;9.54999997588857;956;1 A;
87.9061677780583;-0.09991455078125;-0.00542602539062501;9.55999997586332;957;1 A;
87.916167778033;-0.099822998046875;-0.0054290771484375;9.56999997583807;958;1 A;
87.9261677780078;-0.099853515625;-0.0054473876953125;9.57999997581283;959;1 A;
87.9361677779825;-0.099822998046875;-0.00545654296875001;9.58999997578758;960;1 A;
87.9461677779573;-0.09979248046875;-0.00551757812500001;9.59999997576233;961;1 A;
87.956167777932;-0.099884033203125;-0.00550537109375;9.60999997573708;962;1 A;
87.9661677779068;-0.09991455078125;-0.00551452636718749;9.61999997571183;963;1 A;
87.9761677778815;-0.099853515625;-0.0054656982421875;9.62999997568659;964;1 A;
87.9861677778563;-0.099853515625;-0.00551757812500001;9.63999997566134;965;1 A;
87.996167777831;-0.099853515625;-0.0055419921875;9.64999997563609;966;1 A;
88.0061677778058;-0.09979248046875;-0.00549926757812499;9.65999997561084;967;1 A;
88.0161677777805;-0.09991455078125;-0.00554504394531249;9.6699999755856;968;1 A;
88.0261677777553;-0.099853515625;-0.0055877685546875;9.67999997556035;969;1 A;
88.03616777773;-0.099884033203125;-0.00557861328125001;9.6899999755351;970;1 A;
88.0461677777048;-0.099853515625;-0.00557861328125001;9.69999997550985;971;1 A;
88.0561677776795;-0.099884033203125;-0.00556640625;9.70999997548461;972;1 A;
88.0661677776543;-0.099884033203125;-0.005615234375;9.71999997545936;973;1 A;
88.0761677776291;-0.099853515625;-0.0056121826171875;9.72999997543411;974;1 A;
88.0861677776038;-0.099884033203125;-0.00557861328125001;9.73999997540886;975;1 A;
88.0961677775786;-0.099884033203125;-0.005584716796875;9.74999997538362;976;1 A;
88.1061677775533;-0.099945068359375;-0.0056121826171875;9.75999997535837;977;1 A;
88.1161677775281;-0.09979248046875;-0.00562133789062499;9.76999997533312;978;1 A;
88.1261677775028;-0.099884033203125;-0.0055999755859375;9.77999997530787;979;1 A;
88.1361677774776;-0.09979248046875;-0.00559387207031251;9.78999997528263;980;1 A;
88.1461677774523;-0.099822998046875;-0.00563659667968749;9.79999997525738;981;1 A;
88.1561677774271;-0.099853515625;-0.0055999755859375;9.80999997523213;982;1 A;
88.1661677774018;-0.099884033203125;-0.0055999755859375;9.81999997520688;983;1 A;
88.1761677773766;-0.09979248046875;-0.0056182861328125;9.82999997518164;984;1 A;
88.1861677773513;-0.099822998046875;-0.00566711425781249;9.83999997515639;985;1 A;
88.1961677773261;-0.099853515625;-0.005694580078125;9.84999997513114;986;1 A;
88.2061677773008;-0.099822998046875;-0.0056915283203125;9.85999997510589;987;1 A;
88.2161677772756;-0.099853515625;-0.0057037353515625;9.86999997508065;988;1 A;
88.2261677772503;-0.099853515625;-0.00574645996093751;9.8799999750554;989;1 A;
88.2361677772251;-0.099853515625;-0.0057342529296875;9.88999997503015;990;1 A;
88.2461677771998;-0.099822998046875;-0.005718994140625;9.8999999750049;991;1 A;
88.2561677771746;-0.099945068359375;-0.00569763183593749;9.90999997497966;992;1 A;
88.2661677771493;-0.099884033203125;-0.00575866699218749;9.91999997495441;993;1 A;
88.2761677771241;-0.099884033203125;-0.0057525634765625;9.92999997492916;994;1 A;
88.2861677770989;-0.09979248046875;-0.0057403564453125;9.93999997490391;995;1 A;
88.2961677770736;-0.099945068359375;-0.00576171875000001;9.94999997487866;996;1 A;
88.3061677770484;-0.099945068359375;-0.00577697753906251;9.95999997485342;997;1 A;
88.3161677770231;-0.099884033203125;-0.0057708740234375;9.96999997482817;998;1 A;
88.3261677769979;-0.099884033203125;-0.00573120117187501;9.97999997480292;999;1 A;
88.3361677769726;-0.099884033203125;-0.00571289062499999;9.98999997477767;1000;1 A;
88.3461677769474;-0.09991455078125;-0.00574645996093751;9.99999997475243;1001;1 A;
88.3561677769221;-0.099853515625;-0.0057220458984375;10.0099999747272;1002;1 A;
88.3661677768969;-0.099884033203125;-0.00571594238281251;10.0199999747019;1003;1 A;
88.3761677768716;-0.09991455078125;-0.005718994140625;10.0299999746767;1004;1 A;
88.3861677768464;-0.09991455078125;-0.005780029296875;10.0399999746514;1005;1 A;
88.3961677768211;-0.099853515625;-0.005810546875;10.0499999746262;1006;1 A;
88.4061677767959;-0.099884033203125;-0.00578918457031249;10.0599999746009;1007;1 A;
88.4161677767706;-0.099822998046875;-0.0057952880859375;10.0699999745757;1008;1 A;
88.4261677767454;-0.099822998046875;-0.0058135986328125;10.0799999745504;1009;1 A;
88.4361677767201;-0.099884033203125;-0.005810546875;10.0899999745252;1010;1 A;
88.4461677766949;-0.099853515625;-0.00579223632812501;10.0999999745;1011;1 A;
88.4561677766696;-0.099853515625;-0.005780029296875;10.1099999744747;1012;1 A;
88.4661677766444;-0.09979248046875;-0.0058258056640625;10.1199999744495;1013;1 A;
88.4761677766191;-0.099853515625;-0.0058013916015625;10.1299999744242;1014;1 A;
88.4861677765939;-0.099761962890625;-0.00575866699218749;10.139999974399;1015;1 A;
88.4961677765687;-0.09991455078125;-0.0057373046875;10.1499999743737;1016;1 A;
88.5061677765434;-0.099853515625;-0.00573120117187501;10.1599999743485;1017;1 A;
88.5161677765182;-0.09991455078125;-0.0057342529296875;10.1699999743232;1018;1 A;
88.5261677764929;-0.099761962890625;-0.00570068359375001;10.179999974298;1019;1 A;
88.5361677764677;-0.09991455078125;-0.0056793212890625;10.1899999742727;1020;1 A;
88.5461677764424;-0.099884033203125;-0.00572509765625;10.1999999742475;1021;1 A;
88.5561677764172;-0.099884033203125;-0.0057098388671875;10.2099999742222;1022;1 A;
88.5661677763919;-0.09991455078125;-0.0057098388671875;10.219999974197;1023;1 A;
88.5761677763667;-0.09991455078125;-0.0056915283203125;10.2299999741717;1024;1 A;
88.5861677763414;-0.099884033203125;-0.0057342529296875;10.2399999741465;1025;1 A;
88.5961677763162;-0.099945068359375;-0.00574951171875;10.2499999741212;1026;1 A;
88.6061677762909;-0.099945068359375;-0.0057098388671875;10.259999974096;1027;1 A;
88.6161677762657;-0.099822998046875;-0.0057220458984375;10.2699999740707;1028;1 A;
88.6261677762404;-0.099822998046875;-0.00575866699218749;10.2799999740455;1029;1 A;
88.6361677762152;-0.099884033203125;-0.0057403564453125;10.2899999740202;1030;1 A;
88.6461677761899;-0.099945068359375;-0.00572509765625;10.299999973995;1031;1 A;
88.6561677761647;-0.099853515625;-0.0057037353515625;10.3099999739698;1032;1 A;
88.6661677761394;-0.099853515625;-0.00574340820312499;10.3199999739445;1033;1 A;
88.6761677761142;-0.099822998046875;-0.005706787109375;10.3299999739193;1034;1 A;
88.686167776089;-0.099822998046875;-0.0056884765625;10.339999973894;1035;1 A;
88.6961677760637;-0.09979248046875;-0.00569763183593749;10.3499999738688;1036;1 A;
88.7061677760385;-0.099853515625;-0.0056915283203125;10.3599999738435;1037;1 A;
88.7161677760132;-0.099853515625;-0.00568542480468751;10.3699999738183;1038;1 A;
88.726167775988;-0.099853515625;-0.00563964843750001;10.379999973793;1039;1 A;
88.7361677759627;-0.09979248046875;-0.0056182861328125;10.3899999737678;1040;1 A;
88.7461677759375;-0.09979248046875;-0.00563964843750001;10.3999999737425;1041;1 A;
88.7561677759122;-0.099822998046875;-0.0055999755859375;10.4099999737173;1042;1 A;
88.766167775887;-0.099822998046875;-0.00562744140625;10.419999973692;1043;1 A;
88.7761677758617;-0.099853515625;-0.0056182861328125;10.4299999736668;1044;1 A;
88.7861677758365;-0.099853515625;-0.0056610107421875;10.4399999736415;1045;1 A;
88.7961677758112;-0.099945068359375;-0.0056732177734375;10.4499999736163;1046;1 A;
88.806167775786;-0.09991455078125;-0.0056640625;10.459999973591;1047;1 A;
88.8161677757607;-0.099884033203125;-0.00569763183593749;10.4699999735658;1048;1 A;
88.8261677757355;-0.09991455078125;-0.00574645996093751;10.4799999735405;1049;1 A;
88.8361677757102;-0.099853515625;-0.00577392578124999;10.4899999735153;1050;1 A;
88.846167775685;-0.09991455078125;-0.00577697753906251;10.49999997349;1051;1 A;
88.8561677756597;-0.09991455078125;-0.00580444335937499;10.5099999734648;1052;1 A;
88.8661677756345;-0.09991455078125;-0.005877685546875;10.5199999734396;1053;1 A;
88.8761677756092;-0.099884033203125;-0.00587158203125;10.5299999734143;1054;1 A;
88.886167775584;-0.099884033203125;-0.00588073730468749;10.5399999733891;1055;1 A;
88.8961677755588;-0.099853515625;-0.00588378906250001;10.5499999733638;1056;1 A;
88.9061677755335;-0.09991455078125;-0.0059051513671875;10.5599999733386;1057;1 A;
88.9161677755083;-0.09979248046875;-0.00592651367187499;10.5699999733133;1058;1 A;
88.926167775483;-0.099853515625;-0.005908203125;10.5799999732881;1059;1 A;
88.9361677754578;-0.099822998046875;-0.00591430664062501;10.5899999732628;1060;1 A;
88.9461677754325;-0.099822998046875;-0.0059478759765625;10.5999999732376;1061;1 A;
88.9561677754073;-0.099822998046875;-0.00592041015625;10.6099999732123;1062;1 A;
88.966167775382;-0.099853515625;-0.0058868408203125;10.6199999731871;1063;1 A;
88.9761677753568;-0.099822998046875;-0.00585021972656249;10.6299999731618;1064;1 A;
88.9861677753315;-0.099853515625;-0.0058624267578125;10.6399999731366;1065;1 A;
88.9961677753063;-0.099884033203125;-0.00585327148437501;10.6499999731113;1066;1 A;
89.006167775281;-0.09979248046875;-0.00580749511718751;10.6599999730861;1067;1 A;
89.0161677752558;-0.09991455078125;-0.005828857421875;10.6699999730608;1068;1 A;
89.0261677752305;-0.09979248046875;-0.0058624267578125;10.6799999730356;1069;1 A;
89.0361677752053;-0.09991455078125;-0.00587158203125;10.6899999730103;1070;1 A;
89.04616777518;-0.099822998046875;-0.0058624267578125;10.6999999729851;1071;1 A;
89.0561677751548;-0.099884033203125;-0.0058441162109375;10.7099999729598;1072;1 A;
89.0661677751295;-0.09991455078125;-0.0058746337890625;10.7199999729346;1073;1 A;
89.0761677751043;-0.099945068359375;-0.00585327148437501;10.7299999729094;1074;1 A;
89.086167775079;-0.099853515625;-0.00581970214843749;10.7399999728841;1075;1 A;
89.0961677750538;-0.099853515625;-0.00581970214843749;10.7499999728589;1076;1 A;
89.1061677750286;-0.099884033203125;-0.00585327148437501;10.7599999728336;1077;1 A;
89.1161677750033;-0.099822998046875;-0.0058746337890625;10.7699999728084;1078;1 A;
89.1261677749781;-0.09991455078125;-0.005841064453125;10.7799999727831;1079;1 A;
89.1361677749528;-0.099822998046875;-0.00583801269531251;10.7899999727579;1080;1 A;
89.1461677749276;-0.099945068359375;-0.00588073730468749;10.7999999727326;1081;1 A;
89.1561677749023;-0.099853515625;-0.005877685546875;10.8099999727074;1082;1 A;
89.1661677748771;-0.099853515625;-0.005877685546875;10.8199999726821;1083;1 A;
89.1761677748518;-0.099822998046875;-0.005877685546875;10.8299999726569;1084;1 A;
89.1861677748266;-0.09991455078125;-0.00592651367187499;10.8399999726316;1085;1 A;
89.1961677748013;-0.099822998046875;-0.005938720703125;10.8499999726064;1086;1 A;
89.2061677747761;-0.099822998046875;-0.00592651367187499;10.8599999725811;1087;1 A;
89.2161677747508;-0.099822998046875;-0.00594177246093749;10.8699999725559;1088;1 A;
89.2261677747256;-0.09979248046875;-0.005963134765625;10.8799999725306;1089;1 A;
89.2361677747003;-0.099884033203125;-0.0059661865234375;10.8899999725054;1090;1 A;
89.2461677746751;-0.099884033203125;-0.00597229003906249;10.8999999724801;1091;1 A;
89.2561677746498;-0.09991455078125;-0.00597229003906249;10.9099999724549;1092;1 A;
89.2661677746246;-0.099853515625;-0.0060302734375;10.9199999724297;1093;1 A;
89.2761677745993;-0.099822998046875;-0.006024169921875;10.9299999724044;1094;1 A;
89.2861677745741;-0.099822998046875;-0.0060150146484375;10.9399999723792;1095;1 A;
89.2961677745488;-0.09991455078125;-0.00603332519531249;10.9499999723539;1096;1 A;
89.3061677745236;-0.099884033203125;-0.0060546875;10.9599999723287;1097;1 A;
89.3161677744984;-0.099884033203125;-0.00606384277343749;10.9699999723034;1098;1 A;
89.3261677744731;-0.09991455078125;-0.006011962890625;10.9799999722782;1099;1 A;
89.3361677744479;-0.09991455078125;-0.00599365234375;10.9899999722529;1100;1 A;
89.3461677744226;-0.099853515625;-0.0060302734375;10.9999999722277;1101;1 A;
89.3561677743974;-0.099884033203125;-0.006024169921875;11.0099999722024;1102;1 A;
89.3661677743721;-0.099945068359375;-0.00603332519531249;11.0199999721772;1103;1 A;
89.3761677743469;-0.099822998046875;-0.00604858398437499;11.0299999721519;1104;1 A;
89.3861677743216;-0.099884033203125;-0.00610961914062499;11.0399999721267;1105;1 A;
89.3961677742964;-0.09979248046875;-0.0061370849609375;11.0499999721014;1106;1 A;
89.4061677742711;-0.099884033203125;-0.00612487792968749;11.0599999720762;1107;1 A;
89.4161677742459;-0.099822998046875;-0.0061492919921875;11.0699999720509;1108;1 A;
89.4261677742206;-0.099853515625;-0.006182861328125;11.0799999720257;1109;1 A;
89.4361677741954;-0.099853515625;-0.0061798095703125;11.0899999720004;1110;1 A;
89.4461677741701;-0.099853515625;-0.00615539550781249;11.0999999719752;1111;1 A;
89.4561677741449;-0.099822998046875;-0.0061370849609375;11.1099999719499;1112;1 A;
89.4661677741196;-0.099884033203125;-0.00615844726562501;11.1199999719247;1113;1 A;
89.4761677740944;-0.09979248046875;-0.0061065673828125;11.1299999718995;1114;1 A;
89.4861677740691;-0.099822998046875;-0.00605163574218751;11.1399999718742;1115;1 A;
89.4961677740439;-0.099853515625;-0.0060272216796875;11.149999971849;1116;1 A;
89.5061677740186;-0.099853515625;-0.00602111816406251;11.1599999718237;1117;1 A;
89.5161677739934;-0.09991455078125;-0.006011962890625;11.1699999717985;1118;1 A;
89.5261677739682;-0.099822998046875;-0.00597229003906249;11.1799999717732;1119;1 A;
89.5361677739429;-0.099884033203125;-0.0059967041015625;11.189999971748;1120;1 A;
89.5461677739177;-0.099822998046875;-0.0060394287109375;11.1999999717227;1121;1 A;
89.5561677738924;-0.100006103515625;-0.006024169921875;11.2099999716975;1122;1 A;
89.5661677738672;-0.099884033203125;-0.00600585937500001;11.2199999716722;1123;1 A;
89.5761677738419;-0.099884033203125;-0.00599060058593751;11.229999971647;1124;1 A;
89.5861677738167;-0.099853515625;-0.0059967041015625;11.2399999716217;1125;1 A;
89.5961677737914;-0.099853515625;-0.005963134765625;11.2499999715965;1126;1 A;
89.6061677737662;-0.099884033203125;-0.0059051513671875;11.2599999715712;1127;1 A;
89.6161677737409;-0.099884033203125;-0.005902099609375;11.269999971546;1128;1 A;
89.6261677737157;-0.09991455078125;-0.0059356689453125;11.2799999715207;1129;1 A;
89.6361677736904;-0.099853515625;-0.00594482421875001;11.2899999714955;1130;1 A;
89.6461677736652;-0.099945068359375;-0.00592651367187499;11.2999999714702;1131;1 A;
89.6561677736399;-0.099853515625;-0.0059234619140625;11.309999971445;1132;1 A;
89.6661677736147;-0.099884033203125;-0.00595703124999999;11.3199999714197;1133;1 A;
89.6761677735894;-0.099853515625;-0.0059356689453125;11.3299999713945;1134;1 A;
89.6861677735642;-0.099884033203125;-0.0059234619140625;11.3399999713693;1135;1 A;
89.6961677735389;-0.09979248046875;-0.00594177246093749;11.349999971344;1136;1 A;
89.7061677735137;-0.099884033203125;-0.0059783935546875;11.3599999713188;1137;1 A;
89.7161677734885;-0.099822998046875;-0.0059844970703125;11.3699999712935;1138;1 A;
89.7261677734632;-0.099822998046875;-0.00594482421875001;11.3799999712683;1139;1 A;
89.736167773438;-0.099884033203125;-0.00598754882812499;11.389999971243;1140;1 A;
89.7461677734127;-0.099853515625;-0.0060455322265625;11.3999999712178;1141;1 A;
89.7561677733875;-0.099884033203125;-0.00604248046875;11.4099999711925;1142;1 A;
89.7661677733622;-0.099822998046875;-0.0060089111328125;11.4199999711673;1143;1 A;
89.776167773337;-0.099884033203125;-0.006060791015625;11.429999971142;1144;1 A;
89.7861677733117;-0.099884033203125;-0.0060882568359375;11.4399999711168;1145;1 A;
89.7961677732865;-0.099884033203125;-0.00609436035156249;11.4499999710915;1146;1 A;
89.8061677732612;-0.09991455078125;-0.00606689453125001;11.4599999710663;1147;1 A;
89.816167773236;-0.09991455078125;-0.00608215332031251;11.469999971041;1148;1 A;
89.8261677732107;-0.099884033203125;-0.0061004638671875;11.4799999710158;1149;1 A;
89.8361677731855;-0.099884033203125;-0.0059539794921875;11.4899999709905;1150;1 A;
89.8461677731602;-0.09991455078125;-0.005841064453125;11.4999999709653;1151;1 A;
89.856167773135;-0.099884033203125;-0.0060150146484375;11.50999997094;1152;1 A;
89.8661677731097;-0.099884033203125;-0.00606384277343749;11.5199999709148;1153;1 A;
89.8761677730845;-0.099822998046875;-0.00605163574218751;11.5299999708895;1154;1 A;
89.8861677730592;-0.099822998046875;-0.00603332519531249;11.5399999708643;1155;1 A;
89.896167773034;-0.099853515625;-0.006060791015625;11.5499999708391;1156;1 A;
89.9061677730087;-0.099884033203125;-0.00609741210937501;11.5599999708138;1157;1 A;
89.9161677729835;-0.099761962890625;-0.0061065673828125;11.5699999707886;1158;1 A;
89.9261677729583;-0.09991455078125;-0.006085205078125;11.5799999707633;1159;1 A;
89.936167772933;-0.099822998046875;-0.00610961914062499;11.5899999707381;1160;1 A;
89.9461677729078;-0.099822998046875;-0.0061614990234375;11.5999999707128;1161;1 A;
89.9561677728825;-0.099761962890625;-0.00615539550781249;11.6099999706876;1162;1 A;
89.9661677728573;-0.09979248046875;-0.0061370849609375;11.6199999706623;1163;1 A;
89.976167772832;-0.09979248046875;-0.00615844726562501;11.6299999706371;1164;1 A;
89.9861677728068;-0.099853515625;-0.006195068359375;11.6399999706118;1165;1 A;
89.9961677727815;-0.099853515625;-0.00618896484375001;11.6499999705866;1166;1 A;
90.0061677727563;-0.09979248046875;-0.00612487792968749;11.6599999705613;1167;1 A;
90.016167772731;-0.099884033203125;-0.0061370849609375;11.6699999705361;1168;1 A;
90.0261677727058;-0.099853515625;-0.006146240234375;11.6799999705108;1169;1 A;
90.0361677726805;-0.09991455078125;-0.0061370849609375;11.6899999704856;1170;1 A;
90.0461677726553;-0.099884033203125;-0.00611572265625;11.6999999704603;1171;1 A;
90.05616777263;-0.099884033203125;-0.00612792968750001;11.7099999704351;1172;1 A;
90.0661677726048;-0.099853515625;-0.00618896484375001;11.7199999704098;1173;1 A;
90.0761677725795;-0.099945068359375;-0.0061920166015625;11.7299999703846;1174;1 A;
90.0861677725543;-0.099884033203125;-0.0061767578125;11.7399999703593;1175;1 A;
90.096167772529;-0.099853515625;-0.0061798095703125;11.7499999703341;1176;1 A;
90.1061677725038;-0.099884033203125;-0.00620117187499999;11.7599999703089;1177;1 A;
90.1161677724785;-0.099822998046875;-0.0061981201171875;11.7699999702836;1178;1 A;
90.1261677724533;-0.099853515625;-0.00615844726562501;11.7799999702584;1179;1 A;
90.1361677724281;-0.099822998046875;-0.0061492919921875;11.7899999702331;1180;1 A;
90.1461677724028;-0.099884033203125;-0.0061676025390625;11.7999999702079;1181;1 A;
90.1561677723776;-0.099853515625;-0.0061492919921875;11.8099999701826;1182;1 A;
90.1661677723523;-0.09991455078125;-0.0061187744140625;11.8199999701574;1183;1 A;
90.1761677723271;-0.099884033203125;-0.00611267089843751;11.8299999701321;1184;1 A;
90.1861677723018;-0.099884033203125;-0.00612792968750001;11.8399999701069;1185;1 A;
90.1961677722766;-0.099822998046875;-0.00614318847656251;11.8499999700816;1186;1 A;
90.2061677722513;-0.099884033203125;-0.00611267089843751;11.8599999700564;1187;1 A;
90.2161677722261;-0.099822998046875;-0.0061187744140625;11.8699999700311;1188;1 A;
90.2261677722008;-0.099761962890625;-0.00612792968750001;11.8799999700059;1189;1 A;
90.2361677721756;-0.099822998046875;-0.00609741210937501;11.8899999699806;1190;1 A;
90.2461677721503;-0.09979248046875;-0.0060546875;11.8999999699554;1191;1 A;
90.2561677721251;-0.099853515625;-0.0060394287109375;11.9099999699301;1192;1 A;
90.2661677720998;-0.099853515625;-0.006072998046875;11.9199999699049;1193;1 A;
90.2761677720746;-0.099884033203125;-0.006060791015625;11.9299999698796;1194;1 A;
90.2861677720493;-0.099884033203125;-0.00604248046875;11.9399999698544;1195;1 A;
90.2961677720241;-0.099853515625;-0.00606384277343749;11.9499999698292;1196;1 A;
90.3061677719988;-0.099884033203125;-0.006103515625;11.9599999698039;1197;1 A;
90.3161677719736;-0.099884033203125;-0.0061309814453125;11.9699999697787;1198;1 A;
90.3261677719483;-0.099884033203125;-0.00611572265625;11.9799999697534;1199;1 A;
90.3361677719231;-0.099884033203125;-0.00614013671874999;11.9899999697282;1200;1 A;
90.3461677718979;-0.09991455078125;-0.00618591308593749;11.9999999697029;1201;1 A;
90.3561677718726;-0.099853515625;-0.0061767578125;12.0099999696777;1202;1 A;
90.3661677718474;-0.099853515625;-0.00617065429687499;12.0199999696524;1203;1 A;
90.3761677718221;-0.099822998046875;-0.00615844726562501;12.0299999696272;1204;1 A;
90.3861677717969;-0.099884033203125;-0.006182861328125;12.0399999696019;1205;1 A;
90.3961677717716;-0.099822998046875;-0.0061767578125;12.0499999695767;1206;1 A;
90.4061677717464;-0.099884033203125;-0.00615234375;12.0599999695514;1207;1 A;
90.4161677717211;-0.099884033203125;-0.00617065429687499;12.0699999695262;1208;1 A;
90.4261677716959;-0.09991455078125;-0.00618591308593749;12.0799999695009;1209;1 A;
90.4361677716706;-0.099822998046875;-0.0061676025390625;12.0899999694757;1210;1 A;
90.4461677716454;-0.09991455078125;-0.006146240234375;12.0999999694504;1211;1 A;
90.4561677716201;-0.09979248046875;-0.0061309814453125;12.1099999694252;1212;1 A;
90.4661677715949;-0.099853515625;-0.00616455078125;12.1199999693999;1213;1 A;
90.4761677715696;-0.099884033203125;-0.0061309814453125;12.1299999693747;1214;1 A;
90.4861677715444;-0.099822998046875;-0.00609130859375;12.1399999693494;1215;1 A;
90.4961677715191;-0.09991455078125;-0.006103515625;12.1499999693242;1216;1 A;
90.5061677714939;-0.099822998046875;-0.0061309814453125;12.159999969299;1217;1 A;
90.5161677714686;-0.099945068359375;-0.0061676025390625;12.1699999692737;1218;1 A;
90.5261677714434;-0.099853515625;-0.006146240234375;12.1799999692485;1219;1 A;
90.5361677714181;-0.0999755859375;-0.006146240234375;12.1899999692232;1220;1 A;
90.5461677713929;-0.099822998046875;-0.00617370605468751;12.199999969198;1221;1 A;
90.5561677713677;-0.099884033203125;-0.0061370849609375;12.2099999691727;1222;1 A;
90.5661677713424;-0.099884033203125;-0.00611572265625;12.2199999691475;1223;1 A;
90.5761677713172;-0.099945068359375;-0.00611267089843751;12.2299999691222;1224;1 A;
90.5861677712919;-0.099853515625;-0.006134033203125;12.239999969097;1225;1 A;
90.5961677712667;-0.099853515625;-0.006134033203125;12.2499999690717;1226;1 A;
90.6061677712414;-0.09991455078125;-0.00609741210937501;12.2599999690465;1227;1 A;
90.6161677712162;-0.099853515625;-0.006103515625;12.2699999690212;1228;1 A;
90.6261677711909;-0.09991455078125;-0.0061187744140625;12.279999968996;1229;1 A;
90.6361677711657;-0.099884033203125;-0.006121826171875;12.2899999689707;1230;1 A;
90.6461677711404;-0.09991455078125;-0.00611267089843751;12.2999999689455;1231;1 A;
90.6561677711152;-0.099884033203125;-0.00609741210937501;12.3099999689202;1232;1 A;
90.6661677710899;-0.099822998046875;-0.00612487792968749;12.319999968895;1233;1 A;
90.6761677710647;-0.099853515625;-0.00609741210937501;12.3299999688697;1234;1 A;
90.6861677710394;-0.099884033203125;-0.00608215332031251;12.3399999688445;1235;1 A;
90.6961677710142;-0.099853515625;-0.0061920166015625;12.3499999688192;1236;1 A;
90.7061677709889;-0.099822998046875;-0.006121826171875;12.359999968794;1237;1 A;
90.7161677709637;-0.09979248046875;-0.006103515625;12.3699999687688;1238;1 A;
90.7261677709384;-0.09979248046875;-0.00607910156249999;12.3799999687435;1239;1 A;
90.7361677709132;-0.099822998046875;-0.0060577392578125;12.3899999687183;1240;1 A;
90.746167770888;-0.099761962890625;-0.006085205078125;12.399999968693;1241;1 A;
90.7561677708627;-0.099884033203125;-0.00608215332031251;12.4099999686678;1242;1 A;
90.7661677708375;-0.099822998046875;-0.00609436035156249;12.4199999686425;1243;1 A;
90.7761677708122;-0.099853515625;-0.00611267089843751;12.4299999686173;1244;1 A;
90.786167770787;-0.099884033203125;-0.00615539550781249;12.439999968592;1245;1 A;
90.7961677707617;-0.099884033203125;-0.00615539550781249;12.4499999685668;1246;1 A;
90.8061677707365;-0.09991455078125;-0.006121826171875;12.4599999685415;1247;1 A;
90.8161677707112;-0.099945068359375;-0.0061309814453125;12.4699999685163;1248;1 A;
90.826167770686;-0.09991455078125;-0.00610961914062499;12.479999968491;1249;1 A;
90.8361677706607;-0.099884033203125;-0.00610961914062499;12.4899999684658;1250;1 A;
90.8461677706355;-0.099884033203125;-0.006060791015625;12.4999999684405;1251;1 A;
90.8561677706102;-0.099853515625;-0.00603637695312501;12.5099999684153;1252;1 A;
90.866167770585;-0.099884033203125;-0.006060791015625;12.51999996839;1253;1 A;
90.8761677705597;-0.099822998046875;-0.006024169921875;12.5299999683648;1254;1 A;
90.8861677705345;-0.099884033203125;-0.0059844970703125;12.5399999683395;1255;1 A;
90.8961677705092;-0.09991455078125;-0.00599365234375;12.5499999683143;1256;1 A;
90.906167770484;-0.099853515625;-0.0060150146484375;12.559999968289;1257;1 A;
90.9161677704587;-0.099822998046875;-0.0060394287109375;12.5699999682638;1258;1 A;
90.9261677704335;-0.099822998046875;-0.0060150146484375;12.5799999682386;1259;1 A;
90.9361677704082;-0.099822998046875;-0.00603637695312501;12.5899999682133;1260;1 A;
90.946167770383;-0.09979248046875;-0.00609130859375;12.5999999681881;1261;1 A;
90.9561677703578;-0.099853515625;-0.0060760498046875;12.6099999681628;1262;1 A;
90.9661677703325;-0.099822998046875;-0.00609130859375;12.6199999681376;1263;1 A;
90.9761677703073;-0.09991455078125;-0.0060760498046875;12.6299999681123;1264;1 A;
90.986167770282;-0.099822998046875;-0.0061004638671875;12.6399999680871;1265;1 A;
90.9961677702568;-0.099853515625;-0.00608215332031251;12.6499999680618;1266;1 A;
91.0061677702315;-0.099822998046875;-0.0060150146484375;12.6599999680366;1267;1 A;
91.0161677702063;-0.09991455078125;-0.0059814453125;12.6699999680113;1268;1 A;
91.026167770181;-0.099884033203125;-0.00595703124999999;12.6799999679861;1269;1 A;
91.0361677701558;-0.099884033203125;-0.0059173583984375;12.6899999679608;1270;1 A;
91.0461677701305;-0.099853515625;-0.00586547851562499;12.6999999679356;1271;1 A;
91.0561677701053;-0.099945068359375;-0.00585327148437501;12.7099999679103;1272;1 A;
91.06616777008;-0.099884033203125;-0.00589904785156251;12.7199999678851;1273;1 A;
91.0761677700548;-0.099884033203125;-0.005889892578125;12.7299999678598;1274;1 A;
91.0861677700295;-0.09991455078125;-0.00588378906250001;12.7399999678346;1275;1 A;
91.0961677700043;-0.099945068359375;-0.0058929443359375;12.7499999678093;1276;1 A;
91.106167769979;-0.099853515625;-0.00592041015625;12.7599999677841;1277;1 A;
91.1161677699538;-0.099884033203125;-0.0059478759765625;12.7699999677588;1278;1 A;
91.1261677699285;-0.099884033203125;-0.0059326171875;12.7799999677336;1279;1 A;
91.1361677699033;-0.09979248046875;-0.00595703124999999;12.7899999677084;1280;1 A;
91.146167769878;-0.099853515625;-0.006011962890625;12.7999999676831;1281;1 A;
91.1561677698528;-0.099853515625;-0.0060272216796875;12.8099999676579;1282;1 A;
91.1661677698276;-0.099884033203125;-0.0060394287109375;12.8199999676326;1283;1 A;
91.1761677698023;-0.099761962890625;-0.0060394287109375;12.8299999676074;1284;1 A;
91.1861677697771;-0.099853515625;-0.006072998046875;12.8399999675821;1285;1 A;
91.1961677697518;-0.099822998046875;-0.0060546875;12.8499999675569;1286;1 A;
91.2061677697266;-0.099761962890625;-0.0060455322265625;12.8599999675316;1287;1 A;
91.2161677697013;-0.099853515625;-0.006072998046875;12.8699999675064;1288;1 A;
91.2261677696761;-0.099822998046875;-0.0060882568359375;12.8799999674811;1289;1 A;
91.2361677696508;-0.099822998046875;-0.006085205078125;12.8899999674559;1290;1 A;
91.2461677696256;-0.099761962890625;-0.006085205078125;12.8999999674306;1291;1 A;
91.2561677696003;-0.099884033203125;-0.006103515625;12.9099999674054;1292;1 A;
91.2661677695751;-0.099761962890625;-0.0061676025390625;12.9199999673801;1293;1 A;
91.2761677695498;-0.09991455078125;-0.006146240234375;12.9299999673549;1294;1 A;
91.2861677695246;-0.09979248046875;-0.00611572265625;12.9399999673296;1295;1 A;
91.2961677694993;-0.099884033203125;-0.00609436035156249;12.9499999673044;1296;1 A;
91.3061677694741;-0.099884033203125;-0.006103515625;12.9599999672791;1297;1 A;
91.3161677694488;-0.099884033203125;-0.00611267089843751;12.9699999672539;1298;1 A;
91.3261677694236;-0.09991455078125;-0.00607910156249999;12.9799999672287;1299;1 A;
91.3361677693983;-0.09991455078125;-0.00609130859375;12.9899999672034;1300;1 A;
91.3461677693731;-0.0999755859375;-0.00612792968750001;12.9999999671782;1301;1 A;
91.3561677693478;-0.099853515625;-0.0061187744140625;13.0099999671529;1302;1 A;
91.3661677693226;-0.099853515625;-0.00610961914062499;13.0199999671277;1303;1 A;
91.3761677692974;-0.099822998046875;-0.0061065673828125;13.0299999671024;1304;1 A;
91.3861677692721;-0.099853515625;-0.00614318847656251;13.0399999670772;1305;1 A;
91.3961677692469;-0.099822998046875;-0.00615844726562501;13.0499999670519;1306;1 A;
91.4061677692216;-0.099853515625;-0.00614013671874999;13.0599999670267;1307;1 A;
91.4161677691964;-0.099822998046875;-0.0061309814453125;13.0699999670014;1308;1 A;
91.4261677691711;-0.099884033203125;-0.00615234375;13.0799999669762;1309;1 A;
91.4361677691459;-0.099853515625;-0.00615844726562501;13.0899999669509;1310;1 A;
91.4461677691206;-0.099822998046875;-0.0061798095703125;13.0999999669257;1311;1 A;
91.4561677690954;-0.099822998046875;-0.00617370605468751;13.1099999669004;1312;1 A;
91.4661677690701;-0.099822998046875;-0.00620422363281251;13.1199999668752;1313;1 A;
91.4761677690449;-0.099884033203125;-0.00617065429687499;13.1299999668499;1314;1 A;
91.4861677690196;-0.09979248046875;-0.006146240234375;13.1399999668247;1315;1 A;
91.4961677689944;-0.099853515625;-0.0061492919921875;13.1499999667994;1316;1 A;
91.5061677689691;-0.099853515625;-0.00616455078125;13.1599999667742;1317;1 A;
91.5161677689439;-0.09991455078125;-0.0061614990234375;13.1699999667489;1318;1 A;
91.5261677689186;-0.099853515625;-0.0061065673828125;13.1799999667237;1319;1 A;
91.5361677688934;-0.099884033203125;-0.00610961914062499;13.1899999666985;1320;1 A;
91.5461677688681;-0.099884033203125;-0.0061492919921875;13.1999999666732;1321;1 A;
91.5561677688429;-0.099945068359375;-0.00615539550781249;13.209999966648;1322;1 A;
91.5661677688176;-0.099884033203125;-0.00610961914062499;13.2199999666227;1323;1 A;
91.5761677687924;-0.099884033203125;-0.0060760498046875;13.2299999665975;1324;1 A;
91.5861677687672;-0.099884033203125;-0.00620117187499999;13.2399999665722;1325;1 A;
91.5961677687419;-0.099853515625;-0.00621337890625;13.249999966547;1326;1 A;
91.6061677687167;-0.09991455078125;-0.0061798095703125;13.2599999665217;1327;1 A;
91.6161677686914;-0.099822998046875;-0.006195068359375;13.2699999664965;1328;1 A;
91.6261677686662;-0.099884033203125;-0.0062103271484375;13.2799999664712;1329;1 A;
91.6361677686409;-0.09979248046875;-0.00621948242187501;13.289999966446;1330;1 A;
91.6461677686157;-0.099853515625;-0.0061981201171875;13.2999999664207;1331;1 A;
91.6561677685904;-0.099761962890625;-0.006207275390625;13.3099999663955;1332;1 A;
91.6661677685652;-0.099822998046875;-0.0062530517578125;13.3199999663702;1333;1 A;
91.6761677685399;-0.099822998046875;-0.0062408447265625;13.329999966345;1334;1 A;
91.6861677685147;-0.099853515625;-0.0062286376953125;13.3399999663197;1335;1 A;
91.6961677684894;-0.099822998046875;-0.00625000000000001;13.3499999662945;1336;1 A;
91.7061677684642;-0.099884033203125;-0.00629577636718751;13.3599999662692;1337;1 A;
91.7161677684389;-0.099853515625;-0.00633544921875;13.369999966244;1338;1 A;
91.7261677684137;-0.099853515625;-0.006317138671875;13.3799999662187;1339;1 A;
91.7361677683884;-0.099945068359375;-0.0063507080078125;13.3899999661935;1340;1 A;
91.7461677683632;-0.099853515625;-0.00638732910156251;13.3999999661683;1341;1 A;
91.7561677683379;-0.099945068359375;-0.0063934326171875;13.409999966143;1342;1 A;
91.7661677683127;-0.099884033203125;-0.006378173828125;13.4199999661178;1343;1 A;
91.7761677682875;-0.099945068359375;-0.00635681152343751;13.4299999660925;1344;1 A;
91.7861677682622;-0.099822998046875;-0.00637207031250001;13.4399999660673;1345;1 A;
91.796167768237;-0.099884033203125;-0.00634155273437501;13.449999966042;1346;1 A;
91.8061677682117;-0.09991455078125;-0.00631103515625001;13.4599999660168;1347;1 A;
91.8161677681865;-0.099853515625;-0.006329345703125;13.4699999659915;1348;1 A;
91.8261677681612;-0.09991455078125;-0.0063507080078125;13.4799999659663;1349;1 A;
91.836167768136;-0.099853515625;-0.00635681152343751;13.489999965941;1350;1 A;
91.8461677681107;-0.099884033203125;-0.00633544921875;13.4999999659158;1351;1 A;
91.8561677680855;-0.09979248046875;-0.00632629394531251;13.5099999658905;1352;1 A;
91.8661677680602;-0.09991455078125;-0.00635681152343751;13.5199999658653;1353;1 A;
91.876167768035;-0.099853515625;-0.0063323974609375;13.52999996584;1354;1 A;
91.8861677680097;-0.099822998046875;-0.0063140869140625;13.5399999658148;1355;1 A;
91.8961677679845;-0.099822998046875;-0.00632629394531251;13.5499999657895;1356;1 A;
91.9061677679592;-0.09991455078125;-0.00637207031250001;13.5599999657643;1357;1 A;
91.916167767934;-0.099822998046875;-0.00638732910156251;13.569999965739;1358;1 A;
91.9261677679087;-0.099884033203125;-0.006365966796875;13.5799999657138;1359;1 A;
91.9361677678835;-0.099853515625;-0.00638732910156251;13.5899999656885;1360;1 A;
91.9461677678582;-0.09979248046875;-0.0064117431640625;13.5999999656633;1361;1 A;
91.956167767833;-0.099822998046875;-0.006390380859375;13.6099999656381;1362;1 A;
91.9661677678077;-0.099884033203125;-0.0063507080078125;13.6199999656128;1363;1 A;
91.9761677677825;-0.099945068359375;-0.006317138671875;13.6299999655876;1364;1 A;
91.9861677677573;-0.099884033203125;-0.00635375976562499;13.6399999655623;1365;1 A;
91.996167767732;-0.099945068359375;-0.00635375976562499;13.6499999655371;1366;1 A;
92.0061677677068;-0.099884033203125;-0.0063323974609375;13.6599999655118;1367;1 A;
92.0161677676815;-0.099884033203125;-0.00634765625;13.6699999654866;1368;1 A;
92.0261677676563;-0.099884033203125;-0.0063507080078125;13.6799999654613;1369;1 A;
92.036167767631;-0.09991455078125;-0.00633544921875;13.6899999654361;1370;1 A;
92.0461677676058;-0.099853515625;-0.0063018798828125;13.6999999654108;1371;1 A;
92.0561677675805;-0.099884033203125;-0.00629577636718751;13.7099999653856;1372;1 A;
92.0661677675553;-0.099853515625;-0.00632324218749999;13.7199999653603;1373;1 A;
92.07616776753;-0.09991455078125;-0.00630798339843749;13.7299999653351;1374;1 A;
92.0861677675048;-0.099884033203125;-0.0063018798828125;13.7399999653098;1375;1 A;
92.0961677674795;-0.099853515625;-0.00630798339843749;13.7499999652846;1376;1 A;
92.1061677674543;-0.099822998046875;-0.00633544921875;13.7599999652593;1377;1 A;
92.116167767429;-0.09979248046875;-0.00633544921875;13.7699999652341;1378;1 A;
92.1261677674038;-0.099884033203125;-0.00629577636718751;13.7799999652088;1379;1 A;
92.1361677673785;-0.099761962890625;-0.006304931640625;13.7899999651836;1380;1 A;
92.1461677673533;-0.099822998046875;-0.006329345703125;13.7999999651583;1381;1 A;
92.156167767328;-0.099853515625;-0.00632629394531251;13.8099999651331;1382;1 A;
92.1661677673028;-0.099884033203125;-0.0063140869140625;13.8199999651079;1383;1 A;
92.1761677672775;-0.09979248046875;-0.006329345703125;13.8299999650826;1384;1 A;
92.1861677672523;-0.099853515625;-0.0063812255859375;13.8399999650574;1385;1 A;
92.1961677672271;-0.09991455078125;-0.00639953613281249;13.8499999650321;1386;1 A;
92.2061677672018;-0.099822998046875;-0.0063812255859375;13.8599999650069;1387;1 A;
92.2161677671766;-0.099884033203125;-0.00639953613281249;13.8699999649816;1388;1 A;
92.2261677671513;-0.09979248046875;-0.00643005371093749;13.8799999649564;1389;1 A;
92.2361677671261;-0.09991455078125;-0.0064361572265625;13.8899999649311;1390;1 A;
92.2461677671008;-0.099884033203125;-0.00640869140625;13.8999999649059;1391;1 A;
92.2561677670756;-0.099945068359375;-0.006396484375;13.9099999648806;1392;1 A;
92.2661677670503;-0.09991455078125;-0.00645751953125;13.9199999648554;1393;1 A;
92.2761677670251;-0.099853515625;-0.006396484375;13.9299999648301;1394;1 A;
92.2861677669998;-0.09991455078125;-0.00632629394531251;13.9399999648049;1395;1 A;
92.2961677669746;-0.099853515625;-0.00638732910156251;13.9499999647796;1396;1 A;
92.3061677669493;-0.099884033203125;-0.00638732910156251;13.9599999647544;1397;1 A;
92.3161677669241;-0.099822998046875;-0.0063751220703125;13.9699999647291;1398;1 A;
92.3261677668988;-0.09991455078125;-0.00632324218749999;13.9799999647039;1399;1 A;
92.3361677668736;-0.099884033203125;-0.006317138671875;13.9899999646786;1400;1 A;
92.3461677668483;-0.09979248046875;-0.00630798339843749;13.9999999646534;1401;1 A;
92.3561677668231;-0.099822998046875;-0.00624694824218749;14.0099999646282;1402;1 A;
92.3661677667978;-0.099853515625;-0.0061767578125;14.0199999646029;1403;1 A;
92.3761677667726;-0.099761962890625;-0.006134033203125;14.0299999645777;1404;1 A;
92.3861677667473;-0.099822998046875;-0.00582275390625001;14.0399999645524;1405;1 A;
92.3961677667221;-0.099853515625;-0.0059326171875;14.0499999645272;1406;1 A;
92.4061677666969;-0.099822998046875;-0.0060546875;14.0599999645019;1407;1 A;
92.4161677666716;-0.09979248046875;-0.0060272216796875;14.0699999644767;1408;1 A;
92.4261677666464;-0.099822998046875;-0.006024169921875;14.0799999644514;1409;1 A;
92.4361677666211;-0.099853515625;-0.00603637695312501;14.0899999644262;1410;1 A;
92.4461677665959;-0.099822998046875;-0.00601806640624999;14.0999999644009;1411;1 A;
92.4561677665706;-0.0999755859375;-0.006011962890625;14.1099999643757;1412;1 A;
92.4661677665454;-0.099822998046875;-0.00605163574218751;14.1199999643504;1413;1 A;
92.4761677665201;-0.09991455078125;-0.006060791015625;14.1299999643252;1414;1 A;
92.4861677664949;-0.099822998046875;-0.00606689453125001;14.1399999642999;1415;1 A;
92.4961677664696;-0.099822998046875;-0.00607910156249999;14.1499999642747;1416;1 A;
92.5061677664444;-0.099884033203125;-0.00609741210937501;14.1599999642494;1417;1 A;
92.5161677664191;-0.09991455078125;-0.00609741210937501;14.1699999642242;1418;1 A;
92.5261677663939;-0.099853515625;-0.0060577392578125;14.1799999641989;1419;1 A;
92.5361677663686;-0.099853515625;-0.00605163574218751;14.1899999641737;1420;1 A;
92.5461677663434;-0.09991455078125;-0.006085205078125;14.1999999641484;1421;1 A;
92.5561677663181;-0.099853515625;-0.0060760498046875;14.2099999641232;1422;1 A;
92.5661677662929;-0.09991455078125;-0.00606384277343749;14.219999964098;1423;1 A;
92.5761677662676;-0.099853515625;-0.00604248046875;14.2299999640727;1424;1 A;
92.5861677662424;-0.099884033203125;-0.006072998046875;14.2399999640475;1425;1 A;
92.5961677662171;-0.099761962890625;-0.0060760498046875;14.2499999640222;1426;1 A;
92.6061677661919;-0.099853515625;-0.0060577392578125;14.259999963997;1427;1 A;
92.6161677661667;-0.099822998046875;-0.006072998046875;14.2699999639717;1428;1 A;
92.6261677661414;-0.09979248046875;-0.006072998046875;14.2799999639465;1429;1 A;
92.6361677661162;-0.09991455078125;-0.0060577392578125;14.2899999639212;1430;1 A;
92.6461677660909;-0.099822998046875;-0.00603332519531249;14.299999963896;1431;1 A;
92.6561677660657;-0.099884033203125;-0.00605163574218751;14.3099999638707;1432;1 A;
92.6661677660404;-0.09991455078125;-0.0061187744140625;14.3199999638455;1433;1 A;
92.6761677660152;-0.099884033203125;-0.00612487792968749;14.3299999638202;1434;1 A;
92.6861677659899;-0.099853515625;-0.0061065673828125;14.339999963795;1435;1 A;
92.6961677659647;-0.09991455078125;-0.00614013671874999;14.3499999637697;1436;1 A;
92.7061677659394;-0.099853515625;-0.006182861328125;14.3599999637445;1437;1 A;
92.7161677659142;-0.09991455078125;-0.0061981201171875;14.3699999637192;1438;1 A;
92.7261677658889;-0.099822998046875;-0.006146240234375;14.379999963694;1439;1 A;
92.7361677658637;-0.099884033203125;-0.006121826171875;14.3899999636687;1440;1 A;
92.7461677658384;-0.099945068359375;-0.0061187744140625;14.3999999636435;1441;1 A;
92.7561677658132;-0.09991455078125;-0.006085205078125;14.4099999636182;1442;1 A;
92.7661677657879;-0.09991455078125;-0.0060546875;14.419999963593;1443;1 A;
92.7761677657627;-0.099884033203125;-0.00604858398437499;14.4299999635678;1444;1 A;
92.7861677657374;-0.099884033203125;-0.00609436035156249;14.4399999635425;1445;1 A;
92.7961677657122;-0.099853515625;-0.006103515625;14.4499999635173;1446;1 A;
92.806167765687;-0.099884033203125;-0.0060699462890625;14.459999963492;1447;1 A;
92.8161677656617;-0.09991455078125;-0.0060760498046875;14.4699999634668;1448;1 A;
92.8261677656365;-0.099884033203125;-0.00608215332031251;14.4799999634415;1449;1 A;
92.8361677656112;-0.099822998046875;-0.0060760498046875;14.4899999634163;1450;1 A;
92.846167765586;-0.099853515625;-0.00603332519531249;14.499999963391;1451;1 A;
92.8561677655607;-0.099884033203125;-0.006011962890625;14.5099999633658;1452;1 A;
92.8661677655355;-0.099853515625;-0.0060394287109375;14.5199999633405;1453;1 A;
92.8761677655102;-0.099853515625;-0.00603637695312501;14.5299999633153;1454;1 A;
92.886167765485;-0.099822998046875;-0.00603332519531249;14.53999996329;1455;1 A;
92.8961677654597;-0.099853515625;-0.006060791015625;14.5499999632648;1456;1 A;
92.9061677654345;-0.099822998046875;-0.00609436035156249;14.5599999632395;1457;1 A;
92.9161677654092;-0.09991455078125;-0.0061065673828125;14.5699999632143;1458;1 A;
92.926167765384;-0.099822998046875;-0.0060760498046875;14.579999963189;1459;1 A;
92.9361677653587;-0.099884033203125;-0.00608215332031251;14.5899999631638;1460;1 A;
92.9461677653335;-0.099853515625;-0.00610961914062499;14.5999999631385;1461;1 A;
92.9561677653082;-0.09991455078125;-0.0061004638671875;14.6099999631133;1462;1 A;
92.966167765283;-0.099884033203125;-0.00609130859375;14.619999963088;1463;1 A;
92.9761677652577;-0.09991455078125;-0.00609741210937501;14.6299999630628;1464;1 A;
92.9861677652325;-0.099884033203125;-0.00614013671874999;14.6399999630376;1465;1 A;
92.9961677652072;-0.099884033203125;-0.006134033203125;14.6499999630123;1466;1 A;
93.006167765182;-0.099884033203125;-0.00609741210937501;14.6599999629871;1467;1 A;
93.0161677651568;-0.099822998046875;-0.00609741210937501;14.6699999629618;1468;1 A;
93.0261677651315;-0.099884033203125;-0.00610961914062499;14.6799999629366;1469;1 A;
93.0361677651063;-0.099853515625;-0.00611267089843751;14.6899999629113;1470;1 A;
93.046167765081;-0.09991455078125;-0.00609130859375;14.6999999628861;1471;1 A;
93.0561677650558;-0.099884033203125;-0.0060882568359375;14.7099999628608;1472;1 A;
93.0661677650305;-0.099884033203125;-0.0061309814453125;14.7199999628356;1473;1 A;
93.0761677650053;-0.09979248046875;-0.0061187744140625;14.7299999628103;1474;1 A;
93.08616776498;-0.09991455078125;-0.006103515625;14.7399999627851;1475;1 A;
93.0961677649548;-0.099884033203125;-0.0061065673828125;14.7499999627598;1476;1 A;
93.1061677649295;-0.09979248046875;-0.0061309814453125;14.7599999627346;1477;1 A;
93.1161677649043;-0.099884033203125;-0.0061309814453125;14.7699999627093;1478;1 A;
93.126167764879;-0.099822998046875;-0.00601806640624999;14.7799999626841;1479;1 A;
93.1361677648538;-0.099853515625;-0.006072998046875;14.7899999626588;1480;1 A;
93.1461677648285;-0.099822998046875;-0.006103515625;14.7999999626336;1481;1 A;
93.1561677648033;-0.099853515625;-0.006103515625;14.8099999626083;1482;1 A;
93.166167764778;-0.099822998046875;-0.0061065673828125;14.8199999625831;1483;1 A;
93.1761677647528;-0.099884033203125;-0.00609741210937501;14.8299999625578;1484;1 A;
93.1861677647275;-0.099853515625;-0.0061370849609375;14.8399999625326;1485;1 A;
93.1961677647023;-0.099884033203125;-0.006121826171875;14.8499999625074;1486;1 A;
93.206167764677;-0.099853515625;-0.00606384277343749;14.8599999624821;1487;1 A;
93.2161677646518;-0.099884033203125;-0.00606689453125001;14.8699999624569;1488;1 A;
93.2261677646266;-0.09991455078125;-0.006072998046875;14.8799999624316;1489;1 A;
93.2361677646013;-0.099884033203125;-0.006072998046875;14.8899999624064;1490;1 A;
93.2461677645761;-0.099945068359375;-0.00605163574218751;14.8999999623811;1491;1 A;
93.2561677645508;-0.099884033203125;-0.0060546875;14.9099999623559;1492;1 A;
93.2661677645256;-0.09991455078125;-0.00609741210937501;14.9199999623306;1493;1 A;
93.2761677645003;-0.099822998046875;-0.00606384277343749;14.9299999623054;1494;1 A;
93.2861677644751;-0.099884033203125;-0.0060302734375;14.9399999622801;1495;1 A;
93.2961677644498;-0.099822998046875;-0.0060394287109375;14.9499999622549;1496;1 A;
93.3061677644246;-0.099853515625;-0.006072998046875;14.9599999622296;1497;1 A;
93.3161677643993;-0.09979248046875;-0.00609130859375;14.9699999622044;1498;1 A;
93.3261677643741;-0.099884033203125;-0.0060699462890625;14.9799999621791;1499;1 A;
93.3361677643488;-0.099822998046875;-0.00611267089843751;14.9899999621539;1500;1 A;
