Time (s);WE(1).Potential (V);WE(1).Current (A);Corrected time (s);Index;Current range
16.0804249594008;0.3045654296875;-0.001251220703125;0;1;100 mA
16.0904249593756;0.300628662109375;-0.000634155273437501;0.00999999997475243;2;100 mA
16.1004249593503;0.300506591796875;-0.000472412109375001;0.0199999999495049;3;100 mA
16.1104249593251;0.300506591796875;-0.000391235351562499;0.0299999999242573;4;100 mA
16.1204249592998;0.300537109375;-0.000322570800781249;0.0399999998990097;5;100 mA
16.1304249592746;0.300506591796875;-0.000272521972656251;0.0499999998737621;6;100 mA
16.1404249592493;0.300537109375;-0.000244140625;0.0599999998485146;7;100 mA
16.1504249592241;0.300445556640625;-0.000215759277343749;0.069999999823267;8;100 mA
16.1604249591988;0.30047607421875;-0.00019805908203125;0.0799999997980194;9;100 mA
16.1704249591736;0.300537109375;-0.0001727294921875;0.0899999997727718;10;100 mA
16.1804249591484;0.30047607421875;-0.00015411376953125;0.0999999997475243;11;100 mA
16.1904249591231;0.300445556640625;-0.000142517089843749;0.109999999722277;12;100 mA
16.2004249590979;0.300506591796875;-0.000125732421874999;0.119999999697029;13;100 mA
16.2104249590726;0.300506591796875;-0.000124511718750001;0.129999999671782;14;100 mA
16.2204249590474;0.30047607421875;-0.0001068115234375;0.139999999646534;15;100 mA
16.2304249590221;0.30047607421875;-9.55200195312506E-05;0.149999999621286;16;100 mA
16.2404249589969;0.3004150390625;-9.09423828125006E-05;0.159999999596039;17;100 mA
16.2504249589716;0.30047607421875;-7.81249999999997E-05;0.169999999570791;18;100 mA
16.2604249589464;0.300506591796875;-8.36181640625003E-05;0.179999999545544;19;100 mA
16.2704249589211;0.300506591796875;-7.08007812499995E-05;0.189999999520296;20;100 mA
16.2804249588959;0.30047607421875;-6.65283203125006E-05;0.199999999495049;21;100 mA
16.2904249588706;0.300506591796875;-5.98144531249997E-05;0.209999999469801;22;100 mA
16.3004249588454;0.30047607421875;-5.37109374999997E-05;0.219999999444553;23;100 mA
16.3104249588201;0.300506591796875;-5.70678710937494E-05;0.229999999419306;24;100 mA
16.3204249587949;0.30059814453125;-4.39453125000003E-05;0.239999999394058;25;100 mA
16.3304249587696;0.300506591796875;-4.119873046875E-05;0.249999999368811;26;100 mA
16.3404249587444;0.300537109375;-4.21142578125006E-05;0.259999999343563;27;100 mA
16.3504249587191;0.30047607421875;-3.814697265625E-05;0.269999999318316;28;100 mA
16.3604249586939;0.300506591796875;-4.45556640624997E-05;0.279999999293068;29;100 mA
16.3704249586687;0.300537109375;-3.41796874999994E-05;0.28999999926782;30;100 mA
16.3804249586434;0.30059814453125;-3.17382812500003E-05;0.299999999242573;31;100 mA
16.3904249586182;0.30047607421875;-2.86865234375003E-05;0.309999999217325;32;100 mA
16.4004249585929;0.30047607421875;-2.288818359375E-05;0.319999999192078;33;100 mA
16.4104249585677;0.300506591796875;-2.47192382812497E-05;0.32999999916683;34;100 mA
16.4204249585424;0.300506591796875;-1.89208984374994E-05;0.339999999141583;35;100 mA
16.4304249585172;0.300445556640625;-1.15966796875006E-05;0.349999999116335;36;100 mA
16.4404249584919;0.300506591796875;-1.55639648437497E-05;0.359999999091087;37;100 mA
16.4504249584667;0.300445556640625;-7.32421875000028E-06;0.36999999906584;38;100 mA
16.4604249584414;0.300537109375;-1.52587890625E-05;0.379999999040592;39;100 mA
16.4704249584162;0.30047607421875;-6.40869140624972E-06;0.389999999015345;40;100 mA
16.4804249583909;0.300445556640625;-3.66210937499945E-06;0.399999998990097;41;100 mA
16.4904249583657;0.30047607421875;-3.96728515625055E-06;0.40999999896485;42;100 mA
16.5004249583404;0.300506591796875;-1.83105468749972E-06;0.419999998939602;43;100 mA
16.5104249583152;0.30047607421875;-3.96728515625055E-06;0.429999998914354;44;100 mA
16.5204249582899;0.300506591796875;9.15527343750555E-07;0.439999998889107;45;100 mA
16.5304249582647;0.30047607421875;3.96728515625055E-06;0.449999998863859;46;100 mA
16.5404249582394;0.300567626953125;-3.05175781249722E-07;0.459999998838612;47;100 mA
16.5504249582142;0.30047607421875;8.85009765625028E-06;0.469999998813364;48;100 mA
16.5604249581889;0.300445556640625;3.66210937499945E-06;0.479999998788116;49;100 mA
16.5704249581637;0.30047607421875;9.76562499999945E-06;0.489999998762869;50;100 mA
16.5804249581385;0.300506591796875;9.76562499999945E-06;0.499999998737621;51;100 mA
16.5904249581132;0.300506591796875;3.66210937499945E-06;0.509999998712374;52;100 mA
16.600424958088;0.30047607421875;1.31225585937506E-05;0.519999998687126;53;100 mA
16.6104249580627;0.300506591796875;7.62939453125E-06;0.529999998661879;54;100 mA
16.6204249580375;0.300537109375;1.12915039062494E-05;0.539999998636631;55;100 mA
16.6304249580122;0.300506591796875;1.373291015625E-05;0.549999998611383;56;100 mA
16.640424957987;0.300506591796875;1.00708007812506E-05;0.559999998586136;57;100 mA
16.6504249579617;0.300537109375;1.64794921875003E-05;0.569999998560888;58;100 mA
16.6604249579365;0.300537109375;1.220703125E-05;0.579999998535641;59;100 mA
16.6704249579112;0.300506591796875;1.55639648437497E-05;0.589999998510393;60;100 mA
16.680424957886;0.300537109375;1.80053710937503E-05;0.599999998485146;61;100 mA
16.6904249578607;0.30047607421875;1.61743164062506E-05;0.609999998459898;62;100 mA
16.7004249578355;0.30047607421875;1.983642578125E-05;0.61999999843465;63;100 mA
16.7104249578102;0.300506591796875;1.95312500000003E-05;0.629999998409403;64;100 mA
16.720424957785;0.300537109375;2.44140625E-05;0.639999998384155;65;100 mA
16.7304249577597;0.300445556640625;2.53295898437506E-05;0.649999998358908;66;100 mA
16.7404249577345;0.300506591796875;2.31933593749997E-05;0.65999999833366;67;100 mA
16.7504249577092;0.300445556640625;2.899169921875E-05;0.669999998308413;68;100 mA
16.760424957684;0.30047607421875;2.13623046875E-05;0.679999998283165;69;100 mA
16.7704249576587;0.30047607421875;2.41088867187503E-05;0.689999998257917;70;100 mA
16.7804249576335;0.300537109375;2.68554687500006E-05;0.69999999823267;71;100 mA
16.7904249576083;0.300506591796875;2.38037109375006E-05;0.709999998207422;72;100 mA
16.800424957583;0.300506591796875;3.0517578125E-05;0.719999998182175;73;100 mA
16.8104249575578;0.30047607421875;2.68554687500006E-05;0.729999998156927;74;100 mA
16.8204249575325;0.300506591796875;2.53295898437506E-05;0.73999999813168;75;100 mA
16.8304249575073;0.300506591796875;3.02124023437503E-05;0.749999998106432;76;100 mA
16.840424957482;0.300445556640625;2.288818359375E-05;0.759999998081184;77;100 mA
16.8504249574568;0.300537109375;3.11279296874994E-05;0.769999998055937;78;100 mA
16.8604249574315;0.300567626953125;2.83813476562506E-05;0.779999998030689;79;100 mA
16.8704249574063;0.300537109375;3.32641601562503E-05;0.789999998005442;80;100 mA
16.880424957381;0.30047607421875;3.11279296874994E-05;0.799999997980194;81;100 mA
16.8904249573558;0.30047607421875;3.26538085937494E-05;0.809999997954947;82;100 mA
16.9004249573305;0.300537109375;3.63159179687503E-05;0.819999997929699;83;100 mA
16.9104249573053;0.30047607421875;3.08227539062497E-05;0.829999997904451;84;100 mA
16.92042495728;0.300506591796875;3.75366210937506E-05;0.839999997879204;85;100 mA
16.9304249572548;0.300506591796875;3.87573242187494E-05;0.849999997853956;86;100 mA
16.9404249572295;0.300537109375;3.38745117187497E-05;0.859999997828709;87;100 mA
16.9504249572043;0.300537109375;3.87573242187494E-05;0.869999997803461;88;100 mA
16.960424957179;0.300506591796875;3.509521484375E-05;0.879999997778214;89;100 mA
16.9704249571538;0.300506591796875;3.63159179687503E-05;0.889999997752966;90;100 mA
16.9804249571285;0.300537109375;3.90625000000006E-05;0.899999997727718;91;100 mA
16.9904249571033;0.300506591796875;3.814697265625E-05;0.909999997702471;92;100 mA
17.0004249570781;0.300445556640625;4.18090820312494E-05;0.919999997677223;93;100 mA
17.0104249570528;0.300506591796875;3.69262695312497E-05;0.929999997651976;94;100 mA
17.0204249570276;0.30047607421875;3.87573242187494E-05;0.939999997626728;95;100 mA
17.0304249570023;0.300506591796875;4.33349609374994E-05;0.949999997601481;96;100 mA
17.0404249569771;0.300445556640625;3.84521484374997E-05;0.959999997576233;97;100 mA
17.0504249569518;0.300506591796875;4.119873046875E-05;0.969999997550985;98;100 mA
17.0604249569266;0.30047607421875;3.78417968750003E-05;0.979999997525738;99;100 mA
17.0704249569013;0.30047607421875;4.08935546875003E-05;0.98999999750049;100;100 mA
17.0804249568761;0.300506591796875;4.2724609375E-05;0.999999997475243;101;100 mA
17.0904249568508;0.300537109375;3.75366210937506E-05;1.00999999745;102;100 mA
17.1004249568256;0.300567626953125;4.21142578125006E-05;1.01999999742475;103;100 mA
17.1104249568003;0.300537109375;3.814697265625E-05;1.0299999973995;104;100 mA
17.1204249567751;0.300537109375;4.119873046875E-05;1.03999999737425;105;100 mA
17.1304249567498;0.300537109375;4.63867187499994E-05;1.049999997349;106;100 mA
17.1404249567246;0.300537109375;4.119873046875E-05;1.05999999732376;107;100 mA
17.1504249566993;0.3004150390625;5.00488281250003E-05;1.06999999729851;108;100 mA
17.1604249566741;0.300445556640625;3.87573242187494E-05;1.07999999727326;109;100 mA
17.1704249566488;0.300445556640625;4.48608398437495E-05;1.08999999724801;110;100 mA
17.1804249566236;0.30047607421875;4.51660156250006E-05;1.09999999722277;111;100 mA
17.1904249565983;0.300537109375;4.119873046875E-05;1.10999999719752;112;100 mA
17.2004249565731;0.300537109375;4.60815429687497E-05;1.11999999717227;113;100 mA
17.2104249565479;0.30047607421875;4.21142578125006E-05;1.12999999714702;114;100 mA
17.2204249565226;0.300567626953125;4.66918945312506E-05;1.13999999712178;115;100 mA
17.2304249564974;0.300506591796875;4.57763671875E-05;1.14999999709653;116;100 mA
17.2404249564721;0.30047607421875;4.60815429687497E-05;1.15999999707128;117;100 mA
17.2504249564469;0.300506591796875;5.15747070312503E-05;1.16999999704603;118;100 mA
17.2604249564216;0.30047607421875;4.51660156250006E-05;1.17999999702079;119;100 mA
17.2704249563964;0.30047607421875;4.79125976562494E-05;1.18999999699554;120;100 mA
17.2804249563711;0.30047607421875;4.54711914062503E-05;1.19999999697029;121;100 mA
17.2904249563459;0.30047607421875;4.82177734375006E-05;1.20999999694504;122;100 mA
17.3004249563206;0.300506591796875;5.15747070312503E-05;1.2199999969198;123;100 mA
17.3104249562954;0.300537109375;4.2724609375E-05;1.22999999689455;124;100 mA
17.3204249562701;0.3004150390625;4.54711914062503E-05;1.2399999968693;125;100 mA
17.3304249562449;0.3004150390625;4.76074218749997E-05;1.24999999684405;126;100 mA
17.3404249562196;0.300537109375;4.54711914062503E-05;1.25999999681881;127;100 mA
17.3504249561944;0.300537109375;5.21850585937497E-05;1.26999999679356;128;100 mA
17.3604249561691;0.300445556640625;4.76074218749997E-05;1.27999999676831;129;100 mA
17.3704249561439;0.300506591796875;4.91333007812497E-05;1.28999999674306;130;100 mA
17.3804249561186;0.30047607421875;4.94384765624994E-05;1.29999999671782;131;100 mA
17.3904249560934;0.30047607421875;4.54711914062503E-05;1.30999999669257;132;100 mA
17.4004249560682;0.300506591796875;4.91333007812497E-05;1.31999999666732;133;100 mA
17.4104249560429;0.30047607421875;4.63867187499994E-05;1.32999999664207;134;100 mA
17.4204249560177;0.30047607421875;4.8828125E-05;1.33999999661683;135;100 mA
17.4304249559924;0.300537109375;4.97436523437506E-05;1.34999999659158;136;100 mA
17.4404249559672;0.300445556640625;4.69970703125003E-05;1.35999999656633;137;100 mA
17.4504249559419;0.300445556640625;5.52368164062497E-05;1.36999999654108;138;100 mA
17.4604249559167;0.300506591796875;4.76074218749997E-05;1.37999999651583;139;100 mA
17.4704249558914;0.300537109375;5.00488281250003E-05;1.38999999649059;140;100 mA
17.4804249558662;0.300567626953125;4.82177734375006E-05;1.39999999646534;141;100 mA
17.4904249558409;0.300567626953125;5.00488281250003E-05;1.40999999644009;142;100 mA
17.5004249558157;0.300506591796875;5.37109374999997E-05;1.41999999641484;143;100 mA
17.5104249557904;0.300506591796875;4.66918945312506E-05;1.4299999963896;144;100 mA
17.5204249557652;0.300537109375;4.76074218749997E-05;1.43999999636435;145;100 mA
17.5304249557399;0.300506591796875;4.91333007812497E-05;1.4499999963391;146;100 mA
17.5404249557147;0.300537109375;4.79125976562494E-05;1.45999999631385;147;100 mA
17.5504249556894;0.30047607421875;5.67626953124997E-05;1.46999999628861;148;100 mA
17.5604249556642;0.300506591796875;4.48608398437495E-05;1.47999999626336;149;100 mA
17.5704249556389;0.3004150390625;5.12695312500006E-05;1.48999999623811;150;100 mA
17.5804249556137;0.300506591796875;5.37109374999997E-05;1.49999999621286;151;100 mA
17.5904249555884;0.300567626953125;4.85229492187503E-05;1.50999999618762;152;100 mA
17.6004249555632;0.30047607421875;5.37109374999997E-05;1.51999999616237;153;100 mA
17.610424955538;0.30047607421875;4.76074218749997E-05;1.52999999613712;154;100 mA
17.6204249555127;0.300506591796875;5.15747070312503E-05;1.53999999611187;155;100 mA
17.6304249554875;0.300506591796875;5.61523437500003E-05;1.54999999608663;156;100 mA
17.6404249554622;0.30047607421875;5.31005859375003E-05;1.55999999606138;157;100 mA
17.650424955437;0.300506591796875;5.67626953124997E-05;1.56999999603613;158;100 mA
17.6604249554117;0.30059814453125;4.94384765624994E-05;1.57999999601088;159;100 mA
17.6704249553865;0.300567626953125;5.27954101562506E-05;1.58999999598564;160;100 mA
17.6804249553612;0.300445556640625;5.24902343749995E-05;1.59999999596039;161;100 mA
17.690424955336;0.30047607421875;5.55419921874994E-05;1.60999999593514;162;100 mA
17.7004249553107;0.300506591796875;6.13403320312497E-05;1.61999999590989;163;100 mA
17.7104249552855;0.300506591796875;5.06591796874997E-05;1.62999999588465;164;100 mA
17.7204249552602;0.300445556640625;5.27954101562506E-05;1.6399999958594;165;100 mA
17.730424955235;0.300537109375;5.4931640625E-05;1.64999999583415;166;100 mA
17.7404249552097;0.300567626953125;5.06591796874997E-05;1.6599999958089;167;100 mA
17.7504249551845;0.300506591796875;6.01196289062495E-05;1.66999999578366;168;100 mA
17.7604249551592;0.3004150390625;4.97436523437506E-05;1.67999999575841;169;100 mA
17.770424955134;0.30047607421875;5.55419921874994E-05;1.68999999573316;170;100 mA
17.7804249551087;0.300506591796875;5.55419921874994E-05;1.69999999570791;171;100 mA
17.7904249550835;0.300567626953125;5.37109374999997E-05;1.70999999568267;172;100 mA
17.8004249550582;0.300506591796875;6.13403320312497E-05;1.71999999565742;173;100 mA
17.810424955033;0.300537109375;5.27954101562506E-05;1.72999999563217;174;100 mA
17.8204249550078;0.300537109375;5.58471679687506E-05;1.73999999560692;175;100 mA
17.8304249549825;0.300567626953125;5.58471679687506E-05;1.74999999558167;176;100 mA
17.8404249549573;0.300506591796875;5.46264648437503E-05;1.75999999555643;177;100 mA
17.850424954932;0.30047607421875;5.950927734375E-05;1.76999999553118;178;100 mA
17.8604249549068;0.300445556640625;5.61523437500003E-05;1.77999999550593;179;100 mA
17.8704249548815;0.300567626953125;5.4931640625E-05;1.78999999548068;180;100 mA
17.8804249548563;0.300537109375;5.73730468750006E-05;1.79999999545544;181;100 mA
17.890424954831;0.30047607421875;5.70678710937494E-05;1.80999999543019;182;100 mA
17.9004249548058;0.30047607421875;6.103515625E-05;1.81999999540494;183;100 mA
17.9104249547805;0.300445556640625;5.645751953125E-05;1.82999999537969;184;100 mA
17.9204249547553;0.300506591796875;5.73730468750006E-05;1.83999999535445;185;100 mA
17.93042495473;0.300506591796875;5.70678710937494E-05;1.8499999953292;186;100 mA
17.9404249547048;0.300445556640625;5.61523437500003E-05;1.85999999530395;187;100 mA
17.9504249546795;0.300567626953125;5.92041015625003E-05;1.8699999952787;188;100 mA
17.9604249546543;0.300445556640625;5.70678710937494E-05;1.87999999525346;189;100 mA
17.970424954629;0.300445556640625;5.79833984375E-05;1.88999999522821;190;100 mA
17.9804249546038;0.300506591796875;6.19506835937506E-05;1.89999999520296;191;100 mA
17.9904249545785;0.300537109375;5.46264648437503E-05;1.90999999517771;192;100 mA
18.0004249545533;0.30047607421875;6.103515625E-05;1.91999999515247;193;100 mA
18.010424954528;0.300506591796875;5.85937499999994E-05;1.92999999512722;194;100 mA
18.0204249545028;0.300567626953125;5.43212890625006E-05;1.93999999510197;195;100 mA
18.0304249544776;0.30047607421875;5.98144531249997E-05;1.94999999507672;196;100 mA
18.0404249544523;0.300506591796875;5.70678710937494E-05;1.95999999505148;197;100 mA
18.0504249544271;0.300567626953125;6.04248046875006E-05;1.96999999502623;198;100 mA
18.0604249544018;0.30047607421875;5.46264648437503E-05;1.97999999500098;199;100 mA
18.0704249543766;0.300537109375;5.67626953124997E-05;1.98999999497573;200;100 mA
18.0804249543513;0.300537109375;6.19506835937506E-05;1.99999999495049;201;100 mA
18.0904249543261;0.300506591796875;5.79833984375E-05;2.00999999492524;202;100 mA
18.1004249543008;0.300506591796875;6.83593750000003E-05;2.01999999489999;203;100 mA
18.1104249542756;0.300567626953125;5.40161132812494E-05;2.02999999487474;204;100 mA
18.1204249542503;0.30047607421875;5.55419921874994E-05;2.0399999948495;205;100 mA
18.1304249542251;0.300537109375;5.85937499999994E-05;2.04999999482425;206;100 mA
18.1404249541998;0.30047607421875;5.73730468750006E-05;2.059999994799;207;100 mA
18.1504249541746;0.300537109375;6.34765625000006E-05;2.06999999477375;208;100 mA
18.1604249541493;0.300537109375;5.76782226562503E-05;2.0799999947485;209;100 mA
18.1704249541241;0.3004150390625;6.01196289062495E-05;2.08999999472326;210;100 mA
18.1804249540988;0.30059814453125;5.79833984375E-05;2.09999999469801;211;100 mA
18.1904249540736;0.300537109375;5.73730468750006E-05;2.10999999467276;212;100 mA
18.2004249540483;0.300537109375;6.256103515625E-05;2.11999999464751;213;100 mA
18.2104249540231;0.30047607421875;6.04248046875006E-05;2.12999999462227;214;100 mA
18.2204249539978;0.300537109375;5.88989257812506E-05;2.13999999459702;215;100 mA
18.2304249539726;0.300506591796875;5.98144531249997E-05;2.14999999457177;216;100 mA
18.2404249539474;0.300506591796875;6.07299804687503E-05;2.15999999454652;217;100 mA
18.2504249539221;0.300445556640625;6.50024414062506E-05;2.16999999452128;218;100 mA
18.2604249538969;0.300445556640625;5.67626953124997E-05;2.17999999449603;219;100 mA
18.2704249538716;0.30047607421875;6.103515625E-05;2.18999999447078;220;100 mA
18.2804249538464;0.300567626953125;6.19506835937506E-05;2.19999999444553;221;100 mA
18.2904249538211;0.300445556640625;5.85937499999994E-05;2.20999999442029;222;100 mA
18.3004249537959;0.300567626953125;5.950927734375E-05;2.21999999439504;223;100 mA
18.3104249537706;0.300506591796875;6.07299804687503E-05;2.22999999436979;224;100 mA
18.3204249537454;0.300445556640625;6.01196289062495E-05;2.23999999434454;225;100 mA
18.3304249537201;0.300445556640625;6.31713867187495E-05;2.2499999943193;226;100 mA
18.3404249536949;0.300537109375;5.67626953124997E-05;2.25999999429405;227;100 mA
18.3504249536696;0.300537109375;6.89697265624997E-05;2.2699999942688;228;100 mA
18.3604249536444;0.30047607421875;5.645751953125E-05;2.27999999424355;229;100 mA
18.3704249536191;0.30047607421875;5.88989257812506E-05;2.28999999421831;230;100 mA
18.3804249535939;0.30047607421875;6.16455078124994E-05;2.29999999419306;231;100 mA
18.3904249535686;0.30047607421875;6.07299804687503E-05;2.30999999416781;232;100 mA
18.4004249535434;0.30047607421875;6.50024414062506E-05;2.31999999414256;233;100 mA
18.4104249535181;0.30047607421875;5.950927734375E-05;2.32999999411732;234;100 mA
18.4204249534929;0.300506591796875;6.22558593750003E-05;2.33999999409207;235;100 mA
18.4304249534677;0.300537109375;6.103515625E-05;2.34999999406682;236;100 mA
18.4404249534424;0.300567626953125;5.85937499999994E-05;2.35999999404157;237;100 mA
18.4504249534172;0.30047607421875;6.561279296875E-05;2.36999999401633;238;100 mA
18.4604249533919;0.300506591796875;6.04248046875006E-05;2.37999999399108;239;100 mA
18.4704249533667;0.300506591796875;6.07299804687503E-05;2.38999999396583;240;100 mA
18.4804249533414;0.30047607421875;5.88989257812506E-05;2.39999999394058;241;100 mA
18.4904249533162;0.300506591796875;5.61523437500003E-05;2.40999999391533;242;100 mA
18.5004249532909;0.300537109375;6.46972656249994E-05;2.41999999389009;243;100 mA
18.5104249532657;0.300506591796875;6.19506835937506E-05;2.42999999386484;244;100 mA
18.5204249532404;0.300445556640625;6.37817382812503E-05;2.43999999383959;245;100 mA
18.5304249532152;0.300445556640625;5.98144531249997E-05;2.44999999381434;246;100 mA
18.5404249531899;0.300506591796875;6.01196289062495E-05;2.4599999937891;247;100 mA
18.5504249531647;0.300537109375;6.256103515625E-05;2.46999999376385;248;100 mA
18.5604249531394;0.300506591796875;6.19506835937506E-05;2.4799999937386;249;100 mA
18.5704249531142;0.300445556640625;6.31713867187495E-05;2.48999999371335;250;100 mA
18.5804249530889;0.30059814453125;5.92041015625003E-05;2.49999999368811;251;100 mA
18.5904249530637;0.300537109375;5.82885742187497E-05;2.50999999366286;252;100 mA
18.6004249530384;0.30047607421875;6.65283203125006E-05;2.51999999363761;253;100 mA
18.6104249530132;0.300537109375;5.73730468750006E-05;2.52999999361236;254;100 mA
18.6204249529879;0.30047607421875;6.50024414062506E-05;2.53999999358712;255;100 mA
18.6304249529627;0.300537109375;6.07299804687503E-05;2.54999999356187;256;100 mA
18.6404249529375;0.300537109375;5.73730468750006E-05;2.55999999353662;257;100 mA
18.6504249529122;0.30047607421875;6.53076171875003E-05;2.56999999351137;258;100 mA
18.660424952887;0.3004150390625;5.98144531249997E-05;2.57999999348613;259;100 mA
18.6704249528617;0.300537109375;6.561279296875E-05;2.58999999346088;260;100 mA
18.6804249528365;0.300567626953125;6.28662109374997E-05;2.59999999343563;261;100 mA
18.6904249528112;0.30047607421875;5.950927734375E-05;2.60999999341038;262;100 mA
18.700424952786;0.300628662109375;6.40869140625E-05;2.61999999338514;263;100 mA
18.7104249527607;0.30047607421875;6.07299804687503E-05;2.62999999335989;264;100 mA
18.7204249527355;0.300567626953125;6.53076171875003E-05;2.63999999333464;265;100 mA
18.7304249527102;0.300506591796875;6.62231445312494E-05;2.64999999330939;266;100 mA
18.740424952685;0.300506591796875;6.13403320312497E-05;2.65999999328415;267;100 mA
18.7504249526597;0.300537109375;6.68334960937503E-05;2.6699999932589;268;100 mA
18.7604249526345;0.300506591796875;6.256103515625E-05;2.67999999323365;269;100 mA
18.7704249526092;0.300537109375;6.46972656249994E-05;2.6899999932084;270;100 mA
18.780424952584;0.300445556640625;6.50024414062506E-05;2.69999999318316;271;100 mA
18.7904249525587;0.300506591796875;6.19506835937506E-05;2.70999999315791;272;100 mA
18.8004249525335;0.300537109375;6.59179687499997E-05;2.71999999313266;273;100 mA
18.8104249525082;0.30047607421875;6.256103515625E-05;2.72999999310741;274;100 mA
18.820424952483;0.300537109375;6.37817382812503E-05;2.73999999308217;275;100 mA
18.8304249524577;0.300537109375;6.31713867187495E-05;2.74999999305692;276;100 mA
18.8404249524325;0.30047607421875;5.950927734375E-05;2.75999999303167;277;100 mA
18.8504249524073;0.300506591796875;6.65283203125006E-05;2.76999999300642;278;100 mA
18.860424952382;0.300537109375;5.950927734375E-05;2.77999999298117;279;100 mA
18.8704249523568;0.30047607421875;6.01196289062495E-05;2.78999999295593;280;100 mA
18.8804249523315;0.300537109375;6.46972656249994E-05;2.79999999293068;281;100 mA
18.8904249523063;0.300506591796875;6.07299804687503E-05;2.80999999290543;282;100 mA
18.900424952281;0.3004150390625;6.62231445312494E-05;2.81999999288018;283;100 mA
18.9104249522558;0.300506591796875;6.01196289062495E-05;2.82999999285494;284;100 mA
18.9204249522305;0.300537109375;6.561279296875E-05;2.83999999282969;285;100 mA
18.9304249522053;0.30047607421875;6.92749023437494E-05;2.84999999280444;286;100 mA
18.94042495218;0.300506591796875;6.07299804687503E-05;2.85999999277919;287;100 mA
18.9504249521548;0.30047607421875;6.89697265624997E-05;2.86999999275395;288;100 mA
18.9604249521295;0.300445556640625;5.92041015625003E-05;2.8799999927287;289;100 mA
18.9704249521043;0.300567626953125;6.7138671875E-05;2.88999999270345;290;100 mA
18.980424952079;0.300506591796875;6.74438476562497E-05;2.8999999926782;291;100 mA
18.9904249520538;0.300567626953125;5.950927734375E-05;2.90999999265296;292;100 mA
19.0004249520285;0.300537109375;6.74438476562497E-05;2.91999999262771;293;100 mA
19.0104249520033;0.30047607421875;5.98144531249997E-05;2.92999999260246;294;100 mA
19.020424951978;0.300506591796875;6.7138671875E-05;2.93999999257721;295;100 mA
19.0304249519528;0.300506591796875;6.68334960937503E-05;2.94999999255197;296;100 mA
19.0404249519275;0.30047607421875;6.65283203125006E-05;2.95999999252672;297;100 mA
19.0504249519023;0.30047607421875;6.80541992187506E-05;2.96999999250147;298;100 mA
19.0604249518771;0.300445556640625;6.37817382812503E-05;2.97999999247622;299;100 mA
19.0704249518518;0.30047607421875;6.46972656249994E-05;2.98999999245098;300;100 mA
19.0804249518266;0.300506591796875;6.561279296875E-05;2.99999999242573;301;100 mA
19.0904249518013;0.30047607421875;6.43920898437497E-05;3.00999999240048;302;100 mA
19.1004249517761;0.300537109375;7.04956054687497E-05;3.01999999237523;303;100 mA
19.1104249517508;0.300537109375;6.31713867187495E-05;3.02999999234999;304;100 mA
19.1204249517256;0.300567626953125;6.50024414062506E-05;3.03999999232474;305;100 mA
19.1304249517003;0.300506591796875;6.59179687499997E-05;3.04999999229949;306;100 mA
19.1404249516751;0.300445556640625;6.28662109374997E-05;3.05999999227424;307;100 mA
19.1504249516498;0.300567626953125;6.92749023437494E-05;3.069999992249;308;100 mA
19.1604249516246;0.300567626953125;6.07299804687503E-05;3.07999999222375;309;100 mA
19.1704249515993;0.300506591796875;6.43920898437497E-05;3.0899999921985;310;100 mA
19.1804249515741;0.300506591796875;6.37817382812503E-05;3.09999999217325;311;100 mA
19.1904249515488;0.30047607421875;6.28662109374997E-05;3.109999992148;312;100 mA
19.2004249515236;0.300506591796875;6.40869140625E-05;3.11999999212276;313;100 mA
19.2104249514983;0.300506591796875;6.103515625E-05;3.12999999209751;314;100 mA
19.2204249514731;0.300506591796875;6.65283203125006E-05;3.13999999207226;315;100 mA
19.2304249514478;0.300537109375;6.46972656249994E-05;3.14999999204701;316;100 mA
19.2404249514226;0.300537109375;6.22558593750003E-05;3.15999999202177;317;100 mA
19.2504249513973;0.300567626953125;7.04956054687497E-05;3.16999999199652;318;100 mA
19.2604249513721;0.300506591796875;5.98144531249997E-05;3.17999999197127;319;100 mA
19.2704249513469;0.300537109375;5.98144531249997E-05;3.18999999194602;320;100 mA
19.2804249513216;0.300445556640625;6.68334960937503E-05;3.19999999192078;321;100 mA
19.2904249512964;0.300537109375;5.79833984375E-05;3.20999999189553;322;100 mA
19.3004249512711;0.300506591796875;6.74438476562497E-05;3.21999999187028;323;100 mA
19.3104249512459;0.30059814453125;6.07299804687503E-05;3.22999999184503;324;100 mA
19.3204249512206;0.300506591796875;6.74438476562497E-05;3.23999999181979;325;100 mA
19.3304249511954;0.30047607421875;6.866455078125E-05;3.24999999179454;326;100 mA
19.3404249511701;0.300506591796875;6.103515625E-05;3.25999999176929;327;100 mA
19.3504249511449;0.30047607421875;7.08007812499995E-05;3.26999999174404;328;100 mA
19.3604249511196;0.300537109375;6.37817382812503E-05;3.2799999917188;329;100 mA
19.3704249510944;0.300537109375;6.46972656249994E-05;3.28999999169355;330;100 mA
19.3804249510691;0.300506591796875;6.62231445312494E-05;3.2999999916683;331;100 mA
19.3904249510439;0.300567626953125;6.13403320312497E-05;3.30999999164305;332;100 mA
19.4004249510186;0.300567626953125;7.01904296875E-05;3.31999999161781;333;100 mA
19.4104249509934;0.30047607421875;6.37817382812503E-05;3.32999999159256;334;100 mA
19.4204249509681;0.300537109375;6.561279296875E-05;3.33999999156731;335;100 mA
19.4304249509429;0.300506591796875;6.46972656249994E-05;3.34999999154206;336;100 mA
19.4404249509176;0.300567626953125;6.22558593750003E-05;3.35999999151682;337;100 mA
19.4504249508924;0.300506591796875;7.23266601562494E-05;3.36999999149157;338;100 mA
19.4604249508672;0.300506591796875;6.13403320312497E-05;3.37999999146632;339;100 mA
19.4704249508419;0.30047607421875;6.62231445312494E-05;3.38999999144107;340;100 mA
19.4804249508167;0.300506591796875;6.7138671875E-05;3.39999999141583;341;100 mA
19.4904249507914;0.300537109375;6.19506835937506E-05;3.40999999139058;342;100 mA
19.5004249507662;0.300537109375;6.77490234374995E-05;3.41999999136533;343;100 mA
19.5104249507409;0.300506591796875;5.88989257812506E-05;3.42999999134008;344;100 mA
19.5204249507157;0.300628662109375;6.256103515625E-05;3.43999999131483;345;100 mA
19.5304249506904;0.300445556640625;6.561279296875E-05;3.44999999128959;346;100 mA
19.5404249506652;0.3004150390625;6.22558593750003E-05;3.45999999126434;347;100 mA
19.5504249506399;0.300537109375;7.26318359375006E-05;3.46999999123909;348;100 mA
19.5604249506147;0.300506591796875;6.31713867187495E-05;3.47999999121384;349;100 mA
19.5704249505894;0.300537109375;6.561279296875E-05;3.4899999911886;350;100 mA
19.5804249505642;0.300506591796875;6.83593750000003E-05;3.49999999116335;351;100 mA
19.5904249505389;0.300537109375;6.19506835937506E-05;3.5099999911381;352;100 mA
19.6004249505137;0.300567626953125;6.89697265624997E-05;3.51999999111285;353;100 mA
19.6104249504884;0.300537109375;6.43920898437497E-05;3.52999999108761;354;100 mA
19.6204249504632;0.300506591796875;6.53076171875003E-05;3.53999999106236;355;100 mA
19.6304249504379;0.30047607421875;7.08007812499995E-05;3.54999999103711;356;100 mA
19.6404249504127;0.300537109375;6.43920898437497E-05;3.55999999101186;357;100 mA
19.6504249503874;0.30047607421875;6.98852539062503E-05;3.56999999098662;358;100 mA
19.6604249503622;0.30047607421875;6.16455078124994E-05;3.57999999096137;359;100 mA
19.670424950337;0.300445556640625;6.74438476562497E-05;3.58999999093612;360;100 mA
19.6804249503117;0.30047607421875;7.04956054687497E-05;3.59999999091087;361;100 mA
19.6904249502865;0.300537109375;6.53076171875003E-05;3.60999999088563;362;100 mA
19.7004249502612;0.30047607421875;7.01904296875E-05;3.61999999086038;363;100 mA
19.710424950236;0.300537109375;6.50024414062506E-05;3.62999999083513;364;100 mA
19.7204249502107;0.300506591796875;6.89697265624997E-05;3.63999999080988;365;100 mA
19.7304249501855;0.300567626953125;6.59179687499997E-05;3.64999999078464;366;100 mA
19.7404249501602;0.300445556640625;6.40869140625E-05;3.65999999075939;367;100 mA
19.750424950135;0.300506591796875;6.98852539062503E-05;3.66999999073414;368;100 mA
19.7604249501097;0.300506591796875;6.43920898437497E-05;3.67999999070889;369;100 mA
19.7704249500845;0.300567626953125;6.43920898437497E-05;3.68999999068365;370;100 mA
19.7804249500592;0.300567626953125;6.77490234374995E-05;3.6999999906584;371;100 mA
19.790424950034;0.30047607421875;6.866455078125E-05;3.70999999063315;372;100 mA
19.8004249500087;0.300506591796875;6.92749023437494E-05;3.7199999906079;373;100 mA
19.8104249499835;0.300506591796875;6.89697265624997E-05;3.72999999058266;374;100 mA
19.8204249499582;0.300506591796875;6.98852539062503E-05;3.73999999055741;375;100 mA
19.830424949933;0.300445556640625;6.95800781250006E-05;3.74999999053216;376;100 mA
19.8404249499077;0.300537109375;6.59179687499997E-05;3.75999999050691;377;100 mA
19.8504249498825;0.300567626953125;7.32421875E-05;3.76999999048167;378;100 mA
19.8604249498572;0.30047607421875;6.7138671875E-05;3.77999999045642;379;100 mA
19.870424949832;0.300506591796875;6.77490234374995E-05;3.78999999043117;380;100 mA
19.8804249498068;0.300506591796875;6.92749023437494E-05;3.79999999040592;381;100 mA
19.8904249497815;0.300506591796875;6.83593750000003E-05;3.80999999038067;382;100 mA
19.9004249497563;0.300537109375;7.01904296875E-05;3.81999999035543;383;100 mA
19.910424949731;0.300567626953125;6.46972656249994E-05;3.82999999033018;384;100 mA
19.9204249497058;0.30047607421875;7.23266601562494E-05;3.83999999030493;385;100 mA
19.9304249496805;0.30047607421875;7.41577148437506E-05;3.84999999027968;386;100 mA
19.9404249496553;0.300537109375;6.37817382812503E-05;3.85999999025444;387;100 mA
19.95042494963;0.30047607421875;7.171630859375E-05;3.86999999022919;388;100 mA
19.9604249496048;0.300537109375;6.77490234374995E-05;3.87999999020394;389;100 mA
19.9704249495795;0.30059814453125;7.14111328125003E-05;3.88999999017869;390;100 mA
19.9804249495543;0.300506591796875;6.89697265624997E-05;3.89999999015345;391;100 mA
19.990424949529;0.30047607421875;6.7138671875E-05;3.9099999901282;392;100 mA
20.0004249495038;0.300537109375;6.98852539062503E-05;3.91999999010295;393;100 mA
20.0104249494785;0.300567626953125;6.43920898437497E-05;3.9299999900777;394;100 mA
20.0204249494533;0.300445556640625;7.04956054687497E-05;3.93999999005246;395;100 mA
20.030424949428;0.30047607421875;7.23266601562494E-05;3.94999999002721;396;100 mA
20.0404249494028;0.300567626953125;6.31713867187495E-05;3.95999999000196;397;100 mA
20.0504249493775;0.300445556640625;7.50732421874997E-05;3.96999998997671;398;100 mA
20.0604249493523;0.300537109375;6.92749023437494E-05;3.97999998995147;399;100 mA
20.070424949327;0.30047607421875;6.98852539062503E-05;3.98999998992622;400;100 mA
20.0804249493018;0.300506591796875;7.29370117187503E-05;3.99999998990097;401;100 mA
20.0904249492766;0.300506591796875;6.92749023437494E-05;4.00999998987572;402;100 mA
20.1004249492513;0.30047607421875;7.41577148437506E-05;4.01999998985048;403;100 mA
20.1104249492261;0.300506591796875;6.77490234374995E-05;4.02999998982523;404;100 mA
20.1204249492008;0.30059814453125;6.77490234374995E-05;4.03999998979998;405;100 mA
20.1304249491756;0.300445556640625;7.14111328125003E-05;4.04999998977473;406;100 mA
20.1404249491503;0.300567626953125;6.40869140625E-05;4.05999998974949;407;100 mA
20.1504249491251;0.300537109375;6.98852539062503E-05;4.06999998972424;408;100 mA
20.1604249490998;0.300537109375;6.7138671875E-05;4.07999998969899;409;100 mA
20.1704249490746;0.300506591796875;7.32421875E-05;4.08999998967374;410;100 mA
20.1804249490493;0.30047607421875;7.171630859375E-05;4.0999999896485;411;100 mA
20.1904249490241;0.3004150390625;7.01904296875E-05;4.10999998962325;412;100 mA
20.2004249489988;0.300445556640625;6.98852539062503E-05;4.119999989598;413;100 mA
20.2104249489736;0.300567626953125;6.92749023437494E-05;4.12999998957275;414;100 mA
20.2204249489483;0.30047607421875;6.98852539062503E-05;4.1399999895475;415;100 mA
20.2304249489231;0.300567626953125;7.171630859375E-05;4.14999998952226;416;100 mA
20.2404249488978;0.300506591796875;7.11059570312506E-05;4.15999998949701;417;100 mA
20.2504249488726;0.300506591796875;7.59887695312503E-05;4.16999998947176;418;100 mA
20.2604249488473;0.30047607421875;6.89697265624997E-05;4.17999998944651;419;100 mA
20.2704249488221;0.300537109375;6.95800781250006E-05;4.18999998942127;420;100 mA
20.2804249487968;0.300506591796875;7.29370117187503E-05;4.19999998939602;421;100 mA
20.2904249487716;0.300445556640625;6.92749023437494E-05;4.20999998937077;422;100 mA
20.3004249487464;0.300537109375;7.29370117187503E-05;4.21999998934552;423;100 mA
20.3104249487211;0.300537109375;7.01904296875E-05;4.22999998932028;424;100 mA
20.3204249486959;0.300537109375;7.41577148437506E-05;4.23999998929503;425;100 mA
20.3304249486706;0.300567626953125;7.26318359375006E-05;4.24999998926978;426;100 mA
20.3404249486454;0.300506591796875;6.866455078125E-05;4.25999998924453;427;100 mA
20.3504249486201;0.300506591796875;7.87353515625006E-05;4.26999998921929;428;100 mA
20.3604249485949;0.300537109375;6.89697265624997E-05;4.27999998919404;429;100 mA
20.3704249485696;0.300506591796875;7.04956054687497E-05;4.28999998916879;430;100 mA
20.3804249485444;0.300506591796875;7.11059570312506E-05;4.29999998914354;431;100 mA
20.3904249485191;0.300506591796875;7.01904296875E-05;4.3099999891183;432;100 mA
20.4004249484939;0.300537109375;6.866455078125E-05;4.31999998909305;433;100 mA
20.4104249484686;0.300567626953125;6.40869140625E-05;4.3299999890678;434;100 mA
20.4204249484434;0.30047607421875;6.95800781250006E-05;4.33999998904255;435;100 mA
20.4304249484181;0.300445556640625;7.01904296875E-05;4.34999998901731;436;100 mA
20.4404249483929;0.300537109375;6.37817382812503E-05;4.35999998899206;437;100 mA
20.4504249483676;0.300537109375;7.44628906250003E-05;4.36999998896681;438;100 mA
20.4604249483424;0.3004150390625;7.01904296875E-05;4.37999998894156;439;100 mA
20.4704249483171;0.30047607421875;6.83593750000003E-05;4.38999998891632;440;100 mA
20.4804249482919;0.30047607421875;7.11059570312506E-05;4.39999998889107;441;100 mA
20.4904249482667;0.300506591796875;6.89697265624997E-05;4.40999998886582;442;100 mA
20.5004249482414;0.300506591796875;7.171630859375E-05;4.41999998884057;443;100 mA
20.5104249482162;0.300567626953125;6.50024414062506E-05;4.42999998881533;444;100 mA
20.5204249481909;0.300537109375;7.23266601562494E-05;4.43999998879008;445;100 mA
20.5304249481657;0.30047607421875;7.476806640625E-05;4.44999998876483;446;100 mA
20.5404249481404;0.300537109375;6.74438476562497E-05;4.45999998873958;447;100 mA
20.5504249481152;0.30047607421875;7.62939453125E-05;4.46999998871433;448;100 mA
20.5604249480899;0.30047607421875;7.23266601562494E-05;4.47999998868909;449;100 mA
20.5704249480647;0.30047607421875;6.98852539062503E-05;4.48999998866384;450;100 mA
20.5804249480394;0.30047607421875;7.32421875E-05;4.49999998863859;451;100 mA
20.5904249480142;0.300537109375;6.95800781250006E-05;4.50999998861334;452;100 mA
20.6004249479889;0.300537109375;7.171630859375E-05;4.5199999885881;453;100 mA
20.6104249479637;0.300537109375;6.98852539062503E-05;4.52999998856285;454;100 mA
20.6204249479384;0.300537109375;6.83593750000003E-05;4.5399999885376;455;100 mA
20.6304249479132;0.300506591796875;7.171630859375E-05;4.54999998851235;456;100 mA
20.6404249478879;0.300567626953125;6.77490234374995E-05;4.55999998848711;457;100 mA
20.6504249478627;0.30059814453125;7.53784179687495E-05;4.56999998846186;458;100 mA
20.6604249478374;0.300506591796875;6.92749023437494E-05;4.57999998843661;459;100 mA
20.6704249478122;0.300506591796875;6.89697265624997E-05;4.58999998841136;460;100 mA
20.6804249477869;0.300537109375;6.83593750000003E-05;4.59999998838612;461;100 mA
20.6904249477617;0.300506591796875;6.77490234374995E-05;4.60999998836087;462;100 mA
20.7004249477365;0.300506591796875;7.26318359375006E-05;4.61999998833562;463;100 mA
20.7104249477112;0.300537109375;6.68334960937503E-05;4.62999998831037;464;100 mA
20.720424947686;0.300506591796875;6.80541992187506E-05;4.63999998828513;465;100 mA
20.7304249476607;0.300567626953125;7.171630859375E-05;4.64999998825988;466;100 mA
20.7404249476355;0.30047607421875;6.34765625000006E-05;4.65999998823463;467;100 mA
20.7504249476102;0.30047607421875;7.72094726562506E-05;4.66999998820938;468;100 mA
20.760424947585;0.30047607421875;7.14111328125003E-05;4.67999998818414;469;100 mA
20.7704249475597;0.300506591796875;6.95800781250006E-05;4.68999998815889;470;100 mA
20.7804249475345;0.300567626953125;7.35473632812497E-05;4.69999998813364;471;100 mA
20.7904249475092;0.300506591796875;6.7138671875E-05;4.70999998810839;472;100 mA
20.800424947484;0.300506591796875;7.44628906250003E-05;4.71999998808315;473;100 mA
20.8104249474587;0.300506591796875;7.04956054687497E-05;4.7299999880579;474;100 mA
20.8204249474335;0.300506591796875;7.32421875E-05;4.73999998803265;475;100 mA
20.8304249474082;0.300537109375;7.08007812499995E-05;4.7499999880074;476;100 mA
20.840424947383;0.300537109375;7.23266601562494E-05;4.75999998798216;477;100 mA
20.8504249473577;0.30047607421875;7.476806640625E-05;4.76999998795691;478;100 mA
20.8604249473325;0.300445556640625;7.11059570312506E-05;4.77999998793166;479;100 mA
20.8704249473072;0.300537109375;6.74438476562497E-05;4.78999998790641;480;100 mA
20.880424947282;0.300506591796875;6.83593750000003E-05;4.79999998788116;481;100 mA
20.8904249472567;0.30047607421875;7.26318359375006E-05;4.80999998785592;482;100 mA
20.9004249472315;0.30047607421875;7.38525390624995E-05;4.81999998783067;483;100 mA
20.9104249472063;0.300567626953125;7.14111328125003E-05;4.82999998780542;484;100 mA
20.920424947181;0.300506591796875;7.29370117187503E-05;4.83999998778017;485;100 mA
20.9304249471558;0.30059814453125;7.11059570312506E-05;4.84999998775493;486;100 mA
20.9404249471305;0.300506591796875;6.7138671875E-05;4.85999998772968;487;100 mA
20.9504249471053;0.300445556640625;7.75146484375003E-05;4.86999998770443;488;100 mA
20.96042494708;0.300537109375;7.14111328125003E-05;4.87999998767918;489;100 mA
20.9704249470548;0.300628662109375;6.83593750000003E-05;4.88999998765394;490;100 mA
20.9804249470295;0.300537109375;7.14111328125003E-05;4.89999998762869;491;100 mA
20.9904249470043;0.300537109375;6.866455078125E-05;4.90999998760344;492;100 mA
21.000424946979;0.300537109375;7.38525390624995E-05;4.91999998757819;493;100 mA
21.0104249469538;0.30047607421875;7.01904296875E-05;4.92999998755295;494;100 mA
21.0204249469285;0.30047607421875;6.98852539062503E-05;4.9399999875277;495;100 mA
21.0304249469033;0.30047607421875;7.44628906250003E-05;4.94999998750245;496;100 mA
21.040424946878;0.300506591796875;6.68334960937503E-05;4.9599999874772;497;100 mA
21.0504249468528;0.300537109375;7.62939453125E-05;4.96999998745196;498;100 mA
21.0604249468275;0.30047607421875;7.11059570312506E-05;4.97999998742671;499;100 mA
21.0704249468023;0.300506591796875;6.92749023437494E-05;4.98999998740146;500;100 mA
21.080424946777;0.300537109375;6.89697265624997E-05;4.99999998737621;501;100 mA
21.0904249467518;0.300506591796875;6.7138671875E-05;5.00999998735097;502;100 mA
21.1004249467265;0.30047607421875;7.20214843749997E-05;5.01999998732572;503;100 mA
21.1104249467013;0.30047607421875;7.14111328125003E-05;5.02999998730047;504;100 mA
21.1204249466761;0.300445556640625;6.866455078125E-05;5.03999998727522;505;100 mA
21.1304249466508;0.300445556640625;7.26318359375006E-05;5.04999998724998;506;100 mA
21.1404249466256;0.30047607421875;6.98852539062503E-05;5.05999998722473;507;100 mA
21.1504249466003;0.30047607421875;7.84301757812495E-05;5.06999998719948;508;100 mA
21.1604249465751;0.300537109375;6.80541992187506E-05;5.07999998717423;509;100 mA
21.1704249465498;0.30047607421875;7.04956054687497E-05;5.08999998714899;510;100 mA
21.1804249465246;0.300537109375;7.44628906250003E-05;5.09999998712374;511;100 mA
21.1904249464993;0.3004150390625;7.38525390624995E-05;5.10999998709849;512;100 mA
21.2004249464741;0.30047607421875;7.26318359375006E-05;5.11999998707324;513;100 mA
21.2104249464488;0.300537109375;7.23266601562494E-05;5.129999987048;514;100 mA
21.2204249464236;0.300506591796875;6.98852539062503E-05;5.13999998702275;515;100 mA
21.2304249463983;0.30047607421875;7.56835937500006E-05;5.1499999869975;516;100 mA
21.2404249463731;0.300506591796875;6.7138671875E-05;5.15999998697225;517;100 mA
21.2504249463478;0.300506591796875;7.32421875E-05;5.169999986947;518;100 mA
21.2604249463226;0.300537109375;7.14111328125003E-05;5.17999998692176;519;100 mA
21.2704249462973;0.30047607421875;6.62231445312494E-05;5.18999998689651;520;100 mA
21.2804249462721;0.30047607421875;7.11059570312506E-05;5.19999998687126;521;100 mA
21.2904249462468;0.300537109375;7.11059570312506E-05;5.20999998684601;522;100 mA
21.3004249462216;0.30047607421875;7.26318359375006E-05;5.21999998682077;523;100 mA
21.3104249461963;0.30047607421875;6.95800781250006E-05;5.22999998679552;524;100 mA
21.3204249461711;0.30047607421875;7.08007812499995E-05;5.23999998677027;525;100 mA
21.3304249461459;0.30059814453125;7.14111328125003E-05;5.24999998674502;526;100 mA
21.3404249461206;0.30047607421875;7.01904296875E-05;5.25999998671978;527;100 mA
21.3504249460954;0.300506591796875;7.59887695312503E-05;5.26999998669453;528;100 mA
21.3604249460701;0.30047607421875;7.04956054687497E-05;5.27999998666928;529;100 mA
21.3704249460449;0.300506591796875;6.83593750000003E-05;5.28999998664403;530;100 mA
21.3804249460196;0.300445556640625;7.01904296875E-05;5.29999998661879;531;100 mA
21.3904249459944;0.300537109375;6.561279296875E-05;5.30999998659354;532;100 mA
21.4004249459691;0.300445556640625;7.35473632812497E-05;5.31999998656829;533;100 mA
21.4104249459439;0.300506591796875;7.14111328125003E-05;5.32999998654304;534;100 mA
21.4204249459186;0.300506591796875;6.89697265624997E-05;5.3399999865178;535;100 mA
21.4304249458934;0.300506591796875;7.23266601562494E-05;5.34999998649255;536;100 mA
21.4404249458681;0.300567626953125;6.95800781250006E-05;5.3599999864673;537;100 mA
21.4504249458429;0.300567626953125;7.41577148437506E-05;5.36999998644205;538;100 mA
21.4604249458176;0.300537109375;7.04956054687497E-05;5.37999998641681;539;100 mA
21.4704249457924;0.300445556640625;7.171630859375E-05;5.38999998639156;540;100 mA
21.4804249457671;0.300537109375;7.11059570312506E-05;5.39999998636631;541;100 mA
21.4904249457419;0.30047607421875;7.01904296875E-05;5.40999998634106;542;100 mA
21.5004249457166;0.300506591796875;7.04956054687497E-05;5.41999998631582;543;100 mA
21.5104249456914;0.300445556640625;7.32421875E-05;5.42999998629057;544;100 mA
21.5204249456662;0.300506591796875;6.92749023437494E-05;5.43999998626532;545;100 mA
21.5304249456409;0.30047607421875;7.32421875E-05;5.44999998624007;546;100 mA
21.5404249456157;0.30047607421875;6.7138671875E-05;5.45999998621483;547;100 mA
21.5504249455904;0.300506591796875;7.62939453125E-05;5.46999998618958;548;100 mA
21.5604249455652;0.300506591796875;7.04956054687497E-05;5.47999998616433;549;100 mA
21.5704249455399;0.30047607421875;6.95800781250006E-05;5.48999998613908;550;100 mA
21.5804249455147;0.30047607421875;6.95800781250006E-05;5.49999998611383;551;100 mA
21.5904249454894;0.300506591796875;6.62231445312494E-05;5.50999998608859;552;100 mA
21.6004249454642;0.300537109375;6.89697265624997E-05;5.51999998606334;553;100 mA
21.6104249454389;0.300537109375;6.95800781250006E-05;5.52999998603809;554;100 mA
21.6204249454137;0.300567626953125;6.83593750000003E-05;5.53999998601284;555;100 mA
21.6304249453884;0.300506591796875;7.14111328125003E-05;5.5499999859876;556;100 mA
21.6404249453632;0.30047607421875;6.83593750000003E-05;5.55999998596235;557;100 mA
21.6504249453379;0.300537109375;7.11059570312506E-05;5.5699999859371;558;100 mA
21.6604249453127;0.300537109375;7.38525390624995E-05;5.57999998591185;559;100 mA
21.6704249452874;0.300567626953125;7.11059570312506E-05;5.58999998588661;560;100 mA
21.6804249452622;0.30047607421875;7.38525390624995E-05;5.59999998586136;561;100 mA
21.6904249452369;0.300567626953125;7.11059570312506E-05;5.60999998583611;562;100 mA
21.7004249452117;0.300537109375;6.98852539062503E-05;5.61999998581086;563;100 mA
21.7104249451864;0.300506591796875;6.92749023437494E-05;5.62999998578562;564;100 mA
21.7204249451612;0.3004150390625;7.04956054687497E-05;5.63999998576037;565;100 mA
21.730424945136;0.30047607421875;7.171630859375E-05;5.64999998573512;566;100 mA
21.7404249451107;0.300506591796875;6.95800781250006E-05;5.65999998570987;567;100 mA
21.7504249450855;0.30047607421875;7.476806640625E-05;5.66999998568463;568;100 mA
21.7604249450602;0.300445556640625;7.20214843749997E-05;5.67999998565938;569;100 mA
21.770424945035;0.300506591796875;7.14111328125003E-05;5.68999998563413;570;100 mA
21.7804249450097;0.300445556640625;7.44628906250003E-05;5.69999998560888;571;100 mA
21.7904249449845;0.300445556640625;7.11059570312506E-05;5.70999998558364;572;100 mA
21.8004249449592;0.300506591796875;7.14111328125003E-05;5.71999998555839;573;100 mA
21.810424944934;0.300537109375;7.11059570312506E-05;5.72999998553314;574;100 mA
21.8204249449087;0.300445556640625;6.83593750000003E-05;5.73999998550789;575;100 mA
21.8304249448835;0.300506591796875;7.44628906250003E-05;5.74999998548265;576;100 mA
21.8404249448582;0.30059814453125;6.65283203125006E-05;5.7599999854574;577;100 mA
21.850424944833;0.300506591796875;7.50732421874997E-05;5.76999998543215;578;100 mA
21.8604249448077;0.30047607421875;7.20214843749997E-05;5.7799999854069;579;100 mA
21.8704249447825;0.300506591796875;7.04956054687497E-05;5.78999998538166;580;100 mA
21.8804249447572;0.30047607421875;7.476806640625E-05;5.79999998535641;581;100 mA
21.890424944732;0.300506591796875;6.74438476562497E-05;5.80999998533116;582;100 mA
21.9004249447067;0.300567626953125;7.11059570312506E-05;5.81999998530591;583;100 mA
21.9104249446815;0.30047607421875;7.23266601562494E-05;5.82999998528066;584;100 mA
21.9204249446562;0.300537109375;7.38525390624995E-05;5.83999998525542;585;100 mA
21.930424944631;0.30059814453125;7.01904296875E-05;5.84999998523017;586;100 mA
21.9404249446058;0.30047607421875;6.74438476562497E-05;5.85999998520492;587;100 mA
21.9504249445805;0.30047607421875;7.476806640625E-05;5.86999998517967;588;100 mA
21.9604249445553;0.30047607421875;7.59887695312503E-05;5.87999998515443;589;100 mA
21.97042494453;0.30047607421875;7.26318359375006E-05;5.88999998512918;590;100 mA
21.9804249445048;0.300537109375;7.171630859375E-05;5.89999998510393;591;100 mA
21.9904249444795;0.300567626953125;6.83593750000003E-05;5.90999998507868;592;100 mA
22.0004249444543;0.300628662109375;6.80541992187506E-05;5.91999998505344;593;100 mA
22.010424944429;0.300506591796875;6.98852539062503E-05;5.92999998502819;594;100 mA
22.0204249444038;0.300537109375;7.41577148437506E-05;5.93999998500294;595;100 mA
22.0304249443785;0.30047607421875;7.75146484375003E-05;5.94999998497769;596;100 mA
22.0404249443533;0.300537109375;6.866455078125E-05;5.95999998495245;597;100 mA
22.050424944328;0.300506591796875;7.65991210937497E-05;5.9699999849272;598;100 mA
22.0604249443028;0.300537109375;7.08007812499995E-05;5.97999998490195;599;100 mA
22.0704249442775;0.30047607421875;7.26318359375006E-05;5.9899999848767;600;100 mA
22.0804249442523;0.300537109375;7.35473632812497E-05;5.99999998485146;601;100 mA
22.090424944227;0.300506591796875;6.80541992187506E-05;6.00999998482621;602;100 mA
22.1004249442018;0.300537109375;7.14111328125003E-05;6.01999998480096;603;100 mA
22.1104249441765;0.30047607421875;7.23266601562494E-05;6.02999998477571;604;100 mA
22.1204249441513;0.300537109375;7.11059570312506E-05;6.03999998475047;605;100 mA
22.130424944126;0.300506591796875;7.32421875E-05;6.04999998472522;606;100 mA
22.1404249441008;0.300537109375;7.04956054687497E-05;6.05999998469997;607;100 mA
22.1504249440756;0.300445556640625;7.35473632812497E-05;6.06999998467472;608;100 mA
22.1604249440503;0.300506591796875;7.171630859375E-05;6.07999998464948;609;100 mA
22.1704249440251;0.300506591796875;6.95800781250006E-05;6.08999998462423;610;100 mA
22.1804249439998;0.30047607421875;7.20214843749997E-05;6.09999998459898;611;100 mA
22.1904249439746;0.300506591796875;6.92749023437494E-05;6.10999998457373;612;100 mA
22.2004249439493;0.300567626953125;7.11059570312506E-05;6.11999998454849;613;100 mA
22.2104249439241;0.300506591796875;7.171630859375E-05;6.12999998452324;614;100 mA
22.2204249438988;0.300537109375;6.80541992187506E-05;6.13999998449799;615;100 mA
22.2304249438736;0.300506591796875;7.23266601562494E-05;6.14999998447274;616;100 mA
22.2404249438483;0.300537109375;7.171630859375E-05;6.1599999844475;617;100 mA
22.2504249438231;0.300537109375;7.72094726562506E-05;6.16999998442225;618;100 mA
22.2604249437978;0.300567626953125;7.38525390624995E-05;6.179999984397;619;100 mA
22.2704249437726;0.300506591796875;7.29370117187503E-05;6.18999998437175;620;100 mA
22.2804249437473;0.30047607421875;7.23266601562494E-05;6.1999999843465;621;100 mA
22.2904249437221;0.30047607421875;7.04956054687497E-05;6.20999998432126;622;100 mA
22.3004249436968;0.300537109375;7.01904296875E-05;6.21999998429601;623;100 mA
22.3104249436716;0.300537109375;6.89697265624997E-05;6.22999998427076;624;100 mA
22.3204249436463;0.300506591796875;6.83593750000003E-05;6.23999998424551;625;100 mA
22.3304249436211;0.300567626953125;6.98852539062503E-05;6.24999998422027;626;100 mA
22.3404249435958;0.30047607421875;6.83593750000003E-05;6.25999998419502;627;100 mA
22.3504249435706;0.300537109375;7.476806640625E-05;6.26999998416977;628;100 mA
22.3604249435454;0.300506591796875;6.98852539062503E-05;6.27999998414452;629;100 mA
22.3704249435201;0.30047607421875;7.171630859375E-05;6.28999998411928;630;100 mA
22.3804249434949;0.300537109375;7.04956054687497E-05;6.29999998409403;631;100 mA
22.3904249434696;0.300506591796875;6.561279296875E-05;6.30999998406878;632;100 mA
22.4004249434444;0.300445556640625;7.59887695312503E-05;6.31999998404353;633;100 mA
22.4104249434191;0.300506591796875;7.26318359375006E-05;6.32999998401829;634;100 mA
22.4204249433939;0.300445556640625;7.20214843749997E-05;6.33999998399304;635;100 mA
22.4304249433686;0.3004150390625;7.44628906250003E-05;6.34999998396779;636;100 mA
22.4404249433434;0.30047607421875;6.866455078125E-05;6.35999998394254;637;100 mA
22.4504249433181;0.30047607421875;7.44628906250003E-05;6.3699999839173;638;100 mA
22.4604249432929;0.300506591796875;7.01904296875E-05;6.37999998389205;639;100 mA
22.4704249432676;0.30047607421875;7.32421875E-05;6.3899999838668;640;100 mA
22.4804249432424;0.300445556640625;7.781982421875E-05;6.39999998384155;641;100 mA
22.4904249432171;0.300506591796875;7.14111328125003E-05;6.40999998381631;642;100 mA
22.5004249431919;0.300537109375;7.35473632812497E-05;6.41999998379106;643;100 mA
22.5104249431666;0.300506591796875;7.29370117187503E-05;6.42999998376581;644;100 mA
22.5204249431414;0.300506591796875;7.23266601562494E-05;6.43999998374056;645;100 mA
22.5304249431161;0.300567626953125;7.50732421874997E-05;6.44999998371532;646;100 mA
22.5404249430909;0.300506591796875;6.43920898437497E-05;6.45999998369007;647;100 mA
22.5504249430657;0.300445556640625;7.59887695312503E-05;6.46999998366482;648;100 mA
22.5604249430404;0.30047607421875;6.866455078125E-05;6.47999998363957;649;100 mA
22.5704249430152;0.300537109375;7.32421875E-05;6.48999998361433;650;100 mA
22.5804249429899;0.300537109375;7.41577148437506E-05;6.49999998358908;651;100 mA
22.5904249429647;0.30047607421875;6.89697265624997E-05;6.50999998356383;652;100 mA
22.6004249429394;0.300506591796875;7.23266601562494E-05;6.51999998353858;653;100 mA
22.6104249429142;0.300537109375;6.866455078125E-05;6.52999998351333;654;100 mA
22.6204249428889;0.300537109375;7.171630859375E-05;6.53999998348809;655;100 mA
22.6304249428637;0.300506591796875;7.171630859375E-05;6.54999998346284;656;100 mA
22.6404249428384;0.30047607421875;6.77490234374995E-05;6.55999998343759;657;100 mA
22.6504249428132;0.300506591796875;7.59887695312503E-05;6.56999998341234;658;100 mA
22.6604249427879;0.30047607421875;6.80541992187506E-05;6.5799999833871;659;100 mA
22.6704249427627;0.300506591796875;7.171630859375E-05;6.58999998336185;660;100 mA
22.6804249427374;0.30047607421875;7.50732421874997E-05;6.5999999833366;661;100 mA
22.6904249427122;0.300445556640625;6.92749023437494E-05;6.60999998331135;662;100 mA
22.7004249426869;0.300537109375;7.59887695312503E-05;6.61999998328611;663;100 mA
22.7104249426617;0.300537109375;7.11059570312506E-05;6.62999998326086;664;100 mA
22.7204249426364;0.30047607421875;7.41577148437506E-05;6.63999998323561;665;100 mA
22.7304249426112;0.300537109375;7.26318359375006E-05;6.64999998321036;666;100 mA
22.7404249425859;0.300537109375;6.561279296875E-05;6.65999998318512;667;100 mA
22.7504249425607;0.300506591796875;7.41577148437506E-05;6.66999998315987;668;100 mA
22.7604249425355;0.300537109375;6.74438476562497E-05;6.67999998313462;669;100 mA
22.7704249425102;0.300445556640625;7.11059570312506E-05;6.68999998310937;670;100 mA
22.780424942485;0.300537109375;7.41577148437506E-05;6.69999998308413;671;100 mA
22.7904249424597;0.300506591796875;7.08007812499995E-05;6.70999998305888;672;100 mA
22.8004249424345;0.300537109375;7.53784179687495E-05;6.71999998303363;673;100 mA
22.8104249424092;0.300567626953125;6.77490234374995E-05;6.72999998300838;674;100 mA
22.820424942384;0.300537109375;7.23266601562494E-05;6.73999998298314;675;100 mA
22.8304249423587;0.30047607421875;7.53784179687495E-05;6.74999998295789;676;100 mA
22.8404249423335;0.30047607421875;7.08007812499995E-05;6.75999998293264;677;100 mA
22.8504249423082;0.30047607421875;7.32421875E-05;6.76999998290739;678;100 mA
22.860424942283;0.300567626953125;6.80541992187506E-05;6.77999998288215;679;100 mA
22.8704249422577;0.300445556640625;7.01904296875E-05;6.7899999828569;680;100 mA
22.8804249422325;0.300506591796875;7.476806640625E-05;6.79999998283165;681;100 mA
22.8904249422072;0.30059814453125;6.65283203125006E-05;6.8099999828064;682;100 mA
22.900424942182;0.30047607421875;7.781982421875E-05;6.81999998278116;683;100 mA
22.9104249421567;0.30047607421875;7.23266601562494E-05;6.82999998275591;684;100 mA
22.9204249421315;0.300567626953125;7.171630859375E-05;6.83999998273066;685;100 mA
22.9304249421062;0.300445556640625;7.56835937500006E-05;6.84999998270541;686;100 mA
22.940424942081;0.300537109375;6.68334960937503E-05;6.85999998268016;687;100 mA
22.9504249420557;0.300537109375;7.50732421874997E-05;6.86999998265492;688;100 mA
22.9604249420305;0.30047607421875;7.04956054687497E-05;6.87999998262967;689;100 mA
22.9704249420053;0.30059814453125;6.92749023437494E-05;6.88999998260442;690;100 mA
22.98042494198;0.300506591796875;7.44628906250003E-05;6.89999998257917;691;100 mA
22.9904249419548;0.300445556640625;6.866455078125E-05;6.90999998255393;692;100 mA
23.0004249419295;0.300567626953125;7.56835937500006E-05;6.91999998252868;693;100 mA
23.0104249419043;0.300567626953125;7.01904296875E-05;6.92999998250343;694;100 mA
23.020424941879;0.300506591796875;7.04956054687497E-05;6.93999998247818;695;100 mA
23.0304249418538;0.30047607421875;7.84301757812495E-05;6.94999998245294;696;100 mA
23.0404249418285;0.300506591796875;6.74438476562497E-05;6.95999998242769;697;100 mA
23.0504249418033;0.300506591796875;7.38525390624995E-05;6.96999998240244;698;100 mA
23.060424941778;0.300537109375;6.7138671875E-05;6.97999998237719;699;100 mA
23.0704249417528;0.300506591796875;7.11059570312506E-05;6.98999998235195;700;100 mA
23.0804249417275;0.300506591796875;7.38525390624995E-05;6.9999999823267;701;100 mA
23.0904249417023;0.300506591796875;6.7138671875E-05;7.00999998230145;702;100 mA
23.100424941677;0.300537109375;7.81249999999997E-05;7.0199999822762;703;100 mA
23.1104249416518;0.300567626953125;6.95800781250006E-05;7.02999998225096;704;100 mA
23.1204249416265;0.300506591796875;7.01904296875E-05;7.03999998222571;705;100 mA
23.1304249416013;0.300506591796875;7.56835937500006E-05;7.04999998220046;706;100 mA
23.140424941576;0.300445556640625;6.77490234374995E-05;7.05999998217521;707;100 mA
23.1504249415508;0.30047607421875;7.62939453125E-05;7.06999998214997;708;100 mA
23.1604249415255;0.30059814453125;6.83593750000003E-05;7.07999998212472;709;100 mA
23.1704249415003;0.300506591796875;7.26318359375006E-05;7.08999998209947;710;100 mA
23.1804249414751;0.300506591796875;7.69042968749994E-05;7.09999998207422;711;100 mA
23.1904249414498;0.300537109375;6.98852539062503E-05;7.10999998204898;712;100 mA
23.2004249414246;0.300445556640625;8.02612304687506E-05;7.11999998202373;713;100 mA
23.2104249413993;0.300506591796875;6.95800781250006E-05;7.12999998199848;714;100 mA
23.2204249413741;0.300537109375;7.20214843749997E-05;7.13999998197323;715;100 mA
23.2304249413488;0.300506591796875;7.59887695312503E-05;7.14999998194799;716;100 mA
23.2404249413236;0.30047607421875;7.14111328125003E-05;7.15999998192274;717;100 mA
23.2504249412983;0.300506591796875;7.87353515625006E-05;7.16999998189749;718;100 mA
23.2604249412731;0.300537109375;7.32421875E-05;7.17999998187224;719;100 mA
23.2704249412478;0.300537109375;7.20214843749997E-05;7.189999981847;720;100 mA
23.2804249412226;0.300537109375;7.53784179687495E-05;7.19999998182175;721;100 mA
23.2904249411973;0.300506591796875;7.26318359375006E-05;7.2099999817965;722;100 mA
23.3004249411721;0.300445556640625;7.99560546874994E-05;7.21999998177125;723;100 mA
23.3104249411468;0.300537109375;7.14111328125003E-05;7.229999981746;724;100 mA
23.3204249411216;0.300537109375;6.77490234374995E-05;7.23999998172076;725;100 mA
23.3304249410963;0.300506591796875;7.35473632812497E-05;7.24999998169551;726;100 mA
23.3404249410711;0.30059814453125;6.89697265624997E-05;7.25999998167026;727;100 mA
23.3504249410458;0.30047607421875;7.38525390624995E-05;7.26999998164501;728;100 mA
23.3604249410206;0.300537109375;7.08007812499995E-05;7.27999998161977;729;100 mA
23.3704249409953;0.300537109375;6.7138671875E-05;7.28999998159452;730;100 mA
23.3804249409701;0.30047607421875;7.20214843749997E-05;7.29999998156927;731;100 mA
23.3904249409449;0.300445556640625;6.62231445312494E-05;7.30999998154402;732;100 mA
23.4004249409196;0.300506591796875;8.20922851562503E-05;7.31999998151878;733;100 mA
23.4104249408944;0.300537109375;7.26318359375006E-05;7.32999998149353;734;100 mA
23.4204249408691;0.300537109375;7.23266601562494E-05;7.33999998146828;735;100 mA
23.4304249408439;0.300537109375;7.62939453125E-05;7.34999998144303;736;100 mA
23.4404249408186;0.300506591796875;6.866455078125E-05;7.35999998141779;737;100 mA
23.4504249407934;0.300537109375;7.99560546874994E-05;7.36999998139254;738;100 mA
23.4604249407681;0.300506591796875;7.171630859375E-05;7.37999998136729;739;100 mA
23.4704249407429;0.30047607421875;7.26318359375006E-05;7.38999998134204;740;100 mA
23.4804249407176;0.300506591796875;7.75146484375003E-05;7.3999999813168;741;100 mA
23.4904249406924;0.300567626953125;6.50024414062506E-05;7.40999998129155;742;100 mA
23.5004249406671;0.30047607421875;7.72094726562506E-05;7.4199999812663;743;100 mA
23.5104249406419;0.300445556640625;7.41577148437506E-05;7.42999998124105;744;100 mA
23.5204249406166;0.30047607421875;7.26318359375006E-05;7.43999998121581;745;100 mA
23.5304249405914;0.300506591796875;7.26318359375006E-05;7.44999998119056;746;100 mA
23.5404249405661;0.300506591796875;6.561279296875E-05;7.45999998116531;747;100 mA
23.5504249405409;0.300537109375;7.476806640625E-05;7.46999998114006;748;100 mA
23.5604249405156;0.300537109375;7.08007812499995E-05;7.47999998111482;749;100 mA
23.5704249404904;0.30047607421875;7.29370117187503E-05;7.48999998108957;750;100 mA
23.5804249404652;0.300567626953125;7.53784179687495E-05;7.49999998106432;751;100 mA
23.5904249404399;0.300506591796875;7.14111328125003E-05;7.50999998103907;752;100 mA
23.6004249404147;0.300506591796875;7.87353515625006E-05;7.51999998101383;753;100 mA
23.6104249403894;0.300628662109375;7.29370117187503E-05;7.52999998098858;754;100 mA
23.6204249403642;0.300506591796875;6.95800781250006E-05;7.53999998096333;755;100 mA
23.6304249403389;0.300506591796875;7.59887695312503E-05;7.54999998093808;756;100 mA
23.6404249403137;0.300537109375;7.11059570312506E-05;7.55999998091283;757;100 mA
23.6504249402884;0.30047607421875;7.96508789062497E-05;7.56999998088759;758;100 mA
23.6604249402632;0.300537109375;7.38525390624995E-05;7.57999998086234;759;100 mA
23.6704249402379;0.300506591796875;7.23266601562494E-05;7.58999998083709;760;100 mA
23.6804249402127;0.300537109375;7.59887695312503E-05;7.59999998081184;761;100 mA
23.6904249401874;0.300567626953125;6.74438476562497E-05;7.6099999807866;762;100 mA
23.7004249401622;0.300445556640625;8.05664062500003E-05;7.61999998076135;763;100 mA
23.7104249401369;0.30047607421875;7.38525390624995E-05;7.6299999807361;764;100 mA
23.7204249401117;0.300506591796875;7.38525390624995E-05;7.63999998071085;765;100 mA
23.7304249400864;0.300537109375;7.476806640625E-05;7.64999998068561;766;100 mA
23.7404249400612;0.30047607421875;6.98852539062503E-05;7.65999998066036;767;100 mA
23.7504249400359;0.300537109375;7.781982421875E-05;7.66999998063511;768;100 mA
23.7604249400107;0.30047607421875;7.14111328125003E-05;7.67999998060986;769;100 mA
23.7704249399854;0.300537109375;7.08007812499995E-05;7.68999998058462;770;100 mA
23.7804249399602;0.300445556640625;7.35473632812497E-05;7.69999998055937;771;100 mA
23.790424939935;0.300506591796875;6.74438476562497E-05;7.70999998053412;772;100 mA
23.8004249399097;0.30047607421875;7.29370117187503E-05;7.71999998050887;773;100 mA
23.8104249398845;0.300537109375;7.32421875E-05;7.72999998048363;774;100 mA
23.8204249398592;0.300567626953125;6.98852539062503E-05;7.73999998045838;775;100 mA
23.830424939834;0.300445556640625;7.53784179687495E-05;7.74999998043313;776;100 mA
23.8404249398087;0.300506591796875;6.83593750000003E-05;7.75999998040788;777;100 mA
23.8504249397835;0.300506591796875;7.50732421874997E-05;7.76999998038264;778;100 mA
23.8604249397582;0.30047607421875;7.38525390624995E-05;7.77999998035739;779;100 mA
23.870424939733;0.300506591796875;6.74438476562497E-05;7.78999998033214;780;100 mA
23.8804249397077;0.300537109375;7.53784179687495E-05;7.79999998030689;781;100 mA
23.8904249396825;0.300506591796875;6.68334960937503E-05;7.80999998028165;782;100 mA
23.9004249396572;0.300506591796875;7.56835937500006E-05;7.8199999802564;783;100 mA
23.910424939632;0.300537109375;7.29370117187503E-05;7.82999998023115;784;100 mA
23.9204249396067;0.300506591796875;7.476806640625E-05;7.8399999802059;785;100 mA
23.9304249395815;0.300537109375;7.781982421875E-05;7.84999998018066;786;100 mA
23.9404249395562;0.300567626953125;6.77490234374995E-05;7.85999998015541;787;100 mA
23.950424939531;0.300537109375;7.75146484375003E-05;7.86999998013016;788;100 mA
23.9604249395057;0.300506591796875;7.171630859375E-05;7.87999998010491;789;100 mA
23.9704249394805;0.300567626953125;7.11059570312506E-05;7.88999998007966;790;100 mA
23.9804249394552;0.300537109375;7.35473632812497E-05;7.89999998005442;791;100 mA
23.99042493943;0.30047607421875;6.7138671875E-05;7.90999998002917;792;100 mA
24.0004249394048;0.300537109375;7.23266601562494E-05;7.91999998000392;793;100 mA
24.0104249393795;0.300567626953125;6.83593750000003E-05;7.92999997997867;794;100 mA
24.0204249393543;0.300537109375;6.65283203125006E-05;7.93999997995343;795;100 mA
24.030424939329;0.30047607421875;7.65991210937497E-05;7.94999997992818;796;100 mA
24.0404249393038;0.30047607421875;6.83593750000003E-05;7.95999997990293;797;100 mA
24.0504249392785;0.300506591796875;7.69042968749994E-05;7.96999997987768;798;100 mA
24.0604249392533;0.300567626953125;7.29370117187503E-05;7.97999997985244;799;100 mA
24.070424939228;0.300506591796875;7.14111328125003E-05;7.98999997982719;800;100 mA
24.0804249392028;0.300506591796875;7.32421875E-05;7.99999997980194;801;100 mA
24.0904249391775;0.30047607421875;7.171630859375E-05;8.00999997977669;802;100 mA
24.1004249391523;0.300537109375;7.59887695312503E-05;8.01999997975145;803;100 mA
24.110424939127;0.300445556640625;7.38525390624995E-05;8.0299999797262;804;100 mA
24.1204249391018;0.30047607421875;6.89697265624997E-05;8.03999997970095;805;100 mA
24.1304249390765;0.30047607421875;7.65991210937497E-05;8.0499999796757;806;100 mA
24.1404249390513;0.300537109375;6.77490234374995E-05;8.05999997965046;807;100 mA
24.150424939026;0.30047607421875;7.35473632812497E-05;8.06999997962521;808;100 mA
24.1604249390008;0.300506591796875;7.72094726562506E-05;8.07999997959996;809;100 mA
24.1704249389755;0.300506591796875;7.11059570312506E-05;8.08999997957471;810;100 mA
24.1804249389503;0.300506591796875;7.53784179687495E-05;8.09999997954947;811;100 mA
24.190424938925;0.300537109375;7.01904296875E-05;8.10999997952422;812;100 mA
24.2004249388998;0.30047607421875;7.56835937500006E-05;8.11999997949897;813;100 mA
24.2104249388746;0.30047607421875;7.38525390624995E-05;8.12999997947372;814;100 mA
24.2204249388493;0.300537109375;6.62231445312494E-05;8.13999997944848;815;100 mA
24.2304249388241;0.300445556640625;7.476806640625E-05;8.14999997942323;816;100 mA
24.2404249387988;0.30047607421875;6.866455078125E-05;8.15999997939798;817;100 mA
24.2504249387736;0.30047607421875;7.476806640625E-05;8.16999997937273;818;100 mA
24.2604249387483;0.300506591796875;7.171630859375E-05;8.17999997934749;819;100 mA
24.2704249387231;0.300506591796875;7.14111328125003E-05;8.18999997932224;820;100 mA
24.2804249386978;0.30047607421875;7.171630859375E-05;8.19999997929699;821;100 mA
24.2904249386726;0.300537109375;7.20214843749997E-05;8.20999997927174;822;100 mA
24.3004249386473;0.300567626953125;7.32421875E-05;8.2199999792465;823;100 mA
24.3104249386221;0.300537109375;6.83593750000003E-05;8.22999997922125;824;100 mA
24.3204249385968;0.300506591796875;7.01904296875E-05;8.239999979196;825;100 mA
24.3304249385716;0.300567626953125;7.23266601562494E-05;8.24999997917075;826;100 mA
24.3404249385463;0.300506591796875;6.83593750000003E-05;8.2599999791455;827;100 mA
24.3504249385211;0.30047607421875;7.29370117187503E-05;8.26999997912026;828;100 mA
24.3604249384958;0.300506591796875;7.38525390624995E-05;8.27999997909501;829;100 mA
24.3704249384706;0.30047607421875;7.20214843749997E-05;8.28999997906976;830;100 mA
24.3804249384453;0.300537109375;7.50732421874997E-05;8.29999997904451;831;100 mA
24.3904249384201;0.300506591796875;7.08007812499995E-05;8.30999997901927;832;100 mA
24.4004249383948;0.300506591796875;7.44628906250003E-05;8.31999997899402;833;100 mA
24.4104249383696;0.300537109375;7.41577148437506E-05;8.32999997896877;834;100 mA
24.4204249383444;0.30047607421875;7.32421875E-05;8.33999997894352;835;100 mA
24.4304249383191;0.300506591796875;7.62939453125E-05;8.34999997891828;836;100 mA
24.4404249382939;0.300506591796875;6.62231445312494E-05;8.35999997889303;837;100 mA
24.4504249382686;0.300506591796875;7.44628906250003E-05;8.36999997886778;838;100 mA
24.4604249382434;0.30047607421875;7.14111328125003E-05;8.37999997884253;839;100 mA
24.4704249382181;0.300506591796875;6.77490234374995E-05;8.38999997881729;840;100 mA
24.4804249381929;0.300506591796875;7.14111328125003E-05;8.39999997879204;841;100 mA
24.4904249381676;0.300537109375;7.01904296875E-05;8.40999997876679;842;100 mA
24.5004249381424;0.300537109375;7.32421875E-05;8.41999997874154;843;100 mA
24.5104249381171;0.300537109375;7.38525390624995E-05;8.4299999787163;844;100 mA
24.5204249380919;0.300445556640625;7.171630859375E-05;8.43999997869105;845;100 mA
24.5304249380666;0.300537109375;7.35473632812497E-05;8.4499999786658;846;100 mA
24.5404249380414;0.300506591796875;6.46972656249994E-05;8.45999997864055;847;100 mA
24.5504249380161;0.300506591796875;7.29370117187503E-05;8.46999997861531;848;100 mA
24.5604249379909;0.300537109375;7.38525390624995E-05;8.47999997859006;849;100 mA
24.5704249379656;0.300537109375;6.89697265624997E-05;8.48999997856481;850;100 mA
24.5804249379404;0.300506591796875;7.59887695312503E-05;8.49999997853956;851;100 mA
24.5904249379151;0.300445556640625;7.04956054687497E-05;8.50999997851432;852;100 mA
24.6004249378899;0.300537109375;7.38525390624995E-05;8.51999997848907;853;100 mA
24.6104249378647;0.300506591796875;7.41577148437506E-05;8.52999997846382;854;100 mA
24.6204249378394;0.30047607421875;7.01904296875E-05;8.53999997843857;855;100 mA
24.6304249378142;0.300567626953125;7.56835937500006E-05;8.54999997841333;856;100 mA
24.6404249377889;0.300537109375;6.561279296875E-05;8.55999997838808;857;100 mA
24.6504249377637;0.30047607421875;7.23266601562494E-05;8.56999997836283;858;100 mA
24.6604249377384;0.300537109375;7.53784179687495E-05;8.57999997833758;859;100 mA
24.6704249377132;0.300537109375;6.89697265624997E-05;8.58999997831233;860;100 mA
24.6804249376879;0.30047607421875;7.50732421874997E-05;8.59999997828709;861;100 mA
24.6904249376627;0.300506591796875;6.83593750000003E-05;8.60999997826184;862;100 mA
24.7004249376374;0.300537109375;6.92749023437494E-05;8.61999997823659;863;100 mA
24.7104249376122;0.30047607421875;7.20214843749997E-05;8.62999997821134;864;100 mA
24.7204249375869;0.300506591796875;7.01904296875E-05;8.6399999781861;865;100 mA
24.7304249375617;0.30047607421875;7.38525390624995E-05;8.64999997816085;866;100 mA
24.7404249375364;0.30047607421875;6.561279296875E-05;8.6599999781356;867;100 mA
24.7504249375112;0.300445556640625;7.38525390624995E-05;8.66999997811035;868;100 mA
24.7604249374859;0.300506591796875;7.20214843749997E-05;8.67999997808511;869;100 mA
24.7704249374607;0.30047607421875;6.95800781250006E-05;8.68999997805986;870;100 mA
24.7804249374354;0.30059814453125;6.92749023437494E-05;8.69999997803461;871;100 mA
24.7904249374102;0.300445556640625;6.80541992187506E-05;8.70999997800936;872;100 mA
24.8004249373849;0.300537109375;7.01904296875E-05;8.71999997798412;873;100 mA
24.8104249373597;0.30047607421875;7.23266601562494E-05;8.72999997795887;874;100 mA
24.8204249373345;0.30047607421875;7.11059570312506E-05;8.73999997793362;875;100 mA
24.8304249373092;0.300445556640625;7.84301757812495E-05;8.74999997790837;876;100 mA
24.840424937284;0.300537109375;6.89697265624997E-05;8.75999997788313;877;100 mA
24.8504249372587;0.30047607421875;7.38525390624995E-05;8.76999997785788;878;100 mA
24.8604249372335;0.300537109375;7.14111328125003E-05;8.77999997783263;879;100 mA
24.8704249372082;0.300506591796875;6.80541992187506E-05;8.78999997780738;880;100 mA
24.880424937183;0.30047607421875;7.75146484375003E-05;8.79999997778214;881;100 mA
24.8904249371577;0.300506591796875;6.92749023437494E-05;8.80999997775689;882;100 mA
24.9004249371325;0.300567626953125;7.01904296875E-05;8.81999997773164;883;100 mA
24.9104249371072;0.300506591796875;7.14111328125003E-05;8.82999997770639;884;100 mA
24.920424937082;0.30047607421875;6.92749023437494E-05;8.83999997768115;885;100 mA
24.9304249370567;0.300506591796875;7.56835937500006E-05;8.8499999776559;886;100 mA
24.9404249370315;0.300506591796875;6.53076171875003E-05;8.85999997763065;887;100 mA
24.9504249370062;0.300506591796875;6.95800781250006E-05;8.8699999776054;888;100 mA
24.960424936981;0.30047607421875;7.08007812499995E-05;8.87999997758016;889;100 mA
24.9704249369557;0.300445556640625;6.95800781250006E-05;8.88999997755491;890;100 mA
24.9804249369305;0.300537109375;7.35473632812497E-05;8.89999997752966;891;100 mA
24.9904249369052;0.300506591796875;6.95800781250006E-05;8.90999997750441;892;100 mA
25.00042493688;0.300445556640625;7.32421875E-05;8.91999997747916;893;100 mA
25.0104249368547;0.30047607421875;7.11059570312506E-05;8.92999997745392;894;100 mA
25.0204249368295;0.30047607421875;7.23266601562494E-05;8.93999997742867;895;100 mA
25.0304249368043;0.30047607421875;7.476806640625E-05;8.94999997740342;896;100 mA
25.040424936779;0.300506591796875;6.65283203125006E-05;8.95999997737817;897;100 mA
25.0504249367538;0.300537109375;6.80541992187506E-05;8.96999997735293;898;100 mA
25.0604249367285;0.30047607421875;7.01904296875E-05;8.97999997732768;899;100 mA
25.0704249367033;0.30047607421875;7.01904296875E-05;8.98999997730243;900;100 mA
25.080424936678;0.300537109375;7.476806640625E-05;8.99999997727718;901;100 mA
25.0904249366528;0.30047607421875;7.171630859375E-05;9.00999997725194;902;100 mA
25.1004249366275;0.300537109375;7.171630859375E-05;9.01999997722669;903;100 mA
25.1104249366023;0.300537109375;7.26318359375006E-05;9.02999997720144;904;100 mA
25.120424936577;0.30047607421875;7.38525390624995E-05;9.03999997717619;905;100 mA
25.1304249365518;0.30047607421875;7.59887695312503E-05;9.04999997715095;906;100 mA
25.1404249365265;0.300537109375;7.01904296875E-05;9.0599999771257;907;100 mA
25.1504249365013;0.300506591796875;7.35473632812497E-05;9.06999997710045;908;100 mA
25.160424936476;0.300506591796875;7.62939453125E-05;9.0799999770752;909;100 mA
25.1704249364508;0.300506591796875;7.38525390624995E-05;9.08999997704996;910;100 mA
25.1804249364255;0.300506591796875;7.53784179687495E-05;9.09999997702471;911;100 mA
25.1904249364003;0.300506591796875;7.11059570312506E-05;9.10999997699946;912;100 mA
25.200424936375;0.300537109375;6.65283203125006E-05;9.11999997697421;913;100 mA
25.2104249363498;0.300506591796875;6.92749023437494E-05;9.12999997694897;914;100 mA
25.2204249363245;0.300506591796875;6.92749023437494E-05;9.13999997692372;915;100 mA
25.2304249362993;0.30047607421875;7.11059570312506E-05;9.14999997689847;916;100 mA
25.2404249362741;0.30047607421875;6.866455078125E-05;9.15999997687322;917;100 mA
25.2504249362488;0.300537109375;7.20214843749997E-05;9.16999997684798;918;100 mA
25.2604249362236;0.30059814453125;6.866455078125E-05;9.17999997682273;919;100 mA
25.2704249361983;0.300445556640625;6.80541992187506E-05;9.18999997679748;920;100 mA
25.2804249361731;0.300537109375;7.29370117187503E-05;9.19999997677223;921;100 mA
25.2904249361478;0.300506591796875;7.72094726562506E-05;9.20999997674699;922;100 mA
25.3004249361226;0.300506591796875;6.95800781250006E-05;9.21999997672174;923;100 mA
25.3104249360973;0.30047607421875;7.23266601562494E-05;9.22999997669649;924;100 mA
25.3204249360721;0.300506591796875;7.14111328125003E-05;9.23999997667124;925;100 mA
25.3304249360468;0.30047607421875;7.62939453125E-05;9.249999976646;926;100 mA
25.3404249360216;0.30047607421875;6.65283203125006E-05;9.25999997662075;927;100 mA
25.3504249359963;0.300537109375;7.171630859375E-05;9.2699999765955;928;100 mA
25.3604249359711;0.300537109375;7.01904296875E-05;9.27999997657025;929;100 mA
25.3704249359458;0.300506591796875;7.26318359375006E-05;9.289999976545;930;100 mA
25.3804249359206;0.300506591796875;7.56835937500006E-05;9.29999997651976;931;100 mA
25.3904249358953;0.30047607421875;7.20214843749997E-05;9.30999997649451;932;100 mA
25.4004249358701;0.300567626953125;7.476806640625E-05;9.31999997646926;933;100 mA
25.4104249358448;0.300537109375;7.08007812499995E-05;9.32999997644401;934;100 mA
25.4204249358196;0.300506591796875;7.11059570312506E-05;9.33999997641877;935;100 mA
25.4304249357943;0.300506591796875;7.44628906250003E-05;9.34999997639352;936;100 mA
25.4404249357691;0.300537109375;6.7138671875E-05;9.35999997636827;937;100 mA
25.4504249357439;0.300537109375;7.29370117187503E-05;9.36999997634302;938;100 mA
25.4604249357186;0.300506591796875;7.44628906250003E-05;9.37999997631778;939;100 mA
25.4704249356934;0.30047607421875;6.98852539062503E-05;9.38999997629253;940;100 mA
25.4804249356681;0.30047607421875;7.23266601562494E-05;9.39999997626728;941;100 mA
25.4904249356429;0.300537109375;7.14111328125003E-05;9.40999997624203;942;100 mA
25.5004249356176;0.300506591796875;7.171630859375E-05;9.41999997621679;943;100 mA
25.5104249355924;0.3004150390625;6.89697265624997E-05;9.42999997619154;944;100 mA
25.5204249355671;0.300445556640625;7.04956054687497E-05;9.43999997616629;945;100 mA
25.5304249355419;0.300567626953125;7.44628906250003E-05;9.44999997614104;946;100 mA
25.5404249355166;0.300537109375;6.83593750000003E-05;9.4599999761158;947;100 mA
25.5504249354914;0.300506591796875;7.41577148437506E-05;9.46999997609055;948;100 mA
25.5604249354661;0.300537109375;7.20214843749997E-05;9.4799999760653;949;100 mA
25.5704249354409;0.300537109375;7.171630859375E-05;9.48999997604005;950;100 mA
25.5804249354156;0.30047607421875;7.50732421874997E-05;9.49999997601481;951;100 mA
25.5904249353904;0.30047607421875;7.14111328125003E-05;9.50999997598956;952;100 mA
25.6004249353651;0.30047607421875;7.53784179687495E-05;9.51999997596431;953;100 mA
25.6104249353399;0.300506591796875;7.20214843749997E-05;9.52999997593906;954;100 mA
25.6204249353146;0.300537109375;7.01904296875E-05;9.53999997591382;955;100 mA
25.6304249352894;0.300445556640625;7.41577148437506E-05;9.54999997588857;956;100 mA
25.6404249352642;0.300537109375;7.01904296875E-05;9.55999997586332;957;100 mA
25.6504249352389;0.30059814453125;7.35473632812497E-05;9.56999997583807;958;100 mA
25.6604249352137;0.300567626953125;6.89697265624997E-05;9.57999997581283;959;100 mA
25.6704249351884;0.300445556640625;6.92749023437494E-05;9.58999997578758;960;100 mA
25.6804249351632;0.30047607421875;7.476806640625E-05;9.59999997576233;961;100 mA
25.6904249351379;0.300537109375;7.171630859375E-05;9.60999997573708;962;100 mA
25.7004249351127;0.300537109375;7.23266601562494E-05;9.61999997571183;963;100 mA
25.7104249350874;0.30047607421875;7.20214843749997E-05;9.62999997568659;964;100 mA
25.7204249350622;0.300506591796875;6.59179687499997E-05;9.63999997566134;965;100 mA
25.7304249350369;0.300506591796875;7.59887695312503E-05;9.64999997563609;966;100 mA
25.7404249350117;0.30047607421875;7.171630859375E-05;9.65999997561084;967;100 mA
25.7504249349864;0.300506591796875;7.35473632812497E-05;9.6699999755856;968;100 mA
25.7604249349612;0.300506591796875;7.35473632812497E-05;9.67999997556035;969;100 mA
25.7704249349359;0.300567626953125;7.04956054687497E-05;9.6899999755351;970;100 mA
25.7804249349107;0.300445556640625;7.56835937500006E-05;9.69999997550985;971;100 mA
25.7904249348854;0.300506591796875;7.11059570312506E-05;9.70999997548461;972;100 mA
25.8004249348602;0.300506591796875;7.59887695312503E-05;9.71999997545936;973;100 mA
25.8104249348349;0.30047607421875;7.11059570312506E-05;9.72999997543411;974;100 mA
25.8204249348097;0.300537109375;7.11059570312506E-05;9.73999997540886;975;100 mA
25.8304249347844;0.30047607421875;7.38525390624995E-05;9.74999997538362;976;100 mA
25.8404249347592;0.300506591796875;6.561279296875E-05;9.75999997535837;977;100 mA
25.850424934734;0.300537109375;7.41577148437506E-05;9.76999997533312;978;100 mA
25.8604249347087;0.300537109375;7.26318359375006E-05;9.77999997530787;979;100 mA
25.8704249346835;0.30047607421875;6.77490234374995E-05;9.78999997528263;980;100 mA
25.8804249346582;0.300506591796875;7.62939453125E-05;9.79999997525738;981;100 mA
25.890424934633;0.300506591796875;6.95800781250006E-05;9.80999997523213;982;100 mA
25.9004249346077;0.30047607421875;7.56835937500006E-05;9.81999997520688;983;100 mA
25.9104249345825;0.300506591796875;6.92749023437494E-05;9.82999997518164;984;100 mA
25.9204249345572;0.300537109375;6.89697265624997E-05;9.83999997515639;985;100 mA
25.930424934532;0.300506591796875;7.26318359375006E-05;9.84999997513114;986;100 mA
25.9404249345067;0.30047607421875;6.74438476562497E-05;9.85999997510589;987;100 mA
25.9504249344815;0.300537109375;7.38525390624995E-05;9.86999997508065;988;100 mA
25.9604249344562;0.300567626953125;7.14111328125003E-05;9.8799999750554;989;100 mA
25.970424934431;0.300537109375;6.74438476562497E-05;9.88999997503015;990;100 mA
25.9804249344057;0.300445556640625;7.56835937500006E-05;9.8999999750049;991;100 mA
25.9904249343805;0.300445556640625;7.11059570312506E-05;9.90999997497966;992;100 mA
26.0004249343552;0.300537109375;7.26318359375006E-05;9.91999997495441;993;100 mA
26.01042493433;0.300506591796875;7.29370117187503E-05;9.92999997492916;994;100 mA
26.0204249343047;0.30047607421875;7.53784179687495E-05;9.93999997490391;995;100 mA
26.0304249342795;0.30047607421875;7.59887695312503E-05;9.94999997487866;996;100 mA
26.0404249342542;0.300445556640625;6.62231445312494E-05;9.95999997485342;997;100 mA
26.050424934229;0.300537109375;7.50732421874997E-05;9.96999997482817;998;100 mA
26.0604249342038;0.300537109375;7.08007812499995E-05;9.97999997480292;999;100 mA
26.0704249341785;0.30047607421875;7.23266601562494E-05;9.98999997477767;1000;100 mA
26.0804249341533;0.300445556640625;7.781982421875E-05;9.99999997475243;1001;100 mA
26.090424934128;0.30059814453125;7.41577148437506E-05;10.0099999747272;1002;100 mA
26.1004249341028;0.30047607421875;7.44628906250003E-05;10.0199999747019;1003;100 mA
26.1104249340775;0.300537109375;7.11059570312506E-05;10.0299999746767;1004;100 mA
26.1204249340523;0.300537109375;6.77490234374995E-05;10.0399999746514;1005;100 mA
26.130424934027;0.300506591796875;7.32421875E-05;10.0499999746262;1006;100 mA
26.1404249340018;0.30047607421875;6.74438476562497E-05;10.0599999746009;1007;100 mA
26.1504249339765;0.300537109375;7.53784179687495E-05;10.0699999745757;1008;100 mA
26.1604249339513;0.30047607421875;7.38525390624995E-05;10.0799999745504;1009;100 mA
26.170424933926;0.300537109375;6.98852539062503E-05;10.0899999745252;1010;100 mA
26.1804249339008;0.30047607421875;7.50732421874997E-05;10.0999999745;1011;100 mA
26.1904249338755;0.300506591796875;6.77490234374995E-05;10.1099999744747;1012;100 mA
26.2004249338503;0.300567626953125;7.50732421874997E-05;10.1199999744495;1013;100 mA
26.210424933825;0.300445556640625;7.59887695312503E-05;10.1299999744242;1014;100 mA
26.2204249337998;0.300506591796875;6.80541992187506E-05;10.139999974399;1015;100 mA
26.2304249337745;0.3004150390625;7.72094726562506E-05;10.1499999743737;1016;100 mA
26.2404249337493;0.300506591796875;7.04956054687497E-05;10.1599999743485;1017;100 mA
26.250424933724;0.30047607421875;7.53784179687495E-05;10.1699999743232;1018;100 mA
26.2604249336988;0.300537109375;7.56835937500006E-05;10.179999974298;1019;100 mA
26.2704249336736;0.30047607421875;7.01904296875E-05;10.1899999742727;1020;100 mA
26.2804249336483;0.300506591796875;7.59887695312503E-05;10.1999999742475;1021;100 mA
26.2904249336231;0.300537109375;7.01904296875E-05;10.2099999742222;1022;100 mA
26.3004249335978;0.300537109375;7.75146484375003E-05;10.219999974197;1023;100 mA
26.3104249335726;0.30047607421875;7.20214843749997E-05;10.2299999741717;1024;100 mA
26.3204249335473;0.300567626953125;7.171630859375E-05;10.2399999741465;1025;100 mA
26.3304249335221;0.30059814453125;7.53784179687495E-05;10.2499999741212;1026;100 mA
26.3404249334968;0.300506591796875;7.01904296875E-05;10.259999974096;1027;100 mA
26.3504249334716;0.3004150390625;8.02612304687506E-05;10.2699999740707;1028;100 mA
26.3604249334463;0.300537109375;7.476806640625E-05;10.2799999740455;1029;100 mA
26.3704249334211;0.300506591796875;7.35473632812497E-05;10.2899999740202;1030;100 mA
26.3804249333958;0.300506591796875;7.50732421874997E-05;10.299999973995;1031;100 mA
26.3904249333706;0.300506591796875;6.68334960937503E-05;10.3099999739698;1032;100 mA
26.4004249333453;0.300567626953125;7.72094726562506E-05;10.3199999739445;1033;100 mA
26.4104249333201;0.300506591796875;7.62939453125E-05;10.3299999739193;1034;100 mA
26.4204249332948;0.30047607421875;7.14111328125003E-05;10.339999973894;1035;100 mA
26.4304249332696;0.300506591796875;7.32421875E-05;10.3499999738688;1036;100 mA
26.4404249332443;0.300445556640625;6.68334960937503E-05;10.3599999738435;1037;100 mA
26.4504249332191;0.30047607421875;8.087158203125E-05;10.3699999738183;1038;100 mA
26.4604249331938;0.300506591796875;7.32421875E-05;10.379999973793;1039;100 mA
26.4704249331686;0.30047607421875;6.866455078125E-05;10.3899999737678;1040;100 mA
26.4804249331434;0.300445556640625;7.72094726562506E-05;10.3999999737425;1041;100 mA
26.4904249331181;0.300567626953125;6.50024414062506E-05;10.4099999737173;1042;100 mA
26.5004249330929;0.3004150390625;7.72094726562506E-05;10.419999973692;1043;100 mA
26.5104249330676;0.300506591796875;7.38525390624995E-05;10.4299999736668;1044;100 mA
26.5204249330424;0.30059814453125;6.92749023437494E-05;10.4399999736415;1045;100 mA
26.5304249330171;0.300506591796875;7.59887695312503E-05;10.4499999736163;1046;100 mA
26.5404249329919;0.300506591796875;6.68334960937503E-05;10.459999973591;1047;100 mA
26.5504249329666;0.300506591796875;7.53784179687495E-05;10.4699999735658;1048;100 mA
26.5604249329414;0.300537109375;7.26318359375006E-05;10.4799999735405;1049;100 mA
26.5704249329161;0.300567626953125;7.04956054687497E-05;10.4899999735153;1050;100 mA
26.5804249328909;0.300537109375;7.69042968749994E-05;10.49999997349;1051;100 mA
26.5904249328656;0.300506591796875;6.866455078125E-05;10.5099999734648;1052;100 mA
26.6004249328404;0.300537109375;7.72094726562506E-05;10.5199999734396;1053;100 mA
26.6104249328151;0.30047607421875;7.35473632812497E-05;10.5299999734143;1054;100 mA
26.6204249327899;0.30047607421875;6.866455078125E-05;10.5399999733891;1055;100 mA
26.6304249327646;0.300537109375;7.53784179687495E-05;10.5499999733638;1056;100 mA
26.6404249327394;0.30047607421875;6.89697265624997E-05;10.5599999733386;1057;100 mA
26.6504249327141;0.30059814453125;7.01904296875E-05;10.5699999733133;1058;100 mA
26.6604249326889;0.300537109375;6.98852539062503E-05;10.5799999732881;1059;100 mA
26.6704249326636;0.300506591796875;6.98852539062503E-05;10.5899999732628;1060;100 mA
26.6804249326384;0.300537109375;7.44628906250003E-05;10.5999999732376;1061;100 mA
26.6904249326132;0.300567626953125;6.561279296875E-05;10.6099999732123;1062;100 mA
26.7004249325879;0.300445556640625;7.50732421874997E-05;10.6199999731871;1063;100 mA
26.7104249325627;0.300506591796875;7.26318359375006E-05;10.6299999731618;1064;100 mA
26.7204249325374;0.300537109375;7.01904296875E-05;10.6399999731366;1065;100 mA
26.7304249325122;0.300506591796875;7.69042968749994E-05;10.6499999731113;1066;100 mA
26.7404249324869;0.300506591796875;6.43920898437497E-05;10.6599999730861;1067;100 mA
26.7504249324617;0.30047607421875;7.50732421874997E-05;10.6699999730608;1068;100 mA
26.7604249324364;0.300537109375;7.59887695312503E-05;10.6799999730356;1069;100 mA
26.7704249324112;0.300537109375;7.08007812499995E-05;10.6899999730103;1070;100 mA
26.7804249323859;0.300537109375;7.56835937500006E-05;10.6999999729851;1071;100 mA
26.7904249323607;0.300537109375;6.46972656249994E-05;10.7099999729598;1072;100 mA
26.8004249323354;0.300506591796875;7.56835937500006E-05;10.7199999729346;1073;100 mA
26.8104249323102;0.300567626953125;7.32421875E-05;10.7299999729094;1074;100 mA
26.8204249322849;0.30047607421875;6.89697265624997E-05;10.7399999728841;1075;100 mA
26.8304249322597;0.300567626953125;7.53784179687495E-05;10.7499999728589;1076;100 mA
26.8404249322344;0.300537109375;7.11059570312506E-05;10.7599999728336;1077;100 mA
26.8504249322092;0.300567626953125;7.29370117187503E-05;10.7699999728084;1078;100 mA
26.8604249321839;0.30047607421875;7.14111328125003E-05;10.7799999727831;1079;100 mA
26.8704249321587;0.300506591796875;7.32421875E-05;10.7899999727579;1080;100 mA
26.8804249321335;0.300537109375;7.9345703125E-05;10.7999999727326;1081;100 mA
26.8904249321082;0.300506591796875;6.62231445312494E-05;10.8099999727074;1082;100 mA
26.900424932083;0.300567626953125;7.26318359375006E-05;10.8199999726821;1083;100 mA
26.9104249320577;0.30047607421875;7.20214843749997E-05;10.8299999726569;1084;100 mA
26.9204249320325;0.300506591796875;7.20214843749997E-05;10.8399999726316;1085;100 mA
26.9304249320072;0.300537109375;7.59887695312503E-05;10.8499999726064;1086;100 mA
26.940424931982;0.30047607421875;6.59179687499997E-05;10.8599999725811;1087;100 mA
26.9504249319567;0.300506591796875;7.53784179687495E-05;10.8699999725559;1088;100 mA
26.9604249319315;0.300567626953125;7.476806640625E-05;10.8799999725306;1089;100 mA
26.9704249319062;0.300537109375;6.98852539062503E-05;10.8899999725054;1090;100 mA
26.980424931881;0.300506591796875;7.50732421874997E-05;10.8999999724801;1091;100 mA
26.9904249318557;0.30059814453125;6.31713867187495E-05;10.9099999724549;1092;100 mA
27.0004249318305;0.30047607421875;7.171630859375E-05;10.9199999724297;1093;100 mA
27.0104249318052;0.300567626953125;7.44628906250003E-05;10.9299999724044;1094;100 mA
27.02042493178;0.300445556640625;7.29370117187503E-05;10.9399999723792;1095;100 mA
27.0304249317547;0.30047607421875;7.75146484375003E-05;10.9499999723539;1096;100 mA
27.0404249317295;0.300506591796875;6.866455078125E-05;10.9599999723287;1097;100 mA
27.0504249317042;0.300567626953125;7.56835937500006E-05;10.9699999723034;1098;100 mA
27.060424931679;0.300445556640625;7.44628906250003E-05;10.9799999722782;1099;100 mA
27.0704249316537;0.300506591796875;7.50732421874997E-05;10.9899999722529;1100;100 mA
27.0804249316285;0.30047607421875;7.65991210937497E-05;10.9999999722277;1101;100 mA
27.0904249316033;0.300567626953125;6.65283203125006E-05;11.0099999722024;1102;100 mA
27.100424931578;0.300506591796875;7.11059570312506E-05;11.0199999721772;1103;100 mA
27.1104249315528;0.300537109375;7.59887695312503E-05;11.0299999721519;1104;100 mA
27.1204249315275;0.300537109375;6.561279296875E-05;11.0399999721267;1105;100 mA
27.1304249315023;0.300537109375;7.38525390624995E-05;11.0499999721014;1106;100 mA
27.140424931477;0.300506591796875;6.28662109374997E-05;11.0599999720762;1107;100 mA
27.1504249314518;0.300506591796875;7.38525390624995E-05;11.0699999720509;1108;100 mA
27.1604249314265;0.30047607421875;7.56835937500006E-05;11.0799999720257;1109;100 mA
27.1704249314013;0.300506591796875;7.08007812499995E-05;11.0899999720004;1110;100 mA
27.180424931376;0.300445556640625;7.72094726562506E-05;11.0999999719752;1111;100 mA
27.1904249313508;0.300537109375;6.46972656249994E-05;11.1099999719499;1112;100 mA
27.2004249313255;0.300567626953125;7.14111328125003E-05;11.1199999719247;1113;100 mA
27.2104249313003;0.30047607421875;7.38525390624995E-05;11.1299999718995;1114;100 mA
27.220424931275;0.30047607421875;7.26318359375006E-05;11.1399999718742;1115;100 mA
27.2304249312498;0.300506591796875;7.9345703125E-05;11.149999971849;1116;100 mA
27.2404249312245;0.300567626953125;7.08007812499995E-05;11.1599999718237;1117;100 mA
27.2504249311993;0.300567626953125;7.01904296875E-05;11.1699999717985;1118;100 mA
27.260424931174;0.30059814453125;7.41577148437506E-05;11.1799999717732;1119;100 mA
27.2704249311488;0.30047607421875;7.29370117187503E-05;11.189999971748;1120;100 mA
27.2804249311235;0.300567626953125;7.65991210937497E-05;11.1999999717227;1121;100 mA
27.2904249310983;0.300537109375;6.89697265624997E-05;11.2099999716975;1122;100 mA
27.3004249310731;0.300506591796875;7.08007812499995E-05;11.2199999716722;1123;100 mA
27.3104249310478;0.300445556640625;7.59887695312503E-05;11.229999971647;1124;100 mA
27.3204249310226;0.300537109375;7.23266601562494E-05;11.2399999716217;1125;100 mA
27.3304249309973;0.300445556640625;7.84301757812495E-05;11.2499999715965;1126;100 mA
27.3404249309721;0.300506591796875;6.92749023437494E-05;11.2599999715712;1127;100 mA
27.3504249309468;0.300537109375;6.98852539062503E-05;11.269999971546;1128;100 mA
27.3604249309216;0.300506591796875;7.35473632812497E-05;11.2799999715207;1129;100 mA
27.3704249308963;0.300506591796875;6.866455078125E-05;11.2899999714955;1130;100 mA
27.3804249308711;0.300506591796875;7.476806640625E-05;11.2999999714702;1131;100 mA
27.3904249308458;0.30047607421875;7.08007812499995E-05;11.309999971445;1132;100 mA
27.4004249308206;0.300537109375;7.11059570312506E-05;11.3199999714197;1133;100 mA
27.4104249307953;0.300506591796875;7.59887695312503E-05;11.3299999713945;1134;100 mA
27.4204249307701;0.30047607421875;6.98852539062503E-05;11.3399999713693;1135;100 mA
27.4304249307448;0.300567626953125;7.26318359375006E-05;11.349999971344;1136;100 mA
27.4404249307196;0.300506591796875;6.83593750000003E-05;11.3599999713188;1137;100 mA
27.4504249306943;0.300445556640625;7.35473632812497E-05;11.3699999712935;1138;100 mA
27.4604249306691;0.30047607421875;7.476806640625E-05;11.3799999712683;1139;100 mA
27.4704249306438;0.300537109375;7.04956054687497E-05;11.389999971243;1140;100 mA
27.4804249306186;0.300506591796875;7.56835937500006E-05;11.3999999712178;1141;100 mA
27.4904249305933;0.300567626953125;6.74438476562497E-05;11.4099999711925;1142;100 mA
27.5004249305681;0.30047607421875;7.20214843749997E-05;11.4199999711673;1143;100 mA
27.5104249305429;0.300506591796875;7.32421875E-05;11.429999971142;1144;100 mA
27.5204249305176;0.300506591796875;7.41577148437506E-05;11.4399999711168;1145;100 mA
27.5304249304924;0.300506591796875;7.69042968749994E-05;11.4499999710915;1146;100 mA
27.5404249304671;0.30047607421875;7.29370117187503E-05;11.4599999710663;1147;100 mA
27.5504249304419;0.300537109375;7.14111328125003E-05;11.469999971041;1148;100 mA
27.5604249304166;0.300537109375;7.20214843749997E-05;11.4799999710158;1149;100 mA
27.5704249303914;0.30047607421875;7.08007812499995E-05;11.4899999709905;1150;100 mA
27.5804249303661;0.30047607421875;7.72094726562506E-05;11.4999999709653;1151;100 mA
27.5904249303409;0.300506591796875;7.32421875E-05;11.50999997094;1152;100 mA
27.6004249303156;0.300537109375;7.23266601562494E-05;11.5199999709148;1153;100 mA
27.6104249302904;0.300506591796875;7.87353515625006E-05;11.5299999708895;1154;100 mA
27.6204249302651;0.3004150390625;7.29370117187503E-05;11.5399999708643;1155;100 mA
27.6304249302399;0.300506591796875;7.72094726562506E-05;11.5499999708391;1156;100 mA
27.6404249302146;0.300506591796875;7.32421875E-05;11.5599999708138;1157;100 mA
27.6504249301894;0.300506591796875;7.14111328125003E-05;11.5699999707886;1158;100 mA
27.6604249301641;0.300506591796875;7.29370117187503E-05;11.5799999707633;1159;100 mA
27.6704249301389;0.300537109375;6.65283203125006E-05;11.5899999707381;1160;100 mA
27.6804249301136;0.300567626953125;7.72094726562506E-05;11.5999999707128;1161;100 mA
27.6904249300884;0.3004150390625;7.59887695312503E-05;11.6099999706876;1162;100 mA
27.7004249300631;0.300506591796875;7.26318359375006E-05;11.6199999706623;1163;100 mA
27.7104249300379;0.300506591796875;7.26318359375006E-05;11.6299999706371;1164;100 mA
27.7204249300127;0.300506591796875;7.20214843749997E-05;11.6399999706118;1165;100 mA
27.7304249299874;0.300567626953125;7.50732421874997E-05;11.6499999705866;1166;100 mA
27.7404249299622;0.300506591796875;6.65283203125006E-05;11.6599999705613;1167;100 mA
27.7504249299369;0.300506591796875;6.95800781250006E-05;11.6699999705361;1168;100 mA
27.7604249299117;0.300567626953125;7.44628906250003E-05;11.6799999705108;1169;100 mA
27.7704249298864;0.300445556640625;7.32421875E-05;11.6899999704856;1170;100 mA
27.7804249298612;0.300537109375;7.90405273437503E-05;11.6999999704603;1171;100 mA
27.7904249298359;0.300506591796875;7.75146484375003E-05;11.7099999704351;1172;100 mA
27.8004249298107;0.300567626953125;7.23266601562494E-05;11.7199999704098;1173;100 mA
27.8104249297854;0.300506591796875;7.476806640625E-05;11.7299999703846;1174;100 mA
27.8204249297602;0.30047607421875;6.92749023437494E-05;11.7399999703593;1175;100 mA
27.8304249297349;0.30047607421875;7.72094726562506E-05;11.7499999703341;1176;100 mA
27.8404249297097;0.300506591796875;6.62231445312494E-05;11.7599999703089;1177;100 mA
27.8504249296844;0.300445556640625;6.95800781250006E-05;11.7699999702836;1178;100 mA
27.8604249296592;0.300445556640625;6.98852539062503E-05;11.7799999702584;1179;100 mA
27.8704249296339;0.300537109375;6.89697265624997E-05;11.7899999702331;1180;100 mA
27.8804249296087;0.300567626953125;7.14111328125003E-05;11.7999999702079;1181;100 mA
27.8904249295834;0.300445556640625;7.35473632812497E-05;11.8099999701826;1182;100 mA
27.9004249295582;0.30047607421875;7.11059570312506E-05;11.8199999701574;1183;100 mA
27.910424929533;0.300537109375;7.65991210937497E-05;11.8299999701321;1184;100 mA
27.9204249295077;0.300537109375;7.11059570312506E-05;11.8399999701069;1185;100 mA
27.9304249294825;0.30047607421875;7.41577148437506E-05;11.8499999700816;1186;100 mA
27.9404249294572;0.300445556640625;6.561279296875E-05;11.8599999700564;1187;100 mA
27.950424929432;0.300537109375;6.866455078125E-05;11.8699999700311;1188;100 mA
27.9604249294067;0.300537109375;6.98852539062503E-05;11.8799999700059;1189;100 mA
27.9704249293815;0.30047607421875;6.68334960937503E-05;11.8899999699806;1190;100 mA
27.9804249293562;0.30047607421875;7.29370117187503E-05;11.8999999699554;1191;100 mA
27.990424929331;0.300384521484375;7.90405273437503E-05;11.9099999699301;1192;100 mA
28.0004249293057;0.300506591796875;6.65283203125006E-05;11.9199999699049;1193;100 mA
28.0104249292805;0.300506591796875;7.20214843749997E-05;11.9299999698796;1194;100 mA
28.0204249292552;0.30047607421875;7.04956054687497E-05;11.9399999698544;1195;100 mA
28.03042492923;0.300506591796875;7.69042968749994E-05;11.9499999698292;1196;100 mA
28.0404249292047;0.300506591796875;7.04956054687497E-05;11.9599999698039;1197;100 mA
28.0504249291795;0.300506591796875;6.80541992187506E-05;11.9699999697787;1198;100 mA
28.0604249291542;0.300506591796875;7.20214843749997E-05;11.9799999697534;1199;100 mA
28.070424929129;0.30047607421875;7.23266601562494E-05;11.9899999697282;1200;100 mA
28.0804249291037;0.300537109375;7.14111328125003E-05;11.9999999697029;1201;100 mA
28.0904249290785;0.300506591796875;7.38525390624995E-05;12.0099999696777;1202;100 mA
28.1004249290532;0.300537109375;6.98852539062503E-05;12.0199999696524;1203;100 mA
28.110424929028;0.300537109375;7.29370117187503E-05;12.0299999696272;1204;100 mA
28.1204249290028;0.30047607421875;6.68334960937503E-05;12.0399999696019;1205;100 mA
28.1304249289775;0.30047607421875;7.9345703125E-05;12.0499999695767;1206;100 mA
28.1404249289523;0.300506591796875;6.80541992187506E-05;12.0599999695514;1207;100 mA
28.150424928927;0.300537109375;7.04956054687497E-05;12.0699999695262;1208;100 mA
28.1604249289018;0.300506591796875;7.476806640625E-05;12.0799999695009;1209;100 mA
28.1704249288765;0.300537109375;6.77490234374995E-05;12.0899999694757;1210;100 mA
28.1804249288513;0.300537109375;7.50732421874997E-05;12.0999999694504;1211;100 mA
28.190424928826;0.300506591796875;7.53784179687495E-05;12.1099999694252;1212;100 mA
28.2004249288008;0.300537109375;7.41577148437506E-05;12.1199999693999;1213;100 mA
28.2104249287755;0.300567626953125;7.56835937500006E-05;12.1299999693747;1214;100 mA
28.2204249287503;0.300506591796875;7.08007812499995E-05;12.1399999693494;1215;100 mA
28.230424928725;0.300506591796875;7.65991210937497E-05;12.1499999693242;1216;100 mA
28.2404249286998;0.30047607421875;7.08007812499995E-05;12.159999969299;1217;100 mA
28.2504249286745;0.300537109375;7.08007812499995E-05;12.1699999692737;1218;100 mA
28.2604249286493;0.300506591796875;7.38525390624995E-05;12.1799999692485;1219;100 mA
28.270424928624;0.300506591796875;7.171630859375E-05;12.1899999692232;1220;100 mA
28.2804249285988;0.300506591796875;7.781982421875E-05;12.199999969198;1221;100 mA
28.2904249285735;0.30047607421875;7.75146484375003E-05;12.2099999691727;1222;100 mA
28.3004249285483;0.300506591796875;7.171630859375E-05;12.2199999691475;1223;100 mA
28.310424928523;0.300537109375;6.95800781250006E-05;12.2299999691222;1224;100 mA
28.3204249284978;0.300506591796875;6.95800781250006E-05;12.239999969097;1225;100 mA
28.3304249284726;0.300567626953125;7.59887695312503E-05;12.2499999690717;1226;100 mA
28.3404249284473;0.300506591796875;6.80541992187506E-05;12.2599999690465;1227;100 mA
28.3504249284221;0.300506591796875;7.23266601562494E-05;12.2699999690212;1228;100 mA
28.3604249283968;0.30047607421875;6.866455078125E-05;12.279999968996;1229;100 mA
28.3704249283716;0.30047607421875;6.65283203125006E-05;12.2899999689707;1230;100 mA
28.3804249283463;0.300506591796875;7.20214843749997E-05;12.2999999689455;1231;100 mA
28.3904249283211;0.300567626953125;7.38525390624995E-05;12.3099999689202;1232;100 mA
28.4004249282958;0.300506591796875;6.89697265624997E-05;12.319999968895;1233;100 mA
28.4104249282706;0.30047607421875;6.866455078125E-05;12.3299999688697;1234;100 mA
28.4204249282453;0.30047607421875;6.80541992187506E-05;12.3399999688445;1235;100 mA
28.4304249282201;0.300567626953125;7.62939453125E-05;12.3499999688192;1236;100 mA
28.4404249281948;0.300506591796875;6.7138671875E-05;12.359999968794;1237;100 mA
28.4504249281696;0.300537109375;7.11059570312506E-05;12.3699999687688;1238;100 mA
28.4604249281443;0.30047607421875;7.14111328125003E-05;12.3799999687435;1239;100 mA
28.4704249281191;0.30047607421875;6.68334960937503E-05;12.3899999687183;1240;100 mA
28.4804249280938;0.300537109375;7.65991210937497E-05;12.399999968693;1241;100 mA
28.4904249280686;0.30047607421875;6.92749023437494E-05;12.4099999686678;1242;100 mA
28.5004249280433;0.300445556640625;7.35473632812497E-05;12.4199999686425;1243;100 mA
28.5104249280181;0.300567626953125;7.01904296875E-05;12.4299999686173;1244;100 mA
28.5204249279928;0.30047607421875;7.14111328125003E-05;12.439999968592;1245;100 mA
28.5304249279676;0.300506591796875;7.20214843749997E-05;12.4499999685668;1246;100 mA
28.5404249279424;0.300537109375;6.866455078125E-05;12.4599999685415;1247;100 mA
28.5504249279171;0.300506591796875;7.32421875E-05;12.4699999685163;1248;100 mA
28.5604249278919;0.300445556640625;7.08007812499995E-05;12.479999968491;1249;100 mA
28.5704249278666;0.300506591796875;6.83593750000003E-05;12.4899999684658;1250;100 mA
28.5804249278414;0.300537109375;7.62939453125E-05;12.4999999684405;1251;100 mA
28.5904249278161;0.300537109375;7.14111328125003E-05;12.5099999684153;1252;100 mA
28.6004249277909;0.300506591796875;7.26318359375006E-05;12.51999996839;1253;100 mA
28.6104249277656;0.30047607421875;7.171630859375E-05;12.5299999683648;1254;100 mA
28.6204249277404;0.300445556640625;6.89697265624997E-05;12.5399999683395;1255;100 mA
28.6304249277151;0.300506591796875;7.32421875E-05;12.5499999683143;1256;100 mA
28.6404249276899;0.3004150390625;6.68334960937503E-05;12.559999968289;1257;100 mA
28.6504249276646;0.300445556640625;7.23266601562494E-05;12.5699999682638;1258;100 mA
28.6604249276394;0.300537109375;7.38525390624995E-05;12.5799999682386;1259;100 mA
28.6704249276141;0.300537109375;7.26318359375006E-05;12.5899999682133;1260;100 mA
28.6804249275889;0.30047607421875;7.90405273437503E-05;12.5999999681881;1261;100 mA
28.6904249275636;0.30047607421875;7.01904296875E-05;12.6099999681628;1262;100 mA
28.7004249275384;0.30047607421875;7.35473632812497E-05;12.6199999681376;1263;100 mA
28.7104249275131;0.30047607421875;7.38525390624995E-05;12.6299999681123;1264;100 mA
28.7204249274879;0.30047607421875;7.04956054687497E-05;12.6399999680871;1265;100 mA
28.7304249274626;0.300506591796875;7.44628906250003E-05;12.6499999680618;1266;100 mA
28.7404249274374;0.30047607421875;6.80541992187506E-05;12.6599999680366;1267;100 mA
28.7504249274122;0.300567626953125;7.08007812499995E-05;12.6699999680113;1268;100 mA
28.7604249273869;0.300537109375;7.23266601562494E-05;12.6799999679861;1269;100 mA
28.7704249273617;0.300506591796875;6.77490234374995E-05;12.6899999679608;1270;100 mA
28.7804249273364;0.30047607421875;7.29370117187503E-05;12.6999999679356;1271;100 mA
28.7904249273112;0.300506591796875;6.98852539062503E-05;12.7099999679103;1272;100 mA
28.8004249272859;0.300506591796875;6.92749023437494E-05;12.7199999678851;1273;100 mA
28.8104249272607;0.300506591796875;7.08007812499995E-05;12.7299999678598;1274;100 mA
28.8204249272354;0.300445556640625;6.74438476562497E-05;12.7399999678346;1275;100 mA
28.8304249272102;0.300537109375;7.44628906250003E-05;12.7499999678093;1276;100 mA
28.8404249271849;0.300506591796875;6.83593750000003E-05;12.7599999677841;1277;100 mA
28.8504249271597;0.300506591796875;6.77490234374995E-05;12.7699999677588;1278;100 mA
28.8604249271344;0.300567626953125;6.92749023437494E-05;12.7799999677336;1279;100 mA
28.8704249271092;0.300537109375;6.83593750000003E-05;12.7899999677084;1280;100 mA
28.8804249270839;0.30047607421875;7.75146484375003E-05;12.7999999676831;1281;100 mA
28.8904249270587;0.30047607421875;6.7138671875E-05;12.8099999676579;1282;100 mA
28.9004249270334;0.300506591796875;7.32421875E-05;12.8199999676326;1283;100 mA
28.9104249270082;0.300537109375;7.14111328125003E-05;12.8299999676074;1284;100 mA
28.9204249269829;0.300445556640625;7.14111328125003E-05;12.8399999675821;1285;100 mA
28.9304249269577;0.300506591796875;7.44628906250003E-05;12.8499999675569;1286;100 mA
28.9404249269325;0.300506591796875;6.77490234374995E-05;12.8599999675316;1287;100 mA
28.9504249269072;0.300506591796875;7.29370117187503E-05;12.8699999675064;1288;100 mA
28.960424926882;0.300506591796875;7.65991210937497E-05;12.8799999674811;1289;100 mA
28.9704249268567;0.30047607421875;7.171630859375E-05;12.8899999674559;1290;100 mA
28.9804249268315;0.300506591796875;7.96508789062497E-05;12.8999999674306;1291;100 mA
28.9904249268062;0.300506591796875;6.46972656249994E-05;12.9099999674054;1292;100 mA
29.000424926781;0.30047607421875;6.98852539062503E-05;12.9199999673801;1293;100 mA
29.0104249267557;0.300537109375;7.01904296875E-05;12.9299999673549;1294;100 mA
29.0204249267305;0.300506591796875;6.77490234374995E-05;12.9399999673296;1295;100 mA
29.0304249267052;0.300506591796875;7.56835937500006E-05;12.9499999673044;1296;100 mA
29.04042492668;0.300537109375;6.74438476562497E-05;12.9599999672791;1297;100 mA
29.0504249266547;0.30047607421875;7.59887695312503E-05;12.9699999672539;1298;100 mA
29.0604249266295;0.30047607421875;7.29370117187503E-05;12.9799999672287;1299;100 mA
29.0704249266042;0.30047607421875;6.68334960937503E-05;12.9899999672034;1300;100 mA
29.080424926579;0.300445556640625;7.41577148437506E-05;12.9999999671782;1301;100 mA
29.0904249265537;0.300445556640625;6.53076171875003E-05;13.0099999671529;1302;100 mA
29.1004249265285;0.300537109375;6.95800781250006E-05;13.0199999671277;1303;100 mA
29.1104249265032;0.300567626953125;7.01904296875E-05;13.0299999671024;1304;100 mA
29.120424926478;0.30047607421875;6.22558593750003E-05;13.0399999670772;1305;100 mA
29.1304249264527;0.300445556640625;7.38525390624995E-05;13.0499999670519;1306;100 mA
29.1404249264275;0.300567626953125;6.89697265624997E-05;13.0599999670267;1307;100 mA
29.1504249264023;0.300537109375;7.29370117187503E-05;13.0699999670014;1308;100 mA
29.160424926377;0.300506591796875;7.14111328125003E-05;13.0799999669762;1309;100 mA
29.1704249263518;0.300567626953125;6.74438476562497E-05;13.0899999669509;1310;100 mA
29.1804249263265;0.300445556640625;7.62939453125E-05;13.0999999669257;1311;100 mA
29.1904249263013;0.300537109375;6.65283203125006E-05;13.1099999669004;1312;100 mA
29.200424926276;0.30047607421875;7.26318359375006E-05;13.1199999668752;1313;100 mA
29.2104249262508;0.3004150390625;7.32421875E-05;13.1299999668499;1314;100 mA
29.2204249262255;0.300506591796875;6.98852539062503E-05;13.1399999668247;1315;100 mA
29.2304249262003;0.30047607421875;7.476806640625E-05;13.1499999667994;1316;100 mA
29.240424926175;0.300537109375;6.74438476562497E-05;13.1599999667742;1317;100 mA
29.2504249261498;0.300567626953125;7.20214843749997E-05;13.1699999667489;1318;100 mA
29.2604249261245;0.300506591796875;7.171630859375E-05;13.1799999667237;1319;100 mA
29.2704249260993;0.300506591796875;6.68334960937503E-05;13.1899999666985;1320;100 mA
29.280424926074;0.300506591796875;7.65991210937497E-05;13.1999999666732;1321;100 mA
29.2904249260488;0.300537109375;6.92749023437494E-05;13.209999966648;1322;100 mA
29.3004249260235;0.300537109375;7.04956054687497E-05;13.2199999666227;1323;100 mA
29.3104249259983;0.300445556640625;7.75146484375003E-05;13.2299999665975;1324;100 mA
29.320424925973;0.30047607421875;7.23266601562494E-05;13.2399999665722;1325;100 mA
29.3304249259478;0.30047607421875;7.38525390624995E-05;13.249999966547;1326;100 mA
29.3404249259225;0.300506591796875;6.98852539062503E-05;13.2599999665217;1327;100 mA
29.3504249258973;0.300537109375;6.77490234374995E-05;13.2699999664965;1328;100 mA
29.3604249258721;0.300537109375;7.29370117187503E-05;13.2799999664712;1329;100 mA
29.3704249258468;0.300537109375;6.80541992187506E-05;13.289999966446;1330;100 mA
29.3804249258216;0.300537109375;7.56835937500006E-05;13.2999999664207;1331;100 mA
29.3904249257963;0.30059814453125;6.83593750000003E-05;13.3099999663955;1332;100 mA
29.4004249257711;0.300445556640625;7.26318359375006E-05;13.3199999663702;1333;100 mA
29.4104249257458;0.30047607421875;7.41577148437506E-05;13.329999966345;1334;100 mA
29.4204249257206;0.300537109375;6.74438476562497E-05;13.3399999663197;1335;100 mA
29.4304249256953;0.300567626953125;7.75146484375003E-05;13.3499999662945;1336;100 mA
29.4404249256701;0.30047607421875;6.65283203125006E-05;13.3599999662692;1337;100 mA
29.4504249256448;0.300506591796875;6.89697265624997E-05;13.369999966244;1338;100 mA
29.4604249256196;0.300537109375;7.50732421874997E-05;13.3799999662187;1339;100 mA
29.4704249255943;0.300537109375;6.95800781250006E-05;13.3899999661935;1340;100 mA
29.4804249255691;0.300506591796875;7.53784179687495E-05;13.3999999661683;1341;100 mA
29.4904249255438;0.30047607421875;6.95800781250006E-05;13.409999966143;1342;100 mA
29.5004249255186;0.300506591796875;6.866455078125E-05;13.4199999661178;1343;100 mA
29.5104249254933;0.300537109375;7.476806640625E-05;13.4299999660925;1344;100 mA
29.5204249254681;0.300537109375;6.89697265624997E-05;13.4399999660673;1345;100 mA
29.5304249254428;0.30047607421875;7.59887695312503E-05;13.449999966042;1346;100 mA
29.5404249254176;0.300506591796875;6.83593750000003E-05;13.4599999660168;1347;100 mA
29.5504249253923;0.300506591796875;6.80541992187506E-05;13.4699999659915;1348;100 mA
29.5604249253671;0.30047607421875;7.26318359375006E-05;13.4799999659663;1349;100 mA
29.5704249253419;0.300445556640625;6.74438476562497E-05;13.489999965941;1350;100 mA
29.5804249253166;0.300537109375;7.476806640625E-05;13.4999999659158;1351;100 mA
29.5904249252914;0.30059814453125;6.53076171875003E-05;13.5099999658905;1352;100 mA
29.6004249252661;0.30047607421875;6.83593750000003E-05;13.5199999658653;1353;100 mA
29.6104249252409;0.30047607421875;7.14111328125003E-05;13.52999996584;1354;100 mA
29.6204249252156;0.30059814453125;6.43920898437497E-05;13.5399999658148;1355;100 mA
29.6304249251904;0.30047607421875;7.72094726562506E-05;13.5499999657895;1356;100 mA
29.6404249251651;0.300537109375;6.80541992187506E-05;13.5599999657643;1357;100 mA
29.6504249251399;0.30047607421875;6.95800781250006E-05;13.569999965739;1358;100 mA
29.6604249251146;0.30047607421875;7.26318359375006E-05;13.5799999657138;1359;100 mA
29.6704249250894;0.300537109375;6.80541992187506E-05;13.5899999656885;1360;100 mA
29.6804249250641;0.30047607421875;7.53784179687495E-05;13.5999999656633;1361;100 mA
29.6904249250389;0.300506591796875;7.04956054687497E-05;13.6099999656381;1362;100 mA
29.7004249250136;0.300506591796875;6.80541992187506E-05;13.6199999656128;1363;100 mA
29.7104249249884;0.30047607421875;6.866455078125E-05;13.6299999655876;1364;100 mA
29.7204249249631;0.30047607421875;6.92749023437494E-05;13.6399999655623;1365;100 mA
29.7304249249379;0.30059814453125;7.44628906250003E-05;13.6499999655371;1366;100 mA
29.7404249249126;0.300506591796875;6.98852539062503E-05;13.6599999655118;1367;100 mA
29.7504249248874;0.30047607421875;6.92749023437494E-05;13.6699999654866;1368;100 mA
29.7604249248621;0.300506591796875;6.89697265624997E-05;13.6799999654613;1369;100 mA
29.7704249248369;0.30047607421875;6.65283203125006E-05;13.6899999654361;1370;100 mA
29.7804249248117;0.300537109375;7.62939453125E-05;13.6999999654108;1371;100 mA
29.7904249247864;0.300506591796875;6.95800781250006E-05;13.7099999653856;1372;100 mA
29.8004249247612;0.300506591796875;6.95800781250006E-05;13.7199999653603;1373;100 mA
29.8104249247359;0.300506591796875;7.20214843749997E-05;13.7299999653351;1374;100 mA
29.8204249247107;0.300506591796875;6.53076171875003E-05;13.7399999653098;1375;100 mA
29.8304249246854;0.30047607421875;7.35473632812497E-05;13.7499999652846;1376;100 mA
29.8404249246602;0.300506591796875;6.83593750000003E-05;13.7599999652593;1377;100 mA
29.8504249246349;0.300567626953125;6.68334960937503E-05;13.7699999652341;1378;100 mA
29.8604249246097;0.300506591796875;7.20214843749997E-05;13.7799999652088;1379;100 mA
29.8704249245844;0.300506591796875;6.59179687499997E-05;13.7899999651836;1380;100 mA
29.8804249245592;0.300445556640625;7.35473632812497E-05;13.7999999651583;1381;100 mA
29.8904249245339;0.30047607421875;7.26318359375006E-05;13.8099999651331;1382;100 mA
29.9004249245087;0.300537109375;6.80541992187506E-05;13.8199999651079;1383;100 mA
29.9104249244834;0.300537109375;7.44628906250003E-05;13.8299999650826;1384;100 mA
29.9204249244582;0.300537109375;6.92749023437494E-05;13.8399999650574;1385;100 mA
29.9304249244329;0.300506591796875;7.81249999999997E-05;13.8499999650321;1386;100 mA
29.9404249244077;0.300506591796875;6.80541992187506E-05;13.8599999650069;1387;100 mA
29.9504249243824;0.30047607421875;6.89697265624997E-05;13.8699999649816;1388;100 mA
29.9604249243572;0.30047607421875;6.89697265624997E-05;13.8799999649564;1389;100 mA
29.970424924332;0.30047607421875;7.08007812499995E-05;13.8899999649311;1390;100 mA
29.9804249243067;0.300567626953125;7.56835937500006E-05;13.8999999649059;1391;100 mA
29.9904249242815;0.300445556640625;7.32421875E-05;13.9099999648806;1392;100 mA
30.0004249242562;0.300445556640625;6.83593750000003E-05;13.9199999648554;1393;100 mA
30.010424924231;0.30047607421875;7.23266601562494E-05;13.9299999648301;1394;100 mA
30.0204249242057;0.30047607421875;6.59179687499997E-05;13.9399999648049;1395;100 mA
30.0304249241805;0.300506591796875;7.62939453125E-05;13.9499999647796;1396;100 mA
30.0404249241552;0.300445556640625;6.65283203125006E-05;13.9599999647544;1397;100 mA
30.05042492413;0.300506591796875;6.74438476562497E-05;13.9699999647291;1398;100 mA
30.0604249241047;0.300567626953125;7.20214843749997E-05;13.9799999647039;1399;100 mA
30.0704249240795;0.30047607421875;6.74438476562497E-05;13.9899999646786;1400;100 mA
30.0804249240542;0.30047607421875;7.35473632812497E-05;13.9999999646534;1401;100 mA
30.090424924029;0.300537109375;7.26318359375006E-05;14.0099999646282;1402;100 mA
30.1004249240037;0.300537109375;6.80541992187506E-05;14.0199999646029;1403;100 mA
30.1104249239785;0.30047607421875;7.04956054687497E-05;14.0299999645777;1404;100 mA
30.1204249239532;0.300537109375;6.103515625E-05;14.0399999645524;1405;100 mA
30.130424923928;0.300506591796875;7.171630859375E-05;14.0499999645272;1406;100 mA
30.1404249239027;0.300506591796875;6.59179687499997E-05;14.0599999645019;1407;100 mA
30.1504249238775;0.300506591796875;6.74438476562497E-05;14.0699999644767;1408;100 mA
30.1604249238522;0.300537109375;6.98852539062503E-05;14.0799999644514;1409;100 mA
30.170424923827;0.300537109375;6.53076171875003E-05;14.0899999644262;1410;100 mA
30.1804249238018;0.30047607421875;7.35473632812497E-05;14.0999999644009;1411;100 mA
30.1904249237765;0.300506591796875;7.35473632812497E-05;14.1099999643757;1412;100 mA
30.2004249237513;0.300567626953125;6.74438476562497E-05;14.1199999643504;1413;100 mA
30.210424923726;0.300537109375;7.04956054687497E-05;14.1299999643252;1414;100 mA
30.2204249237008;0.30047607421875;6.43920898437497E-05;14.1399999642999;1415;100 mA
30.2304249236755;0.30047607421875;7.23266601562494E-05;14.1499999642747;1416;100 mA
30.2404249236503;0.300537109375;6.561279296875E-05;14.1599999642494;1417;100 mA
30.250424923625;0.30047607421875;6.89697265624997E-05;14.1699999642242;1418;100 mA
30.2604249235998;0.300567626953125;6.92749023437494E-05;14.1799999641989;1419;100 mA
30.2704249235745;0.300537109375;6.22558593750003E-05;14.1899999641737;1420;100 mA
30.2804249235493;0.30047607421875;6.80541992187506E-05;14.1999999641484;1421;100 mA
30.290424923524;0.30047607421875;6.95800781250006E-05;14.2099999641232;1422;100 mA
30.3004249234988;0.300567626953125;6.74438476562497E-05;14.219999964098;1423;100 mA
30.3104249234735;0.30047607421875;7.29370117187503E-05;14.2299999640727;1424;100 mA
30.3204249234483;0.300567626953125;6.59179687499997E-05;14.2399999640475;1425;100 mA
30.330424923423;0.300506591796875;7.476806640625E-05;14.2499999640222;1426;100 mA
30.3404249233978;0.30047607421875;6.95800781250006E-05;14.259999963997;1427;100 mA
30.3504249233725;0.3004150390625;6.83593750000003E-05;14.2699999639717;1428;100 mA
30.3604249233473;0.300537109375;7.32421875E-05;14.2799999639465;1429;100 mA
30.370424923322;0.30047607421875;6.62231445312494E-05;14.2899999639212;1430;100 mA
30.3804249232968;0.300537109375;6.92749023437494E-05;14.299999963896;1431;100 mA
30.3904249232716;0.3004150390625;7.41577148437506E-05;14.3099999638707;1432;100 mA
30.4004249232463;0.300567626953125;6.95800781250006E-05;14.3199999638455;1433;100 mA
30.4104249232211;0.300537109375;6.95800781250006E-05;14.3299999638202;1434;100 mA
30.4204249231958;0.300537109375;6.68334960937503E-05;14.339999963795;1435;100 mA
30.4304249231706;0.300445556640625;7.23266601562494E-05;14.3499999637697;1436;100 mA
30.4404249231453;0.300506591796875;6.866455078125E-05;14.3599999637445;1437;100 mA
30.4504249231201;0.300537109375;6.77490234374995E-05;14.3699999637192;1438;100 mA
30.4604249230948;0.300445556640625;7.23266601562494E-05;14.379999963694;1439;100 mA
30.4704249230696;0.300506591796875;6.7138671875E-05;14.3899999636687;1440;100 mA
30.4804249230443;0.30047607421875;6.89697265624997E-05;14.3999999636435;1441;100 mA
30.4904249230191;0.300506591796875;7.04956054687497E-05;14.4099999636182;1442;100 mA
30.5004249229938;0.300537109375;6.74438476562497E-05;14.419999963593;1443;100 mA
30.5104249229686;0.300506591796875;7.171630859375E-05;14.4299999635678;1444;100 mA
30.5204249229433;0.300537109375;6.40869140625E-05;14.4399999635425;1445;100 mA
30.5304249229181;0.300506591796875;7.29370117187503E-05;14.4499999635173;1446;100 mA
30.5404249228928;0.30047607421875;6.866455078125E-05;14.459999963492;1447;100 mA
30.5504249228676;0.30047607421875;6.98852539062503E-05;14.4699999634668;1448;100 mA
30.5604249228423;0.30047607421875;7.171630859375E-05;14.4799999634415;1449;100 mA
30.5704249228171;0.300567626953125;6.77490234374995E-05;14.4899999634163;1450;100 mA
30.5804249227918;0.300445556640625;6.866455078125E-05;14.499999963391;1451;100 mA
30.5904249227666;0.300445556640625;7.59887695312503E-05;14.5099999633658;1452;100 mA
30.6004249227414;0.300537109375;6.68334960937503E-05;14.5199999633405;1453;100 mA
30.6104249227161;0.300537109375;7.08007812499995E-05;14.5299999633153;1454;100 mA
30.6204249226909;0.300537109375;6.65283203125006E-05;14.53999996329;1455;100 mA
30.6304249226656;0.300506591796875;7.59887695312503E-05;14.5499999632648;1456;100 mA
30.6404249226404;0.300506591796875;6.89697265624997E-05;14.5599999632395;1457;100 mA
30.6504249226151;0.300567626953125;6.74438476562497E-05;14.5699999632143;1458;100 mA
30.6604249225899;0.300567626953125;7.171630859375E-05;14.579999963189;1459;100 mA
30.6704249225646;0.300537109375;6.7138671875E-05;14.5899999631638;1460;100 mA
30.6804249225394;0.300537109375;6.92749023437494E-05;14.5999999631385;1461;100 mA
30.6904249225141;0.30047607421875;7.171630859375E-05;14.6099999631133;1462;100 mA
30.7004249224889;0.300445556640625;7.11059570312506E-05;14.619999963088;1463;100 mA
30.7104249224636;0.30047607421875;7.38525390624995E-05;14.6299999630628;1464;100 mA
30.7204249224384;0.300537109375;7.14111328125003E-05;14.6399999630376;1465;100 mA
30.7304249224131;0.300506591796875;7.53784179687495E-05;14.6499999630123;1466;100 mA
30.7404249223879;0.300506591796875;7.14111328125003E-05;14.6599999629871;1467;100 mA
30.7504249223626;0.300537109375;6.62231445312494E-05;14.6699999629618;1468;100 mA
30.7604249223374;0.300506591796875;7.29370117187503E-05;14.6799999629366;1469;100 mA
30.7704249223121;0.300567626953125;6.62231445312494E-05;14.6899999629113;1470;100 mA
30.7804249222869;0.300506591796875;7.04956054687497E-05;14.6999999628861;1471;100 mA
30.7904249222616;0.30047607421875;7.29370117187503E-05;14.7099999628608;1472;100 mA
30.8004249222364;0.30059814453125;7.29370117187503E-05;14.7199999628356;1473;100 mA
30.8104249222112;0.300537109375;7.23266601562494E-05;14.7299999628103;1474;100 mA
30.8204249221859;0.30047607421875;6.561279296875E-05;14.7399999627851;1475;100 mA
30.8304249221607;0.300506591796875;7.41577148437506E-05;14.7499999627598;1476;100 mA
30.8404249221354;0.30047607421875;6.83593750000003E-05;14.7599999627346;1477;100 mA
30.8504249221102;0.300506591796875;6.68334960937503E-05;14.7699999627093;1478;100 mA
30.8604249220849;0.300506591796875;7.08007812499995E-05;14.7799999626841;1479;100 mA
30.8704249220597;0.30047607421875;6.92749023437494E-05;14.7899999626588;1480;100 mA
30.8804249220344;0.300537109375;6.89697265624997E-05;14.7999999626336;1481;100 mA
30.8904249220092;0.300567626953125;7.171630859375E-05;14.8099999626083;1482;100 mA
30.9004249219839;0.30047607421875;7.14111328125003E-05;14.8199999625831;1483;100 mA
30.9104249219587;0.30047607421875;7.62939453125E-05;14.8299999625578;1484;100 mA
30.9204249219334;0.300567626953125;6.80541992187506E-05;14.8399999625326;1485;100 mA
30.9304249219082;0.300506591796875;7.41577148437506E-05;14.8499999625074;1486;100 mA
30.9404249218829;0.30047607421875;7.35473632812497E-05;14.8599999624821;1487;100 mA
30.9504249218577;0.30059814453125;6.98852539062503E-05;14.8699999624569;1488;100 mA
30.9604249218324;0.300537109375;7.26318359375006E-05;14.8799999624316;1489;100 mA
30.9704249218072;0.300537109375;6.50024414062506E-05;14.8899999624064;1490;100 mA
30.9804249217819;0.300537109375;6.98852539062503E-05;14.8999999623811;1491;100 mA
30.9904249217567;0.300537109375;6.77490234374995E-05;14.9099999623559;1492;100 mA
31.0004249217315;0.300506591796875;7.14111328125003E-05;14.9199999623306;1493;100 mA
31.0104249217062;0.300537109375;7.44628906250003E-05;14.9299999623054;1494;100 mA
31.020424921681;0.30047607421875;6.77490234374995E-05;14.9399999622801;1495;100 mA
31.0304249216557;0.300567626953125;7.65991210937497E-05;14.9499999622549;1496;100 mA
31.0404249216305;0.300506591796875;7.38525390624995E-05;14.9599999622296;1497;100 mA
31.0504249216052;0.300506591796875;7.32421875E-05;14.9699999622044;1498;100 mA
31.06042492158;0.30047607421875;7.38525390624995E-05;14.9799999621791;1499;100 mA
31.0704249215547;0.300506591796875;6.95800781250006E-05;14.9899999621539;1500;100 mA
