Time (s);WE(1).Potential (V);WE(1).Current (A);Corrected time (s);Index;Current range
139.540716647694;0.449859619140625;0.306060791015625;0;1;100 mA
139.550716647668;0.450347900390625;0.217437744140625;0.00999999997475243;2;100 mA
139.560716647643;0.450439453125;0.176544189453125;0.0199999999495049;3;100 mA
139.570716647618;0.450408935546875;0.1513671875;0.0299999999242573;4;100 mA
139.580716647593;0.45050048828125;0.1341552734375;0.0399999998990097;5;100 mA
139.590716647567;0.45050048828125;0.121307373046875;0.0499999998737621;6;100 mA
139.600716647542;0.450531005859375;0.111419677734375;0.0599999998485146;7;100 mA
139.610716647517;0.45050048828125;0.103363037109375;0.069999999823267;8;100 mA
139.620716647492;0.450408935546875;0.096588134765625;0.0799999997980194;9;100 mA
139.630716647466;0.45050048828125;0.0909423828125;0.0899999997727718;10;100 mA
139.640716647441;0.45050048828125;0.086029052734375;0.0999999997475243;11;100 mA
139.650716647416;0.450531005859375;0.081695556640625;0.109999999722277;12;100 mA
139.660716647391;0.4505615234375;0.077911376953125;0.119999999697029;13;100 mA
139.670716647365;0.45050048828125;0.07452392578125;0.129999999671782;14;100 mA
139.68071664734;0.450531005859375;0.071533203125;0.139999999646534;15;100 mA
139.690716647315;0.4505615234375;0.06878662109375;0.149999999621286;16;100 mA
139.70071664729;0.450469970703125;0.0662841796875;0.159999999596039;17;100 mA
139.710716647264;0.450531005859375;0.06402587890625;0.169999999570791;18;100 mA
139.720716647239;0.450531005859375;0.061981201171875;0.179999999545544;19;100 mA
139.730716647214;0.450531005859375;0.06011962890625;0.189999999520296;20;100 mA
139.740716647189;0.45050048828125;0.058349609375;0.199999999495049;21;100 mA
139.750716647163;0.45050048828125;0.056610107421875;0.209999999469801;22;100 mA
139.760716647138;0.4505615234375;0.05499267578125;0.219999999444553;23;100 mA
139.770716647113;0.4505615234375;0.05352783203125;0.229999999419306;24;100 mA
139.780716647088;0.4505615234375;0.052154541015625;0.239999999394058;25;100 mA
139.790716647062;0.450439453125;0.050872802734375;0.249999999368811;26;100 mA
139.800716647037;0.450592041015625;0.049652099609375;0.259999999343563;27;100 mA
139.810716647012;0.45050048828125;0.04853515625;0.269999999318316;28;100 mA
139.820716646987;0.450531005859375;0.0474334716796875;0.279999999293068;29;100 mA
139.830716646961;0.45050048828125;0.04637451171875;0.28999999926782;30;100 mA
139.840716646936;0.450469970703125;0.04539794921875;0.299999999242573;31;100 mA
139.850716646911;0.450592041015625;0.0444580078125;0.309999999217325;32;100 mA
139.860716646886;0.450592041015625;0.0435760498046875;0.319999999192078;33;100 mA
139.87071664686;0.45050048828125;0.0427764892578125;0.32999999916683;34;100 mA
139.880716646835;0.45062255859375;0.0420318603515625;0.339999999141583;35;100 mA
139.89071664681;0.4505615234375;0.0412384033203125;0.349999999116335;36;100 mA
139.900716646785;0.450531005859375;0.04049072265625;0.359999999091087;37;100 mA
139.910716646759;0.4505615234375;0.039715576171875;0.36999999906584;38;100 mA
139.920716646734;0.450531005859375;0.038983154296875;0.379999999040592;39;100 mA
139.930716646709;0.450592041015625;0.0383209228515625;0.389999999015345;40;100 mA
139.940716646684;0.450531005859375;0.037701416015625;0.399999998990097;41;100 mA
139.950716646658;0.4505615234375;0.0371429443359375;0.40999999896485;42;100 mA
139.960716646633;0.45062255859375;0.0365478515625;0.419999998939602;43;100 mA
139.970716646608;0.450531005859375;0.035968017578125;0.429999998914354;44;100 mA
139.980716646583;0.45050048828125;0.0354248046875;0.439999998889107;45;100 mA
139.990716646557;0.450531005859375;0.03486328125;0.449999998863859;46;100 mA
140.000716646532;0.4505615234375;0.0343170166015625;0.459999998838612;47;100 mA
140.010716646507;0.45062255859375;0.0337982177734375;0.469999998813364;48;100 mA
140.020716646482;0.450592041015625;0.033319091796875;0.479999998788116;49;100 mA
140.030716646456;0.4505615234375;0.0328216552734375;0.489999998762869;50;100 mA
140.040716646431;0.450592041015625;0.0324127197265625;0.499999998737621;51;100 mA
140.050716646406;0.450531005859375;0.0319671630859375;0.509999998712374;52;100 mA
140.060716646381;0.450592041015625;0.03154296875;0.519999998687126;53;100 mA
140.070716646355;0.450531005859375;0.031182861328125;0.529999998661879;54;100 mA
140.08071664633;0.4505615234375;0.0307861328125;0.539999998636631;55;100 mA
140.090716646305;0.45062255859375;0.0304046630859375;0.549999998611383;56;100 mA
140.10071664628;0.450592041015625;0.0300048828125;0.559999998586136;57;100 mA
140.110716646254;0.45050048828125;0.029620361328125;0.569999998560888;58;100 mA
140.120716646229;0.4505615234375;0.029248046875;0.579999998535641;59;100 mA
140.130716646204;0.45062255859375;0.028912353515625;0.589999998510393;60;100 mA
140.140716646179;0.450653076171875;0.02855224609375;0.599999998485146;61;100 mA
140.150716646153;0.450469970703125;0.0282257080078125;0.609999998459898;62;100 mA
140.160716646128;0.4505615234375;0.0279022216796875;0.61999999843465;63;100 mA
140.170716646103;0.45062255859375;0.0275787353515625;0.629999998409403;64;100 mA
140.180716646078;0.450531005859375;0.027288818359375;0.639999998384155;65;100 mA
140.190716646052;0.450531005859375;0.02701416015625;0.649999998358908;66;100 mA
140.200716646027;0.450531005859375;0.0266571044921875;0.65999999833366;67;100 mA
140.210716646002;0.450592041015625;0.0263458251953125;0.669999998308413;68;100 mA
140.220716645977;0.450592041015625;0.02601318359375;0.679999998283165;69;100 mA
140.230716645951;0.45062255859375;0.0257049560546875;0.689999998257917;70;100 mA
140.240716645926;0.45062255859375;0.02542724609375;0.69999999823267;71;100 mA
140.250716645901;0.4505615234375;0.0251373291015625;0.709999998207422;72;100 mA
140.260716645876;0.450592041015625;0.0248748779296875;0.719999998182175;73;100 mA
140.27071664585;0.45050048828125;0.024578857421875;0.729999998156927;74;100 mA
140.280716645825;0.4505615234375;0.024310302734375;0.73999999813168;75;100 mA
140.2907166458;0.4505615234375;0.024114990234375;0.749999998106432;76;100 mA
140.300716645775;0.4505615234375;0.02391357421875;0.759999998081184;77;100 mA
140.310716645749;0.4505615234375;0.0237030029296875;0.769999998055937;78;100 mA
140.320716645724;0.4505615234375;0.0234344482421875;0.779999998030689;79;100 mA
140.330716645699;0.450592041015625;0.023175048828125;0.789999998005442;80;100 mA
140.340716645674;0.450592041015625;0.02293701171875;0.799999997980194;81;100 mA
140.350716645649;0.450592041015625;0.0227264404296875;0.809999997954947;82;100 mA
140.360716645623;0.450592041015625;0.0224884033203125;0.819999997929699;83;100 mA
140.370716645598;0.450592041015625;0.0222808837890625;0.829999997904451;84;100 mA
140.380716645573;0.450531005859375;0.0220367431640625;0.839999997879204;85;100 mA
140.390716645548;0.45062255859375;0.0218231201171875;0.849999997853956;86;100 mA
140.400716645522;0.4505615234375;0.02161865234375;0.859999997828709;87;100 mA
140.410716645497;0.45062255859375;0.0213958740234375;0.869999997803461;88;100 mA
140.420716645472;0.45062255859375;0.021209716796875;0.879999997778214;89;100 mA
140.430716645447;0.45062255859375;0.0210296630859375;0.889999997752966;90;100 mA
140.440716645421;0.45062255859375;0.0208282470703125;0.899999997727718;91;100 mA
140.450716645396;0.4505615234375;0.0206390380859375;0.909999997702471;92;100 mA
140.460716645371;0.45062255859375;0.020440673828125;0.919999997677223;93;100 mA
140.470716645346;0.4505615234375;0.0202606201171875;0.929999997651976;94;100 mA
140.48071664532;0.45062255859375;0.02010498046875;0.939999997626728;95;100 mA
140.490716645295;0.45062255859375;0.019921875;0.949999997601481;96;100 mA
140.50071664527;0.4505615234375;0.0197418212890625;0.959999997576233;97;100 mA
140.510716645245;0.4505615234375;0.019580078125;0.969999997550985;98;100 mA
140.520716645219;0.450592041015625;0.0194183349609375;0.979999997525738;99;100 mA
140.530716645194;0.45062255859375;0.019268798828125;0.98999999750049;100;100 mA
140.540716645169;0.4505615234375;0.019122314453125;0.999999997475243;101;100 mA
140.550716645144;0.450592041015625;0.018927001953125;1.00999999745;102;100 mA
140.560716645118;0.45062255859375;0.018756103515625;1.01999999742475;103;100 mA
140.570716645093;0.450592041015625;0.0186279296875;1.0299999973995;104;100 mA
140.580716645068;0.45062255859375;0.0185028076171875;1.03999999737425;105;100 mA
140.590716645043;0.450592041015625;0.0183868408203125;1.049999997349;106;100 mA
140.600716645017;0.45050048828125;0.0182525634765625;1.05999999732376;107;100 mA
140.610716644992;0.450592041015625;0.0180633544921875;1.06999999729851;108;100 mA
140.620716644967;0.450653076171875;0.01790771484375;1.07999999727326;109;100 mA
140.630716644942;0.4505615234375;0.017755126953125;1.08999999724801;110;100 mA
140.640716644916;0.4505615234375;0.0176422119140625;1.09999999722277;111;100 mA
140.650716644891;0.450592041015625;0.0175323486328125;1.10999999719752;112;100 mA
140.660716644866;0.450531005859375;0.0173828125;1.11999999717227;113;100 mA
140.670716644841;0.450592041015625;0.0172271728515625;1.12999999714702;114;100 mA
140.680716644815;0.450592041015625;0.0171173095703125;1.13999999712178;115;100 mA
140.69071664479;0.4505615234375;0.01697998046875;1.14999999709653;116;100 mA
140.700716644765;0.4505615234375;0.0168548583984375;1.15999999707128;117;100 mA
140.71071664474;0.4505615234375;0.0167083740234375;1.16999999704603;118;100 mA
140.720716644714;0.450592041015625;0.016571044921875;1.17999999702079;119;100 mA
140.730716644689;0.450592041015625;0.016485595703125;1.18999999699554;120;100 mA
140.740716644664;0.450592041015625;0.016357421875;1.19999999697029;121;100 mA
140.750716644639;0.450469970703125;0.0162628173828125;1.20999999694504;122;100 mA
140.760716644613;0.450592041015625;0.016162109375;1.2199999969198;123;100 mA
140.770716644588;0.45062255859375;0.0160491943359375;1.22999999689455;124;100 mA
140.780716644563;0.4505615234375;0.0158966064453125;1.2399999968693;125;100 mA
140.790716644538;0.45062255859375;0.01578369140625;1.24999999684405;126;100 mA
140.800716644512;0.450592041015625;0.0156524658203125;1.25999999681881;127;100 mA
140.810716644487;0.450531005859375;0.0155517578125;1.26999999679356;128;100 mA
140.820716644462;0.450592041015625;0.0154449462890625;1.27999999676831;129;100 mA
140.830716644437;0.45062255859375;0.015338134765625;1.28999999674306;130;100 mA
140.840716644411;0.450653076171875;0.0152496337890625;1.29999999671782;131;100 mA
140.850716644386;0.450592041015625;0.015142822265625;1.30999999669257;132;100 mA
140.860716644361;0.450653076171875;0.0150177001953125;1.31999999666732;133;100 mA
140.870716644336;0.450531005859375;0.0149169921875;1.32999999664207;134;100 mA
140.88071664431;0.4505615234375;0.0148101806640625;1.33999999661683;135;100 mA
140.890716644285;0.45062255859375;0.0146881103515625;1.34999999659158;136;100 mA
140.90071664426;0.45062255859375;0.0145599365234375;1.35999999656633;137;100 mA
140.910716644235;0.4505615234375;0.014453125;1.36999999654108;138;100 mA
140.920716644209;0.450592041015625;0.0143798828125;1.37999999651583;139;100 mA
140.930716644184;0.4505615234375;0.01429443359375;1.38999999649059;140;100 mA
140.940716644159;0.4505615234375;0.0142059326171875;1.39999999646534;141;100 mA
140.950716644134;0.4505615234375;0.014111328125;1.40999999644009;142;100 mA
140.960716644108;0.45062255859375;0.014007568359375;1.41999999641484;143;100 mA
140.970716644083;0.45062255859375;0.0139007568359375;1.4299999963896;144;100 mA
140.980716644058;0.450592041015625;0.0138153076171875;1.43999999636435;145;100 mA
140.990716644033;0.450592041015625;0.013739013671875;1.4499999963391;146;100 mA
141.000716644007;0.4505615234375;0.013653564453125;1.45999999631385;147;100 mA
141.010716643982;0.450592041015625;0.013623046875;1.46999999628861;148;100 mA
141.020716643957;0.450592041015625;0.013543701171875;1.47999999626336;149;100 mA
141.030716643932;0.450592041015625;0.0134613037109375;1.48999999623811;150;100 mA
141.040716643906;0.45062255859375;0.0133544921875;1.49999999621286;151;100 mA
141.050716643881;0.450592041015625;0.01326904296875;1.50999999618762;152;100 mA
141.060716643856;0.45062255859375;0.0131927490234375;1.51999999616237;153;100 mA
141.070716643831;0.450592041015625;0.013116455078125;1.52999999613712;154;100 mA
141.080716643805;0.450592041015625;0.0130279541015625;1.53999999611187;155;100 mA
141.09071664378;0.450653076171875;0.012945556640625;1.54999999608663;156;100 mA
141.100716643755;0.450592041015625;0.0128509521484375;1.55999999606138;157;100 mA
141.11071664373;0.450592041015625;0.012750244140625;1.56999999603613;158;100 mA
141.120716643704;0.4505615234375;0.01268310546875;1.57999999601088;159;100 mA
141.130716643679;0.450592041015625;0.01258544921875;1.58999999598564;160;100 mA
141.140716643654;0.450592041015625;0.012518310546875;1.59999999596039;161;100 mA
141.150716643629;0.450531005859375;0.0124481201171875;1.60999999593514;162;100 mA
141.160716643603;0.450592041015625;0.012335205078125;1.61999999590989;163;100 mA
141.170716643578;0.450531005859375;0.012261962890625;1.62999999588465;164;100 mA
141.180716643553;0.45068359375;0.0121734619140625;1.6399999958594;165;100 mA
141.190716643528;0.45062255859375;0.0121063232421875;1.64999999583415;166;100 mA
141.200716643502;0.450469970703125;0.012042236328125;1.6599999958089;167;100 mA
141.210716643477;0.4505615234375;0.011968994140625;1.66999999578366;168;100 mA
141.220716643452;0.45062255859375;0.01192626953125;1.67999999575841;169;100 mA
141.230716643427;0.4505615234375;0.011859130859375;1.68999999573316;170;100 mA
141.240716643401;0.450592041015625;0.01181640625;1.69999999570791;171;100 mA
141.250716643376;0.4505615234375;0.0117828369140625;1.70999999568267;172;100 mA
141.260716643351;0.450592041015625;0.0116790771484375;1.71999999565742;173;100 mA
141.270716643326;0.45062255859375;0.01163330078125;1.72999999563217;174;100 mA
141.2807166433;0.45062255859375;0.0115478515625;1.73999999560692;175;100 mA
141.290716643275;0.4505615234375;0.0114837646484375;1.74999999558167;176;100 mA
141.30071664325;0.4505615234375;0.01143798828125;1.75999999555643;177;100 mA
141.310716643225;0.450592041015625;0.011370849609375;1.76999999553118;178;100 mA
141.320716643199;0.45062255859375;0.0112945556640625;1.77999999550593;179;100 mA
141.330716643174;0.450592041015625;0.0112213134765625;1.78999999548068;180;100 mA
141.340716643149;0.450653076171875;0.0111572265625;1.79999999545544;181;100 mA
141.350716643124;0.4505615234375;0.011083984375;1.80999999543019;182;100 mA
141.360716643098;0.450592041015625;0.0109710693359375;1.81999999540494;183;100 mA
141.370716643073;0.4505615234375;0.0109649658203125;1.82999999537969;184;100 mA
141.380716643048;0.45062255859375;0.0108245849609375;1.83999999535445;185;100 mA
141.390716643023;0.450592041015625;0.0107879638671875;1.8499999953292;186;100 mA
141.400716642998;0.45050048828125;0.010711669921875;1.85999999530395;187;100 mA
141.410716642972;0.450592041015625;0.0106414794921875;1.8699999952787;188;100 mA
141.420716642947;0.45062255859375;0.01058349609375;1.87999999525346;189;100 mA
141.430716642922;0.450531005859375;0.0105072021484375;1.88999999522821;190;100 mA
141.440716642897;0.45062255859375;0.0104766845703125;1.89999999520296;191;100 mA
141.450716642871;0.4505615234375;0.0104522705078125;1.90999999517771;192;100 mA
141.460716642846;0.450653076171875;0.010394287109375;1.91999999515247;193;100 mA
141.470716642821;0.4505615234375;0.010321044921875;1.92999999512722;194;100 mA
141.480716642796;0.4505615234375;0.010260009765625;1.93999999510197;195;100 mA
141.49071664277;0.450592041015625;0.0101806640625;1.94999999507672;196;100 mA
141.500716642745;0.450592041015625;0.0101226806640625;1.95999999505148;197;100 mA
141.51071664272;0.45062255859375;0.010101318359375;1.96999999502623;198;100 mA
141.520716642695;0.45068359375;0.010076904296875;1.97999999500098;199;100 mA
141.530716642669;0.450592041015625;0.010040283203125;1.98999999497573;200;100 mA
141.540716642644;0.450653076171875;0.0099700927734375;1.99999999495049;201;100 mA
141.550716642619;0.4505615234375;0.009918212890625;2.00999999492524;202;100 mA
141.560716642594;0.450592041015625;0.0098480224609375;2.01999999489999;203;100 mA
141.570716642568;0.4505615234375;0.0097869873046875;2.02999999487474;204;100 mA
141.580716642543;0.45062255859375;0.0097198486328125;2.0399999948495;205;100 mA
141.590716642518;0.45062255859375;0.0096649169921875;2.04999999482425;206;100 mA
141.600716642493;0.450531005859375;0.0096221923828125;2.059999994799;207;100 mA
141.610716642467;0.4505615234375;0.0095611572265625;2.06999999477375;208;100 mA
141.620716642442;0.45062255859375;0.0095306396484375;2.0799999947485;209;100 mA
141.630716642417;0.450531005859375;0.009466552734375;2.08999999472326;210;100 mA
141.640716642392;0.450592041015625;0.009429931640625;2.09999999469801;211;100 mA
141.650716642366;0.4505615234375;0.009381103515625;2.10999999467276;212;100 mA
141.660716642341;0.450592041015625;0.0093597412109375;2.11999999464751;213;100 mA
141.670716642316;0.4505615234375;0.0092987060546875;2.12999999462227;214;100 mA
141.680716642291;0.450592041015625;0.0092437744140625;2.13999999459702;215;100 mA
141.690716642265;0.450592041015625;0.0091766357421875;2.14999999457177;216;100 mA
141.70071664224;0.45062255859375;0.0091156005859375;2.15999999454652;217;100 mA
141.710716642215;0.450592041015625;0.0090850830078125;2.16999999452128;218;100 mA
141.72071664219;0.450592041015625;0.0090484619140625;2.17999999449603;219;100 mA
141.730716642164;0.450592041015625;0.0090057373046875;2.18999999447078;220;100 mA
141.740716642139;0.4505615234375;0.00897216796875;2.19999999444553;221;100 mA
141.750716642114;0.45062255859375;0.00894775390625;2.20999999442029;222;100 mA
141.760716642089;0.45068359375;0.0089080810546875;2.21999999439504;223;100 mA
141.770716642063;0.450592041015625;0.0088592529296875;2.22999999436979;224;100 mA
141.780716642038;0.4505615234375;0.0088531494140625;2.23999999434454;225;100 mA
141.790716642013;0.450653076171875;0.0088348388671875;2.2499999943193;226;100 mA
141.800716641988;0.45062255859375;0.0087615966796875;2.25999999429405;227;100 mA
141.810716641962;0.450592041015625;0.008734130859375;2.2699999942688;228;100 mA
141.820716641937;0.450592041015625;0.008660888671875;2.27999999424355;229;100 mA
141.830716641912;0.4505615234375;0.008599853515625;2.28999999421831;230;100 mA
141.840716641887;0.450592041015625;0.0085662841796875;2.29999999419306;231;100 mA
141.850716641861;0.4505615234375;0.0084991455078125;2.30999999416781;232;100 mA
141.860716641836;0.45062255859375;0.0084442138671875;2.31999999414256;233;100 mA
141.870716641811;0.45062255859375;0.0083953857421875;2.32999999411732;234;100 mA
141.880716641786;0.450531005859375;0.0083526611328125;2.33999999409207;235;100 mA
141.89071664176;0.45062255859375;0.0083160400390625;2.34999999406682;236;100 mA
141.900716641735;0.450592041015625;0.0082672119140625;2.35999999404157;237;100 mA
141.91071664171;0.45062255859375;0.0082611083984375;2.36999999401633;238;100 mA
141.920716641685;0.4505615234375;0.0082427978515625;2.37999999399108;239;100 mA
141.930716641659;0.450653076171875;0.008209228515625;2.38999999396583;240;100 mA
141.940716641634;0.45068359375;0.008148193359375;2.39999999394058;241;100 mA
141.950716641609;0.450592041015625;0.00809326171875;2.40999999391533;242;100 mA
141.960716641584;0.4505615234375;0.008038330078125;2.41999999389009;243;100 mA
141.970716641558;0.4505615234375;0.0079864501953125;2.42999999386484;244;100 mA
141.980716641533;0.4505615234375;0.0079376220703125;2.43999999383959;245;100 mA
141.990716641508;0.4505615234375;0.0079193115234375;2.44999999381434;246;100 mA
142.000716641483;0.450592041015625;0.007855224609375;2.4599999937891;247;100 mA
142.010716641457;0.450592041015625;0.0078155517578125;2.46999999376385;248;100 mA
142.020716641432;0.4505615234375;0.00777587890625;2.4799999937386;249;100 mA
142.030716641407;0.450653076171875;0.0077301025390625;2.48999999371335;250;100 mA
142.040716641382;0.450653076171875;0.0077484130859375;2.49999999368811;251;100 mA
142.050716641356;0.450592041015625;0.0077056884765625;2.50999999366286;252;100 mA
142.060716641331;0.4505615234375;0.007659912109375;2.51999999363761;253;100 mA
142.070716641306;0.4505615234375;0.00760498046875;2.52999999361236;254;100 mA
142.080716641281;0.450531005859375;0.00755615234375;2.53999999358712;255;100 mA
142.090716641255;0.450592041015625;0.0075103759765625;2.54999999356187;256;100 mA
142.10071664123;0.450531005859375;0.007470703125;2.55999999353662;257;100 mA
142.110716641205;0.450592041015625;0.0074249267578125;2.56999999351137;258;100 mA
142.12071664118;0.450592041015625;0.0073822021484375;2.57999999348613;259;100 mA
142.130716641154;0.4505615234375;0.0073699951171875;2.58999999346088;260;100 mA
142.140716641129;0.45068359375;0.007342529296875;2.59999999343563;261;100 mA
142.150716641104;0.4505615234375;0.0073211669921875;2.60999999341038;262;100 mA
142.160716641079;0.450653076171875;0.0072845458984375;2.61999999338514;263;100 mA
142.170716641053;0.450592041015625;0.007244873046875;2.62999999335989;264;100 mA
142.180716641028;0.450592041015625;0.0072052001953125;2.63999999333464;265;100 mA
142.190716641003;0.45062255859375;0.0071563720703125;2.64999999330939;266;100 mA
142.200716640978;0.450592041015625;0.00712890625;2.65999999328415;267;100 mA
142.210716640952;0.450592041015625;0.007073974609375;2.6699999932589;268;100 mA
142.220716640927;0.450592041015625;0.0070587158203125;2.67999999323365;269;100 mA
142.230716640902;0.450653076171875;0.007037353515625;2.6899999932084;270;100 mA
142.240716640877;0.45062255859375;0.007049560546875;2.69999999318316;271;100 mA
142.250716640851;0.450592041015625;0.0070220947265625;2.70999999315791;272;100 mA
142.260716640826;0.4505615234375;0.0069732666015625;2.71999999313266;273;100 mA
142.270716640801;0.45062255859375;0.0069122314453125;2.72999999310741;274;100 mA
142.280716640776;0.4505615234375;0.00687255859375;2.73999999308217;275;100 mA
142.29071664075;0.450653076171875;0.0068450927734375;2.74999999305692;276;100 mA
142.300716640725;0.450653076171875;0.006817626953125;2.75999999303167;277;100 mA
142.3107166407;0.4505615234375;0.006787109375;2.76999999300642;278;100 mA
142.320716640675;0.450531005859375;0.00672607421875;2.77999999298117;279;100 mA
142.330716640649;0.45062255859375;0.0066925048828125;2.78999999295593;280;100 mA
142.340716640624;0.45068359375;0.006640625;2.79999999293068;281;100 mA
142.350716640599;0.450531005859375;0.0066131591796875;2.80999999290543;282;100 mA
142.360716640574;0.450592041015625;0.0065887451171875;2.81999999288018;283;100 mA
142.370716640548;0.450592041015625;0.0065673828125;2.82999999285494;284;100 mA
142.380716640523;0.45062255859375;0.0065460205078125;2.83999999282969;285;100 mA
142.390716640498;0.45062255859375;0.0065216064453125;2.84999999280444;286;100 mA
142.400716640473;0.4505615234375;0.006475830078125;2.85999999277919;287;100 mA
142.410716640448;0.4505615234375;0.0064422607421875;2.86999999275395;288;100 mA
142.420716640422;0.450653076171875;0.006427001953125;2.8799999927287;289;100 mA
142.430716640397;0.450592041015625;0.00635986328125;2.88999999270345;290;100 mA
142.440716640372;0.4505615234375;0.0063232421875;2.8999999926782;291;100 mA
142.450716640347;0.45062255859375;0.0062835693359375;2.90999999265296;292;100 mA
142.460716640321;0.45062255859375;0.0062652587890625;2.91999999262771;293;100 mA
142.470716640296;0.450592041015625;0.00623779296875;2.92999999260246;294;100 mA
142.480716640271;0.450653076171875;0.006207275390625;2.93999999257721;295;100 mA
142.490716640246;0.450592041015625;0.0061798095703125;2.94999999255197;296;100 mA
142.50071664022;0.450653076171875;0.0061492919921875;2.95999999252672;297;100 mA
142.510716640195;0.450653076171875;0.0061248779296875;2.96999999250147;298;100 mA
142.52071664017;0.450653076171875;0.0061065673828125;2.97999999247622;299;100 mA
142.530716640145;0.4505615234375;0.0060699462890625;2.98999999245098;300;100 mA
142.540716640119;0.45062255859375;0.006036376953125;2.99999999242573;301;100 mA
142.550716640094;0.450653076171875;0.005999755859375;3.00999999240048;302;100 mA
142.560716640069;0.450531005859375;0.0059814453125;3.01999999237523;303;100 mA
142.570716640044;0.45062255859375;0.0059814453125;3.02999999234999;304;100 mA
142.580716640018;0.450653076171875;0.0059417724609375;3.03999999232474;305;100 mA
142.590716639993;0.4505615234375;0.005926513671875;3.04999999229949;306;100 mA
142.600716639968;0.4505615234375;0.005889892578125;3.05999999227424;307;100 mA
142.610716639943;0.450592041015625;0.00587158203125;3.069999992249;308;100 mA
142.620716639917;0.4505615234375;0.0058380126953125;3.07999999222375;309;100 mA
142.630716639892;0.450592041015625;0.0058135986328125;3.0899999921985;310;100 mA
142.640716639867;0.45062255859375;0.0057952880859375;3.09999999217325;311;100 mA
142.650716639842;0.45062255859375;0.005792236328125;3.109999992148;312;100 mA
142.660716639816;0.450592041015625;0.005767822265625;3.11999999212276;313;100 mA
142.670716639791;0.450592041015625;0.005731201171875;3.12999999209751;314;100 mA
142.680716639766;0.450531005859375;0.005706787109375;3.13999999207226;315;100 mA
142.690716639741;0.45062255859375;0.0056884765625;3.14999999204701;316;100 mA
142.700716639715;0.450592041015625;0.0056640625;3.15999999202177;317;100 mA
142.71071663969;0.450653076171875;0.0056304931640625;3.16999999199652;318;100 mA
142.720716639665;0.4505615234375;0.005596923828125;3.17999999197127;319;100 mA
142.73071663964;0.450592041015625;0.0055755615234375;3.18999999194602;320;100 mA
142.740716639614;0.450592041015625;0.00556640625;3.19999999192078;321;100 mA
142.750716639589;0.450531005859375;0.0055511474609375;3.20999999189553;322;100 mA
142.760716639564;0.450592041015625;0.0055084228515625;3.21999999187028;323;100 mA
142.770716639539;0.450592041015625;0.0054901123046875;3.22999999184503;324;100 mA
142.780716639513;0.450653076171875;0.0054779052734375;3.23999999181979;325;100 mA
142.790716639488;0.4505615234375;0.0054840087890625;3.24999999179454;326;100 mA
142.800716639463;0.4505615234375;0.0054443359375;3.25999999176929;327;100 mA
142.810716639438;0.450653076171875;0.005401611328125;3.26999999174404;328;100 mA
142.820716639412;0.45062255859375;0.0053924560546875;3.2799999917188;329;100 mA
142.830716639387;0.4505615234375;0.00535888671875;3.28999999169355;330;100 mA
142.840716639362;0.45062255859375;0.005303955078125;3.2999999916683;331;100 mA
142.850716639337;0.4505615234375;0.0052734375;3.30999999164305;332;100 mA
142.860716639311;0.4505615234375;0.0052398681640625;3.31999999161781;333;100 mA
142.870716639286;0.45062255859375;0.005218505859375;3.32999999159256;334;100 mA
142.880716639261;0.45062255859375;0.0051849365234375;3.33999999156731;335;100 mA
142.890716639236;0.450531005859375;0.00518798828125;3.34999999154206;336;100 mA
142.90071663921;0.450592041015625;0.0051666259765625;3.35999999151682;337;100 mA
142.910716639185;0.450653076171875;0.005133056640625;3.36999999149157;338;100 mA
142.92071663916;0.450531005859375;0.00511474609375;3.37999999146632;339;100 mA
142.930716639135;0.450592041015625;0.005096435546875;3.38999999144107;340;100 mA
142.940716639109;0.45062255859375;0.0050872802734375;3.39999999141583;341;100 mA
142.950716639084;0.450592041015625;0.0050567626953125;3.40999999139058;342;100 mA
142.960716639059;0.45062255859375;0.0050445556640625;3.41999999136533;343;100 mA
142.970716639034;0.450653076171875;0.005010986328125;3.42999999134008;344;100 mA
142.980716639008;0.450653076171875;0.0049774169921875;3.43999999131483;345;100 mA
142.990716638983;0.45062255859375;0.0049530029296875;3.44999999128959;346;100 mA
143.000716638958;0.4505615234375;0.0049072265625;3.45999999126434;347;100 mA
143.010716638933;0.4505615234375;0.004876708984375;3.46999999123909;348;100 mA
143.020716638907;0.45062255859375;0.004833984375;3.47999999121384;349;100 mA
143.030716638882;0.450592041015625;0.004803466796875;3.4899999911886;350;100 mA
143.040716638857;0.450653076171875;0.004803466796875;3.49999999116335;351;100 mA
143.050716638832;0.45062255859375;0.00478515625;3.5099999911381;352;100 mA
143.060716638806;0.45074462890625;0.00477081298828125;3.51999999111285;353;100 mA
143.070716638781;0.450653076171875;0.00473968505859375;3.52999999108761;354;100 mA
143.080716638756;0.450653076171875;0.0047149658203125;3.53999999106236;355;100 mA
143.090716638731;0.4505615234375;0.004718017578125;3.54999999103711;356;100 mA
143.100716638705;0.450592041015625;0.00469573974609375;3.55999999101186;357;100 mA
143.11071663868;0.45068359375;0.004693603515625;3.56999999098662;358;100 mA
143.120716638655;0.45062255859375;0.0046624755859375;3.57999999096137;359;100 mA
143.13071663863;0.45062255859375;0.0046380615234375;3.58999999093612;360;100 mA
143.140716638604;0.450592041015625;0.0046099853515625;3.59999999091087;361;100 mA
143.150716638579;0.450714111328125;0.0045849609375;3.60999999088563;362;100 mA
143.160716638554;0.4505615234375;0.00456756591796875;3.61999999086038;363;100 mA
143.170716638529;0.45068359375;0.0045697021484375;3.62999999083513;364;100 mA
143.180716638503;0.45068359375;0.00453521728515625;3.63999999080988;365;100 mA
143.190716638478;0.450592041015625;0.00453460693359375;3.64999999078464;366;100 mA
143.200716638453;0.450714111328125;0.0045123291015625;3.65999999075939;367;100 mA
143.210716638428;0.450592041015625;0.004501953125;3.66999999073414;368;100 mA
143.220716638402;0.450653076171875;0.00447601318359375;3.67999999070889;369;100 mA
143.230716638377;0.45074462890625;0.00444366455078125;3.68999999068365;370;100 mA
143.240716638352;0.45062255859375;0.0044287109375;3.6999999906584;371;100 mA
143.250716638327;0.45062255859375;0.004404296875;3.70999999063315;372;100 mA
143.260716638301;0.450714111328125;0.004398193359375;3.7199999906079;373;100 mA
143.270716638276;0.450653076171875;0.0043658447265625;3.72999999058266;374;100 mA
143.280716638251;0.45062255859375;0.00435333251953125;3.73999999055741;375;100 mA
143.290716638226;0.450653076171875;0.00433197021484375;3.74999999053216;376;100 mA
143.3007166382;0.450653076171875;0.00431182861328125;3.75999999050691;377;100 mA
143.310716638175;0.450714111328125;0.00430328369140625;3.76999999048167;378;100 mA
143.32071663815;0.45068359375;0.00427398681640625;3.77999999045642;379;100 mA
143.330716638125;0.45068359375;0.00423492431640625;3.78999999043117;380;100 mA
143.340716638099;0.45062255859375;0.00423065185546875;3.79999999040592;381;100 mA
143.350716638074;0.450653076171875;0.00421173095703125;3.80999999038067;382;100 mA
143.360716638049;0.450653076171875;0.00421051025390625;3.81999999035543;383;100 mA
143.370716638024;0.450653076171875;0.00419189453125;3.82999999033018;384;100 mA
143.380716637998;0.45068359375;0.0041888427734375;3.83999999030493;385;100 mA
143.390716637973;0.45068359375;0.0041656494140625;3.84999999027968;386;100 mA
143.400716637948;0.45062255859375;0.00414276123046875;3.85999999025444;387;100 mA
143.410716637923;0.45062255859375;0.00409698486328125;3.86999999022919;388;100 mA
143.420716637897;0.45068359375;0.004058837890625;3.87999999020394;389;100 mA
143.430716637872;0.450653076171875;0.00404327392578125;3.88999999017869;390;100 mA
143.440716637847;0.45068359375;0.00403167724609375;3.89999999015345;391;100 mA
143.450716637822;0.450714111328125;0.004007568359375;3.9099999901282;392;100 mA
143.460716637797;0.450653076171875;0.00400390625;3.91999999010295;393;100 mA
143.470716637771;0.450653076171875;0.003975830078125;3.9299999900777;394;100 mA
143.480716637746;0.45062255859375;0.00395751953125;3.93999999005246;395;100 mA
143.490716637721;0.450653076171875;0.003934326171875;3.94999999002721;396;100 mA
143.500716637696;0.45068359375;0.00390625;3.95999999000196;397;100 mA
143.51071663767;0.45068359375;0.003883056640625;3.96999998997671;398;100 mA
143.520716637645;0.450592041015625;0.00386138916015625;3.97999998995147;399;100 mA
143.53071663762;0.450714111328125;0.00383758544921875;3.98999998992622;400;100 mA
143.540716637595;0.45068359375;0.003828125;3.99999998990097;401;100 mA
143.550716637569;0.45062255859375;0.003824462890625;4.00999998987572;402;100 mA
143.560716637544;0.45062255859375;0.00381134033203125;4.01999998985048;403;100 mA
143.570716637519;0.450592041015625;0.00377349853515625;4.02999998982523;404;100 mA
143.580716637494;0.45062255859375;0.00376068115234375;4.03999998979998;405;100 mA
143.590716637468;0.450714111328125;0.00374603271484375;4.04999998977473;406;100 mA
143.600716637443;0.45062255859375;0.00371673583984375;4.05999998974949;407;100 mA
143.610716637418;0.45068359375;0.00371978759765625;4.06999998972424;408;100 mA
143.620716637393;0.450714111328125;0.00371002197265625;4.07999998969899;409;100 mA
143.630716637367;0.45062255859375;0.00369476318359375;4.08999998967374;410;100 mA
143.640716637342;0.45062255859375;0.0036993408203125;4.0999999896485;411;100 mA
143.650716637317;0.450714111328125;0.00367645263671875;4.10999998962325;412;100 mA
143.660716637292;0.450592041015625;0.0036566162109375;4.119999989598;413;100 mA
143.670716637266;0.45062255859375;0.00363800048828125;4.12999998957275;414;100 mA
143.680716637241;0.450653076171875;0.0036090087890625;4.1399999895475;415;100 mA
143.690716637216;0.4505615234375;0.0036114501953125;4.14999998952226;416;100 mA
143.700716637191;0.450653076171875;0.00359222412109375;4.15999998949701;417;100 mA
143.710716637165;0.450653076171875;0.00358062744140625;4.16999998947176;418;100 mA
143.72071663714;0.45062255859375;0.003570556640625;4.17999998944651;419;100 mA
143.730716637115;0.450653076171875;0.0035577392578125;4.18999998942127;420;100 mA
143.74071663709;0.450714111328125;0.003543701171875;4.19999998939602;421;100 mA
143.750716637064;0.450653076171875;0.0035296630859375;4.20999998937077;422;100 mA
143.760716637039;0.450592041015625;0.00353271484375;4.21999998934552;423;100 mA
143.770716637014;0.450714111328125;0.00350311279296875;4.22999998932028;424;100 mA
143.780716636989;0.450775146484375;0.00347686767578125;4.23999998929503;425;100 mA
143.790716636963;0.450653076171875;0.00346466064453125;4.24999998926978;426;100 mA
143.800716636938;0.45068359375;0.003443603515625;4.25999998924453;427;100 mA
143.810716636913;0.450653076171875;0.00344390869140625;4.26999998921929;428;100 mA
143.820716636888;0.450653076171875;0.00342987060546875;4.27999998919404;429;100 mA
143.830716636862;0.450653076171875;0.00340362548828125;4.28999998916879;430;100 mA
143.840716636837;0.450653076171875;0.003404541015625;4.29999998914354;431;100 mA
143.850716636812;0.450714111328125;0.00339599609375;4.3099999891183;432;100 mA
143.860716636787;0.450653076171875;0.00338531494140625;4.31999998909305;433;100 mA
143.870716636761;0.45068359375;0.0033721923828125;4.3299999890678;434;100 mA
143.880716636736;0.45062255859375;0.00336700439453125;4.33999998904255;435;100 mA
143.890716636711;0.450714111328125;0.00333984375;4.34999998901731;436;100 mA
143.900716636686;0.450714111328125;0.003316650390625;4.35999998899206;437;100 mA
143.91071663666;0.450653076171875;0.00331268310546875;4.36999998896681;438;100 mA
143.920716636635;0.45062255859375;0.00328582763671875;4.37999998894156;439;100 mA
143.93071663661;0.45074462890625;0.0032733154296875;4.38999998891632;440;100 mA
143.940716636585;0.45068359375;0.00325408935546875;4.39999998889107;441;100 mA
143.950716636559;0.45074462890625;0.00322967529296875;4.40999998886582;442;100 mA
143.960716636534;0.450653076171875;0.003203125;4.41999998884057;443;100 mA
143.970716636509;0.45062255859375;0.003199462890625;4.42999998881533;444;100 mA
143.980716636484;0.45062255859375;0.0031707763671875;4.43999998879008;445;100 mA
143.990716636458;0.45062255859375;0.0031671142578125;4.44999998876483;446;100 mA
144.000716636433;0.45062255859375;0.00315704345703125;4.45999998873958;447;100 mA
144.010716636408;0.45068359375;0.00313446044921875;4.46999998871433;448;100 mA
144.020716636383;0.450653076171875;0.00312286376953125;4.47999998868909;449;100 mA
144.030716636357;0.450653076171875;0.00309356689453125;4.48999998866384;450;100 mA
144.040716636332;0.45062255859375;0.0030804443359375;4.49999998863859;451;100 mA
144.050716636307;0.450653076171875;0.00305389404296875;4.50999998861334;452;100 mA
144.060716636282;0.45068359375;0.00304443359375;4.5199999885881;453;100 mA
144.070716636256;0.45062255859375;0.00302642822265625;4.52999998856285;454;100 mA
144.080716636231;0.450592041015625;0.00301116943359375;4.5399999885376;455;100 mA
144.090716636206;0.45062255859375;0.00300994873046875;4.54999998851235;456;100 mA
144.100716636181;0.450653076171875;0.00300933837890625;4.55999998848711;457;100 mA
144.110716636155;0.45062255859375;0.0029998779296875;4.56999998846186;458;100 mA
144.12071663613;0.450653076171875;0.00300140380859375;4.57999998843661;459;100 mA
144.130716636105;0.450714111328125;0.003006591796875;4.58999998841136;460;100 mA
144.14071663608;0.45062255859375;0.00299957275390625;4.59999998838612;461;100 mA
144.150716636054;0.450714111328125;0.002967529296875;4.60999998836087;462;100 mA
144.160716636029;0.45062255859375;0.00296112060546875;4.61999998833562;463;100 mA
144.170716636004;0.450653076171875;0.00295196533203125;4.62999998831037;464;100 mA
144.180716635979;0.45062255859375;0.0029290771484375;4.63999998828513;465;100 mA
144.190716635953;0.450653076171875;0.002926025390625;4.64999998825988;466;100 mA
144.200716635928;0.45062255859375;0.0029010009765625;4.65999998823463;467;100 mA
144.210716635903;0.45062255859375;0.00287353515625;4.66999998820938;468;100 mA
144.220716635878;0.450653076171875;0.0028680419921875;4.67999998818414;469;100 mA
144.230716635852;0.4505615234375;0.002852783203125;4.68999998815889;470;100 mA
144.240716635827;0.45068359375;0.002845458984375;4.69999998813364;471;100 mA
144.250716635802;0.450714111328125;0.00283111572265625;4.70999998810839;472;100 mA
144.260716635777;0.45068359375;0.0028375244140625;4.71999998808315;473;100 mA
144.270716635751;0.450653076171875;0.00282501220703125;4.7299999880579;474;100 mA
144.280716635726;0.45068359375;0.00280242919921875;4.73999998803265;475;100 mA
144.290716635701;0.45062255859375;0.00279296875;4.7499999880074;476;100 mA
144.300716635676;0.45068359375;0.00277099609375;4.75999998798216;477;100 mA
144.31071663565;0.45068359375;0.002763671875;4.76999998795691;478;100 mA
144.320716635625;0.450714111328125;0.00274383544921875;4.77999998793166;479;100 mA
144.3307166356;0.45068359375;0.002718505859375;4.78999998790641;480;100 mA
144.340716635575;0.450653076171875;0.0027069091796875;4.79999998788116;481;100 mA
144.350716635549;0.450714111328125;0.0027044677734375;4.80999998785592;482;100 mA
144.360716635524;0.45062255859375;0.00270111083984375;4.81999998783067;483;100 mA
144.370716635499;0.450653076171875;0.00268310546875;4.82999998780542;484;100 mA
144.380716635474;0.45062255859375;0.00266754150390625;4.83999998778017;485;100 mA
144.390716635448;0.450653076171875;0.00267730712890625;4.84999998775493;486;100 mA
144.400716635423;0.45062255859375;0.0026593017578125;4.85999998772968;487;100 mA
144.410716635398;0.45074462890625;0.00265350341796875;4.86999998770443;488;100 mA
144.420716635373;0.450653076171875;0.0026434326171875;4.87999998767918;489;100 mA
144.430716635347;0.450714111328125;0.0026385498046875;4.88999998765394;490;100 mA
144.440716635322;0.450653076171875;0.00266510009765625;4.89999998762869;491;100 mA
144.450716635297;0.450714111328125;0.00262969970703125;4.90999998760344;492;100 mA
144.460716635272;0.45062255859375;0.00262603759765625;4.91999998757819;493;100 mA
144.470716635247;0.450653076171875;0.00261627197265625;4.92999998755295;494;100 mA
144.480716635221;0.450653076171875;0.00259368896484375;4.9399999875277;495;100 mA
144.490716635196;0.45068359375;0.0025946044921875;4.94999998750245;496;100 mA
144.500716635171;0.45068359375;0.00256072998046875;4.9599999874772;497;100 mA
144.510716635146;0.450653076171875;0.00253204345703125;4.96999998745196;498;100 mA
144.52071663512;0.450653076171875;0.0025;4.97999998742671;499;100 mA
144.530716635095;0.450653076171875;0.00248748779296875;4.98999998740146;500;100 mA
144.54071663507;0.450714111328125;0.0024798583984375;4.99999998737621;501;100 mA
144.550716635045;0.450775146484375;0.0024615478515625;5.00999998735097;502;100 mA
144.560716635019;0.450592041015625;0.00246307373046875;5.01999998732572;503;100 mA
144.570716634994;0.450714111328125;0.00245086669921875;5.02999998730047;504;100 mA
144.580716634969;0.45062255859375;0.00243896484375;5.03999998727522;505;100 mA
144.590716634944;0.45062255859375;0.00243896484375;5.04999998724998;506;100 mA
144.600716634918;0.45062255859375;0.00242462158203125;5.05999998722473;507;100 mA
144.610716634893;0.450653076171875;0.00242523193359375;5.06999998719948;508;100 mA
144.620716634868;0.45062255859375;0.002420654296875;5.07999998717423;509;100 mA
144.630716634843;0.45062255859375;0.00240386962890625;5.08999998714899;510;100 mA
144.640716634817;0.45068359375;0.00239288330078125;5.09999998712374;511;100 mA
144.650716634792;0.450714111328125;0.00237274169921875;5.10999998709849;512;100 mA
144.660716634767;0.45062255859375;0.002369384765625;5.11999998707324;513;100 mA
144.670716634742;0.450653076171875;0.00236175537109375;5.129999987048;514;100 mA
144.680716634716;0.45068359375;0.002344970703125;5.13999998702275;515;100 mA
144.690716634691;0.4505615234375;0.0023455810546875;5.1499999869975;516;100 mA
144.700716634666;0.45068359375;0.0023199462890625;5.15999998697225;517;100 mA
144.710716634641;0.450653076171875;0.00231292724609375;5.169999986947;518;100 mA
144.720716634615;0.45062255859375;0.0023089599609375;5.17999998692176;519;100 mA
144.73071663459;0.450653076171875;0.00230010986328125;5.18999998689651;520;100 mA
144.740716634565;0.450714111328125;0.00229156494140625;5.19999998687126;521;100 mA
144.75071663454;0.450653076171875;0.00227294921875;5.20999998684601;522;100 mA
144.760716634514;0.45068359375;0.00226776123046875;5.21999998682077;523;100 mA
144.770716634489;0.45062255859375;0.0022589111328125;5.22999998679552;524;100 mA
144.780716634464;0.45068359375;0.00224822998046875;5.23999998677027;525;100 mA
144.790716634439;0.45074462890625;0.00225189208984375;5.24999998674502;526;100 mA
144.800716634413;0.45062255859375;0.00224456787109375;5.25999998671978;527;100 mA
144.810716634388;0.45062255859375;0.00224029541015625;5.26999998669453;528;100 mA
144.820716634363;0.45068359375;0.0022247314453125;5.27999998666928;529;100 mA
144.830716634338;0.45062255859375;0.00221710205078125;5.28999998664403;530;100 mA
144.840716634312;0.45062255859375;0.00221649169921875;5.29999998661879;531;100 mA
144.850716634287;0.45068359375;0.002203369140625;5.30999998659354;532;100 mA
144.860716634262;0.45068359375;0.00219482421875;5.31999998656829;533;100 mA
144.870716634237;0.45062255859375;0.002186279296875;5.32999998654304;534;100 mA
144.880716634211;0.45062255859375;0.002174072265625;5.3399999865178;535;100 mA
144.890716634186;0.450653076171875;0.0021856689453125;5.34999998649255;536;100 mA
144.900716634161;0.45068359375;0.0021697998046875;5.3599999864673;537;100 mA
144.910716634136;0.45068359375;0.00215667724609375;5.36999998644205;538;100 mA
144.92071663411;0.450653076171875;0.00215118408203125;5.37999998641681;539;100 mA
144.930716634085;0.45062255859375;0.00213043212890625;5.38999998639156;540;100 mA
144.94071663406;0.45068359375;0.00212005615234375;5.39999998636631;541;100 mA
144.950716634035;0.45068359375;0.0021136474609375;5.40999998634106;542;100 mA
144.960716634009;0.45062255859375;0.002125244140625;5.41999998631582;543;100 mA
144.970716633984;0.450653076171875;0.00210662841796875;5.42999998629057;544;100 mA
144.980716633959;0.45068359375;0.00209930419921875;5.43999998626532;545;100 mA
144.990716633934;0.450592041015625;0.00210662841796875;5.44999998624007;546;100 mA
145.000716633908;0.450653076171875;0.0020928955078125;5.45999998621483;547;100 mA
145.010716633883;0.450653076171875;0.0020745849609375;5.46999998618958;548;100 mA
145.020716633858;0.45068359375;0.002071533203125;5.47999998616433;549;100 mA
145.030716633833;0.45062255859375;0.00205596923828125;5.48999998613908;550;100 mA
145.040716633807;0.450653076171875;0.00206024169921875;5.49999998611383;551;100 mA
145.050716633782;0.450714111328125;0.00203033447265625;5.50999998608859;552;100 mA
145.060716633757;0.450653076171875;0.002012939453125;5.51999998606334;553;100 mA
145.070716633732;0.45062255859375;0.0020135498046875;5.52999998603809;554;100 mA
145.080716633706;0.45068359375;0.002000732421875;5.53999998601284;555;100 mA
145.090716633681;0.450714111328125;0.00199859619140625;5.5499999859876;556;100 mA
145.100716633656;0.450592041015625;0.00198272705078125;5.55999998596235;557;100 mA
145.110716633631;0.45062255859375;0.00196929931640625;5.5699999859371;558;100 mA
145.120716633605;0.450653076171875;0.00195770263671875;5.57999998591185;559;100 mA
145.13071663358;0.450592041015625;0.00194976806640625;5.58999998588661;560;100 mA
145.140716633555;0.45068359375;0.0019488525390625;5.59999998586136;561;100 mA
145.15071663353;0.45068359375;0.00193267822265625;5.60999998583611;562;100 mA
145.160716633504;0.45062255859375;0.0019207763671875;5.61999998581086;563;100 mA
145.170716633479;0.45068359375;0.0019158935546875;5.62999998578562;564;100 mA
145.180716633454;0.45068359375;0.00190582275390625;5.63999998576037;565;100 mA
145.190716633429;0.450592041015625;0.0019024658203125;5.64999998573512;566;100 mA
145.200716633403;0.450653076171875;0.00189178466796875;5.65999998570987;567;100 mA
145.210716633378;0.450653076171875;0.00188690185546875;5.66999998568463;568;100 mA
145.220716633353;0.45068359375;0.00188018798828125;5.67999998565938;569;100 mA
145.230716633328;0.45068359375;0.001871337890625;5.68999998563413;570;100 mA
145.240716633302;0.450653076171875;0.00187225341796875;5.69999998560888;571;100 mA
145.250716633277;0.450714111328125;0.00184844970703125;5.70999998558364;572;100 mA
145.260716633252;0.450653076171875;0.001854248046875;5.71999998555839;573;100 mA
145.270716633227;0.450653076171875;0.0018505859375;5.72999998553314;574;100 mA
145.280716633201;0.45068359375;0.00184326171875;5.73999998550789;575;100 mA
145.290716633176;0.45062255859375;0.0018463134765625;5.74999998548265;576;100 mA
145.300716633151;0.450653076171875;0.00183624267578125;5.7599999854574;577;100 mA
145.310716633126;0.45068359375;0.00182830810546875;5.76999998543215;578;100 mA
145.3207166331;0.45062255859375;0.001820068359375;5.7799999854069;579;100 mA
145.330716633075;0.45062255859375;0.0018084716796875;5.78999998538166;580;100 mA
145.34071663305;0.45062255859375;0.0018157958984375;5.79999998535641;581;100 mA
145.350716633025;0.450714111328125;0.0017926025390625;5.80999998533116;582;100 mA
145.360716632999;0.450653076171875;0.001790771484375;5.81999998530591;583;100 mA
145.370716632974;0.450592041015625;0.00178924560546875;5.82999998528066;584;100 mA
145.380716632949;0.450653076171875;0.0017767333984375;5.83999998525542;585;100 mA
145.390716632924;0.450592041015625;0.00177581787109375;5.84999998523017;586;100 mA
145.400716632898;0.45068359375;0.0017596435546875;5.85999998520492;587;100 mA
145.410716632873;0.450653076171875;0.00175079345703125;5.86999998517967;588;100 mA
145.420716632848;0.450775146484375;0.001741943359375;5.87999998515443;589;100 mA
145.430716632823;0.450714111328125;0.00173248291015625;5.88999998512918;590;100 mA
145.440716632797;0.450653076171875;0.00172637939453125;5.89999998510393;591;100 mA
145.450716632772;0.450775146484375;0.0017083740234375;5.90999998507868;592;100 mA
145.460716632747;0.45062255859375;0.00171722412109375;5.91999998505344;593;100 mA
145.470716632722;0.45062255859375;0.0017181396484375;5.92999998502819;594;100 mA
145.480716632696;0.450653076171875;0.00172637939453125;5.93999998500294;595;100 mA
145.490716632671;0.450592041015625;0.00171417236328125;5.94999998497769;596;100 mA
145.500716632646;0.450714111328125;0.001700439453125;5.95999998495245;597;100 mA
145.510716632621;0.45068359375;0.0017041015625;5.9699999849272;598;100 mA
145.520716632596;0.45068359375;0.00169036865234375;5.97999998490195;599;100 mA
145.53071663257;0.45062255859375;0.00169219970703125;5.9899999848767;600;100 mA
145.540716632545;0.45068359375;0.0016864013671875;5.99999998485146;601;100 mA
145.55071663252;0.45068359375;0.0016668701171875;6.00999998482621;602;100 mA
145.560716632495;0.450653076171875;0.00167236328125;6.01999998480096;603;100 mA
145.570716632469;0.450653076171875;0.00164306640625;6.02999998477571;604;100 mA
145.580716632444;0.45062255859375;0.001624755859375;6.03999998475047;605;100 mA
145.590716632419;0.450653076171875;0.00162078857421875;6.04999998472522;606;100 mA
145.600716632394;0.450653076171875;0.00160858154296875;6.05999998469997;607;100 mA
145.610716632368;0.450714111328125;0.0015972900390625;6.06999998467472;608;100 mA
145.620716632343;0.45062255859375;0.00158294677734375;6.07999998464948;609;100 mA
145.630716632318;0.4505615234375;0.00157470703125;6.08999998462423;610;100 mA
145.640716632293;0.450653076171875;0.00157501220703125;6.09999998459898;611;100 mA
145.650716632267;0.450714111328125;0.00155731201171875;6.10999998457373;612;100 mA
145.660716632242;0.450714111328125;0.0015631103515625;6.11999998454849;613;100 mA
145.670716632217;0.45068359375;0.00155731201171875;6.12999998452324;614;100 mA
145.680716632192;0.450592041015625;0.00154998779296875;6.13999998449799;615;100 mA
145.690716632166;0.45068359375;0.0015606689453125;6.14999998447274;616;100 mA
145.700716632141;0.450653076171875;0.00154327392578125;6.1599999844475;617;100 mA
145.710716632116;0.45062255859375;0.00153961181640625;6.16999998442225;618;100 mA
145.720716632091;0.450714111328125;0.00153350830078125;6.179999984397;619;100 mA
145.730716632065;0.450653076171875;0.00152099609375;6.18999998437175;620;100 mA
145.74071663204;0.450714111328125;0.001533203125;6.1999999843465;621;100 mA
145.750716632015;0.450714111328125;0.00151885986328125;6.20999998432126;622;100 mA
145.76071663199;0.45062255859375;0.00151611328125;6.21999998429601;623;100 mA
145.770716631964;0.450653076171875;0.00151458740234375;6.22999998427076;624;100 mA
145.780716631939;0.45068359375;0.00150543212890625;6.23999998424551;625;100 mA
145.790716631914;0.45062255859375;0.00150970458984375;6.24999998422027;626;100 mA
145.800716631889;0.45062255859375;0.0014935302734375;6.25999998419502;627;100 mA
145.810716631863;0.450653076171875;0.00149749755859375;6.26999998416977;628;100 mA
145.820716631838;0.450653076171875;0.00149200439453125;6.27999998414452;629;100 mA
145.830716631813;0.450653076171875;0.0014794921875;6.28999998411928;630;100 mA
145.840716631788;0.450653076171875;0.00147918701171875;6.29999998409403;631;100 mA
145.850716631762;0.45068359375;0.00146942138671875;6.30999998406878;632;100 mA
145.860716631737;0.45068359375;0.0014727783203125;6.31999998404353;633;100 mA
145.870716631712;0.450653076171875;0.00146697998046875;6.32999998401829;634;100 mA
145.880716631687;0.450653076171875;0.00145263671875;6.33999998399304;635;100 mA
145.890716631661;0.45062255859375;0.001468505859375;6.34999998396779;636;100 mA
145.900716631636;0.450714111328125;0.0014544677734375;6.35999998394254;637;100 mA
145.910716631611;0.450653076171875;0.0014373779296875;6.3699999839173;638;100 mA
145.920716631586;0.450653076171875;0.00142059326171875;6.37999998389205;639;100 mA
145.93071663156;0.450714111328125;0.0014166259765625;6.3899999838668;640;100 mA
145.940716631535;0.450653076171875;0.0014141845703125;6.39999998384155;641;100 mA
145.95071663151;0.45062255859375;0.00141021728515625;6.40999998381631;642;100 mA
145.960716631485;0.450714111328125;0.0014117431640625;6.41999998379106;643;100 mA
145.970716631459;0.450653076171875;0.00141845703125;6.42999998376581;644;100 mA
145.980716631434;0.450714111328125;0.00141082763671875;6.43999998374056;645;100 mA
145.990716631409;0.450653076171875;0.0014111328125;6.44999998371532;646;100 mA
146.000716631384;0.45062255859375;0.00139495849609375;6.45999998369007;647;100 mA
146.010716631358;0.450653076171875;0.00140380859375;6.46999998366482;648;100 mA
146.020716631333;0.450714111328125;0.001392822265625;6.47999998363957;649;100 mA
146.030716631308;0.45062255859375;0.001387939453125;6.48999998361433;650;100 mA
146.040716631283;0.45062255859375;0.00137603759765625;6.49999998358908;651;100 mA
146.050716631257;0.45074462890625;0.001353759765625;6.50999998356383;652;100 mA
146.060716631232;0.450653076171875;0.00134429931640625;6.51999998353858;653;100 mA
146.070716631207;0.450653076171875;0.001334228515625;6.52999998351333;654;100 mA
146.080716631182;0.45062255859375;0.001322021484375;6.53999998348809;655;100 mA
146.090716631156;0.45068359375;0.00131988525390625;6.54999998346284;656;100 mA
146.100716631131;0.45062255859375;0.00130523681640625;6.55999998343759;657;100 mA
146.110716631106;0.45062255859375;0.00129791259765625;6.56999998341234;658;100 mA
146.120716631081;0.45062255859375;0.00129547119140625;6.5799999833871;659;100 mA
146.130716631055;0.45062255859375;0.0012872314453125;6.58999998336185;660;100 mA
146.14071663103;0.45074462890625;0.00128387451171875;6.5999999833366;661;100 mA
146.150716631005;0.450714111328125;0.00127197265625;6.60999998331135;662;100 mA
146.16071663098;0.45062255859375;0.001292724609375;6.61999998328611;663;100 mA
146.170716630954;0.45068359375;0.00129150390625;6.62999998326086;664;100 mA
146.180716630929;0.45068359375;0.00127899169921875;6.63999998323561;665;100 mA
146.190716630904;0.450592041015625;0.00127655029296875;6.64999998321036;666;100 mA
146.200716630879;0.45068359375;0.00126373291015625;6.65999998318512;667;100 mA
146.210716630853;0.450653076171875;0.001259765625;6.66999998315987;668;100 mA
146.220716630828;0.450653076171875;0.00125335693359375;6.67999998313462;669;100 mA
146.230716630803;0.450714111328125;0.00123779296875;6.68999998310937;670;100 mA
146.240716630778;0.45062255859375;0.001243896484375;6.69999998308413;671;100 mA
146.250716630752;0.45068359375;0.00123931884765625;6.70999998305888;672;100 mA
146.260716630727;0.450653076171875;0.00124267578125;6.71999998303363;673;100 mA
146.270716630702;0.45068359375;0.0012353515625;6.72999998300838;674;100 mA
146.280716630677;0.450653076171875;0.0012384033203125;6.73999998298314;675;100 mA
146.290716630651;0.450592041015625;0.00124114990234375;6.74999998295789;676;100 mA
146.300716630626;0.45068359375;0.00122467041015625;6.75999998293264;677;100 mA
146.310716630601;0.45062255859375;0.00122100830078125;6.76999998290739;678;100 mA
146.320716630576;0.450653076171875;0.00121826171875;6.77999998288215;679;100 mA
146.33071663055;0.4505615234375;0.00121490478515625;6.7899999828569;680;100 mA
146.340716630525;0.450653076171875;0.00121307373046875;6.79999998283165;681;100 mA
146.3507166305;0.45074462890625;0.0011981201171875;6.8099999828064;682;100 mA
146.360716630475;0.450653076171875;0.00119598388671875;6.81999998278116;683;100 mA
146.370716630449;0.450714111328125;0.00118896484375;6.82999998275591;684;100 mA
146.380716630424;0.450653076171875;0.0011810302734375;6.83999998273066;685;100 mA
146.390716630399;0.450714111328125;0.00118011474609375;6.84999998270541;686;100 mA
146.400716630374;0.450653076171875;0.00116729736328125;6.85999998268016;687;100 mA
146.410716630348;0.45074462890625;0.00116058349609375;6.86999998265492;688;100 mA
146.420716630323;0.450653076171875;0.00116729736328125;6.87999998262967;689;100 mA
146.430716630298;0.450653076171875;0.001156005859375;6.88999998260442;690;100 mA
146.440716630273;0.45068359375;0.0011773681640625;6.89999998257917;691;100 mA
146.450716630247;0.45062255859375;0.00115325927734375;6.90999998255393;692;100 mA
146.460716630222;0.45068359375;0.00115142822265625;6.91999998252868;693;100 mA
146.470716630197;0.45068359375;0.00113983154296875;6.92999998250343;694;100 mA
146.480716630172;0.450653076171875;0.0011395263671875;6.93999998247818;695;100 mA
146.490716630146;0.45068359375;0.00114593505859375;6.94999998245294;696;100 mA
146.500716630121;0.45068359375;0.00113037109375;6.95999998242769;697;100 mA
146.510716630096;0.45068359375;0.001131591796875;6.96999998240244;698;100 mA
146.520716630071;0.45062255859375;0.0011248779296875;6.97999998237719;699;100 mA
146.530716630046;0.450653076171875;0.00110870361328125;6.98999998235195;700;100 mA
146.54071663002;0.45068359375;0.00110626220703125;6.9999999823267;701;100 mA
146.550716629995;0.45074462890625;0.0010882568359375;7.00999998230145;702;100 mA
146.56071662997;0.45068359375;0.0010791015625;7.0199999822762;703;100 mA
146.570716629945;0.450714111328125;0.00107025146484375;7.02999998225096;704;100 mA
146.580716629919;0.45062255859375;0.0010675048828125;7.03999998222571;705;100 mA
146.590716629894;0.450653076171875;0.00106903076171875;7.04999998220046;706;100 mA
146.600716629869;0.45068359375;0.0010498046875;7.05999998217521;707;100 mA
146.610716629844;0.45068359375;0.00105255126953125;7.06999998214997;708;100 mA
146.620716629818;0.450653076171875;0.0010528564453125;7.07999998212472;709;100 mA
146.630716629793;0.450653076171875;0.00105255126953125;7.08999998209947;710;100 mA
146.640716629768;0.45062255859375;0.0010595703125;7.09999998207422;711;100 mA
146.650716629743;0.450653076171875;0.0010443115234375;7.10999998204898;712;100 mA
146.660716629717;0.45062255859375;0.00104339599609375;7.11999998202373;713;100 mA
146.670716629692;0.450653076171875;0.00102874755859375;7.12999998199848;714;100 mA
146.680716629667;0.450653076171875;0.001019287109375;7.13999998197323;715;100 mA
146.690716629642;0.450653076171875;0.0010284423828125;7.14999998194799;716;100 mA
146.700716629616;0.45068359375;0.0010223388671875;7.15999998192274;717;100 mA
146.710716629591;0.450653076171875;0.0010205078125;7.16999998189749;718;100 mA
146.720716629566;0.450653076171875;0.0010211181640625;7.17999998187224;719;100 mA
146.730716629541;0.45068359375;0.00101654052734375;7.189999981847;720;100 mA
146.740716629515;0.45062255859375;0.00101531982421875;7.19999998182175;721;100 mA
146.75071662949;0.45068359375;0.000997314453125001;7.2099999817965;722;100 mA
146.760716629465;0.450714111328125;0.00100616455078125;7.21999998177125;723;100 mA
146.77071662944;0.450592041015625;0.00100128173828125;7.229999981746;724;100 mA
146.780716629414;0.450653076171875;0.00099517822265625;7.23999998172076;725;100 mA
146.790716629389;0.450653076171875;0.000997314453125001;7.24999998169551;726;100 mA
146.800716629364;0.45068359375;0.000986328125;7.25999998167026;727;100 mA
146.810716629339;0.450653076171875;0.000992431640624999;7.26999998164501;728;100 mA
146.820716629313;0.45062255859375;0.0009906005859375;7.27999998161977;729;100 mA
146.830716629288;0.450592041015625;0.000986633300781251;7.28999998159452;730;100 mA
146.840716629263;0.45068359375;0.00099639892578125;7.29999998156927;731;100 mA
146.850716629238;0.450653076171875;0.0009686279296875;7.30999998154402;732;100 mA
146.860716629212;0.450653076171875;0.000960693359375001;7.31999998151878;733;100 mA
146.870716629187;0.450531005859375;0.000965270996093751;7.32999998149353;734;100 mA
146.880716629162;0.450653076171875;0.0009527587890625;7.33999998146828;735;100 mA
146.890716629137;0.450714111328125;0.000951538085937501;7.34999998144303;736;100 mA
146.900716629111;0.45068359375;0.000951538085937501;7.35999998141779;737;100 mA
146.910716629086;0.45062255859375;0.00096588134765625;7.36999998139254;738;100 mA
146.920716629061;0.450714111328125;0.000946044921875;7.37999998136729;739;100 mA
146.930716629036;0.450653076171875;0.00094482421875;7.38999998134204;740;100 mA
146.94071662901;0.450653076171875;0.00094635009765625;7.3999999813168;741;100 mA
146.950716628985;0.450714111328125;0.00093719482421875;7.40999998129155;742;100 mA
146.96071662896;0.450653076171875;0.00093963623046875;7.4199999812663;743;100 mA
146.970716628935;0.450653076171875;0.00093505859375;7.42999998124105;744;100 mA
146.980716628909;0.450653076171875;0.0009246826171875;7.43999998121581;745;100 mA
146.990716628884;0.4505615234375;0.00092926025390625;7.44999998119056;746;100 mA
147.000716628859;0.45062255859375;0.000911560058593749;7.45999998116531;747;100 mA
147.010716628834;0.45068359375;0.0008941650390625;7.46999998114006;748;100 mA
147.020716628808;0.45068359375;0.000895080566406251;7.47999998111482;749;100 mA
147.030716628783;0.450653076171875;0.000885925292968751;7.48999998108957;750;100 mA
147.040716628758;0.45068359375;0.0008868408203125;7.49999998106432;751;100 mA
147.050716628733;0.450714111328125;0.000871887207031249;7.50999998103907;752;100 mA
147.060716628707;0.45062255859375;0.00087554931640625;7.51999998101383;753;100 mA
147.070716628682;0.45062255859375;0.000867614746093751;7.52999998098858;754;100 mA
147.080716628657;0.450653076171875;0.00087646484375;7.53999998096333;755;100 mA
147.090716628632;0.450653076171875;0.00087249755859375;7.54999998093808;756;100 mA
147.100716628606;0.45062255859375;0.000862731933593749;7.55999998091283;757;100 mA
147.110716628581;0.450592041015625;0.000861511230468751;7.56999998088759;758;100 mA
147.120716628556;0.45068359375;0.000862731933593749;7.57999998086234;759;100 mA
147.130716628531;0.45068359375;0.000850524902343749;7.58999998083709;760;100 mA
147.140716628505;0.450592041015625;0.000856628417968749;7.59999998081184;761;100 mA
147.15071662848;0.45062255859375;0.000841674804687501;7.6099999807866;762;100 mA
147.160716628455;0.45062255859375;0.000839843749999999;7.61999998076135;763;100 mA
147.17071662843;0.4505615234375;0.00083831787109375;7.6299999807361;764;100 mA
147.180716628404;0.450653076171875;0.00083282470703125;7.63999998071085;765;100 mA
147.190716628379;0.450592041015625;0.00083740234375;7.64999998068561;766;100 mA
147.200716628354;0.450653076171875;0.000831298828125;7.65999998066036;767;100 mA
147.210716628329;0.450653076171875;0.000828857421875;7.66999998063511;768;100 mA
147.220716628303;0.45062255859375;0.000823364257812501;7.67999998060986;769;100 mA
147.230716628278;0.45062255859375;0.00081512451171875;7.68999998058462;770;100 mA
147.240716628253;0.45074462890625;0.000817260742187501;7.69999998055937;771;100 mA
147.250716628228;0.45068359375;0.00080230712890625;7.70999998053412;772;100 mA
147.260716628202;0.450592041015625;0.00080718994140625;7.71999998050887;773;100 mA
147.270716628177;0.45074462890625;0.000803222656249999;7.72999998048363;774;100 mA
147.280716628152;0.45062255859375;0.00080596923828125;7.73999998045838;775;100 mA
147.290716628127;0.450653076171875;0.0008221435546875;7.74999998043313;776;100 mA
147.300716628101;0.45068359375;0.000801696777343749;7.75999998040788;777;100 mA
147.310716628076;0.450714111328125;0.00079315185546875;7.76999998038264;778;100 mA
147.320716628051;0.450592041015625;0.000792846679687501;7.77999998035739;779;100 mA
147.330716628026;0.450653076171875;0.00078155517578125;7.78999998033214;780;100 mA
147.340716628;0.4505615234375;0.000787963867187499;7.79999998030689;781;100 mA
147.350716627975;0.450653076171875;0.00076873779296875;7.80999998028165;782;100 mA
147.36071662795;0.45062255859375;0.000782470703125;7.8199999802564;783;100 mA
147.370716627925;0.45068359375;0.00078094482421875;7.82999998023115;784;100 mA
147.380716627899;0.450653076171875;0.000772705078124999;7.8399999802059;785;100 mA
147.390716627874;0.450653076171875;0.00078155517578125;7.84999998018066;786;100 mA
147.400716627849;0.450714111328125;0.0007757568359375;7.85999998015541;787;100 mA
147.410716627824;0.450653076171875;0.000779113769531251;7.86999998013016;788;100 mA
147.420716627798;0.450653076171875;0.00077484130859375;7.87999998010491;789;100 mA
147.430716627773;0.450592041015625;0.000770263671875;7.88999998007966;790;100 mA
147.440716627748;0.45062255859375;0.000763549804687499;7.89999998005442;791;100 mA
147.450716627723;0.45068359375;0.000758972167968749;7.90999998002917;792;100 mA
147.460716627697;0.450653076171875;0.0007586669921875;7.91999998000392;793;100 mA
147.470716627672;0.450714111328125;0.00073699951171875;7.92999997997867;794;100 mA
147.480716627647;0.450653076171875;0.0007342529296875;7.93999997995343;795;100 mA
147.490716627622;0.450714111328125;0.00073577880859375;7.94999997992818;796;100 mA
147.500716627596;0.45062255859375;0.000718994140625;7.95999997990293;797;100 mA
147.510716627571;0.45062255859375;0.0007183837890625;7.96999997987768;798;100 mA
147.520716627546;0.450714111328125;0.00071258544921875;7.97999997985244;799;100 mA
147.530716627521;0.45062255859375;0.000708923339843751;7.98999997982719;800;100 mA
147.540716627495;0.45068359375;0.00071746826171875;7.99999997980194;801;100 mA
147.55071662747;0.450653076171875;0.000704345703125001;8.00999997977669;802;100 mA
147.560716627445;0.45068359375;0.000711669921874999;8.01999997975145;803;100 mA
147.57071662742;0.45074462890625;0.00070709228515625;8.0299999797262;804;100 mA
147.580716627395;0.450653076171875;0.000703125;8.03999997970095;805;100 mA
147.590716627369;0.450653076171875;0.000706787109375;8.0499999796757;806;100 mA
147.600716627344;0.45068359375;0.000698242187500001;8.05999997965046;807;100 mA
147.610716627319;0.45062255859375;0.00069305419921875;8.06999997962521;808;100 mA
147.620716627294;0.450592041015625;0.00069183349609375;8.07999997959996;809;100 mA
147.630716627268;0.45062255859375;0.0006884765625;8.08999997957471;810;100 mA
147.640716627243;0.450714111328125;0.00069091796875;8.09999997954947;811;100 mA
147.650716627218;0.450714111328125;0.000682678222656249;8.10999997952422;812;100 mA
147.660716627193;0.450653076171875;0.000689697265625;8.11999997949897;813;100 mA
147.670716627167;0.450775146484375;0.00068206787109375;8.12999997947372;814;100 mA
147.680716627142;0.450714111328125;0.0006787109375;8.13999997944848;815;100 mA
147.690716627117;0.45068359375;0.0006744384765625;8.14999997942323;816;100 mA
147.700716627092;0.450592041015625;0.00066864013671875;8.15999997939798;817;100 mA
147.710716627066;0.450653076171875;0.000671997070312499;8.16999997937273;818;100 mA
147.720716627041;0.45068359375;0.000679626464843749;8.17999997934749;819;100 mA
147.730716627016;0.45068359375;0.000667419433593749;8.18999997932224;820;100 mA
147.740716626991;0.45062255859375;0.00067108154296875;8.19999997929699;821;100 mA
147.750716626965;0.450653076171875;0.00066192626953125;8.20999997927174;822;100 mA
147.76071662694;0.450592041015625;0.00066650390625;8.2199999792465;823;100 mA
147.770716626915;0.45068359375;0.000670776367187501;8.22999997922125;824;100 mA
147.78071662689;0.450714111328125;0.000644836425781251;8.239999979196;825;100 mA
147.790716626864;0.45068359375;0.00064727783203125;8.24999997917075;826;100 mA
147.800716626839;0.45068359375;0.0006427001953125;8.2599999791455;827;100 mA
147.810716626814;0.45074462890625;0.00064605712890625;8.26999997912026;828;100 mA
147.820716626789;0.45062255859375;0.0006439208984375;8.27999997909501;829;100 mA
147.830716626763;0.45062255859375;0.0006365966796875;8.28999997906976;830;100 mA
147.840716626738;0.450714111328125;0.000646362304687501;8.29999997904451;831;100 mA
147.850716626713;0.45068359375;0.00063446044921875;8.30999997901927;832;100 mA
147.860716626688;0.450592041015625;0.00065185546875;8.31999997899402;833;100 mA
147.870716626662;0.45068359375;0.00064239501953125;8.32999997896877;834;100 mA
147.880716626637;0.45074462890625;0.00062896728515625;8.33999997894352;835;100 mA
147.890716626612;0.45062255859375;0.00064422607421875;8.34999997891828;836;100 mA
147.900716626587;0.450653076171875;0.000634765625;8.35999997889303;837;100 mA
147.910716626561;0.450653076171875;0.00062835693359375;8.36999997886778;838;100 mA
147.920716626536;0.45068359375;0.0006182861328125;8.37999997884253;839;100 mA
147.930716626511;0.450653076171875;0.00060882568359375;8.38999997881729;840;100 mA
147.940716626486;0.450653076171875;0.00060546875;8.39999997879204;841;100 mA
147.95071662646;0.45068359375;0.000595703124999999;8.40999997876679;842;100 mA
147.960716626435;0.450653076171875;0.000599365234375;8.41999997874154;843;100 mA
147.97071662641;0.45062255859375;0.000597229003906249;8.4299999787163;844;100 mA
147.980716626385;0.45062255859375;0.000584716796875;8.43999997869105;845;100 mA
147.990716626359;0.450592041015625;0.000596008300781251;8.4499999786658;846;100 mA
148.000716626334;0.45062255859375;0.0005780029296875;8.45999997864055;847;100 mA
148.010716626309;0.45062255859375;0.000591430664062501;8.46999997861531;848;100 mA
148.020716626284;0.4505615234375;0.000585327148437501;8.47999997859006;849;100 mA
148.030716626258;0.450653076171875;0.00058441162109375;8.48999997856481;850;100 mA
148.040716626233;0.450653076171875;0.0005865478515625;8.49999997853956;851;100 mA
148.050716626208;0.450714111328125;0.00057373046875;8.50999997851432;852;100 mA
148.060716626183;0.450592041015625;0.000575866699218749;8.51999997848907;853;100 mA
148.070716626157;0.45062255859375;0.00057708740234375;8.52999997846382;854;100 mA
148.080716626132;0.45062255859375;0.000570068359375001;8.53999997843857;855;100 mA
148.090716626107;0.450592041015625;0.00057525634765625;8.54999997841333;856;100 mA
148.100716626082;0.450592041015625;0.00056915283203125;8.55999997838808;857;100 mA
148.110716626056;0.450714111328125;0.000568542480468751;8.56999997836283;858;100 mA
148.120716626031;0.45068359375;0.000567016601562501;8.57999997833758;859;100 mA
148.130716626006;0.450653076171875;0.0005621337890625;8.58999997831233;860;100 mA
148.140716625981;0.45062255859375;0.0005633544921875;8.59999997828709;861;100 mA
148.150716625955;0.45062255859375;0.0005584716796875;8.60999997826184;862;100 mA
148.16071662593;0.45068359375;0.00056182861328125;8.61999997823659;863;100 mA
148.170716625905;0.45062255859375;0.0005584716796875;8.62999997821134;864;100 mA
148.18071662588;0.45068359375;0.00055084228515625;8.6399999781861;865;100 mA
148.190716625854;0.450653076171875;0.00055999755859375;8.64999997816085;866;100 mA
148.200716625829;0.45068359375;0.000550537109375;8.6599999781356;867;100 mA
148.210716625804;0.45068359375;0.0005535888671875;8.66999997811035;868;100 mA
148.220716625779;0.4505615234375;0.000548400878906249;8.67999997808511;869;100 mA
148.230716625753;0.45068359375;0.0005450439453125;8.68999997805986;870;100 mA
148.240716625728;0.450592041015625;0.000548095703125;8.69999997803461;871;100 mA
148.250716625703;0.45068359375;0.0005401611328125;8.70999997800936;872;100 mA
148.260716625678;0.450653076171875;0.0005413818359375;8.71999997798412;873;100 mA
148.270716625652;0.450775146484375;0.000536193847656249;8.72999997795887;874;100 mA
148.280716625627;0.450653076171875;0.00053131103515625;8.73999997793362;875;100 mA
148.290716625602;0.45068359375;0.000541076660156251;8.74999997790837;876;100 mA
148.300716625577;0.450653076171875;0.00053070068359375;8.75999997788313;877;100 mA
148.310716625551;0.4505615234375;0.000543212890625;8.76999997785788;878;100 mA
148.320716625526;0.45074462890625;0.000540771484374999;8.77999997783263;879;100 mA
148.330716625501;0.45062255859375;0.000536499023437501;8.78999997780738;880;100 mA
148.340716625476;0.450653076171875;0.00053375244140625;8.79999997778214;881;100 mA
148.35071662545;0.45074462890625;0.000527038574218749;8.80999997775689;882;100 mA
148.360716625425;0.450653076171875;0.00052764892578125;8.81999997773164;883;100 mA
148.3707166254;0.450714111328125;0.00052490234375;8.82999997770639;884;100 mA
148.380716625375;0.450592041015625;0.000518188476562501;8.83999997768115;885;100 mA
148.390716625349;0.450653076171875;0.00051116943359375;8.8499999776559;886;100 mA
148.400716625324;0.45068359375;0.00049713134765625;8.85999997763065;887;100 mA
148.410716625299;0.45068359375;0.00049713134765625;8.8699999776054;888;100 mA
148.420716625274;0.450653076171875;0.00049560546875;8.87999997758016;889;100 mA
148.430716625248;0.45062255859375;0.000492248535156251;8.88999997755491;890;100 mA
148.440716625223;0.45062255859375;0.000499877929687501;8.89999997752966;891;100 mA
148.450716625198;0.45068359375;0.00049102783203125;8.90999997750441;892;100 mA
148.460716625173;0.45068359375;0.000499267578125;8.91999997747916;893;100 mA
148.470716625147;0.450653076171875;0.00050048828125;8.92999997745392;894;100 mA
148.480716625122;0.45068359375;0.000484313964843749;8.93999997742867;895;100 mA
148.490716625097;0.450653076171875;0.00049407958984375;8.94999997740342;896;100 mA
148.500716625072;0.45062255859375;0.0004840087890625;8.95999997737817;897;100 mA
148.510716625046;0.450592041015625;0.0004852294921875;8.96999997735293;898;100 mA
148.520716625021;0.45074462890625;0.00048095703125;8.97999997732768;899;100 mA
148.530716624996;0.45068359375;0.000469970703125;8.98999997730243;900;100 mA
148.540716624971;0.450653076171875;0.00047271728515625;8.99999997727718;901;100 mA
148.550716624945;0.45074462890625;0.000466003417968749;9.00999997725194;902;100 mA
148.56071662492;0.45074462890625;0.000469970703125;9.01999997722669;903;100 mA
148.570716624895;0.450592041015625;0.000467529296874999;9.02999997720144;904;100 mA
148.58071662487;0.450653076171875;0.00046234130859375;9.03999997717619;905;100 mA
148.590716624845;0.45068359375;0.000472106933593749;9.04999997715095;906;100 mA
148.600716624819;0.450653076171875;0.0004620361328125;9.0599999771257;907;100 mA
148.610716624794;0.450714111328125;0.000462951660156249;9.06999997710045;908;100 mA
148.620716624769;0.45074462890625;0.000460205078125001;9.0799999770752;909;100 mA
148.630716624744;0.450653076171875;0.000455627441406251;9.08999997704996;910;100 mA
148.640716624718;0.45062255859375;0.000461425781249999;9.09999997702471;911;100 mA
148.650716624693;0.45068359375;0.0004595947265625;9.10999997699946;912;100 mA
148.660716624668;0.4505615234375;0.000465087890625;9.11999997697421;913;100 mA
148.670716624643;0.450653076171875;0.0004620361328125;9.12999997694897;914;100 mA
148.680716624617;0.45068359375;0.000461425781249999;9.13999997692372;915;100 mA
148.690716624592;0.45068359375;0.0004669189453125;9.14999997689847;916;100 mA
148.700716624567;0.450714111328125;0.000457763671875;9.15999997687322;917;100 mA
148.710716624542;0.45062255859375;0.00045745849609375;9.16999997684798;918;100 mA
148.720716624516;0.45068359375;0.00045166015625;9.17999997682273;919;100 mA
148.730716624491;0.45068359375;0.0004443359375;9.18999997679748;920;100 mA
148.740716624466;0.45062255859375;0.0004443359375;9.19999997677223;921;100 mA
148.750716624441;0.450653076171875;0.00043975830078125;9.20999997674699;922;100 mA
148.760716624415;0.450653076171875;0.0004486083984375;9.21999997672174;923;100 mA
148.77071662439;0.450653076171875;0.000447998046875001;9.22999997669649;924;100 mA
148.780716624365;0.45062255859375;0.000440063476562499;9.23999997667124;925;100 mA
148.79071662434;0.45068359375;0.00046234130859375;9.249999976646;926;100 mA
148.800716624314;0.45068359375;0.00043487548828125;9.25999997662075;927;100 mA
148.810716624289;0.450653076171875;0.000438842773437501;9.2699999765955;928;100 mA
148.820716624264;0.45068359375;0.00043670654296875;9.27999997657025;929;100 mA
148.830716624239;0.45068359375;0.000435485839843749;9.289999976545;930;100 mA
148.840716624213;0.45068359375;0.000430908203124999;9.29999997651976;931;100 mA
148.850716624188;0.450714111328125;0.000419921875;9.30999997649451;932;100 mA
148.860716624163;0.450653076171875;0.00042266845703125;9.31999997646926;933;100 mA
148.870716624138;0.450592041015625;0.00042083740234375;9.32999997644401;934;100 mA
148.880716624112;0.450653076171875;0.000418701171874999;9.33999997641877;935;100 mA
148.890716624087;0.450653076171875;0.00041839599609375;9.34999997639352;936;100 mA
148.900716624062;0.450653076171875;0.00040863037109375;9.35999997636827;937;100 mA
148.910716624037;0.450714111328125;0.000411071777343749;9.36999997634302;938;100 mA
148.920716624011;0.45068359375;0.00041046142578125;9.37999997631778;939;100 mA
148.930716623986;0.45062255859375;0.000404052734375;9.38999997629253;940;100 mA
148.940716623961;0.45068359375;0.000406799316406251;9.39999997626728;941;100 mA
148.950716623936;0.45068359375;0.000397338867187499;9.40999997624203;942;100 mA
148.96071662391;0.45068359375;0.000412597656249999;9.41999997621679;943;100 mA
148.970716623885;0.45062255859375;0.00041839599609375;9.42999997619154;944;100 mA
148.98071662386;0.45068359375;0.0004071044921875;9.43999997616629;945;100 mA
148.990716623835;0.45062255859375;0.00040740966796875;9.44999997614104;946;100 mA
149.000716623809;0.450653076171875;0.000400390624999999;9.4599999761158;947;100 mA
149.010716623784;0.450592041015625;0.000404052734375;9.46999997609055;948;100 mA
149.020716623759;0.45068359375;0.00039825439453125;9.4799999760653;949;100 mA
149.030716623734;0.45074462890625;0.000389709472656249;9.48999997604005;950;100 mA
149.040716623708;0.45062255859375;0.000391540527343751;9.49999997601481;951;100 mA
149.050716623683;0.450592041015625;0.0003863525390625;9.50999997598956;952;100 mA
149.060716623658;0.45068359375;0.00039337158203125;9.51999997596431;953;100 mA
149.070716623633;0.45068359375;0.000397338867187499;9.52999997593906;954;100 mA
149.080716623607;0.45062255859375;0.000391845703125;9.53999997591382;955;100 mA
149.090716623582;0.450653076171875;0.0003955078125;9.54999997588857;956;100 mA
149.100716623557;0.45062255859375;0.00038604736328125;9.55999997586332;957;100 mA
149.110716623532;0.450714111328125;0.00038421630859375;9.56999997583807;958;100 mA
149.120716623506;0.450653076171875;0.00038604736328125;9.57999997581283;959;100 mA
149.130716623481;0.450653076171875;0.00037689208984375;9.58999997578758;960;100 mA
149.140716623456;0.450592041015625;0.000384521484375;9.59999997576233;961;100 mA
149.150716623431;0.45074462890625;0.000376281738281251;9.60999997573708;962;100 mA
149.160716623405;0.450714111328125;0.000383911132812501;9.61999997571183;963;100 mA
149.17071662338;0.45068359375;0.000385131835937499;9.62999997568659;964;100 mA
149.180716623355;0.45068359375;0.000377502441406249;9.63999997566134;965;100 mA
149.19071662333;0.45068359375;0.00037994384765625;9.64999997563609;966;100 mA
149.200716623304;0.45068359375;0.00037078857421875;9.65999997561084;967;100 mA
149.210716623279;0.45068359375;0.000372314453125;9.6699999755856;968;100 mA
149.220716623254;0.45062255859375;0.000372314453125;9.67999997556035;969;100 mA
149.230716623229;0.45068359375;0.000364990234375;9.6899999755351;970;100 mA
149.240716623203;0.450653076171875;0.00036956787109375;9.69999997550985;971;100 mA
149.250716623178;0.450653076171875;0.00036773681640625;9.70999997548461;972;100 mA
149.260716623153;0.45062255859375;0.000372924804687499;9.71999997545936;973;100 mA
149.270716623128;0.45068359375;0.00037200927734375;9.72999997543411;974;100 mA
149.280716623102;0.450653076171875;0.00036895751953125;9.73999997540886;975;100 mA
149.290716623077;0.45062255859375;0.00037261962890625;9.74999997538362;976;100 mA
149.300716623052;0.45068359375;0.000360107421875;9.75999997535837;977;100 mA
149.310716623027;0.450714111328125;0.000359497070312501;9.76999997533312;978;100 mA
149.320716623001;0.450653076171875;0.0003692626953125;9.77999997530787;979;100 mA
149.330716622976;0.450714111328125;0.00036041259765625;9.78999997528263;980;100 mA
149.340716622951;0.450653076171875;0.000359191894531249;9.79999997525738;981;100 mA
149.350716622926;0.450714111328125;0.00034027099609375;9.80999997523213;982;100 mA
149.3607166229;0.45062255859375;0.0003460693359375;9.81999997520688;983;100 mA
149.370716622875;0.45068359375;0.00034027099609375;9.82999997518164;984;100 mA
149.38071662285;0.450592041015625;0.0003399658203125;9.83999997515639;985;100 mA
149.390716622825;0.45068359375;0.00034637451171875;9.84999997513114;986;100 mA
149.400716622799;0.45062255859375;0.000337829589843749;9.85999997510589;987;100 mA
149.410716622774;0.45062255859375;0.0003448486328125;9.86999997508065;988;100 mA
149.420716622749;0.450653076171875;0.00034332275390625;9.8799999750554;989;100 mA
149.430716622724;0.450653076171875;0.00033843994140625;9.88999997503015;990;100 mA
149.440716622698;0.45062255859375;0.000340576171875;9.8999999750049;991;100 mA
149.450716622673;0.45074462890625;0.000328369140625;9.90999997497966;992;100 mA
149.460716622648;0.45068359375;0.000336608886718751;9.91999997495441;993;100 mA
149.470716622623;0.45062255859375;0.0003338623046875;9.92999997492916;994;100 mA
149.480716622597;0.450714111328125;0.000330505371093751;9.93999997490391;995;100 mA
149.490716622572;0.450592041015625;0.00034027099609375;9.94999997487866;996;100 mA
149.500716622547;0.450653076171875;0.000330505371093751;9.95999997485342;997;100 mA
149.510716622522;0.450653076171875;0.00033233642578125;9.96999997482817;998;100 mA
149.520716622496;0.450653076171875;0.000332031250000001;9.97999997480292;999;100 mA
149.530716622471;0.450653076171875;0.000330200195312499;9.98999997477767;1000;100 mA
149.540716622446;0.450653076171875;0.0003338623046875;9.99999997475243;1001;100 mA
149.550716622421;0.450714111328125;0.00032623291015625;10.0099999747272;1002;100 mA
149.560716622395;0.450653076171875;0.000333251953124999;10.0199999747019;1003;100 mA
149.57071662237;0.450653076171875;0.0003277587890625;10.0299999746767;1004;100 mA
149.580716622345;0.450714111328125;0.00032196044921875;10.0399999746514;1005;100 mA
149.59071662232;0.450653076171875;0.000330810546875;10.0499999746262;1006;100 mA
149.600716622294;0.45068359375;0.0003216552734375;10.0599999746009;1007;100 mA
149.610716622269;0.450653076171875;0.000325622558593749;10.0699999745757;1008;100 mA
149.620716622244;0.45068359375;0.00033111572265625;10.0799999745504;1009;100 mA
149.630716622219;0.45062255859375;0.00032958984375;10.0899999745252;1010;100 mA
149.640716622194;0.450653076171875;0.000333251953124999;10.0999999745;1011;100 mA
149.650716622168;0.450653076171875;0.0003143310546875;10.1099999744747;1012;100 mA
149.660716622143;0.450714111328125;0.000321350097656251;10.1199999744495;1013;100 mA
149.670716622118;0.45068359375;0.000314941406249999;10.1299999744242;1014;100 mA
149.680716622093;0.450653076171875;0.00030792236328125;10.139999974399;1015;100 mA
149.690716622067;0.45062255859375;0.000321044921874999;10.1499999743737;1016;100 mA
149.700716622042;0.45062255859375;0.00031402587890625;10.1599999743485;1017;100 mA
149.710716622017;0.450653076171875;0.000328674316406249;10.1699999743232;1018;100 mA
149.720716621992;0.450653076171875;0.0003192138671875;10.179999974298;1019;100 mA
149.730716621966;0.450653076171875;0.000318603515625;10.1899999742727;1020;100 mA
149.740716621941;0.450653076171875;0.000324401855468751;10.1999999742475;1021;100 mA
149.750716621916;0.450714111328125;0.000314941406249999;10.2099999742222;1022;100 mA
149.760716621891;0.45068359375;0.000316467285156249;10.219999974197;1023;100 mA
149.770716621865;0.450653076171875;0.00030975341796875;10.2299999741717;1024;100 mA
149.78071662184;0.45068359375;0.00030853271484375;10.2399999741465;1025;100 mA
149.790716621815;0.450653076171875;0.000311889648437499;10.2499999741212;1026;100 mA
149.80071662179;0.450653076171875;0.00029266357421875;10.259999974096;1027;100 mA
149.810716621764;0.45068359375;0.00029754638671875;10.2699999740707;1028;100 mA
149.820716621739;0.450653076171875;0.00029632568359375;10.2799999740455;1029;100 mA
149.830716621714;0.45062255859375;0.0002911376953125;10.2899999740202;1030;100 mA
149.840716621689;0.450714111328125;0.000295410156250001;10.299999973995;1031;100 mA
149.850716621663;0.45068359375;0.000287475585937499;10.3099999739698;1032;100 mA
149.860716621638;0.45068359375;0.000295104980468749;10.3199999739445;1033;100 mA
149.870716621613;0.450653076171875;0.00029266357421875;10.3299999739193;1034;100 mA
149.880716621588;0.450653076171875;0.000287475585937499;10.339999973894;1035;100 mA
149.890716621562;0.450592041015625;0.0002972412109375;10.3499999738688;1036;100 mA
149.900716621537;0.450653076171875;0.000289306640625001;10.3599999738435;1037;100 mA
149.910716621512;0.450653076171875;0.000295104980468749;10.3699999738183;1038;100 mA
149.920716621487;0.45062255859375;0.000294189453125;10.379999973793;1039;100 mA
149.930716621461;0.450653076171875;0.000286865234375;10.3899999737678;1040;100 mA
149.940716621436;0.450653076171875;0.0002899169921875;10.3999999737425;1041;100 mA
149.950716621411;0.450714111328125;0.000283203125000001;10.4099999737173;1042;100 mA
149.960716621386;0.45062255859375;0.0002850341796875;10.419999973692;1043;100 mA
149.97071662136;0.450653076171875;0.00028717041015625;10.4299999736668;1044;100 mA
149.980716621335;0.450653076171875;0.000284729003906251;10.4399999736415;1045;100 mA
149.99071662131;0.45068359375;0.000289001464843749;10.4499999736163;1046;100 mA
150.000716621285;0.450531005859375;0.00028656005859375;10.459999973591;1047;100 mA
150.010716621259;0.45068359375;0.0002825927734375;10.4699999735658;1048;100 mA
150.020716621234;0.450714111328125;0.0002880859375;10.4799999735405;1049;100 mA
150.030716621209;0.450653076171875;0.0002825927734375;10.4899999735153;1050;100 mA
150.040716621184;0.450653076171875;0.000287475585937499;10.49999997349;1051;100 mA
150.050716621158;0.45062255859375;0.0002789306640625;10.5099999734648;1052;100 mA
150.060716621133;0.450592041015625;0.000281372070312499;10.5199999734396;1053;100 mA
150.070716621108;0.450714111328125;0.000283203125000001;10.5299999734143;1054;100 mA
150.080716621083;0.45068359375;0.00028076171875;10.5399999733891;1055;100 mA
150.090716621057;0.45068359375;0.0002886962890625;10.5499999733638;1056;100 mA
150.100716621032;0.450653076171875;0.00028564453125;10.5599999733386;1057;100 mA
150.110716621007;0.450714111328125;0.0002886962890625;10.5699999733133;1058;100 mA
150.120716620982;0.45062255859375;0.000289001464843749;10.5799999732881;1059;100 mA
150.130716620956;0.450592041015625;0.0002825927734375;10.5899999732628;1060;100 mA
150.140716620931;0.450653076171875;0.0002789306640625;10.5999999732376;1061;100 mA
150.150716620906;0.45068359375;0.000273742675781249;10.6099999732123;1062;100 mA
150.160716620881;0.450592041015625;0.000274047851562501;10.6199999731871;1063;100 mA
150.170716620855;0.450653076171875;0.000274658203125;10.6299999731618;1064;100 mA
150.18071662083;0.450653076171875;0.000286254882812501;10.6399999731366;1065;100 mA
150.190716620805;0.450653076171875;0.000282897949218749;10.6499999731113;1066;100 mA
150.20071662078;0.4505615234375;0.000280151367187501;10.6599999730861;1067;100 mA
150.210716620754;0.450653076171875;0.000279846191406249;10.6699999730608;1068;100 mA
150.220716620729;0.450714111328125;0.00028228759765625;10.6799999730356;1069;100 mA
150.230716620704;0.45068359375;0.000267944335937501;10.6899999730103;1070;100 mA
150.240716620679;0.450592041015625;0.00027008056640625;10.6999999729851;1071;100 mA
150.250716620653;0.45062255859375;0.0002642822265625;10.7099999729598;1072;100 mA
150.260716620628;0.450653076171875;0.0002685546875;10.7199999729346;1073;100 mA
150.270716620603;0.450592041015625;0.0002642822265625;10.7299999729094;1074;100 mA
150.280716620578;0.450653076171875;0.000260009765624999;10.7399999728841;1075;100 mA
150.290716620552;0.450653076171875;0.000261535644531249;10.7499999728589;1076;100 mA
150.300716620527;0.450653076171875;0.0002520751953125;10.7599999728336;1077;100 mA
150.310716620502;0.450653076171875;0.000253906249999999;10.7699999728084;1078;100 mA
150.320716620477;0.45068359375;0.000256958007812499;10.7799999727831;1079;100 mA
150.330716620451;0.45062255859375;0.000249328613281249;10.7899999727579;1080;100 mA
150.340716620426;0.45062255859375;0.00025604248046875;10.7999999727326;1081;100 mA
150.350716620401;0.450714111328125;0.0002471923828125;10.8099999727074;1082;100 mA
150.360716620376;0.450592041015625;0.0002606201171875;10.8199999726821;1083;100 mA
150.37071662035;0.45068359375;0.00025634765625;10.8299999726569;1084;100 mA
150.380716620325;0.45068359375;0.00024871826171875;10.8399999726316;1085;100 mA
150.3907166203;0.450592041015625;0.00025634765625;10.8499999726064;1086;100 mA
150.400716620275;0.45068359375;0.0002459716796875;10.8599999725811;1087;100 mA
150.410716620249;0.450653076171875;0.00025604248046875;10.8699999725559;1088;100 mA
150.420716620224;0.450714111328125;0.000248107910156251;10.8799999725306;1089;100 mA
150.430716620199;0.45074462890625;0.000246276855468749;10.8899999725054;1090;100 mA
150.440716620174;0.450653076171875;0.00025482177734375;10.8999999724801;1091;100 mA
150.450716620148;0.45068359375;0.00024444580078125;10.9099999724549;1092;100 mA
150.460716620123;0.450653076171875;0.0002532958984375;10.9199999724297;1093;100 mA
150.470716620098;0.450653076171875;0.000249633789062501;10.9299999724044;1094;100 mA
150.480716620073;0.450653076171875;0.00024749755859375;10.9399999723792;1095;100 mA
150.490716620047;0.450653076171875;0.000255432128906249;10.9499999723539;1096;100 mA
150.500716620022;0.450653076171875;0.000246582031250001;10.9599999723287;1097;100 mA
150.510716619997;0.450592041015625;0.000247802734374999;10.9699999723034;1098;100 mA
150.520716619972;0.45068359375;0.000244140625;10.9799999722782;1099;100 mA
150.530716619946;0.45062255859375;0.00024261474609375;10.9899999722529;1100;100 mA
150.540716619921;0.450653076171875;0.000249633789062501;10.9999999722277;1101;100 mA
150.550716619896;0.450714111328125;0.00024688720703125;11.0099999722024;1102;100 mA
150.560716619871;0.45062255859375;0.000252380371093749;11.0199999721772;1103;100 mA
150.570716619845;0.450714111328125;0.000255126953125;11.0299999721519;1104;100 mA
150.58071661982;0.45068359375;0.00025299072265625;11.0399999721267;1105;100 mA
150.590716619795;0.45062255859375;0.000257263183593751;11.0499999721014;1106;100 mA
150.60071661977;0.450714111328125;0.0002423095703125;11.0599999720762;1107;100 mA
150.610716619744;0.450714111328125;0.0002484130859375;11.0699999720509;1108;100 mA
150.620716619719;0.45062255859375;0.0002490234375;11.0799999720257;1109;100 mA
150.630716619694;0.45068359375;0.00024078369140625;11.0899999720004;1110;100 mA
150.640716619669;0.450653076171875;0.00023681640625;11.0999999719752;1111;100 mA
150.650716619644;0.450653076171875;0.00023468017578125;11.1099999719499;1112;100 mA
150.660716619618;0.45062255859375;0.000262451171875;11.1199999719247;1113;100 mA
150.670716619593;0.45068359375;0.000249633789062501;11.1299999718995;1114;100 mA
150.680716619568;0.45068359375;0.000246582031250001;11.1399999718742;1115;100 mA
150.690716619543;0.45062255859375;0.00024566650390625;11.149999971849;1116;100 mA
150.700716619517;0.45068359375;0.00023681640625;11.1599999718237;1117;100 mA
150.710716619492;0.4505615234375;0.000238037109375;11.1699999717985;1118;100 mA
150.720716619467;0.450714111328125;0.00023651123046875;11.1799999717732;1119;100 mA
150.730716619442;0.450653076171875;0.00023651123046875;11.189999971748;1120;100 mA
150.740716619416;0.450653076171875;0.00023529052734375;11.1999999717227;1121;100 mA
150.750716619391;0.45062255859375;0.00022857666015625;11.2099999716975;1122;100 mA
150.760716619366;0.45062255859375;0.0002337646484375;11.2199999716722;1123;100 mA
150.770716619341;0.45062255859375;0.000229797363281251;11.229999971647;1124;100 mA
150.780716619315;0.45068359375;0.000224609375;11.2399999716217;1125;100 mA
150.79071661929;0.45062255859375;0.000231323242187501;11.2499999715965;1126;100 mA
150.800716619265;0.45062255859375;0.000225219726562501;11.2599999715712;1127;100 mA
150.81071661924;0.450653076171875;0.0002227783203125;11.269999971546;1128;100 mA
150.820716619214;0.450653076171875;0.0002239990234375;11.2799999715207;1129;100 mA
150.830716619189;0.450653076171875;0.00022430419921875;11.2899999714955;1130;100 mA
150.840716619164;0.45074462890625;0.000227966308593749;11.2999999714702;1131;100 mA
150.850716619139;0.45068359375;0.000226745605468751;11.309999971445;1132;100 mA
150.860716619113;0.45062255859375;0.00023162841796875;11.3199999714197;1133;100 mA
150.870716619088;0.45068359375;0.00023040771484375;11.3299999713945;1134;100 mA
150.880716619063;0.450653076171875;0.000228271484375001;11.3399999713693;1135;100 mA
150.890716619038;0.45068359375;0.000231018066406249;11.349999971344;1136;100 mA
150.900716619012;0.450653076171875;0.000226745605468751;11.3599999713188;1137;100 mA
150.910716618987;0.450592041015625;0.000224609375;11.3699999712935;1138;100 mA
150.920716618962;0.450714111328125;0.000225830078125;11.3799999712683;1139;100 mA
150.930716618937;0.450714111328125;0.00022003173828125;11.389999971243;1140;100 mA
150.940716618911;0.450714111328125;0.00022705078125;11.3999999712178;1141;100 mA
150.950716618886;0.450653076171875;0.0002197265625;11.4099999711925;1142;100 mA
150.960716618861;0.450714111328125;0.000224914550781249;11.4199999711673;1143;100 mA
150.970716618836;0.45068359375;0.0002227783203125;11.429999971142;1144;100 mA
150.98071661881;0.450653076171875;0.000222167968750001;11.4399999711168;1145;100 mA
150.990716618785;0.45062255859375;0.0002288818359375;11.4499999710915;1146;100 mA
151.00071661876;0.45068359375;0.0002197265625;11.4599999710663;1147;100 mA
151.010716618735;0.450653076171875;0.00022552490234375;11.469999971041;1148;100 mA
151.020716618709;0.450714111328125;0.00022125244140625;11.4799999710158;1149;100 mA
151.030716618684;0.45068359375;0.00021942138671875;11.4899999709905;1150;100 mA
151.040716618659;0.450592041015625;0.00022125244140625;11.4999999709653;1151;100 mA
151.050716618634;0.450714111328125;0.000217285156249999;11.50999997094;1152;100 mA
151.060716618608;0.450592041015625;0.000226440429687499;11.5199999709148;1153;100 mA
151.070716618583;0.45062255859375;0.000229492187499999;11.5299999708895;1154;100 mA
151.080716618558;0.450653076171875;0.000220336914062499;11.5399999708643;1155;100 mA
151.090716618533;0.45068359375;0.00022430419921875;11.5499999708391;1156;100 mA
151.100716618507;0.45068359375;0.0002154541015625;11.5599999708138;1157;100 mA
151.110716618482;0.4505615234375;0.0002197265625;11.5699999707886;1158;100 mA
151.120716618457;0.45068359375;0.0002166748046875;11.5799999707633;1159;100 mA
151.130716618432;0.450653076171875;0.00022857666015625;11.5899999707381;1160;100 mA
151.140716618406;0.450653076171875;0.000230712890625;11.5999999707128;1161;100 mA
151.150716618381;0.45068359375;0.000220642089843751;11.6099999706876;1162;100 mA
151.160716618356;0.450653076171875;0.00022308349609375;11.6199999706623;1163;100 mA
151.170716618331;0.450714111328125;0.00021636962890625;11.6299999706371;1164;100 mA
151.180716618305;0.45074462890625;0.00020721435546875;11.6399999706118;1165;100 mA
151.19071661828;0.450653076171875;0.00021484375;11.6499999705866;1166;100 mA
151.200716618255;0.450592041015625;0.00021240234375;11.6599999705613;1167;100 mA
151.21071661823;0.45068359375;0.0002117919921875;11.6699999705361;1168;100 mA
151.220716618204;0.450592041015625;0.000206604003906249;11.6799999705108;1169;100 mA
151.230716618179;0.450592041015625;0.0002032470703125;11.6899999704856;1170;100 mA
151.240716618154;0.45068359375;0.000208129882812499;11.6999999704603;1171;100 mA
151.250716618129;0.450653076171875;0.000198974609374999;11.7099999704351;1172;100 mA
151.260716618103;0.450714111328125;0.0002032470703125;11.7199999704098;1173;100 mA
151.270716618078;0.450653076171875;0.0002044677734375;11.7299999703846;1174;100 mA
151.280716618053;0.450653076171875;0.00020599365234375;11.7399999703593;1175;100 mA
151.290716618028;0.450653076171875;0.00021209716796875;11.7499999703341;1176;100 mA
151.300716618002;0.450653076171875;0.000202331542968751;11.7599999703089;1177;100 mA
151.310716617977;0.450653076171875;0.00020599365234375;11.7699999702836;1178;100 mA
151.320716617952;0.45074462890625;0.00020751953125;11.7799999702584;1179;100 mA
151.330716617927;0.45062255859375;0.000202331542968751;11.7899999702331;1180;100 mA
151.340716617901;0.450653076171875;0.0002032470703125;11.7999999702079;1181;100 mA
151.350716617876;0.450653076171875;0.000200805664062501;11.8099999701826;1182;100 mA
151.360716617851;0.450653076171875;0.00020904541015625;11.8199999701574;1183;100 mA
151.370716617826;0.45068359375;0.00020751953125;11.8299999701321;1184;100 mA
151.3807166178;0.45062255859375;0.000198974609374999;11.8399999701069;1185;100 mA
151.390716617775;0.450653076171875;0.000206909179687501;11.8499999700816;1186;100 mA
151.40071661775;0.45068359375;0.00019989013671875;11.8599999700564;1187;100 mA
151.410716617725;0.450653076171875;0.00020599365234375;11.8699999700311;1188;100 mA
151.420716617699;0.450653076171875;0.00020294189453125;11.8799999700059;1189;100 mA
151.430716617674;0.450592041015625;0.0001983642578125;11.8899999699806;1190;100 mA
151.440716617649;0.450653076171875;0.000203552246093749;11.8999999699554;1191;100 mA
151.450716617624;0.45068359375;0.00020294189453125;11.9099999699301;1192;100 mA
151.460716617598;0.45062255859375;0.00020599365234375;11.9199999699049;1193;100 mA
151.470716617573;0.45068359375;0.000203857421875001;11.9299999698796;1194;100 mA
151.480716617548;0.450653076171875;0.00020294189453125;11.9399999698544;1195;100 mA
151.490716617523;0.45068359375;0.00020599365234375;11.9499999698292;1196;100 mA
151.500716617497;0.450714111328125;0.00020294189453125;11.9599999698039;1197;100 mA
151.510716617472;0.45062255859375;0.00021240234375;11.9699999697787;1198;100 mA
151.520716617447;0.450653076171875;0.000205383300781251;11.9799999697534;1199;100 mA
151.530716617422;0.450714111328125;0.000200500488281249;11.9899999697282;1200;100 mA
151.540716617396;0.450714111328125;0.00020416259765625;11.9999999697029;1201;100 mA
151.550716617371;0.450653076171875;0.000201416015625;12.0099999696777;1202;100 mA
151.560716617346;0.450653076171875;0.0001983642578125;12.0199999696524;1203;100 mA
151.570716617321;0.450653076171875;0.00019256591796875;12.0299999696272;1204;100 mA
151.580716617295;0.45062255859375;0.00019256591796875;12.0399999696019;1205;100 mA
151.59071661727;0.450653076171875;0.000203857421875001;12.0499999695767;1206;100 mA
151.600716617245;0.450653076171875;0.00020172119140625;12.0599999695514;1207;100 mA
151.61071661722;0.450653076171875;0.0002093505859375;12.0699999695262;1208;100 mA
151.620716617194;0.45062255859375;0.000205078124999999;12.0799999695009;1209;100 mA
151.630716617169;0.450653076171875;0.000196228027343751;12.0899999694757;1210;100 mA
151.640716617144;0.45062255859375;0.000199279785156251;12.0999999694504;1211;100 mA
151.650716617119;0.450714111328125;0.000195922851562499;12.1099999694252;1212;100 mA
151.660716617093;0.45062255859375;0.000196533203125;12.1199999693999;1213;100 mA
151.670716617068;0.450653076171875;0.000196228027343751;12.1299999693747;1214;100 mA
151.680716617043;0.45068359375;0.0001910400390625;12.1399999693494;1215;100 mA
151.690716617018;0.45062255859375;0.00019866943359375;12.1499999693242;1216;100 mA
151.700716616993;0.450653076171875;0.000185241699218749;12.159999969299;1217;100 mA
151.710716616967;0.450714111328125;0.0001849365234375;12.1699999692737;1218;100 mA
151.720716616942;0.450653076171875;0.00018341064453125;12.1799999692485;1219;100 mA
151.730716616917;0.45062255859375;0.000182495117187501;12.1899999692232;1220;100 mA
151.740716616892;0.45062255859375;0.000188293457031249;12.199999969198;1221;100 mA
151.750716616866;0.450714111328125;0.00018463134765625;12.2099999691727;1222;100 mA
151.760716616841;0.450653076171875;0.0001861572265625;12.2199999691475;1223;100 mA
151.770716616816;0.45068359375;0.000186767578124999;12.2299999691222;1224;100 mA
151.780716616791;0.450653076171875;0.000184326171875;12.239999969097;1225;100 mA
151.790716616765;0.450653076171875;0.000191650390625001;12.2499999690717;1226;100 mA
151.80071661674;0.450653076171875;0.00019073486328125;12.2599999690465;1227;100 mA
151.810716616715;0.45062255859375;0.000208129882812499;12.2699999690212;1228;100 mA
151.82071661669;0.45062255859375;0.000193176269531251;12.279999968996;1229;100 mA
151.830716616664;0.45068359375;0.000185241699218749;12.2899999689707;1230;100 mA
151.840716616639;0.450653076171875;0.000188293457031249;12.2999999689455;1231;100 mA
151.850716616614;0.450653076171875;0.0001849365234375;12.3099999689202;1232;100 mA
151.860716616589;0.450653076171875;0.000189819335937499;12.319999968895;1233;100 mA
151.870716616563;0.45062255859375;0.000181884765625;12.3299999688697;1234;100 mA
151.880716616538;0.450653076171875;0.0001800537109375;12.3399999688445;1235;100 mA
151.890716616513;0.450653076171875;0.000189819335937499;12.3499999688192;1236;100 mA
151.900716616488;0.450592041015625;0.000185546875000001;12.359999968794;1237;100 mA
151.910716616462;0.450592041015625;0.000183715820312499;12.3699999687688;1238;100 mA
151.920716616437;0.450714111328125;0.0001812744140625;12.3799999687435;1239;100 mA
151.930716616412;0.450592041015625;0.00018341064453125;12.3899999687183;1240;100 mA
151.940716616387;0.450653076171875;0.00018798828125;12.399999968693;1241;100 mA
151.950716616361;0.450714111328125;0.00018890380859375;12.4099999686678;1242;100 mA
151.960716616336;0.450653076171875;0.000191345214843749;12.4199999686425;1243;100 mA
151.970716616311;0.45068359375;0.00018951416015625;12.4299999686173;1244;100 mA
151.980716616286;0.450653076171875;0.00018768310546875;12.439999968592;1245;100 mA
151.99071661626;0.450653076171875;0.00019195556640625;12.4499999685668;1246;100 mA
152.000716616235;0.45068359375;0.000187072753906251;12.4599999685415;1247;100 mA
152.01071661621;0.45068359375;0.00018798828125;12.4699999685163;1248;100 mA
152.020716616185;0.450592041015625;0.000181884765625;12.479999968491;1249;100 mA
152.030716616159;0.45062255859375;0.000179443359375001;12.4899999684658;1250;100 mA
152.040716616134;0.45068359375;0.0001812744140625;12.4999999684405;1251;100 mA
152.050716616109;0.45062255859375;0.000185546875000001;12.5099999684153;1252;100 mA
152.060716616084;0.450592041015625;0.000187072753906251;12.51999996839;1253;100 mA
152.070716616058;0.45062255859375;0.00019683837890625;12.5299999683648;1254;100 mA
152.080716616033;0.450592041015625;0.000193176269531251;12.5399999683395;1255;100 mA
152.090716616008;0.450653076171875;0.0001910400390625;12.5499999683143;1256;100 mA
152.100716615983;0.450653076171875;0.00018157958984375;12.559999968289;1257;100 mA
152.110716615957;0.450714111328125;0.00018157958984375;12.5699999682638;1258;100 mA
152.120716615932;0.450653076171875;0.000184020996093751;12.5799999682386;1259;100 mA
152.130716615907;0.45062255859375;0.00017730712890625;12.5899999682133;1260;100 mA
152.140716615882;0.4505615234375;0.000179443359375001;12.5999999681881;1261;100 mA
152.150716615856;0.45074462890625;0.0001708984375;12.6099999681628;1262;100 mA
152.160716615831;0.45074462890625;0.00017822265625;12.6199999681376;1263;100 mA
152.170716615806;0.45062255859375;0.00017242431640625;12.6299999681123;1264;100 mA
152.180716615781;0.45062255859375;0.000163879394531249;12.6399999680871;1265;100 mA
152.190716615755;0.450653076171875;0.00017364501953125;12.6499999680618;1266;100 mA
152.20071661573;0.45068359375;0.000169677734375;12.6599999680366;1267;100 mA
152.210716615705;0.450653076171875;0.000177612304687499;12.6699999680113;1268;100 mA
152.22071661568;0.45062255859375;0.0001751708984375;12.6799999679861;1269;100 mA
152.230716615654;0.45062255859375;0.000177612304687499;12.6899999679608;1270;100 mA
152.240716615629;0.450653076171875;0.000174865722656251;12.6999999679356;1271;100 mA
152.250716615604;0.450653076171875;0.00017242431640625;12.7099999679103;1272;100 mA
152.260716615579;0.45062255859375;0.000174560546874999;12.7199999678851;1273;100 mA
152.270716615553;0.45068359375;0.0001739501953125;12.7299999678598;1274;100 mA
152.280716615528;0.45068359375;0.000169677734375;12.7399999678346;1275;100 mA
152.290716615503;0.45068359375;0.00017974853515625;12.7499999678093;1276;100 mA
152.300716615478;0.450592041015625;0.000173034667968749;12.7599999677841;1277;100 mA
152.310716615452;0.450653076171875;0.000176391601562501;12.7699999677588;1278;100 mA
152.320716615427;0.450653076171875;0.00017852783203125;12.7799999677336;1279;100 mA
152.330716615402;0.45068359375;0.000173034667968749;12.7899999677084;1280;100 mA
152.340716615377;0.450653076171875;0.00017578125;12.7999999676831;1281;100 mA
152.350716615351;0.45068359375;0.000176086425781249;12.8099999676579;1282;100 mA
152.360716615326;0.450714111328125;0.000169677734375;12.8199999676326;1283;100 mA
152.370716615301;0.450653076171875;0.000176391601562501;12.8299999676074;1284;100 mA
152.380716615276;0.45062255859375;0.00017364501953125;12.8399999675821;1285;100 mA
152.39071661525;0.450714111328125;0.0001751708984375;12.8499999675569;1286;100 mA
152.400716615225;0.450592041015625;0.000177001953125;12.8599999675316;1287;100 mA
152.4107166152;0.45062255859375;0.000176086425781249;12.8699999675064;1288;100 mA
152.420716615175;0.45068359375;0.000179443359375001;12.8799999674811;1289;100 mA
152.430716615149;0.45068359375;0.000171813964843751;12.8899999674559;1290;100 mA
152.440716615124;0.45062255859375;0.000179138183593749;12.8999999674306;1291;100 mA
152.450716615099;0.45068359375;0.000176086425781249;12.9099999674054;1292;100 mA
152.460716615074;0.45062255859375;0.000171813964843751;12.9199999673801;1293;100 mA
152.470716615048;0.450653076171875;0.000174560546874999;12.9299999673549;1294;100 mA
152.480716615023;0.45062255859375;0.000180969238281251;12.9399999673296;1295;100 mA
152.490716614998;0.45062255859375;0.00018646240234375;12.9499999673044;1296;100 mA
152.500716614973;0.45068359375;0.00017852783203125;12.9599999672791;1297;100 mA
152.510716614947;0.45062255859375;0.000180664062499999;12.9699999672539;1298;100 mA
152.520716614922;0.450653076171875;0.00017425537109375;12.9799999672287;1299;100 mA
152.530716614897;0.450592041015625;0.0001678466796875;12.9899999672034;1300;100 mA
152.540716614872;0.45062255859375;0.00017120361328125;12.9999999671782;1301;100 mA
152.550716614846;0.45062255859375;0.000177001953125;13.0099999671529;1302;100 mA
152.560716614821;0.45068359375;0.0001739501953125;13.0199999671277;1303;100 mA
152.570716614796;0.450653076171875;0.0001751708984375;13.0299999671024;1304;100 mA
152.580716614771;0.45068359375;0.0001690673828125;13.0399999670772;1305;100 mA
152.590716614745;0.450653076171875;0.000170288085937501;13.0499999670519;1306;100 mA
152.60071661472;0.45062255859375;0.000162658691406251;13.0599999670267;1307;100 mA
152.610716614695;0.450592041015625;0.000162353515624999;13.0699999670014;1308;100 mA
152.62071661467;0.45062255859375;0.00016510009765625;13.0799999669762;1309;100 mA
152.630716614644;0.45068359375;0.00016326904296875;13.0899999669509;1310;100 mA
152.640716614619;0.450653076171875;0.000168762207031251;13.0999999669257;1311;100 mA
152.650716614594;0.450653076171875;0.00016937255859375;13.1099999669004;1312;100 mA
152.660716614569;0.450653076171875;0.000168762207031251;13.1199999668752;1313;100 mA
152.670716614543;0.450653076171875;0.000164794921875;13.1299999668499;1314;100 mA
152.680716614518;0.4505615234375;0.000165405273437499;13.1399999668247;1315;100 mA
152.690716614493;0.45068359375;0.000167236328125001;13.1499999667994;1316;100 mA
152.700716614468;0.450714111328125;0.000156555175781251;13.1599999667742;1317;100 mA
152.710716614443;0.450714111328125;0.00016143798828125;13.1699999667489;1318;100 mA
152.720716614417;0.450653076171875;0.0001666259765625;13.1799999667237;1319;100 mA
152.730716614392;0.450653076171875;0.00016326904296875;13.1899999666985;1320;100 mA
152.740716614367;0.45068359375;0.000165405273437499;13.1999999666732;1321;100 mA
152.750716614342;0.45062255859375;0.000167236328125001;13.209999966648;1322;100 mA
152.760716614316;0.450653076171875;0.000172119140625;13.2199999666227;1323;100 mA
152.770716614291;0.450653076171875;0.0001690673828125;13.2299999665975;1324;100 mA
152.780716614266;0.45068359375;0.00016204833984375;13.2399999665722;1325;100 mA
152.790716614241;0.450653076171875;0.000171508789062499;13.249999966547;1326;100 mA
152.800716614215;0.45068359375;0.000159606933593751;13.2599999665217;1327;100 mA
152.81071661419;0.45062255859375;0.0001666259765625;13.2699999664965;1328;100 mA
152.820716614165;0.45068359375;0.000170288085937501;13.2799999664712;1329;100 mA
152.83071661414;0.450653076171875;0.000168457031249999;13.289999966446;1330;100 mA
152.840716614114;0.450714111328125;0.000165405273437499;13.2999999664207;1331;100 mA
152.850716614089;0.450592041015625;0.00016448974609375;13.3099999663955;1332;100 mA
152.860716614064;0.4505615234375;0.0001678466796875;13.3199999663702;1333;100 mA
152.870716614039;0.45068359375;0.000167236328125001;13.329999966345;1334;100 mA
152.880716614013;0.45062255859375;0.00016632080078125;13.3399999663197;1335;100 mA
152.890716613988;0.450653076171875;0.000169677734375;13.3499999662945;1336;100 mA
152.900716613963;0.45062255859375;0.00016021728515625;13.3599999662692;1337;100 mA
152.910716613938;0.45068359375;0.000162658691406251;13.369999966244;1338;100 mA
152.920716613912;0.450653076171875;0.00017120361328125;13.3799999662187;1339;100 mA
152.930716613887;0.45062255859375;0.000166015625;13.3899999661935;1340;100 mA
152.940716613862;0.450653076171875;0.000165405273437499;13.3999999661683;1341;100 mA
152.950716613837;0.450653076171875;0.000166015625;13.409999966143;1342;100 mA
152.960716613811;0.450653076171875;0.00016632080078125;13.4199999661178;1343;100 mA
152.970716613786;0.45062255859375;0.00016204833984375;13.4299999660925;1344;100 mA
152.980716613761;0.45074462890625;0.00016143798828125;13.4399999660673;1345;100 mA
152.990716613736;0.450714111328125;0.000163879394531249;13.449999966042;1346;100 mA
153.00071661371;0.45062255859375;0.00015899658203125;13.4599999660168;1347;100 mA
153.010716613685;0.45068359375;0.000159301757812499;13.4699999659915;1348;100 mA
153.02071661366;0.45074462890625;0.000159606933593751;13.4799999659663;1349;100 mA
153.030716613635;0.45068359375;0.000156555175781251;13.489999965941;1350;100 mA
153.040716613609;0.45068359375;0.0001629638671875;13.4999999659158;1351;100 mA
153.050716613584;0.450653076171875;0.00016021728515625;13.5099999658905;1352;100 mA
153.060716613559;0.45068359375;0.000159912109375;13.5199999658653;1353;100 mA
153.070716613534;0.45068359375;0.00015869140625;13.52999996584;1354;100 mA
153.080716613508;0.45062255859375;0.000150146484374999;13.5399999658148;1355;100 mA
153.090716613483;0.45062255859375;0.00015869140625;13.5499999657895;1356;100 mA
153.100716613458;0.45068359375;0.000151977539062501;13.5599999657643;1357;100 mA
153.110716613433;0.450592041015625;0.00015289306640625;13.569999965739;1358;100 mA
153.120716613407;0.450653076171875;0.000151977539062501;13.5799999657138;1359;100 mA
153.130716613382;0.45068359375;0.000153198242187499;13.5899999656885;1360;100 mA
153.140716613357;0.45074462890625;0.00015869140625;13.5999999656633;1361;100 mA
153.150716613332;0.450592041015625;0.00015899658203125;13.6099999656381;1362;100 mA
153.160716613306;0.45068359375;0.00015533447265625;13.6199999656128;1363;100 mA
153.170716613281;0.450592041015625;0.000155029296875001;13.6299999655876;1364;100 mA
153.180716613256;0.45068359375;0.0001513671875;13.6399999655623;1365;100 mA
153.190716613231;0.45074462890625;0.00015838623046875;13.6499999655371;1366;100 mA
153.200716613205;0.450653076171875;0.00015533447265625;13.6599999655118;1367;100 mA
153.21071661318;0.45062255859375;0.000157775878906249;13.6699999654866;1368;100 mA
153.220716613155;0.45068359375;0.00015716552734375;13.6799999654613;1369;100 mA
153.23071661313;0.45068359375;0.0001556396484375;13.6899999654361;1370;100 mA
153.240716613104;0.450653076171875;0.00016357421875;13.6999999654108;1371;100 mA
153.250716613079;0.450592041015625;0.000164794921875;13.7099999653856;1372;100 mA
153.260716613054;0.450653076171875;0.00016448974609375;13.7199999653603;1373;100 mA
153.270716613029;0.450653076171875;0.00015869140625;13.7299999653351;1374;100 mA
153.280716613003;0.450653076171875;0.000150146484374999;13.7399999653098;1375;100 mA
153.290716612978;0.45062255859375;0.000157470703125;13.7499999652846;1376;100 mA
153.300716612953;0.450653076171875;0.000153198242187499;13.7599999652593;1377;100 mA
153.310716612928;0.450653076171875;0.000157470703125;13.7699999652341;1378;100 mA
153.320716612902;0.45068359375;0.000150146484374999;13.7799999652088;1379;100 mA
153.330716612877;0.45062255859375;0.000153198242187499;13.7899999651836;1380;100 mA
153.340716612852;0.45062255859375;0.000157775878906249;13.7999999651583;1381;100 mA
153.350716612827;0.450592041015625;0.000163879394531249;13.8099999651331;1382;100 mA
153.360716612801;0.45074462890625;0.000157470703125;13.8199999651079;1383;100 mA
153.370716612776;0.450714111328125;0.0001544189453125;13.8299999650826;1384;100 mA
153.380716612751;0.450653076171875;0.0001513671875;13.8399999650574;1385;100 mA
153.390716612726;0.450592041015625;0.000159912109375;13.8499999650321;1386;100 mA
153.4007166127;0.45068359375;0.00015533447265625;13.8599999650069;1387;100 mA
153.410716612675;0.45074462890625;0.00015380859375;13.8699999649816;1388;100 mA
153.42071661265;0.45068359375;0.00015106201171875;13.8799999649564;1389;100 mA
153.430716612625;0.450653076171875;0.00015106201171875;13.8899999649311;1390;100 mA
153.440716612599;0.45068359375;0.0001544189453125;13.8999999649059;1391;100 mA
153.450716612574;0.45068359375;0.000153503417968751;13.9099999648806;1392;100 mA
153.460716612549;0.45068359375;0.000153198242187499;13.9199999648554;1393;100 mA
153.470716612524;0.450592041015625;0.00015380859375;13.9299999648301;1394;100 mA
153.480716612498;0.450653076171875;0.0001495361328125;13.9399999648049;1395;100 mA
153.490716612473;0.450653076171875;0.000153503417968751;13.9499999647796;1396;100 mA
153.500716612448;0.450592041015625;0.000147094726562499;13.9599999647544;1397;100 mA
153.510716612423;0.450653076171875;0.00015289306640625;13.9699999647291;1398;100 mA
153.520716612397;0.450653076171875;0.000153503417968751;13.9799999647039;1399;100 mA
153.530716612372;0.450592041015625;0.00014678955078125;13.9899999646786;1400;100 mA
153.540716612347;0.450714111328125;0.000151672363281249;13.9999999646534;1401;100 mA
153.550716612322;0.45062255859375;0.0001544189453125;14.0099999646282;1402;100 mA
153.560716612296;0.45068359375;0.000146484375;14.0199999646029;1403;100 mA
153.570716612271;0.45068359375;0.000148925781250001;14.0299999645777;1404;100 mA
153.580716612246;0.450653076171875;0.0001495361328125;14.0399999645524;1405;100 mA
153.590716612221;0.45068359375;0.00015594482421875;14.0499999645272;1406;100 mA
153.600716612195;0.45068359375;0.000151672363281249;14.0599999645019;1407;100 mA
153.61071661217;0.450653076171875;0.00015228271484375;14.0699999644767;1408;100 mA
153.620716612145;0.450653076171875;0.00015380859375;14.0799999644514;1409;100 mA
153.63071661212;0.450653076171875;0.00014984130859375;14.0899999644262;1410;100 mA
153.640716612094;0.450653076171875;0.0001568603515625;14.0999999644009;1411;100 mA
153.650716612069;0.45062255859375;0.000161132812500001;14.1099999643757;1412;100 mA
153.660716612044;0.45068359375;0.000157775878906249;14.1199999643504;1413;100 mA
153.670716612019;0.45068359375;0.00015838623046875;14.1299999643252;1414;100 mA
153.680716611993;0.45062255859375;0.000157470703125;14.1399999642999;1415;100 mA
153.690716611968;0.45068359375;0.000160827636718749;14.1499999642747;1416;100 mA
153.700716611943;0.450653076171875;0.000153198242187499;14.1599999642494;1417;100 mA
153.710716611918;0.450653076171875;0.0001617431640625;14.1699999642242;1418;100 mA
153.720716611892;0.450653076171875;0.0001605224609375;14.1799999641989;1419;100 mA
153.730716611867;0.450653076171875;0.000157775878906249;14.1899999641737;1420;100 mA
153.740716611842;0.450714111328125;0.000157775878906249;14.1999999641484;1421;100 mA
153.750716611817;0.450592041015625;0.00016632080078125;14.2099999641232;1422;100 mA
153.760716611792;0.450653076171875;0.000153503417968751;14.219999964098;1423;100 mA
153.770716611766;0.45062255859375;0.00015289306640625;14.2299999640727;1424;100 mA
153.780716611741;0.450714111328125;0.000148925781250001;14.2399999640475;1425;100 mA
153.790716611716;0.45068359375;0.00015228271484375;14.2499999640222;1426;100 mA
153.800716611691;0.45068359375;0.00014495849609375;14.259999963997;1427;100 mA
153.810716611665;0.450653076171875;0.000148620605468749;14.2699999639717;1428;100 mA
153.82071661164;0.450653076171875;0.00015228271484375;14.2799999639465;1429;100 mA
153.830716611615;0.45062255859375;0.000148925781250001;14.2899999639212;1430;100 mA
153.84071661159;0.45068359375;0.00014678955078125;14.299999963896;1431;100 mA
153.850716611564;0.450653076171875;0.000146484375;14.3099999638707;1432;100 mA
153.860716611539;0.45062255859375;0.000145568847656249;14.3199999638455;1433;100 mA
153.870716611514;0.45068359375;0.000140991210937499;14.3299999638202;1434;100 mA
153.880716611489;0.45068359375;0.000139770507812501;14.339999963795;1435;100 mA
153.890716611463;0.450592041015625;0.00015106201171875;14.3499999637697;1436;100 mA
153.900716611438;0.45068359375;0.00014495849609375;14.3599999637445;1437;100 mA
153.910716611413;0.45062255859375;0.000146484375;14.3699999637192;1438;100 mA
153.920716611388;0.450653076171875;0.000145263671875;14.379999963694;1439;100 mA
153.930716611362;0.45068359375;0.000145263671875;14.3899999636687;1440;100 mA
153.940716611337;0.45062255859375;0.00014923095703125;14.3999999636435;1441;100 mA
153.950716611312;0.450531005859375;0.0001513671875;14.4099999636182;1442;100 mA
153.960716611287;0.450714111328125;0.00014678955078125;14.419999963593;1443;100 mA
153.970716611261;0.450653076171875;0.000151977539062501;14.4299999635678;1444;100 mA
153.980716611236;0.450653076171875;0.00014617919921875;14.4399999635425;1445;100 mA
153.990716611211;0.450653076171875;0.00015228271484375;14.4499999635173;1446;100 mA
154.000716611186;0.45062255859375;0.000144348144531251;14.459999963492;1447;100 mA
154.01071661116;0.450592041015625;0.000140991210937499;14.4699999634668;1448;100 mA
154.020716611135;0.450653076171875;0.000145263671875;14.4799999634415;1449;100 mA
154.03071661111;0.45068359375;0.0001385498046875;14.4899999634163;1450;100 mA
154.040716611085;0.450653076171875;0.000147399902343751;14.499999963391;1451;100 mA
154.050716611059;0.450653076171875;0.000150146484374999;14.5099999633658;1452;100 mA
154.060716611034;0.450653076171875;0.0001483154296875;14.5199999633405;1453;100 mA
154.070716611009;0.45062255859375;0.00014801025390625;14.5299999633153;1454;100 mA
154.080716610984;0.450714111328125;0.000145568847656249;14.53999996329;1455;100 mA
154.090716610958;0.45068359375;0.00015716552734375;14.5499999632648;1456;100 mA
154.100716610933;0.45062255859375;0.000148620605468749;14.5599999632395;1457;100 mA
154.110716610908;0.450592041015625;0.0001495361328125;14.5699999632143;1458;100 mA
154.120716610883;0.450714111328125;0.000146484375;14.579999963189;1459;100 mA
154.130716610857;0.45062255859375;0.00014678955078125;14.5899999631638;1460;100 mA
154.140716610832;0.450592041015625;0.00015106201171875;14.5999999631385;1461;100 mA
154.150716610807;0.45062255859375;0.0001507568359375;14.6099999631133;1462;100 mA
154.160716610782;0.45068359375;0.000148925781250001;14.619999963088;1463;100 mA
154.170716610756;0.450653076171875;0.000145874023437501;14.6299999630628;1464;100 mA
154.180716610731;0.45068359375;0.0001434326171875;14.6399999630376;1465;100 mA
154.190716610706;0.45062255859375;0.00015838623046875;14.6499999630123;1466;100 mA
154.200716610681;0.450653076171875;0.00014801025390625;14.6599999629871;1467;100 mA
154.210716610655;0.450714111328125;0.0001495361328125;14.6699999629618;1468;100 mA
154.22071661063;0.45062255859375;0.000144348144531251;14.6799999629366;1469;100 mA
154.230716610605;0.450653076171875;0.000139770507812501;14.6899999629113;1470;100 mA
154.24071661058;0.450653076171875;0.000145263671875;14.6999999628861;1471;100 mA
154.250716610554;0.450592041015625;0.00014678955078125;14.7099999628608;1472;100 mA
154.260716610529;0.450653076171875;0.0001434326171875;14.7199999628356;1473;100 mA
154.270716610504;0.450592041015625;0.00014373779296875;14.7299999628103;1474;100 mA
154.280716610479;0.45068359375;0.0001373291015625;14.7399999627851;1475;100 mA
154.290716610453;0.45074462890625;0.000142517089843749;14.7499999627598;1476;100 mA
154.300716610428;0.450653076171875;0.00013580322265625;14.7599999627346;1477;100 mA
154.310716610403;0.450592041015625;0.000136413574218749;14.7699999627093;1478;100 mA
154.320716610378;0.45068359375;0.00013580322265625;14.7799999626841;1479;100 mA
154.330716610352;0.450653076171875;0.000135192871093751;14.7899999626588;1480;100 mA
154.340716610327;0.45062255859375;0.000140380859375;14.7999999626336;1481;100 mA
154.350716610302;0.450653076171875;0.000140380859375;14.8099999626083;1482;100 mA
154.360716610277;0.45068359375;0.000136718750000001;14.8199999625831;1483;100 mA
154.370716610251;0.45062255859375;0.000140380859375;14.8299999625578;1484;100 mA
154.380716610226;0.45068359375;0.00013427734375;14.8399999625326;1485;100 mA
154.390716610201;0.450653076171875;0.000146484375;14.8499999625074;1486;100 mA
154.400716610176;0.45062255859375;0.0001361083984375;14.8599999624821;1487;100 mA
154.41071661015;0.450653076171875;0.0001416015625;14.8699999624569;1488;100 mA
154.420716610125;0.450653076171875;0.00013702392578125;14.8799999624316;1489;100 mA
154.4307166101;0.45068359375;0.00013397216796875;14.8899999624064;1490;100 mA
154.440716610075;0.45068359375;0.0001416015625;14.8999999623811;1491;100 mA
154.450716610049;0.450592041015625;0.00014678955078125;14.9099999623559;1492;100 mA
154.460716610024;0.45068359375;0.000139465332031249;14.9199999623306;1493;100 mA
154.470716609999;0.450653076171875;0.000140380859375;14.9299999623054;1494;100 mA
154.480716609974;0.45062255859375;0.00014373779296875;14.9399999622801;1495;100 mA
154.490716609948;0.45068359375;0.00014801025390625;14.9499999622549;1496;100 mA
154.500716609923;0.45062255859375;0.0001446533203125;14.9599999622296;1497;100 mA
154.510716609898;0.45068359375;0.000141296386718751;14.9699999622044;1498;100 mA
154.520716609873;0.450714111328125;0.0001422119140625;14.9799999621791;1499;100 mA
154.530716609847;0.450653076171875;0.0001446533203125;14.9899999621539;1500;100 mA
154.540716609822;0.450653076171875;0.000147094726562499;14.9999999621286;1501;100 mA
154.550716609797;0.450653076171875;0.000147094726562499;15.0099999621034;1502;100 mA
154.560716609772;0.45068359375;0.0001434326171875;15.0199999620781;1503;100 mA
154.570716609746;0.45062255859375;0.00014923095703125;15.0299999620529;1504;100 mA
154.580716609721;0.45062255859375;0.00014678955078125;15.0399999620277;1505;100 mA
154.590716609696;0.450775146484375;0.00015228271484375;15.0499999620024;1506;100 mA
154.600716609671;0.45062255859375;0.0001483154296875;15.0599999619772;1507;100 mA
154.610716609645;0.450653076171875;0.000145263671875;15.0699999619519;1508;100 mA
154.62071660962;0.450653076171875;0.000144042968749999;15.0799999619267;1509;100 mA
154.630716609595;0.45062255859375;0.000144348144531251;15.0899999619014;1510;100 mA
154.64071660957;0.45068359375;0.0001495361328125;15.0999999618762;1511;100 mA
154.650716609544;0.450592041015625;0.000152587890625;15.1099999618509;1512;100 mA
154.660716609519;0.45068359375;0.000144348144531251;15.1199999618257;1513;100 mA
154.670716609494;0.45068359375;0.000145874023437501;15.1299999618004;1514;100 mA
154.680716609469;0.450653076171875;0.0001416015625;15.1399999617752;1515;100 mA
154.690716609443;0.45062255859375;0.0001507568359375;15.1499999617499;1516;100 mA
154.700716609418;0.45062255859375;0.000140991210937499;15.1599999617247;1517;100 mA
154.710716609393;0.450653076171875;0.0001416015625;15.1699999616994;1518;100 mA
154.720716609368;0.45062255859375;0.0001385498046875;15.1799999616742;1519;100 mA
154.730716609342;0.45062255859375;0.000136413574218749;15.1899999616489;1520;100 mA
154.740716609317;0.450653076171875;0.000144348144531251;15.1999999616237;1521;100 mA
154.750716609292;0.450653076171875;0.000144348144531251;15.2099999615984;1522;100 mA
154.760716609267;0.45074462890625;0.000138244628906251;15.2199999615732;1523;100 mA
154.770716609242;0.45062255859375;0.00013885498046875;15.2299999615479;1524;100 mA
154.780716609216;0.45062255859375;0.000137939453124999;15.2399999615227;1525;100 mA
154.790716609191;0.450653076171875;0.000145263671875;15.2499999614975;1526;100 mA
154.800716609166;0.450592041015625;0.00013885498046875;15.2599999614722;1527;100 mA
154.810716609141;0.45062255859375;0.00014190673828125;15.269999961447;1528;100 mA
154.820716609115;0.45068359375;0.000140991210937499;15.2799999614217;1529;100 mA
154.83071660909;0.45074462890625;0.00013916015625;15.2899999613965;1530;100 mA
154.840716609065;0.45062255859375;0.000139770507812501;15.2999999613712;1531;100 mA
154.85071660904;0.45062255859375;0.00014312744140625;15.309999961346;1532;100 mA
154.860716609014;0.45068359375;0.00013916015625;15.3199999613207;1533;100 mA
154.870716608989;0.450653076171875;0.0001422119140625;15.3299999612955;1534;100 mA
154.880716608964;0.45068359375;0.00013763427734375;15.3399999612702;1535;100 mA
154.890716608939;0.450653076171875;0.000142822265625001;15.349999961245;1536;100 mA
154.900716608913;0.450653076171875;0.0001373291015625;15.3599999612197;1537;100 mA
154.910716608888;0.45068359375;0.000140380859375;15.3699999611945;1538;100 mA
154.920716608863;0.4505615234375;0.000144348144531251;15.3799999611692;1539;100 mA
154.930716608838;0.45068359375;0.000136718750000001;15.389999961144;1540;100 mA
154.940716608812;0.450653076171875;0.0001416015625;15.3999999611187;1541;100 mA
154.950716608787;0.450592041015625;0.000147094726562499;15.4099999610935;1542;100 mA
154.960716608762;0.450653076171875;0.000139770507812501;15.4199999610682;1543;100 mA
154.970716608737;0.45062255859375;0.00014068603515625;15.429999961043;1544;100 mA
154.980716608711;0.450653076171875;0.00013702392578125;15.4399999610177;1545;100 mA
154.990716608686;0.45062255859375;0.0001434326171875;15.4499999609925;1546;100 mA
155.000716608661;0.45068359375;0.00013458251953125;15.4599999609673;1547;100 mA
155.010716608636;0.450592041015625;0.00014007568359375;15.469999960942;1548;100 mA
155.02071660861;0.450592041015625;0.00014312744140625;15.4799999609168;1549;100 mA
155.030716608585;0.450714111328125;0.0001416015625;15.4899999608915;1550;100 mA
155.04071660856;0.450653076171875;0.00014312744140625;15.4999999608663;1551;100 mA
155.050716608535;0.45062255859375;0.000145568847656249;15.509999960841;1552;100 mA
155.060716608509;0.450653076171875;0.000140991210937499;15.5199999608158;1553;100 mA
155.070716608484;0.450653076171875;0.00013763427734375;15.5299999607905;1554;100 mA
155.080716608459;0.450592041015625;0.00014068603515625;15.5399999607653;1555;100 mA
155.090716608434;0.45062255859375;0.000142822265625001;15.54999996074;1556;100 mA
155.100716608408;0.45062255859375;0.000137939453124999;15.5599999607148;1557;100 mA
155.110716608383;0.45062255859375;0.000140380859375;15.5699999606895;1558;100 mA
155.120716608358;0.45062255859375;0.00014007568359375;15.5799999606643;1559;100 mA
155.130716608333;0.450653076171875;0.0001385498046875;15.589999960639;1560;100 mA
155.140716608307;0.450653076171875;0.00014312744140625;15.5999999606138;1561;100 mA
155.150716608282;0.4505615234375;0.00014495849609375;15.6099999605885;1562;100 mA
155.160716608257;0.45068359375;0.00013763427734375;15.6199999605633;1563;100 mA
155.170716608232;0.450714111328125;0.0001361083984375;15.629999960538;1564;100 mA
155.180716608206;0.45062255859375;0.000133361816406249;15.6399999605128;1565;100 mA
155.190716608181;0.450653076171875;0.000144042968749999;15.6499999604875;1566;100 mA
155.200716608156;0.450653076171875;0.000140380859375;15.6599999604623;1567;100 mA
155.210716608131;0.4505615234375;0.00014007568359375;15.6699999604371;1568;100 mA
155.220716608105;0.45062255859375;0.000139465332031249;15.6799999604118;1569;100 mA
155.23071660808;0.45068359375;0.00013458251953125;15.6899999603866;1570;100 mA
155.240716608055;0.450653076171875;0.00013580322265625;15.6999999603613;1571;100 mA
155.25071660803;0.4505615234375;0.000142822265625001;15.7099999603361;1572;100 mA
155.260716608004;0.450714111328125;0.000136413574218749;15.7199999603108;1573;100 mA
155.270716607979;0.450653076171875;0.00014007568359375;15.7299999602856;1574;100 mA
155.280716607954;0.450653076171875;0.00013092041015625;15.7399999602603;1575;100 mA
155.290716607929;0.45062255859375;0.000140380859375;15.7499999602351;1576;100 mA
155.300716607903;0.45068359375;0.000136718750000001;15.7599999602098;1577;100 mA
155.310716607878;0.450653076171875;0.0001361083984375;15.7699999601846;1578;100 mA
155.320716607853;0.45062255859375;0.000138244628906251;15.7799999601593;1579;100 mA
155.330716607828;0.450653076171875;0.000134887695312499;15.7899999601341;1580;100 mA
155.340716607802;0.45068359375;0.0001385498046875;15.7999999601088;1581;100 mA
155.350716607777;0.450653076171875;0.00013916015625;15.8099999600836;1582;100 mA
155.360716607752;0.45062255859375;0.0001361083984375;15.8199999600583;1583;100 mA
155.370716607727;0.450653076171875;0.0001416015625;15.8299999600331;1584;100 mA
155.380716607701;0.45068359375;0.00013580322265625;15.8399999600078;1585;100 mA
155.390716607676;0.45062255859375;0.00014007568359375;15.8499999599826;1586;100 mA
155.400716607651;0.450653076171875;0.000132141113281251;15.8599999599573;1587;100 mA
155.410716607626;0.45062255859375;0.00013580322265625;15.8699999599321;1588;100 mA
155.4207166076;0.45068359375;0.00013397216796875;15.8799999599069;1589;100 mA
155.430716607575;0.45068359375;0.000133361816406249;15.8899999598816;1590;100 mA
155.44071660755;0.45062255859375;0.000139465332031249;15.8999999598564;1591;100 mA
155.450716607525;0.45068359375;0.0001373291015625;15.9099999598311;1592;100 mA
155.460716607499;0.450653076171875;0.000133666992187501;15.9199999598059;1593;100 mA
155.470716607474;0.45068359375;0.000135192871093751;15.9299999597806;1594;100 mA
155.480716607449;0.45062255859375;0.00013397216796875;15.9399999597554;1595;100 mA
155.490716607424;0.450653076171875;0.0001373291015625;15.9499999597301;1596;100 mA
155.500716607398;0.45068359375;0.000133056640625;15.9599999597049;1597;100 mA
155.510716607373;0.4505615234375;0.000136718750000001;15.9699999596796;1598;100 mA
155.520716607348;0.45062255859375;0.00013763427734375;15.9799999596544;1599;100 mA
155.530716607323;0.450592041015625;0.000132141113281251;15.9899999596291;1600;100 mA
155.540716607297;0.450653076171875;0.000136413574218749;15.9999999596039;1601;100 mA
155.550716607272;0.450592041015625;0.00013916015625;16.0099999595786;1602;100 mA
155.560716607247;0.45074462890625;0.000130615234375001;16.0199999595534;1603;100 mA
155.570716607222;0.45068359375;0.00013458251953125;16.0299999595281;1604;100 mA
155.580716607196;0.45068359375;0.00013092041015625;16.0399999595029;1605;100 mA
155.590716607171;0.45062255859375;0.0001361083984375;16.0499999594776;1606;100 mA
155.600716607146;0.450653076171875;0.000127258300781249;16.0599999594524;1607;100 mA
155.610716607121;0.450653076171875;0.000133056640625;16.0699999594272;1608;100 mA
155.620716607095;0.45068359375;0.00013397216796875;16.0799999594019;1609;100 mA
155.63071660707;0.45062255859375;0.00013427734375;16.0899999593767;1610;100 mA
155.640716607045;0.45062255859375;0.0001373291015625;16.0999999593514;1611;100 mA
155.65071660702;0.45062255859375;0.0001422119140625;16.1099999593262;1612;100 mA
155.660716606994;0.450653076171875;0.000135498046875;16.1199999593009;1613;100 mA
155.670716606969;0.45062255859375;0.000135498046875;16.1299999592757;1614;100 mA
155.680716606944;0.450714111328125;0.00012939453125;16.1399999592504;1615;100 mA
155.690716606919;0.45068359375;0.0001373291015625;16.1499999592252;1616;100 mA
155.700716606893;0.450653076171875;0.000133361816406249;16.1599999591999;1617;100 mA
155.710716606868;0.450714111328125;0.000131835937499999;16.1699999591747;1618;100 mA
155.720716606843;0.450653076171875;0.00013153076171875;16.1799999591494;1619;100 mA
155.730716606818;0.45068359375;0.000135498046875;16.1899999591242;1620;100 mA
155.740716606792;0.45068359375;0.00013763427734375;16.1999999590989;1621;100 mA
155.750716606767;0.450653076171875;0.00013916015625;16.2099999590737;1622;100 mA
155.760716606742;0.45068359375;0.000134887695312499;16.2199999590484;1623;100 mA
155.770716606717;0.450653076171875;0.000136413574218749;16.2299999590232;1624;100 mA
155.780716606691;0.45062255859375;0.000135192871093751;16.2399999589979;1625;100 mA
155.790716606666;0.45068359375;0.000136718750000001;16.2499999589727;1626;100 mA
155.800716606641;0.450653076171875;0.000134887695312499;16.2599999589474;1627;100 mA
155.810716606616;0.450714111328125;0.0001361083984375;16.2699999589222;1628;100 mA
155.820716606591;0.450592041015625;0.00013275146484375;16.279999958897;1629;100 mA
155.830716606565;0.450592041015625;0.000135192871093751;16.2899999588717;1630;100 mA
155.84071660654;0.450592041015625;0.000138244628906251;16.2999999588465;1631;100 mA
155.850716606515;0.45062255859375;0.000139770507812501;16.3099999588212;1632;100 mA
155.86071660649;0.450653076171875;0.000135498046875;16.319999958796;1633;100 mA
155.870716606464;0.450653076171875;0.0001312255859375;16.3299999587707;1634;100 mA
155.880716606439;0.450714111328125;0.000132141113281251;16.3399999587455;1635;100 mA
155.890716606414;0.450714111328125;0.0001373291015625;16.3499999587202;1636;100 mA
155.900716606389;0.45062255859375;0.00013397216796875;16.359999958695;1637;100 mA
155.910716606363;0.450653076171875;0.00013397216796875;16.3699999586697;1638;100 mA
155.920716606338;0.450653076171875;0.000129089355468751;16.3799999586445;1639;100 mA
155.930716606313;0.450592041015625;0.00013580322265625;16.3899999586192;1640;100 mA
155.940716606288;0.45068359375;0.000135498046875;16.399999958594;1641;100 mA
155.950716606262;0.45062255859375;0.000136413574218749;16.4099999585687;1642;100 mA
155.960716606237;0.45068359375;0.00013427734375;16.4199999585435;1643;100 mA
155.970716606212;0.450714111328125;0.0001324462890625;16.4299999585182;1644;100 mA
155.980716606187;0.45062255859375;0.000129089355468751;16.439999958493;1645;100 mA
155.990716606161;0.450653076171875;0.000135498046875;16.4499999584677;1646;100 mA
156.000716606136;0.450714111328125;0.000128173828125;16.4599999584425;1647;100 mA
156.010716606111;0.45068359375;0.000128784179687499;16.4699999584172;1648;100 mA
156.020716606086;0.450592041015625;0.00013275146484375;16.479999958392;1649;100 mA
156.03071660606;0.450653076171875;0.000127563476562501;16.4899999583668;1650;100 mA
156.040716606035;0.450714111328125;0.000130615234375001;16.4999999583415;1651;100 mA
156.05071660601;0.45062255859375;0.000127563476562501;16.5099999583163;1652;100 mA
156.060716605985;0.45062255859375;0.000127563476562501;16.519999958291;1653;100 mA
156.070716605959;0.450653076171875;0.00013153076171875;16.5299999582658;1654;100 mA
156.080716605934;0.45062255859375;0.000129089355468751;16.5399999582405;1655;100 mA
156.090716605909;0.45068359375;0.000129089355468751;16.5499999582153;1656;100 mA
156.100716605884;0.45068359375;0.00012664794921875;16.55999995819;1657;100 mA
156.110716605858;0.450653076171875;0.0001312255859375;16.5699999581648;1658;100 mA
156.120716605833;0.45068359375;0.000133056640625;16.5799999581395;1659;100 mA
156.130716605808;0.450653076171875;0.0001324462890625;16.5899999581143;1660;100 mA
156.140716605783;0.450714111328125;0.00013427734375;16.599999958089;1661;100 mA
156.150716605757;0.450653076171875;0.00013397216796875;16.6099999580638;1662;100 mA
156.160716605732;0.450653076171875;0.00013458251953125;16.6199999580385;1663;100 mA
156.170716605707;0.450714111328125;0.0001263427734375;16.6299999580133;1664;100 mA
156.180716605682;0.450653076171875;0.000126037597656251;16.639999957988;1665;100 mA
156.190716605656;0.450653076171875;0.00013275146484375;16.6499999579628;1666;100 mA
156.200716605631;0.45068359375;0.000125732421874999;16.6599999579375;1667;100 mA
156.210716605606;0.45074462890625;0.000126037597656251;16.6699999579123;1668;100 mA
156.220716605581;0.450592041015625;0.00012969970703125;16.679999957887;1669;100 mA
156.230716605555;0.45068359375;0.00012542724609375;16.6899999578618;1670;100 mA
156.24071660553;0.450653076171875;0.00013427734375;16.6999999578366;1671;100 mA
156.250716605505;0.4505615234375;0.000134887695312499;16.7099999578113;1672;100 mA
156.26071660548;0.45062255859375;0.00013153076171875;16.7199999577861;1673;100 mA
156.270716605454;0.450653076171875;0.000131835937499999;16.7299999577608;1674;100 mA
156.280716605429;0.45068359375;0.0001300048828125;16.7399999577356;1675;100 mA
156.290716605404;0.45068359375;0.0001312255859375;16.7499999577103;1676;100 mA
156.300716605379;0.450714111328125;0.000126953125;16.7599999576851;1677;100 mA
156.310716605353;0.45062255859375;0.000130310058593749;16.7699999576598;1678;100 mA
156.320716605328;0.450653076171875;0.0001312255859375;16.7799999576346;1679;100 mA
156.330716605303;0.450653076171875;0.000127258300781249;16.7899999576093;1680;100 mA
156.340716605278;0.4505615234375;0.0001312255859375;16.7999999575841;1681;100 mA
156.350716605252;0.45068359375;0.0001361083984375;16.8099999575588;1682;100 mA
156.360716605227;0.45068359375;0.00013092041015625;16.8199999575336;1683;100 mA
156.370716605202;0.450653076171875;0.0001324462890625;16.8299999575083;1684;100 mA
156.380716605177;0.450653076171875;0.00012481689453125;16.8399999574831;1685;100 mA
156.390716605151;0.45062255859375;0.00013275146484375;16.8499999574578;1686;100 mA
156.400716605126;0.450653076171875;0.000131835937499999;16.8599999574326;1687;100 mA
156.410716605101;0.450653076171875;0.0001300048828125;16.8699999574073;1688;100 mA
156.420716605076;0.450653076171875;0.000127258300781249;16.8799999573821;1689;100 mA
156.43071660505;0.450653076171875;0.00012542724609375;16.8899999573568;1690;100 mA
156.440716605025;0.450653076171875;0.000128173828125;16.8999999573316;1691;100 mA
156.450716605;0.450653076171875;0.00013092041015625;16.9099999573064;1692;100 mA
156.460716604975;0.450653076171875;0.000128784179687499;16.9199999572811;1693;100 mA
156.470716604949;0.45062255859375;0.0001300048828125;16.9299999572559;1694;100 mA
156.480716604924;0.45062255859375;0.00012939453125;16.9399999572306;1695;100 mA
156.490716604899;0.450653076171875;0.0001312255859375;16.9499999572054;1696;100 mA
156.500716604874;0.450653076171875;0.00013092041015625;16.9599999571801;1697;100 mA
156.510716604848;0.45068359375;0.00012542724609375;16.9699999571549;1698;100 mA
156.520716604823;0.45062255859375;0.0001251220703125;16.9799999571296;1699;100 mA
156.530716604798;0.45068359375;0.000122680664062499;16.9899999571044;1700;100 mA
156.540716604773;0.450714111328125;0.00012939453125;16.9999999570791;1701;100 mA
156.550716604747;0.450653076171875;0.000127563476562501;17.0099999570539;1702;100 mA
156.560716604722;0.45074462890625;0.000124206542968749;17.0199999570286;1703;100 mA
156.570716604697;0.450653076171875;0.00012969970703125;17.0299999570034;1704;100 mA
156.580716604672;0.45062255859375;0.00012664794921875;17.0399999569781;1705;100 mA
156.590716604646;0.450653076171875;0.00013275146484375;17.0499999569529;1706;100 mA
156.600716604621;0.45062255859375;0.0001239013671875;17.0599999569276;1707;100 mA
156.610716604596;0.45062255859375;0.00012542724609375;17.0699999569024;1708;100 mA
156.620716604571;0.450653076171875;0.0001220703125;17.0799999568771;1709;100 mA
156.630716604545;0.45068359375;0.0001239013671875;17.0899999568519;1710;100 mA
156.64071660452;0.450653076171875;0.00012847900390625;17.0999999568267;1711;100 mA
156.650716604495;0.45062255859375;0.000134887695312499;17.1099999568014;1712;100 mA
156.66071660447;0.450653076171875;0.00012542724609375;17.1199999567762;1713;100 mA
156.670716604444;0.450653076171875;0.000129089355468751;17.1299999567509;1714;100 mA
156.680716604419;0.450653076171875;0.000122985839843751;17.1399999567257;1715;100 mA
156.690716604394;0.450653076171875;0.0001251220703125;17.1499999567004;1716;100 mA
156.700716604369;0.45062255859375;0.000121459960937501;17.1599999566752;1717;100 mA
156.710716604343;0.450714111328125;0.000126037597656251;17.1699999566499;1718;100 mA
156.720716604318;0.45062255859375;0.00012542724609375;17.1799999566247;1719;100 mA
156.730716604293;0.450653076171875;0.000122985839843751;17.1899999565994;1720;100 mA
156.740716604268;0.450714111328125;0.00012786865234375;17.1999999565742;1721;100 mA
156.750716604242;0.45062255859375;0.000132141113281251;17.2099999565489;1722;100 mA
156.760716604217;0.45068359375;0.000128784179687499;17.2199999565237;1723;100 mA
156.770716604192;0.45068359375;0.000126953125;17.2299999564984;1724;100 mA
156.780716604167;0.45062255859375;0.00012664794921875;17.2399999564732;1725;100 mA
156.790716604141;0.45068359375;0.00013427734375;17.2499999564479;1726;100 mA
156.800716604116;0.450653076171875;0.000128784179687499;17.2599999564227;1727;100 mA
156.810716604091;0.45062255859375;0.000129089355468751;17.2699999563974;1728;100 mA
156.820716604066;0.45062255859375;0.00012969970703125;17.2799999563722;1729;100 mA
156.830716604041;0.45068359375;0.000128173828125;17.2899999563469;1730;100 mA
156.840716604015;0.45062255859375;0.000133056640625;17.2999999563217;1731;100 mA
156.85071660399;0.45062255859375;0.00013458251953125;17.3099999562965;1732;100 mA
156.860716603965;0.45068359375;0.00012939453125;17.3199999562712;1733;100 mA
156.87071660394;0.450653076171875;0.000128784179687499;17.329999956246;1734;100 mA
156.880716603914;0.450714111328125;0.0001251220703125;17.3399999562207;1735;100 mA
156.890716603889;0.450653076171875;0.0001385498046875;17.3499999561955;1736;100 mA
156.900716603864;0.45062255859375;0.000126953125;17.3599999561702;1737;100 mA
156.910716603839;0.450653076171875;0.0001251220703125;17.369999956145;1738;100 mA
156.920716603813;0.450714111328125;0.00012481689453125;17.3799999561197;1739;100 mA
156.930716603788;0.450653076171875;0.00012237548828125;17.3899999560945;1740;100 mA
156.940716603763;0.45068359375;0.00013153076171875;17.3999999560692;1741;100 mA
156.950716603738;0.450653076171875;0.00013153076171875;17.409999956044;1742;100 mA
156.960716603712;0.450592041015625;0.000127258300781249;17.4199999560187;1743;100 mA
156.970716603687;0.450714111328125;0.00012786865234375;17.4299999559935;1744;100 mA
156.980716603662;0.45074462890625;0.0001239013671875;17.4399999559682;1745;100 mA
156.990716603637;0.450653076171875;0.0001312255859375;17.449999955943;1746;100 mA
157.000716603611;0.450592041015625;0.000126037597656251;17.4599999559177;1747;100 mA
157.010716603586;0.45062255859375;0.000125732421874999;17.4699999558925;1748;100 mA
157.020716603561;0.45062255859375;0.000126037597656251;17.4799999558672;1749;100 mA
157.030716603536;0.45062255859375;0.000124206542968749;17.489999955842;1750;100 mA
157.04071660351;0.45062255859375;0.000128173828125;17.4999999558167;1751;100 mA
157.050716603485;0.450653076171875;0.00012939453125;17.5099999557915;1752;100 mA
157.06071660346;0.450653076171875;0.000127563476562501;17.5199999557663;1753;100 mA
157.070716603435;0.450653076171875;0.000126037597656251;17.529999955741;1754;100 mA
157.080716603409;0.450592041015625;0.00012542724609375;17.5399999557158;1755;100 mA
157.090716603384;0.45062255859375;0.00012969970703125;17.5499999556905;1756;100 mA
157.100716603359;0.450653076171875;0.00012847900390625;17.5599999556653;1757;100 mA
157.110716603334;0.45062255859375;0.00012542724609375;17.56999995564;1758;100 mA
157.120716603308;0.45068359375;0.00013153076171875;17.5799999556148;1759;100 mA
157.130716603283;0.450714111328125;0.00012542724609375;17.5899999555895;1760;100 mA
157.140716603258;0.45068359375;0.000129089355468751;17.5999999555643;1761;100 mA
157.150716603233;0.45062255859375;0.0001312255859375;17.609999955539;1762;100 mA
157.160716603207;0.450592041015625;0.00011932373046875;17.6199999555138;1763;100 mA
157.170716603182;0.4505615234375;0.000123291015625;17.6299999554885;1764;100 mA
157.180716603157;0.45068359375;0.00012481689453125;17.6399999554633;1765;100 mA
157.190716603132;0.45062255859375;0.000131835937499999;17.649999955438;1766;100 mA
157.200716603106;0.45062255859375;0.000125732421874999;17.6599999554128;1767;100 mA
157.210716603081;0.45068359375;0.000129089355468751;17.6699999553875;1768;100 mA
157.220716603056;0.450714111328125;0.000119628906249999;17.6799999553623;1769;100 mA
157.230716603031;0.450592041015625;0.000124511718750001;17.689999955337;1770;100 mA
157.240716603005;0.45062255859375;0.00012847900390625;17.6999999553118;1771;100 mA
157.25071660298;0.450592041015625;0.00013397216796875;17.7099999552865;1772;100 mA
157.260716602955;0.45068359375;0.0001251220703125;17.7199999552613;1773;100 mA
157.27071660293;0.45068359375;0.0001251220703125;17.7299999552361;1774;100 mA
157.280716602904;0.450653076171875;0.000126037597656251;17.7399999552108;1775;100 mA
157.290716602879;0.450653076171875;0.0001300048828125;17.7499999551856;1776;100 mA
157.300716602854;0.450653076171875;0.000124511718750001;17.7599999551603;1777;100 mA
157.310716602829;0.450653076171875;0.000126953125;17.7699999551351;1778;100 mA
157.320716602803;0.450653076171875;0.00012664794921875;17.7799999551098;1779;100 mA
157.330716602778;0.4508056640625;0.000123291015625;17.7899999550846;1780;100 mA
157.340716602753;0.450714111328125;0.0001251220703125;17.7999999550593;1781;100 mA
157.350716602728;0.450592041015625;0.000133361816406249;17.8099999550341;1782;100 mA
157.360716602702;0.45068359375;0.00012847900390625;17.8199999550088;1783;100 mA
157.370716602677;0.450653076171875;0.000130615234375001;17.8299999549836;1784;100 mA
157.380716602652;0.45062255859375;0.000126953125;17.8399999549583;1785;100 mA
157.390716602627;0.45068359375;0.00013153076171875;17.8499999549331;1786;100 mA
157.400716602601;0.450653076171875;0.000127563476562501;17.8599999549078;1787;100 mA
157.410716602576;0.45068359375;0.000124206542968749;17.8699999548826;1788;100 mA
157.420716602551;0.450592041015625;0.000127563476562501;17.8799999548573;1789;100 mA
157.430716602526;0.450531005859375;0.0001251220703125;17.8899999548321;1790;100 mA
157.4407166025;0.450592041015625;0.000128784179687499;17.8999999548068;1791;100 mA
157.450716602475;0.45062255859375;0.000129089355468751;17.9099999547816;1792;100 mA
157.46071660245;0.45062255859375;0.000126037597656251;17.9199999547563;1793;100 mA
157.470716602425;0.450653076171875;0.000129089355468751;17.9299999547311;1794;100 mA
157.480716602399;0.45068359375;0.000127258300781249;17.9399999547059;1795;100 mA
157.490716602374;0.450653076171875;0.000125732421874999;17.9499999546806;1796;100 mA
157.500716602349;0.450653076171875;0.000124206542968749;17.9599999546554;1797;100 mA
157.510716602324;0.450592041015625;0.000121154785156249;17.9699999546301;1798;100 mA
157.520716602298;0.450714111328125;0.000125732421874999;17.9799999546049;1799;100 mA
157.530716602273;0.450653076171875;0.00012481689453125;17.9899999545796;1800;100 mA
157.540716602248;0.45068359375;0.00012847900390625;17.9999999545544;1801;100 mA
157.550716602223;0.45062255859375;0.000132141113281251;18.0099999545291;1802;100 mA
157.560716602197;0.450653076171875;0.000125732421874999;18.0199999545039;1803;100 mA
157.570716602172;0.450592041015625;0.00012786865234375;18.0299999544786;1804;100 mA
157.580716602147;0.450531005859375;0.000119934082031251;18.0399999544534;1805;100 mA
157.590716602122;0.45062255859375;0.000127563476562501;18.0499999544281;1806;100 mA
157.600716602096;0.450714111328125;0.0001177978515625;18.0599999544029;1807;100 mA
157.610716602071;0.45068359375;0.00012176513671875;18.0699999543776;1808;100 mA
157.620716602046;0.45062255859375;0.000125732421874999;18.0799999543524;1809;100 mA
157.630716602021;0.45062255859375;0.0001177978515625;18.0899999543271;1810;100 mA
157.640716601995;0.45068359375;0.0001263427734375;18.0999999543019;1811;100 mA
157.65071660197;0.450653076171875;0.000129089355468751;18.1099999542766;1812;100 mA
157.660716601945;0.450653076171875;0.000122680664062499;18.1199999542514;1813;100 mA
157.67071660192;0.450653076171875;0.000122985839843751;18.1299999542262;1814;100 mA
157.680716601894;0.450714111328125;0.00011932373046875;18.1399999542009;1815;100 mA
157.690716601869;0.45068359375;0.000128784179687499;18.1499999541757;1816;100 mA
157.700716601844;0.45062255859375;0.000119934082031251;18.1599999541504;1817;100 mA
157.710716601819;0.450653076171875;0.000122985839843751;18.1699999541252;1818;100 mA
157.720716601793;0.450653076171875;0.000125732421874999;18.1799999540999;1819;100 mA
157.730716601768;0.450653076171875;0.00012359619140625;18.1899999540747;1820;100 mA
157.740716601743;0.450653076171875;0.00012847900390625;18.1999999540494;1821;100 mA
157.750716601718;0.450592041015625;0.000127563476562501;18.2099999540242;1822;100 mA
157.760716601692;0.450653076171875;0.00012481689453125;18.2199999539989;1823;100 mA
157.770716601667;0.45068359375;0.000126037597656251;18.2299999539737;1824;100 mA
157.780716601642;0.450653076171875;0.00012359619140625;18.2399999539484;1825;100 mA
157.790716601617;0.45062255859375;0.000129089355468751;18.2499999539232;1826;100 mA
157.800716601591;0.45074462890625;0.000122985839843751;18.2599999538979;1827;100 mA
157.810716601566;0.45068359375;0.00012664794921875;18.2699999538727;1828;100 mA
157.820716601541;0.45062255859375;0.000127258300781249;18.2799999538474;1829;100 mA
157.830716601516;0.45062255859375;0.000123291015625;18.2899999538222;1830;100 mA
157.84071660149;0.45062255859375;0.00012542724609375;18.2999999537969;1831;100 mA
157.850716601465;0.450653076171875;0.0001263427734375;18.3099999537717;1832;100 mA
157.86071660144;0.45062255859375;0.00012176513671875;18.3199999537464;1833;100 mA
157.870716601415;0.45062255859375;0.000121154785156249;18.3299999537212;1834;100 mA
157.88071660139;0.450653076171875;0.00011749267578125;18.339999953696;1835;100 mA
157.890716601364;0.45068359375;0.00012176513671875;18.3499999536707;1836;100 mA
157.900716601339;0.4505615234375;0.0001177978515625;18.3599999536455;1837;100 mA
157.910716601314;0.450592041015625;0.000119628906249999;18.3699999536202;1838;100 mA
157.920716601289;0.45068359375;0.000123291015625;18.379999953595;1839;100 mA
157.930716601263;0.4505615234375;0.000119934082031251;18.3899999535697;1840;100 mA
157.940716601238;0.45062255859375;0.000121154785156249;18.3999999535445;1841;100 mA
157.950716601213;0.450653076171875;0.000123291015625;18.4099999535192;1842;100 mA
157.960716601188;0.450653076171875;0.00012237548828125;18.419999953494;1843;100 mA
157.970716601162;0.45062255859375;0.00012054443359375;18.4299999534687;1844;100 mA
157.980716601137;0.45062255859375;0.0001177978515625;18.4399999534435;1845;100 mA
157.990716601112;0.450653076171875;0.000124206542968749;18.4499999534182;1846;100 mA
158.000716601087;0.45062255859375;0.000116882324218751;18.459999953393;1847;100 mA
158.010716601061;0.450653076171875;0.000119628906249999;18.4699999533677;1848;100 mA
158.020716601036;0.45068359375;0.000119628906249999;18.4799999533425;1849;100 mA
158.030716601011;0.450653076171875;0.00012176513671875;18.4899999533172;1850;100 mA
158.040716600986;0.450714111328125;0.00012481689453125;18.499999953292;1851;100 mA
158.05071660096;0.450592041015625;0.00012359619140625;18.5099999532667;1852;100 mA
158.060716600935;0.450653076171875;0.000118103027343749;18.5199999532415;1853;100 mA
158.07071660091;0.45068359375;0.0001220703125;18.5299999532162;1854;100 mA
158.080716600885;0.45068359375;0.00011566162109375;18.539999953191;1855;100 mA
158.090716600859;0.450653076171875;0.00011932373046875;18.5499999531658;1856;100 mA
158.100716600834;0.45062255859375;0.000118408203125001;18.5599999531405;1857;100 mA
158.110716600809;0.45062255859375;0.00011871337890625;18.5699999531153;1858;100 mA
158.120716600784;0.45068359375;0.000119934082031251;18.57999995309;1859;100 mA
158.130716600758;0.450714111328125;0.0001202392578125;18.5899999530648;1860;100 mA
158.140716600733;0.45062255859375;0.00012359619140625;18.5999999530395;1861;100 mA
158.150716600708;0.450653076171875;0.00012847900390625;18.6099999530143;1862;100 mA
158.160716600683;0.450714111328125;0.0001263427734375;18.619999952989;1863;100 mA
158.170716600657;0.45068359375;0.0001239013671875;18.6299999529638;1864;100 mA
158.180716600632;0.450592041015625;0.000119628906249999;18.6399999529385;1865;100 mA
158.190716600607;0.450653076171875;0.00012359619140625;18.6499999529133;1866;100 mA
158.200716600582;0.450653076171875;0.000121459960937501;18.659999952888;1867;100 mA
158.210716600556;0.450714111328125;0.0001202392578125;18.6699999528628;1868;100 mA
158.220716600531;0.45062255859375;0.00012359619140625;18.6799999528375;1869;100 mA
158.230716600506;0.450653076171875;0.000118103027343749;18.6899999528123;1870;100 mA
158.240716600481;0.45068359375;0.000128173828125;18.699999952787;1871;100 mA
158.250716600455;0.45062255859375;0.000128784179687499;18.7099999527618;1872;100 mA
158.26071660043;0.450653076171875;0.0001251220703125;18.7199999527365;1873;100 mA
158.270716600405;0.450653076171875;0.000127563476562501;18.7299999527113;1874;100 mA
158.28071660038;0.45062255859375;0.000123291015625;18.739999952686;1875;100 mA
158.290716600354;0.450592041015625;0.000128784179687499;18.7499999526608;1876;100 mA
158.300716600329;0.450714111328125;0.00011566162109375;18.7599999526356;1877;100 mA
158.310716600304;0.450653076171875;0.000119628906249999;18.7699999526103;1878;100 mA
158.320716600279;0.450653076171875;0.000116882324218751;18.7799999525851;1879;100 mA
158.330716600253;0.45068359375;0.000116577148437499;18.7899999525598;1880;100 mA
158.340716600228;0.45062255859375;0.00012176513671875;18.7999999525346;1881;100 mA
158.350716600203;0.450653076171875;0.000121154785156249;18.8099999525093;1882;100 mA
158.360716600178;0.45062255859375;0.0001177978515625;18.8199999524841;1883;100 mA
158.370716600152;0.45068359375;0.000118103027343749;18.8299999524588;1884;100 mA
158.380716600127;0.450653076171875;0.00011322021484375;18.8399999524336;1885;100 mA
158.390716600102;0.45068359375;0.000116577148437499;18.8499999524083;1886;100 mA
158.400716600077;0.450653076171875;0.00011627197265625;18.8599999523831;1887;100 mA
158.410716600051;0.45068359375;0.000113525390624999;18.8699999523578;1888;100 mA
158.420716600026;0.45068359375;0.000115051269531249;18.8799999523326;1889;100 mA
158.430716600001;0.450714111328125;0.0001177978515625;18.8899999523073;1890;100 mA
158.440716599976;0.450592041015625;0.0001220703125;18.8999999522821;1891;100 mA
158.45071659995;0.45062255859375;0.000122680664062499;18.9099999522568;1892;100 mA
158.460716599925;0.45062255859375;0.00012054443359375;18.9199999522316;1893;100 mA
158.4707165999;0.450714111328125;0.00011932373046875;18.9299999522063;1894;100 mA
158.480716599875;0.45068359375;0.00011444091796875;18.9399999521811;1895;100 mA
158.490716599849;0.45068359375;0.0001177978515625;18.9499999521558;1896;100 mA
158.500716599824;0.45068359375;0.000112304687500001;18.9599999521306;1897;100 mA
158.510716599799;0.450653076171875;0.0001177978515625;18.9699999521054;1898;100 mA
158.520716599774;0.450653076171875;0.00011932373046875;18.9799999520801;1899;100 mA
158.530716599748;0.450714111328125;0.00011627197265625;18.9899999520549;1900;100 mA
158.540716599723;0.4505615234375;0.000122680664062499;18.9999999520296;1901;100 mA
158.550716599698;0.450592041015625;0.000122985839843751;19.0099999520044;1902;100 mA
158.560716599673;0.45068359375;0.000115966796875;19.0199999519791;1903;100 mA
158.570716599647;0.450653076171875;0.00012176513671875;19.0299999519539;1904;100 mA
158.580716599622;0.450714111328125;0.000115356445312501;19.0399999519286;1905;100 mA
158.590716599597;0.45068359375;0.0001239013671875;19.0499999519034;1906;100 mA
158.600716599572;0.45062255859375;0.000118103027343749;19.0599999518781;1907;100 mA
158.610716599546;0.45062255859375;0.000118103027343749;19.0699999518529;1908;100 mA
158.620716599521;0.450714111328125;0.000119628906249999;19.0799999518276;1909;100 mA
158.630716599496;0.450714111328125;0.000119628906249999;19.0899999518024;1910;100 mA
158.640716599471;0.45062255859375;0.00012176513671875;19.0999999517771;1911;100 mA
158.650716599445;0.45068359375;0.00012176513671875;19.1099999517519;1912;100 mA
158.66071659942;0.45074462890625;0.00011871337890625;19.1199999517266;1913;100 mA
158.670716599395;0.45068359375;0.0001220703125;19.1299999517014;1914;100 mA
158.68071659937;0.45068359375;0.0001177978515625;19.1399999516761;1915;100 mA
158.690716599344;0.45062255859375;0.000124511718750001;19.1499999516509;1916;100 mA
158.700716599319;0.45062255859375;0.000116577148437499;19.1599999516257;1917;100 mA
158.710716599294;0.450653076171875;0.0001202392578125;19.1699999516004;1918;100 mA
158.720716599269;0.450592041015625;0.0001220703125;19.1799999515752;1919;100 mA
158.730716599243;0.450653076171875;0.0001177978515625;19.1899999515499;1920;100 mA
158.740716599218;0.450714111328125;0.000123291015625;19.1999999515247;1921;100 mA
158.750716599193;0.45062255859375;0.0001300048828125;19.2099999514994;1922;100 mA
158.760716599168;0.450653076171875;0.000119628906249999;19.2199999514742;1923;100 mA
158.770716599142;0.45068359375;0.000118103027343749;19.2299999514489;1924;100 mA
158.780716599117;0.45062255859375;0.00011627197265625;19.2399999514237;1925;100 mA
158.790716599092;0.45068359375;0.000118408203125001;19.2499999513984;1926;100 mA
158.800716599067;0.45062255859375;0.0001141357421875;19.2599999513732;1927;100 mA
158.810716599041;0.45062255859375;0.000115966796875;19.2699999513479;1928;100 mA
158.820716599016;0.450714111328125;0.00011871337890625;19.2799999513227;1929;100 mA
158.830716598991;0.450653076171875;0.00011444091796875;19.2899999512974;1930;100 mA
158.840716598966;0.45068359375;0.0001202392578125;19.2999999512722;1931;100 mA
158.85071659894;0.45062255859375;0.00012237548828125;19.3099999512469;1932;100 mA
158.860716598915;0.450714111328125;0.000116882324218751;19.3199999512217;1933;100 mA
158.87071659889;0.450653076171875;0.000119628906249999;19.3299999511964;1934;100 mA
158.880716598865;0.45062255859375;0.000115966796875;19.3399999511712;1935;100 mA
158.89071659884;0.450653076171875;0.000123291015625;19.3499999511459;1936;100 mA
158.900716598814;0.45068359375;0.00011627197265625;19.3599999511207;1937;100 mA
158.910716598789;0.450653076171875;0.000116882324218751;19.3699999510955;1938;100 mA
158.920716598764;0.450714111328125;0.000119628906249999;19.3799999510702;1939;100 mA
158.930716598739;0.450653076171875;0.000118103027343749;19.389999951045;1940;100 mA
158.940716598713;0.450714111328125;0.000119628906249999;19.3999999510197;1941;100 mA
158.950716598688;0.45062255859375;0.00012542724609375;19.4099999509945;1942;100 mA
158.960716598663;0.450653076171875;0.0001141357421875;19.4199999509692;1943;100 mA
158.970716598638;0.4505615234375;0.000121154785156249;19.429999950944;1944;100 mA
158.980716598612;0.450592041015625;0.00011932373046875;19.4399999509187;1945;100 mA
158.990716598587;0.450653076171875;0.00012176513671875;19.4499999508935;1946;100 mA
159.000716598562;0.45062255859375;0.000116882324218751;19.4599999508682;1947;100 mA
159.010716598537;0.45068359375;0.00011932373046875;19.469999950843;1948;100 mA
159.020716598511;0.45068359375;0.000121459960937501;19.4799999508177;1949;100 mA
159.030716598486;0.450653076171875;0.0001190185546875;19.4899999507925;1950;100 mA
159.040716598461;0.45062255859375;0.000118103027343749;19.4999999507672;1951;100 mA
159.050716598436;0.45062255859375;0.00011932373046875;19.509999950742;1952;100 mA
159.06071659841;0.450653076171875;0.00011932373046875;19.5199999507167;1953;100 mA
159.070716598385;0.450653076171875;0.000116882324218751;19.5299999506915;1954;100 mA
159.08071659836;0.450653076171875;0.00011932373046875;19.5399999506662;1955;100 mA
159.090716598335;0.450653076171875;0.000124206542968749;19.549999950641;1956;100 mA
159.100716598309;0.450653076171875;0.00011627197265625;19.5599999506157;1957;100 mA
159.110716598284;0.45062255859375;0.00011749267578125;19.5699999505905;1958;100 mA
159.120716598259;0.45068359375;0.000121154785156249;19.5799999505653;1959;100 mA
159.130716598234;0.450775146484375;0.000118408203125001;19.58999995054;1960;100 mA
159.140716598208;0.45062255859375;0.00012481689453125;19.5999999505148;1961;100 mA
159.150716598183;0.450592041015625;0.00012664794921875;19.6099999504895;1962;100 mA
159.160716598158;0.45068359375;0.0001190185546875;19.6199999504643;1963;100 mA
159.170716598133;0.45068359375;0.000116577148437499;19.629999950439;1964;100 mA
159.180716598107;0.45062255859375;0.00011627197265625;19.6399999504138;1965;100 mA
159.190716598082;0.45062255859375;0.0001177978515625;19.6499999503885;1966;100 mA
159.200716598057;0.450653076171875;0.00011322021484375;19.6599999503633;1967;100 mA
159.210716598032;0.450653076171875;0.000115966796875;19.669999950338;1968;100 mA
159.220716598006;0.450653076171875;0.00011627197265625;19.6799999503128;1969;100 mA
159.230716597981;0.4505615234375;0.000115356445312501;19.6899999502875;1970;100 mA
159.240716597956;0.450653076171875;0.0001190185546875;19.6999999502623;1971;100 mA
159.250716597931;0.45062255859375;0.000116882324218751;19.709999950237;1972;100 mA
159.260716597905;0.45068359375;0.00011474609375;19.7199999502118;1973;100 mA
159.27071659788;0.450653076171875;0.000118408203125001;19.7299999501865;1974;100 mA
159.280716597855;0.45068359375;0.00011138916015625;19.7399999501613;1975;100 mA
159.29071659783;0.45068359375;0.00012054443359375;19.749999950136;1976;100 mA
159.300716597804;0.450653076171875;0.0001116943359375;19.7599999501108;1977;100 mA
159.310716597779;0.45062255859375;0.000115966796875;19.7699999500855;1978;100 mA
159.320716597754;0.45068359375;0.000110778808593751;19.7799999500603;1979;100 mA
159.330716597729;0.45068359375;0.00010986328125;19.7899999500351;1980;100 mA
159.340716597703;0.450653076171875;0.000115966796875;19.7999999500098;1981;100 mA
159.350716597678;0.450653076171875;0.00011871337890625;19.8099999499846;1982;100 mA
159.360716597653;0.450714111328125;0.00010650634765625;19.8199999499593;1983;100 mA
159.370716597628;0.450653076171875;0.00011444091796875;19.8299999499341;1984;100 mA
159.380716597602;0.450592041015625;0.000110778808593751;19.8399999499088;1985;100 mA
159.390716597577;0.450653076171875;0.0001202392578125;19.8499999498836;1986;100 mA
159.400716597552;0.45068359375;0.0001129150390625;19.8599999498583;1987;100 mA
159.410716597527;0.450653076171875;0.00011260986328125;19.8699999498331;1988;100 mA
159.420716597501;0.45062255859375;0.00011444091796875;19.8799999498078;1989;100 mA
159.430716597476;0.45068359375;0.00011138916015625;19.8899999497826;1990;100 mA
159.440716597451;0.45062255859375;0.0001190185546875;19.8999999497573;1991;100 mA
159.450716597426;0.450592041015625;0.000122985839843751;19.9099999497321;1992;100 mA
159.4607165974;0.45062255859375;0.00011474609375;19.9199999497068;1993;100 mA
159.470716597375;0.45068359375;0.000115051269531249;19.9299999496816;1994;100 mA
159.48071659735;0.45074462890625;0.00011260986328125;19.9399999496563;1995;100 mA
159.490716597325;0.45062255859375;0.000122985839843751;19.9499999496311;1996;100 mA
159.500716597299;0.450653076171875;0.00011322021484375;19.9599999496058;1997;100 mA
159.510716597274;0.450653076171875;0.000111083984375;19.9699999495806;1998;100 mA
159.520716597249;0.45062255859375;0.000115051269531249;19.9799999495553;1999;100 mA
159.530716597224;0.45062255859375;0.00011016845703125;19.9899999495301;2000;100 mA
159.540716597198;0.450653076171875;0.000118408203125001;19.9999999495049;2001;100 mA
159.550716597173;0.45062255859375;0.0001239013671875;20.0099999494796;2002;100 mA
159.560716597148;0.450714111328125;0.00011749267578125;20.0199999494544;2003;100 mA
159.570716597123;0.450653076171875;0.000115051269531249;20.0299999494291;2004;100 mA
159.580716597097;0.45062255859375;0.000111083984375;20.0399999494039;2005;100 mA
159.590716597072;0.45062255859375;0.0001177978515625;20.0499999493786;2006;100 mA
159.600716597047;0.450714111328125;0.000115356445312501;20.0599999493534;2007;100 mA
159.610716597022;0.45068359375;0.00011749267578125;20.0699999493281;2008;100 mA
159.620716596996;0.45062255859375;0.000118103027343749;20.0799999493029;2009;100 mA
159.630716596971;0.450653076171875;0.00011444091796875;20.0899999492776;2010;100 mA
159.640716596946;0.450653076171875;0.000119934082031251;20.0999999492524;2011;100 mA
159.650716596921;0.4505615234375;0.000123291015625;20.1099999492271;2012;100 mA
159.660716596895;0.45068359375;0.000115356445312501;20.1199999492019;2013;100 mA
159.67071659687;0.450592041015625;0.000116882324218751;20.1299999491766;2014;100 mA
159.680716596845;0.450714111328125;0.0001141357421875;20.1399999491514;2015;100 mA
159.69071659682;0.45068359375;0.0001202392578125;20.1499999491261;2016;100 mA
159.700716596794;0.45062255859375;0.000113525390624999;20.1599999491009;2017;100 mA
159.710716596769;0.45068359375;0.000113830566406251;20.1699999490756;2018;100 mA
159.720716596744;0.45074462890625;0.000118103027343749;20.1799999490504;2019;100 mA
159.730716596719;0.450653076171875;0.000115966796875;20.1899999490252;2020;100 mA
159.740716596693;0.450653076171875;0.000115966796875;20.1999999489999;2021;100 mA
159.750716596668;0.45068359375;0.000118408203125001;20.2099999489747;2022;100 mA
159.760716596643;0.450653076171875;0.0001190185546875;20.2199999489494;2023;100 mA
159.770716596618;0.450714111328125;0.0001129150390625;20.2299999489242;2024;100 mA
159.780716596592;0.45068359375;0.000110473632812499;20.2399999488989;2025;100 mA
159.790716596567;0.45062255859375;0.0001129150390625;20.2499999488737;2026;100 mA
159.800716596542;0.45068359375;0.000110473632812499;20.2599999488484;2027;100 mA
159.810716596517;0.45068359375;0.00010955810546875;20.2699999488232;2028;100 mA
159.820716596491;0.45062255859375;0.000110473632812499;20.2799999487979;2029;100 mA
159.830716596466;0.45068359375;0.00011016845703125;20.2899999487727;2030;100 mA
159.840716596441;0.450714111328125;0.00011474609375;20.2999999487474;2031;100 mA
159.850716596416;0.450531005859375;0.0001190185546875;20.3099999487222;2032;100 mA
159.86071659639;0.450653076171875;0.000113525390624999;20.3199999486969;2033;100 mA
159.870716596365;0.45068359375;0.00011260986328125;20.3299999486717;2034;100 mA
159.88071659634;0.4505615234375;0.000112304687500001;20.3399999486464;2035;100 mA
159.890716596315;0.450653076171875;0.000115051269531249;20.3499999486212;2036;100 mA
159.900716596289;0.450653076171875;0.000109252929687501;20.3599999485959;2037;100 mA
159.910716596264;0.45068359375;0.000113525390624999;20.3699999485707;2038;100 mA
159.920716596239;0.45062255859375;0.000108642578125;20.3799999485454;2039;100 mA
159.930716596214;0.45062255859375;0.000113830566406251;20.3899999485202;2040;100 mA
159.940716596189;0.45062255859375;0.0001129150390625;20.399999948495;2041;100 mA
159.950716596163;0.450653076171875;0.000118103027343749;20.4099999484697;2042;100 mA
159.960716596138;0.450714111328125;0.000111083984375;20.4199999484445;2043;100 mA
159.970716596113;0.45068359375;0.0001141357421875;20.4299999484192;2044;100 mA
159.980716596088;0.450653076171875;0.00010986328125;20.439999948394;2045;100 mA
159.990716596062;0.450714111328125;0.00011749267578125;20.4499999483687;2046;100 mA
160.000716596037;0.450592041015625;0.00011322021484375;20.4599999483435;2047;100 mA
160.010716596012;0.45068359375;0.0001171875;20.4699999483182;2048;100 mA
160.020716595987;0.450653076171875;0.00011444091796875;20.479999948293;2049;100 mA
160.030716595961;0.45068359375;0.00011444091796875;20.4899999482677;2050;100 mA
160.040716595936;0.45068359375;0.000119628906249999;20.4999999482425;2051;100 mA
160.050716595911;0.45062255859375;0.000121459960937501;20.5099999482172;2052;100 mA
160.060716595886;0.450714111328125;0.000115966796875;20.519999948192;2053;100 mA
160.07071659586;0.450775146484375;0.0001141357421875;20.5299999481667;2054;100 mA
160.080716595835;0.450653076171875;0.00011566162109375;20.5399999481415;2055;100 mA
160.09071659581;0.450653076171875;0.0001177978515625;20.5499999481162;2056;100 mA
160.100716595785;0.45062255859375;0.0001171875;20.559999948091;2057;100 mA
160.110716595759;0.450653076171875;0.00011627197265625;20.5699999480657;2058;100 mA
160.120716595734;0.450653076171875;0.000119934082031251;20.5799999480405;2059;100 mA
160.130716595709;0.45062255859375;0.00011627197265625;20.5899999480152;2060;100 mA
160.140716595684;0.45068359375;0.0001190185546875;20.59999994799;2061;100 mA
160.150716595658;0.45062255859375;0.000121459960937501;20.6099999479648;2062;100 mA
160.160716595633;0.45068359375;0.00011474609375;20.6199999479395;2063;100 mA
160.170716595608;0.45062255859375;0.000115966796875;20.6299999479143;2064;100 mA
160.180716595583;0.450653076171875;0.0001177978515625;20.639999947889;2065;100 mA
160.190716595557;0.450653076171875;0.000124511718750001;20.6499999478638;2066;100 mA
160.200716595532;0.4505615234375;0.000118103027343749;20.6599999478385;2067;100 mA
160.210716595507;0.450592041015625;0.000116882324218751;20.6699999478133;2068;100 mA
160.220716595482;0.450653076171875;0.00011474609375;20.679999947788;2069;100 mA
160.230716595456;0.450653076171875;0.000113525390624999;20.6899999477628;2070;100 mA
160.240716595431;0.45062255859375;0.000120849609375;20.6999999477375;2071;100 mA
160.250716595406;0.45068359375;0.00011871337890625;20.7099999477123;2072;100 mA
160.260716595381;0.45062255859375;0.00011260986328125;20.719999947687;2073;100 mA
160.270716595355;0.45068359375;0.000116882324218751;20.7299999476618;2074;100 mA
160.28071659533;0.45062255859375;0.000113525390624999;20.7399999476365;2075;100 mA
160.290716595305;0.450653076171875;0.000115966796875;20.7499999476113;2076;100 mA
160.30071659528;0.45068359375;0.000111999511718749;20.759999947586;2077;100 mA
160.310716595254;0.450653076171875;0.000116577148437499;20.7699999475608;2078;100 mA
160.320716595229;0.450653076171875;0.00011474609375;20.7799999475355;2079;100 mA
160.330716595204;0.450653076171875;0.00010833740234375;20.7899999475103;2080;100 mA
160.340716595179;0.45068359375;0.000115356445312501;20.799999947485;2081;100 mA
160.350716595153;0.450592041015625;0.000120849609375;20.8099999474598;2082;100 mA
160.360716595128;0.450653076171875;0.00011322021484375;20.8199999474346;2083;100 mA
160.370716595103;0.450653076171875;0.00011474609375;20.8299999474093;2084;100 mA
160.380716595078;0.45062255859375;0.00011260986328125;20.8399999473841;2085;100 mA
160.390716595052;0.45068359375;0.000119628906249999;20.8499999473588;2086;100 mA
160.400716595027;0.450531005859375;0.00011474609375;20.8599999473336;2087;100 mA
160.410716595002;0.450714111328125;0.0001116943359375;20.8699999473083;2088;100 mA
160.420716594977;0.450714111328125;0.000115051269531249;20.8799999472831;2089;100 mA
160.430716594951;0.45062255859375;0.000112304687500001;20.8899999472578;2090;100 mA
160.440716594926;0.45062255859375;0.0001190185546875;20.8999999472326;2091;100 mA
160.450716594901;0.450653076171875;0.00011749267578125;20.9099999472073;2092;100 mA
160.460716594876;0.450653076171875;0.0001141357421875;20.9199999471821;2093;100 mA
160.47071659485;0.450714111328125;0.000113830566406251;20.9299999471568;2094;100 mA
160.480716594825;0.450653076171875;0.0001116943359375;20.9399999471316;2095;100 mA
160.4907165948;0.45068359375;0.000116882324218751;20.9499999471063;2096;100 mA
160.500716594775;0.450653076171875;0.000112304687500001;20.9599999470811;2097;100 mA
160.510716594749;0.45062255859375;0.000110778808593751;20.9699999470558;2098;100 mA
160.520716594724;0.450653076171875;0.00011474609375;20.9799999470306;2099;100 mA
160.530716594699;0.45074462890625;0.000108947753906249;20.9899999470053;2100;100 mA
160.540716594674;0.45068359375;0.0001141357421875;20.9999999469801;2101;100 mA
160.550716594648;0.450592041015625;0.0001202392578125;21.0099999469548;2102;100 mA
160.560716594623;0.450714111328125;0.000111999511718749;21.0199999469296;2103;100 mA
160.570716594598;0.45068359375;0.000110778808593751;21.0299999469044;2104;100 mA
160.580716594573;0.450653076171875;0.000112304687500001;21.0399999468791;2105;100 mA
160.590716594547;0.45068359375;0.0001251220703125;21.0499999468539;2106;100 mA
160.600716594522;0.450592041015625;0.000119934082031251;21.0599999468286;2107;100 mA
160.610716594497;0.450714111328125;0.00011474609375;21.0699999468034;2108;100 mA
160.620716594472;0.450714111328125;0.0001116943359375;21.0799999467781;2109;100 mA
160.630716594446;0.45062255859375;0.000113525390624999;21.0899999467529;2110;100 mA
160.640716594421;0.45062255859375;0.000116882324218751;21.0999999467276;2111;100 mA
160.650716594396;0.4505615234375;0.000122985839843751;21.1099999467024;2112;100 mA
160.660716594371;0.450653076171875;0.00011474609375;21.1199999466771;2113;100 mA
160.670716594345;0.45068359375;0.000111999511718749;21.1299999466519;2114;100 mA
160.68071659432;0.45068359375;0.00011138916015625;21.1399999466266;2115;100 mA
160.690716594295;0.45062255859375;0.000118408203125001;21.1499999466014;2116;100 mA
160.70071659427;0.4505615234375;0.000113830566406251;21.1599999465761;2117;100 mA
160.710716594244;0.450653076171875;0.0001116943359375;21.1699999465509;2118;100 mA
160.720716594219;0.450653076171875;0.00011627197265625;21.1799999465256;2119;100 mA
160.730716594194;0.450653076171875;0.00011566162109375;21.1899999465004;2120;100 mA
160.740716594169;0.45062255859375;0.0001190185546875;21.1999999464751;2121;100 mA
160.750716594143;0.45062255859375;0.0001239013671875;21.2099999464499;2122;100 mA
160.760716594118;0.45062255859375;0.000111999511718749;21.2199999464247;2123;100 mA
160.770716594093;0.45062255859375;0.000110473632812499;21.2299999463994;2124;100 mA
160.780716594068;0.450592041015625;0.000112304687500001;21.2399999463742;2125;100 mA
160.790716594042;0.45068359375;0.00011871337890625;21.2499999463489;2126;100 mA
160.800716594017;0.45068359375;0.00011322021484375;21.2599999463237;2127;100 mA
160.810716593992;0.45062255859375;0.000112304687500001;21.2699999462984;2128;100 mA
160.820716593967;0.45062255859375;0.00011016845703125;21.2799999462732;2129;100 mA
160.830716593941;0.45062255859375;0.000110473632812499;21.2899999462479;2130;100 mA
160.840716593916;0.45068359375;0.000118408203125001;21.2999999462227;2131;100 mA
160.850716593891;0.450653076171875;0.000121154785156249;21.3099999461974;2132;100 mA
160.860716593866;0.450714111328125;0.000110778808593751;21.3199999461722;2133;100 mA
160.87071659384;0.450653076171875;0.00011260986328125;21.3299999461469;2134;100 mA
160.880716593815;0.450653076171875;0.00010711669921875;21.3399999461217;2135;100 mA
160.89071659379;0.45062255859375;0.00011749267578125;21.3499999460964;2136;100 mA
160.900716593765;0.450653076171875;0.000107727050781251;21.3599999460712;2137;100 mA
160.910716593739;0.45062255859375;0.000110473632812499;21.3699999460459;2138;100 mA
160.920716593714;0.45062255859375;0.000111083984375;21.3799999460207;2139;100 mA
160.930716593689;0.45062255859375;0.0001129150390625;21.3899999459954;2140;100 mA
160.940716593664;0.45062255859375;0.00011260986328125;21.3999999459702;2141;100 mA
160.950716593639;0.45062255859375;0.000113525390624999;21.4099999459449;2142;100 mA
160.960716593613;0.45068359375;0.00010498046875;21.4199999459197;2143;100 mA
160.970716593588;0.45068359375;0.000106201171875001;21.4299999458945;2144;100 mA
160.980716593563;0.450653076171875;0.00010345458984375;21.4399999458692;2145;100 mA
160.990716593538;0.45068359375;0.000115356445312501;21.449999945844;2146;100 mA
161.000716593512;0.45068359375;0.00010650634765625;21.4599999458187;2147;100 mA
161.010716593487;0.45062255859375;0.00010986328125;21.4699999457935;2148;100 mA
161.020716593462;0.45068359375;0.00011260986328125;21.4799999457682;2149;100 mA
161.030716593437;0.45062255859375;0.000106201171875001;21.489999945743;2150;100 mA
161.040716593411;0.450714111328125;0.000110778808593751;21.4999999457177;2151;100 mA
161.050716593386;0.450531005859375;0.00011932373046875;21.5099999456925;2152;100 mA
161.060716593361;0.450714111328125;0.00011138916015625;21.5199999456672;2153;100 mA
161.070716593336;0.45068359375;0.000109252929687501;21.529999945642;2154;100 mA
161.08071659331;0.45086669921875;0.00011260986328125;21.5399999456167;2155;100 mA
161.090716593285;0.450653076171875;0.00011566162109375;21.5499999455915;2156;100 mA
161.10071659326;0.450653076171875;0.0001116943359375;21.5599999455662;2157;100 mA
161.110716593235;0.450653076171875;0.00011627197265625;21.569999945541;2158;100 mA
161.120716593209;0.450714111328125;0.000113830566406251;21.5799999455157;2159;100 mA
161.130716593184;0.45062255859375;0.000110778808593751;21.5899999454905;2160;100 mA
161.140716593159;0.450653076171875;0.00011322021484375;21.5999999454652;2161;100 mA
161.150716593134;0.45062255859375;0.000118103027343749;21.60999994544;2162;100 mA
161.160716593108;0.450714111328125;0.000111083984375;21.6199999454147;2163;100 mA
161.170716593083;0.450653076171875;0.000110473632812499;21.6299999453895;2164;100 mA
161.180716593058;0.45068359375;0.000107727050781251;21.6399999453643;2165;100 mA
161.190716593033;0.45062255859375;0.000120849609375;21.649999945339;2166;100 mA
161.200716593007;0.45062255859375;0.00010833740234375;21.6599999453138;2167;100 mA
161.210716592982;0.45062255859375;0.0001116943359375;21.6699999452885;2168;100 mA
161.220716592957;0.45062255859375;0.00011260986328125;21.6799999452633;2169;100 mA
161.230716592932;0.45062255859375;0.00011138916015625;21.689999945238;2170;100 mA
161.240716592906;0.45062255859375;0.00011260986328125;21.6999999452128;2171;100 mA
161.250716592881;0.4505615234375;0.000118103027343749;21.7099999451875;2172;100 mA
161.260716592856;0.450653076171875;0.00011138916015625;21.7199999451623;2173;100 mA
161.270716592831;0.45068359375;0.00011444091796875;21.729999945137;2174;100 mA
161.280716592805;0.45062255859375;0.0001129150390625;21.7399999451118;2175;100 mA
161.29071659278;0.45068359375;0.000115966796875;21.7499999450865;2176;100 mA
161.300716592755;0.450653076171875;0.000113525390624999;21.7599999450613;2177;100 mA
161.31071659273;0.450653076171875;0.00011444091796875;21.769999945036;2178;100 mA
161.320716592704;0.45098876953125;0.0001190185546875;21.7799999450108;2179;100 mA
161.330716592679;0.45062255859375;0.0001171875;21.7899999449855;2180;100 mA
161.340716592654;0.45068359375;0.00011749267578125;21.7999999449603;2181;100 mA
161.350716592629;0.45068359375;0.0001171875;21.809999944935;2182;100 mA
161.360716592603;0.45062255859375;0.00011566162109375;21.8199999449098;2183;100 mA
161.370716592578;0.45062255859375;0.00011627197265625;21.8299999448845;2184;100 mA
161.380716592553;0.450653076171875;0.0001116943359375;21.8399999448593;2185;100 mA
161.390716592528;0.450714111328125;0.000121459960937501;21.8499999448341;2186;100 mA
161.400716592502;0.45062255859375;0.0001116943359375;21.8599999448088;2187;100 mA
161.410716592477;0.45068359375;0.0001129150390625;21.8699999447836;2188;100 mA
161.420716592452;0.45068359375;0.00010986328125;21.8799999447583;2189;100 mA
161.430716592427;0.45062255859375;0.0001068115234375;21.8899999447331;2190;100 mA
161.440716592401;0.45062255859375;0.000113830566406251;21.8999999447078;2191;100 mA
161.450716592376;0.450592041015625;0.000116882324218751;21.9099999446826;2192;100 mA
161.460716592351;0.450653076171875;0.000110473632812499;21.9199999446573;2193;100 mA
161.470716592326;0.450653076171875;0.000111999511718749;21.9299999446321;2194;100 mA
161.4807165923;0.450653076171875;0.00011016845703125;21.9399999446068;2195;100 mA
161.490716592275;0.450653076171875;0.000116577148437499;21.9499999445816;2196;100 mA
161.50071659225;0.450714111328125;0.00010955810546875;21.9599999445563;2197;100 mA
161.510716592225;0.450592041015625;0.00010955810546875;21.9699999445311;2198;100 mA
161.520716592199;0.45062255859375;0.000110473632812499;21.9799999445058;2199;100 mA
161.530716592174;0.45068359375;0.00010833740234375;21.9899999444806;2200;100 mA
161.540716592149;0.450714111328125;0.000108642578125;21.9999999444553;2201;100 mA
161.550716592124;0.450592041015625;0.000113830566406251;22.0099999444301;2202;100 mA
161.560716592098;0.45062255859375;0.000108947753906249;22.0199999444048;2203;100 mA
161.570716592073;0.45068359375;0.000108947753906249;22.0299999443796;2204;100 mA
161.580716592048;0.45062255859375;0.000106201171875001;22.0399999443543;2205;100 mA
161.590716592023;0.45062255859375;0.000116577148437499;22.0499999443291;2206;100 mA
161.600716591997;0.45062255859375;0.00010833740234375;22.0599999443039;2207;100 mA
161.610716591972;0.45062255859375;0.000110778808593751;22.0699999442786;2208;100 mA
161.620716591947;0.45068359375;0.00010986328125;22.0799999442534;2209;100 mA
161.630716591922;0.450653076171875;0.000111083984375;22.0899999442281;2210;100 mA
161.640716591896;0.450653076171875;0.00011474609375;22.0999999442029;2211;100 mA
161.650716591871;0.45062255859375;0.000116577148437499;22.1099999441776;2212;100 mA
161.660716591846;0.45068359375;0.000107727050781251;22.1199999441524;2213;100 mA
161.670716591821;0.450653076171875;0.000109252929687501;22.1299999441271;2214;100 mA
161.680716591795;0.450714111328125;0.00010528564453125;22.1399999441019;2215;100 mA
161.69071659177;0.450653076171875;0.000115356445312501;22.1499999440766;2216;100 mA
161.700716591745;0.45062255859375;0.000107421874999999;22.1599999440514;2217;100 mA
161.71071659172;0.450592041015625;0.00010986328125;22.1699999440261;2218;100 mA
161.720716591694;0.450653076171875;0.000113525390624999;22.1799999440009;2219;100 mA
161.730716591669;0.450592041015625;0.0001116943359375;22.1899999439756;2220;100 mA
161.740716591644;0.450775146484375;0.000112304687500001;22.1999999439504;2221;100 mA
161.750716591619;0.4505615234375;0.000116882324218751;22.2099999439251;2222;100 mA
161.760716591593;0.450653076171875;0.00010711669921875;22.2199999438999;2223;100 mA
161.770716591568;0.45068359375;0.00011016845703125;22.2299999438746;2224;100 mA
161.780716591543;0.450653076171875;0.000108947753906249;22.2399999438494;2225;100 mA
161.790716591518;0.450653076171875;0.00011749267578125;22.2499999438242;2226;100 mA
161.800716591492;0.4505615234375;0.00011444091796875;22.2599999437989;2227;100 mA
161.810716591467;0.450592041015625;0.000113525390624999;22.2699999437737;2228;100 mA
161.820716591442;0.450714111328125;0.0001116943359375;22.2799999437484;2229;100 mA
161.830716591417;0.45068359375;0.000111083984375;22.2899999437232;2230;100 mA
161.840716591391;0.45068359375;0.000111999511718749;22.2999999436979;2231;100 mA
161.850716591366;0.450592041015625;0.0001177978515625;22.3099999436727;2232;100 mA
161.860716591341;0.450653076171875;0.00010986328125;22.3199999436474;2233;100 mA
161.870716591316;0.450592041015625;0.0001116943359375;22.3299999436222;2234;100 mA
161.88071659129;0.45068359375;0.00010833740234375;22.3399999435969;2235;100 mA
161.890716591265;0.450653076171875;0.0001171875;22.3499999435717;2236;100 mA
161.90071659124;0.45062255859375;0.000113525390624999;22.3599999435464;2237;100 mA
161.910716591215;0.45068359375;0.000111999511718749;22.3699999435212;2238;100 mA
161.920716591189;0.450653076171875;0.0001129150390625;22.3799999434959;2239;100 mA
161.930716591164;0.450653076171875;0.000108947753906249;22.3899999434707;2240;100 mA
161.940716591139;0.45068359375;0.00011322021484375;22.3999999434454;2241;100 mA
161.950716591114;0.450592041015625;0.00011566162109375;22.4099999434202;2242;100 mA
161.960716591088;0.45068359375;0.00011749267578125;22.4199999433949;2243;100 mA
161.970716591063;0.450714111328125;0.000115966796875;22.4299999433697;2244;100 mA
161.980716591038;0.45062255859375;0.0001116943359375;22.4399999433444;2245;100 mA
161.990716591013;0.45068359375;0.00011474609375;22.4499999433192;2246;100 mA
162.000716590988;0.450653076171875;0.000109252929687501;22.459999943294;2247;100 mA
162.010716590962;0.45068359375;0.000113830566406251;22.4699999432687;2248;100 mA
162.020716590937;0.450653076171875;0.000110778808593751;22.4799999432435;2249;100 mA
162.030716590912;0.45062255859375;0.00011260986328125;22.4899999432182;2250;100 mA
162.040716590887;0.4505615234375;0.00011932373046875;22.499999943193;2251;100 mA
162.050716590861;0.450653076171875;0.00011566162109375;22.5099999431677;2252;100 mA
162.060716590836;0.45074462890625;0.00011138916015625;22.5199999431425;2253;100 mA
162.070716590811;0.450592041015625;0.000115966796875;22.5299999431172;2254;100 mA
162.080716590786;0.45068359375;0.000110473632812499;22.539999943092;2255;100 mA
162.09071659076;0.450653076171875;0.00011749267578125;22.5499999430667;2256;100 mA
162.100716590735;0.450653076171875;0.000107727050781251;22.5599999430415;2257;100 mA
162.11071659071;0.45068359375;0.0001116943359375;22.5699999430162;2258;100 mA
162.120716590685;0.450714111328125;0.000109252929687501;22.579999942991;2259;100 mA
162.130716590659;0.45062255859375;0.000111083984375;22.5899999429657;2260;100 mA
162.140716590634;0.450653076171875;0.000113525390624999;22.5999999429405;2261;100 mA
162.150716590609;0.45068359375;0.000115966796875;22.6099999429152;2262;100 mA
162.160716590584;0.450653076171875;0.00010986328125;22.61999994289;2263;100 mA
162.170716590558;0.45074462890625;0.000111083984375;22.6299999428647;2264;100 mA
162.180716590533;0.450531005859375;0.000111999511718749;22.6399999428395;2265;100 mA
162.190716590508;0.45062255859375;0.00011871337890625;22.6499999428142;2266;100 mA
162.200716590483;0.450653076171875;0.0001080322265625;22.659999942789;2267;100 mA
162.210716590457;0.450714111328125;0.000109252929687501;22.6699999427638;2268;100 mA
162.220716590432;0.45068359375;0.000110778808593751;22.6799999427385;2269;100 mA
162.230716590407;0.45062255859375;0.000111083984375;22.6899999427133;2270;100 mA
162.240716590382;0.45068359375;0.00011749267578125;22.699999942688;2271;100 mA
162.250716590356;0.450592041015625;0.000116882324218751;22.7099999426628;2272;100 mA
162.260716590331;0.45062255859375;0.000110778808593751;22.7199999426375;2273;100 mA
162.270716590306;0.45068359375;0.000116577148437499;22.7299999426123;2274;100 mA
162.280716590281;0.450714111328125;0.000111999511718749;22.739999942587;2275;100 mA
162.290716590255;0.45068359375;0.000115966796875;22.7499999425618;2276;100 mA
162.30071659023;0.450653076171875;0.000115356445312501;22.7599999425365;2277;100 mA
162.310716590205;0.450653076171875;0.0001190185546875;22.7699999425113;2278;100 mA
162.32071659018;0.450653076171875;0.000118103027343749;22.779999942486;2279;100 mA
162.330716590154;0.45062255859375;0.000115051269531249;22.7899999424608;2280;100 mA
162.340716590129;0.45062255859375;0.00012176513671875;22.7999999424355;2281;100 mA
162.350716590104;0.450714111328125;0.0001129150390625;22.8099999424103;2282;100 mA
162.360716590079;0.450714111328125;0.00011474609375;22.819999942385;2283;100 mA
162.370716590053;0.450653076171875;0.00011627197265625;22.8299999423598;2284;100 mA
162.380716590028;0.450653076171875;0.000115051269531249;22.8399999423345;2285;100 mA
162.390716590003;0.45062255859375;0.000122985839843751;22.8499999423093;2286;100 mA
162.400716589978;0.450653076171875;0.000115356445312501;22.859999942284;2287;100 mA
162.410716589952;0.45062255859375;0.00011322021484375;22.8699999422588;2288;100 mA
162.420716589927;0.45068359375;0.000116882324218751;22.8799999422336;2289;100 mA
162.430716589902;0.45062255859375;0.000115966796875;22.8899999422083;2290;100 mA
162.440716589877;0.45062255859375;0.000126037597656251;22.8999999421831;2291;100 mA
162.450716589851;0.45068359375;0.000116577148437499;22.9099999421578;2292;100 mA
162.460716589826;0.45062255859375;0.00011474609375;22.9199999421326;2293;100 mA
162.470716589801;0.450714111328125;0.000115051269531249;22.9299999421073;2294;100 mA
162.480716589776;0.450653076171875;0.00011444091796875;22.9399999420821;2295;100 mA
162.49071658975;0.450592041015625;0.0001239013671875;22.9499999420568;2296;100 mA
162.500716589725;0.450653076171875;0.000115356445312501;22.9599999420316;2297;100 mA
162.5107165897;0.45062255859375;0.000116882324218751;22.9699999420063;2298;100 mA
162.520716589675;0.45074462890625;0.00011260986328125;22.9799999419811;2299;100 mA
162.530716589649;0.450653076171875;0.00011474609375;22.9899999419558;2300;100 mA
162.540716589624;0.45068359375;0.000120849609375;22.9999999419306;2301;100 mA
162.550716589599;0.45068359375;0.00011474609375;23.0099999419053;2302;100 mA
162.560716589574;0.45062255859375;0.000116577148437499;23.0199999418801;2303;100 mA
162.570716589548;0.45068359375;0.0001202392578125;23.0299999418548;2304;100 mA
162.580716589523;0.450714111328125;0.000116882324218751;23.0399999418296;2305;100 mA
162.590716589498;0.450653076171875;0.000122680664062499;23.0499999418043;2306;100 mA
162.600716589473;0.450714111328125;0.000113830566406251;23.0599999417791;2307;100 mA
162.610716589447;0.45068359375;0.00011932373046875;23.0699999417538;2308;100 mA
162.620716589422;0.450592041015625;0.000118103027343749;23.0799999417286;2309;100 mA
162.630716589397;0.45068359375;0.000115966796875;23.0899999417034;2310;100 mA
162.640716589372;0.450653076171875;0.00012054443359375;23.0999999416781;2311;100 mA
162.650716589346;0.45062255859375;0.000121459960937501;23.1099999416529;2312;100 mA
162.660716589321;0.450653076171875;0.000118408203125001;23.1199999416276;2313;100 mA
162.670716589296;0.450592041015625;0.000119934082031251;23.1299999416024;2314;100 mA
162.680716589271;0.450653076171875;0.0001171875;23.1399999415771;2315;100 mA
162.690716589245;0.450653076171875;0.0001239013671875;23.1499999415519;2316;100 mA
162.70071658922;0.45068359375;0.000113525390624999;23.1599999415266;2317;100 mA
162.710716589195;0.450592041015625;0.000115051269531249;23.1699999415014;2318;100 mA
162.72071658917;0.45062255859375;0.00011871337890625;23.1799999414761;2319;100 mA
162.730716589144;0.450653076171875;0.00011444091796875;23.1899999414509;2320;100 mA
162.740716589119;0.45062255859375;0.0001239013671875;23.1999999414256;2321;100 mA
162.750716589094;0.4505615234375;0.0001239013671875;23.2099999414004;2322;100 mA
162.760716589069;0.45068359375;0.000116882324218751;23.2199999413751;2323;100 mA
162.770716589043;0.45062255859375;0.000122985839843751;23.2299999413499;2324;100 mA
162.780716589018;0.450714111328125;0.00012054443359375;23.2399999413246;2325;100 mA
162.790716588993;0.450653076171875;0.000129089355468751;23.2499999412994;2326;100 mA
162.800716588968;0.45068359375;0.000119628906249999;23.2599999412741;2327;100 mA
162.810716588942;0.450714111328125;0.0001202392578125;23.2699999412489;2328;100 mA
162.820716588917;0.450653076171875;0.000122985839843751;23.2799999412237;2329;100 mA
162.830716588892;0.45068359375;0.000122680664062499;23.2899999411984;2330;100 mA
162.840716588867;0.4505615234375;0.00012969970703125;23.2999999411732;2331;100 mA
162.850716588841;0.450714111328125;0.000122985839843751;23.3099999411479;2332;100 mA
162.860716588816;0.450653076171875;0.000121459960937501;23.3199999411227;2333;100 mA
162.870716588791;0.45068359375;0.000119934082031251;23.3299999410974;2334;100 mA
162.880716588766;0.450653076171875;0.000116882324218751;23.3399999410722;2335;100 mA
162.89071658874;0.45062255859375;0.000127563476562501;23.3499999410469;2336;100 mA
162.900716588715;0.450714111328125;0.0001202392578125;23.3599999410217;2337;100 mA
162.91071658869;0.45068359375;0.00011444091796875;23.3699999409964;2338;100 mA
162.920716588665;0.45068359375;0.00011444091796875;23.3799999409712;2339;100 mA
162.930716588639;0.450592041015625;0.000118103027343749;23.3899999409459;2340;100 mA
162.940716588614;0.45068359375;0.000122680664062499;23.3999999409207;2341;100 mA
162.950716588589;0.450653076171875;0.0001129150390625;23.4099999408954;2342;100 mA
162.960716588564;0.45062255859375;0.0001141357421875;23.4199999408702;2343;100 mA
162.970716588538;0.45068359375;0.00011871337890625;23.4299999408449;2344;100 mA
162.980716588513;0.45068359375;0.0001171875;23.4399999408197;2345;100 mA
162.990716588488;0.450653076171875;0.000124511718750001;23.4499999407944;2346;100 mA
163.000716588463;0.450714111328125;0.00010986328125;23.4599999407692;2347;100 mA
163.010716588438;0.45062255859375;0.000119628906249999;23.4699999407439;2348;100 mA
163.020716588412;0.450653076171875;0.0001190185546875;23.4799999407187;2349;100 mA
163.030716588387;0.45068359375;0.000115966796875;23.4899999406935;2350;100 mA
163.040716588362;0.45068359375;0.00012054443359375;23.4999999406682;2351;100 mA
163.050716588337;0.45068359375;0.0001141357421875;23.509999940643;2352;100 mA
163.060716588311;0.45068359375;0.000115356445312501;23.5199999406177;2353;100 mA
163.070716588286;0.45062255859375;0.000116577148437499;23.5299999405925;2354;100 mA
163.080716588261;0.450592041015625;0.00011749267578125;23.5399999405672;2355;100 mA
163.090716588236;0.450653076171875;0.000121459960937501;23.549999940542;2356;100 mA
163.10071658821;0.450714111328125;0.00011566162109375;23.5599999405167;2357;100 mA
163.110716588185;0.45068359375;0.0001190185546875;23.5699999404915;2358;100 mA
163.12071658816;0.450714111328125;0.000116577148437499;23.5799999404662;2359;100 mA
163.130716588135;0.45062255859375;0.00011749267578125;23.589999940441;2360;100 mA
163.140716588109;0.45062255859375;0.000120849609375;23.5999999404157;2361;100 mA
163.150716588084;0.450714111328125;0.00011138916015625;23.6099999403905;2362;100 mA
163.160716588059;0.450653076171875;0.000116577148437499;23.6199999403652;2363;100 mA
163.170716588034;0.45062255859375;0.00011749267578125;23.62999994034;2364;100 mA
163.180716588008;0.450714111328125;0.000116882324218751;23.6399999403147;2365;100 mA
163.190716587983;0.45068359375;0.000121154785156249;23.6499999402895;2366;100 mA
163.200716587958;0.45062255859375;0.000115051269531249;23.6599999402642;2367;100 mA
163.210716587933;0.450653076171875;0.00011444091796875;23.669999940239;2368;100 mA
163.220716587907;0.45062255859375;0.000116577148437499;23.6799999402137;2369;100 mA
163.230716587882;0.450653076171875;0.0001129150390625;23.6899999401885;2370;100 mA
163.240716587857;0.45062255859375;0.00012237548828125;23.6999999401633;2371;100 mA
163.250716587832;0.45068359375;0.0001129150390625;23.709999940138;2372;100 mA
163.260716587806;0.450653076171875;0.00011627197265625;23.7199999401128;2373;100 mA
163.270716587781;0.450653076171875;0.0001129150390625;23.7299999400875;2374;100 mA
163.280716587756;0.450653076171875;0.00011474609375;23.7399999400623;2375;100 mA
163.290716587731;0.450653076171875;0.000120849609375;23.749999940037;2376;100 mA
163.300716587705;0.450653076171875;0.00011444091796875;23.7599999400118;2377;100 mA
163.31071658768;0.45074462890625;0.00011627197265625;23.7699999399865;2378;100 mA
163.320716587655;0.450653076171875;0.00011566162109375;23.7799999399613;2379;100 mA
163.33071658763;0.45062255859375;0.00011566162109375;23.789999939936;2380;100 mA
163.340716587604;0.45062255859375;0.0001190185546875;23.7999999399108;2381;100 mA
163.350716587579;0.450653076171875;0.000113525390624999;23.8099999398855;2382;100 mA
163.360716587554;0.450592041015625;0.000115356445312501;23.8199999398603;2383;100 mA
163.370716587529;0.450714111328125;0.000111999511718749;23.829999939835;2384;100 mA
163.380716587503;0.45062255859375;0.00011444091796875;23.8399999398098;2385;100 mA
163.390716587478;0.450592041015625;0.000118408203125001;23.8499999397845;2386;100 mA
163.400716587453;0.45068359375;0.0001129150390625;23.8599999397593;2387;100 mA
163.410716587428;0.45068359375;0.000115051269531249;23.869999939734;2388;100 mA
163.420716587402;0.450592041015625;0.000115966796875;23.8799999397088;2389;100 mA
163.430716587377;0.450714111328125;0.0001129150390625;23.8899999396835;2390;100 mA
163.440716587352;0.45068359375;0.000120849609375;23.8999999396583;2391;100 mA
163.450716587327;0.45068359375;0.000107727050781251;23.9099999396331;2392;100 mA
163.460716587301;0.45068359375;0.0001141357421875;23.9199999396078;2393;100 mA
163.470716587276;0.45068359375;0.000115356445312501;23.9299999395826;2394;100 mA
163.480716587251;0.4505615234375;0.000115356445312501;23.9399999395573;2395;100 mA
163.490716587226;0.45062255859375;0.00011749267578125;23.9499999395321;2396;100 mA
163.5007165872;0.450592041015625;0.000113830566406251;23.9599999395068;2397;100 mA
163.510716587175;0.450653076171875;0.000113830566406251;23.9699999394816;2398;100 mA
163.52071658715;0.450653076171875;0.0001129150390625;23.9799999394563;2399;100 mA
163.530716587125;0.450714111328125;0.00011444091796875;23.9899999394311;2400;100 mA
163.540716587099;0.45062255859375;0.0001171875;23.9999999394058;2401;100 mA
163.550716587074;0.45068359375;0.000108947753906249;24.0099999393806;2402;100 mA
163.560716587049;0.45074462890625;0.000111999511718749;24.0199999393553;2403;100 mA
163.570716587024;0.45068359375;0.00011627197265625;24.0299999393301;2404;100 mA
163.580716586998;0.450653076171875;0.00011016845703125;24.0399999393048;2405;100 mA
163.590716586973;0.450714111328125;0.0001177978515625;24.0499999392796;2406;100 mA
163.600716586948;0.450653076171875;0.00011322021484375;24.0599999392543;2407;100 mA
163.610716586923;0.450653076171875;0.000115966796875;24.0699999392291;2408;100 mA
163.620716586897;0.45068359375;0.0001141357421875;24.0799999392038;2409;100 mA
163.630716586872;0.450714111328125;0.000111999511718749;24.0899999391786;2410;100 mA
163.640716586847;0.45068359375;0.0001177978515625;24.0999999391533;2411;100 mA
163.650716586822;0.45068359375;0.000108642578125;24.1099999391281;2412;100 mA
163.660716586796;0.450592041015625;0.000111999511718749;24.1199999391029;2413;100 mA
163.670716586771;0.45062255859375;0.000111083984375;24.1299999390776;2414;100 mA
163.680716586746;0.45074462890625;0.000105895996093749;24.1399999390524;2415;100 mA
163.690716586721;0.450653076171875;0.0001129150390625;24.1499999390271;2416;100 mA
163.700716586695;0.45068359375;0.0001080322265625;24.1599999390019;2417;100 mA
163.71071658667;0.45074462890625;0.000113525390624999;24.1699999389766;2418;100 mA
163.720716586645;0.450714111328125;0.000111083984375;24.1799999389514;2419;100 mA
163.73071658662;0.45068359375;0.00010833740234375;24.1899999389261;2420;100 mA
163.740716586594;0.45062255859375;0.00010955810546875;24.1999999389009;2421;100 mA
163.750716586569;0.450653076171875;0.00011016845703125;24.2099999388756;2422;100 mA
163.760716586544;0.450653076171875;0.00011322021484375;24.2199999388504;2423;100 mA
163.770716586519;0.450714111328125;0.00011444091796875;24.2299999388251;2424;100 mA
163.780716586493;0.45068359375;0.00011260986328125;24.2399999387999;2425;100 mA
163.790716586468;0.450653076171875;0.000122985839843751;24.2499999387746;2426;100 mA
163.800716586443;0.45074462890625;0.00010833740234375;24.2599999387494;2427;100 mA
163.810716586418;0.450714111328125;0.00011260986328125;24.2699999387241;2428;100 mA
163.820716586392;0.45062255859375;0.000115356445312501;24.2799999386989;2429;100 mA
163.830716586367;0.450653076171875;0.000110473632812499;24.2899999386736;2430;100 mA
163.840716586342;0.450714111328125;0.00011474609375;24.2999999386484;2431;100 mA
163.850716586317;0.450653076171875;0.0001080322265625;24.3099999386232;2432;100 mA
163.860716586291;0.450653076171875;0.00011138916015625;24.3199999385979;2433;100 mA
163.870716586266;0.450653076171875;0.00011474609375;24.3299999385727;2434;100 mA
163.880716586241;0.45062255859375;0.000106201171875001;24.3399999385474;2435;100 mA
163.890716586216;0.45068359375;0.000112304687500001;24.3499999385222;2436;100 mA
163.90071658619;0.45068359375;0.0001025390625;24.3599999384969;2437;100 mA
163.910716586165;0.450653076171875;0.000108947753906249;24.3699999384717;2438;100 mA
163.92071658614;0.45068359375;0.00011138916015625;24.3799999384464;2439;100 mA
163.930716586115;0.450714111328125;0.000107421874999999;24.3899999384212;2440;100 mA
163.940716586089;0.450714111328125;0.000108947753906249;24.3999999383959;2441;100 mA
163.950716586064;0.45068359375;0.000110778808593751;24.4099999383707;2442;100 mA
163.960716586039;0.450592041015625;0.000116882324218751;24.4199999383454;2443;100 mA
163.970716586014;0.450714111328125;0.000112304687500001;24.4299999383202;2444;100 mA
163.980716585988;0.45068359375;0.000108642578125;24.4399999382949;2445;100 mA
163.990716585963;0.450653076171875;0.0001141357421875;24.4499999382697;2446;100 mA
164.000716585938;0.45068359375;0.000108642578125;24.4599999382444;2447;100 mA
164.010716585913;0.45068359375;0.000111083984375;24.4699999382192;2448;100 mA
164.020716585887;0.450653076171875;0.00011016845703125;24.4799999381939;2449;100 mA
164.030716585862;0.45062255859375;0.00011016845703125;24.4899999381687;2450;100 mA
164.040716585837;0.45062255859375;0.000118408203125001;24.4999999381434;2451;100 mA
164.050716585812;0.45068359375;0.000110778808593751;24.5099999381182;2452;100 mA
164.060716585787;0.45062255859375;0.00011444091796875;24.519999938093;2453;100 mA
164.070716585761;0.45062255859375;0.00011322021484375;24.5299999380677;2454;100 mA
164.080716585736;0.45068359375;0.00010955810546875;24.5399999380425;2455;100 mA
164.090716585711;0.450653076171875;0.000115966796875;24.5499999380172;2456;100 mA
164.100716585686;0.45062255859375;0.0001116943359375;24.559999937992;2457;100 mA
164.11071658566;0.45068359375;0.00010986328125;24.5699999379667;2458;100 mA
164.120716585635;0.450653076171875;0.0001116943359375;24.5799999379415;2459;100 mA
164.13071658561;0.45062255859375;0.000107727050781251;24.5899999379162;2460;100 mA
164.140716585585;0.45062255859375;0.00011566162109375;24.599999937891;2461;100 mA
164.150716585559;0.45062255859375;0.00010986328125;24.6099999378657;2462;100 mA
164.160716585534;0.450592041015625;0.0001116943359375;24.6199999378405;2463;100 mA
164.170716585509;0.450714111328125;0.000107421874999999;24.6299999378152;2464;100 mA
164.180716585484;0.45062255859375;0.000110778808593751;24.63999993779;2465;100 mA
164.190716585458;0.450653076171875;0.000115051269531249;24.6499999377647;2466;100 mA
164.200716585433;0.45068359375;0.00010101318359375;24.6599999377395;2467;100 mA
164.210716585408;0.45068359375;0.000108642578125;24.6699999377142;2468;100 mA
164.220716585383;0.450653076171875;0.0001129150390625;24.679999937689;2469;100 mA
164.230716585357;0.45068359375;0.000108642578125;24.6899999376637;2470;100 mA
164.240716585332;0.450653076171875;0.00011566162109375;24.6999999376385;2471;100 mA
164.250716585307;0.450714111328125;0.00011138916015625;24.7099999376132;2472;100 mA
164.260716585282;0.45068359375;0.000111083984375;24.719999937588;2473;100 mA
164.270716585256;0.450653076171875;0.000112304687500001;24.7299999375628;2474;100 mA
164.280716585231;0.45068359375;0.0001080322265625;24.7399999375375;2475;100 mA
164.290716585206;0.450653076171875;0.0001177978515625;24.7499999375123;2476;100 mA
164.300716585181;0.450714111328125;0.00010955810546875;24.759999937487;2477;100 mA
164.310716585155;0.45068359375;0.000110778808593751;24.7699999374618;2478;100 mA
164.32071658513;0.450714111328125;0.00011138916015625;24.7799999374365;2479;100 mA
164.330716585105;0.450653076171875;0.000112304687500001;24.7899999374113;2480;100 mA
164.34071658508;0.45062255859375;0.00011260986328125;24.799999937386;2481;100 mA
164.350716585054;0.450653076171875;0.000108947753906249;24.8099999373608;2482;100 mA
164.360716585029;0.45062255859375;0.0001141357421875;24.8199999373355;2483;100 mA
164.370716585004;0.450592041015625;0.000109252929687501;24.8299999373103;2484;100 mA
164.380716584979;0.450714111328125;0.00010406494140625;24.839999937285;2485;100 mA
164.390716584953;0.450714111328125;0.000110778808593751;24.8499999372598;2486;100 mA
164.400716584928;0.450653076171875;0.000106201171875001;24.8599999372345;2487;100 mA
164.410716584903;0.45062255859375;0.000108947753906249;24.8699999372093;2488;100 mA
164.420716584878;0.450653076171875;0.000105895996093749;24.879999937184;2489;100 mA
164.430716584852;0.450653076171875;0.000109252929687501;24.8899999371588;2490;100 mA
164.440716584827;0.450714111328125;0.000109252929687501;24.8999999371335;2491;100 mA
164.450716584802;0.450653076171875;0.00010955810546875;24.9099999371083;2492;100 mA
164.460716584777;0.450592041015625;0.000107421874999999;24.919999937083;2493;100 mA
164.470716584751;0.450653076171875;0.00011016845703125;24.9299999370578;2494;100 mA
164.480716584726;0.45068359375;0.000107727050781251;24.9399999370326;2495;100 mA
164.490716584701;0.45068359375;0.0001141357421875;24.9499999370073;2496;100 mA
164.500716584676;0.450714111328125;0.0001068115234375;24.9599999369821;2497;100 mA
164.51071658465;0.45068359375;0.000111999511718749;24.9699999369568;2498;100 mA
164.520716584625;0.45062255859375;0.00011322021484375;24.9799999369316;2499;100 mA
164.5307165846;0.45068359375;0.000108947753906249;24.9899999369063;2500;100 mA
164.540716584575;0.45068359375;0.000111083984375;24.9999999368811;2501;100 mA
164.550716584549;0.450653076171875;0.00010650634765625;25.0099999368558;2502;100 mA
164.560716584524;0.450592041015625;0.00011138916015625;25.0199999368306;2503;100 mA
164.570716584499;0.450653076171875;0.000110473632812499;25.0299999368053;2504;100 mA
164.580716584474;0.450653076171875;0.000106201171875001;25.0399999367801;2505;100 mA
164.590716584448;0.450653076171875;0.0001129150390625;25.0499999367548;2506;100 mA
164.600716584423;0.450592041015625;0.00010986328125;25.0599999367296;2507;100 mA
164.610716584398;0.45062255859375;0.00011260986328125;25.0699999367043;2508;100 mA
164.620716584373;0.450653076171875;0.00011322021484375;25.0799999366791;2509;100 mA
164.630716584347;0.45068359375;0.0001068115234375;25.0899999366538;2510;100 mA
164.640716584322;0.45074462890625;0.00011627197265625;25.0999999366286;2511;100 mA
164.650716584297;0.450653076171875;0.00011138916015625;25.1099999366033;2512;100 mA
164.660716584272;0.450653076171875;0.00011444091796875;25.1199999365781;2513;100 mA
164.670716584246;0.45068359375;0.00010955810546875;25.1299999365528;2514;100 mA
164.680716584221;0.450714111328125;0.00010223388671875;25.1399999365276;2515;100 mA
164.690716584196;0.450653076171875;0.000113525390624999;25.1499999365024;2516;100 mA
164.700716584171;0.45062255859375;0.000109252929687501;25.1599999364771;2517;100 mA
164.710716584145;0.450653076171875;0.000119934082031251;25.1699999364519;2518;100 mA
164.72071658412;0.450714111328125;0.00011260986328125;25.1799999364266;2519;100 mA
164.730716584095;0.450653076171875;0.00010986328125;25.1899999364014;2520;100 mA
164.74071658407;0.450653076171875;0.00011444091796875;25.1999999363761;2521;100 mA
164.750716584044;0.45068359375;0.000109252929687501;25.2099999363509;2522;100 mA
164.760716584019;0.45062255859375;0.000110778808593751;25.2199999363256;2523;100 mA
164.770716583994;0.45062255859375;0.000113830566406251;25.2299999363004;2524;100 mA
164.780716583969;0.45068359375;0.000109252929687501;25.2399999362751;2525;100 mA
164.790716583943;0.45068359375;0.0001177978515625;25.2499999362499;2526;100 mA
164.800716583918;0.45062255859375;0.00010833740234375;25.2599999362246;2527;100 mA
164.810716583893;0.450653076171875;0.0001068115234375;25.2699999361994;2528;100 mA
164.820716583868;0.45068359375;0.0001055908203125;25.2799999361741;2529;100 mA
164.830716583842;0.45068359375;0.00010833740234375;25.2899999361489;2530;100 mA
164.840716583817;0.450714111328125;0.000111999511718749;25.2999999361236;2531;100 mA
164.850716583792;0.450653076171875;0.000103149414062501;25.3099999360984;2532;100 mA
164.860716583767;0.450592041015625;0.00010833740234375;25.3199999360731;2533;100 mA
164.870716583741;0.45068359375;0.00010833740234375;25.3299999360479;2534;100 mA
164.880716583716;0.450714111328125;0.000107727050781251;25.3399999360227;2535;100 mA
164.890716583691;0.450592041015625;0.0001129150390625;25.3499999359974;2536;100 mA
164.900716583666;0.45068359375;0.000106201171875001;25.3599999359722;2537;100 mA
164.91071658364;0.45062255859375;0.00010833740234375;25.3699999359469;2538;100 mA
164.920716583615;0.450592041015625;0.000115356445312501;25.3799999359217;2539;100 mA
164.93071658359;0.45062255859375;0.000110473632812499;25.3899999358964;2540;100 mA
164.940716583565;0.45062255859375;0.0001116943359375;25.3999999358712;2541;100 mA
164.950716583539;0.45062255859375;0.000106201171875001;25.4099999358459;2542;100 mA
164.960716583514;0.45068359375;0.0001129150390625;25.4199999358207;2543;100 mA
164.970716583489;0.45062255859375;0.000113830566406251;25.4299999357954;2544;100 mA
164.980716583464;0.4505615234375;0.00010986328125;25.4399999357702;2545;100 mA
164.990716583438;0.450653076171875;0.0001141357421875;25.4499999357449;2546;100 mA
165.000716583413;0.450592041015625;0.00010406494140625;25.4599999357197;2547;100 mA
165.010716583388;0.45068359375;0.00010955810546875;25.4699999356944;2548;100 mA
165.020716583363;0.450653076171875;0.00010986328125;25.4799999356692;2549;100 mA
165.030716583337;0.450653076171875;0.00010528564453125;25.4899999356439;2550;100 mA
165.040716583312;0.450653076171875;0.000111083984375;25.4999999356187;2551;100 mA
165.050716583287;0.45068359375;0.000107727050781251;25.5099999355934;2552;100 mA
165.060716583262;0.450653076171875;0.000107727050781251;25.5199999355682;2553;100 mA
165.070716583237;0.45068359375;0.000107727050781251;25.5299999355429;2554;100 mA
165.080716583211;0.45062255859375;0.000107727050781251;25.5399999355177;2555;100 mA
165.090716583186;0.45068359375;0.00011474609375;25.5499999354925;2556;100 mA
165.100716583161;0.450653076171875;0.0001068115234375;25.5599999354672;2557;100 mA
165.110716583136;0.450653076171875;0.000109252929687501;25.569999935442;2558;100 mA
165.12071658311;0.450592041015625;0.00011322021484375;25.5799999354167;2559;100 mA
165.130716583085;0.450653076171875;0.000104370117187499;25.5899999353915;2560;100 mA
165.14071658306;0.45062255859375;0.00010955810546875;25.5999999353662;2561;100 mA
165.150716583035;0.45062255859375;0.00010345458984375;25.609999935341;2562;100 mA
165.160716583009;0.45062255859375;0.000111083984375;25.6199999353157;2563;100 mA
165.170716582984;0.450653076171875;0.00011016845703125;25.6299999352905;2564;100 mA
165.180716582959;0.450714111328125;0.000108947753906249;25.6399999352652;2565;100 mA
165.190716582934;0.450714111328125;0.000115051269531249;25.64999993524;2566;100 mA
165.200716582908;0.450592041015625;0.000109252929687501;25.6599999352147;2567;100 mA
165.210716582883;0.450653076171875;0.000110473632812499;25.6699999351895;2568;100 mA
165.220716582858;0.45068359375;0.0001116943359375;25.6799999351642;2569;100 mA
165.230716582833;0.45062255859375;0.000107727050781251;25.689999935139;2570;100 mA
165.240716582807;0.45068359375;0.000111999511718749;25.6999999351137;2571;100 mA
165.250716582782;0.45068359375;0.0001055908203125;25.7099999350885;2572;100 mA
165.260716582757;0.450653076171875;0.00010711669921875;25.7199999350632;2573;100 mA
165.270716582732;0.450592041015625;0.00010955810546875;25.729999935038;2574;100 mA
165.280716582706;0.45062255859375;0.00010040283203125;25.7399999350127;2575;100 mA
165.290716582681;0.45068359375;0.000112304687500001;25.7499999349875;2576;100 mA
165.300716582656;0.45068359375;0.000107727050781251;25.7599999349623;2577;100 mA
165.310716582631;0.450653076171875;0.00010498046875;25.769999934937;2578;100 mA
165.320716582605;0.450714111328125;0.00010711669921875;25.7799999349118;2579;100 mA
165.33071658258;0.450653076171875;0.000106201171875001;25.7899999348865;2580;100 mA
165.340716582555;0.450714111328125;0.00010711669921875;25.7999999348613;2581;100 mA
165.35071658253;0.45062255859375;0.000104675292968751;25.809999934836;2582;100 mA
165.360716582504;0.450653076171875;0.00010711669921875;25.8199999348108;2583;100 mA
165.370716582479;0.450714111328125;0.00010711669921875;25.8299999347855;2584;100 mA
165.380716582454;0.45062255859375;0.00010406494140625;25.8399999347603;2585;100 mA
165.390716582429;0.450653076171875;0.0001080322265625;25.849999934735;2586;100 mA
165.400716582403;0.450592041015625;0.000108642578125;25.8599999347098;2587;100 mA
165.410716582378;0.450592041015625;0.0001116943359375;25.8699999346845;2588;100 mA
165.420716582353;0.45068359375;0.000106201171875001;25.8799999346593;2589;100 mA
165.430716582328;0.45068359375;0.000103759765625;25.889999934634;2590;100 mA
165.440716582302;0.45062255859375;0.00010955810546875;25.8999999346088;2591;100 mA
165.450716582277;0.450653076171875;0.000102844238281249;25.9099999345835;2592;100 mA
165.460716582252;0.450653076171875;0.00010711669921875;25.9199999345583;2593;100 mA
165.470716582227;0.450592041015625;0.000104675292968751;25.929999934533;2594;100 mA
165.480716582201;0.45062255859375;0.00010528564453125;25.9399999345078;2595;100 mA
165.490716582176;0.450653076171875;0.00011474609375;25.9499999344825;2596;100 mA
165.500716582151;0.45062255859375;0.0001025390625;25.9599999344573;2597;100 mA
165.510716582126;0.450653076171875;0.00011016845703125;25.9699999344321;2598;100 mA
165.5207165821;0.450653076171875;0.000111083984375;25.9799999344068;2599;100 mA
165.530716582075;0.45074462890625;0.00010040283203125;25.9899999343816;2600;100 mA
165.54071658205;0.45062255859375;0.000107727050781251;25.9999999343563;2601;100 mA
165.550716582025;0.45074462890625;0.0001025390625;26.0099999343311;2602;100 mA
165.560716581999;0.45062255859375;0.00010528564453125;26.0199999343058;2603;100 mA
165.570716581974;0.450592041015625;0.000109252929687501;26.0299999342806;2604;100 mA
165.580716581949;0.450714111328125;0.000106201171875001;26.0399999342553;2605;100 mA
165.590716581924;0.450653076171875;0.0001080322265625;26.0499999342301;2606;100 mA
165.600716581898;0.45062255859375;0.000108947753906249;26.0599999342048;2607;100 mA
165.610716581873;0.45068359375;0.000108947753906249;26.0699999341796;2608;100 mA
165.620716581848;0.450714111328125;0.0001080322265625;26.0799999341543;2609;100 mA
165.630716581823;0.45062255859375;0.0001007080078125;26.0899999341291;2610;100 mA
165.640716581797;0.45062255859375;0.000113525390624999;26.0999999341038;2611;100 mA
165.650716581772;0.45062255859375;0.0001080322265625;26.1099999340786;2612;100 mA
165.660716581747;0.45062255859375;0.0001080322265625;26.1199999340533;2613;100 mA
165.670716581722;0.45068359375;0.00010406494140625;26.1299999340281;2614;100 mA
165.680716581696;0.45062255859375;0.00010345458984375;26.1399999340028;2615;100 mA
165.690716581671;0.45062255859375;0.00011322021484375;26.1499999339776;2616;100 mA
165.700716581646;0.45068359375;0.00010833740234375;26.1599999339523;2617;100 mA
165.710716581621;0.450592041015625;0.000110473632812499;26.1699999339271;2618;100 mA
165.720716581595;0.45068359375;0.00011016845703125;26.1799999339019;2619;100 mA
165.73071658157;0.45062255859375;0.000103759765625;26.1899999338766;2620;100 mA
165.740716581545;0.450592041015625;0.00011138916015625;26.1999999338514;2621;100 mA
165.75071658152;0.450653076171875;0.00010528564453125;26.2099999338261;2622;100 mA
165.760716581494;0.45062255859375;0.000107727050781251;26.2199999338009;2623;100 mA
165.770716581469;0.450653076171875;0.000108642578125;26.2299999337756;2624;100 mA
165.780716581444;0.45062255859375;0.00010528564453125;26.2399999337504;2625;100 mA
165.790716581419;0.450653076171875;0.000108642578125;26.2499999337251;2626;100 mA
165.800716581393;0.450653076171875;0.0001068115234375;26.2599999336999;2627;100 mA
165.810716581368;0.450653076171875;0.0001080322265625;26.2699999336746;2628;100 mA
165.820716581343;0.45062255859375;0.00010955810546875;26.2799999336494;2629;100 mA
165.830716581318;0.450714111328125;0.0001007080078125;26.2899999336241;2630;100 mA
165.840716581292;0.45062255859375;0.00011016845703125;26.2999999335989;2631;100 mA
165.850716581267;0.45068359375;0.000103759765625;26.3099999335736;2632;100 mA
165.860716581242;0.45074462890625;0.00010986328125;26.3199999335484;2633;100 mA
165.870716581217;0.45068359375;0.00010711669921875;26.3299999335231;2634;100 mA
165.880716581191;0.450714111328125;9.82666015624995E-05;26.3399999334979;2635;100 mA
165.890716581166;0.450653076171875;0.000107727050781251;26.3499999334726;2636;100 mA
165.900716581141;0.450653076171875;0.00010498046875;26.3599999334474;2637;100 mA
165.910716581116;0.450714111328125;0.00010498046875;26.3699999334222;2638;100 mA
165.92071658109;0.450653076171875;0.000104370117187499;26.3799999333969;2639;100 mA
165.930716581065;0.45068359375;0.000105895996093749;26.3899999333717;2640;100 mA
165.94071658104;0.45068359375;0.000110473632812499;26.3999999333464;2641;100 mA
165.950716581015;0.450653076171875;0.0001068115234375;26.4099999333212;2642;100 mA
165.960716580989;0.450714111328125;0.0001055908203125;26.4199999332959;2643;100 mA
165.970716580964;0.450653076171875;0.000108947753906249;26.4299999332707;2644;100 mA
165.980716580939;0.450653076171875;0.000105895996093749;26.4399999332454;2645;100 mA
165.990716580914;0.450653076171875;0.00011260986328125;26.4499999332202;2646;100 mA
166.000716580888;0.450592041015625;0.00010101318359375;26.4599999331949;2647;100 mA
166.010716580863;0.45062255859375;0.000110473632812499;26.4699999331697;2648;100 mA
166.020716580838;0.450592041015625;0.00010986328125;26.4799999331444;2649;100 mA
166.030716580813;0.450653076171875;0.00010406494140625;26.4899999331192;2650;100 mA
166.040716580787;0.450714111328125;0.0001080322265625;26.4999999330939;2651;100 mA
166.050716580762;0.450653076171875;0.000108642578125;26.5099999330687;2652;100 mA
166.060716580737;0.450653076171875;0.000111999511718749;26.5199999330434;2653;100 mA
166.070716580712;0.450653076171875;0.000107727050781251;26.5299999330182;2654;100 mA
166.080716580686;0.450653076171875;0.000103149414062501;26.5399999329929;2655;100 mA
166.090716580661;0.450653076171875;0.0001129150390625;26.5499999329677;2656;100 mA
166.100716580636;0.4505615234375;0.000109252929687501;26.5599999329424;2657;100 mA
166.110716580611;0.450653076171875;0.000103149414062501;26.5699999329172;2658;100 mA
166.120716580586;0.450653076171875;0.00010711669921875;26.579999932892;2659;100 mA
166.13071658056;0.45068359375;0.000104675292968751;26.5899999328667;2660;100 mA
166.140716580535;0.450592041015625;0.000113525390624999;26.5999999328415;2661;100 mA
166.15071658051;0.450714111328125;0.00010223388671875;26.6099999328162;2662;100 mA
166.160716580485;0.450653076171875;0.00010528564453125;26.619999932791;2663;100 mA
166.170716580459;0.45062255859375;0.000110778808593751;26.6299999327657;2664;100 mA
166.180716580434;0.450592041015625;0.00010650634765625;26.6399999327405;2665;100 mA
166.190716580409;0.45062255859375;0.00011138916015625;26.6499999327152;2666;100 mA
166.200716580384;0.45068359375;0.000102844238281249;26.65999993269;2667;100 mA
166.210716580358;0.45062255859375;0.000110473632812499;26.6699999326647;2668;100 mA
166.220716580333;0.4505615234375;0.000110778808593751;26.6799999326395;2669;100 mA
166.230716580308;0.45062255859375;0.0001055908203125;26.6899999326142;2670;100 mA
166.240716580283;0.450653076171875;0.000113525390624999;26.699999932589;2671;100 mA
166.250716580257;0.450653076171875;0.000104370117187499;26.7099999325637;2672;100 mA
166.260716580232;0.450653076171875;0.000110778808593751;26.7199999325385;2673;100 mA
166.270716580207;0.450653076171875;0.00011016845703125;26.7299999325132;2674;100 mA
166.280716580182;0.45068359375;0.000104370117187499;26.739999932488;2675;100 mA
166.290716580156;0.450592041015625;0.00011260986328125;26.7499999324627;2676;100 mA
166.300716580131;0.450592041015625;0.00010986328125;26.7599999324375;2677;100 mA
166.310716580106;0.45068359375;0.00010955810546875;26.7699999324122;2678;100 mA
166.320716580081;0.450775146484375;0.00010711669921875;26.779999932387;2679;100 mA
166.330716580055;0.45062255859375;0.00010711669921875;26.7899999323618;2680;100 mA
166.34071658003;0.4505615234375;0.000110473632812499;26.7999999323365;2681;100 mA
166.350716580005;0.450653076171875;0.00010650634765625;26.8099999323113;2682;100 mA
166.36071657998;0.450714111328125;0.000105895996093749;26.819999932286;2683;100 mA
166.370716579954;0.450714111328125;0.000107421874999999;26.8299999322608;2684;100 mA
166.380716579929;0.45068359375;0.000102844238281249;26.8399999322355;2685;100 mA
166.390716579904;0.45062255859375;0.00011474609375;26.8499999322103;2686;100 mA
166.400716579879;0.450592041015625;0.00010711669921875;26.859999932185;2687;100 mA
166.410716579853;0.450653076171875;0.00010650634765625;26.8699999321598;2688;100 mA
166.420716579828;0.45062255859375;0.000107421874999999;26.8799999321345;2689;100 mA
166.430716579803;0.45068359375;0.0001055908203125;26.8899999321093;2690;100 mA
166.440716579778;0.45062255859375;0.000113830566406251;26.899999932084;2691;100 mA
166.450716579752;0.45062255859375;0.000104370117187499;26.9099999320588;2692;100 mA
166.460716579727;0.45068359375;0.000108947753906249;26.9199999320335;2693;100 mA
166.470716579702;0.450653076171875;0.000105895996093749;26.9299999320083;2694;100 mA
166.480716579677;0.45068359375;0.00010223388671875;26.939999931983;2695;100 mA
166.490716579651;0.45062255859375;0.000109252929687501;26.9499999319578;2696;100 mA
166.500716579626;0.450592041015625;0.00010345458984375;26.9599999319325;2697;100 mA
166.510716579601;0.450653076171875;0.00010833740234375;26.9699999319073;2698;100 mA
166.520716579576;0.45068359375;0.000104675292968751;26.979999931882;2699;100 mA
166.53071657955;0.45068359375;0.000101318359374999;26.9899999318568;2700;100 mA
166.540716579525;0.45068359375;0.00010650634765625;26.9999999318316;2701;100 mA
166.5507165795;0.450653076171875;0.000103149414062501;27.0099999318063;2702;100 mA
166.560716579475;0.45062255859375;0.000109252929687501;27.0199999317811;2703;100 mA
166.570716579449;0.450653076171875;0.000105895996093749;27.0299999317558;2704;100 mA
166.580716579424;0.450653076171875;0.0001025390625;27.0399999317306;2705;100 mA
166.590716579399;0.45068359375;0.00010345458984375;27.0499999317053;2706;100 mA
166.600716579374;0.45062255859375;0.0001080322265625;27.0599999316801;2707;100 mA
166.610716579348;0.450714111328125;0.00010406494140625;27.0699999316548;2708;100 mA
166.620716579323;0.450653076171875;0.000107421874999999;27.0799999316296;2709;100 mA
166.630716579298;0.450653076171875;0.00010345458984375;27.0899999316043;2710;100 mA
166.640716579273;0.450653076171875;0.000107727050781251;27.0999999315791;2711;100 mA
166.650716579247;0.450653076171875;0.00010711669921875;27.1099999315538;2712;100 mA
166.660716579222;0.45068359375;0.0001068115234375;27.1199999315286;2713;100 mA
166.670716579197;0.450592041015625;0.000107421874999999;27.1299999315033;2714;100 mA
166.680716579172;0.45062255859375;0.000108947753906249;27.1399999314781;2715;100 mA
166.690716579146;0.45062255859375;0.0001141357421875;27.1499999314528;2716;100 mA
166.700716579121;0.45062255859375;0.000110778808593751;27.1599999314276;2717;100 mA
166.710716579096;0.45062255859375;0.000107727050781251;27.1699999314023;2718;100 mA
166.720716579071;0.450653076171875;0.000110778808593751;27.1799999313771;2719;100 mA
166.730716579045;0.450653076171875;0.000107727050781251;27.1899999313518;2720;100 mA
166.74071657902;0.45068359375;0.000109252929687501;27.1999999313266;2721;100 mA
166.750716578995;0.45062255859375;0.00010345458984375;27.2099999313014;2722;100 mA
166.76071657897;0.450653076171875;0.00010406494140625;27.2199999312761;2723;100 mA
166.770716578944;0.45068359375;0.0001055908203125;27.2299999312509;2724;100 mA
166.780716578919;0.45062255859375;0.00010528564453125;27.2399999312256;2725;100 mA
166.790716578894;0.45068359375;0.000108642578125;27.2499999312004;2726;100 mA
166.800716578869;0.450592041015625;0.00010345458984375;27.2599999311751;2727;100 mA
166.810716578843;0.45068359375;0.00010528564453125;27.2699999311499;2728;100 mA
166.820716578818;0.45062255859375;0.00010955810546875;27.2799999311246;2729;100 mA
166.830716578793;0.45062255859375;0.0001007080078125;27.2899999310994;2730;100 mA
166.840716578768;0.450714111328125;0.00010711669921875;27.2999999310741;2731;100 mA
166.850716578742;0.450714111328125;0.000104675292968751;27.3099999310489;2732;100 mA
166.860716578717;0.450592041015625;0.0001068115234375;27.3199999310236;2733;100 mA
166.870716578692;0.45068359375;0.00010650634765625;27.3299999309984;2734;100 mA
166.880716578667;0.45062255859375;0.000103149414062501;27.3399999309731;2735;100 mA
166.890716578641;0.450714111328125;0.000108947753906249;27.3499999309479;2736;100 mA
166.900716578616;0.45062255859375;0.000109252929687501;27.3599999309226;2737;100 mA
166.910716578591;0.45062255859375;0.000107421874999999;27.3699999308974;2738;100 mA
166.920716578566;0.450714111328125;0.0001019287109375;27.3799999308721;2739;100 mA
166.93071657854;0.45074462890625;0.0001019287109375;27.3899999308469;2740;100 mA
166.940716578515;0.45068359375;0.000109252929687501;27.3999999308217;2741;100 mA
166.95071657849;0.450653076171875;0.00010345458984375;27.4099999307964;2742;100 mA
166.960716578465;0.45074462890625;9.85717773437506E-05;27.4199999307712;2743;100 mA
166.970716578439;0.45074462890625;9.82666015624995E-05;27.4299999307459;2744;100 mA
166.980716578414;0.45068359375;0.000103149414062501;27.4399999307207;2745;100 mA
166.990716578389;0.45068359375;0.000107421874999999;27.4499999306954;2746;100 mA
167.000716578364;0.45068359375;0.00010040283203125;27.4599999306702;2747;100 mA
167.010716578338;0.450653076171875;0.00010406494140625;27.4699999306449;2748;100 mA
167.020716578313;0.45068359375;0.0001055908203125;27.4799999306197;2749;100 mA
167.030716578288;0.45062255859375;0.00010101318359375;27.4899999305944;2750;100 mA
167.040716578263;0.450653076171875;0.000110473632812499;27.4999999305692;2751;100 mA
167.050716578237;0.450653076171875;9.85717773437506E-05;27.5099999305439;2752;100 mA
167.060716578212;0.45068359375;0.0001068115234375;27.5199999305187;2753;100 mA
167.070716578187;0.45062255859375;0.000104675292968751;27.5299999304934;2754;100 mA
167.080716578162;0.45068359375;0.00010406494140625;27.5399999304682;2755;100 mA
167.090716578136;0.45062255859375;0.0001129150390625;27.5499999304429;2756;100 mA
167.100716578111;0.450653076171875;0.0001025390625;27.5599999304177;2757;100 mA
167.110716578086;0.450592041015625;0.000104675292968751;27.5699999303924;2758;100 mA
167.120716578061;0.450653076171875;0.00010650634765625;27.5799999303672;2759;100 mA
167.130716578036;0.450714111328125;0.00010040283203125;27.5899999303419;2760;100 mA
167.14071657801;0.450653076171875;0.000107727050781251;27.5999999303167;2761;100 mA
167.150716577985;0.45062255859375;0.0001068115234375;27.6099999302915;2762;100 mA
167.16071657796;0.450653076171875;0.0001055908203125;27.6199999302662;2763;100 mA
167.170716577935;0.450653076171875;0.00010650634765625;27.629999930241;2764;100 mA
167.180716577909;0.45062255859375;0.000104675292968751;27.6399999302157;2765;100 mA
167.190716577884;0.450592041015625;0.00010955810546875;27.6499999301905;2766;100 mA
167.200716577859;0.45068359375;9.55200195312506E-05;27.6599999301652;2767;100 mA
167.210716577834;0.450653076171875;0.0001068115234375;27.66999993014;2768;100 mA
167.220716577808;0.45068359375;0.00010711669921875;27.6799999301147;2769;100 mA
167.230716577783;0.45068359375;0.000103149414062501;27.6899999300895;2770;100 mA
167.240716577758;0.45062255859375;0.00010986328125;27.6999999300642;2771;100 mA
167.250716577733;0.450592041015625;0.000101623535156251;27.709999930039;2772;100 mA
167.260716577707;0.450653076171875;0.0001055908203125;27.7199999300137;2773;100 mA
167.270716577682;0.450714111328125;0.0001025390625;27.7299999299885;2774;100 mA
167.280716577657;0.45062255859375;0.00010345458984375;27.7399999299632;2775;100 mA
167.290716577632;0.450653076171875;0.00010833740234375;27.749999929938;2776;100 mA
167.300716577606;0.45068359375;0.00010650634765625;27.7599999299127;2777;100 mA
167.310716577581;0.450653076171875;0.0001080322265625;27.7699999298875;2778;100 mA
167.320716577556;0.45068359375;0.000104675292968751;27.7799999298622;2779;100 mA
167.330716577531;0.45062255859375;0.0001068115234375;27.789999929837;2780;100 mA
167.340716577505;0.450653076171875;0.000110778808593751;27.7999999298117;2781;100 mA
167.35071657748;0.450714111328125;0.00010498046875;27.8099999297865;2782;100 mA
167.360716577455;0.450653076171875;0.00011016845703125;27.8199999297613;2783;100 mA
167.37071657743;0.45062255859375;0.000109252929687501;27.829999929736;2784;100 mA
167.380716577404;0.450653076171875;0.0001068115234375;27.8399999297108;2785;100 mA
167.390716577379;0.45068359375;0.00011260986328125;27.8499999296855;2786;100 mA
167.400716577354;0.450653076171875;0.0001019287109375;27.8599999296603;2787;100 mA
167.410716577329;0.45068359375;0.0001055908203125;27.869999929635;2788;100 mA
167.420716577303;0.450714111328125;0.00010345458984375;27.8799999296098;2789;100 mA
167.430716577278;0.45068359375;0.000101318359374999;27.8899999295845;2790;100 mA
167.440716577253;0.45062255859375;0.0001068115234375;27.8999999295593;2791;100 mA
167.450716577228;0.45062255859375;0.000101318359374999;27.909999929534;2792;100 mA
167.460716577202;0.450653076171875;0.000108947753906249;27.9199999295088;2793;100 mA
167.470716577177;0.450714111328125;0.000107727050781251;27.9299999294835;2794;100 mA
167.480716577152;0.450653076171875;0.0001025390625;27.9399999294583;2795;100 mA
167.490716577127;0.450592041015625;0.000108947753906249;27.949999929433;2796;100 mA
167.500716577101;0.45068359375;0.000101318359374999;27.9599999294078;2797;100 mA
167.510716577076;0.450714111328125;0.000106201171875001;27.9699999293825;2798;100 mA
167.520716577051;0.45068359375;0.000103759765625;27.9799999293573;2799;100 mA
167.530716577026;0.450714111328125;0.000101623535156251;27.989999929332;2800;100 mA
167.540716577;0.45068359375;0.0001080322265625;27.9999999293068;2801;100 mA
167.550716576975;0.450653076171875;9.58251953125003E-05;28.0099999292815;2802;100 mA
167.56071657695;0.45062255859375;0.000108947753906249;28.0199999292563;2803;100 mA
167.570716576925;0.4505615234375;0.000104675292968751;28.0299999292311;2804;100 mA
167.580716576899;0.45062255859375;0.000104675292968751;28.0399999292058;2805;100 mA
167.590716576874;0.450653076171875;0.00010986328125;28.0499999291806;2806;100 mA
167.600716576849;0.450592041015625;0.00010406494140625;28.0599999291553;2807;100 mA
167.610716576824;0.45062255859375;0.00011016845703125;28.0699999291301;2808;100 mA
167.620716576798;0.45062255859375;0.00010650634765625;28.0799999291048;2809;100 mA
167.630716576773;0.450653076171875;0.00010498046875;28.0899999290796;2810;100 mA
167.640716576748;0.450592041015625;0.00011260986328125;28.0999999290543;2811;100 mA
167.650716576723;0.450653076171875;0.000102844238281249;28.1099999290291;2812;100 mA
167.660716576697;0.450653076171875;0.000111083984375;28.1199999290038;2813;100 mA
167.670716576672;0.450714111328125;0.000107421874999999;28.1299999289786;2814;100 mA
167.680716576647;0.450653076171875;0.000108642578125;28.1399999289533;2815;100 mA
167.690716576622;0.450592041015625;0.00011627197265625;28.1499999289281;2816;100 mA
167.700716576596;0.45068359375;0.000104370117187499;28.1599999289028;2817;100 mA
167.710716576571;0.450653076171875;0.000110473632812499;28.1699999288776;2818;100 mA
167.720716576546;0.45074462890625;0.00010955810546875;28.1799999288523;2819;100 mA
167.730716576521;0.45062255859375;0.00010986328125;28.1899999288271;2820;100 mA
167.740716576495;0.450653076171875;0.000111083984375;28.1999999288018;2821;100 mA
167.75071657647;0.45068359375;0.000106201171875001;28.2099999287766;2822;100 mA
167.760716576445;0.45062255859375;0.00010833740234375;28.2199999287513;2823;100 mA
167.77071657642;0.45068359375;0.00010711669921875;28.2299999287261;2824;100 mA
167.780716576394;0.450653076171875;0.000102844238281249;28.2399999287009;2825;100 mA
167.790716576369;0.45068359375;0.00010406494140625;28.2499999286756;2826;100 mA
167.800716576344;0.45068359375;0.000104370117187499;28.2599999286504;2827;100 mA
167.810716576319;0.45068359375;0.00010955810546875;28.2699999286251;2828;100 mA
167.820716576293;0.450592041015625;0.00011444091796875;28.2799999285999;2829;100 mA
167.830716576268;0.450653076171875;0.00010955810546875;28.2899999285746;2830;100 mA
167.840716576243;0.45062255859375;0.000115356445312501;28.2999999285494;2831;100 mA
167.850716576218;0.450592041015625;0.00011016845703125;28.3099999285241;2832;100 mA
167.860716576192;0.450653076171875;0.000110778808593751;28.3199999284989;2833;100 mA
167.870716576167;0.45068359375;0.000110778808593751;28.3299999284736;2834;100 mA
167.880716576142;0.450714111328125;0.00010406494140625;28.3399999284484;2835;100 mA
167.890716576117;0.45062255859375;0.000113525390624999;28.3499999284231;2836;100 mA
167.900716576091;0.450653076171875;0.0001055908203125;28.3599999283979;2837;100 mA
167.910716576066;0.450653076171875;0.000108642578125;28.3699999283726;2838;100 mA
167.920716576041;0.450653076171875;0.000110473632812499;28.3799999283474;2839;100 mA
167.930716576016;0.450653076171875;0.00010833740234375;28.3899999283221;2840;100 mA
167.94071657599;0.450653076171875;0.000119628906249999;28.3999999282969;2841;100 mA
167.950716575965;0.450653076171875;0.000112304687500001;28.4099999282716;2842;100 mA
167.96071657594;0.45074462890625;0.00011138916015625;28.4199999282464;2843;100 mA
167.970716575915;0.45068359375;0.000111999511718749;28.4299999282212;2844;100 mA
167.980716575889;0.4505615234375;0.000110473632812499;28.4399999281959;2845;100 mA
167.990716575864;0.45068359375;0.00011016845703125;28.4499999281707;2846;100 mA
168.000716575839;0.450714111328125;0.0001055908203125;28.4599999281454;2847;100 mA
168.010716575814;0.45062255859375;0.000108947753906249;28.4699999281202;2848;100 mA
168.020716575788;0.45062255859375;0.00011260986328125;28.4799999280949;2849;100 mA
168.030716575763;0.450653076171875;0.00011016845703125;28.4899999280697;2850;100 mA
168.040716575738;0.45062255859375;0.000111083984375;28.4999999280444;2851;100 mA
168.050716575713;0.450653076171875;0.00010650634765625;28.5099999280192;2852;100 mA
168.060716575687;0.45062255859375;0.000109252929687501;28.5199999279939;2853;100 mA
168.070716575662;0.45062255859375;0.00011138916015625;28.5299999279687;2854;100 mA
168.080716575637;0.450653076171875;0.000107421874999999;28.5399999279434;2855;100 mA
168.090716575612;0.45068359375;0.000110473632812499;28.5499999279182;2856;100 mA
168.100716575586;0.45068359375;0.000106201171875001;28.5599999278929;2857;100 mA
168.110716575561;0.45062255859375;0.000110473632812499;28.5699999278677;2858;100 mA
168.120716575536;0.45062255859375;0.00011322021484375;28.5799999278424;2859;100 mA
168.130716575511;0.45062255859375;0.00010711669921875;28.5899999278172;2860;100 mA
168.140716575485;0.45068359375;0.00011016845703125;28.5999999277919;2861;100 mA
168.15071657546;0.45062255859375;0.000108947753906249;28.6099999277667;2862;100 mA
168.160716575435;0.450714111328125;0.000104370117187499;28.6199999277414;2863;100 mA
168.17071657541;0.45074462890625;0.00010528564453125;28.6299999277162;2864;100 mA
168.180716575385;0.45062255859375;0.000103759765625;28.639999927691;2865;100 mA
168.190716575359;0.450592041015625;0.000115051269531249;28.6499999276657;2866;100 mA
168.200716575334;0.450592041015625;0.000101623535156251;28.6599999276405;2867;100 mA
168.210716575309;0.450714111328125;0.000106201171875001;28.6699999276152;2868;100 mA
168.220716575284;0.4505615234375;0.000108642578125;28.67999992759;2869;100 mA
168.230716575258;0.450653076171875;0.000104675292968751;28.6899999275647;2870;100 mA
168.240716575233;0.450653076171875;0.00011138916015625;28.6999999275395;2871;100 mA
168.250716575208;0.450653076171875;0.00010498046875;28.7099999275142;2872;100 mA
168.260716575183;0.4505615234375;0.00010986328125;28.719999927489;2873;100 mA
168.270716575157;0.45068359375;0.00010986328125;28.7299999274637;2874;100 mA
168.280716575132;0.450592041015625;0.000110473632812499;28.7399999274385;2875;100 mA
168.290716575107;0.450653076171875;0.000112304687500001;28.7499999274132;2876;100 mA
168.300716575082;0.450714111328125;0.000102844238281249;28.759999927388;2877;100 mA
168.310716575056;0.45062255859375;0.000110778808593751;28.7699999273627;2878;100 mA
168.320716575031;0.45068359375;0.00011016845703125;28.7799999273375;2879;100 mA
168.330716575006;0.45068359375;0.000109252929687501;28.7899999273122;2880;100 mA
168.340716574981;0.45068359375;0.00011322021484375;28.799999927287;2881;100 mA
168.350716574955;0.45062255859375;0.000107727050781251;28.8099999272617;2882;100 mA
168.36071657493;0.45062255859375;0.000113830566406251;28.8199999272365;2883;100 mA
168.370716574905;0.450653076171875;0.00011566162109375;28.8299999272112;2884;100 mA
168.38071657488;0.45068359375;0.00010711669921875;28.839999927186;2885;100 mA
168.390716574854;0.450653076171875;0.00011474609375;28.8499999271608;2886;100 mA
168.400716574829;0.450592041015625;0.000110778808593751;28.8599999271355;2887;100 mA
168.410716574804;0.45068359375;0.000112304687500001;28.8699999271103;2888;100 mA
168.420716574779;0.45068359375;0.000110473632812499;28.879999927085;2889;100 mA
168.430716574753;0.4505615234375;0.00010650634765625;28.8899999270598;2890;100 mA
168.440716574728;0.450531005859375;0.00011138916015625;28.8999999270345;2891;100 mA
168.450716574703;0.45068359375;0.00010528564453125;28.9099999270093;2892;100 mA
168.460716574678;0.450714111328125;0.00010955810546875;28.919999926984;2893;100 mA
168.470716574652;0.450592041015625;0.0001171875;28.9299999269588;2894;100 mA
168.480716574627;0.45062255859375;0.000107421874999999;28.9399999269335;2895;100 mA
168.490716574602;0.450714111328125;0.00011749267578125;28.9499999269083;2896;100 mA
168.500716574577;0.45062255859375;0.000111083984375;28.959999926883;2897;100 mA
168.510716574551;0.450653076171875;0.0001171875;28.9699999268578;2898;100 mA
168.520716574526;0.450653076171875;0.00011444091796875;28.9799999268325;2899;100 mA
168.530716574501;0.450653076171875;0.000105895996093749;28.9899999268073;2900;100 mA
168.540716574476;0.450653076171875;0.0001141357421875;28.999999926782;2901;100 mA
168.55071657445;0.450653076171875;0.000107727050781251;29.0099999267568;2902;100 mA
168.560716574425;0.45068359375;0.000111999511718749;29.0199999267315;2903;100 mA
168.5707165744;0.45074462890625;0.00011322021484375;29.0299999267063;2904;100 mA
168.580716574375;0.45068359375;0.000110473632812499;29.039999926681;2905;100 mA
168.590716574349;0.450653076171875;0.000116577148437499;29.0499999266558;2906;100 mA
168.600716574324;0.45062255859375;0.00010711669921875;29.0599999266306;2907;100 mA
168.610716574299;0.450714111328125;0.00010833740234375;29.0699999266053;2908;100 mA
168.620716574274;0.450653076171875;0.00010650634765625;29.0799999265801;2909;100 mA
168.630716574248;0.45062255859375;0.00010711669921875;29.0899999265548;2910;100 mA
168.640716574223;0.450531005859375;0.0001025390625;29.0999999265296;2911;100 mA
168.650716574198;0.45062255859375;0.000103759765625;29.1099999265043;2912;100 mA
168.660716574173;0.45062255859375;0.000103149414062501;29.1199999264791;2913;100 mA
168.670716574147;0.45062255859375;0.0001055908203125;29.1299999264538;2914;100 mA
168.680716574122;0.45062255859375;0.00010345458984375;29.1399999264286;2915;100 mA
168.690716574097;0.450592041015625;0.0001129150390625;29.1499999264033;2916;100 mA
168.700716574072;0.45068359375;0.00010406494140625;29.1599999263781;2917;100 mA
168.710716574046;0.45062255859375;0.00011016845703125;29.1699999263528;2918;100 mA
168.720716574021;0.450653076171875;0.000111999511718749;29.1799999263276;2919;100 mA
168.730716573996;0.45062255859375;0.000104370117187499;29.1899999263023;2920;100 mA
168.740716573971;0.45068359375;0.000107727050781251;29.1999999262771;2921;100 mA
168.750716573945;0.450592041015625;0.000111083984375;29.2099999262518;2922;100 mA
168.76071657392;0.450714111328125;0.000110473632812499;29.2199999262266;2923;100 mA
168.770716573895;0.45062255859375;0.000109252929687501;29.2299999262013;2924;100 mA
168.78071657387;0.450653076171875;0.000106201171875001;29.2399999261761;2925;100 mA
168.790716573844;0.45068359375;0.00011322021484375;29.2499999261508;2926;100 mA
168.800716573819;0.45062255859375;0.00010528564453125;29.2599999261256;2927;100 mA
168.810716573794;0.45068359375;0.000110778808593751;29.2699999261004;2928;100 mA
168.820716573769;0.45068359375;0.000113525390624999;29.2799999260751;2929;100 mA
168.830716573743;0.45062255859375;0.00010986328125;29.2899999260499;2930;100 mA
168.840716573718;0.450531005859375;0.0001171875;29.2999999260246;2931;100 mA
168.850716573693;0.45068359375;0.0001068115234375;29.3099999259994;2932;100 mA
168.860716573668;0.45068359375;0.00011322021484375;29.3199999259741;2933;100 mA
168.870716573642;0.450653076171875;0.00011322021484375;29.3299999259489;2934;100 mA
168.880716573617;0.45062255859375;0.0001055908203125;29.3399999259236;2935;100 mA
168.890716573592;0.450592041015625;0.000113525390624999;29.3499999258984;2936;100 mA
168.900716573567;0.45074462890625;0.000101318359374999;29.3599999258731;2937;100 mA
168.910716573541;0.45068359375;0.00011016845703125;29.3699999258479;2938;100 mA
168.920716573516;0.45068359375;0.000105895996093749;29.3799999258226;2939;100 mA
168.930716573491;0.45062255859375;0.00010406494140625;29.3899999257974;2940;100 mA
168.940716573466;0.45068359375;0.000113525390624999;29.3999999257721;2941;100 mA
168.95071657344;0.45062255859375;0.0001055908203125;29.4099999257469;2942;100 mA
168.960716573415;0.450653076171875;0.000111083984375;29.4199999257216;2943;100 mA
168.97071657339;0.450653076171875;0.0001116943359375;29.4299999256964;2944;100 mA
168.980716573365;0.45062255859375;0.00010955810546875;29.4399999256711;2945;100 mA
168.990716573339;0.450653076171875;0.000108642578125;29.4499999256459;2946;100 mA
169.000716573314;0.450714111328125;0.00010101318359375;29.4599999256207;2947;100 mA
169.010716573289;0.450653076171875;0.0001055908203125;29.4699999255954;2948;100 mA
169.020716573264;0.45068359375;0.00010650634765625;29.4799999255702;2949;100 mA
169.030716573238;0.45074462890625;0.000103149414062501;29.4899999255449;2950;100 mA
169.040716573213;0.450653076171875;0.00010986328125;29.4999999255197;2951;100 mA
169.050716573188;0.450653076171875;0.00010528564453125;29.5099999254944;2952;100 mA
169.060716573163;0.45068359375;0.000108947753906249;29.5199999254692;2953;100 mA
169.070716573137;0.45068359375;0.000107727050781251;29.5299999254439;2954;100 mA
169.080716573112;0.450653076171875;0.000100097656250001;29.5399999254187;2955;100 mA
169.090716573087;0.45068359375;0.000109252929687501;29.5499999253934;2956;100 mA
169.100716573062;0.45062255859375;0.00010498046875;29.5599999253682;2957;100 mA
169.110716573036;0.450653076171875;0.000107421874999999;29.5699999253429;2958;100 mA
169.120716573011;0.450775146484375;0.00010101318359375;29.5799999253177;2959;100 mA
169.130716572986;0.450653076171875;0.00010223388671875;29.5899999252924;2960;100 mA
169.140716572961;0.450653076171875;0.00010528564453125;29.5999999252672;2961;100 mA
169.150716572935;0.45068359375;0.000101318359374999;29.6099999252419;2962;100 mA
169.16071657291;0.450653076171875;0.000103759765625;29.6199999252167;2963;100 mA
169.170716572885;0.45062255859375;0.00010986328125;29.6299999251914;2964;100 mA
169.18071657286;0.45068359375;9.97924804687494E-05;29.6399999251662;2965;100 mA
169.190716572835;0.450653076171875;0.00011016845703125;29.6499999251409;2966;100 mA
169.200716572809;0.450653076171875;0.0001007080078125;29.6599999251157;2967;100 mA
169.210716572784;0.450592041015625;0.00010955810546875;29.6699999250905;2968;100 mA
169.220716572759;0.450653076171875;0.0001080322265625;29.6799999250652;2969;100 mA
169.230716572734;0.45068359375;9.85717773437506E-05;29.68999992504;2970;100 mA
169.240716572708;0.450592041015625;0.000113830566406251;29.6999999250147;2971;100 mA
169.250716572683;0.450653076171875;0.00010650634765625;29.7099999249895;2972;100 mA
169.260716572658;0.450653076171875;0.00010498046875;29.7199999249642;2973;100 mA
169.270716572633;0.45068359375;0.000107727050781251;29.729999924939;2974;100 mA
169.280716572607;0.450714111328125;0.000102844238281249;29.7399999249137;2975;100 mA
169.290716572582;0.450592041015625;0.000108642578125;29.7499999248885;2976;100 mA
169.300716572557;0.450653076171875;0.00010406494140625;29.7599999248632;2977;100 mA
169.310716572532;0.450714111328125;0.0001025390625;29.769999924838;2978;100 mA
169.320716572506;0.45068359375;0.000100097656250001;29.7799999248127;2979;100 mA
169.330716572481;0.45068359375;0.00010528564453125;29.7899999247875;2980;100 mA
169.340716572456;0.45062255859375;0.000111999511718749;29.7999999247622;2981;100 mA
169.350716572431;0.45062255859375;0.00010528564453125;29.809999924737;2982;100 mA
169.360716572405;0.450653076171875;0.00011260986328125;29.8199999247117;2983;100 mA
169.37071657238;0.450714111328125;0.000111083984375;29.8299999246865;2984;100 mA
169.380716572355;0.45068359375;0.000104675292968751;29.8399999246612;2985;100 mA
169.39071657233;0.450653076171875;0.000111999511718749;29.849999924636;2986;100 mA
169.400716572304;0.450775146484375;0.000101318359374999;29.8599999246107;2987;100 mA
169.410716572279;0.450653076171875;0.000108642578125;29.8699999245855;2988;100 mA
169.420716572254;0.450653076171875;0.00010650634765625;29.8799999245603;2989;100 mA
169.430716572229;0.450714111328125;9.97924804687494E-05;29.889999924535;2990;100 mA
169.440716572203;0.450653076171875;0.00010650634765625;29.8999999245098;2991;100 mA
169.450716572178;0.45062255859375;0.000103759765625;29.9099999244845;2992;100 mA
169.460716572153;0.45062255859375;0.000108947753906249;29.9199999244593;2993;100 mA
169.470716572128;0.450714111328125;0.00010040283203125;29.929999924434;2994;100 mA
169.480716572102;0.45068359375;0.000100097656250001;29.9399999244088;2995;100 mA
169.490716572077;0.450653076171875;0.00011016845703125;29.9499999243835;2996;100 mA
169.500716572052;0.45062255859375;0.000103149414062501;29.9599999243583;2997;100 mA
169.510716572027;0.450653076171875;0.00011016845703125;29.969999924333;2998;100 mA
169.520716572001;0.450653076171875;0.0001129150390625;29.9799999243078;2999;100 mA
169.530716571976;0.450592041015625;0.000107421874999999;29.9899999242825;3000;100 mA
169.540716571951;0.450714111328125;0.0001116943359375;29.9999999242573;3001;100 mA
169.550716571926;0.450653076171875;0.000108947753906249;30.009999924232;3002;100 mA
169.5607165719;0.450653076171875;0.000109252929687501;30.0199999242068;3003;100 mA
169.570716571875;0.450653076171875;0.00010955810546875;30.0299999241815;3004;100 mA
169.58071657185;0.450653076171875;0.00010223388671875;30.0399999241563;3005;100 mA
169.590716571825;0.45068359375;0.000103759765625;30.049999924131;3006;100 mA
169.600716571799;0.45068359375;9.58251953125003E-05;30.0599999241058;3007;100 mA
169.610716571774;0.45068359375;0.000101318359374999;30.0699999240805;3008;100 mA
169.620716571749;0.450653076171875;0.000103149414062501;30.0799999240553;3009;100 mA
169.630716571724;0.450653076171875;0.00010223388671875;30.0899999240301;3010;100 mA
169.640716571698;0.45074462890625;0.000108642578125;30.0999999240048;3011;100 mA
169.650716571673;0.450653076171875;0.00010528564453125;30.1099999239796;3012;100 mA
169.660716571648;0.450653076171875;0.00010101318359375;30.1199999239543;3013;100 mA
169.670716571623;0.45068359375;0.0001055908203125;30.1299999239291;3014;100 mA
169.680716571597;0.45074462890625;0.000110473632812499;30.1399999239038;3015;100 mA
169.690716571572;0.45062255859375;0.000110473632812499;30.1499999238786;3016;100 mA
169.700716571547;0.450714111328125;0.000101623535156251;30.1599999238533;3017;100 mA
169.710716571522;0.45074462890625;0.0001025390625;30.1699999238281;3018;100 mA
169.720716571496;0.45062255859375;0.000111999511718749;30.1799999238028;3019;100 mA
169.730716571471;0.450592041015625;0.00010345458984375;30.1899999237776;3020;100 mA
169.740716571446;0.45068359375;0.000108947753906249;30.1999999237523;3021;100 mA
169.750716571421;0.45062255859375;0.00010498046875;30.2099999237271;3022;100 mA
169.760716571395;0.450714111328125;0.00010986328125;30.2199999237018;3023;100 mA
169.77071657137;0.45068359375;0.000108642578125;30.2299999236766;3024;100 mA
169.780716571345;0.450592041015625;0.000102844238281249;30.2399999236513;3025;100 mA
169.79071657132;0.450653076171875;0.000107727050781251;30.2499999236261;3026;100 mA
169.800716571294;0.450653076171875;0.00010406494140625;30.2599999236008;3027;100 mA
169.810716571269;0.450653076171875;0.00010955810546875;30.2699999235756;3028;100 mA
169.820716571244;0.45068359375;0.0001116943359375;30.2799999235503;3029;100 mA
169.830716571219;0.45062255859375;0.000107727050781251;30.2899999235251;3030;100 mA
169.840716571193;0.45074462890625;0.00010498046875;30.2999999234999;3031;100 mA
169.850716571168;0.450653076171875;0.000102844238281249;30.3099999234746;3032;100 mA
169.860716571143;0.45062255859375;0.00010498046875;30.3199999234494;3033;100 mA
169.870716571118;0.45062255859375;0.0001068115234375;30.3299999234241;3034;100 mA
169.880716571092;0.45062255859375;0.00010711669921875;30.3399999233989;3035;100 mA
169.890716571067;0.450653076171875;0.000107727050781251;30.3499999233736;3036;100 mA
169.900716571042;0.450653076171875;0.000101318359374999;30.3599999233484;3037;100 mA
169.910716571017;0.450653076171875;0.000103149414062501;30.3699999233231;3038;100 mA
169.920716570991;0.450653076171875;0.00011016845703125;30.3799999232979;3039;100 mA
169.930716570966;0.45062255859375;0.000104370117187499;30.3899999232726;3040;100 mA
169.940716570941;0.45068359375;0.00010955810546875;30.3999999232474;3041;100 mA
169.950716570916;0.45068359375;0.00010345458984375;30.4099999232221;3042;100 mA
169.96071657089;0.4505615234375;0.000112304687500001;30.4199999231969;3043;100 mA
169.970716570865;0.450653076171875;0.00011444091796875;30.4299999231716;3044;100 mA
169.98071657084;0.450714111328125;0.000107421874999999;30.4399999231464;3045;100 mA
169.990716570815;0.45062255859375;0.0001116943359375;30.4499999231211;3046;100 mA
170.000716570789;0.450653076171875;0.000103149414062501;30.4599999230959;3047;100 mA
170.010716570764;0.450653076171875;0.000107421874999999;30.4699999230706;3048;100 mA
170.020716570739;0.450592041015625;0.0001129150390625;30.4799999230454;3049;100 mA
170.030716570714;0.450592041015625;0.0001055908203125;30.4899999230202;3050;100 mA
170.040716570688;0.450714111328125;0.00010833740234375;30.4999999229949;3051;100 mA
170.050716570663;0.450714111328125;0.000107727050781251;30.5099999229697;3052;100 mA
170.060716570638;0.45062255859375;0.000111083984375;30.5199999229444;3053;100 mA
170.070716570613;0.45062255859375;0.00010833740234375;30.5299999229192;3054;100 mA
170.080716570587;0.450714111328125;0.0001019287109375;30.5399999228939;3055;100 mA
170.090716570562;0.45074462890625;0.0001080322265625;30.5499999228687;3056;100 mA
170.100716570537;0.45062255859375;0.00010345458984375;30.5599999228434;3057;100 mA
170.110716570512;0.450714111328125;0.00010711669921875;30.5699999228182;3058;100 mA
170.120716570486;0.45062255859375;0.000111083984375;30.5799999227929;3059;100 mA
170.130716570461;0.45068359375;0.000106201171875001;30.5899999227677;3060;100 mA
170.140716570436;0.450653076171875;0.00011138916015625;30.5999999227424;3061;100 mA
170.150716570411;0.450653076171875;0.000101318359374999;30.6099999227172;3062;100 mA
170.160716570385;0.450653076171875;0.000106201171875001;30.6199999226919;3063;100 mA
170.17071657036;0.45068359375;0.000111083984375;30.6299999226667;3064;100 mA
170.180716570335;0.45068359375;0.0001019287109375;30.6399999226414;3065;100 mA
170.19071657031;0.450592041015625;0.00011932373046875;30.6499999226162;3066;100 mA
170.200716570284;0.45068359375;0.00010040283203125;30.6599999225909;3067;100 mA
170.210716570259;0.45062255859375;0.000110778808593751;30.6699999225657;3068;100 mA
170.220716570234;0.45062255859375;0.00011138916015625;30.6799999225404;3069;100 mA
170.230716570209;0.450653076171875;0.0001055908203125;30.6899999225152;3070;100 mA
170.240716570184;0.45068359375;0.00011016845703125;30.69999992249;3071;100 mA
170.250716570158;0.45068359375;0.0001080322265625;30.7099999224647;3072;100 mA
170.260716570133;0.450653076171875;0.000110473632812499;30.7199999224395;3073;100 mA
170.270716570108;0.45062255859375;0.000118408203125001;30.7299999224142;3074;100 mA
170.280716570083;0.45068359375;0.000106201171875001;30.739999922389;3075;100 mA
170.290716570057;0.450653076171875;0.000111999511718749;30.7499999223637;3076;100 mA
170.300716570032;0.45062255859375;0.000104370117187499;30.7599999223385;3077;100 mA
170.310716570007;0.450653076171875;0.000110473632812499;30.7699999223132;3078;100 mA
170.320716569982;0.45062255859375;0.00011566162109375;30.779999922288;3079;100 mA
170.330716569956;0.45068359375;0.000108642578125;30.7899999222627;3080;100 mA
170.340716569931;0.450653076171875;0.000111999511718749;30.7999999222375;3081;100 mA
170.350716569906;0.450592041015625;0.00010833740234375;30.8099999222122;3082;100 mA
170.360716569881;0.45062255859375;0.0001129150390625;30.819999922187;3083;100 mA
170.370716569855;0.45068359375;0.00010955810546875;30.8299999221617;3084;100 mA
170.38071656983;0.45068359375;0.00010345458984375;30.8399999221365;3085;100 mA
170.390716569805;0.450592041015625;0.000111083984375;30.8499999221112;3086;100 mA
170.40071656978;0.450714111328125;0.000108947753906249;30.859999922086;3087;100 mA
170.410716569754;0.450653076171875;0.000111999511718749;30.8699999220607;3088;100 mA
170.420716569729;0.450592041015625;0.000107421874999999;30.8799999220355;3089;100 mA
170.430716569704;0.45068359375;0.000110473632812499;30.8899999220102;3090;100 mA
170.440716569679;0.450592041015625;0.000109252929687501;30.899999921985;3091;100 mA
170.450716569653;0.45068359375;0.000103149414062501;30.9099999219598;3092;100 mA
170.460716569628;0.450653076171875;0.000110778808593751;30.9199999219345;3093;100 mA
170.470716569603;0.45062255859375;0.000104675292968751;30.9299999219093;3094;100 mA
170.480716569578;0.45068359375;0.000103759765625;30.939999921884;3095;100 mA
170.490716569552;0.450653076171875;0.000109252929687501;30.9499999218588;3096;100 mA
170.500716569527;0.450714111328125;0.00010223388671875;30.9599999218335;3097;100 mA
170.510716569502;0.450653076171875;0.00011260986328125;30.9699999218083;3098;100 mA
170.520716569477;0.450653076171875;0.000111083984375;30.979999921783;3099;100 mA
170.530716569451;0.45068359375;0.00010650634765625;30.9899999217578;3100;100 mA
170.540716569426;0.45062255859375;0.000112304687500001;30.9999999217325;3101;100 mA
170.550716569401;0.450714111328125;0.000102844238281249;31.0099999217073;3102;100 mA
170.560716569376;0.450592041015625;0.00011260986328125;31.019999921682;3103;100 mA
170.57071656935;0.450653076171875;0.0001116943359375;31.0299999216568;3104;100 mA
170.580716569325;0.450653076171875;0.000105895996093749;31.0399999216315;3105;100 mA
170.5907165693;0.45062255859375;0.000111083984375;31.0499999216063;3106;100 mA
170.600716569275;0.450592041015625;0.00010711669921875;31.059999921581;3107;100 mA
170.610716569249;0.450653076171875;0.0001068115234375;31.0699999215558;3108;100 mA
170.620716569224;0.450714111328125;0.0001068115234375;31.0799999215305;3109;100 mA
170.630716569199;0.45068359375;9.918212890625E-05;31.0899999215053;3110;100 mA
170.640716569174;0.45068359375;0.000104675292968751;31.09999992148;3111;100 mA
170.650716569148;0.450714111328125;0.00010345458984375;31.1099999214548;3112;100 mA
170.660716569123;0.45068359375;0.000106201171875001;31.1199999214296;3113;100 mA
170.670716569098;0.45068359375;0.00011138916015625;31.1299999214043;3114;100 mA
170.680716569073;0.450653076171875;0.000100097656250001;31.1399999213791;3115;100 mA
170.690716569047;0.45062255859375;0.00011016845703125;31.1499999213538;3116;100 mA
170.700716569022;0.450653076171875;0.0001007080078125;31.1599999213286;3117;100 mA
170.710716568997;0.450653076171875;0.00010650634765625;31.1699999213033;3118;100 mA
170.720716568972;0.45062255859375;0.0001080322265625;31.1799999212781;3119;100 mA
170.730716568946;0.45074462890625;0.00010955810546875;31.1899999212528;3120;100 mA
170.740716568921;0.45068359375;0.0001171875;31.1999999212276;3121;100 mA
170.750716568896;0.45062255859375;0.00011322021484375;31.2099999212023;3122;100 mA
170.760716568871;0.45062255859375;0.000111999511718749;31.2199999211771;3123;100 mA
170.770716568845;0.450714111328125;0.00010833740234375;31.2299999211518;3124;100 mA
170.78071656882;0.450653076171875;0.000103149414062501;31.2399999211266;3125;100 mA
170.790716568795;0.450653076171875;0.0001141357421875;31.2499999211013;3126;100 mA
170.80071656877;0.45068359375;0.000107727050781251;31.2599999210761;3127;100 mA
170.810716568744;0.450653076171875;0.000108642578125;31.2699999210508;3128;100 mA
170.820716568719;0.450592041015625;0.00010955810546875;31.2799999210256;3129;100 mA
170.830716568694;0.450714111328125;0.00010833740234375;31.2899999210003;3130;100 mA
170.840716568669;0.45062255859375;0.000110778808593751;31.2999999209751;3131;100 mA
170.850716568643;0.450653076171875;0.00010223388671875;31.3099999209498;3132;100 mA
170.860716568618;0.450714111328125;0.00010986328125;31.3199999209246;3133;100 mA
170.870716568593;0.45068359375;0.000104370117187499;31.3299999208994;3134;100 mA
170.880716568568;0.450653076171875;0.000101623535156251;31.3399999208741;3135;100 mA
170.890716568542;0.450653076171875;0.000111083984375;31.3499999208489;3136;100 mA
170.900716568517;0.450653076171875;0.0001025390625;31.3599999208236;3137;100 mA
170.910716568492;0.450592041015625;0.00010955810546875;31.3699999207984;3138;100 mA
170.920716568467;0.45068359375;0.0001055908203125;31.3799999207731;3139;100 mA
170.930716568441;0.45062255859375;0.0001007080078125;31.3899999207479;3140;100 mA
170.940716568416;0.45068359375;0.000111999511718749;31.3999999207226;3141;100 mA
170.950716568391;0.450653076171875;0.00010223388671875;31.4099999206974;3142;100 mA
170.960716568366;0.4505615234375;0.00010833740234375;31.4199999206721;3143;100 mA
170.97071656834;0.450653076171875;0.0001080322265625;31.4299999206469;3144;100 mA
170.980716568315;0.45068359375;0.000102844238281249;31.4399999206216;3145;100 mA
170.99071656829;0.450653076171875;0.000108947753906249;31.4499999205964;3146;100 mA
171.000716568265;0.45068359375;9.70458984375006E-05;31.4599999205711;3147;100 mA
171.010716568239;0.45068359375;0.00010650634765625;31.4699999205459;3148;100 mA
171.020716568214;0.450592041015625;0.000107421874999999;31.4799999205206;3149;100 mA
171.030716568189;0.45062255859375;0.000103759765625;31.4899999204954;3150;100 mA
171.040716568164;0.450592041015625;0.0001080322265625;31.4999999204701;3151;100 mA
171.050716568138;0.45062255859375;0.000104370117187499;31.5099999204449;3152;100 mA
171.060716568113;0.45068359375;0.00010711669921875;31.5199999204197;3153;100 mA
171.070716568088;0.450714111328125;0.000107727050781251;31.5299999203944;3154;100 mA
171.080716568063;0.4505615234375;0.00010345458984375;31.5399999203692;3155;100 mA
171.090716568037;0.45062255859375;0.000108947753906249;31.5499999203439;3156;100 mA
171.100716568012;0.45062255859375;0.000100097656250001;31.5599999203187;3157;100 mA
171.110716567987;0.45074462890625;9.97924804687494E-05;31.5699999202934;3158;100 mA
171.120716567962;0.45062255859375;0.000108947753906249;31.5799999202682;3159;100 mA
171.130716567936;0.450653076171875;0.0001068115234375;31.5899999202429;3160;100 mA
171.140716567911;0.45068359375;0.000110778808593751;31.5999999202177;3161;100 mA
171.150716567886;0.45062255859375;0.00010345458984375;31.6099999201924;3162;100 mA
171.160716567861;0.450714111328125;0.000103759765625;31.6199999201672;3163;100 mA
171.170716567835;0.45062255859375;0.000110778808593751;31.6299999201419;3164;100 mA
171.18071656781;0.450653076171875;0.000104675292968751;31.6399999201167;3165;100 mA
171.190716567785;0.45062255859375;0.0001129150390625;31.6499999200914;3166;100 mA
171.20071656776;0.450592041015625;0.0001129150390625;31.6599999200662;3167;100 mA
171.210716567734;0.45062255859375;0.000107421874999999;31.6699999200409;3168;100 mA
171.220716567709;0.45068359375;0.00010955810546875;31.6799999200157;3169;100 mA
171.230716567684;0.45068359375;0.00011016845703125;31.6899999199904;3170;100 mA
171.240716567659;0.45062255859375;0.00010650634765625;31.6999999199652;3171;100 mA
171.250716567634;0.45068359375;0.000109252929687501;31.7099999199399;3172;100 mA
171.260716567608;0.450653076171875;0.000112304687500001;31.7199999199147;3173;100 mA
171.270716567583;0.45062255859375;0.0001141357421875;31.7299999198895;3174;100 mA
171.280716567558;0.450714111328125;0.000103759765625;31.7399999198642;3175;100 mA
171.290716567533;0.45062255859375;0.000113830566406251;31.749999919839;3176;100 mA
171.300716567507;0.450653076171875;0.000104675292968751;31.7599999198137;3177;100 mA
171.310716567482;0.450653076171875;0.000107727050781251;31.7699999197885;3178;100 mA
171.320716567457;0.450653076171875;0.000113525390624999;31.7799999197632;3179;100 mA
171.330716567432;0.45062255859375;0.000107727050781251;31.789999919738;3180;100 mA
171.340716567406;0.45068359375;0.000109252929687501;31.7999999197127;3181;100 mA
171.350716567381;0.45068359375;0.0001080322265625;31.8099999196875;3182;100 mA
171.360716567356;0.45062255859375;0.000111999511718749;31.8199999196622;3183;100 mA
171.370716567331;0.45062255859375;0.000110473632812499;31.829999919637;3184;100 mA
171.380716567305;0.450653076171875;0.000103149414062501;31.8399999196117;3185;100 mA
171.39071656728;0.45068359375;0.000111083984375;31.8499999195865;3186;100 mA
171.400716567255;0.450653076171875;0.00011138916015625;31.8599999195612;3187;100 mA
171.41071656723;0.45062255859375;0.00010955810546875;31.869999919536;3188;100 mA
171.420716567204;0.45062255859375;0.000107421874999999;31.8799999195107;3189;100 mA
171.430716567179;0.45062255859375;0.000106201171875001;31.8899999194855;3190;100 mA
171.440716567154;0.45068359375;0.000110473632812499;31.8999999194602;3191;100 mA
171.450716567129;0.45062255859375;0.000108642578125;31.909999919435;3192;100 mA
171.460716567103;0.45068359375;0.00010955810546875;31.9199999194097;3193;100 mA
171.470716567078;0.450653076171875;0.00010528564453125;31.9299999193845;3194;100 mA
171.480716567053;0.4505615234375;0.000102844238281249;31.9399999193593;3195;100 mA
171.490716567028;0.45068359375;0.0001129150390625;31.949999919334;3196;100 mA
171.500716567002;0.450653076171875;0.000104370117187499;31.9599999193088;3197;100 mA
171.510716566977;0.45068359375;0.000107727050781251;31.9699999192835;3198;100 mA
171.520716566952;0.450714111328125;0.00010711669921875;31.9799999192583;3199;100 mA
171.530716566927;0.45062255859375;0.00010650634765625;31.989999919233;3200;100 mA
171.540716566901;0.450653076171875;0.000110778808593751;31.9999999192078;3201;100 mA
171.550716566876;0.45068359375;0.000105895996093749;32.0099999191825;3202;100 mA
171.560716566851;0.45068359375;0.0001019287109375;32.0199999191573;3203;100 mA
171.570716566826;0.450653076171875;0.00011016845703125;32.029999919132;3204;100 mA
171.5807165668;0.45068359375;0.00010650634765625;32.0399999191068;3205;100 mA
171.590716566775;0.450714111328125;0.000111999511718749;32.0499999190815;3206;100 mA
171.60071656675;0.450653076171875;0.00010711669921875;32.0599999190563;3207;100 mA
171.610716566725;0.450592041015625;0.0001080322265625;32.069999919031;3208;100 mA
171.620716566699;0.45068359375;0.00011138916015625;32.0799999190058;3209;100 mA
171.630716566674;0.450714111328125;0.0001116943359375;32.0899999189805;3210;100 mA
171.640716566649;0.45068359375;0.0001116943359375;32.0999999189553;3211;100 mA
171.650716566624;0.45062255859375;0.00010406494140625;32.10999991893;3212;100 mA
171.660716566598;0.45068359375;0.000111999511718749;32.1199999189048;3213;100 mA
171.670716566573;0.450714111328125;0.000111999511718749;32.1299999188795;3214;100 mA
171.680716566548;0.450653076171875;0.0001116943359375;32.1399999188543;3215;100 mA
171.690716566523;0.45062255859375;0.000115356445312501;32.1499999188291;3216;100 mA
171.700716566497;0.450592041015625;0.00010498046875;32.1599999188038;3217;100 mA
171.710716566472;0.45062255859375;0.000111083984375;32.1699999187786;3218;100 mA
171.720716566447;0.45068359375;0.00011444091796875;32.1799999187533;3219;100 mA
171.730716566422;0.45068359375;0.0001080322265625;32.1899999187281;3220;100 mA
171.740716566396;0.450775146484375;0.000110473632812499;32.1999999187028;3221;100 mA
171.750716566371;0.450653076171875;0.00010711669921875;32.2099999186776;3222;100 mA
171.760716566346;0.450714111328125;0.00010498046875;32.2199999186523;3223;100 mA
171.770716566321;0.450653076171875;0.000107727050781251;32.2299999186271;3224;100 mA
171.780716566295;0.450653076171875;0.000106201171875001;32.2399999186018;3225;100 mA
171.79071656627;0.450714111328125;0.000112304687500001;32.2499999185766;3226;100 mA
171.800716566245;0.45074462890625;0.00010345458984375;32.2599999185513;3227;100 mA
171.81071656622;0.4505615234375;0.00010986328125;32.2699999185261;3228;100 mA
171.820716566194;0.45068359375;0.000107421874999999;32.2799999185008;3229;100 mA
171.830716566169;0.45068359375;0.00010345458984375;32.2899999184756;3230;100 mA
171.840716566144;0.45068359375;0.00010986328125;32.2999999184503;3231;100 mA
171.850716566119;0.45062255859375;0.000103149414062501;32.3099999184251;3232;100 mA
171.860716566093;0.45062255859375;0.000103149414062501;32.3199999183998;3233;100 mA
171.870716566068;0.450714111328125;0.000103149414062501;32.3299999183746;3234;100 mA
171.880716566043;0.45068359375;0.000101318359374999;32.3399999183493;3235;100 mA
171.890716566018;0.45068359375;0.00011016845703125;32.3499999183241;3236;100 mA
171.900716565992;0.45062255859375;0.00010406494140625;32.3599999182989;3237;100 mA
171.910716565967;0.450592041015625;0.000108947753906249;32.3699999182736;3238;100 mA
171.920716565942;0.45068359375;0.000109252929687501;32.3799999182484;3239;100 mA
171.930716565917;0.450653076171875;0.0001080322265625;32.3899999182231;3240;100 mA
171.940716565891;0.450592041015625;0.00011260986328125;32.3999999181979;3241;100 mA
171.950716565866;0.45068359375;0.000104370117187499;32.4099999181726;3242;100 mA
171.960716565841;0.450714111328125;0.00010498046875;32.4199999181474;3243;100 mA
171.970716565816;0.450653076171875;0.000110778808593751;32.4299999181221;3244;100 mA
171.98071656579;0.450653076171875;0.00010406494140625;32.4399999180969;3245;100 mA
171.990716565765;0.45068359375;0.00010650634765625;32.4499999180716;3246;100 mA
172.00071656574;0.45068359375;0.000104675292968751;32.4599999180464;3247;100 mA
172.010716565715;0.45062255859375;0.0001068115234375;32.4699999180211;3248;100 mA
172.020716565689;0.45062255859375;0.000109252929687501;32.4799999179959;3249;100 mA
172.030716565664;0.450653076171875;0.00010223388671875;32.4899999179706;3250;100 mA
172.040716565639;0.450592041015625;0.00011322021484375;32.4999999179454;3251;100 mA
172.050716565614;0.450653076171875;0.000107421874999999;32.5099999179201;3252;100 mA
172.060716565588;0.450653076171875;0.000107727050781251;32.5199999178949;3253;100 mA
172.070716565563;0.45068359375;0.000113830566406251;32.5299999178696;3254;100 mA
172.080716565538;0.45074462890625;0.000105895996093749;32.5399999178444;3255;100 mA
172.090716565513;0.4505615234375;0.000113525390624999;32.5499999178192;3256;100 mA
172.100716565487;0.45068359375;0.00010406494140625;32.5599999177939;3257;100 mA
172.110716565462;0.450592041015625;0.00011138916015625;32.5699999177687;3258;100 mA
172.120716565437;0.45068359375;0.00010528564453125;32.5799999177434;3259;100 mA
172.130716565412;0.450653076171875;0.000106201171875001;32.5899999177182;3260;100 mA
172.140716565386;0.45068359375;0.000112304687500001;32.5999999176929;3261;100 mA
172.150716565361;0.450714111328125;0.000105895996093749;32.6099999176677;3262;100 mA
172.160716565336;0.45062255859375;0.00011474609375;32.6199999176424;3263;100 mA
172.170716565311;0.450592041015625;0.00011474609375;32.6299999176172;3264;100 mA
172.180716565285;0.45062255859375;0.000104675292968751;32.6399999175919;3265;100 mA
172.19071656526;0.45062255859375;0.00011749267578125;32.6499999175667;3266;100 mA
172.200716565235;0.45068359375;0.00010528564453125;32.6599999175414;3267;100 mA
172.21071656521;0.450653076171875;0.000110778808593751;32.6699999175162;3268;100 mA
172.220716565184;0.45062255859375;0.000111999511718749;32.6799999174909;3269;100 mA
172.230716565159;0.450653076171875;0.00010650634765625;32.6899999174657;3270;100 mA
172.240716565134;0.450653076171875;0.000109252929687501;32.6999999174404;3271;100 mA
172.250716565109;0.450653076171875;0.00010223388671875;32.7099999174152;3272;100 mA
172.260716565083;0.45062255859375;0.0001068115234375;32.7199999173899;3273;100 mA
172.270716565058;0.45068359375;0.00010955810546875;32.7299999173647;3274;100 mA
172.280716565033;0.45068359375;0.000100097656250001;32.7399999173394;3275;100 mA
172.290716565008;0.45068359375;0.000110473632812499;32.7499999173142;3276;100 mA
172.300716564983;0.450653076171875;0.00010406494140625;32.759999917289;3277;100 mA
172.310716564957;0.450714111328125;0.00010345458984375;32.7699999172637;3278;100 mA
172.320716564932;0.450653076171875;0.000105895996093749;32.7799999172385;3279;100 mA
172.330716564907;0.450592041015625;0.000104675292968751;32.7899999172132;3280;100 mA
172.340716564882;0.45062255859375;0.0001055908203125;32.799999917188;3281;100 mA
172.350716564856;0.450653076171875;0.0001019287109375;32.8099999171627;3282;100 mA
172.360716564831;0.450592041015625;0.000109252929687501;32.8199999171375;3283;100 mA
172.370716564806;0.45062255859375;0.00010833740234375;32.8299999171122;3284;100 mA
172.380716564781;0.450714111328125;0.0001019287109375;32.839999917087;3285;100 mA
172.390716564755;0.45068359375;0.000110473632812499;32.8499999170617;3286;100 mA
172.40071656473;0.450714111328125;0.0001019287109375;32.8599999170365;3287;100 mA
172.410716564705;0.45068359375;0.000109252929687501;32.8699999170112;3288;100 mA
172.42071656468;0.45068359375;0.000109252929687501;32.879999916986;3289;100 mA
172.430716564654;0.45062255859375;0.00010223388671875;32.8899999169607;3290;100 mA
172.440716564629;0.45068359375;0.000108642578125;32.8999999169355;3291;100 mA
172.450716564604;0.450653076171875;0.0001055908203125;32.9099999169102;3292;100 mA
172.460716564579;0.450653076171875;0.00010833740234375;32.919999916885;3293;100 mA
172.470716564553;0.45068359375;0.0001129150390625;32.9299999168597;3294;100 mA
172.480716564528;0.45062255859375;0.000109252929687501;32.9399999168345;3295;100 mA
172.490716564503;0.45068359375;0.00011138916015625;32.9499999168092;3296;100 mA
172.500716564478;0.450592041015625;0.00010345458984375;32.959999916784;3297;100 mA
172.510716564452;0.450653076171875;0.000103759765625;32.9699999167588;3298;100 mA
172.520716564427;0.45068359375;0.000107421874999999;32.9799999167335;3299;100 mA
172.530716564402;0.450714111328125;0.000103759765625;32.9899999167083;3300;100 mA
172.540716564377;0.45068359375;0.000108642578125;32.999999916683;3301;100 mA
172.550716564351;0.45068359375;0.0001019287109375;33.0099999166578;3302;100 mA
172.560716564326;0.45062255859375;0.00010406494140625;33.0199999166325;3303;100 mA
172.570716564301;0.450653076171875;0.00010955810546875;33.0299999166073;3304;100 mA
172.580716564276;0.45062255859375;0.0001068115234375;33.039999916582;3305;100 mA
172.59071656425;0.450653076171875;0.00010833740234375;33.0499999165568;3306;100 mA
172.600716564225;0.450592041015625;0.000105895996093749;33.0599999165315;3307;100 mA
172.6107165642;0.450653076171875;0.000107727050781251;33.0699999165063;3308;100 mA
172.620716564175;0.450653076171875;0.000107421874999999;33.079999916481;3309;100 mA
172.630716564149;0.450653076171875;0.00010345458984375;33.0899999164558;3310;100 mA
172.640716564124;0.4505615234375;0.000112304687500001;33.0999999164305;3311;100 mA
172.650716564099;0.450653076171875;0.000107727050781251;33.1099999164053;3312;100 mA
172.660716564074;0.450653076171875;0.000104370117187499;33.11999991638;3313;100 mA
172.670716564048;0.4505615234375;0.0001129150390625;33.1299999163548;3314;100 mA
172.680716564023;0.45068359375;0.00010345458984375;33.1399999163295;3315;100 mA
172.690716563998;0.45068359375;0.0001116943359375;33.1499999163043;3316;100 mA
172.700716563973;0.45068359375;0.000100097656250001;33.159999916279;3317;100 mA
172.710716563947;0.450592041015625;0.000111999511718749;33.1699999162538;3318;100 mA
172.720716563922;0.450714111328125;0.000107727050781251;33.1799999162286;3319;100 mA
172.730716563897;0.45068359375;0.0001007080078125;33.1899999162033;3320;100 mA
172.740716563872;0.450714111328125;0.000107421874999999;33.1999999161781;3321;100 mA
172.750716563846;0.450592041015625;0.000104675292968751;33.2099999161528;3322;100 mA
172.760716563821;0.450592041015625;0.000103149414062501;33.2199999161276;3323;100 mA
172.770716563796;0.45062255859375;0.00011138916015625;33.2299999161023;3324;100 mA
172.780716563771;0.450592041015625;0.0001019287109375;33.2399999160771;3325;100 mA
172.790716563745;0.450592041015625;0.0001116943359375;33.2499999160518;3326;100 mA
172.80071656372;0.45068359375;0.000100097656250001;33.2599999160266;3327;100 mA
172.810716563695;0.450714111328125;0.00010498046875;33.2699999160013;3328;100 mA
172.82071656367;0.450592041015625;0.00010711669921875;33.2799999159761;3329;100 mA
172.830716563644;0.450653076171875;0.000100097656250001;33.2899999159508;3330;100 mA
172.840716563619;0.4505615234375;0.00011138916015625;33.2999999159256;3331;100 mA
172.850716563594;0.450653076171875;0.000104370117187499;33.3099999159003;3332;100 mA
172.860716563569;0.45062255859375;0.0001068115234375;33.3199999158751;3333;100 mA
172.870716563543;0.45068359375;0.00010711669921875;33.3299999158498;3334;100 mA
172.880716563518;0.45068359375;0.00010345458984375;33.3399999158246;3335;100 mA
172.890716563493;0.45062255859375;0.000108642578125;33.3499999157993;3336;100 mA
172.900716563468;0.45068359375;9.94873046874997E-05;33.3599999157741;3337;100 mA
172.910716563442;0.450592041015625;0.000105895996093749;33.3699999157488;3338;100 mA
172.920716563417;0.450653076171875;0.000108642578125;33.3799999157236;3339;100 mA
172.930716563392;0.45062255859375;0.0001068115234375;33.3899999156984;3340;100 mA
172.940716563367;0.450653076171875;0.000107727050781251;33.3999999156731;3341;100 mA
172.950716563341;0.45062255859375;0.0001080322265625;33.4099999156479;3342;100 mA
172.960716563316;0.450592041015625;0.000110473632812499;33.4199999156226;3343;100 mA
172.970716563291;0.45062255859375;0.000109252929687501;33.4299999155974;3344;100 mA
172.980716563266;0.45062255859375;0.00010223388671875;33.4399999155721;3345;100 mA
172.99071656324;0.450653076171875;0.00011016845703125;33.4499999155469;3346;100 mA
173.000716563215;0.450653076171875;0.00010498046875;33.4599999155216;3347;100 mA
173.01071656319;0.450653076171875;0.000108642578125;33.4699999154964;3348;100 mA
173.020716563165;0.450714111328125;0.00010650634765625;33.4799999154711;3349;100 mA
173.030716563139;0.450592041015625;0.000105895996093749;33.4899999154459;3350;100 mA
173.040716563114;0.450592041015625;0.000111083984375;33.4999999154206;3351;100 mA
173.050716563089;0.45074462890625;0.000106201171875001;33.5099999153954;3352;100 mA
173.060716563064;0.45068359375;0.0001055908203125;33.5199999153701;3353;100 mA
173.070716563038;0.45062255859375;0.000115966796875;33.5299999153449;3354;100 mA
173.080716563013;0.450653076171875;0.00010223388671875;33.5399999153196;3355;100 mA
173.090716562988;0.45062255859375;0.00011138916015625;33.5499999152944;3356;100 mA
173.100716562963;0.450714111328125;0.00010223388671875;33.5599999152691;3357;100 mA
173.110716562937;0.45068359375;0.000105895996093749;33.5699999152439;3358;100 mA
173.120716562912;0.450531005859375;0.00011016845703125;33.5799999152187;3359;100 mA
173.130716562887;0.45068359375;0.000101623535156251;33.5899999151934;3360;100 mA
173.140716562862;0.450714111328125;0.00010711669921875;33.5999999151682;3361;100 mA
173.150716562836;0.450592041015625;0.00010986328125;33.6099999151429;3362;100 mA
173.160716562811;0.450714111328125;0.00010650634765625;33.6199999151177;3363;100 mA
173.170716562786;0.450653076171875;0.000108947753906249;33.6299999150924;3364;100 mA
173.180716562761;0.45068359375;0.000101318359374999;33.6399999150672;3365;100 mA
173.190716562735;0.450653076171875;0.000110778808593751;33.6499999150419;3366;100 mA
173.20071656271;0.45068359375;9.64355468749997E-05;33.6599999150167;3367;100 mA
173.210716562685;0.450653076171875;0.000104370117187499;33.6699999149914;3368;100 mA
173.22071656266;0.45068359375;0.0001068115234375;33.6799999149662;3369;100 mA
173.230716562634;0.450653076171875;0.00010101318359375;33.6899999149409;3370;100 mA
173.240716562609;0.450653076171875;0.000106201171875001;33.6999999149157;3371;100 mA
173.250716562584;0.450653076171875;9.97924804687494E-05;33.7099999148904;3372;100 mA
173.260716562559;0.450653076171875;0.000104675292968751;33.7199999148652;3373;100 mA
173.270716562533;0.450592041015625;0.000104370117187499;33.7299999148399;3374;100 mA
173.280716562508;0.45062255859375;0.0001068115234375;33.7399999148147;3375;100 mA
173.290716562483;0.45062255859375;0.000107727050781251;33.7499999147894;3376;100 mA
173.300716562458;0.45068359375;0.000101318359374999;33.7599999147642;3377;100 mA
173.310716562433;0.45062255859375;0.0001055908203125;33.7699999147389;3378;100 mA
173.320716562407;0.45062255859375;0.000103759765625;33.7799999147137;3379;100 mA
173.330716562382;0.45068359375;0.00010223388671875;33.7899999146885;3380;100 mA
173.340716562357;0.450653076171875;0.00010406494140625;33.7999999146632;3381;100 mA
173.350716562332;0.45062255859375;0.000103149414062501;33.809999914638;3382;100 mA
173.360716562306;0.45068359375;0.0001025390625;33.8199999146127;3383;100 mA
173.370716562281;0.450653076171875;0.0001055908203125;33.8299999145875;3384;100 mA
173.380716562256;0.45062255859375;0.0001068115234375;33.8399999145622;3385;100 mA
173.390716562231;0.45068359375;0.000115051269531249;33.849999914537;3386;100 mA
173.400716562205;0.450653076171875;0.0001055908203125;33.8599999145117;3387;100 mA
173.41071656218;0.45068359375;0.0001007080078125;33.8699999144865;3388;100 mA
173.420716562155;0.45068359375;0.0001055908203125;33.8799999144612;3389;100 mA
173.43071656213;0.45068359375;0.00010528564453125;33.889999914436;3390;100 mA
173.440716562104;0.450714111328125;0.00010345458984375;33.8999999144107;3391;100 mA
173.450716562079;0.45068359375;0.00010101318359375;33.9099999143855;3392;100 mA
173.460716562054;0.45062255859375;0.000101318359374999;33.9199999143602;3393;100 mA
173.470716562029;0.450653076171875;0.000109252929687501;33.929999914335;3394;100 mA
173.480716562003;0.450592041015625;0.000103759765625;33.9399999143097;3395;100 mA
173.490716561978;0.45062255859375;0.000109252929687501;33.9499999142845;3396;100 mA
173.500716561953;0.45068359375;9.97924804687494E-05;33.9599999142592;3397;100 mA
173.510716561928;0.450592041015625;0.000107421874999999;33.969999914234;3398;100 mA
173.520716561902;0.45062255859375;0.000109252929687501;33.9799999142087;3399;100 mA
173.530716561877;0.450653076171875;0.000104675292968751;33.9899999141835;3400;100 mA
173.540716561852;0.450714111328125;0.000107421874999999;33.9999999141583;3401;100 mA
173.550716561827;0.450653076171875;9.55200195312506E-05;34.009999914133;3402;100 mA
173.560716561801;0.450653076171875;0.000101318359374999;34.0199999141078;3403;100 mA
173.570716561776;0.4505615234375;0.00010528564453125;34.0299999140825;3404;100 mA
173.580716561751;0.45062255859375;0.00010498046875;34.0399999140573;3405;100 mA
173.590716561726;0.450653076171875;0.000110473632812499;34.049999914032;3406;100 mA
173.6007165617;0.45068359375;0.000104370117187499;34.0599999140068;3407;100 mA
173.610716561675;0.45062255859375;0.00010528564453125;34.0699999139815;3408;100 mA
173.62071656165;0.45068359375;0.00010223388671875;34.0799999139563;3409;100 mA
173.630716561625;0.45068359375;0.00010223388671875;34.089999913931;3410;100 mA
173.640716561599;0.45062255859375;0.00010711669921875;34.0999999139058;3411;100 mA
173.650716561574;0.450653076171875;0.000102844238281249;34.1099999138805;3412;100 mA
173.660716561549;0.450714111328125;9.79614257812497E-05;34.1199999138553;3413;100 mA
173.670716561524;0.45062255859375;0.000103149414062501;34.12999991383;3414;100 mA
173.680716561498;0.4505615234375;0.000102844238281249;34.1399999138048;3415;100 mA
173.690716561473;0.45062255859375;0.00010955810546875;34.1499999137795;3416;100 mA
173.700716561448;0.45068359375;0.000101623535156251;34.1599999137543;3417;100 mA
173.710716561423;0.4505615234375;0.00010955810546875;34.169999913729;3418;100 mA
173.720716561397;0.45062255859375;0.00010528564453125;34.1799999137038;3419;100 mA
173.730716561372;0.450653076171875;9.765625E-05;34.1899999136785;3420;100 mA
173.740716561347;0.45068359375;0.00010711669921875;34.1999999136533;3421;100 mA
173.750716561322;0.45068359375;0.0001025390625;34.2099999136281;3422;100 mA
173.760716561296;0.45062255859375;0.00010040283203125;34.2199999136028;3423;100 mA
173.770716561271;0.450653076171875;0.00010498046875;34.2299999135776;3424;100 mA
173.780716561246;0.450714111328125;9.97924804687494E-05;34.2399999135523;3425;100 mA
173.790716561221;0.45068359375;0.00010528564453125;34.2499999135271;3426;100 mA
173.800716561195;0.45062255859375;9.70458984375006E-05;34.2599999135018;3427;100 mA
173.81071656117;0.450653076171875;0.000103149414062501;34.2699999134766;3428;100 mA
173.820716561145;0.45062255859375;0.000106201171875001;34.2799999134513;3429;100 mA
173.83071656112;0.450714111328125;0.0001019287109375;34.2899999134261;3430;100 mA
173.840716561094;0.45068359375;0.00010345458984375;34.2999999134008;3431;100 mA
173.850716561069;0.45062255859375;9.94873046874997E-05;34.3099999133756;3432;100 mA
173.860716561044;0.450653076171875;0.000103149414062501;34.3199999133503;3433;100 mA
173.870716561019;0.450714111328125;0.000108642578125;34.3299999133251;3434;100 mA
173.880716560993;0.450653076171875;0.000103759765625;34.3399999132998;3435;100 mA
173.890716560968;0.450653076171875;0.00010955810546875;34.3499999132746;3436;100 mA
173.900716560943;0.450714111328125;0.00010345458984375;34.3599999132493;3437;100 mA
173.910716560918;0.45062255859375;0.0001025390625;34.3699999132241;3438;100 mA
173.920716560892;0.450653076171875;0.00010498046875;34.3799999131988;3439;100 mA
173.930716560867;0.4505615234375;0.000100097656250001;34.3899999131736;3440;100 mA
173.940716560842;0.45062255859375;0.0001055908203125;34.3999999131483;3441;100 mA
173.950716560817;0.45068359375;0.000101623535156251;34.4099999131231;3442;100 mA
173.960716560791;0.45062255859375;0.000104370117187499;34.4199999130979;3443;100 mA
173.970716560766;0.45062255859375;0.0001055908203125;34.4299999130726;3444;100 mA
173.980716560741;0.450592041015625;0.000102844238281249;34.4399999130474;3445;100 mA
173.990716560716;0.450653076171875;0.0001129150390625;34.4499999130221;3446;100 mA
174.00071656069;0.45062255859375;0.000101318359374999;34.4599999129969;3447;100 mA
174.010716560665;0.45062255859375;0.0001055908203125;34.4699999129716;3448;100 mA
174.02071656064;0.45068359375;0.000105895996093749;34.4799999129464;3449;100 mA
174.030716560615;0.450714111328125;9.79614257812497E-05;34.4899999129211;3450;100 mA
174.040716560589;0.45074462890625;0.00010650634765625;34.4999999128959;3451;100 mA
174.050716560564;0.45062255859375;0.0001025390625;34.5099999128706;3452;100 mA
174.060716560539;0.450592041015625;0.00010498046875;34.5199999128454;3453;100 mA
174.070716560514;0.450592041015625;0.0001080322265625;34.5299999128201;3454;100 mA
174.080716560488;0.45068359375;9.79614257812497E-05;34.5399999127949;3455;100 mA
174.090716560463;0.450653076171875;0.000107421874999999;34.5499999127696;3456;100 mA
174.100716560438;0.45074462890625;0.00010040283203125;34.5599999127444;3457;100 mA
174.110716560413;0.45068359375;0.00010223388671875;34.5699999127191;3458;100 mA
174.120716560387;0.450653076171875;0.0001055908203125;34.5799999126939;3459;100 mA
174.130716560362;0.450653076171875;9.82666015624995E-05;34.5899999126686;3460;100 mA
174.140716560337;0.450653076171875;0.000102844238281249;34.5999999126434;3461;100 mA
174.150716560312;0.45068359375;0.000106201171875001;34.6099999126182;3462;100 mA
174.160716560286;0.45068359375;0.000101623535156251;34.6199999125929;3463;100 mA
174.170716560261;0.45062255859375;0.000106201171875001;34.6299999125677;3464;100 mA
174.180716560236;0.450653076171875;9.94873046874997E-05;34.6399999125424;3465;100 mA
174.190716560211;0.450653076171875;0.00010986328125;34.6499999125172;3466;100 mA
174.200716560185;0.45062255859375;0.0001055908203125;34.6599999124919;3467;100 mA
174.21071656016;0.4505615234375;0.00010345458984375;34.6699999124667;3468;100 mA
174.220716560135;0.450653076171875;0.00010345458984375;34.6799999124414;3469;100 mA
174.23071656011;0.450714111328125;9.765625E-05;34.6899999124162;3470;100 mA
174.240716560084;0.450653076171875;0.0001055908203125;34.6999999123909;3471;100 mA
174.250716560059;0.45062255859375;9.88769531250003E-05;34.7099999123657;3472;100 mA
174.260716560034;0.45074462890625;0.00010345458984375;34.7199999123404;3473;100 mA
174.270716560009;0.450653076171875;0.000101623535156251;34.7299999123152;3474;100 mA
174.280716559983;0.45062255859375;0.00010101318359375;34.7399999122899;3475;100 mA
174.290716559958;0.450653076171875;0.00010986328125;34.7499999122647;3476;100 mA
174.300716559933;0.450653076171875;0.00010223388671875;34.7599999122394;3477;100 mA
174.310716559908;0.450653076171875;0.000101623535156251;34.7699999122142;3478;100 mA
174.320716559882;0.45068359375;0.000107421874999999;34.7799999121889;3479;100 mA
174.330716559857;0.45062255859375;0.000101318359374999;34.7899999121637;3480;100 mA
174.340716559832;0.450653076171875;0.000107421874999999;34.7999999121384;3481;100 mA
174.350716559807;0.450653076171875;9.918212890625E-05;34.8099999121132;3482;100 mA
174.360716559782;0.450653076171875;0.0001007080078125;34.819999912088;3483;100 mA
174.370716559756;0.450653076171875;0.00010498046875;34.8299999120627;3484;100 mA
174.380716559731;0.45068359375;0.000101623535156251;34.8399999120375;3485;100 mA
174.390716559706;0.45062255859375;0.00011138916015625;34.8499999120122;3486;100 mA
174.400716559681;0.450653076171875;0.00010223388671875;34.859999911987;3487;100 mA
174.410716559655;0.45062255859375;0.000105895996093749;34.8699999119617;3488;100 mA
174.42071655963;0.450592041015625;0.0001068115234375;34.8799999119365;3489;100 mA
174.430716559605;0.45062255859375;0.00010406494140625;34.8899999119112;3490;100 mA
174.44071655958;0.450714111328125;0.000103759765625;34.899999911886;3491;100 mA
174.450716559554;0.45068359375;9.82666015624995E-05;34.9099999118607;3492;100 mA
174.460716559529;0.450653076171875;0.000105895996093749;34.9199999118355;3493;100 mA
174.470716559504;0.45068359375;0.000103149414062501;34.9299999118102;3494;100 mA
174.480716559479;0.4505615234375;0.000104675292968751;34.939999911785;3495;100 mA
174.490716559453;0.45068359375;0.000108642578125;34.9499999117597;3496;100 mA
174.500716559428;0.450714111328125;0.00010406494140625;34.9599999117345;3497;100 mA
174.510716559403;0.450653076171875;0.000107727050781251;34.9699999117092;3498;100 mA
174.520716559378;0.450653076171875;0.0001080322265625;34.979999911684;3499;100 mA
174.530716559352;0.450653076171875;0.000100097656250001;34.9899999116587;3500;100 mA
174.540716559327;0.45062255859375;0.0001080322265625;34.9999999116335;3501;100 mA
174.550716559302;0.45062255859375;0.000101623535156251;35.0099999116082;3502;100 mA
174.560716559277;0.45068359375;9.94873046874997E-05;35.019999911583;3503;100 mA
174.570716559251;0.450653076171875;0.0001055908203125;35.0299999115578;3504;100 mA
174.580716559226;0.45062255859375;0.00010101318359375;35.0399999115325;3505;100 mA
174.590716559201;0.450714111328125;0.00011322021484375;35.0499999115073;3506;100 mA
174.600716559176;0.450653076171875;0.000104370117187499;35.059999911482;3507;100 mA
174.61071655915;0.450714111328125;0.000101623535156251;35.0699999114568;3508;100 mA
174.620716559125;0.450653076171875;0.0001025390625;35.0799999114315;3509;100 mA
174.6307165591;0.45062255859375;0.0001025390625;35.0899999114063;3510;100 mA
174.640716559075;0.450592041015625;0.000109252929687501;35.099999911381;3511;100 mA
174.650716559049;0.45062255859375;0.00010345458984375;35.1099999113558;3512;100 mA
174.660716559024;0.45062255859375;0.000102844238281249;35.1199999113305;3513;100 mA
174.670716558999;0.45068359375;0.0001025390625;35.1299999113053;3514;100 mA
174.680716558974;0.45068359375;0.0001019287109375;35.13999991128;3515;100 mA
174.690716558948;0.450653076171875;0.00010528564453125;35.1499999112548;3516;100 mA
174.700716558923;0.45062255859375;0.0001080322265625;35.1599999112295;3517;100 mA
174.710716558898;0.45068359375;9.73510742187503E-05;35.1699999112043;3518;100 mA
174.720716558873;0.450653076171875;0.00010528564453125;35.179999911179;3519;100 mA
174.730716558847;0.45062255859375;9.79614257812497E-05;35.1899999111538;3520;100 mA
174.740716558822;0.450653076171875;0.00010406494140625;35.1999999111285;3521;100 mA
174.750716558797;0.45068359375;0.00010498046875;35.2099999111033;3522;100 mA
174.760716558772;0.45062255859375;0.000101318359374999;35.219999911078;3523;100 mA
174.770716558746;0.450653076171875;0.000108642578125;35.2299999110528;3524;100 mA
174.780716558721;0.45062255859375;9.97924804687494E-05;35.2399999110276;3525;100 mA
174.790716558696;0.450653076171875;0.0001025390625;35.2499999110023;3526;100 mA
174.800716558671;0.450714111328125;9.88769531250003E-05;35.2599999109771;3527;100 mA
174.810716558645;0.450653076171875;0.00010406494140625;35.2699999109518;3528;100 mA
174.82071655862;0.45062255859375;0.00010498046875;35.2799999109266;3529;100 mA
174.830716558595;0.45062255859375;9.613037109375E-05;35.2899999109013;3530;100 mA
174.84071655857;0.45062255859375;0.000109252929687501;35.2999999108761;3531;100 mA
174.850716558544;0.450653076171875;0.0001007080078125;35.3099999108508;3532;100 mA
174.860716558519;0.45068359375;0.00010101318359375;35.3199999108256;3533;100 mA
174.870716558494;0.450653076171875;0.00010040283203125;35.3299999108003;3534;100 mA
174.880716558469;0.45068359375;9.73510742187503E-05;35.3399999107751;3535;100 mA
174.890716558443;0.450714111328125;0.000107727050781251;35.3499999107498;3536;100 mA
174.900716558418;0.45062255859375;0.0001025390625;35.3599999107246;3537;100 mA
174.910716558393;0.45068359375;9.97924804687494E-05;35.3699999106993;3538;100 mA
174.920716558368;0.450653076171875;0.000101623535156251;35.3799999106741;3539;100 mA
174.930716558342;0.450653076171875;9.82666015624995E-05;35.3899999106488;3540;100 mA
174.940716558317;0.450592041015625;0.00010498046875;35.3999999106236;3541;100 mA
174.950716558292;0.45068359375;0.00010223388671875;35.4099999105983;3542;100 mA
174.960716558267;0.45068359375;0.000103759765625;35.4199999105731;3543;100 mA
174.970716558241;0.4505615234375;0.00010711669921875;35.4299999105478;3544;100 mA
174.980716558216;0.45062255859375;0.000101623535156251;35.4399999105226;3545;100 mA
174.990716558191;0.450714111328125;0.000111083984375;35.4499999104974;3546;100 mA
175.000716558166;0.450714111328125;0.00010223388671875;35.4599999104721;3547;100 mA
175.01071655814;0.450714111328125;0.0001025390625;35.4699999104469;3548;100 mA
175.020716558115;0.450653076171875;0.00010986328125;35.4799999104216;3549;100 mA
175.03071655809;0.45068359375;0.00010711669921875;35.4899999103964;3550;100 mA
175.040716558065;0.450653076171875;0.0001068115234375;35.4999999103711;3551;100 mA
175.050716558039;0.450653076171875;0.000103149414062501;35.5099999103459;3552;100 mA
175.060716558014;0.45062255859375;0.0001007080078125;35.5199999103206;3553;100 mA
175.070716557989;0.45068359375;0.0001025390625;35.5299999102954;3554;100 mA
175.080716557964;0.45062255859375;0.00010345458984375;35.5399999102701;3555;100 mA
175.090716557938;0.450653076171875;0.00010650634765625;35.5499999102449;3556;100 mA
175.100716557913;0.450653076171875;9.97924804687494E-05;35.5599999102196;3557;100 mA
175.110716557888;0.450592041015625;0.00010406494140625;35.5699999101944;3558;100 mA
175.120716557863;0.45068359375;0.00010528564453125;35.5799999101691;3559;100 mA
175.130716557837;0.45062255859375;0.000100097656250001;35.5899999101439;3560;100 mA
175.140716557812;0.45068359375;0.000107727050781251;35.5999999101186;3561;100 mA
175.150716557787;0.450653076171875;0.00010040283203125;35.6099999100934;3562;100 mA
175.160716557762;0.450653076171875;0.000102844238281249;35.6199999100681;3563;100 mA
175.170716557736;0.450653076171875;0.00010345458984375;35.6299999100429;3564;100 mA
175.180716557711;0.4505615234375;0.00010101318359375;35.6399999100177;3565;100 mA
175.190716557686;0.45062255859375;0.000106201171875001;35.6499999099924;3566;100 mA
175.200716557661;0.45068359375;0.000101623535156251;35.6599999099672;3567;100 mA
175.210716557635;0.450653076171875;0.00010345458984375;35.6699999099419;3568;100 mA
175.22071655761;0.45068359375;0.00010406494140625;35.6799999099167;3569;100 mA
175.230716557585;0.45068359375;0.00010223388671875;35.6899999098914;3570;100 mA
175.24071655756;0.45062255859375;0.00010528564453125;35.6999999098662;3571;100 mA
175.250716557534;0.45068359375;9.79614257812497E-05;35.7099999098409;3572;100 mA
175.260716557509;0.450714111328125;0.00010101318359375;35.7199999098157;3573;100 mA
175.270716557484;0.450653076171875;0.000104370117187499;35.7299999097904;3574;100 mA
175.280716557459;0.450653076171875;9.94873046874997E-05;35.7399999097652;3575;100 mA
175.290716557433;0.450653076171875;0.000107727050781251;35.7499999097399;3576;100 mA
175.300716557408;0.450653076171875;0.0001019287109375;35.7599999097147;3577;100 mA
175.310716557383;0.45062255859375;0.0001080322265625;35.7699999096894;3578;100 mA
175.320716557358;0.45068359375;0.0001080322265625;35.7799999096642;3579;100 mA
175.330716557332;0.45068359375;9.70458984375006E-05;35.7899999096389;3580;100 mA
175.340716557307;0.45062255859375;0.000107727050781251;35.7999999096137;3581;100 mA
175.350716557282;0.450653076171875;0.00010345458984375;35.8099999095884;3582;100 mA
175.360716557257;0.450714111328125;9.97924804687494E-05;35.8199999095632;3583;100 mA
175.370716557232;0.450653076171875;0.0001080322265625;35.8299999095379;3584;100 mA
175.380716557206;0.450592041015625;0.000100097656250001;35.8399999095127;3585;100 mA
175.390716557181;0.45062255859375;0.000107421874999999;35.8499999094875;3586;100 mA
175.400716557156;0.45074462890625;9.94873046874997E-05;35.8599999094622;3587;100 mA
175.410716557131;0.450714111328125;0.000102844238281249;35.869999909437;3588;100 mA
175.420716557105;0.4505615234375;0.000108947753906249;35.8799999094117;3589;100 mA
175.43071655708;0.450592041015625;0.0001025390625;35.8899999093865;3590;100 mA
175.440716557055;0.45068359375;0.000108642578125;35.8999999093612;3591;100 mA
175.45071655703;0.45062255859375;0.000104675292968751;35.909999909336;3592;100 mA
175.460716557004;0.450592041015625;0.0001055908203125;35.9199999093107;3593;100 mA
175.470716556979;0.450653076171875;0.000107421874999999;35.9299999092855;3594;100 mA
175.480716556954;0.450653076171875;9.67407226562495E-05;35.9399999092602;3595;100 mA
175.490716556929;0.45068359375;0.000110778808593751;35.949999909235;3596;100 mA
175.500716556903;0.45068359375;9.97924804687494E-05;35.9599999092097;3597;100 mA
175.510716556878;0.45062255859375;9.79614257812497E-05;35.9699999091845;3598;100 mA
175.520716556853;0.45068359375;0.00010223388671875;35.9799999091592;3599;100 mA
175.530716556828;0.45068359375;0.00010223388671875;35.989999909134;3600;100 mA
175.540716556802;0.45068359375;0.00010711669921875;35.9999999091087;3601;100 mA
175.550716556777;0.45068359375;0.000107727050781251;36.0099999090835;3602;100 mA
175.560716556752;0.45068359375;0.00010223388671875;36.0199999090582;3603;100 mA
175.570716556727;0.450592041015625;0.000107421874999999;36.029999909033;3604;100 mA
175.580716556701;0.450592041015625;0.000103149414062501;36.0399999090077;3605;100 mA
175.590716556676;0.450653076171875;0.00011260986328125;36.0499999089825;3606;100 mA
175.600716556651;0.450592041015625;0.00010528564453125;36.0599999089573;3607;100 mA
175.610716556626;0.45068359375;0.000102844238281249;36.069999908932;3608;100 mA
175.6207165566;0.45062255859375;0.00010528564453125;36.0799999089068;3609;100 mA
175.630716556575;0.45068359375;9.55200195312506E-05;36.0899999088815;3610;100 mA
175.64071655655;0.4505615234375;0.00010986328125;36.0999999088563;3611;100 mA
175.650716556525;0.45068359375;0.00010040283203125;36.109999908831;3612;100 mA
175.660716556499;0.45062255859375;0.000101623535156251;36.1199999088058;3613;100 mA
175.670716556474;0.4505615234375;0.000107421874999999;36.1299999087805;3614;100 mA
175.680716556449;0.450653076171875;0.00010040283203125;36.1399999087553;3615;100 mA
175.690716556424;0.450714111328125;0.000108642578125;36.14999990873;3616;100 mA
175.700716556398;0.45068359375;9.918212890625E-05;36.1599999087048;3617;100 mA
175.710716556373;0.450714111328125;9.88769531250003E-05;36.1699999086795;3618;100 mA
175.720716556348;0.450653076171875;0.0001068115234375;36.1799999086543;3619;100 mA
175.730716556323;0.450653076171875;0.000101318359374999;36.189999908629;3620;100 mA
175.740716556297;0.450653076171875;0.000107727050781251;36.1999999086038;3621;100 mA
175.750716556272;0.450653076171875;0.00010711669921875;36.2099999085785;3622;100 mA
175.760716556247;0.450653076171875;0.0001025390625;36.2199999085533;3623;100 mA
175.770716556222;0.45068359375;0.0001055908203125;36.229999908528;3624;100 mA
175.780716556196;0.45062255859375;0.0001019287109375;36.2399999085028;3625;100 mA
175.790716556171;0.450592041015625;0.00011016845703125;36.2499999084775;3626;100 mA
175.800716556146;0.45068359375;0.000100097656250001;36.2599999084523;3627;100 mA
175.810716556121;0.450653076171875;0.00010040283203125;36.2699999084271;3628;100 mA
175.820716556095;0.450653076171875;0.000104675292968751;36.2799999084018;3629;100 mA
175.83071655607;0.45062255859375;0.00010345458984375;36.2899999083766;3630;100 mA
175.840716556045;0.45068359375;0.000105895996093749;36.2999999083513;3631;100 mA
175.85071655602;0.450714111328125;0.0001007080078125;36.3099999083261;3632;100 mA
175.860716555994;0.450653076171875;0.00010223388671875;36.3199999083008;3633;100 mA
175.870716555969;0.45062255859375;0.00010650634765625;36.3299999082756;3634;100 mA
175.880716555944;0.45062255859375;0.0001019287109375;36.3399999082503;3635;100 mA
175.890716555919;0.45068359375;0.00010650634765625;36.3499999082251;3636;100 mA
175.900716555893;0.45062255859375;0.000103759765625;36.3599999081998;3637;100 mA
175.910716555868;0.45062255859375;0.000104675292968751;36.3699999081746;3638;100 mA
175.920716555843;0.450714111328125;0.0001019287109375;36.3799999081493;3639;100 mA
175.930716555818;0.450653076171875;0.000100097656250001;36.3899999081241;3640;100 mA
175.940716555792;0.45062255859375;0.00010833740234375;36.3999999080988;3641;100 mA
175.950716555767;0.450653076171875;0.000103149414062501;36.4099999080736;3642;100 mA
175.960716555742;0.45062255859375;0.000103759765625;36.4199999080483;3643;100 mA
175.970716555717;0.450714111328125;0.00010223388671875;36.4299999080231;3644;100 mA
175.980716555691;0.450592041015625;0.0001025390625;36.4399999079978;3645;100 mA
175.990716555666;0.450653076171875;0.0001080322265625;36.4499999079726;3646;100 mA
176.000716555641;0.450714111328125;0.00010498046875;36.4599999079473;3647;100 mA
176.010716555616;0.45062255859375;0.00010528564453125;36.4699999079221;3648;100 mA
176.02071655559;0.45062255859375;0.00010955810546875;36.4799999078969;3649;100 mA
176.030716555565;0.45062255859375;0.0001007080078125;36.4899999078716;3650;100 mA
176.04071655554;0.45068359375;0.000107421874999999;36.4999999078464;3651;100 mA
176.050716555515;0.45068359375;0.000101623535156251;36.5099999078211;3652;100 mA
176.060716555489;0.45062255859375;9.97924804687494E-05;36.5199999077959;3653;100 mA
176.070716555464;0.45068359375;0.00010833740234375;36.5299999077706;3654;100 mA
176.080716555439;0.450653076171875;0.000101318359374999;36.5399999077454;3655;100 mA
176.090716555414;0.450653076171875;0.0001080322265625;36.5499999077201;3656;100 mA
176.100716555388;0.45074462890625;0.0001019287109375;36.5599999076949;3657;100 mA
176.110716555363;0.450714111328125;9.918212890625E-05;36.5699999076696;3658;100 mA
176.120716555338;0.450653076171875;0.000104675292968751;36.5799999076444;3659;100 mA
176.130716555313;0.45068359375;9.85717773437506E-05;36.5899999076191;3660;100 mA
176.140716555287;0.450653076171875;0.00010498046875;36.5999999075939;3661;100 mA
176.150716555262;0.45068359375;0.0001007080078125;36.6099999075686;3662;100 mA
176.160716555237;0.45068359375;0.000104370117187499;36.6199999075434;3663;100 mA
176.170716555212;0.450714111328125;0.000105895996093749;36.6299999075181;3664;100 mA
176.180716555186;0.45062255859375;0.00010223388671875;36.6399999074929;3665;100 mA
176.190716555161;0.45068359375;0.00011016845703125;36.6499999074676;3666;100 mA
176.200716555136;0.450653076171875;0.00010833740234375;36.6599999074424;3667;100 mA
176.210716555111;0.450592041015625;0.0001025390625;36.6699999074172;3668;100 mA
176.220716555085;0.450653076171875;0.000106201171875001;36.6799999073919;3669;100 mA
176.23071655506;0.45068359375;0.0001055908203125;36.6899999073667;3670;100 mA
176.240716555035;0.45062255859375;0.000108642578125;36.6999999073414;3671;100 mA
176.25071655501;0.450653076171875;0.000101623535156251;36.7099999073162;3672;100 mA
176.260716554984;0.450653076171875;0.000101623535156251;36.7199999072909;3673;100 mA
176.270716554959;0.45068359375;0.000104675292968751;36.7299999072657;3674;100 mA
176.280716554934;0.450653076171875;9.79614257812497E-05;36.7399999072404;3675;100 mA
176.290716554909;0.450653076171875;0.00011016845703125;36.7499999072152;3676;100 mA
176.300716554883;0.45062255859375;0.00010101318359375;36.7599999071899;3677;100 mA
176.310716554858;0.45062255859375;9.94873046874997E-05;36.7699999071647;3678;100 mA
176.320716554833;0.450653076171875;0.000107421874999999;36.7799999071394;3679;100 mA
176.330716554808;0.45068359375;0.0001007080078125;36.7899999071142;3680;100 mA
176.340716554782;0.450653076171875;0.000108642578125;36.7999999070889;3681;100 mA
176.350716554757;0.45068359375;0.0001055908203125;36.8099999070637;3682;100 mA
176.360716554732;0.450653076171875;9.918212890625E-05;36.8199999070384;3683;100 mA
176.370716554707;0.450653076171875;0.00010498046875;36.8299999070132;3684;100 mA
176.380716554681;0.45068359375;0.0001007080078125;36.8399999069879;3685;100 mA
176.390716554656;0.45068359375;0.00011138916015625;36.8499999069627;3686;100 mA
176.400716554631;0.45062255859375;0.000104675292968751;36.8599999069374;3687;100 mA
176.410716554606;0.450714111328125;0.0001025390625;36.8699999069122;3688;100 mA
176.420716554581;0.450653076171875;0.00010711669921875;36.879999906887;3689;100 mA
176.430716554555;0.450592041015625;0.00010101318359375;36.8899999068617;3690;100 mA
176.44071655453;0.450592041015625;0.000108642578125;36.8999999068365;3691;100 mA
176.450716554505;0.450592041015625;0.000101318359374999;36.9099999068112;3692;100 mA
176.46071655448;0.45068359375;0.00010040283203125;36.919999906786;3693;100 mA
176.470716554454;0.45062255859375;0.000106201171875001;36.9299999067607;3694;100 mA
176.480716554429;0.450653076171875;9.58251953125003E-05;36.9399999067355;3695;100 mA
176.490716554404;0.450653076171875;0.000109252929687501;36.9499999067102;3696;100 mA
176.500716554379;0.450653076171875;0.0001007080078125;36.959999906685;3697;100 mA
176.510716554353;0.450592041015625;0.000103759765625;36.9699999066597;3698;100 mA
176.520716554328;0.45062255859375;0.0001080322265625;36.9799999066345;3699;100 mA
176.530716554303;0.450653076171875;0.000104675292968751;36.9899999066092;3700;100 mA
176.540716554278;0.450714111328125;0.000104370117187499;36.999999906584;3701;100 mA
176.550716554252;0.450592041015625;0.00010528564453125;37.0099999065587;3702;100 mA
176.560716554227;0.450592041015625;0.00010345458984375;37.0199999065335;3703;100 mA
176.570716554202;0.450592041015625;0.0001007080078125;37.0299999065082;3704;100 mA
176.580716554177;0.45068359375;9.79614257812497E-05;37.039999906483;3705;100 mA
176.590716554151;0.450592041015625;0.0001068115234375;37.0499999064577;3706;100 mA
176.600716554126;0.45068359375;0.000102844238281249;37.0599999064325;3707;100 mA
176.610716554101;0.450653076171875;0.00010040283203125;37.0699999064072;3708;100 mA
176.620716554076;0.45062255859375;0.000106201171875001;37.079999906382;3709;100 mA
176.63071655405;0.450653076171875;0.00010223388671875;37.0899999063568;3710;100 mA
176.640716554025;0.450592041015625;0.00010711669921875;37.0999999063315;3711;100 mA
176.650716554;0.45068359375;0.000102844238281249;37.1099999063063;3712;100 mA
176.660716553975;0.450653076171875;0.00010040283203125;37.119999906281;3713;100 mA
176.670716553949;0.45062255859375;0.000104675292968751;37.1299999062558;3714;100 mA
176.680716553924;0.450653076171875;0.00010040283203125;37.1399999062305;3715;100 mA
176.690716553899;0.450714111328125;0.000107421874999999;37.1499999062053;3716;100 mA
176.700716553874;0.45068359375;0.0001019287109375;37.15999990618;3717;100 mA
176.710716553848;0.450592041015625;0.00010528564453125;37.1699999061548;3718;100 mA
176.720716553823;0.450592041015625;0.00010345458984375;37.1799999061295;3719;100 mA
176.730716553798;0.45068359375;0.00010498046875;37.1899999061043;3720;100 mA
176.740716553773;0.450653076171875;0.00010650634765625;37.199999906079;3721;100 mA
176.750716553747;0.45068359375;0.0001007080078125;37.2099999060538;3722;100 mA
176.760716553722;0.450653076171875;9.88769531250003E-05;37.2199999060285;3723;100 mA
176.770716553697;0.45068359375;0.0001019287109375;37.2299999060033;3724;100 mA
176.780716553672;0.450592041015625;0.00010040283203125;37.239999905978;3725;100 mA
176.790716553646;0.45068359375;0.0001019287109375;37.2499999059528;3726;100 mA
176.800716553621;0.45062255859375;0.000101318359374999;37.2599999059275;3727;100 mA
176.810716553596;0.45068359375;9.82666015624995E-05;37.2699999059023;3728;100 mA
176.820716553571;0.45062255859375;0.00010498046875;37.279999905877;3729;100 mA
176.830716553545;0.45062255859375;9.73510742187503E-05;37.2899999058518;3730;100 mA
176.84071655352;0.450653076171875;0.000104370117187499;37.2999999058266;3731;100 mA
176.850716553495;0.450653076171875;0.00010223388671875;37.3099999058013;3732;100 mA
176.86071655347;0.45068359375;9.94873046874997E-05;37.3199999057761;3733;100 mA
176.870716553444;0.45062255859375;0.00010040283203125;37.3299999057508;3734;100 mA
176.880716553419;0.45062255859375;9.73510742187503E-05;37.3399999057256;3735;100 mA
176.890716553394;0.45068359375;0.000104370117187499;37.3499999057003;3736;100 mA
176.900716553369;0.450653076171875;9.918212890625E-05;37.3599999056751;3737;100 mA
176.910716553343;0.45062255859375;9.94873046874997E-05;37.3699999056498;3738;100 mA
176.920716553318;0.45068359375;0.00010406494140625;37.3799999056246;3739;100 mA
176.930716553293;0.450653076171875;0.000104675292968751;37.3899999055993;3740;100 mA
176.940716553268;0.450592041015625;0.000110473632812499;37.3999999055741;3741;100 mA
176.950716553242;0.45068359375;0.00010498046875;37.4099999055488;3742;100 mA
176.960716553217;0.45062255859375;0.0001025390625;37.4199999055236;3743;100 mA
176.970716553192;0.45068359375;0.000101623535156251;37.4299999054983;3744;100 mA
176.980716553167;0.450653076171875;0.000103759765625;37.4399999054731;3745;100 mA
176.990716553141;0.45068359375;0.000111999511718749;37.4499999054478;3746;100 mA
177.000716553116;0.450592041015625;0.000103149414062501;37.4599999054226;3747;100 mA
177.010716553091;0.450592041015625;0.00010040283203125;37.4699999053973;3748;100 mA
177.020716553066;0.450653076171875;0.0001055908203125;37.4799999053721;3749;100 mA
177.03071655304;0.450653076171875;9.765625E-05;37.4899999053468;3750;100 mA
177.040716553015;0.45062255859375;0.0001068115234375;37.4999999053216;3751;100 mA
177.05071655299;0.45068359375;9.94873046874997E-05;37.5099999052964;3752;100 mA
177.060716552965;0.450653076171875;0.0001055908203125;37.5199999052711;3753;100 mA
177.070716552939;0.45062255859375;0.00010528564453125;37.5299999052459;3754;100 mA
177.080716552914;0.45062255859375;0.00010101318359375;37.5399999052206;3755;100 mA
177.090716552889;0.450592041015625;0.00010528564453125;37.5499999051954;3756;100 mA
177.100716552864;0.45062255859375;0.00010040283203125;37.5599999051701;3757;100 mA
177.110716552838;0.450653076171875;9.97924804687494E-05;37.5699999051449;3758;100 mA
177.120716552813;0.4505615234375;0.00010406494140625;37.5799999051196;3759;100 mA
177.130716552788;0.450653076171875;0.00010223388671875;37.5899999050944;3760;100 mA
177.140716552763;0.45068359375;0.000110778808593751;37.5999999050691;3761;100 mA
177.150716552737;0.45062255859375;9.97924804687494E-05;37.6099999050439;3762;100 mA
177.160716552712;0.450653076171875;9.765625E-05;37.6199999050186;3763;100 mA
177.170716552687;0.450653076171875;0.00010406494140625;37.6299999049934;3764;100 mA
177.180716552662;0.45062255859375;9.918212890625E-05;37.6399999049681;3765;100 mA
177.190716552636;0.450653076171875;0.0001116943359375;37.6499999049429;3766;100 mA
177.200716552611;0.45062255859375;0.000101623535156251;37.6599999049176;3767;100 mA
177.210716552586;0.45062255859375;0.000104370117187499;37.6699999048924;3768;100 mA
177.220716552561;0.450653076171875;0.000101318359374999;37.6799999048671;3769;100 mA
177.230716552535;0.45062255859375;0.00010101318359375;37.6899999048419;3770;100 mA
177.24071655251;0.45068359375;0.000105895996093749;37.6999999048167;3771;100 mA
177.250716552485;0.450653076171875;0.00010101318359375;37.7099999047914;3772;100 mA
177.26071655246;0.450653076171875;0.000101623535156251;37.7199999047662;3773;100 mA
177.270716552434;0.45062255859375;0.00010986328125;37.7299999047409;3774;100 mA
177.280716552409;0.450592041015625;0.000103149414062501;37.7399999047157;3775;100 mA
177.290716552384;0.45062255859375;0.00010833740234375;37.7499999046904;3776;100 mA
177.300716552359;0.450653076171875;0.00010101318359375;37.7599999046652;3777;100 mA
177.310716552333;0.45068359375;9.94873046874997E-05;37.7699999046399;3778;100 mA
177.320716552308;0.45062255859375;0.0001080322265625;37.7799999046147;3779;100 mA
177.330716552283;0.450653076171875;0.0001019287109375;37.7899999045894;3780;100 mA
177.340716552258;0.45068359375;0.000106201171875001;37.7999999045642;3781;100 mA
177.350716552232;0.45068359375;9.67407226562495E-05;37.8099999045389;3782;100 mA
177.360716552207;0.45062255859375;9.79614257812497E-05;37.8199999045137;3783;100 mA
177.370716552182;0.450653076171875;0.000102844238281249;37.8299999044884;3784;100 mA
177.380716552157;0.450775146484375;9.82666015624995E-05;37.8399999044632;3785;100 mA
177.390716552131;0.450653076171875;0.000112304687500001;37.8499999044379;3786;100 mA
177.400716552106;0.45068359375;0.000104370117187499;37.8599999044127;3787;100 mA
177.410716552081;0.45062255859375;0.000104370117187499;37.8699999043874;3788;100 mA
177.420716552056;0.45068359375;0.000103149414062501;37.8799999043622;3789;100 mA
177.430716552031;0.45068359375;9.82666015624995E-05;37.8899999043369;3790;100 mA
177.440716552005;0.45068359375;0.000105895996093749;37.8999999043117;3791;100 mA
177.45071655198;0.450653076171875;0.00010345458984375;37.9099999042865;3792;100 mA
177.460716551955;0.450714111328125;0.00010101318359375;37.9199999042612;3793;100 mA
177.47071655193;0.450653076171875;0.0001068115234375;37.929999904236;3794;100 mA
177.480716551904;0.45062255859375;0.000101623535156251;37.9399999042107;3795;100 mA
177.490716551879;0.450653076171875;0.000110473632812499;37.9499999041855;3796;100 mA
177.500716551854;0.450653076171875;0.000104675292968751;37.9599999041602;3797;100 mA
177.510716551829;0.45062255859375;0.000103759765625;37.969999904135;3798;100 mA
177.520716551803;0.45068359375;0.00010406494140625;37.9799999041097;3799;100 mA
177.530716551778;0.45062255859375;0.0001019287109375;37.9899999040845;3800;100 mA
177.540716551753;0.45068359375;0.000105895996093749;37.9999999040592;3801;100 mA
177.550716551728;0.45068359375;0.00010528564453125;38.009999904034;3802;100 mA
177.560716551702;0.450653076171875;0.0001019287109375;38.0199999040087;3803;100 mA
177.570716551677;0.450592041015625;0.000104675292968751;38.0299999039835;3804;100 mA
177.580716551652;0.450653076171875;0.000101623535156251;38.0399999039582;3805;100 mA
177.590716551627;0.450653076171875;0.000107727050781251;38.049999903933;3806;100 mA
177.600716551601;0.45068359375;0.00010345458984375;38.0599999039077;3807;100 mA
177.610716551576;0.450775146484375;9.67407226562495E-05;38.0699999038825;3808;100 mA
177.620716551551;0.45074462890625;0.000103759765625;38.0799999038572;3809;100 mA
177.630716551526;0.450592041015625;0.000100097656250001;38.089999903832;3810;100 mA
177.6407165515;0.450653076171875;0.00010650634765625;38.0999999038067;3811;100 mA
177.650716551475;0.450592041015625;9.97924804687494E-05;38.1099999037815;3812;100 mA
177.66071655145;0.45062255859375;0.00010040283203125;38.1199999037563;3813;100 mA
177.670716551425;0.450714111328125;0.0001025390625;38.129999903731;3814;100 mA
177.680716551399;0.45062255859375;0.000101623535156251;38.1399999037058;3815;100 mA
177.690716551374;0.45062255859375;0.00010986328125;38.1499999036805;3816;100 mA
177.700716551349;0.45068359375;0.00010406494140625;38.1599999036553;3817;100 mA
177.710716551324;0.450653076171875;9.82666015624995E-05;38.16999990363;3818;100 mA
177.720716551298;0.450653076171875;0.00010406494140625;38.1799999036048;3819;100 mA
177.730716551273;0.450653076171875;9.85717773437506E-05;38.1899999035795;3820;100 mA
177.740716551248;0.450592041015625;0.00010711669921875;38.1999999035543;3821;100 mA
177.750716551223;0.450653076171875;9.79614257812497E-05;38.209999903529;3822;100 mA
177.760716551197;0.45062255859375;9.88769531250003E-05;38.2199999035038;3823;100 mA
177.770716551172;0.45068359375;0.000100097656250001;38.2299999034785;3824;100 mA
177.780716551147;0.45062255859375;9.82666015624995E-05;38.2399999034533;3825;100 mA
177.790716551122;0.450653076171875;0.00010345458984375;38.249999903428;3826;100 mA
177.800716551096;0.45068359375;0.00010040283203125;38.2599999034028;3827;100 mA
177.810716551071;0.45062255859375;0.0001007080078125;38.2699999033775;3828;100 mA
177.820716551046;0.45068359375;0.000101623535156251;38.2799999033523;3829;100 mA
177.830716551021;0.45068359375;9.94873046874997E-05;38.289999903327;3830;100 mA
177.840716550995;0.450592041015625;0.000106201171875001;38.2999999033018;3831;100 mA
177.85071655097;0.45062255859375;0.000104370117187499;38.3099999032765;3832;100 mA
177.860716550945;0.45068359375;0.00010498046875;38.3199999032513;3833;100 mA
177.87071655092;0.4505615234375;0.0001068115234375;38.3299999032261;3834;100 mA
177.880716550894;0.450653076171875;0.00010040283203125;38.3399999032008;3835;100 mA
177.890716550869;0.450653076171875;0.000107421874999999;38.3499999031756;3836;100 mA
177.900716550844;0.450714111328125;0.000102844238281249;38.3599999031503;3837;100 mA
177.910716550819;0.45068359375;0.000104675292968751;38.3699999031251;3838;100 mA
177.920716550793;0.450531005859375;0.00010986328125;38.3799999030998;3839;100 mA
177.930716550768;0.45062255859375;0.00010223388671875;38.3899999030746;3840;100 mA
177.940716550743;0.45074462890625;0.000106201171875001;38.3999999030493;3841;100 mA
177.950716550718;0.450714111328125;0.000101318359374999;38.4099999030241;3842;100 mA
177.960716550692;0.45068359375;0.000104370117187499;38.4199999029988;3843;100 mA
177.970716550667;0.45068359375;0.00010711669921875;38.4299999029736;3844;100 mA
177.980716550642;0.45068359375;0.0001025390625;38.4399999029483;3845;100 mA
177.990716550617;0.450653076171875;0.000108642578125;38.4499999029231;3846;100 mA
178.000716550591;0.45062255859375;0.000104370117187499;38.4599999028978;3847;100 mA
178.010716550566;0.45068359375;9.97924804687494E-05;38.4699999028726;3848;100 mA
178.020716550541;0.450653076171875;0.000103149414062501;38.4799999028473;3849;100 mA
178.030716550516;0.45068359375;0.000101623535156251;38.4899999028221;3850;100 mA
178.04071655049;0.450653076171875;0.000109252929687501;38.4999999027968;3851;100 mA
178.050716550465;0.450653076171875;0.000101318359374999;38.5099999027716;3852;100 mA
178.06071655044;0.45068359375;0.00010345458984375;38.5199999027463;3853;100 mA
178.070716550415;0.450653076171875;0.000111083984375;38.5299999027211;3854;100 mA
178.080716550389;0.450592041015625;9.88769531250003E-05;38.5399999026959;3855;100 mA
178.090716550364;0.45062255859375;0.000106201171875001;38.5499999026706;3856;100 mA
178.100716550339;0.4505615234375;0.000101623535156251;38.5599999026454;3857;100 mA
178.110716550314;0.45062255859375;0.000101623535156251;38.5699999026201;3858;100 mA
178.120716550288;0.45062255859375;0.000104370117187499;38.5799999025949;3859;100 mA
178.130716550263;0.45062255859375;0.00010101318359375;38.5899999025696;3860;100 mA
178.140716550238;0.45068359375;0.000104370117187499;38.5999999025444;3861;100 mA
178.150716550213;0.45062255859375;0.000104675292968751;38.6099999025191;3862;100 mA
178.160716550187;0.450653076171875;0.000101318359374999;38.6199999024939;3863;100 mA
178.170716550162;0.450592041015625;0.00010406494140625;38.6299999024686;3864;100 mA
178.180716550137;0.450714111328125;0.000100097656250001;38.6399999024434;3865;100 mA
178.190716550112;0.45062255859375;0.00010711669921875;38.6499999024181;3866;100 mA
178.200716550086;0.45062255859375;0.0001019287109375;38.6599999023929;3867;100 mA
178.210716550061;0.450653076171875;0.000102844238281249;38.6699999023676;3868;100 mA
178.220716550036;0.45068359375;0.00010101318359375;38.6799999023424;3869;100 mA
178.230716550011;0.450653076171875;9.85717773437506E-05;38.6899999023171;3870;100 mA
178.240716549985;0.450714111328125;0.0001025390625;38.6999999022919;3871;100 mA
178.25071654996;0.450653076171875;9.94873046874997E-05;38.7099999022666;3872;100 mA
178.260716549935;0.450653076171875;9.85717773437506E-05;38.7199999022414;3873;100 mA
178.27071654991;0.45068359375;9.88769531250003E-05;38.7299999022162;3874;100 mA
178.280716549884;0.450653076171875;9.765625E-05;38.7399999021909;3875;100 mA
178.290716549859;0.45062255859375;0.00010223388671875;38.7499999021657;3876;100 mA
178.300716549834;0.45062255859375;0.0001019287109375;38.7599999021404;3877;100 mA
178.310716549809;0.450653076171875;9.97924804687494E-05;38.7699999021152;3878;100 mA
178.320716549783;0.45068359375;0.0001019287109375;38.7799999020899;3879;100 mA
178.330716549758;0.45068359375;0.0001007080078125;38.7899999020647;3880;100 mA
178.340716549733;0.45068359375;0.000107421874999999;38.7999999020394;3881;100 mA
178.350716549708;0.45068359375;0.00010223388671875;38.8099999020142;3882;100 mA
178.360716549682;0.450653076171875;0.00010040283203125;38.8199999019889;3883;100 mA
178.370716549657;0.45074462890625;0.00010101318359375;38.8299999019637;3884;100 mA
178.380716549632;0.450653076171875;9.70458984375006E-05;38.8399999019384;3885;100 mA
178.390716549607;0.450653076171875;0.000111083984375;38.8499999019132;3886;100 mA
178.400716549581;0.45062255859375;0.000102844238281249;38.8599999018879;3887;100 mA
178.410716549556;0.450653076171875;9.97924804687494E-05;38.8699999018627;3888;100 mA
178.420716549531;0.45062255859375;0.000104675292968751;38.8799999018374;3889;100 mA
178.430716549506;0.45062255859375;0.0001007080078125;38.8899999018122;3890;100 mA
178.44071654948;0.45068359375;0.000104675292968751;38.8999999017869;3891;100 mA
178.450716549455;0.450653076171875;0.000100097656250001;38.9099999017617;3892;100 mA
178.46071654943;0.45068359375;0.000102844238281249;38.9199999017364;3893;100 mA
178.470716549405;0.450653076171875;9.70458984375006E-05;38.9299999017112;3894;100 mA
178.48071654938;0.45062255859375;9.73510742187503E-05;38.939999901686;3895;100 mA
178.490716549354;0.450714111328125;0.00010498046875;38.9499999016607;3896;100 mA
178.500716549329;0.45062255859375;0.000104370117187499;38.9599999016355;3897;100 mA
178.510716549304;0.45062255859375;9.97924804687494E-05;38.9699999016102;3898;100 mA
178.520716549279;0.450592041015625;0.00010406494140625;38.979999901585;3899;100 mA
178.530716549253;0.450592041015625;0.0001007080078125;38.9899999015597;3900;100 mA
178.540716549228;0.45068359375;0.00010498046875;38.9999999015345;3901;100 mA
178.550716549203;0.45074462890625;0.00010345458984375;39.0099999015092;3902;100 mA
178.560716549178;0.450653076171875;9.67407226562495E-05;39.019999901484;3903;100 mA
178.570716549152;0.45062255859375;0.00010101318359375;39.0299999014587;3904;100 mA
178.580716549127;0.45068359375;0.000100097656250001;39.0399999014335;3905;100 mA
178.590716549102;0.450592041015625;0.000103149414062501;39.0499999014082;3906;100 mA
178.600716549077;0.450592041015625;0.0001025390625;39.059999901383;3907;100 mA
178.610716549051;0.4505615234375;0.000101318359374999;39.0699999013577;3908;100 mA
178.620716549026;0.450653076171875;0.00010040283203125;39.0799999013325;3909;100 mA
178.630716549001;0.450714111328125;0.000103149414062501;39.0899999013072;3910;100 mA
178.640716548976;0.45062255859375;0.000106201171875001;39.099999901282;3911;100 mA
178.65071654895;0.4505615234375;0.000104675292968751;39.1099999012567;3912;100 mA
178.660716548925;0.450714111328125;9.85717773437506E-05;39.1199999012315;3913;100 mA
178.6707165489;0.45068359375;0.00010101318359375;39.1299999012062;3914;100 mA
178.680716548875;0.450714111328125;9.55200195312506E-05;39.139999901181;3915;100 mA
178.690716548849;0.45062255859375;0.000104675292968751;39.1499999011558;3916;100 mA
178.700716548824;0.45062255859375;0.0001019287109375;39.1599999011305;3917;100 mA
178.710716548799;0.45062255859375;9.46044921875E-05;39.1699999011053;3918;100 mA
178.720716548774;0.450653076171875;9.42993164062503E-05;39.17999990108;3919;100 mA
178.730716548748;0.450653076171875;9.42993164062503E-05;39.1899999010548;3920;100 mA
178.740716548723;0.45068359375;0.000103759765625;39.1999999010295;3921;100 mA
178.750716548698;0.450714111328125;9.49096679687497E-05;39.2099999010043;3922;100 mA
178.760716548673;0.450653076171875;9.765625E-05;39.219999900979;3923;100 mA
178.770716548647;0.450592041015625;0.00010406494140625;39.2299999009538;3924;100 mA
178.780716548622;0.45074462890625;9.67407226562495E-05;39.2399999009285;3925;100 mA
178.790716548597;0.450714111328125;0.000106201171875001;39.2499999009033;3926;100 mA
178.800716548572;0.45062255859375;9.88769531250003E-05;39.259999900878;3927;100 mA
178.810716548546;0.45062255859375;9.82666015624995E-05;39.2699999008528;3928;100 mA
178.820716548521;0.450714111328125;0.0001025390625;39.2799999008275;3929;100 mA
178.830716548496;0.450714111328125;9.70458984375006E-05;39.2899999008023;3930;100 mA
178.840716548471;0.450653076171875;9.97924804687494E-05;39.299999900777;3931;100 mA
178.850716548445;0.45062255859375;9.39941406250006E-05;39.3099999007518;3932;100 mA
178.86071654842;0.450653076171875;9.79614257812497E-05;39.3199999007265;3933;100 mA
178.870716548395;0.45062255859375;9.88769531250003E-05;39.3299999007013;3934;100 mA
178.88071654837;0.45068359375;9.70458984375006E-05;39.339999900676;3935;100 mA
178.890716548344;0.45062255859375;0.0001055908203125;39.3499999006508;3936;100 mA
178.900716548319;0.45068359375;9.88769531250003E-05;39.3599999006256;3937;100 mA
178.910716548294;0.45068359375;9.79614257812497E-05;39.3699999006003;3938;100 mA
178.920716548269;0.45068359375;9.58251953125003E-05;39.3799999005751;3939;100 mA
178.930716548243;0.45062255859375;9.58251953125003E-05;39.3899999005498;3940;100 mA
178.940716548218;0.450653076171875;0.000101623535156251;39.3999999005246;3941;100 mA
178.950716548193;0.45062255859375;9.46044921875E-05;39.4099999004993;3942;100 mA
178.960716548168;0.450714111328125;9.82666015624995E-05;39.4199999004741;3943;100 mA
178.970716548142;0.45068359375;9.918212890625E-05;39.4299999004488;3944;100 mA
178.980716548117;0.450653076171875;9.67407226562495E-05;39.4399999004236;3945;100 mA
178.990716548092;0.450653076171875;0.00010101318359375;39.4499999003983;3946;100 mA
179.000716548067;0.45068359375;9.94873046874997E-05;39.4599999003731;3947;100 mA
179.010716548041;0.450531005859375;9.918212890625E-05;39.4699999003478;3948;100 mA
179.020716548016;0.450592041015625;0.0001007080078125;39.4799999003226;3949;100 mA
179.030716547991;0.450653076171875;9.85717773437506E-05;39.4899999002973;3950;100 mA
179.040716547966;0.45062255859375;0.00010345458984375;39.4999999002721;3951;100 mA
179.05071654794;0.45068359375;9.97924804687494E-05;39.5099999002468;3952;100 mA
179.060716547915;0.450714111328125;9.64355468749997E-05;39.5199999002216;3953;100 mA
179.07071654789;0.45068359375;0.000106201171875001;39.5299999001963;3954;100 mA
179.080716547865;0.450592041015625;0.00010040283203125;39.5399999001711;3955;100 mA
179.090716547839;0.45062255859375;0.0001055908203125;39.5499999001458;3956;100 mA
179.100716547814;0.45062255859375;0.000100097656250001;39.5599999001206;3957;100 mA
179.110716547789;0.450714111328125;9.58251953125003E-05;39.5699999000954;3958;100 mA
179.120716547764;0.450714111328125;0.000103759765625;39.5799999000701;3959;100 mA
179.130716547738;0.450592041015625;0.00010101318359375;39.5899999000449;3960;100 mA
179.140716547713;0.45062255859375;0.000104370117187499;39.5999999000196;3961;100 mA
179.150716547688;0.450653076171875;9.79614257812497E-05;39.6099998999944;3962;100 mA
179.160716547663;0.45062255859375;0.00010040283203125;39.6199998999691;3963;100 mA
179.170716547637;0.450592041015625;0.000105895996093749;39.6299998999439;3964;100 mA
179.180716547612;0.45068359375;9.49096679687497E-05;39.6399998999186;3965;100 mA
179.190716547587;0.45068359375;0.00010345458984375;39.6499998998934;3966;100 mA
179.200716547562;0.450653076171875;9.79614257812497E-05;39.6599998998681;3967;100 mA
179.210716547536;0.450653076171875;9.613037109375E-05;39.6699998998429;3968;100 mA
179.220716547511;0.45062255859375;0.000103149414062501;39.6799998998176;3969;100 mA
179.230716547486;0.45068359375;9.55200195312506E-05;39.6899998997924;3970;100 mA
179.240716547461;0.45068359375;0.0001007080078125;39.6999998997671;3971;100 mA
179.250716547435;0.45068359375;9.52148437499994E-05;39.7099998997419;3972;100 mA
179.26071654741;0.45068359375;9.27734375000003E-05;39.7199998997166;3973;100 mA
179.270716547385;0.45068359375;9.52148437499994E-05;39.7299998996914;3974;100 mA
179.28071654736;0.45062255859375;9.1552734375E-05;39.7399998996661;3975;100 mA
179.290716547334;0.450592041015625;0.000101623535156251;39.7499998996409;3976;100 mA
179.300716547309;0.450592041015625;9.94873046874997E-05;39.7599998996157;3977;100 mA
179.310716547284;0.450653076171875;9.52148437499994E-05;39.7699998995904;3978;100 mA
179.320716547259;0.45062255859375;9.46044921875E-05;39.7799998995652;3979;100 mA
179.330716547233;0.450592041015625;9.88769531250003E-05;39.7899998995399;3980;100 mA
179.340716547208;0.450653076171875;0.000103759765625;39.7999998995147;3981;100 mA
179.350716547183;0.450653076171875;9.70458984375006E-05;39.8099998994894;3982;100 mA
179.360716547158;0.45068359375;9.70458984375006E-05;39.8199998994642;3983;100 mA
179.370716547132;0.450592041015625;0.000103759765625;39.8299998994389;3984;100 mA
179.380716547107;0.45062255859375;9.52148437499994E-05;39.8399998994137;3985;100 mA
179.390716547082;0.450653076171875;0.00010650634765625;39.8499998993884;3986;100 mA
179.400716547057;0.45062255859375;9.97924804687494E-05;39.8599998993632;3987;100 mA
179.410716547031;0.450653076171875;9.70458984375006E-05;39.8699998993379;3988;100 mA
179.420716547006;0.450714111328125;0.00010040283203125;39.8799998993127;3989;100 mA
179.430716546981;0.45062255859375;9.42993164062503E-05;39.8899998992874;3990;100 mA
179.440716546956;0.450653076171875;0.00010711669921875;39.8999998992622;3991;100 mA
179.45071654693;0.45062255859375;9.79614257812497E-05;39.9099998992369;3992;100 mA
179.460716546905;0.450653076171875;9.55200195312506E-05;39.9199998992117;3993;100 mA
179.47071654688;0.45068359375;0.000103149414062501;39.9299998991864;3994;100 mA
179.480716546855;0.45074462890625;9.79614257812497E-05;39.9399998991612;3995;100 mA
179.49071654683;0.450592041015625;0.00010345458984375;39.9499998991359;3996;100 mA
179.500716546804;0.450653076171875;0.0001019287109375;39.9599998991107;3997;100 mA
179.510716546779;0.45068359375;9.97924804687494E-05;39.9699998990855;3998;100 mA
179.520716546754;0.450653076171875;0.000103759765625;39.9799998990602;3999;100 mA
179.530716546729;0.45050048828125;9.94873046874997E-05;39.989999899035;4000;100 mA
179.540716546703;0.450653076171875;0.000104675292968751;39.9999998990097;4001;100 mA
179.550716546678;0.450653076171875;0.0001019287109375;40.0099998989845;4002;100 mA
179.560716546653;0.45062255859375;9.64355468749997E-05;40.0199998989592;4003;100 mA
179.570716546628;0.45068359375;0.00010040283203125;40.029999898934;4004;100 mA
179.580716546602;0.450653076171875;9.613037109375E-05;40.0399998989087;4005;100 mA
179.590716546577;0.450714111328125;0.0001055908203125;40.0499998988835;4006;100 mA
179.600716546552;0.450653076171875;0.00010101318359375;40.0599998988582;4007;100 mA
179.610716546527;0.45068359375;9.97924804687494E-05;40.069999898833;4008;100 mA
179.620716546501;0.450653076171875;0.0001019287109375;40.0799998988077;4009;100 mA
179.630716546476;0.450653076171875;0.0001007080078125;40.0899998987825;4010;100 mA
179.640716546451;0.450653076171875;0.0001055908203125;40.0999998987572;4011;100 mA
179.650716546426;0.45062255859375;9.94873046874997E-05;40.109999898732;4012;100 mA
179.6607165464;0.45068359375;9.64355468749997E-05;40.1199998987067;4013;100 mA
179.670716546375;0.45062255859375;9.12475585937503E-05;40.1299998986815;4014;100 mA
179.68071654635;0.450653076171875;9.70458984375006E-05;40.1399998986562;4015;100 mA
179.690716546325;0.450653076171875;0.000104370117187499;40.149999898631;4016;100 mA
179.700716546299;0.450592041015625;0.0001019287109375;40.1599998986057;4017;100 mA
179.710716546274;0.450653076171875;9.97924804687494E-05;40.1699998985805;4018;100 mA
179.720716546249;0.450714111328125;9.73510742187503E-05;40.1799998985553;4019;100 mA
179.730716546224;0.450592041015625;9.82666015624995E-05;40.18999989853;4020;100 mA
179.740716546198;0.45062255859375;0.00010345458984375;40.1999998985048;4021;100 mA
179.750716546173;0.45068359375;9.73510742187503E-05;40.2099998984795;4022;100 mA
179.760716546148;0.450653076171875;9.613037109375E-05;40.2199998984543;4023;100 mA
179.770716546123;0.450592041015625;9.82666015624995E-05;40.229999898429;4024;100 mA
179.780716546097;0.450653076171875;9.46044921875E-05;40.2399998984038;4025;100 mA
179.790716546072;0.450653076171875;0.000101318359374999;40.2499998983785;4026;100 mA
179.800716546047;0.45062255859375;0.0001007080078125;40.2599998983533;4027;100 mA
179.810716546022;0.45068359375;9.58251953125003E-05;40.269999898328;4028;100 mA
179.820716545996;0.450653076171875;9.765625E-05;40.2799998983028;4029;100 mA
179.830716545971;0.45062255859375;9.33837890624997E-05;40.2899998982775;4030;100 mA
179.840716545946;0.45068359375;0.000103149414062501;40.2999998982523;4031;100 mA
179.850716545921;0.450592041015625;9.70458984375006E-05;40.309999898227;4032;100 mA
179.860716545895;0.45062255859375;9.79614257812497E-05;40.3199998982018;4033;100 mA
179.87071654587;0.45068359375;9.79614257812497E-05;40.3299998981765;4034;100 mA
179.880716545845;0.45068359375;9.73510742187503E-05;40.3399998981513;4035;100 mA
179.89071654582;0.45068359375;0.0001055908203125;40.349999898126;4036;100 mA
179.900716545794;0.45062255859375;0.00010101318359375;40.3599998981008;4037;100 mA
179.910716545769;0.450653076171875;9.70458984375006E-05;40.3699998980755;4038;100 mA
179.920716545744;0.45068359375;9.613037109375E-05;40.3799998980503;4039;100 mA
179.930716545719;0.45068359375;9.64355468749997E-05;40.3899998980251;4040;100 mA
179.940716545693;0.45068359375;9.765625E-05;40.3999998979998;4041;100 mA
179.950716545668;0.45074462890625;9.55200195312506E-05;40.4099998979746;4042;100 mA
179.960716545643;0.45068359375;9.39941406250006E-05;40.4199998979493;4043;100 mA
179.970716545618;0.45062255859375;9.64355468749997E-05;40.4299998979241;4044;100 mA
179.980716545592;0.450592041015625;9.55200195312506E-05;40.4399998978988;4045;100 mA
179.990716545567;0.45062255859375;0.000104675292968751;40.4499998978736;4046;100 mA
180.000716545542;0.450592041015625;9.765625E-05;40.4599998978483;4047;100 mA
180.010716545517;0.450592041015625;9.55200195312506E-05;40.4699998978231;4048;100 mA
180.020716545491;0.450653076171875;9.918212890625E-05;40.4799998977978;4049;100 mA
180.030716545466;0.45062255859375;9.70458984375006E-05;40.4899998977726;4050;100 mA
180.040716545441;0.45068359375;0.00010345458984375;40.4999998977473;4051;100 mA
180.050716545416;0.45068359375;9.85717773437506E-05;40.5099998977221;4052;100 mA
180.06071654539;0.450653076171875;9.79614257812497E-05;40.5199998976968;4053;100 mA
180.070716545365;0.45062255859375;0.0001007080078125;40.5299998976716;4054;100 mA
180.08071654534;0.45068359375;9.49096679687497E-05;40.5399998976463;4055;100 mA
180.090716545315;0.450653076171875;0.00010406494140625;40.5499998976211;4056;100 mA
180.100716545289;0.45068359375;9.94873046874997E-05;40.5599998975958;4057;100 mA
180.110716545264;0.45074462890625;9.765625E-05;40.5699998975706;4058;100 mA
180.120716545239;0.450653076171875;0.0001007080078125;40.5799998975453;4059;100 mA
180.130716545214;0.450653076171875;9.42993164062503E-05;40.5899998975201;4060;100 mA
180.140716545188;0.450592041015625;0.000103759765625;40.5999998974949;4061;100 mA
180.150716545163;0.450653076171875;0.0001025390625;40.6099998974696;4062;100 mA
180.160716545138;0.450653076171875;9.67407226562495E-05;40.6199998974444;4063;100 mA
180.170716545113;0.45068359375;9.79614257812497E-05;40.6299998974191;4064;100 mA
180.180716545087;0.45062255859375;9.21630859374994E-05;40.6399998973939;4065;100 mA
180.190716545062;0.45068359375;9.94873046874997E-05;40.6499998973686;4066;100 mA
180.200716545037;0.450714111328125;9.52148437499994E-05;40.6599998973434;4067;100 mA
180.210716545012;0.45062255859375;8.97216796875003E-05;40.6699998973181;4068;100 mA
180.220716544986;0.45068359375;9.39941406250006E-05;40.6799998972929;4069;100 mA
180.230716544961;0.45074462890625;9.58251953125003E-05;40.6899998972676;4070;100 mA
180.240716544936;0.450653076171875;0.00010528564453125;40.6999998972424;4071;100 mA
180.250716544911;0.45062255859375;9.79614257812497E-05;40.7099998972171;4072;100 mA
180.260716544885;0.45062255859375;9.46044921875E-05;40.7199998971919;4073;100 mA
180.27071654486;0.45068359375;9.55200195312506E-05;40.7299998971666;4074;100 mA
180.280716544835;0.45068359375;9.52148437499994E-05;40.7399998971414;4075;100 mA
180.29071654481;0.450653076171875;0.000103149414062501;40.7499998971161;4076;100 mA
180.300716544784;0.45062255859375;9.49096679687497E-05;40.7599998970909;4077;100 mA
180.310716544759;0.45068359375;9.613037109375E-05;40.7699998970656;4078;100 mA
180.320716544734;0.450714111328125;9.42993164062503E-05;40.7799998970404;4079;100 mA
180.330716544709;0.45062255859375;9.18579101562497E-05;40.7899998970152;4080;100 mA
180.340716544683;0.450592041015625;0.00010223388671875;40.7999998969899;4081;100 mA
180.350716544658;0.45068359375;9.70458984375006E-05;40.8099998969647;4082;100 mA
180.360716544633;0.45068359375;9.18579101562497E-05;40.8199998969394;4083;100 mA
180.370716544608;0.45074462890625;9.49096679687497E-05;40.8299998969142;4084;100 mA
180.380716544582;0.450714111328125;9.18579101562497E-05;40.8399998968889;4085;100 mA
180.390716544557;0.45062255859375;9.58251953125003E-05;40.8499998968637;4086;100 mA
180.400716544532;0.450653076171875;9.73510742187503E-05;40.8599998968384;4087;100 mA
180.410716544507;0.45068359375;9.18579101562497E-05;40.8699998968132;4088;100 mA
180.420716544481;0.45062255859375;9.67407226562495E-05;40.8799998967879;4089;100 mA
180.430716544456;0.45062255859375;9.12475585937503E-05;40.8899998967627;4090;100 mA
180.440716544431;0.450653076171875;0.000100097656250001;40.8999998967374;4091;100 mA
180.450716544406;0.450653076171875;9.52148437499994E-05;40.9099998967122;4092;100 mA
180.46071654438;0.450592041015625;9.613037109375E-05;40.9199998966869;4093;100 mA
180.470716544355;0.45062255859375;9.73510742187503E-05;40.9299998966617;4094;100 mA
180.48071654433;0.450653076171875;9.24682617187506E-05;40.9399998966364;4095;100 mA
180.490716544305;0.45062255859375;0.0001007080078125;40.9499998966112;4096;100 mA
180.500716544279;0.45062255859375;9.79614257812497E-05;40.9599998965859;4097;100 mA
180.510716544254;0.45068359375;0.00010040283203125;40.9699998965607;4098;100 mA
180.520716544229;0.45074462890625;9.49096679687497E-05;40.9799998965354;4099;100 mA
180.530716544204;0.450653076171875;9.39941406250006E-05;40.9899998965102;4100;100 mA
180.540716544179;0.450653076171875;9.70458984375006E-05;40.999999896485;4101;100 mA
180.550716544153;0.450714111328125;9.307861328125E-05;41.0099998964597;4102;100 mA
180.560716544128;0.45062255859375;9.36889648437495E-05;41.0199998964345;4103;100 mA
180.570716544103;0.450653076171875;9.85717773437506E-05;41.0299998964092;4104;100 mA
180.580716544078;0.450653076171875;9.42993164062503E-05;41.039999896384;4105;100 mA
180.590716544052;0.45068359375;0.000103149414062501;41.0499998963587;4106;100 mA
180.600716544027;0.45068359375;9.79614257812497E-05;41.0599998963335;4107;100 mA
180.610716544002;0.450653076171875;9.85717773437506E-05;41.0699998963082;4108;100 mA
180.620716543977;0.45062255859375;9.79614257812497E-05;41.079999896283;4109;100 mA
180.630716543951;0.450653076171875;8.78906250000006E-05;41.0899998962577;4110;100 mA
180.640716543926;0.450592041015625;0.000101318359374999;41.0999998962325;4111;100 mA
180.650716543901;0.450653076171875;9.42993164062503E-05;41.1099998962072;4112;100 mA
180.660716543876;0.45062255859375;9.58251953125003E-05;41.119999896182;4113;100 mA
180.67071654385;0.450653076171875;9.765625E-05;41.1299998961567;4114;100 mA
180.680716543825;0.450714111328125;9.12475585937503E-05;41.1399998961315;4115;100 mA
180.6907165438;0.45062255859375;0.000101318359374999;41.1499998961062;4116;100 mA
180.700716543775;0.450592041015625;9.307861328125E-05;41.159999896081;4117;100 mA
180.710716543749;0.450653076171875;9.36889648437495E-05;41.1699998960557;4118;100 mA
180.720716543724;0.45068359375;0.000100097656250001;41.1799998960305;4119;100 mA
180.730716543699;0.450714111328125;9.49096679687497E-05;41.1899998960052;4120;100 mA
180.740716543674;0.450653076171875;9.918212890625E-05;41.19999989598;4121;100 mA
180.750716543648;0.45068359375;9.27734375000003E-05;41.2099998959548;4122;100 mA
180.760716543623;0.450653076171875;9.613037109375E-05;41.2199998959295;4123;100 mA
180.770716543598;0.450653076171875;9.73510742187503E-05;41.2299998959043;4124;100 mA
180.780716543573;0.45068359375;9.36889648437495E-05;41.239999895879;4125;100 mA
180.790716543547;0.45068359375;0.000103149414062501;41.2499998958538;4126;100 mA
180.800716543522;0.450653076171875;9.918212890625E-05;41.2599998958285;4127;100 mA
180.810716543497;0.450714111328125;9.307861328125E-05;41.2699998958033;4128;100 mA
180.820716543472;0.45068359375;0.00010101318359375;41.279999895778;4129;100 mA
180.830716543446;0.450714111328125;9.33837890624997E-05;41.2899998957528;4130;100 mA
180.840716543421;0.45068359375;9.94873046874997E-05;41.2999998957275;4131;100 mA
180.850716543396;0.450592041015625;9.49096679687497E-05;41.3099998957023;4132;100 mA
180.860716543371;0.450714111328125;9.46044921875E-05;41.319999895677;4133;100 mA
180.870716543345;0.45068359375;9.42993164062503E-05;41.3299998956518;4134;100 mA
180.88071654332;0.450714111328125;8.88061523437497E-05;41.3399998956265;4135;100 mA
180.890716543295;0.450653076171875;0.000101623535156251;41.3499998956013;4136;100 mA
180.90071654327;0.450653076171875;9.52148437499994E-05;41.359999895576;4137;100 mA
180.910716543244;0.450653076171875;8.75854492187494E-05;41.3699998955508;4138;100 mA
180.920716543219;0.45074462890625;9.49096679687497E-05;41.3799998955255;4139;100 mA
180.930716543194;0.450653076171875;9.36889648437495E-05;41.3899998955003;4140;100 mA
180.940716543169;0.45068359375;9.79614257812497E-05;41.399999895475;4141;100 mA
180.950716543143;0.450653076171875;9.1552734375E-05;41.4099998954498;4142;100 mA
180.960716543118;0.45068359375;9.18579101562497E-05;41.4199998954246;4143;100 mA
180.970716543093;0.45062255859375;9.70458984375006E-05;41.4299998953993;4144;100 mA
180.980716543068;0.45068359375;9.06372070312495E-05;41.4399998953741;4145;100 mA
180.990716543042;0.45074462890625;9.88769531250003E-05;41.4499998953488;4146;100 mA
181.000716543017;0.45062255859375;9.39941406250006E-05;41.4599998953236;4147;100 mA
181.010716542992;0.45068359375;9.18579101562497E-05;41.4699998952983;4148;100 mA
181.020716542967;0.450653076171875;9.67407226562495E-05;41.4799998952731;4149;100 mA
181.030716542941;0.45062255859375;9.46044921875E-05;41.4899998952478;4150;100 mA
181.040716542916;0.450653076171875;0.00010223388671875;41.4999998952226;4151;100 mA
181.050716542891;0.4505615234375;9.36889648437495E-05;41.5099998951973;4152;100 mA
181.060716542866;0.450653076171875;9.42993164062503E-05;41.5199998951721;4153;100 mA
181.07071654284;0.450714111328125;9.64355468749997E-05;41.5299998951468;4154;100 mA
181.080716542815;0.450653076171875;9.09423828125006E-05;41.5399998951216;4155;100 mA
181.09071654279;0.45062255859375;9.73510742187503E-05;41.5499998950963;4156;100 mA
181.100716542765;0.450653076171875;9.33837890624997E-05;41.5599998950711;4157;100 mA
181.110716542739;0.450653076171875;9.18579101562497E-05;41.5699998950458;4158;100 mA
181.120716542714;0.45062255859375;9.613037109375E-05;41.5799998950206;4159;100 mA
181.130716542689;0.45062255859375;9.33837890624997E-05;41.5899998949953;4160;100 mA
181.140716542664;0.450653076171875;9.918212890625E-05;41.5999998949701;4161;100 mA
181.150716542638;0.45068359375;9.52148437499994E-05;41.6099998949448;4162;100 mA
181.160716542613;0.45068359375;9.55200195312506E-05;41.6199998949196;4163;100 mA
181.170716542588;0.450714111328125;9.27734375000003E-05;41.6299998948944;4164;100 mA
181.180716542563;0.45062255859375;9.42993164062503E-05;41.6399998948691;4165;100 mA
181.190716542537;0.45074462890625;0.00010040283203125;41.6499998948439;4166;100 mA
181.200716542512;0.45068359375;9.64355468749997E-05;41.6599998948186;4167;100 mA
181.210716542487;0.45062255859375;9.49096679687497E-05;41.6699998947934;4168;100 mA
181.220716542462;0.45068359375;9.85717773437506E-05;41.6799998947681;4169;100 mA
181.230716542436;0.450714111328125;9.613037109375E-05;41.6899998947429;4170;100 mA
181.240716542411;0.45068359375;0.0001019287109375;41.6999998947176;4171;100 mA
181.250716542386;0.450653076171875;9.39941406250006E-05;41.7099998946924;4172;100 mA
181.260716542361;0.450653076171875;9.49096679687497E-05;41.7199998946671;4173;100 mA
181.270716542335;0.450714111328125;9.42993164062503E-05;41.7299998946419;4174;100 mA
181.28071654231;0.450714111328125;9.06372070312495E-05;41.7399998946166;4175;100 mA
181.290716542285;0.450653076171875;0.000101623535156251;41.7499998945914;4176;100 mA
181.30071654226;0.45062255859375;9.85717773437506E-05;41.7599998945661;4177;100 mA
181.310716542234;0.45062255859375;9.307861328125E-05;41.7699998945409;4178;100 mA
181.320716542209;0.450653076171875;0.000100097656250001;41.7799998945156;4179;100 mA
181.330716542184;0.45062255859375;9.12475585937503E-05;41.7899998944904;4180;100 mA
181.340716542159;0.45062255859375;0.0001007080078125;41.7999998944651;4181;100 mA
181.350716542133;0.450653076171875;8.75854492187494E-05;41.8099998944399;4182;100 mA
181.360716542108;0.45068359375;8.97216796875003E-05;41.8199998944147;4183;100 mA
181.370716542083;0.450714111328125;9.82666015624995E-05;41.8299998943894;4184;100 mA
181.380716542058;0.450714111328125;9.06372070312495E-05;41.8399998943642;4185;100 mA
181.390716542032;0.45062255859375;9.85717773437506E-05;41.8499998943389;4186;100 mA
181.400716542007;0.450714111328125;9.42993164062503E-05;41.8599998943137;4187;100 mA
181.410716541982;0.450653076171875;9.36889648437495E-05;41.8699998942884;4188;100 mA
181.420716541957;0.45062255859375;9.70458984375006E-05;41.8799998942632;4189;100 mA
181.430716541931;0.450653076171875;9.09423828125006E-05;41.8899998942379;4190;100 mA
181.440716541906;0.450714111328125;9.82666015624995E-05;41.8999998942127;4191;100 mA
181.450716541881;0.45062255859375;9.52148437499994E-05;41.9099998941874;4192;100 mA
181.460716541856;0.450653076171875;9.27734375000003E-05;41.9199998941622;4193;100 mA
181.47071654183;0.45068359375;0.0001007080078125;41.9299998941369;4194;100 mA
181.480716541805;0.450653076171875;9.21630859374994E-05;41.9399998941117;4195;100 mA
181.49071654178;0.450653076171875;9.73510742187503E-05;41.9499998940864;4196;100 mA
181.500716541755;0.450653076171875;9.36889648437495E-05;41.9599998940612;4197;100 mA
181.510716541729;0.45068359375;9.55200195312506E-05;41.9699998940359;4198;100 mA
181.520716541704;0.450653076171875;9.82666015624995E-05;41.9799998940107;4199;100 mA
181.530716541679;0.45062255859375;9.1552734375E-05;41.9899998939854;4200;100 mA
181.540716541654;0.450653076171875;9.88769531250003E-05;41.9999998939602;4201;100 mA
181.550716541629;0.45068359375;9.58251953125003E-05;42.0099998939349;4202;100 mA
181.560716541603;0.45068359375;9.18579101562497E-05;42.0199998939097;4203;100 mA
181.570716541578;0.45062255859375;9.613037109375E-05;42.0299998938845;4204;100 mA
181.580716541553;0.45068359375;8.97216796875003E-05;42.0399998938592;4205;100 mA
181.590716541528;0.45068359375;9.64355468749997E-05;42.049999893834;4206;100 mA
181.600716541502;0.450653076171875;9.67407226562495E-05;42.0599998938087;4207;100 mA
181.610716541477;0.450592041015625;9.42993164062503E-05;42.0699998937835;4208;100 mA
181.620716541452;0.450653076171875;9.73510742187503E-05;42.0799998937582;4209;100 mA
181.630716541427;0.450714111328125;9.21630859374994E-05;42.089999893733;4210;100 mA
181.640716541401;0.45068359375;0.000102844238281249;42.0999998937077;4211;100 mA
181.650716541376;0.450653076171875;9.73510742187503E-05;42.1099998936825;4212;100 mA
181.660716541351;0.450653076171875;9.58251953125003E-05;42.1199998936572;4213;100 mA
181.670716541326;0.450653076171875;9.79614257812497E-05;42.129999893632;4214;100 mA
181.6807165413;0.45062255859375;9.06372070312495E-05;42.1399998936067;4215;100 mA
181.690716541275;0.450592041015625;0.00010406494140625;42.1499998935815;4216;100 mA
181.70071654125;0.45062255859375;9.67407226562495E-05;42.1599998935562;4217;100 mA
181.710716541225;0.450714111328125;9.18579101562497E-05;42.169999893531;4218;100 mA
181.720716541199;0.450653076171875;9.79614257812497E-05;42.1799998935057;4219;100 mA
181.730716541174;0.450714111328125;9.06372070312495E-05;42.1899998934805;4220;100 mA
181.740716541149;0.45062255859375;9.58251953125003E-05;42.1999998934552;4221;100 mA
181.750716541124;0.45062255859375;9.765625E-05;42.20999989343;4222;100 mA
181.760716541098;0.450714111328125;9.36889648437495E-05;42.2199998934047;4223;100 mA
181.770716541073;0.45068359375;9.67407226562495E-05;42.2299998933795;4224;100 mA
181.780716541048;0.45062255859375;9.21630859374994E-05;42.2399998933543;4225;100 mA
181.790716541023;0.45062255859375;0.00010406494140625;42.249999893329;4226;100 mA
181.800716540997;0.450592041015625;9.82666015624995E-05;42.2599998933038;4227;100 mA
181.810716540972;0.450592041015625;9.58251953125003E-05;42.2699998932785;4228;100 mA
181.820716540947;0.450653076171875;0.000100097656250001;42.2799998932533;4229;100 mA
181.830716540922;0.450653076171875;9.06372070312495E-05;42.289999893228;4230;100 mA
181.840716540896;0.4505615234375;0.000101318359374999;42.2999998932028;4231;100 mA
181.850716540871;0.45068359375;9.70458984375006E-05;42.3099998931775;4232;100 mA
181.860716540846;0.450653076171875;9.64355468749997E-05;42.3199998931523;4233;100 mA
181.870716540821;0.450653076171875;9.52148437499994E-05;42.329999893127;4234;100 mA
181.880716540795;0.45062255859375;8.91113281249995E-05;42.3399998931018;4235;100 mA
181.89071654077;0.45062255859375;9.52148437499994E-05;42.3499998930765;4236;100 mA
181.900716540745;0.45068359375;9.33837890624997E-05;42.3599998930513;4237;100 mA
181.91071654072;0.45068359375;9.49096679687497E-05;42.369999893026;4238;100 mA
181.920716540694;0.450653076171875;9.52148437499994E-05;42.3799998930008;4239;100 mA
181.930716540669;0.45062255859375;8.97216796875003E-05;42.3899998929755;4240;100 mA
181.940716540644;0.45062255859375;9.88769531250003E-05;42.3999998929503;4241;100 mA
181.950716540619;0.450653076171875;9.79614257812497E-05;42.409999892925;4242;100 mA
181.960716540593;0.45068359375;9.82666015624995E-05;42.4199998928998;4243;100 mA
181.970716540568;0.45068359375;9.70458984375006E-05;42.4299998928745;4244;100 mA
181.980716540543;0.450653076171875;9.307861328125E-05;42.4399998928493;4245;100 mA
181.990716540518;0.450653076171875;9.85717773437506E-05;42.4499998928241;4246;100 mA
182.000716540492;0.450592041015625;9.94873046874997E-05;42.4599998927988;4247;100 mA
182.010716540467;0.45068359375;9.09423828125006E-05;42.4699998927736;4248;100 mA
182.020716540442;0.45062255859375;9.70458984375006E-05;42.4799998927483;4249;100 mA
182.030716540417;0.450714111328125;9.18579101562497E-05;42.4899998927231;4250;100 mA
182.040716540391;0.450653076171875;9.765625E-05;42.4999998926978;4251;100 mA
182.050716540366;0.450653076171875;9.55200195312506E-05;42.5099998926726;4252;100 mA
182.060716540341;0.45062255859375;9.42993164062503E-05;42.5199998926473;4253;100 mA
182.070716540316;0.45062255859375;9.24682617187506E-05;42.5299998926221;4254;100 mA
182.08071654029;0.45062255859375;9.1552734375E-05;42.5399998925968;4255;100 mA
182.090716540265;0.450592041015625;9.97924804687494E-05;42.5499998925716;4256;100 mA
182.10071654024;0.45062255859375;9.52148437499994E-05;42.5599998925463;4257;100 mA
182.110716540215;0.45062255859375;9.39941406250006E-05;42.5699998925211;4258;100 mA
182.120716540189;0.450775146484375;9.67407226562495E-05;42.5799998924958;4259;100 mA
182.130716540164;0.45068359375;8.85009765625E-05;42.5899998924706;4260;100 mA
182.140716540139;0.45068359375;9.46044921875E-05;42.5999998924453;4261;100 mA
182.150716540114;0.45068359375;9.42993164062503E-05;42.6099998924201;4262;100 mA
182.160716540088;0.45068359375;9.55200195312506E-05;42.6199998923948;4263;100 mA
182.170716540063;0.45062255859375;9.85717773437506E-05;42.6299998923696;4264;100 mA
182.180716540038;0.45068359375;9.49096679687497E-05;42.6399998923443;4265;100 mA
182.190716540013;0.45068359375;0.00010406494140625;42.6499998923191;4266;100 mA
182.200716539987;0.45068359375;9.46044921875E-05;42.6599998922939;4267;100 mA
182.210716539962;0.45062255859375;9.307861328125E-05;42.6699998922686;4268;100 mA
182.220716539937;0.45062255859375;9.73510742187503E-05;42.6799998922434;4269;100 mA
182.230716539912;0.450592041015625;9.46044921875E-05;42.6899998922181;4270;100 mA
182.240716539886;0.45074462890625;9.70458984375006E-05;42.6999998921929;4271;100 mA
182.250716539861;0.45062255859375;9.70458984375006E-05;42.7099998921676;4272;100 mA
182.260716539836;0.450653076171875;9.42993164062503E-05;42.7199998921424;4273;100 mA
182.270716539811;0.45068359375;9.85717773437506E-05;42.7299998921171;4274;100 mA
182.280716539785;0.45062255859375;9.55200195312506E-05;42.7399998920919;4275;100 mA
182.29071653976;0.450714111328125;9.918212890625E-05;42.7499998920666;4276;100 mA
182.300716539735;0.45062255859375;9.1552734375E-05;42.7599998920414;4277;100 mA
182.31071653971;0.45062255859375;9.33837890624997E-05;42.7699998920161;4278;100 mA
182.320716539684;0.45062255859375;9.88769531250003E-05;42.7799998919909;4279;100 mA
182.330716539659;0.45068359375;9.307861328125E-05;42.7899998919656;4280;100 mA
182.340716539634;0.45068359375;9.94873046874997E-05;42.7999998919404;4281;100 mA
182.350716539609;0.450653076171875;9.39941406250006E-05;42.8099998919151;4282;100 mA
182.360716539583;0.450653076171875;9.24682617187506E-05;42.8199998918899;4283;100 mA
182.370716539558;0.45062255859375;9.67407226562495E-05;42.8299998918646;4284;100 mA
182.380716539533;0.45062255859375;9.27734375000003E-05;42.8399998918394;4285;100 mA
182.390716539508;0.450714111328125;9.88769531250003E-05;42.8499998918142;4286;100 mA
182.400716539482;0.45062255859375;9.73510742187503E-05;42.8599998917889;4287;100 mA
182.410716539457;0.45062255859375;9.42993164062503E-05;42.8699998917637;4288;100 mA
182.420716539432;0.450653076171875;9.82666015624995E-05;42.8799998917384;4289;100 mA
182.430716539407;0.45068359375;8.91113281249995E-05;42.8899998917132;4290;100 mA
182.440716539381;0.45068359375;0.000100097656250001;42.8999998916879;4291;100 mA
182.450716539356;0.450653076171875;9.46044921875E-05;42.9099998916627;4292;100 mA
182.460716539331;0.450592041015625;9.36889648437495E-05;42.9199998916374;4293;100 mA
182.470716539306;0.45062255859375;9.82666015624995E-05;42.9299998916122;4294;100 mA
182.48071653928;0.45068359375;9.33837890624997E-05;42.9399998915869;4295;100 mA
182.490716539255;0.450592041015625;0.000100097656250001;42.9499998915617;4296;100 mA
182.50071653923;0.45062255859375;9.82666015624995E-05;42.9599998915364;4297;100 mA
182.510716539205;0.450653076171875;9.39941406250006E-05;42.9699998915112;4298;100 mA
182.520716539179;0.450653076171875;9.765625E-05;42.9799998914859;4299;100 mA
182.530716539154;0.45062255859375;9.24682617187506E-05;42.9899998914607;4300;100 mA
182.540716539129;0.45068359375;9.82666015624995E-05;42.9999998914354;4301;100 mA
182.550716539104;0.450592041015625;9.70458984375006E-05;43.0099998914102;4302;100 mA
182.560716539078;0.450714111328125;8.97216796875003E-05;43.0199998913849;4303;100 mA
182.570716539053;0.450653076171875;9.39941406250006E-05;43.0299998913597;4304;100 mA
182.580716539028;0.450592041015625;9.39941406250006E-05;43.0399998913344;4305;100 mA
182.590716539003;0.45062255859375;9.94873046874997E-05;43.0499998913092;4306;100 mA
182.600716538978;0.45068359375;8.94165039062506E-05;43.059999891284;4307;100 mA
182.610716538952;0.450653076171875;8.81958007812503E-05;43.0699998912587;4308;100 mA
182.620716538927;0.45068359375;9.1552734375E-05;43.0799998912335;4309;100 mA
182.630716538902;0.45074462890625;8.97216796875003E-05;43.0899998912082;4310;100 mA
182.640716538877;0.45062255859375;0.0001007080078125;43.099999891183;4311;100 mA
182.650716538851;0.450653076171875;9.46044921875E-05;43.1099998911577;4312;100 mA
182.660716538826;0.45068359375;9.18579101562497E-05;43.1199998911325;4313;100 mA
182.670716538801;0.45062255859375;9.613037109375E-05;43.1299998911072;4314;100 mA
182.680716538776;0.45062255859375;9.46044921875E-05;43.139999891082;4315;100 mA
182.69071653875;0.450714111328125;9.58251953125003E-05;43.1499998910567;4316;100 mA
182.700716538725;0.450653076171875;9.21630859374994E-05;43.1599998910315;4317;100 mA
182.7107165387;0.45068359375;9.06372070312495E-05;43.1699998910062;4318;100 mA
182.720716538675;0.450653076171875;9.85717773437506E-05;43.179999890981;4319;100 mA
182.730716538649;0.45062255859375;9.58251953125003E-05;43.1899998909557;4320;100 mA
182.740716538624;0.450714111328125;9.82666015624995E-05;43.1999998909305;4321;100 mA
182.750716538599;0.45062255859375;9.55200195312506E-05;43.2099998909052;4322;100 mA
182.760716538574;0.45068359375;9.18579101562497E-05;43.21999989088;4323;100 mA
182.770716538548;0.450592041015625;9.73510742187503E-05;43.2299998908547;4324;100 mA
182.780716538523;0.45062255859375;9.21630859374994E-05;43.2399998908295;4325;100 mA
182.790716538498;0.450653076171875;9.49096679687497E-05;43.2499998908042;4326;100 mA
182.800716538473;0.45062255859375;9.39941406250006E-05;43.259999890779;4327;100 mA
182.810716538447;0.45068359375;9.12475585937503E-05;43.2699998907538;4328;100 mA
182.820716538422;0.450653076171875;9.42993164062503E-05;43.2799998907285;4329;100 mA
182.830716538397;0.450653076171875;9.39941406250006E-05;43.2899998907033;4330;100 mA
182.840716538372;0.45074462890625;9.79614257812497E-05;43.299999890678;4331;100 mA
182.850716538346;0.45062255859375;9.42993164062503E-05;43.3099998906528;4332;100 mA
182.860716538321;0.45068359375;9.21630859374994E-05;43.3199998906275;4333;100 mA
182.870716538296;0.45074462890625;9.46044921875E-05;43.3299998906023;4334;100 mA
182.880716538271;0.450653076171875;9.03320312499997E-05;43.339999890577;4335;100 mA
182.890716538245;0.45062255859375;9.58251953125003E-05;43.3499998905518;4336;100 mA
182.90071653822;0.450653076171875;9.39941406250006E-05;43.3599998905265;4337;100 mA
182.910716538195;0.45068359375;9.64355468749997E-05;43.3699998905013;4338;100 mA
182.92071653817;0.45068359375;9.67407226562495E-05;43.379999890476;4339;100 mA
182.930716538144;0.450653076171875;9.73510742187503E-05;43.3899998904508;4340;100 mA
182.940716538119;0.45068359375;0.000100097656250001;43.3999998904255;4341;100 mA
182.950716538094;0.450653076171875;9.18579101562497E-05;43.4099998904003;4342;100 mA
182.960716538069;0.45068359375;9.36889648437495E-05;43.419999890375;4343;100 mA
182.970716538043;0.45068359375;9.67407226562495E-05;43.4299998903498;4344;100 mA
182.980716538018;0.45062255859375;9.46044921875E-05;43.4399998903245;4345;100 mA
182.990716537993;0.450653076171875;9.94873046874997E-05;43.4499998902993;4346;100 mA
183.000716537968;0.450653076171875;9.36889648437495E-05;43.459999890274;4347;100 mA
183.010716537942;0.450592041015625;9.42993164062503E-05;43.4699998902488;4348;100 mA
183.020716537917;0.450653076171875;9.73510742187503E-05;43.4799998902236;4349;100 mA
183.030716537892;0.450653076171875;9.1552734375E-05;43.4899998901983;4350;100 mA
183.040716537867;0.450714111328125;9.88769531250003E-05;43.4999998901731;4351;100 mA
183.050716537841;0.450653076171875;9.24682617187506E-05;43.5099998901478;4352;100 mA
183.060716537816;0.450653076171875;9.03320312499997E-05;43.5199998901226;4353;100 mA
183.070716537791;0.45068359375;9.39941406250006E-05;43.5299998900973;4354;100 mA
183.080716537766;0.45068359375;9.09423828125006E-05;43.5399998900721;4355;100 mA
183.09071653774;0.45068359375;9.58251953125003E-05;43.5499998900468;4356;100 mA
183.100716537715;0.450592041015625;9.33837890624997E-05;43.5599998900216;4357;100 mA
183.11071653769;0.450714111328125;9.33837890624997E-05;43.5699998899963;4358;100 mA
183.120716537665;0.450592041015625;9.1552734375E-05;43.5799998899711;4359;100 mA
183.130716537639;0.450653076171875;8.78906250000006E-05;43.5899998899458;4360;100 mA
183.140716537614;0.450653076171875;9.82666015624995E-05;43.5999998899206;4361;100 mA
183.150716537589;0.450653076171875;0.000100097656250001;43.6099998898953;4362;100 mA
183.160716537564;0.45062255859375;9.67407226562495E-05;43.6199998898701;4363;100 mA
183.170716537538;0.45068359375;9.613037109375E-05;43.6299998898448;4364;100 mA
183.180716537513;0.450592041015625;9.307861328125E-05;43.6399998898196;4365;100 mA
183.190716537488;0.450714111328125;9.73510742187503E-05;43.6499998897943;4366;100 mA
183.200716537463;0.45068359375;9.49096679687497E-05;43.6599998897691;4367;100 mA
183.210716537437;0.45062255859375;9.46044921875E-05;43.6699998897438;4368;100 mA
183.220716537412;0.450592041015625;9.64355468749997E-05;43.6799998897186;4369;100 mA
183.230716537387;0.450653076171875;9.21630859374994E-05;43.6899998896934;4370;100 mA
183.240716537362;0.45068359375;9.85717773437506E-05;43.6999998896681;4371;100 mA
183.250716537336;0.450653076171875;9.33837890624997E-05;43.7099998896429;4372;100 mA
183.260716537311;0.45068359375;9.09423828125006E-05;43.7199998896176;4373;100 mA
183.270716537286;0.45062255859375;9.33837890624997E-05;43.7299998895924;4374;100 mA
183.280716537261;0.45068359375;9.06372070312495E-05;43.7399998895671;4375;100 mA
183.290716537235;0.450653076171875;0.000101318359374999;43.7499998895419;4376;100 mA
183.30071653721;0.450592041015625;9.58251953125003E-05;43.7599998895166;4377;100 mA
183.310716537185;0.45068359375;9.613037109375E-05;43.7699998894914;4378;100 mA
183.32071653716;0.450653076171875;9.94873046874997E-05;43.7799998894661;4379;100 mA
183.330716537134;0.45062255859375;9.1552734375E-05;43.7899998894409;4380;100 mA
183.340716537109;0.45062255859375;9.85717773437506E-05;43.7999998894156;4381;100 mA
183.350716537084;0.450714111328125;9.613037109375E-05;43.8099998893904;4382;100 mA
183.360716537059;0.450592041015625;9.49096679687497E-05;43.8199998893651;4383;100 mA
183.370716537033;0.450653076171875;9.82666015624995E-05;43.8299998893399;4384;100 mA
183.380716537008;0.450653076171875;9.52148437499994E-05;43.8399998893146;4385;100 mA
183.390716536983;0.45068359375;9.79614257812497E-05;43.8499998892894;4386;100 mA
183.400716536958;0.450653076171875;9.94873046874997E-05;43.8599998892641;4387;100 mA
183.410716536932;0.45062255859375;9.49096679687497E-05;43.8699998892389;4388;100 mA
183.420716536907;0.450653076171875;9.55200195312506E-05;43.8799998892137;4389;100 mA
183.430716536882;0.450714111328125;9.307861328125E-05;43.8899998891884;4390;100 mA
183.440716536857;0.45068359375;9.94873046874997E-05;43.8999998891632;4391;100 mA
183.450716536831;0.450653076171875;9.46044921875E-05;43.9099998891379;4392;100 mA
183.460716536806;0.450653076171875;9.39941406250006E-05;43.9199998891127;4393;100 mA
183.470716536781;0.450714111328125;9.21630859374994E-05;43.9299998890874;4394;100 mA
183.480716536756;0.45062255859375;9.21630859374994E-05;43.9399998890622;4395;100 mA
183.49071653673;0.450714111328125;9.55200195312506E-05;43.9499998890369;4396;100 mA
183.500716536705;0.45068359375;9.307861328125E-05;43.9599998890117;4397;100 mA
183.51071653668;0.450653076171875;9.06372070312495E-05;43.9699998889864;4398;100 mA
183.520716536655;0.450592041015625;9.33837890624997E-05;43.9799998889612;4399;100 mA
183.530716536629;0.450653076171875;8.94165039062506E-05;43.9899998889359;4400;100 mA
183.540716536604;0.450653076171875;9.58251953125003E-05;43.9999998889107;4401;100 mA
183.550716536579;0.45062255859375;9.03320312499997E-05;44.0099998888854;4402;100 mA
183.560716536554;0.45068359375;9.307861328125E-05;44.0199998888602;4403;100 mA
183.570716536528;0.450653076171875;9.42993164062503E-05;44.0299998888349;4404;100 mA
183.580716536503;0.450653076171875;9.42993164062503E-05;44.0399998888097;4405;100 mA
183.590716536478;0.45074462890625;9.58251953125003E-05;44.0499998887844;4406;100 mA
183.600716536453;0.450714111328125;9.12475585937503E-05;44.0599998887592;4407;100 mA
183.610716536428;0.450592041015625;9.09423828125006E-05;44.0699998887339;4408;100 mA
183.620716536402;0.45062255859375;9.55200195312506E-05;44.0799998887087;4409;100 mA
183.630716536377;0.45068359375;9.21630859374994E-05;44.0899998886835;4410;100 mA
183.640716536352;0.45068359375;9.67407226562495E-05;44.0999998886582;4411;100 mA
183.650716536327;0.450653076171875;9.39941406250006E-05;44.109999888633;4412;100 mA
183.660716536301;0.45068359375;9.36889648437495E-05;44.1199998886077;4413;100 mA
183.670716536276;0.45062255859375;9.42993164062503E-05;44.1299998885825;4414;100 mA
183.680716536251;0.45062255859375;9.58251953125003E-05;44.1399998885572;4415;100 mA
183.690716536226;0.45062255859375;9.55200195312506E-05;44.149999888532;4416;100 mA
183.7007165362;0.45068359375;9.88769531250003E-05;44.1599998885067;4417;100 mA
183.710716536175;0.45068359375;9.49096679687497E-05;44.1699998884815;4418;100 mA
183.72071653615;0.45062255859375;9.88769531250003E-05;44.1799998884562;4419;100 mA
183.730716536125;0.45068359375;9.18579101562497E-05;44.189999888431;4420;100 mA
183.740716536099;0.450653076171875;9.88769531250003E-05;44.1999998884057;4421;100 mA
183.750716536074;0.450653076171875;9.42993164062503E-05;44.2099998883805;4422;100 mA
183.760716536049;0.45068359375;9.1552734375E-05;44.2199998883552;4423;100 mA
183.770716536024;0.45068359375;9.03320312499997E-05;44.22999988833;4424;100 mA
183.780716535998;0.45068359375;9.06372070312495E-05;44.2399998883047;4425;100 mA
183.790716535973;0.450592041015625;0.000100097656250001;44.2499998882795;4426;100 mA
183.800716535948;0.450653076171875;0.0001007080078125;44.2599998882542;4427;100 mA
183.810716535923;0.450653076171875;9.36889648437495E-05;44.269999888229;4428;100 mA
183.820716535897;0.450592041015625;0.000100097656250001;44.2799998882037;4429;100 mA
183.830716535872;0.45068359375;9.64355468749997E-05;44.2899998881785;4430;100 mA
183.840716535847;0.45062255859375;0.00010101318359375;44.2999998881533;4431;100 mA
183.850716535822;0.450653076171875;9.1552734375E-05;44.309999888128;4432;100 mA
183.860716535796;0.450714111328125;9.12475585937503E-05;44.3199998881028;4433;100 mA
183.870716535771;0.450653076171875;9.33837890624997E-05;44.3299998880775;4434;100 mA
183.880716535746;0.45062255859375;9.307861328125E-05;44.3399998880523;4435;100 mA
183.890716535721;0.450653076171875;9.765625E-05;44.349999888027;4436;100 mA
183.900716535695;0.450592041015625;9.82666015624995E-05;44.3599998880018;4437;100 mA
183.91071653567;0.450714111328125;9.24682617187506E-05;44.3699998879765;4438;100 mA
183.920716535645;0.45068359375;9.52148437499994E-05;44.3799998879513;4439;100 mA
183.93071653562;0.450653076171875;9.307861328125E-05;44.389999887926;4440;100 mA
183.940716535594;0.45068359375;9.64355468749997E-05;44.3999998879008;4441;100 mA
183.950716535569;0.45062255859375;9.03320312499997E-05;44.4099998878755;4442;100 mA
183.960716535544;0.45068359375;9.24682617187506E-05;44.4199998878503;4443;100 mA
183.970716535519;0.45068359375;9.70458984375006E-05;44.429999887825;4444;100 mA
183.980716535493;0.450653076171875;9.42993164062503E-05;44.4399998877998;4445;100 mA
183.990716535468;0.45062255859375;0.00010223388671875;44.4499998877745;4446;100 mA
184.000716535443;0.45068359375;9.52148437499994E-05;44.4599998877493;4447;100 mA
184.010716535418;0.45062255859375;9.39941406250006E-05;44.469999887724;4448;100 mA
184.020716535392;0.450653076171875;9.79614257812497E-05;44.4799998876988;4449;100 mA
184.030716535367;0.45062255859375;9.39941406250006E-05;44.4899998876735;4450;100 mA
184.040716535342;0.45068359375;9.67407226562495E-05;44.4999998876483;4451;100 mA
184.050716535317;0.4505615234375;9.002685546875E-05;44.5099998876231;4452;100 mA
184.060716535291;0.450653076171875;9.46044921875E-05;44.5199998875978;4453;100 mA
184.070716535266;0.450653076171875;9.46044921875E-05;44.5299998875726;4454;100 mA
184.080716535241;0.450653076171875;8.72802734374997E-05;44.5399998875473;4455;100 mA
184.090716535216;0.450653076171875;9.79614257812497E-05;44.5499998875221;4456;100 mA
184.10071653519;0.450653076171875;9.52148437499994E-05;44.5599998874968;4457;100 mA
184.110716535165;0.45062255859375;9.307861328125E-05;44.5699998874716;4458;100 mA
184.12071653514;0.450653076171875;9.97924804687494E-05;44.5799998874463;4459;100 mA
184.130716535115;0.450714111328125;9.307861328125E-05;44.5899998874211;4460;100 mA
184.140716535089;0.450653076171875;0.000100097656250001;44.5999998873958;4461;100 mA
184.150716535064;0.45062255859375;9.307861328125E-05;44.6099998873706;4462;100 mA
184.160716535039;0.45062255859375;9.49096679687497E-05;44.6199998873453;4463;100 mA
184.170716535014;0.450653076171875;9.55200195312506E-05;44.6299998873201;4464;100 mA
184.180716534988;0.45068359375;9.21630859374994E-05;44.6399998872948;4465;100 mA
184.190716534963;0.45074462890625;9.97924804687494E-05;44.6499998872696;4466;100 mA
184.200716534938;0.4505615234375;9.82666015624995E-05;44.6599998872443;4467;100 mA
184.210716534913;0.45068359375;9.42993164062503E-05;44.6699998872191;4468;100 mA
184.220716534887;0.450653076171875;9.55200195312506E-05;44.6799998871938;4469;100 mA
184.230716534862;0.45062255859375;9.613037109375E-05;44.6899998871686;4470;100 mA
184.240716534837;0.45074462890625;9.67407226562495E-05;44.6999998871433;4471;100 mA
184.250716534812;0.450592041015625;9.52148437499994E-05;44.7099998871181;4472;100 mA
184.260716534786;0.450592041015625;9.42993164062503E-05;44.7199998870929;4473;100 mA
184.270716534761;0.45062255859375;9.79614257812497E-05;44.7299998870676;4474;100 mA
184.280716534736;0.450653076171875;9.1552734375E-05;44.7399998870424;4475;100 mA
184.290716534711;0.450653076171875;9.73510742187503E-05;44.7499998870171;4476;100 mA
184.300716534685;0.45068359375;9.46044921875E-05;44.7599998869919;4477;100 mA
184.31071653466;0.45062255859375;9.46044921875E-05;44.7699998869666;4478;100 mA
184.320716534635;0.450592041015625;9.94873046874997E-05;44.7799998869414;4479;100 mA
184.33071653461;0.450653076171875;9.58251953125003E-05;44.7899998869161;4480;100 mA
184.340716534584;0.450714111328125;9.918212890625E-05;44.7999998868909;4481;100 mA
184.350716534559;0.450653076171875;9.46044921875E-05;44.8099998868656;4482;100 mA
184.360716534534;0.450653076171875;9.70458984375006E-05;44.8199998868404;4483;100 mA
184.370716534509;0.45062255859375;9.82666015624995E-05;44.8299998868151;4484;100 mA
184.380716534483;0.450653076171875;9.88769531250003E-05;44.8399998867899;4485;100 mA
184.390716534458;0.45074462890625;0.00010040283203125;44.8499998867646;4486;100 mA
184.400716534433;0.45068359375;9.55200195312506E-05;44.8599998867394;4487;100 mA
184.410716534408;0.45068359375;9.33837890624997E-05;44.8699998867141;4488;100 mA
184.420716534382;0.450653076171875;0.000101318359374999;44.8799998866889;4489;100 mA
184.430716534357;0.450653076171875;9.12475585937503E-05;44.8899998866636;4490;100 mA
184.440716534332;0.450653076171875;0.00010040283203125;44.8999998866384;4491;100 mA
184.450716534307;0.45068359375;9.52148437499994E-05;44.9099998866132;4492;100 mA
184.460716534281;0.450653076171875;9.24682617187506E-05;44.9199998865879;4493;100 mA
184.470716534256;0.45062255859375;0.0001055908203125;44.9299998865627;4494;100 mA
184.480716534231;0.45068359375;9.613037109375E-05;44.9399998865374;4495;100 mA
184.490716534206;0.45068359375;9.918212890625E-05;44.9499998865122;4496;100 mA
184.50071653418;0.45068359375;9.49096679687497E-05;44.9599998864869;4497;100 mA
184.510716534155;0.450714111328125;9.33837890624997E-05;44.9699998864617;4498;100 mA
184.52071653413;0.45062255859375;9.73510742187503E-05;44.9799998864364;4499;100 mA
184.530716534105;0.45062255859375;9.24682617187506E-05;44.9899998864112;4500;100 mA
184.540716534079;0.450714111328125;0.000100097656250001;44.9999998863859;4501;100 mA
184.550716534054;0.450714111328125;9.12475585937503E-05;45.0099998863607;4502;100 mA
184.560716534029;0.450653076171875;9.307861328125E-05;45.0199998863354;4503;100 mA
184.570716534004;0.45068359375;9.88769531250003E-05;45.0299998863102;4504;100 mA
184.580716533978;0.450714111328125;9.24682617187506E-05;45.0399998862849;4505;100 mA
184.590716533953;0.45062255859375;9.70458984375006E-05;45.0499998862597;4506;100 mA
184.600716533928;0.45062255859375;9.58251953125003E-05;45.0599998862344;4507;100 mA
184.610716533903;0.45068359375;9.33837890624997E-05;45.0699998862092;4508;100 mA
184.620716533877;0.45068359375;9.39941406250006E-05;45.0799998861839;4509;100 mA
184.630716533852;0.45068359375;9.12475585937503E-05;45.0899998861587;4510;100 mA
184.640716533827;0.450653076171875;0.00010040283203125;45.0999998861334;4511;100 mA
184.650716533802;0.45062255859375;9.765625E-05;45.1099998861082;4512;100 mA
184.660716533777;0.45068359375;9.49096679687497E-05;45.119999886083;4513;100 mA
184.670716533751;0.450714111328125;9.52148437499994E-05;45.1299998860577;4514;100 mA
184.680716533726;0.450653076171875;9.24682617187506E-05;45.1399998860325;4515;100 mA
184.690716533701;0.45068359375;0.00010223388671875;45.1499998860072;4516;100 mA
184.700716533676;0.45062255859375;9.85717773437506E-05;45.159999885982;4517;100 mA
184.71071653365;0.45062255859375;9.36889648437495E-05;45.1699998859567;4518;100 mA
184.720716533625;0.450653076171875;9.39941406250006E-05;45.1799998859315;4519;100 mA
184.7307165336;0.450653076171875;9.1552734375E-05;45.1899998859062;4520;100 mA
184.740716533575;0.45062255859375;0.000100097656250001;45.199999885881;4521;100 mA
184.750716533549;0.45068359375;9.55200195312506E-05;45.2099998858557;4522;100 mA
184.760716533524;0.4505615234375;9.24682617187506E-05;45.2199998858305;4523;100 mA
184.770716533499;0.45068359375;9.79614257812497E-05;45.2299998858052;4524;100 mA
184.780716533474;0.45068359375;9.21630859374994E-05;45.23999988578;4525;100 mA
184.790716533448;0.450653076171875;0.000103149414062501;45.2499998857547;4526;100 mA
184.800716533423;0.45062255859375;9.39941406250006E-05;45.2599998857295;4527;100 mA
184.810716533398;0.450653076171875;9.73510742187503E-05;45.2699998857042;4528;100 mA
184.820716533373;0.450714111328125;9.64355468749997E-05;45.279999885679;4529;100 mA
184.830716533347;0.45062255859375;9.52148437499994E-05;45.2899998856537;4530;100 mA
184.840716533322;0.45068359375;0.000100097656250001;45.2999998856285;4531;100 mA
184.850716533297;0.450653076171875;9.55200195312506E-05;45.3099998856032;4532;100 mA
184.860716533272;0.45062255859375;9.765625E-05;45.319999885578;4533;100 mA
184.870716533246;0.45068359375;9.88769531250003E-05;45.3299998855528;4534;100 mA
184.880716533221;0.450653076171875;9.307861328125E-05;45.3399998855275;4535;100 mA
184.890716533196;0.45062255859375;0.00010223388671875;45.3499998855023;4536;100 mA
184.900716533171;0.450653076171875;9.64355468749997E-05;45.359999885477;4537;100 mA
184.910716533145;0.45062255859375;9.46044921875E-05;45.3699998854518;4538;100 mA
184.92071653312;0.45068359375;9.82666015624995E-05;45.3799998854265;4539;100 mA
184.930716533095;0.450653076171875;9.03320312499997E-05;45.3899998854013;4540;100 mA
184.94071653307;0.45062255859375;9.97924804687494E-05;45.399999885376;4541;100 mA
184.950716533044;0.45062255859375;9.73510742187503E-05;45.4099998853508;4542;100 mA
184.960716533019;0.45074462890625;9.49096679687497E-05;45.4199998853255;4543;100 mA
184.970716532994;0.45062255859375;9.58251953125003E-05;45.4299998853003;4544;100 mA
184.980716532969;0.45062255859375;9.27734375000003E-05;45.439999885275;4545;100 mA
184.990716532943;0.450653076171875;9.49096679687497E-05;45.4499998852498;4546;100 mA
185.000716532918;0.4505615234375;9.52148437499994E-05;45.4599998852245;4547;100 mA
185.010716532893;0.45062255859375;9.21630859374994E-05;45.4699998851993;4548;100 mA
185.020716532868;0.45068359375;9.85717773437506E-05;45.479999885174;4549;100 mA
185.030716532842;0.4505615234375;9.307861328125E-05;45.4899998851488;4550;100 mA
185.040716532817;0.45068359375;0.0001007080078125;45.4999998851235;4551;100 mA
185.050716532792;0.450592041015625;9.36889648437495E-05;45.5099998850983;4552;100 mA
185.060716532767;0.45068359375;9.82666015624995E-05;45.519999885073;4553;100 mA
185.070716532741;0.45062255859375;9.613037109375E-05;45.5299998850478;4554;100 mA
185.080716532716;0.450653076171875;9.1552734375E-05;45.5399998850226;4555;100 mA
185.090716532691;0.45062255859375;0.000100097656250001;45.5499998849973;4556;100 mA
185.100716532666;0.450653076171875;9.36889648437495E-05;45.5599998849721;4557;100 mA
185.11071653264;0.450653076171875;9.79614257812497E-05;45.5699998849468;4558;100 mA
185.120716532615;0.4505615234375;0.000101318359374999;45.5799998849216;4559;100 mA
185.13071653259;0.450653076171875;9.42993164062503E-05;45.5899998848963;4560;100 mA
185.140716532565;0.45068359375;0.000100097656250001;45.5999998848711;4561;100 mA
185.150716532539;0.450653076171875;9.55200195312506E-05;45.6099998848458;4562;100 mA
185.160716532514;0.45062255859375;9.39941406250006E-05;45.6199998848206;4563;100 mA
185.170716532489;0.45068359375;0.0001007080078125;45.6299998847953;4564;100 mA
185.180716532464;0.450653076171875;9.27734375000003E-05;45.6399998847701;4565;100 mA
185.190716532438;0.450653076171875;9.765625E-05;45.6499998847448;4566;100 mA
185.200716532413;0.450531005859375;0.000101318359374999;45.6599998847196;4567;100 mA
185.210716532388;0.45068359375;9.46044921875E-05;45.6699998846943;4568;100 mA
185.220716532363;0.450653076171875;9.88769531250003E-05;45.6799998846691;4569;100 mA
185.230716532337;0.45074462890625;9.613037109375E-05;45.6899998846438;4570;100 mA
185.240716532312;0.45062255859375;0.0001025390625;45.6999998846186;4571;100 mA
185.250716532287;0.45068359375;9.613037109375E-05;45.7099998845933;4572;100 mA
185.260716532262;0.450653076171875;9.97924804687494E-05;45.7199998845681;4573;100 mA
185.270716532236;0.45062255859375;0.00010040283203125;45.7299998845428;4574;100 mA
185.280716532211;0.450592041015625;9.765625E-05;45.7399998845176;4575;100 mA
185.290716532186;0.45062255859375;0.00010040283203125;45.7499998844924;4576;100 mA
185.300716532161;0.450592041015625;9.82666015624995E-05;45.7599998844671;4577;100 mA
185.310716532135;0.450531005859375;9.97924804687494E-05;45.7699998844419;4578;100 mA
185.32071653211;0.45068359375;0.00010101318359375;45.7799998844166;4579;100 mA
185.330716532085;0.45062255859375;9.70458984375006E-05;45.7899998843914;4580;100 mA
185.34071653206;0.450653076171875;0.000101318359374999;45.7999998843661;4581;100 mA
185.350716532034;0.450592041015625;9.765625E-05;45.8099998843409;4582;100 mA
185.360716532009;0.450653076171875;9.64355468749997E-05;45.8199998843156;4583;100 mA
185.370716531984;0.450653076171875;9.79614257812497E-05;45.8299998842904;4584;100 mA
185.380716531959;0.450653076171875;9.21630859374994E-05;45.8399998842651;4585;100 mA
185.390716531933;0.450714111328125;0.00010101318359375;45.8499998842399;4586;100 mA
185.400716531908;0.450653076171875;9.64355468749997E-05;45.8599998842146;4587;100 mA
185.410716531883;0.450714111328125;9.52148437499994E-05;45.8699998841894;4588;100 mA
185.420716531858;0.450653076171875;9.88769531250003E-05;45.8799998841641;4589;100 mA
185.430716531832;0.45068359375;9.33837890624997E-05;45.8899998841389;4590;100 mA
185.440716531807;0.45062255859375;0.00010040283203125;45.8999998841136;4591;100 mA
185.450716531782;0.45068359375;9.33837890624997E-05;45.9099998840884;4592;100 mA
185.460716531757;0.450653076171875;9.36889648437495E-05;45.9199998840631;4593;100 mA
185.470716531731;0.45062255859375;9.67407226562495E-05;45.9299998840379;4594;100 mA
185.480716531706;0.45062255859375;9.64355468749997E-05;45.9399998840126;4595;100 mA
185.490716531681;0.45068359375;9.79614257812497E-05;45.9499998839874;4596;100 mA
185.500716531656;0.45068359375;9.88769531250003E-05;45.9599998839622;4597;100 mA
185.51071653163;0.450653076171875;9.73510742187503E-05;45.9699998839369;4598;100 mA
185.520716531605;0.450653076171875;9.613037109375E-05;45.9799998839117;4599;100 mA
185.53071653158;0.450592041015625;9.39941406250006E-05;45.9899998838864;4600;100 mA
185.540716531555;0.450653076171875;0.00010101318359375;45.9999998838612;4601;100 mA
185.550716531529;0.450592041015625;9.82666015624995E-05;46.0099998838359;4602;100 mA
185.560716531504;0.450592041015625;9.82666015624995E-05;46.0199998838107;4603;100 mA
185.570716531479;0.45068359375;9.85717773437506E-05;46.0299998837854;4604;100 mA
185.580716531454;0.450592041015625;9.613037109375E-05;46.0399998837602;4605;100 mA
185.590716531428;0.45068359375;9.97924804687494E-05;46.0499998837349;4606;100 mA
185.600716531403;0.450653076171875;0.000101318359374999;46.0599998837097;4607;100 mA
185.610716531378;0.45062255859375;9.85717773437506E-05;46.0699998836844;4608;100 mA
185.620716531353;0.450714111328125;0.00010223388671875;46.0799998836592;4609;100 mA
185.630716531327;0.450653076171875;9.42993164062503E-05;46.0899998836339;4610;100 mA
185.640716531302;0.45062255859375;9.82666015624995E-05;46.0999998836087;4611;100 mA
185.650716531277;0.45062255859375;9.70458984375006E-05;46.1099998835834;4612;100 mA
185.660716531252;0.45068359375;9.58251953125003E-05;46.1199998835582;4613;100 mA
185.670716531227;0.450592041015625;9.613037109375E-05;46.1299998835329;4614;100 mA
185.680716531201;0.450714111328125;9.46044921875E-05;46.1399998835077;4615;100 mA
185.690716531176;0.45068359375;0.000101318359374999;46.1499998834825;4616;100 mA
185.700716531151;0.45068359375;9.58251953125003E-05;46.1599998834572;4617;100 mA
185.710716531126;0.45062255859375;9.09423828125006E-05;46.169999883432;4618;100 mA
185.7207165311;0.45062255859375;9.58251953125003E-05;46.1799998834067;4619;100 mA
185.730716531075;0.450653076171875;9.49096679687497E-05;46.1899998833815;4620;100 mA
185.74071653105;0.450714111328125;0.0001007080078125;46.1999998833562;4621;100 mA
185.750716531025;0.450531005859375;9.67407226562495E-05;46.209999883331;4622;100 mA
185.760716530999;0.450653076171875;9.82666015624995E-05;46.2199998833057;4623;100 mA
185.770716530974;0.45068359375;9.97924804687494E-05;46.2299998832805;4624;100 mA
185.780716530949;0.450653076171875;9.46044921875E-05;46.2399998832552;4625;100 mA
185.790716530924;0.450653076171875;0.00010223388671875;46.24999988323;4626;100 mA
185.800716530898;0.450653076171875;0.00010040283203125;46.2599998832047;4627;100 mA
185.810716530873;0.45062255859375;9.58251953125003E-05;46.2699998831795;4628;100 mA
185.820716530848;0.45068359375;9.765625E-05;46.2799998831542;4629;100 mA
185.830716530823;0.45062255859375;9.33837890624997E-05;46.289999883129;4630;100 mA
185.840716530797;0.45062255859375;0.00010101318359375;46.2999998831037;4631;100 mA
185.850716530772;0.450714111328125;9.64355468749997E-05;46.3099998830785;4632;100 mA
185.860716530747;0.45074462890625;9.39941406250006E-05;46.3199998830532;4633;100 mA
185.870716530722;0.45062255859375;9.613037109375E-05;46.329999883028;4634;100 mA
185.880716530696;0.45062255859375;9.33837890624997E-05;46.3399998830027;4635;100 mA
185.890716530671;0.45068359375;9.58251953125003E-05;46.3499998829775;4636;100 mA
185.900716530646;0.45062255859375;9.765625E-05;46.3599998829523;4637;100 mA
185.910716530621;0.45068359375;9.613037109375E-05;46.369999882927;4638;100 mA
185.920716530595;0.450653076171875;9.46044921875E-05;46.3799998829018;4639;100 mA
185.93071653057;0.450653076171875;9.55200195312506E-05;46.3899998828765;4640;100 mA
185.940716530545;0.450592041015625;0.00010101318359375;46.3999998828513;4641;100 mA
185.95071653052;0.450653076171875;9.18579101562497E-05;46.409999882826;4642;100 mA
185.960716530494;0.450592041015625;9.79614257812497E-05;46.4199998828008;4643;100 mA
185.970716530469;0.450653076171875;9.97924804687494E-05;46.4299998827755;4644;100 mA
185.980716530444;0.45068359375;9.58251953125003E-05;46.4399998827503;4645;100 mA
185.990716530419;0.450653076171875;0.00010101318359375;46.449999882725;4646;100 mA
186.000716530393;0.450653076171875;9.58251953125003E-05;46.4599998826998;4647;100 mA
186.010716530368;0.45068359375;9.307861328125E-05;46.4699998826745;4648;100 mA
186.020716530343;0.450653076171875;9.49096679687497E-05;46.4799998826493;4649;100 mA
186.030716530318;0.450653076171875;9.52148437499994E-05;46.489999882624;4650;100 mA
186.040716530292;0.450653076171875;9.765625E-05;46.4999998825988;4651;100 mA
186.050716530267;0.4505615234375;0.00010040283203125;46.5099998825735;4652;100 mA
186.060716530242;0.45062255859375;9.39941406250006E-05;46.5199998825483;4653;100 mA
186.070716530217;0.45068359375;9.765625E-05;46.529999882523;4654;100 mA
186.080716530191;0.450653076171875;9.55200195312506E-05;46.5399998824978;4655;100 mA
186.090716530166;0.450714111328125;0.00010223388671875;46.5499998824725;4656;100 mA
186.100716530141;0.45068359375;9.88769531250003E-05;46.5599998824473;4657;100 mA
186.110716530116;0.45068359375;9.613037109375E-05;46.5699998824221;4658;100 mA
186.12071653009;0.450653076171875;0.000104370117187499;46.5799998823968;4659;100 mA
186.130716530065;0.450592041015625;9.73510742187503E-05;46.5899998823716;4660;100 mA
186.14071653004;0.45068359375;0.0001019287109375;46.5999998823463;4661;100 mA
186.150716530015;0.450592041015625;9.85717773437506E-05;46.6099998823211;4662;100 mA
186.160716529989;0.450592041015625;9.70458984375006E-05;46.6199998822958;4663;100 mA
186.170716529964;0.450653076171875;9.613037109375E-05;46.6299998822706;4664;100 mA
186.180716529939;0.450653076171875;9.42993164062503E-05;46.6399998822453;4665;100 mA
186.190716529914;0.450653076171875;0.0001007080078125;46.6499998822201;4666;100 mA
186.200716529888;0.450653076171875;9.49096679687497E-05;46.6599998821948;4667;100 mA
186.210716529863;0.450653076171875;9.79614257812497E-05;46.6699998821696;4668;100 mA
186.220716529838;0.450714111328125;9.79614257812497E-05;46.6799998821443;4669;100 mA
186.230716529813;0.450653076171875;9.39941406250006E-05;46.6899998821191;4670;100 mA
186.240716529787;0.45062255859375;0.000102844238281249;46.6999998820938;4671;100 mA
186.250716529762;0.450714111328125;9.58251953125003E-05;46.7099998820686;4672;100 mA
186.260716529737;0.450592041015625;9.85717773437506E-05;46.7199998820433;4673;100 mA
186.270716529712;0.45068359375;0.00010040283203125;46.7299998820181;4674;100 mA
186.280716529686;0.45062255859375;9.49096679687497E-05;46.7399998819928;4675;100 mA
186.290716529661;0.450653076171875;0.0001007080078125;46.7499998819676;4676;100 mA
186.300716529636;0.450653076171875;9.88769531250003E-05;46.7599998819423;4677;100 mA
186.310716529611;0.450653076171875;9.70458984375006E-05;46.7699998819171;4678;100 mA
186.320716529585;0.45062255859375;0.000103149414062501;46.7799998818919;4679;100 mA
186.33071652956;0.450714111328125;9.24682617187506E-05;46.7899998818666;4680;100 mA
186.340716529535;0.450714111328125;9.73510742187503E-05;46.7999998818414;4681;100 mA
186.35071652951;0.450531005859375;9.82666015624995E-05;46.8099998818161;4682;100 mA
186.360716529484;0.45068359375;9.46044921875E-05;46.8199998817909;4683;100 mA
186.370716529459;0.45062255859375;9.94873046874997E-05;46.8299998817656;4684;100 mA
186.380716529434;0.45062255859375;9.002685546875E-05;46.8399998817404;4685;100 mA
186.390716529409;0.45062255859375;9.94873046874997E-05;46.8499998817151;4686;100 mA
186.400716529383;0.450653076171875;9.24682617187506E-05;46.8599998816899;4687;100 mA
186.410716529358;0.450653076171875;9.33837890624997E-05;46.8699998816646;4688;100 mA
186.420716529333;0.450714111328125;9.70458984375006E-05;46.8799998816394;4689;100 mA
186.430716529308;0.45062255859375;9.55200195312506E-05;46.8899998816141;4690;100 mA
186.440716529282;0.45068359375;0.000101318359374999;46.8999998815889;4691;100 mA
186.450716529257;0.45068359375;9.46044921875E-05;46.9099998815636;4692;100 mA
186.460716529232;0.450714111328125;9.58251953125003E-05;46.9199998815384;4693;100 mA
186.470716529207;0.450592041015625;9.82666015624995E-05;46.9299998815131;4694;100 mA
186.480716529181;0.45068359375;9.21630859374994E-05;46.9399998814879;4695;100 mA
186.490716529156;0.450714111328125;9.70458984375006E-05;46.9499998814626;4696;100 mA
186.500716529131;0.450653076171875;9.70458984375006E-05;46.9599998814374;4697;100 mA
186.510716529106;0.450653076171875;9.36889648437495E-05;46.9699998814121;4698;100 mA
186.52071652908;0.45062255859375;9.765625E-05;46.9799998813869;4699;100 mA
186.530716529055;0.45068359375;9.002685546875E-05;46.9899998813617;4700;100 mA
186.54071652903;0.450714111328125;0.000101318359374999;46.9999998813364;4701;100 mA
186.550716529005;0.45062255859375;9.918212890625E-05;47.0099998813112;4702;100 mA
186.560716528979;0.45068359375;9.82666015624995E-05;47.0199998812859;4703;100 mA
186.570716528954;0.45074462890625;0.000100097656250001;47.0299998812607;4704;100 mA
186.580716528929;0.450653076171875;9.46044921875E-05;47.0399998812354;4705;100 mA
186.590716528904;0.45068359375;0.0001007080078125;47.0499998812102;4706;100 mA
186.600716528878;0.45068359375;9.918212890625E-05;47.0599998811849;4707;100 mA
186.610716528853;0.45068359375;9.64355468749997E-05;47.0699998811597;4708;100 mA
186.620716528828;0.45062255859375;0.0001007080078125;47.0799998811344;4709;100 mA
186.630716528803;0.45068359375;8.78906250000006E-05;47.0899998811092;4710;100 mA
186.640716528777;0.450592041015625;9.613037109375E-05;47.0999998810839;4711;100 mA
186.650716528752;0.45062255859375;9.82666015624995E-05;47.1099998810587;4712;100 mA
186.660716528727;0.450653076171875;9.613037109375E-05;47.1199998810334;4713;100 mA
186.670716528702;0.45062255859375;9.73510742187503E-05;47.1299998810082;4714;100 mA
186.680716528676;0.45062255859375;9.42993164062503E-05;47.1399998809829;4715;100 mA
186.690716528651;0.45074462890625;9.918212890625E-05;47.1499998809577;4716;100 mA
186.700716528626;0.4505615234375;9.67407226562495E-05;47.1599998809324;4717;100 mA
186.710716528601;0.45068359375;9.55200195312506E-05;47.1699998809072;4718;100 mA
186.720716528576;0.450714111328125;0.000101318359374999;47.179999880882;4719;100 mA
186.73071652855;0.45068359375;9.58251953125003E-05;47.1899998808567;4720;100 mA
186.740716528525;0.45068359375;9.79614257812497E-05;47.1999998808315;4721;100 mA
186.7507165285;0.450653076171875;9.49096679687497E-05;47.2099998808062;4722;100 mA
186.760716528475;0.45062255859375;9.67407226562495E-05;47.219999880781;4723;100 mA
186.770716528449;0.450653076171875;9.82666015624995E-05;47.2299998807557;4724;100 mA
186.780716528424;0.450653076171875;9.39941406250006E-05;47.2399998807305;4725;100 mA
186.790716528399;0.45062255859375;9.94873046874997E-05;47.2499998807052;4726;100 mA
186.800716528374;0.450653076171875;9.49096679687497E-05;47.25999988068;4727;100 mA
186.810716528348;0.450653076171875;9.73510742187503E-05;47.2699998806547;4728;100 mA
186.820716528323;0.45062255859375;9.82666015624995E-05;47.2799998806295;4729;100 mA
186.830716528298;0.450592041015625;9.73510742187503E-05;47.2899998806042;4730;100 mA
186.840716528273;0.45068359375;9.765625E-05;47.299999880579;4731;100 mA
186.850716528247;0.450653076171875;0.0001007080078125;47.3099998805537;4732;100 mA
186.860716528222;0.45062255859375;9.85717773437506E-05;47.3199998805285;4733;100 mA
186.870716528197;0.45062255859375;9.70458984375006E-05;47.3299998805032;4734;100 mA
186.880716528172;0.45068359375;9.42993164062503E-05;47.339999880478;4735;100 mA
186.890716528146;0.450653076171875;9.88769531250003E-05;47.3499998804527;4736;100 mA
186.900716528121;0.45068359375;9.46044921875E-05;47.3599998804275;4737;100 mA
186.910716528096;0.45062255859375;9.70458984375006E-05;47.3699998804022;4738;100 mA
186.920716528071;0.450714111328125;0.0001007080078125;47.379999880377;4739;100 mA
186.930716528045;0.45068359375;9.36889648437495E-05;47.3899998803518;4740;100 mA
186.94071652802;0.45068359375;9.918212890625E-05;47.3999998803265;4741;100 mA
186.950716527995;0.450653076171875;9.613037109375E-05;47.4099998803013;4742;100 mA
186.96071652797;0.450653076171875;0.0001007080078125;47.419999880276;4743;100 mA
186.970716527944;0.450653076171875;9.49096679687497E-05;47.4299998802508;4744;100 mA
186.980716527919;0.45062255859375;9.55200195312506E-05;47.4399998802255;4745;100 mA
186.990716527894;0.45068359375;0.0001007080078125;47.4499998802003;4746;100 mA
187.000716527869;0.450653076171875;9.49096679687497E-05;47.459999880175;4747;100 mA
187.010716527843;0.450653076171875;9.613037109375E-05;47.4699998801498;4748;100 mA
187.020716527818;0.450714111328125;9.85717773437506E-05;47.4799998801245;4749;100 mA
187.030716527793;0.45062255859375;9.27734375000003E-05;47.4899998800993;4750;100 mA
187.040716527768;0.45068359375;9.88769531250003E-05;47.499999880074;4751;100 mA
187.050716527742;0.45068359375;9.765625E-05;47.5099998800488;4752;100 mA
187.060716527717;0.450653076171875;9.613037109375E-05;47.5199998800235;4753;100 mA
187.070716527692;0.45062255859375;9.918212890625E-05;47.5299998799983;4754;100 mA
187.080716527667;0.450653076171875;9.58251953125003E-05;47.539999879973;4755;100 mA
187.090716527641;0.45068359375;9.765625E-05;47.5499998799478;4756;100 mA
187.100716527616;0.450653076171875;9.58251953125003E-05;47.5599998799225;4757;100 mA
187.110716527591;0.45068359375;9.82666015624995E-05;47.5699998798973;4758;100 mA
187.120716527566;0.45068359375;9.82666015624995E-05;47.579999879872;4759;100 mA
187.13071652754;0.45068359375;9.55200195312506E-05;47.5899998798468;4760;100 mA
187.140716527515;0.4505615234375;0.0001019287109375;47.5999998798216;4761;100 mA
187.15071652749;0.450592041015625;0.0001007080078125;47.6099998797963;4762;100 mA
187.160716527465;0.45068359375;9.24682617187506E-05;47.6199998797711;4763;100 mA
187.170716527439;0.450714111328125;9.97924804687494E-05;47.6299998797458;4764;100 mA
187.180716527414;0.450592041015625;9.33837890624997E-05;47.6399998797206;4765;100 mA
187.190716527389;0.45062255859375;9.79614257812497E-05;47.6499998796953;4766;100 mA
187.200716527364;0.450653076171875;9.58251953125003E-05;47.6599998796701;4767;100 mA
187.210716527338;0.45062255859375;9.82666015624995E-05;47.6699998796448;4768;100 mA
187.220716527313;0.45062255859375;9.88769531250003E-05;47.6799998796196;4769;100 mA
187.230716527288;0.450653076171875;9.18579101562497E-05;47.6899998795943;4770;100 mA
187.240716527263;0.45062255859375;0.00010101318359375;47.6999998795691;4771;100 mA
187.250716527237;0.450653076171875;9.24682617187506E-05;47.7099998795438;4772;100 mA
187.260716527212;0.450592041015625;9.33837890624997E-05;47.7199998795186;4773;100 mA
187.270716527187;0.450653076171875;9.613037109375E-05;47.7299998794933;4774;100 mA
187.280716527162;0.450653076171875;9.1552734375E-05;47.7399998794681;4775;100 mA
187.290716527136;0.45068359375;9.58251953125003E-05;47.7499998794428;4776;100 mA
187.300716527111;0.45062255859375;9.55200195312506E-05;47.7599998794176;4777;100 mA
187.310716527086;0.45068359375;9.58251953125003E-05;47.7699998793923;4778;100 mA
187.320716527061;0.450653076171875;9.765625E-05;47.7799998793671;4779;100 mA
187.330716527035;0.45062255859375;9.24682617187506E-05;47.7899998793418;4780;100 mA
187.34071652701;0.450714111328125;9.918212890625E-05;47.7999998793166;4781;100 mA
187.350716526985;0.450653076171875;9.55200195312506E-05;47.8099998792914;4782;100 mA
187.36071652696;0.45068359375;9.36889648437495E-05;47.8199998792661;4783;100 mA
187.370716526934;0.45068359375;9.39941406250006E-05;47.8299998792409;4784;100 mA
187.380716526909;0.45062255859375;9.18579101562497E-05;47.8399998792156;4785;100 mA
187.390716526884;0.450653076171875;9.765625E-05;47.8499998791904;4786;100 mA
187.400716526859;0.45068359375;9.58251953125003E-05;47.8599998791651;4787;100 mA
187.410716526833;0.45068359375;9.33837890624997E-05;47.8699998791399;4788;100 mA
187.420716526808;0.45062255859375;9.85717773437506E-05;47.8799998791146;4789;100 mA
187.430716526783;0.450653076171875;9.24682617187506E-05;47.8899998790894;4790;100 mA
187.440716526758;0.45074462890625;0.000100097656250001;47.8999998790641;4791;100 mA
187.450716526732;0.450653076171875;9.49096679687497E-05;47.9099998790389;4792;100 mA
187.460716526707;0.450592041015625;9.613037109375E-05;47.9199998790136;4793;100 mA
187.470716526682;0.45068359375;9.36889648437495E-05;47.9299998789884;4794;100 mA
187.480716526657;0.45062255859375;9.06372070312495E-05;47.9399998789631;4795;100 mA
187.490716526631;0.450653076171875;9.49096679687497E-05;47.9499998789379;4796;100 mA
187.500716526606;0.45062255859375;9.42993164062503E-05;47.9599998789126;4797;100 mA
187.510716526581;0.450531005859375;9.52148437499994E-05;47.9699998788874;4798;100 mA
187.520716526556;0.45068359375;9.79614257812497E-05;47.9799998788621;4799;100 mA
187.53071652653;0.45068359375;9.39941406250006E-05;47.9899998788369;4800;100 mA
187.540716526505;0.45062255859375;0.00010223388671875;47.9999998788116;4801;100 mA
187.55071652648;0.45062255859375;9.85717773437506E-05;48.0099998787864;4802;100 mA
187.560716526455;0.450653076171875;9.55200195312506E-05;48.0199998787612;4803;100 mA
187.570716526429;0.450653076171875;9.55200195312506E-05;48.0299998787359;4804;100 mA
187.580716526404;0.45062255859375;9.12475585937503E-05;48.0399998787107;4805;100 mA
187.590716526379;0.45068359375;9.73510742187503E-05;48.0499998786854;4806;100 mA
187.600716526354;0.450653076171875;9.55200195312506E-05;48.0599998786602;4807;100 mA
187.610716526328;0.45068359375;9.42993164062503E-05;48.0699998786349;4808;100 mA
187.620716526303;0.45068359375;9.73510742187503E-05;48.0799998786097;4809;100 mA
187.630716526278;0.45062255859375;9.55200195312506E-05;48.0899998785844;4810;100 mA
187.640716526253;0.45068359375;9.94873046874997E-05;48.0999998785592;4811;100 mA
187.650716526227;0.450653076171875;9.70458984375006E-05;48.1099998785339;4812;100 mA
187.660716526202;0.45062255859375;9.70458984375006E-05;48.1199998785087;4813;100 mA
187.670716526177;0.45062255859375;0.0001019287109375;48.1299998784834;4814;100 mA
187.680716526152;0.450714111328125;9.49096679687497E-05;48.1399998784582;4815;100 mA
187.690716526126;0.450592041015625;0.000101623535156251;48.1499998784329;4816;100 mA
187.700716526101;0.450592041015625;9.46044921875E-05;48.1599998784077;4817;100 mA
187.710716526076;0.45068359375;9.33837890624997E-05;48.1699998783824;4818;100 mA
187.720716526051;0.45062255859375;9.27734375000003E-05;48.1799998783572;4819;100 mA
187.730716526026;0.45068359375;9.24682617187506E-05;48.1899998783319;4820;100 mA
187.740716526;0.450714111328125;9.33837890624997E-05;48.1999998783067;4821;100 mA
187.750716525975;0.450592041015625;9.918212890625E-05;48.2099998782815;4822;100 mA
187.76071652595;0.45068359375;9.64355468749997E-05;48.2199998782562;4823;100 mA
187.770716525925;0.450592041015625;9.67407226562495E-05;48.229999878231;4824;100 mA
187.780716525899;0.45062255859375;9.1552734375E-05;48.2399998782057;4825;100 mA
187.790716525874;0.45074462890625;9.55200195312506E-05;48.2499998781805;4826;100 mA
187.800716525849;0.45062255859375;9.55200195312506E-05;48.2599998781552;4827;100 mA
187.810716525824;0.4505615234375;9.46044921875E-05;48.26999987813;4828;100 mA
187.820716525798;0.450653076171875;9.64355468749997E-05;48.2799998781047;4829;100 mA
187.830716525773;0.45068359375;9.18579101562497E-05;48.2899998780795;4830;100 mA
187.840716525748;0.450653076171875;0.000100097656250001;48.2999998780542;4831;100 mA
187.850716525723;0.450653076171875;9.46044921875E-05;48.309999878029;4832;100 mA
187.860716525697;0.45068359375;9.1552734375E-05;48.3199998780037;4833;100 mA
187.870716525672;0.450653076171875;9.33837890624997E-05;48.3299998779785;4834;100 mA
187.880716525647;0.450714111328125;8.91113281249995E-05;48.3399998779532;4835;100 mA
187.890716525622;0.45068359375;9.36889648437495E-05;48.349999877928;4836;100 mA
187.900716525596;0.450531005859375;9.73510742187503E-05;48.3599998779027;4837;100 mA
187.910716525571;0.450653076171875;9.39941406250006E-05;48.3699998778775;4838;100 mA
187.920716525546;0.450653076171875;9.46044921875E-05;48.3799998778522;4839;100 mA
187.930716525521;0.45062255859375;9.09423828125006E-05;48.389999877827;4840;100 mA
187.940716525495;0.450653076171875;9.70458984375006E-05;48.3999998778017;4841;100 mA
187.95071652547;0.45068359375;9.1552734375E-05;48.4099998777765;4842;100 mA
187.960716525445;0.450653076171875;9.307861328125E-05;48.4199998777513;4843;100 mA
187.97071652542;0.450653076171875;9.88769531250003E-05;48.429999877726;4844;100 mA
187.980716525394;0.45068359375;9.36889648437495E-05;48.4399998777008;4845;100 mA
187.990716525369;0.450653076171875;9.94873046874997E-05;48.4499998776755;4846;100 mA
188.000716525344;0.450653076171875;9.42993164062503E-05;48.4599998776503;4847;100 mA
188.010716525319;0.450653076171875;9.42993164062503E-05;48.469999877625;4848;100 mA
188.020716525293;0.45062255859375;9.918212890625E-05;48.4799998775998;4849;100 mA
188.030716525268;0.45062255859375;9.49096679687497E-05;48.4899998775745;4850;100 mA
188.040716525243;0.450714111328125;9.94873046874997E-05;48.4999998775493;4851;100 mA
188.050716525218;0.45062255859375;9.918212890625E-05;48.509999877524;4852;100 mA
188.060716525192;0.45062255859375;9.46044921875E-05;48.5199998774988;4853;100 mA
188.070716525167;0.450653076171875;9.55200195312506E-05;48.5299998774735;4854;100 mA
188.080716525142;0.45062255859375;9.39941406250006E-05;48.5399998774483;4855;100 mA
188.090716525117;0.450653076171875;9.765625E-05;48.549999877423;4856;100 mA
188.100716525091;0.450592041015625;9.765625E-05;48.5599998773978;4857;100 mA
188.110716525066;0.450653076171875;9.55200195312506E-05;48.5699998773725;4858;100 mA
188.120716525041;0.450714111328125;9.765625E-05;48.5799998773473;4859;100 mA
188.130716525016;0.450653076171875;9.03320312499997E-05;48.589999877322;4860;100 mA
188.14071652499;0.450653076171875;9.88769531250003E-05;48.5999998772968;4861;100 mA
188.150716524965;0.450592041015625;9.55200195312506E-05;48.6099998772715;4862;100 mA
188.16071652494;0.45062255859375;9.49096679687497E-05;48.6199998772463;4863;100 mA
188.170716524915;0.45062255859375;9.46044921875E-05;48.6299998772211;4864;100 mA
188.180716524889;0.450714111328125;9.03320312499997E-05;48.6399998771958;4865;100 mA
188.190716524864;0.45068359375;9.73510742187503E-05;48.6499998771706;4866;100 mA
188.200716524839;0.45062255859375;9.46044921875E-05;48.6599998771453;4867;100 mA
188.210716524814;0.450653076171875;9.36889648437495E-05;48.6699998771201;4868;100 mA
188.220716524788;0.450592041015625;9.58251953125003E-05;48.6799998770948;4869;100 mA
188.230716524763;0.450653076171875;9.46044921875E-05;48.6899998770696;4870;100 mA
188.240716524738;0.450653076171875;9.67407226562495E-05;48.6999998770443;4871;100 mA
188.250716524713;0.4505615234375;9.33837890624997E-05;48.7099998770191;4872;100 mA
188.260716524687;0.45062255859375;9.18579101562497E-05;48.7199998769938;4873;100 mA
188.270716524662;0.450653076171875;9.73510742187503E-05;48.7299998769686;4874;100 mA
188.280716524637;0.45062255859375;9.1552734375E-05;48.7399998769433;4875;100 mA
188.290716524612;0.45062255859375;9.85717773437506E-05;48.7499998769181;4876;100 mA
188.300716524586;0.450592041015625;9.36889648437495E-05;48.7599998768928;4877;100 mA
188.310716524561;0.45074462890625;9.46044921875E-05;48.7699998768676;4878;100 mA
188.320716524536;0.45062255859375;0.000101318359374999;48.7799998768423;4879;100 mA
188.330716524511;0.450653076171875;9.18579101562497E-05;48.7899998768171;4880;100 mA
188.340716524485;0.450592041015625;9.85717773437506E-05;48.7999998767918;4881;100 mA
188.35071652446;0.450653076171875;9.12475585937503E-05;48.8099998767666;4882;100 mA
188.360716524435;0.45068359375;9.307861328125E-05;48.8199998767413;4883;100 mA
188.37071652441;0.450714111328125;9.88769531250003E-05;48.8299998767161;4884;100 mA
188.380716524384;0.45062255859375;9.613037109375E-05;48.8399998766909;4885;100 mA
188.390716524359;0.450714111328125;9.70458984375006E-05;48.8499998766656;4886;100 mA
188.400716524334;0.45068359375;9.67407226562495E-05;48.8599998766404;4887;100 mA
188.410716524309;0.45068359375;9.64355468749997E-05;48.8699998766151;4888;100 mA
188.420716524283;0.450775146484375;9.73510742187503E-05;48.8799998765899;4889;100 mA
188.430716524258;0.450653076171875;9.27734375000003E-05;48.8899998765646;4890;100 mA
188.440716524233;0.450653076171875;0.000101318359374999;48.8999998765394;4891;100 mA
188.450716524208;0.450714111328125;9.307861328125E-05;48.9099998765141;4892;100 mA
188.460716524182;0.450653076171875;9.55200195312506E-05;48.9199998764889;4893;100 mA
188.470716524157;0.45068359375;9.46044921875E-05;48.9299998764636;4894;100 mA
188.480716524132;0.450653076171875;9.307861328125E-05;48.9399998764384;4895;100 mA
188.490716524107;0.450653076171875;9.97924804687494E-05;48.9499998764131;4896;100 mA
188.500716524081;0.45062255859375;9.33837890624997E-05;48.9599998763879;4897;100 mA
188.510716524056;0.45068359375;9.09423828125006E-05;48.9699998763626;4898;100 mA
188.520716524031;0.450653076171875;9.67407226562495E-05;48.9799998763374;4899;100 mA
188.530716524006;0.450653076171875;9.39941406250006E-05;48.9899998763121;4900;100 mA
188.54071652398;0.450714111328125;9.52148437499994E-05;48.9999998762869;4901;100 mA
188.550716523955;0.450592041015625;9.24682617187506E-05;49.0099998762616;4902;100 mA
188.56071652393;0.450653076171875;9.918212890625E-05;49.0199998762364;4903;100 mA
188.570716523905;0.450653076171875;0.00010101318359375;49.0299998762111;4904;100 mA
188.580716523879;0.45068359375;9.307861328125E-05;49.0399998761859;4905;100 mA
188.590716523854;0.450714111328125;9.39941406250006E-05;49.0499998761607;4906;100 mA
188.600716523829;0.45068359375;9.42993164062503E-05;49.0599998761354;4907;100 mA
188.610716523804;0.4505615234375;9.33837890624997E-05;49.0699998761102;4908;100 mA
188.620716523778;0.450653076171875;9.613037109375E-05;49.0799998760849;4909;100 mA
188.630716523753;0.450653076171875;9.307861328125E-05;49.0899998760597;4910;100 mA
188.640716523728;0.45062255859375;0.0001025390625;49.0999998760344;4911;100 mA
188.650716523703;0.45062255859375;9.39941406250006E-05;49.1099998760092;4912;100 mA
188.660716523677;0.45068359375;9.64355468749997E-05;49.1199998759839;4913;100 mA
188.670716523652;0.450714111328125;9.85717773437506E-05;49.1299998759587;4914;100 mA
188.680716523627;0.45068359375;9.09423828125006E-05;49.1399998759334;4915;100 mA
188.690716523602;0.45062255859375;9.765625E-05;49.1499998759082;4916;100 mA
188.700716523576;0.45068359375;9.307861328125E-05;49.1599998758829;4917;100 mA
188.710716523551;0.450653076171875;9.49096679687497E-05;49.1699998758577;4918;100 mA
188.720716523526;0.450592041015625;9.88769531250003E-05;49.1799998758324;4919;100 mA
188.730716523501;0.450592041015625;9.24682617187506E-05;49.1899998758072;4920;100 mA
188.740716523475;0.450653076171875;0.00010040283203125;49.1999998757819;4921;100 mA
188.75071652345;0.450714111328125;9.24682617187506E-05;49.2099998757567;4922;100 mA
188.760716523425;0.45062255859375;9.09423828125006E-05;49.2199998757314;4923;100 mA
188.7707165234;0.45068359375;0.000100097656250001;49.2299998757062;4924;100 mA
188.780716523375;0.450653076171875;8.94165039062506E-05;49.239999875681;4925;100 mA
188.790716523349;0.45068359375;9.27734375000003E-05;49.2499998756557;4926;100 mA
188.800716523324;0.450653076171875;9.18579101562497E-05;49.2599998756305;4927;100 mA
188.810716523299;0.45062255859375;9.85717773437506E-05;49.2699998756052;4928;100 mA
188.820716523274;0.450714111328125;9.39941406250006E-05;49.27999987558;4929;100 mA
188.830716523248;0.450653076171875;8.36181640625003E-05;49.2899998755547;4930;100 mA
188.840716523223;0.450653076171875;9.52148437499994E-05;49.2999998755295;4931;100 mA
188.850716523198;0.45062255859375;9.39941406250006E-05;49.3099998755042;4932;100 mA
188.860716523173;0.45062255859375;9.67407226562495E-05;49.319999875479;4933;100 mA
188.870716523147;0.45062255859375;9.46044921875E-05;49.3299998754537;4934;100 mA
188.880716523122;0.45068359375;8.91113281249995E-05;49.3399998754285;4935;100 mA
188.890716523097;0.45062255859375;9.1552734375E-05;49.3499998754032;4936;100 mA
188.900716523072;0.450714111328125;9.12475585937503E-05;49.359999875378;4937;100 mA
188.910716523046;0.45062255859375;9.39941406250006E-05;49.3699998753527;4938;100 mA
188.920716523021;0.45068359375;9.82666015624995E-05;49.3799998753275;4939;100 mA
188.930716522996;0.450653076171875;9.24682617187506E-05;49.3899998753022;4940;100 mA
188.940716522971;0.45068359375;9.52148437499994E-05;49.399999875277;4941;100 mA
188.950716522945;0.45074462890625;9.27734375000003E-05;49.4099998752517;4942;100 mA
188.96071652292;0.450592041015625;9.55200195312506E-05;49.4199998752265;4943;100 mA
188.970716522895;0.45062255859375;9.67407226562495E-05;49.4299998752012;4944;100 mA
188.98071652287;0.45068359375;9.12475585937503E-05;49.439999875176;4945;100 mA
188.990716522844;0.45068359375;9.73510742187503E-05;49.4499998751508;4946;100 mA
189.000716522819;0.450653076171875;9.52148437499994E-05;49.4599998751255;4947;100 mA
189.010716522794;0.45068359375;9.55200195312506E-05;49.4699998751003;4948;100 mA
189.020716522769;0.45068359375;9.918212890625E-05;49.479999875075;4949;100 mA
189.030716522743;0.450714111328125;9.24682617187506E-05;49.4899998750498;4950;100 mA
189.040716522718;0.450775146484375;9.613037109375E-05;49.4999998750245;4951;100 mA
189.050716522693;0.450653076171875;9.49096679687497E-05;49.5099998749993;4952;100 mA
189.060716522668;0.45062255859375;9.307861328125E-05;49.519999874974;4953;100 mA
189.070716522642;0.45062255859375;9.39941406250006E-05;49.5299998749488;4954;100 mA
189.080716522617;0.45062255859375;9.03320312499997E-05;49.5399998749235;4955;100 mA
189.090716522592;0.45074462890625;9.46044921875E-05;49.5499998748983;4956;100 mA
189.100716522567;0.450653076171875;9.03320312499997E-05;49.559999874873;4957;100 mA
189.110716522541;0.45062255859375;9.21630859374994E-05;49.5699998748478;4958;100 mA
189.120716522516;0.450531005859375;9.36889648437495E-05;49.5799998748225;4959;100 mA
189.130716522491;0.45062255859375;9.06372070312495E-05;49.5899998747973;4960;100 mA
189.140716522466;0.45068359375;9.33837890624997E-05;49.599999874772;4961;100 mA
189.15071652244;0.45068359375;9.46044921875E-05;49.6099998747468;4962;100 mA
189.160716522415;0.450653076171875;9.33837890624997E-05;49.6199998747215;4963;100 mA
189.17071652239;0.45062255859375;9.765625E-05;49.6299998746963;4964;100 mA
189.180716522365;0.450592041015625;9.39941406250006E-05;49.639999874671;4965;100 mA
189.190716522339;0.45068359375;9.97924804687494E-05;49.6499998746458;4966;100 mA
189.200716522314;0.4505615234375;9.49096679687497E-05;49.6599998746206;4967;100 mA
189.210716522289;0.45062255859375;9.49096679687497E-05;49.6699998745953;4968;100 mA
189.220716522264;0.450653076171875;9.73510742187503E-05;49.6799998745701;4969;100 mA
189.230716522238;0.45068359375;8.697509765625E-05;49.6899998745448;4970;100 mA
189.240716522213;0.45068359375;9.70458984375006E-05;49.6999998745196;4971;100 mA
189.250716522188;0.45062255859375;9.52148437499994E-05;49.7099998744943;4972;100 mA
189.260716522163;0.450653076171875;9.55200195312506E-05;49.7199998744691;4973;100 mA
189.270716522137;0.45068359375;0.000100097656250001;49.7299998744438;4974;100 mA
189.280716522112;0.45068359375;9.002685546875E-05;49.7399998744186;4975;100 mA
189.290716522087;0.45068359375;9.36889648437495E-05;49.7499998743933;4976;100 mA
189.300716522062;0.45062255859375;9.27734375000003E-05;49.7599998743681;4977;100 mA
189.310716522036;0.45062255859375;9.24682617187506E-05;49.7699998743428;4978;100 mA
189.320716522011;0.45062255859375;9.307861328125E-05;49.7799998743176;4979;100 mA
189.330716521986;0.45062255859375;8.85009765625E-05;49.7899998742923;4980;100 mA
189.340716521961;0.45068359375;9.39941406250006E-05;49.7999998742671;4981;100 mA
189.350716521935;0.45062255859375;9.27734375000003E-05;49.8099998742418;4982;100 mA
189.36071652191;0.45068359375;9.70458984375006E-05;49.8199998742166;4983;100 mA
189.370716521885;0.450653076171875;9.918212890625E-05;49.8299998741913;4984;100 mA
189.38071652186;0.450653076171875;9.18579101562497E-05;49.8399998741661;4985;100 mA
189.390716521834;0.4505615234375;9.79614257812497E-05;49.8499998741408;4986;100 mA
189.400716521809;0.45068359375;9.307861328125E-05;49.8599998741156;4987;100 mA
189.410716521784;0.450653076171875;9.27734375000003E-05;49.8699998740904;4988;100 mA
189.420716521759;0.450653076171875;9.94873046874997E-05;49.8799998740651;4989;100 mA
189.430716521733;0.45068359375;9.1552734375E-05;49.8899998740399;4990;100 mA
189.440716521708;0.450653076171875;9.73510742187503E-05;49.8999998740146;4991;100 mA
189.450716521683;0.450653076171875;9.46044921875E-05;49.9099998739894;4992;100 mA
189.460716521658;0.450653076171875;9.42993164062503E-05;49.9199998739641;4993;100 mA
189.470716521632;0.45068359375;9.46044921875E-05;49.9299998739389;4994;100 mA
189.480716521607;0.45068359375;9.18579101562497E-05;49.9399998739136;4995;100 mA
189.490716521582;0.450653076171875;9.85717773437506E-05;49.9499998738884;4996;100 mA
189.500716521557;0.45062255859375;9.49096679687497E-05;49.9599998738631;4997;100 mA
189.510716521531;0.450592041015625;9.39941406250006E-05;49.9699998738379;4998;100 mA
189.520716521506;0.45068359375;9.58251953125003E-05;49.9799998738126;4999;100 mA
189.530716521481;0.45062255859375;9.33837890624997E-05;49.9899998737874;5000;100 mA
189.540716521456;0.45068359375;9.82666015624995E-05;49.9999998737621;5001;100 mA
189.55071652143;0.450592041015625;9.58251953125003E-05;50.0099998737369;5002;100 mA
189.560716521405;0.4505615234375;9.24682617187506E-05;50.0199998737116;5003;100 mA
189.57071652138;0.450714111328125;9.613037109375E-05;50.0299998736864;5004;100 mA
189.580716521355;0.450714111328125;8.97216796875003E-05;50.0399998736611;5005;100 mA
189.590716521329;0.450653076171875;9.765625E-05;50.0499998736359;5006;100 mA
189.600716521304;0.450653076171875;9.613037109375E-05;50.0599998736106;5007;100 mA
189.610716521279;0.450714111328125;9.39941406250006E-05;50.0699998735854;5008;100 mA
189.620716521254;0.450653076171875;9.52148437499994E-05;50.0799998735602;5009;100 mA
189.630716521228;0.45062255859375;9.1552734375E-05;50.0899998735349;5010;100 mA
189.640716521203;0.45062255859375;9.39941406250006E-05;50.0999998735097;5011;100 mA
189.650716521178;0.450714111328125;9.49096679687497E-05;50.1099998734844;5012;100 mA
189.660716521153;0.450653076171875;9.613037109375E-05;50.1199998734592;5013;100 mA
189.670716521127;0.45068359375;9.85717773437506E-05;50.1299998734339;5014;100 mA
189.680716521102;0.45062255859375;9.002685546875E-05;50.1399998734087;5015;100 mA
189.690716521077;0.450714111328125;9.64355468749997E-05;50.1499998733834;5016;100 mA
189.700716521052;0.450714111328125;9.46044921875E-05;50.1599998733582;5017;100 mA
189.710716521026;0.45062255859375;9.88769531250003E-05;50.1699998733329;5018;100 mA
189.720716521001;0.45068359375;9.79614257812497E-05;50.1799998733077;5019;100 mA
189.730716520976;0.450653076171875;9.09423828125006E-05;50.1899998732824;5020;100 mA
189.740716520951;0.450592041015625;9.85717773437506E-05;50.1999998732572;5021;100 mA
189.750716520925;0.450653076171875;9.06372070312495E-05;50.2099998732319;5022;100 mA
189.7607165209;0.450653076171875;9.58251953125003E-05;50.2199998732067;5023;100 mA
189.770716520875;0.45062255859375;9.613037109375E-05;50.2299998731814;5024;100 mA
189.78071652085;0.45068359375;8.697509765625E-05;50.2399998731562;5025;100 mA
189.790716520825;0.450653076171875;9.46044921875E-05;50.2499998731309;5026;100 mA
189.800716520799;0.45068359375;8.97216796875003E-05;50.2599998731057;5027;100 mA
189.810716520774;0.45068359375;9.36889648437495E-05;50.2699998730805;5028;100 mA
189.820716520749;0.450714111328125;9.39941406250006E-05;50.2799998730552;5029;100 mA
189.830716520724;0.45068359375;8.75854492187494E-05;50.28999987303;5030;100 mA
189.840716520698;0.450653076171875;9.67407226562495E-05;50.2999998730047;5031;100 mA
189.850716520673;0.45068359375;9.09423828125006E-05;50.3099998729795;5032;100 mA
189.860716520648;0.45062255859375;9.67407226562495E-05;50.3199998729542;5033;100 mA
189.870716520623;0.45068359375;9.94873046874997E-05;50.329999872929;5034;100 mA
189.880716520597;0.450653076171875;9.09423828125006E-05;50.3399998729037;5035;100 mA
189.890716520572;0.45068359375;9.88769531250003E-05;50.3499998728785;5036;100 mA
189.900716520547;0.450653076171875;9.33837890624997E-05;50.3599998728532;5037;100 mA
189.910716520522;0.450653076171875;9.46044921875E-05;50.369999872828;5038;100 mA
189.920716520496;0.45068359375;9.82666015624995E-05;50.3799998728027;5039;100 mA
189.930716520471;0.45068359375;9.21630859374994E-05;50.3899998727775;5040;100 mA
189.940716520446;0.450653076171875;0.000101318359374999;50.3999998727522;5041;100 mA
189.950716520421;0.450653076171875;9.42993164062503E-05;50.409999872727;5042;100 mA
189.960716520395;0.450592041015625;9.52148437499994E-05;50.4199998727017;5043;100 mA
189.97071652037;0.45062255859375;9.613037109375E-05;50.4299998726765;5044;100 mA
189.980716520345;0.450653076171875;8.91113281249995E-05;50.4399998726512;5045;100 mA
189.99071652032;0.45068359375;9.36889648437495E-05;50.449999872626;5046;100 mA
190.000716520294;0.450653076171875;9.06372070312495E-05;50.4599998726007;5047;100 mA
190.010716520269;0.45062255859375;9.36889648437495E-05;50.4699998725755;5048;100 mA
190.020716520244;0.45068359375;9.49096679687497E-05;50.4799998725503;5049;100 mA
190.030716520219;0.450653076171875;9.09423828125006E-05;50.489999872525;5050;100 mA
190.040716520193;0.450714111328125;9.58251953125003E-05;50.4999998724998;5051;100 mA
190.050716520168;0.45068359375;9.06372070312495E-05;50.5099998724745;5052;100 mA
190.060716520143;0.45062255859375;9.613037109375E-05;50.5199998724493;5053;100 mA
190.070716520118;0.450653076171875;9.88769531250003E-05;50.529999872424;5054;100 mA
190.080716520092;0.45068359375;9.06372070312495E-05;50.5399998723988;5055;100 mA
190.090716520067;0.45068359375;9.79614257812497E-05;50.5499998723735;5056;100 mA
190.100716520042;0.45062255859375;8.85009765625E-05;50.5599998723483;5057;100 mA
190.110716520017;0.45068359375;9.27734375000003E-05;50.569999872323;5058;100 mA
190.120716519991;0.45062255859375;9.67407226562495E-05;50.5799998722978;5059;100 mA
190.130716519966;0.450653076171875;9.002685546875E-05;50.5899998722725;5060;100 mA
190.140716519941;0.450592041015625;9.307861328125E-05;50.5999998722473;5061;100 mA
190.150716519916;0.45068359375;8.97216796875003E-05;50.609999872222;5062;100 mA
190.16071651989;0.450714111328125;9.21630859374994E-05;50.6199998721968;5063;100 mA
190.170716519865;0.450653076171875;9.613037109375E-05;50.6299998721715;5064;100 mA
190.18071651984;0.45062255859375;9.49096679687497E-05;50.6399998721463;5065;100 mA
190.190716519815;0.45068359375;9.36889648437495E-05;50.649999872121;5066;100 mA
190.200716519789;0.45068359375;9.002685546875E-05;50.6599998720958;5067;100 mA
190.210716519764;0.45062255859375;9.1552734375E-05;50.6699998720705;5068;100 mA
190.220716519739;0.450653076171875;9.18579101562497E-05;50.6799998720453;5069;100 mA
190.230716519714;0.45062255859375;8.91113281249995E-05;50.6899998720201;5070;100 mA
190.240716519688;0.450653076171875;9.39941406250006E-05;50.6999998719948;5071;100 mA
190.250716519663;0.450653076171875;9.03320312499997E-05;50.7099998719696;5072;100 mA
190.260716519638;0.450592041015625;9.24682617187506E-05;50.7199998719443;5073;100 mA
190.270716519613;0.450653076171875;9.307861328125E-05;50.7299998719191;5074;100 mA
190.280716519587;0.450714111328125;8.57543945312497E-05;50.7399998718938;5075;100 mA
190.290716519562;0.450653076171875;9.613037109375E-05;50.7499998718686;5076;100 mA
190.300716519537;0.450653076171875;9.09423828125006E-05;50.7599998718433;5077;100 mA
190.310716519512;0.45068359375;9.27734375000003E-05;50.7699998718181;5078;100 mA
190.320716519486;0.45074462890625;9.42993164062503E-05;50.7799998717928;5079;100 mA
190.330716519461;0.45062255859375;8.91113281249995E-05;50.7899998717676;5080;100 mA
190.340716519436;0.45062255859375;9.49096679687497E-05;50.7999998717423;5081;100 mA
190.350716519411;0.450653076171875;9.24682617187506E-05;50.8099998717171;5082;100 mA
190.360716519385;0.450714111328125;8.97216796875003E-05;50.8199998716918;5083;100 mA
190.37071651936;0.450653076171875;9.79614257812497E-05;50.8299998716666;5084;100 mA
190.380716519335;0.45068359375;9.06372070312495E-05;50.8399998716413;5085;100 mA
190.39071651931;0.450592041015625;0.000101623535156251;50.8499998716161;5086;100 mA
190.400716519284;0.450714111328125;8.97216796875003E-05;50.8599998715908;5087;100 mA
190.410716519259;0.45062255859375;9.21630859374994E-05;50.8699998715656;5088;100 mA
190.420716519234;0.450592041015625;9.82666015624995E-05;50.8799998715403;5089;100 mA
190.430716519209;0.45062255859375;9.27734375000003E-05;50.8899998715151;5090;100 mA
190.440716519183;0.450714111328125;9.88769531250003E-05;50.8999998714899;5091;100 mA
190.450716519158;0.45062255859375;9.03320312499997E-05;50.9099998714646;5092;100 mA
190.460716519133;0.450653076171875;9.64355468749997E-05;50.9199998714394;5093;100 mA
190.470716519108;0.45062255859375;0.000100097656250001;50.9299998714141;5094;100 mA
190.480716519082;0.450653076171875;9.33837890624997E-05;50.9399998713889;5095;100 mA
190.490716519057;0.45068359375;9.765625E-05;50.9499998713636;5096;100 mA
190.500716519032;0.45068359375;8.88061523437497E-05;50.9599998713384;5097;100 mA
190.510716519007;0.45062255859375;9.49096679687497E-05;50.9699998713131;5098;100 mA
190.520716518981;0.450653076171875;0.00010040283203125;50.9799998712879;5099;100 mA
190.530716518956;0.450653076171875;9.18579101562497E-05;50.9899998712626;5100;100 mA
190.540716518931;0.450592041015625;9.94873046874997E-05;50.9999998712374;5101;100 mA
190.550716518906;0.450714111328125;9.55200195312506E-05;51.0099998712121;5102;100 mA
190.56071651888;0.450653076171875;9.46044921875E-05;51.0199998711869;5103;100 mA
190.570716518855;0.450592041015625;9.613037109375E-05;51.0299998711616;5104;100 mA
190.58071651883;0.450653076171875;8.88061523437497E-05;51.0399998711364;5105;100 mA
190.590716518805;0.450653076171875;9.36889648437495E-05;51.0499998711111;5106;100 mA
190.600716518779;0.450592041015625;9.27734375000003E-05;51.0599998710859;5107;100 mA
190.610716518754;0.450592041015625;9.27734375000003E-05;51.0699998710606;5108;100 mA
190.620716518729;0.45068359375;9.67407226562495E-05;51.0799998710354;5109;100 mA
190.630716518704;0.450714111328125;8.94165039062506E-05;51.0899998710101;5110;100 mA
190.640716518678;0.45074462890625;9.85717773437506E-05;51.0999998709849;5111;100 mA
190.650716518653;0.450653076171875;9.67407226562495E-05;51.1099998709597;5112;100 mA
190.660716518628;0.45062255859375;9.46044921875E-05;51.1199998709344;5113;100 mA
190.670716518603;0.45062255859375;9.64355468749997E-05;51.1299998709092;5114;100 mA
190.680716518577;0.45068359375;9.12475585937503E-05;51.1399998708839;5115;100 mA
190.690716518552;0.450653076171875;9.73510742187503E-05;51.1499998708587;5116;100 mA
190.700716518527;0.45062255859375;9.33837890624997E-05;51.1599998708334;5117;100 mA
190.710716518502;0.45062255859375;9.52148437499994E-05;51.1699998708082;5118;100 mA
190.720716518476;0.450653076171875;9.70458984375006E-05;51.1799998707829;5119;100 mA
190.730716518451;0.45068359375;8.97216796875003E-05;51.1899998707577;5120;100 mA
190.740716518426;0.45068359375;9.52148437499994E-05;51.1999998707324;5121;100 mA
190.750716518401;0.4505615234375;9.18579101562497E-05;51.2099998707072;5122;100 mA
190.760716518375;0.45062255859375;9.765625E-05;51.2199998706819;5123;100 mA
190.77071651835;0.450592041015625;9.918212890625E-05;51.2299998706567;5124;100 mA
190.780716518325;0.450592041015625;9.002685546875E-05;51.2399998706314;5125;100 mA
190.7907165183;0.450653076171875;0.00010040283203125;51.2499998706062;5126;100 mA
190.800716518274;0.45074462890625;8.91113281249995E-05;51.2599998705809;5127;100 mA
190.810716518249;0.450653076171875;9.307861328125E-05;51.2699998705557;5128;100 mA
190.820716518224;0.450653076171875;9.79614257812497E-05;51.2799998705304;5129;100 mA
190.830716518199;0.450653076171875;9.42993164062503E-05;51.2899998705052;5130;100 mA
190.840716518174;0.450592041015625;9.70458984375006E-05;51.29999987048;5131;100 mA
190.850716518148;0.450653076171875;9.58251953125003E-05;51.3099998704547;5132;100 mA
190.860716518123;0.450653076171875;9.52148437499994E-05;51.3199998704295;5133;100 mA
190.870716518098;0.45062255859375;9.73510742187503E-05;51.3299998704042;5134;100 mA
190.880716518073;0.45062255859375;9.36889648437495E-05;51.339999870379;5135;100 mA
190.890716518047;0.450653076171875;9.70458984375006E-05;51.3499998703537;5136;100 mA
190.900716518022;0.45062255859375;9.39941406250006E-05;51.3599998703285;5137;100 mA
190.910716517997;0.450714111328125;9.55200195312506E-05;51.3699998703032;5138;100 mA
190.920716517972;0.45068359375;9.88769531250003E-05;51.379999870278;5139;100 mA
190.930716517946;0.45068359375;9.002685546875E-05;51.3899998702527;5140;100 mA
190.940716517921;0.45062255859375;0.000100097656250001;51.3999998702275;5141;100 mA
190.950716517896;0.45068359375;9.85717773437506E-05;51.4099998702022;5142;100 mA
190.960716517871;0.45074462890625;9.307861328125E-05;51.419999870177;5143;100 mA
190.970716517845;0.45062255859375;9.85717773437506E-05;51.4299998701517;5144;100 mA
190.98071651782;0.45068359375;9.12475585937503E-05;51.4399998701265;5145;100 mA
190.990716517795;0.45068359375;9.88769531250003E-05;51.4499998701012;5146;100 mA
191.00071651777;0.45074462890625;9.12475585937503E-05;51.459999870076;5147;100 mA
191.010716517744;0.450592041015625;9.67407226562495E-05;51.4699998700507;5148;100 mA
191.020716517719;0.45068359375;9.67407226562495E-05;51.4799998700255;5149;100 mA
191.030716517694;0.45068359375;8.94165039062506E-05;51.4899998700002;5150;100 mA
191.040716517669;0.450653076171875;9.613037109375E-05;51.499999869975;5151;100 mA
191.050716517643;0.450653076171875;9.613037109375E-05;51.5099998699498;5152;100 mA
191.060716517618;0.450653076171875;9.52148437499994E-05;51.5199998699245;5153;100 mA
191.070716517593;0.450653076171875;0.00010040283203125;51.5299998698993;5154;100 mA
191.080716517568;0.45062255859375;9.1552734375E-05;51.539999869874;5155;100 mA
191.090716517542;0.450653076171875;9.97924804687494E-05;51.5499998698488;5156;100 mA
191.100716517517;0.450653076171875;9.307861328125E-05;51.5599998698235;5157;100 mA
191.110716517492;0.45062255859375;9.42993164062503E-05;51.5699998697983;5158;100 mA
191.120716517467;0.45068359375;9.918212890625E-05;51.579999869773;5159;100 mA
191.130716517441;0.45068359375;8.81958007812503E-05;51.5899998697478;5160;100 mA
191.140716517416;0.4505615234375;9.82666015624995E-05;51.5999998697225;5161;100 mA
191.150716517391;0.450714111328125;9.12475585937503E-05;51.6099998696973;5162;100 mA
191.160716517366;0.450592041015625;9.79614257812497E-05;51.619999869672;5163;100 mA
191.17071651734;0.450592041015625;9.70458984375006E-05;51.6299998696468;5164;100 mA
191.180716517315;0.450653076171875;9.27734375000003E-05;51.6399998696215;5165;100 mA
191.19071651729;0.45068359375;0.000101623535156251;51.6499998695963;5166;100 mA
191.200716517265;0.450653076171875;9.42993164062503E-05;51.659999869571;5167;100 mA
191.210716517239;0.4505615234375;9.49096679687497E-05;51.6699998695458;5168;100 mA
191.220716517214;0.450653076171875;9.55200195312506E-05;51.6799998695205;5169;100 mA
191.230716517189;0.450653076171875;8.60595703124995E-05;51.6899998694953;5170;100 mA
191.240716517164;0.450714111328125;9.52148437499994E-05;51.69999986947;5171;100 mA
191.250716517138;0.450653076171875;9.24682617187506E-05;51.7099998694448;5172;100 mA
191.260716517113;0.450653076171875;9.1552734375E-05;51.7199998694196;5173;100 mA
191.270716517088;0.450714111328125;9.24682617187506E-05;51.7299998693943;5174;100 mA
191.280716517063;0.45062255859375;9.002685546875E-05;51.7399998693691;5175;100 mA
191.290716517037;0.45062255859375;9.765625E-05;51.7499998693438;5176;100 mA
191.300716517012;0.45068359375;8.91113281249995E-05;51.7599998693186;5177;100 mA
191.310716516987;0.450592041015625;9.97924804687494E-05;51.7699998692933;5178;100 mA
191.320716516962;0.45074462890625;0.00010040283203125;51.7799998692681;5179;100 mA
191.330716516936;0.450653076171875;9.18579101562497E-05;51.7899998692428;5180;100 mA
191.340716516911;0.450592041015625;9.58251953125003E-05;51.7999998692176;5181;100 mA
191.350716516886;0.45068359375;9.18579101562497E-05;51.8099998691923;5182;100 mA
191.360716516861;0.45062255859375;9.46044921875E-05;51.8199998691671;5183;100 mA
191.370716516835;0.450592041015625;9.613037109375E-05;51.8299998691418;5184;100 mA
191.38071651681;0.450653076171875;9.27734375000003E-05;51.8399998691166;5185;100 mA
191.390716516785;0.45068359375;9.94873046874997E-05;51.8499998690913;5186;100 mA
191.40071651676;0.450653076171875;9.307861328125E-05;51.8599998690661;5187;100 mA
191.410716516734;0.45068359375;9.24682617187506E-05;51.8699998690408;5188;100 mA
191.420716516709;0.450653076171875;9.49096679687497E-05;51.8799998690156;5189;100 mA
191.430716516684;0.450653076171875;8.85009765625E-05;51.8899998689903;5190;100 mA
191.440716516659;0.45062255859375;9.918212890625E-05;51.8999998689651;5191;100 mA
191.450716516633;0.450714111328125;9.36889648437495E-05;51.9099998689398;5192;100 mA
191.460716516608;0.45068359375;9.307861328125E-05;51.9199998689146;5193;100 mA
191.470716516583;0.450714111328125;9.79614257812497E-05;51.9299998688894;5194;100 mA
191.480716516558;0.450653076171875;9.12475585937503E-05;51.9399998688641;5195;100 mA
191.490716516532;0.450592041015625;9.82666015624995E-05;51.9499998688389;5196;100 mA
191.500716516507;0.450653076171875;8.72802734374997E-05;51.9599998688136;5197;100 mA
191.510716516482;0.450653076171875;9.33837890624997E-05;51.9699998687884;5198;100 mA
191.520716516457;0.4505615234375;9.39941406250006E-05;51.9799998687631;5199;100 mA
191.530716516431;0.450653076171875;8.697509765625E-05;51.9899998687379;5200;100 mA
191.540716516406;0.45068359375;0.00010040283203125;51.9999998687126;5201;100 mA
191.550716516381;0.450653076171875;9.03320312499997E-05;52.0099998686874;5202;100 mA
191.560716516356;0.45062255859375;9.46044921875E-05;52.0199998686621;5203;100 mA
191.57071651633;0.450531005859375;9.82666015624995E-05;52.0299998686369;5204;100 mA
191.580716516305;0.450714111328125;8.66699218750003E-05;52.0399998686116;5205;100 mA
191.59071651628;0.45062255859375;9.765625E-05;52.0499998685864;5206;100 mA
191.600716516255;0.450714111328125;9.70458984375006E-05;52.0599998685611;5207;100 mA
191.610716516229;0.450653076171875;9.52148437499994E-05;52.0699998685359;5208;100 mA
191.620716516204;0.45068359375;9.70458984375006E-05;52.0799998685106;5209;100 mA
191.630716516179;0.450653076171875;9.21630859374994E-05;52.0899998684854;5210;100 mA
191.640716516154;0.45062255859375;9.765625E-05;52.0999998684601;5211;100 mA
191.650716516128;0.450714111328125;9.42993164062503E-05;52.1099998684349;5212;100 mA
191.660716516103;0.450653076171875;9.27734375000003E-05;52.1199998684096;5213;100 mA
191.670716516078;0.450653076171875;9.55200195312506E-05;52.1299998683844;5214;100 mA
191.680716516053;0.450653076171875;8.88061523437497E-05;52.1399998683592;5215;100 mA
191.690716516027;0.450714111328125;9.52148437499994E-05;52.1499998683339;5216;100 mA
191.700716516002;0.45068359375;9.12475585937503E-05;52.1599998683087;5217;100 mA
191.710716515977;0.450592041015625;9.002685546875E-05;52.1699998682834;5218;100 mA
191.720716515952;0.4505615234375;9.67407226562495E-05;52.1799998682582;5219;100 mA
191.730716515926;0.450653076171875;8.91113281249995E-05;52.1899998682329;5220;100 mA
191.740716515901;0.450653076171875;9.97924804687494E-05;52.1999998682077;5221;100 mA
191.750716515876;0.450653076171875;8.94165039062506E-05;52.2099998681824;5222;100 mA
191.760716515851;0.45068359375;9.33837890624997E-05;52.2199998681572;5223;100 mA
191.770716515825;0.45068359375;9.79614257812497E-05;52.2299998681319;5224;100 mA
191.7807165158;0.450653076171875;8.97216796875003E-05;52.2399998681067;5225;100 mA
191.790716515775;0.450592041015625;0.00010101318359375;52.2499998680814;5226;100 mA
191.80071651575;0.450653076171875;9.24682617187506E-05;52.2599998680562;5227;100 mA
191.810716515724;0.45068359375;9.33837890624997E-05;52.2699998680309;5228;100 mA
191.820716515699;0.45068359375;9.64355468749997E-05;52.2799998680057;5229;100 mA
191.830716515674;0.45062255859375;8.94165039062506E-05;52.2899998679804;5230;100 mA
191.840716515649;0.45062255859375;0.00010101318359375;52.2999998679552;5231;100 mA
191.850716515624;0.45068359375;9.39941406250006E-05;52.3099998679299;5232;100 mA
191.860716515598;0.45068359375;9.52148437499994E-05;52.3199998679047;5233;100 mA
191.870716515573;0.450653076171875;0.000100097656250001;52.3299998678795;5234;100 mA
191.880716515548;0.45068359375;8.97216796875003E-05;52.3399998678542;5235;100 mA
191.890716515523;0.450653076171875;9.765625E-05;52.349999867829;5236;100 mA
191.900716515497;0.450714111328125;9.46044921875E-05;52.3599998678037;5237;100 mA
191.910716515472;0.45062255859375;9.09423828125006E-05;52.3699998677785;5238;100 mA
191.920716515447;0.450653076171875;9.70458984375006E-05;52.3799998677532;5239;100 mA
191.930716515422;0.450653076171875;9.09423828125006E-05;52.389999867728;5240;100 mA
191.940716515396;0.45062255859375;9.82666015624995E-05;52.3999998677027;5241;100 mA
191.950716515371;0.45068359375;9.21630859374994E-05;52.4099998676775;5242;100 mA
191.960716515346;0.45062255859375;9.18579101562497E-05;52.4199998676522;5243;100 mA
191.970716515321;0.450653076171875;9.70458984375006E-05;52.429999867627;5244;100 mA
191.980716515295;0.45062255859375;9.06372070312495E-05;52.4399998676017;5245;100 mA
191.99071651527;0.450653076171875;0.0001007080078125;52.4499998675765;5246;100 mA
192.000716515245;0.450653076171875;9.39941406250006E-05;52.4599998675512;5247;100 mA
192.01071651522;0.450714111328125;9.18579101562497E-05;52.469999867526;5248;100 mA
192.020716515194;0.45068359375;9.52148437499994E-05;52.4799998675007;5249;100 mA
192.030716515169;0.450592041015625;9.21630859374994E-05;52.4899998674755;5250;100 mA
192.040716515144;0.45068359375;9.64355468749997E-05;52.4999998674502;5251;100 mA
192.050716515119;0.450653076171875;9.70458984375006E-05;52.509999867425;5252;100 mA
192.060716515093;0.45068359375;9.33837890624997E-05;52.5199998673997;5253;100 mA
192.070716515068;0.450653076171875;9.79614257812497E-05;52.5299998673745;5254;100 mA
192.080716515043;0.450653076171875;8.85009765625E-05;52.5399998673493;5255;100 mA
192.090716515018;0.450592041015625;0.000101318359374999;52.549999867324;5256;100 mA
192.100716514992;0.45068359375;9.49096679687497E-05;52.5599998672988;5257;100 mA
192.110716514967;0.450653076171875;9.55200195312506E-05;52.5699998672735;5258;100 mA
192.120716514942;0.450653076171875;9.307861328125E-05;52.5799998672483;5259;100 mA
192.130716514917;0.45062255859375;9.18579101562497E-05;52.589999867223;5260;100 mA
192.140716514891;0.450592041015625;0.000100097656250001;52.5999998671978;5261;100 mA
192.150716514866;0.450714111328125;9.18579101562497E-05;52.6099998671725;5262;100 mA
192.160716514841;0.45068359375;8.94165039062506E-05;52.6199998671473;5263;100 mA
192.170716514816;0.450714111328125;9.79614257812497E-05;52.629999867122;5264;100 mA
192.18071651479;0.45068359375;8.85009765625E-05;52.6399998670968;5265;100 mA
192.190716514765;0.45068359375;9.52148437499994E-05;52.6499998670715;5266;100 mA
192.20071651474;0.45068359375;9.12475585937503E-05;52.6599998670463;5267;100 mA
192.210716514715;0.450653076171875;9.18579101562497E-05;52.669999867021;5268;100 mA
192.220716514689;0.450653076171875;9.24682617187506E-05;52.6799998669958;5269;100 mA
192.230716514664;0.450592041015625;9.002685546875E-05;52.6899998669705;5270;100 mA
192.240716514639;0.45062255859375;0.000101623535156251;52.6999998669453;5271;100 mA
192.250716514614;0.450775146484375;9.307861328125E-05;52.70999986692;5272;100 mA
192.260716514588;0.45062255859375;9.18579101562497E-05;52.7199998668948;5273;100 mA
192.270716514563;0.45068359375;8.97216796875003E-05;52.7299998668695;5274;100 mA
192.280716514538;0.450653076171875;8.36181640625003E-05;52.7399998668443;5275;100 mA
192.290716514513;0.45068359375;0.000101318359374999;52.7499998668191;5276;100 mA
192.300716514487;0.45068359375;9.42993164062503E-05;52.7599998667938;5277;100 mA
192.310716514462;0.450653076171875;9.39941406250006E-05;52.7699998667686;5278;100 mA
192.320716514437;0.450653076171875;9.39941406250006E-05;52.7799998667433;5279;100 mA
192.330716514412;0.45062255859375;9.67407226562495E-05;52.7899998667181;5280;100 mA
192.340716514386;0.450592041015625;0.000104370117187499;52.7999998666928;5281;100 mA
192.350716514361;0.450653076171875;9.46044921875E-05;52.8099998666676;5282;100 mA
192.360716514336;0.450714111328125;9.36889648437495E-05;52.8199998666423;5283;100 mA
192.370716514311;0.45068359375;9.46044921875E-05;52.8299998666171;5284;100 mA
192.380716514285;0.45062255859375;9.33837890624997E-05;52.8399998665918;5285;100 mA
192.39071651426;0.450653076171875;9.64355468749997E-05;52.8499998665666;5286;100 mA
192.400716514235;0.45062255859375;9.33837890624997E-05;52.8599998665413;5287;100 mA
192.41071651421;0.450653076171875;9.33837890624997E-05;52.8699998665161;5288;100 mA
192.420716514184;0.45062255859375;9.94873046874997E-05;52.8799998664908;5289;100 mA
192.430716514159;0.450653076171875;8.75854492187494E-05;52.8899998664656;5290;100 mA
192.440716514134;0.450653076171875;9.85717773437506E-05;52.8999998664403;5291;100 mA
192.450716514109;0.450714111328125;8.94165039062506E-05;52.9099998664151;5292;100 mA
192.460716514083;0.45068359375;8.97216796875003E-05;52.9199998663898;5293;100 mA
192.470716514058;0.45062255859375;9.55200195312506E-05;52.9299998663646;5294;100 mA
192.480716514033;0.450592041015625;9.24682617187506E-05;52.9399998663393;5295;100 mA
192.490716514008;0.45062255859375;9.67407226562495E-05;52.9499998663141;5296;100 mA
192.500716513982;0.45068359375;9.52148437499994E-05;52.9599998662889;5297;100 mA
192.510716513957;0.450653076171875;8.94165039062506E-05;52.9699998662636;5298;100 mA
192.520716513932;0.450653076171875;9.18579101562497E-05;52.9799998662384;5299;100 mA
192.530716513907;0.45068359375;8.91113281249995E-05;52.9899998662131;5300;100 mA
192.540716513881;0.45068359375;9.67407226562495E-05;52.9999998661879;5301;100 mA
192.550716513856;0.45062255859375;9.49096679687497E-05;53.0099998661626;5302;100 mA
192.560716513831;0.450653076171875;8.97216796875003E-05;53.0199998661374;5303;100 mA
192.570716513806;0.450653076171875;9.46044921875E-05;53.0299998661121;5304;100 mA
192.58071651378;0.45062255859375;9.18579101562497E-05;53.0399998660869;5305;100 mA
192.590716513755;0.450653076171875;9.36889648437495E-05;53.0499998660616;5306;100 mA
192.60071651373;0.45068359375;9.39941406250006E-05;53.0599998660364;5307;100 mA
192.610716513705;0.450653076171875;8.91113281249995E-05;53.0699998660111;5308;100 mA
192.620716513679;0.450653076171875;9.49096679687497E-05;53.0799998659859;5309;100 mA
192.630716513654;0.450592041015625;8.72802734374997E-05;53.0899998659606;5310;100 mA
192.640716513629;0.450653076171875;9.613037109375E-05;53.0999998659354;5311;100 mA
192.650716513604;0.450653076171875;9.18579101562497E-05;53.1099998659101;5312;100 mA
192.660716513578;0.450653076171875;8.91113281249995E-05;53.1199998658849;5313;100 mA
192.670716513553;0.45068359375;9.55200195312506E-05;53.1299998658596;5314;100 mA
192.680716513528;0.450653076171875;8.72802734374997E-05;53.1399998658344;5315;100 mA
192.690716513503;0.45068359375;0.000101623535156251;53.1499998658091;5316;100 mA
192.700716513477;0.450592041015625;9.36889648437495E-05;53.1599998657839;5317;100 mA
192.710716513452;0.45062255859375;9.33837890624997E-05;53.1699998657587;5318;100 mA
192.720716513427;0.450653076171875;9.24682617187506E-05;53.1799998657334;5319;100 mA
192.730716513402;0.450653076171875;8.85009765625E-05;53.1899998657082;5320;100 mA
192.740716513376;0.45062255859375;9.765625E-05;53.1999998656829;5321;100 mA
192.750716513351;0.450653076171875;9.64355468749997E-05;53.2099998656577;5322;100 mA
192.760716513326;0.450714111328125;9.33837890624997E-05;53.2199998656324;5323;100 mA
192.770716513301;0.45068359375;9.49096679687497E-05;53.2299998656072;5324;100 mA
192.780716513275;0.450653076171875;8.81958007812503E-05;53.2399998655819;5325;100 mA
192.79071651325;0.45062255859375;9.94873046874997E-05;53.2499998655567;5326;100 mA
192.800716513225;0.450653076171875;9.49096679687497E-05;53.2599998655314;5327;100 mA
192.8107165132;0.450653076171875;8.97216796875003E-05;53.2699998655062;5328;100 mA
192.820716513174;0.45062255859375;9.82666015624995E-05;53.2799998654809;5329;100 mA
192.830716513149;0.45062255859375;9.03320312499997E-05;53.2899998654557;5330;100 mA
192.840716513124;0.450653076171875;9.765625E-05;53.2999998654304;5331;100 mA
192.850716513099;0.45062255859375;9.58251953125003E-05;53.3099998654052;5332;100 mA
192.860716513073;0.450714111328125;9.33837890624997E-05;53.3199998653799;5333;100 mA
192.870716513048;0.45062255859375;9.64355468749997E-05;53.3299998653547;5334;100 mA
192.880716513023;0.450592041015625;9.18579101562497E-05;53.3399998653294;5335;100 mA
192.890716512998;0.450653076171875;9.55200195312506E-05;53.3499998653042;5336;100 mA
192.900716512973;0.450653076171875;9.36889648437495E-05;53.359999865279;5337;100 mA
192.910716512947;0.450714111328125;8.697509765625E-05;53.3699998652537;5338;100 mA
192.920716512922;0.450714111328125;9.49096679687497E-05;53.3799998652285;5339;100 mA
192.930716512897;0.450653076171875;9.1552734375E-05;53.3899998652032;5340;100 mA
192.940716512872;0.45062255859375;9.765625E-05;53.399999865178;5341;100 mA
192.950716512846;0.45068359375;9.88769531250003E-05;53.4099998651527;5342;100 mA
192.960716512821;0.45068359375;8.85009765625E-05;53.4199998651275;5343;100 mA
192.970716512796;0.450592041015625;9.67407226562495E-05;53.4299998651022;5344;100 mA
192.980716512771;0.45068359375;8.75854492187494E-05;53.439999865077;5345;100 mA
192.990716512745;0.450714111328125;9.765625E-05;53.4499998650517;5346;100 mA
193.00071651272;0.45062255859375;9.82666015624995E-05;53.4599998650265;5347;100 mA
193.010716512695;0.450653076171875;9.55200195312506E-05;53.4699998650012;5348;100 mA
193.02071651267;0.45062255859375;9.70458984375006E-05;53.479999864976;5349;100 mA
193.030716512644;0.45062255859375;9.21630859374994E-05;53.4899998649507;5350;100 mA
193.040716512619;0.450714111328125;9.39941406250006E-05;53.4999998649255;5351;100 mA
193.050716512594;0.450592041015625;9.73510742187503E-05;53.5099998649002;5352;100 mA
193.060716512569;0.450653076171875;8.97216796875003E-05;53.519999864875;5353;100 mA
193.070716512543;0.45068359375;9.42993164062503E-05;53.5299998648497;5354;100 mA
193.080716512518;0.45068359375;9.27734375000003E-05;53.5399998648245;5355;100 mA
193.090716512493;0.450653076171875;9.49096679687497E-05;53.5499998647992;5356;100 mA
193.100716512468;0.450653076171875;9.52148437499994E-05;53.559999864774;5357;100 mA
193.110716512442;0.450592041015625;9.765625E-05;53.5699998647488;5358;100 mA
193.120716512417;0.45062255859375;9.55200195312506E-05;53.5799998647235;5359;100 mA
193.130716512392;0.450592041015625;9.18579101562497E-05;53.5899998646983;5360;100 mA
193.140716512367;0.45062255859375;9.88769531250003E-05;53.599999864673;5361;100 mA
193.150716512341;0.450653076171875;9.52148437499994E-05;53.6099998646478;5362;100 mA
193.160716512316;0.45068359375;9.06372070312495E-05;53.6199998646225;5363;100 mA
193.170716512291;0.450653076171875;9.24682617187506E-05;53.6299998645973;5364;100 mA
193.180716512266;0.450653076171875;8.88061523437497E-05;53.639999864572;5365;100 mA
193.19071651224;0.450653076171875;0.0001007080078125;53.6499998645468;5366;100 mA
193.200716512215;0.450653076171875;9.73510742187503E-05;53.6599998645215;5367;100 mA
193.21071651219;0.450592041015625;9.36889648437495E-05;53.6699998644963;5368;100 mA
193.220716512165;0.450714111328125;9.55200195312506E-05;53.679999864471;5369;100 mA
193.230716512139;0.45068359375;8.81958007812503E-05;53.6899998644458;5370;100 mA
193.240716512114;0.450653076171875;9.918212890625E-05;53.6999998644205;5371;100 mA
193.250716512089;0.4505615234375;9.97924804687494E-05;53.7099998643953;5372;100 mA
193.260716512064;0.45068359375;9.36889648437495E-05;53.71999986437;5373;100 mA
193.270716512038;0.450592041015625;9.85717773437506E-05;53.7299998643448;5374;100 mA
193.280716512013;0.45068359375;8.91113281249995E-05;53.7399998643195;5375;100 mA
193.290716511988;0.4505615234375;9.82666015624995E-05;53.7499998642943;5376;100 mA
193.300716511963;0.450653076171875;9.67407226562495E-05;53.759999864269;5377;100 mA
193.310716511937;0.45068359375;9.307861328125E-05;53.7699998642438;5378;100 mA
193.320716511912;0.45062255859375;9.70458984375006E-05;53.7799998642186;5379;100 mA
193.330716511887;0.45062255859375;9.21630859374994E-05;53.7899998641933;5380;100 mA
193.340716511862;0.450653076171875;9.67407226562495E-05;53.7999998641681;5381;100 mA
193.350716511836;0.45062255859375;9.918212890625E-05;53.8099998641428;5382;100 mA
193.360716511811;0.45062255859375;9.24682617187506E-05;53.8199998641176;5383;100 mA
193.370716511786;0.45068359375;9.33837890624997E-05;53.8299998640923;5384;100 mA
193.380716511761;0.45062255859375;8.85009765625E-05;53.8399998640671;5385;100 mA
193.390716511735;0.45062255859375;9.82666015624995E-05;53.8499998640418;5386;100 mA
193.40071651171;0.45068359375;9.613037109375E-05;53.8599998640166;5387;100 mA
193.410716511685;0.45062255859375;9.24682617187506E-05;53.8699998639913;5388;100 mA
193.42071651166;0.45062255859375;9.49096679687497E-05;53.8799998639661;5389;100 mA
193.430716511634;0.450653076171875;8.88061523437497E-05;53.8899998639408;5390;100 mA
193.440716511609;0.45062255859375;9.49096679687497E-05;53.8999998639156;5391;100 mA
193.450716511584;0.450653076171875;9.58251953125003E-05;53.9099998638903;5392;100 mA
193.460716511559;0.45068359375;9.002685546875E-05;53.9199998638651;5393;100 mA
193.470716511533;0.450653076171875;9.39941406250006E-05;53.9299998638398;5394;100 mA
193.480716511508;0.45062255859375;8.94165039062506E-05;53.9399998638146;5395;100 mA
193.490716511483;0.450653076171875;9.79614257812497E-05;53.9499998637893;5396;100 mA
193.500716511458;0.450653076171875;9.46044921875E-05;53.9599998637641;5397;100 mA
193.510716511432;0.45068359375;8.97216796875003E-05;53.9699998637388;5398;100 mA
193.520716511407;0.450653076171875;9.765625E-05;53.9799998637136;5399;100 mA
193.530716511382;0.450592041015625;9.18579101562497E-05;53.9899998636884;5400;100 mA
193.540716511357;0.45068359375;9.70458984375006E-05;53.9999998636631;5401;100 mA
193.550716511331;0.450653076171875;9.73510742187503E-05;54.0099998636379;5402;100 mA
193.560716511306;0.450653076171875;9.27734375000003E-05;54.0199998636126;5403;100 mA
193.570716511281;0.450653076171875;9.70458984375006E-05;54.0299998635874;5404;100 mA
193.580716511256;0.450653076171875;8.88061523437497E-05;54.0399998635621;5405;100 mA
193.59071651123;0.450653076171875;9.49096679687497E-05;54.0499998635369;5406;100 mA
193.600716511205;0.45062255859375;9.49096679687497E-05;54.0599998635116;5407;100 mA
193.61071651118;0.450592041015625;9.21630859374994E-05;54.0699998634864;5408;100 mA
193.620716511155;0.450653076171875;9.21630859374994E-05;54.0799998634611;5409;100 mA
193.630716511129;0.450653076171875;8.63647460937506E-05;54.0899998634359;5410;100 mA
193.640716511104;0.45062255859375;9.307861328125E-05;54.0999998634106;5411;100 mA
193.650716511079;0.45062255859375;9.70458984375006E-05;54.1099998633854;5412;100 mA
193.660716511054;0.450714111328125;9.002685546875E-05;54.1199998633601;5413;100 mA
193.670716511028;0.450592041015625;9.64355468749997E-05;54.1299998633349;5414;100 mA
193.680716511003;0.45062255859375;8.85009765625E-05;54.1399998633096;5415;100 mA
193.690716510978;0.450653076171875;9.58251953125003E-05;54.1499998632844;5416;100 mA
193.700716510953;0.450714111328125;9.58251953125003E-05;54.1599998632591;5417;100 mA
193.710716510927;0.45062255859375;9.42993164062503E-05;54.1699998632339;5418;100 mA
193.720716510902;0.450653076171875;9.64355468749997E-05;54.1799998632086;5419;100 mA
193.730716510877;0.450653076171875;8.88061523437497E-05;54.1899998631834;5420;100 mA
193.740716510852;0.45062255859375;9.70458984375006E-05;54.1999998631582;5421;100 mA
193.750716510826;0.45068359375;0.00010040283203125;54.2099998631329;5422;100 mA
193.760716510801;0.45062255859375;9.67407226562495E-05;54.2199998631077;5423;100 mA
193.770716510776;0.450653076171875;0.000101318359374999;54.2299998630824;5424;100 mA
193.780716510751;0.450714111328125;9.55200195312506E-05;54.2399998630572;5425;100 mA
193.790716510725;0.45068359375;9.64355468749997E-05;54.2499998630319;5426;100 mA
193.8007165107;0.45068359375;9.67407226562495E-05;54.2599998630067;5427;100 mA
193.810716510675;0.45068359375;9.24682617187506E-05;54.2699998629814;5428;100 mA
193.82071651065;0.45068359375;9.79614257812497E-05;54.2799998629562;5429;100 mA
193.830716510624;0.450653076171875;9.12475585937503E-05;54.2899998629309;5430;100 mA
193.840716510599;0.45062255859375;9.21630859374994E-05;54.2999998629057;5431;100 mA
193.850716510574;0.45062255859375;9.82666015624995E-05;54.3099998628804;5432;100 mA
193.860716510549;0.45062255859375;9.64355468749997E-05;54.3199998628552;5433;100 mA
193.870716510523;0.450653076171875;9.49096679687497E-05;54.3299998628299;5434;100 mA
193.880716510498;0.45062255859375;8.81958007812503E-05;54.3399998628047;5435;100 mA
193.890716510473;0.45068359375;9.18579101562497E-05;54.3499998627794;5436;100 mA
193.900716510448;0.450714111328125;9.49096679687497E-05;54.3599998627542;5437;100 mA
193.910716510423;0.450592041015625;9.1552734375E-05;54.3699998627289;5438;100 mA
193.920716510397;0.4505615234375;9.64355468749997E-05;54.3799998627037;5439;100 mA
193.930716510372;0.450714111328125;9.03320312499997E-05;54.3899998626785;5440;100 mA
193.940716510347;0.450653076171875;9.46044921875E-05;54.3999998626532;5441;100 mA
193.950716510322;0.45062255859375;0.000101318359374999;54.409999862628;5442;100 mA
193.960716510296;0.450653076171875;9.18579101562497E-05;54.4199998626027;5443;100 mA
193.970716510271;0.450592041015625;9.85717773437506E-05;54.4299998625775;5444;100 mA
193.980716510246;0.450653076171875;9.002685546875E-05;54.4399998625522;5445;100 mA
193.990716510221;0.45062255859375;9.36889648437495E-05;54.449999862527;5446;100 mA
194.000716510195;0.450592041015625;9.24682617187506E-05;54.4599998625017;5447;100 mA
194.01071651017;0.450714111328125;9.27734375000003E-05;54.4699998624765;5448;100 mA
194.020716510145;0.450592041015625;0.00010223388671875;54.4799998624512;5449;100 mA
194.03071651012;0.45062255859375;9.55200195312506E-05;54.489999862426;5450;100 mA
194.040716510094;0.450653076171875;9.613037109375E-05;54.4999998624007;5451;100 mA
194.050716510069;0.450714111328125;9.97924804687494E-05;54.5099998623755;5452;100 mA
194.060716510044;0.45062255859375;9.33837890624997E-05;54.5199998623502;5453;100 mA
194.070716510019;0.45062255859375;9.70458984375006E-05;54.529999862325;5454;100 mA
194.080716509993;0.450714111328125;9.12475585937503E-05;54.5399998622997;5455;100 mA
194.090716509968;0.450653076171875;9.64355468749997E-05;54.5499998622745;5456;100 mA
194.100716509943;0.450653076171875;9.79614257812497E-05;54.5599998622492;5457;100 mA
194.110716509918;0.450653076171875;9.49096679687497E-05;54.569999862224;5458;100 mA
194.120716509892;0.45062255859375;0.000103149414062501;54.5799998621987;5459;100 mA
194.130716509867;0.45068359375;9.67407226562495E-05;54.5899998621735;5460;100 mA
194.140716509842;0.450653076171875;9.70458984375006E-05;54.5999998621483;5461;100 mA
194.150716509817;0.45068359375;9.70458984375006E-05;54.609999862123;5462;100 mA
194.160716509791;0.450653076171875;9.307861328125E-05;54.6199998620978;5463;100 mA
194.170716509766;0.45068359375;9.64355468749997E-05;54.6299998620725;5464;100 mA
194.180716509741;0.4505615234375;9.18579101562497E-05;54.6399998620473;5465;100 mA
194.190716509716;0.45062255859375;9.70458984375006E-05;54.649999862022;5466;100 mA
194.20071650969;0.45062255859375;9.85717773437506E-05;54.6599998619968;5467;100 mA
194.210716509665;0.45062255859375;9.613037109375E-05;54.6699998619715;5468;100 mA
194.22071650964;0.45062255859375;9.70458984375006E-05;54.6799998619463;5469;100 mA
194.230716509615;0.45062255859375;9.06372070312495E-05;54.689999861921;5470;100 mA
194.240716509589;0.45062255859375;9.1552734375E-05;54.6999998618958;5471;100 mA
194.250716509564;0.45062255859375;9.49096679687497E-05;54.7099998618705;5472;100 mA
194.260716509539;0.450592041015625;9.42993164062503E-05;54.7199998618453;5473;100 mA
194.270716509514;0.4505615234375;9.88769531250003E-05;54.72999986182;5474;100 mA
194.280716509488;0.45068359375;9.24682617187506E-05;54.7399998617948;5475;100 mA
194.290716509463;0.45068359375;9.36889648437495E-05;54.7499998617695;5476;100 mA
194.300716509438;0.450592041015625;9.55200195312506E-05;54.7599998617443;5477;100 mA
194.310716509413;0.450653076171875;9.18579101562497E-05;54.769999861719;5478;100 mA
194.320716509387;0.450653076171875;9.64355468749997E-05;54.7799998616938;5479;100 mA
194.330716509362;0.45062255859375;9.06372070312495E-05;54.7899998616685;5480;100 mA
194.340716509337;0.450653076171875;9.12475585937503E-05;54.7999998616433;5481;100 mA
194.350716509312;0.450653076171875;9.67407226562495E-05;54.8099998616181;5482;100 mA
194.360716509286;0.45062255859375;9.70458984375006E-05;54.8199998615928;5483;100 mA
194.370716509261;0.450714111328125;9.70458984375006E-05;54.8299998615676;5484;100 mA
194.380716509236;0.45062255859375;9.12475585937503E-05;54.8399998615423;5485;100 mA
194.390716509211;0.450592041015625;9.67407226562495E-05;54.8499998615171;5486;100 mA
194.400716509185;0.45074462890625;9.55200195312506E-05;54.8599998614918;5487;100 mA
194.41071650916;0.45062255859375;9.39941406250006E-05;54.8699998614666;5488;100 mA
194.420716509135;0.450592041015625;9.70458984375006E-05;54.8799998614413;5489;100 mA
194.43071650911;0.45062255859375;9.18579101562497E-05;54.8899998614161;5490;100 mA
194.440716509084;0.45068359375;9.12475585937503E-05;54.8999998613908;5491;100 mA
194.450716509059;0.450653076171875;9.73510742187503E-05;54.9099998613656;5492;100 mA
194.460716509034;0.450653076171875;9.27734375000003E-05;54.9199998613403;5493;100 mA
194.470716509009;0.45062255859375;9.82666015624995E-05;54.9299998613151;5494;100 mA
194.480716508983;0.45062255859375;9.12475585937503E-05;54.9399998612898;5495;100 mA
194.490716508958;0.45062255859375;9.613037109375E-05;54.9499998612646;5496;100 mA
194.500716508933;0.450653076171875;0.000101318359374999;54.9599998612393;5497;100 mA
194.510716508908;0.450592041015625;9.46044921875E-05;54.9699998612141;5498;100 mA
194.520716508882;0.45068359375;9.73510742187503E-05;54.9799998611888;5499;100 mA
194.530716508857;0.450653076171875;9.1552734375E-05;54.9899998611636;5500;100 mA
194.540716508832;0.450592041015625;9.70458984375006E-05;54.9999998611383;5501;100 mA
194.550716508807;0.450653076171875;9.613037109375E-05;55.0099998611131;5502;100 mA
194.560716508781;0.450653076171875;9.46044921875E-05;55.0199998610879;5503;100 mA
194.570716508756;0.45062255859375;9.97924804687494E-05;55.0299998610626;5504;100 mA
194.580716508731;0.450653076171875;9.27734375000003E-05;55.0399998610374;5505;100 mA
194.590716508706;0.450653076171875;9.765625E-05;55.0499998610121;5506;100 mA
194.60071650868;0.450653076171875;9.73510742187503E-05;55.0599998609869;5507;100 mA
194.610716508655;0.45068359375;9.82666015624995E-05;55.0699998609616;5508;100 mA
194.62071650863;0.450714111328125;9.918212890625E-05;55.0799998609364;5509;100 mA
194.630716508605;0.450653076171875;9.24682617187506E-05;55.0899998609111;5510;100 mA
194.640716508579;0.450775146484375;9.55200195312506E-05;55.0999998608859;5511;100 mA
194.650716508554;0.45062255859375;9.918212890625E-05;55.1099998608606;5512;100 mA
194.660716508529;0.45062255859375;9.85717773437506E-05;55.1199998608354;5513;100 mA
194.670716508504;0.450653076171875;0.0001019287109375;55.1299998608101;5514;100 mA
194.680716508478;0.45062255859375;9.55200195312506E-05;55.1399998607849;5515;100 mA
194.690716508453;0.450653076171875;9.613037109375E-05;55.1499998607596;5516;100 mA
194.700716508428;0.45062255859375;9.49096679687497E-05;55.1599998607344;5517;100 mA
194.710716508403;0.45062255859375;9.67407226562495E-05;55.1699998607091;5518;100 mA
194.720716508377;0.450714111328125;9.765625E-05;55.1799998606839;5519;100 mA
194.730716508352;0.450653076171875;9.06372070312495E-05;55.1899998606586;5520;100 mA
194.740716508327;0.450592041015625;9.46044921875E-05;55.1999998606334;5521;100 mA
194.750716508302;0.450653076171875;9.918212890625E-05;55.2099998606081;5522;100 mA
194.760716508276;0.45068359375;9.42993164062503E-05;55.2199998605829;5523;100 mA
194.770716508251;0.450592041015625;9.73510742187503E-05;55.2299998605577;5524;100 mA
194.780716508226;0.450714111328125;9.03320312499997E-05;55.2399998605324;5525;100 mA
194.790716508201;0.450653076171875;9.613037109375E-05;55.2499998605072;5526;100 mA
194.800716508175;0.450653076171875;9.55200195312506E-05;55.2599998604819;5527;100 mA
194.81071650815;0.450592041015625;9.21630859374994E-05;55.2699998604567;5528;100 mA
194.820716508125;0.45062255859375;0.000100097656250001;55.2799998604314;5529;100 mA
194.8307165081;0.45068359375;9.09423828125006E-05;55.2899998604062;5530;100 mA
194.840716508074;0.45068359375;9.03320312499997E-05;55.2999998603809;5531;100 mA
194.850716508049;0.450592041015625;9.42993164062503E-05;55.3099998603557;5532;100 mA
194.860716508024;0.450653076171875;9.24682617187506E-05;55.3199998603304;5533;100 mA
194.870716507999;0.450714111328125;9.55200195312506E-05;55.3299998603052;5534;100 mA
194.880716507973;0.450653076171875;9.09423828125006E-05;55.3399998602799;5535;100 mA
194.890716507948;0.45062255859375;9.36889648437495E-05;55.3499998602547;5536;100 mA
194.900716507923;0.45062255859375;9.82666015624995E-05;55.3599998602294;5537;100 mA
194.910716507898;0.45068359375;9.49096679687497E-05;55.3699998602042;5538;100 mA
194.920716507872;0.450653076171875;0.00010040283203125;55.3799998601789;5539;100 mA
194.930716507847;0.45068359375;9.46044921875E-05;55.3899998601537;5540;100 mA
194.940716507822;0.45068359375;9.613037109375E-05;55.3999998601284;5541;100 mA
194.950716507797;0.450714111328125;9.55200195312506E-05;55.4099998601032;5542;100 mA
194.960716507772;0.45062255859375;9.58251953125003E-05;55.419999860078;5543;100 mA
194.970716507746;0.45062255859375;0.0001019287109375;55.4299998600527;5544;100 mA
194.980716507721;0.45068359375;9.765625E-05;55.4399998600275;5545;100 mA
194.990716507696;0.45068359375;9.67407226562495E-05;55.4499998600022;5546;100 mA
195.000716507671;0.4505615234375;9.765625E-05;55.459999859977;5547;100 mA
195.010716507645;0.45062255859375;9.73510742187503E-05;55.4699998599517;5548;100 mA
195.02071650762;0.45068359375;9.73510742187503E-05;55.4799998599265;5549;100 mA
195.030716507595;0.45068359375;9.12475585937503E-05;55.4899998599012;5550;100 mA
195.04071650757;0.450592041015625;9.52148437499994E-05;55.499999859876;5551;100 mA
195.050716507544;0.450714111328125;9.58251953125003E-05;55.5099998598507;5552;100 mA
195.060716507519;0.450653076171875;9.39941406250006E-05;55.5199998598255;5553;100 mA
195.070716507494;0.45074462890625;9.613037109375E-05;55.5299998598002;5554;100 mA
195.080716507469;0.45062255859375;9.1552734375E-05;55.539999859775;5555;100 mA
195.090716507443;0.450653076171875;9.613037109375E-05;55.5499998597497;5556;100 mA
195.100716507418;0.450653076171875;9.55200195312506E-05;55.5599998597245;5557;100 mA
195.110716507393;0.45068359375;9.42993164062503E-05;55.5699998596992;5558;100 mA
195.120716507368;0.45062255859375;0.000100097656250001;55.579999859674;5559;100 mA
195.130716507342;0.45062255859375;9.52148437499994E-05;55.5899998596487;5560;100 mA
195.140716507317;0.450714111328125;9.55200195312506E-05;55.5999998596235;5561;100 mA
195.150716507292;0.450653076171875;9.55200195312506E-05;55.6099998595982;5562;100 mA
195.160716507267;0.450653076171875;9.27734375000003E-05;55.619999859573;5563;100 mA
195.170716507241;0.450653076171875;9.73510742187503E-05;55.6299998595478;5564;100 mA
195.180716507216;0.450653076171875;9.307861328125E-05;55.6399998595225;5565;100 mA
195.190716507191;0.450653076171875;9.765625E-05;55.6499998594973;5566;100 mA
195.200716507166;0.450653076171875;9.307861328125E-05;55.659999859472;5567;100 mA
195.21071650714;0.45062255859375;9.39941406250006E-05;55.6699998594468;5568;100 mA
195.220716507115;0.45068359375;9.97924804687494E-05;55.6799998594215;5569;100 mA
195.23071650709;0.450592041015625;9.46044921875E-05;55.6899998593963;5570;100 mA
195.240716507065;0.45062255859375;9.24682617187506E-05;55.699999859371;5571;100 mA
195.250716507039;0.45062255859375;9.36889648437495E-05;55.7099998593458;5572;100 mA
195.260716507014;0.450653076171875;9.42993164062503E-05;55.7199998593205;5573;100 mA
195.270716506989;0.450653076171875;9.64355468749997E-05;55.7299998592953;5574;100 mA
195.280716506964;0.45062255859375;9.42993164062503E-05;55.73999985927;5575;100 mA
195.290716506938;0.45062255859375;9.49096679687497E-05;55.7499998592448;5576;100 mA
195.300716506913;0.450653076171875;9.1552734375E-05;55.7599998592195;5577;100 mA
195.310716506888;0.45074462890625;8.94165039062506E-05;55.7699998591943;5578;100 mA
195.320716506863;0.450592041015625;9.82666015624995E-05;55.779999859169;5579;100 mA
195.330716506837;0.45062255859375;9.03320312499997E-05;55.7899998591438;5580;100 mA
195.340716506812;0.450653076171875;9.88769531250003E-05;55.7999998591185;5581;100 mA
195.350716506787;0.45068359375;9.49096679687497E-05;55.8099998590933;5582;100 mA
195.360716506762;0.450653076171875;9.12475585937503E-05;55.819999859068;5583;100 mA
195.370716506736;0.450653076171875;0.00010040283203125;55.8299998590428;5584;100 mA
195.380716506711;0.450775146484375;9.1552734375E-05;55.8399998590176;5585;100 mA
195.390716506686;0.450592041015625;0.000100097656250001;55.8499998589923;5586;100 mA
195.400716506661;0.450714111328125;9.55200195312506E-05;55.8599998589671;5587;100 mA
195.410716506635;0.450592041015625;9.67407226562495E-05;55.8699998589418;5588;100 mA
195.42071650661;0.450653076171875;0.0001007080078125;55.8799998589166;5589;100 mA
195.430716506585;0.450714111328125;9.27734375000003E-05;55.8899998588913;5590;100 mA
195.44071650656;0.4505615234375;0.000104370117187499;55.8999998588661;5591;100 mA
195.450716506534;0.450714111328125;9.88769531250003E-05;55.9099998588408;5592;100 mA
195.460716506509;0.450653076171875;0.0001019287109375;55.9199998588156;5593;100 mA
195.470716506484;0.450714111328125;9.85717773437506E-05;55.9299998587903;5594;100 mA
195.480716506459;0.450653076171875;9.55200195312506E-05;55.9399998587651;5595;100 mA
195.490716506433;0.450714111328125;9.42993164062503E-05;55.9499998587398;5596;100 mA
195.500716506408;0.450653076171875;9.765625E-05;55.9599998587146;5597;100 mA
195.510716506383;0.45062255859375;9.46044921875E-05;55.9699998586893;5598;100 mA
195.520716506358;0.450653076171875;9.85717773437506E-05;55.9799998586641;5599;100 mA
195.530716506332;0.450592041015625;9.12475585937503E-05;55.9899998586388;5600;100 mA
195.540716506307;0.450653076171875;9.765625E-05;55.9999998586136;5601;100 mA
195.550716506282;0.450714111328125;9.33837890624997E-05;56.0099998585883;5602;100 mA
195.560716506257;0.450653076171875;9.39941406250006E-05;56.0199998585631;5603;100 mA
195.570716506231;0.450653076171875;9.765625E-05;56.0299998585378;5604;100 mA
195.580716506206;0.45068359375;9.42993164062503E-05;56.0399998585126;5605;100 mA
195.590716506181;0.45062255859375;9.765625E-05;56.0499998584874;5606;100 mA
195.600716506156;0.450653076171875;9.67407226562495E-05;56.0599998584621;5607;100 mA
195.61071650613;0.450653076171875;9.918212890625E-05;56.0699998584369;5608;100 mA
195.620716506105;0.45068359375;9.85717773437506E-05;56.0799998584116;5609;100 mA
195.63071650608;0.450653076171875;9.82666015624995E-05;56.0899998583864;5610;100 mA
195.640716506055;0.45062255859375;9.97924804687494E-05;56.0999998583611;5611;100 mA
195.650716506029;0.450592041015625;9.918212890625E-05;56.1099998583359;5612;100 mA
195.660716506004;0.450653076171875;9.88769531250003E-05;56.1199998583106;5613;100 mA
195.670716505979;0.450714111328125;9.613037109375E-05;56.1299998582854;5614;100 mA
195.680716505954;0.450592041015625;9.307861328125E-05;56.1399998582601;5615;100 mA
195.690716505928;0.450653076171875;9.613037109375E-05;56.1499998582349;5616;100 mA
195.700716505903;0.450653076171875;9.88769531250003E-05;56.1599998582096;5617;100 mA
195.710716505878;0.450653076171875;9.52148437499994E-05;56.1699998581844;5618;100 mA
195.720716505853;0.450653076171875;9.85717773437506E-05;56.1799998581591;5619;100 mA
195.730716505827;0.45062255859375;9.55200195312506E-05;56.1899998581339;5620;100 mA
195.740716505802;0.45062255859375;9.765625E-05;56.1999998581086;5621;100 mA
195.750716505777;0.45068359375;9.46044921875E-05;56.2099998580834;5622;100 mA
195.760716505752;0.450653076171875;9.21630859374994E-05;56.2199998580581;5623;100 mA
195.770716505726;0.45068359375;9.918212890625E-05;56.2299998580329;5624;100 mA
195.780716505701;0.450653076171875;9.12475585937503E-05;56.2399998580076;5625;100 mA
195.790716505676;0.45062255859375;9.21630859374994E-05;56.2499998579824;5626;100 mA
195.800716505651;0.45068359375;9.613037109375E-05;56.2599998579572;5627;100 mA
195.810716505625;0.450653076171875;9.88769531250003E-05;56.2699998579319;5628;100 mA
195.8207165056;0.450592041015625;0.000104370117187499;56.2799998579067;5629;100 mA
195.830716505575;0.45062255859375;9.307861328125E-05;56.2899998578814;5630;100 mA
195.84071650555;0.45062255859375;0.00010040283203125;56.2999998578562;5631;100 mA
195.850716505524;0.450714111328125;9.55200195312506E-05;56.3099998578309;5632;100 mA
195.860716505499;0.450592041015625;9.70458984375006E-05;56.3199998578057;5633;100 mA
195.870716505474;0.450592041015625;9.85717773437506E-05;56.3299998577804;5634;100 mA
195.880716505449;0.45062255859375;9.42993164062503E-05;56.3399998577552;5635;100 mA
195.890716505423;0.450653076171875;9.49096679687497E-05;56.3499998577299;5636;100 mA
195.900716505398;0.450653076171875;9.64355468749997E-05;56.3599998577047;5637;100 mA
195.910716505373;0.45062255859375;9.70458984375006E-05;56.3699998576794;5638;100 mA
195.920716505348;0.45062255859375;0.000101318359374999;56.3799998576542;5639;100 mA
195.930716505322;0.45068359375;9.27734375000003E-05;56.3899998576289;5640;100 mA
195.940716505297;0.45062255859375;9.79614257812497E-05;56.3999998576037;5641;100 mA
195.950716505272;0.450653076171875;9.39941406250006E-05;56.4099998575784;5642;100 mA
195.960716505247;0.45062255859375;9.64355468749997E-05;56.4199998575532;5643;100 mA
195.970716505222;0.450653076171875;9.94873046874997E-05;56.4299998575279;5644;100 mA
195.980716505196;0.450592041015625;9.67407226562495E-05;56.4399998575027;5645;100 mA
195.990716505171;0.45074462890625;9.73510742187503E-05;56.4499998574775;5646;100 mA
196.000716505146;0.45068359375;9.70458984375006E-05;56.4599998574522;5647;100 mA
196.010716505121;0.450592041015625;9.52148437499994E-05;56.469999857427;5648;100 mA
196.020716505095;0.45062255859375;9.918212890625E-05;56.4799998574017;5649;100 mA
196.03071650507;0.450592041015625;9.307861328125E-05;56.4899998573765;5650;100 mA
196.040716505045;0.450653076171875;9.67407226562495E-05;56.4999998573512;5651;100 mA
196.05071650502;0.45074462890625;9.46044921875E-05;56.509999857326;5652;100 mA
196.060716504994;0.450653076171875;9.918212890625E-05;56.5199998573007;5653;100 mA
196.070716504969;0.45062255859375;0.00010101318359375;56.5299998572755;5654;100 mA
196.080716504944;0.450653076171875;9.79614257812497E-05;56.5399998572502;5655;100 mA
196.090716504919;0.45062255859375;9.79614257812497E-05;56.549999857225;5656;100 mA
196.100716504893;0.45062255859375;9.88769531250003E-05;56.5599998571997;5657;100 mA
196.110716504868;0.450653076171875;9.64355468749997E-05;56.5699998571745;5658;100 mA
196.120716504843;0.45062255859375;0.0001007080078125;56.5799998571492;5659;100 mA
196.130716504818;0.450653076171875;9.55200195312506E-05;56.589999857124;5660;100 mA
196.140716504792;0.45062255859375;0.00010345458984375;56.5999998570987;5661;100 mA
196.150716504767;0.450653076171875;9.67407226562495E-05;56.6099998570735;5662;100 mA
196.160716504742;0.45062255859375;9.79614257812497E-05;56.6199998570482;5663;100 mA
196.170716504717;0.450653076171875;0.0001019287109375;56.629999857023;5664;100 mA
196.180716504691;0.4505615234375;9.42993164062503E-05;56.6399998569977;5665;100 mA
196.190716504666;0.450714111328125;9.58251953125003E-05;56.6499998569725;5666;100 mA
196.200716504641;0.45068359375;9.49096679687497E-05;56.6599998569473;5667;100 mA
196.210716504616;0.450653076171875;9.36889648437495E-05;56.669999856922;5668;100 mA
196.22071650459;0.45068359375;0.00010040283203125;56.6799998568968;5669;100 mA
196.230716504565;0.45068359375;9.12475585937503E-05;56.6899998568715;5670;100 mA
196.24071650454;0.45068359375;0.000101318359374999;56.6999998568463;5671;100 mA
196.250716504515;0.450653076171875;9.73510742187503E-05;56.709999856821;5672;100 mA
196.260716504489;0.45062255859375;9.55200195312506E-05;56.7199998567958;5673;100 mA
196.270716504464;0.45062255859375;0.0001019287109375;56.7299998567705;5674;100 mA
196.280716504439;0.45068359375;9.18579101562497E-05;56.7399998567453;5675;100 mA
196.290716504414;0.45068359375;9.85717773437506E-05;56.74999985672;5676;100 mA
196.300716504388;0.450592041015625;9.67407226562495E-05;56.7599998566948;5677;100 mA
196.310716504363;0.450653076171875;9.55200195312506E-05;56.7699998566695;5678;100 mA
196.320716504338;0.450653076171875;0.00010528564453125;56.7799998566443;5679;100 mA
196.330716504313;0.450592041015625;9.12475585937503E-05;56.789999856619;5680;100 mA
196.340716504287;0.450653076171875;9.82666015624995E-05;56.7999998565938;5681;100 mA
196.350716504262;0.450775146484375;9.49096679687497E-05;56.8099998565685;5682;100 mA
196.360716504237;0.450653076171875;9.21630859374994E-05;56.8199998565433;5683;100 mA
196.370716504212;0.450714111328125;0.00010040283203125;56.829999856518;5684;100 mA
196.380716504186;0.450653076171875;9.12475585937503E-05;56.8399998564928;5685;100 mA
196.390716504161;0.450592041015625;0.000102844238281249;56.8499998564675;5686;100 mA
196.400716504136;0.45068359375;9.85717773437506E-05;56.8599998564423;5687;100 mA
196.410716504111;0.45062255859375;9.88769531250003E-05;56.8699998564171;5688;100 mA
196.420716504085;0.45062255859375;9.97924804687494E-05;56.8799998563918;5689;100 mA
196.43071650406;0.45068359375;9.73510742187503E-05;56.8899998563666;5690;100 mA
196.440716504035;0.450653076171875;9.88769531250003E-05;56.8999998563413;5691;100 mA
196.45071650401;0.45068359375;9.67407226562495E-05;56.9099998563161;5692;100 mA
196.460716503984;0.450714111328125;9.49096679687497E-05;56.9199998562908;5693;100 mA
196.470716503959;0.450714111328125;9.79614257812497E-05;56.9299998562656;5694;100 mA
196.480716503934;0.450714111328125;9.1552734375E-05;56.9399998562403;5695;100 mA
196.490716503909;0.45068359375;0.000101623535156251;56.9499998562151;5696;100 mA
196.500716503883;0.45068359375;9.79614257812497E-05;56.9599998561898;5697;100 mA
196.510716503858;0.450653076171875;9.33837890624997E-05;56.9699998561646;5698;100 mA
196.520716503833;0.45068359375;9.88769531250003E-05;56.9799998561393;5699;100 mA
196.530716503808;0.450592041015625;9.39941406250006E-05;56.9899998561141;5700;100 mA
196.540716503782;0.45062255859375;0.000100097656250001;56.9999998560888;5701;100 mA
196.550716503757;0.450653076171875;9.70458984375006E-05;57.0099998560636;5702;100 mA
196.560716503732;0.450592041015625;9.79614257812497E-05;57.0199998560383;5703;100 mA
196.570716503707;0.450592041015625;0.00010223388671875;57.0299998560131;5704;100 mA
196.580716503681;0.450653076171875;9.36889648437495E-05;57.0399998559878;5705;100 mA
196.590716503656;0.45068359375;9.88769531250003E-05;57.0499998559626;5706;100 mA
196.600716503631;0.45062255859375;9.82666015624995E-05;57.0599998559373;5707;100 mA
196.610716503606;0.450653076171875;9.33837890624997E-05;57.0699998559121;5708;100 mA
196.62071650358;0.45062255859375;0.00010040283203125;57.0799998558869;5709;100 mA
196.630716503555;0.45062255859375;9.307861328125E-05;57.0899998558616;5710;100 mA
196.64071650353;0.450653076171875;9.88769531250003E-05;57.0999998558364;5711;100 mA
196.650716503505;0.450653076171875;9.70458984375006E-05;57.1099998558111;5712;100 mA
196.660716503479;0.45074462890625;9.24682617187506E-05;57.1199998557859;5713;100 mA
196.670716503454;0.450653076171875;9.94873046874997E-05;57.1299998557606;5714;100 mA
196.680716503429;0.45062255859375;9.09423828125006E-05;57.1399998557354;5715;100 mA
196.690716503404;0.45068359375;9.64355468749997E-05;57.1499998557101;5716;100 mA
196.700716503378;0.45068359375;9.613037109375E-05;57.1599998556849;5717;100 mA
196.710716503353;0.45068359375;9.46044921875E-05;57.1699998556596;5718;100 mA
196.720716503328;0.45062255859375;9.67407226562495E-05;57.1799998556344;5719;100 mA
196.730716503303;0.45068359375;8.75854492187494E-05;57.1899998556091;5720;100 mA
196.740716503277;0.45068359375;9.70458984375006E-05;57.1999998555839;5721;100 mA
196.750716503252;0.450714111328125;9.67407226562495E-05;57.2099998555586;5722;100 mA
196.760716503227;0.450653076171875;9.27734375000003E-05;57.2199998555334;5723;100 mA
196.770716503202;0.450592041015625;9.918212890625E-05;57.2299998555081;5724;100 mA
196.780716503176;0.45062255859375;9.58251953125003E-05;57.2399998554829;5725;100 mA
196.790716503151;0.45068359375;0.000100097656250001;57.2499998554576;5726;100 mA
196.800716503126;0.450653076171875;9.613037109375E-05;57.2599998554324;5727;100 mA
196.810716503101;0.4505615234375;9.613037109375E-05;57.2699998554071;5728;100 mA
196.820716503075;0.45062255859375;9.88769531250003E-05;57.2799998553819;5729;100 mA
196.83071650305;0.450592041015625;9.39941406250006E-05;57.2899998553567;5730;100 mA
196.840716503025;0.45068359375;0.0001007080078125;57.2999998553314;5731;100 mA
196.850716503;0.450592041015625;9.55200195312506E-05;57.3099998553062;5732;100 mA
196.860716502974;0.45068359375;9.55200195312506E-05;57.3199998552809;5733;100 mA
196.870716502949;0.450653076171875;0.00010040283203125;57.3299998552557;5734;100 mA
196.880716502924;0.450653076171875;9.18579101562497E-05;57.3399998552304;5735;100 mA
196.890716502899;0.45062255859375;0.000103149414062501;57.3499998552052;5736;100 mA
196.900716502873;0.450714111328125;0.0001019287109375;57.3599998551799;5737;100 mA
196.910716502848;0.450714111328125;9.33837890624997E-05;57.3699998551547;5738;100 mA
196.920716502823;0.450653076171875;9.97924804687494E-05;57.3799998551294;5739;100 mA
196.930716502798;0.450653076171875;9.09423828125006E-05;57.3899998551042;5740;100 mA
196.940716502772;0.45062255859375;0.000102844238281249;57.3999998550789;5741;100 mA
196.950716502747;0.450653076171875;9.67407226562495E-05;57.4099998550537;5742;100 mA
196.960716502722;0.450653076171875;9.67407226562495E-05;57.4199998550284;5743;100 mA
196.970716502697;0.450653076171875;9.97924804687494E-05;57.4299998550032;5744;100 mA
196.980716502671;0.450653076171875;9.09423828125006E-05;57.4399998549779;5745;100 mA
196.990716502646;0.45062255859375;9.79614257812497E-05;57.4499998549527;5746;100 mA
197.000716502621;0.450714111328125;9.39941406250006E-05;57.4599998549274;5747;100 mA
197.010716502596;0.450714111328125;9.307861328125E-05;57.4699998549022;5748;100 mA
197.020716502571;0.450714111328125;9.70458984375006E-05;57.479999854877;5749;100 mA
197.030716502545;0.45062255859375;9.06372070312495E-05;57.4899998548517;5750;100 mA
197.04071650252;0.450531005859375;0.000102844238281249;57.4999998548265;5751;100 mA
197.050716502495;0.450653076171875;9.97924804687494E-05;57.5099998548012;5752;100 mA
197.06071650247;0.45068359375;9.33837890624997E-05;57.519999854776;5753;100 mA
197.070716502444;0.450653076171875;9.613037109375E-05;57.5299998547507;5754;100 mA
197.080716502419;0.45062255859375;8.94165039062506E-05;57.5399998547255;5755;100 mA
197.090716502394;0.45062255859375;9.82666015624995E-05;57.5499998547002;5756;100 mA
197.100716502369;0.450653076171875;9.613037109375E-05;57.559999854675;5757;100 mA
197.110716502343;0.450653076171875;9.21630859374994E-05;57.5699998546497;5758;100 mA
197.120716502318;0.45062255859375;9.765625E-05;57.5799998546245;5759;100 mA
197.130716502293;0.450714111328125;9.09423828125006E-05;57.5899998545992;5760;100 mA
197.140716502268;0.450714111328125;9.73510742187503E-05;57.599999854574;5761;100 mA
197.150716502242;0.45062255859375;9.67407226562495E-05;57.6099998545487;5762;100 mA
197.160716502217;0.450653076171875;9.307861328125E-05;57.6199998545235;5763;100 mA
197.170716502192;0.45068359375;9.64355468749997E-05;57.6299998544982;5764;100 mA
197.180716502167;0.45068359375;9.002685546875E-05;57.639999854473;5765;100 mA
197.190716502141;0.45062255859375;9.55200195312506E-05;57.6499998544477;5766;100 mA
197.200716502116;0.450592041015625;9.55200195312506E-05;57.6599998544225;5767;100 mA
197.210716502091;0.450714111328125;9.33837890624997E-05;57.6699998543972;5768;100 mA
197.220716502066;0.450653076171875;9.55200195312506E-05;57.679999854372;5769;100 mA
197.23071650204;0.45068359375;9.09423828125006E-05;57.6899998543468;5770;100 mA
197.240716502015;0.450592041015625;9.79614257812497E-05;57.6999998543215;5771;100 mA
197.25071650199;0.450653076171875;9.765625E-05;57.7099998542963;5772;100 mA
197.260716501965;0.45068359375;9.18579101562497E-05;57.719999854271;5773;100 mA
197.270716501939;0.450653076171875;9.765625E-05;57.7299998542458;5774;100 mA
197.280716501914;0.45074462890625;8.78906250000006E-05;57.7399998542205;5775;100 mA
197.290716501889;0.45068359375;9.79614257812497E-05;57.7499998541953;5776;100 mA
197.300716501864;0.45068359375;9.18579101562497E-05;57.75999985417;5777;100 mA
197.310716501838;0.45062255859375;9.85717773437506E-05;57.7699998541448;5778;100 mA
197.320716501813;0.45062255859375;9.79614257812497E-05;57.7799998541195;5779;100 mA
197.330716501788;0.45062255859375;9.12475585937503E-05;57.7899998540943;5780;100 mA
197.340716501763;0.45068359375;9.82666015624995E-05;57.799999854069;5781;100 mA
197.350716501737;0.450592041015625;9.765625E-05;57.8099998540438;5782;100 mA
197.360716501712;0.45068359375;8.94165039062506E-05;57.8199998540185;5783;100 mA
197.370716501687;0.45062255859375;9.82666015624995E-05;57.8299998539933;5784;100 mA
197.380716501662;0.45074462890625;9.1552734375E-05;57.839999853968;5785;100 mA
197.390716501636;0.4505615234375;0.00010101318359375;57.8499998539428;5786;100 mA
197.400716501611;0.450653076171875;0.000101318359374999;57.8599998539175;5787;100 mA
197.410716501586;0.450653076171875;9.70458984375006E-05;57.8699998538923;5788;100 mA
197.420716501561;0.45068359375;9.765625E-05;57.879999853867;5789;100 mA
197.430716501535;0.45068359375;8.85009765625E-05;57.8899998538418;5790;100 mA
197.44071650151;0.45068359375;9.70458984375006E-05;57.8999998538166;5791;100 mA
197.450716501485;0.45062255859375;9.82666015624995E-05;57.9099998537913;5792;100 mA
197.46071650146;0.450653076171875;9.24682617187506E-05;57.9199998537661;5793;100 mA
197.470716501434;0.45062255859375;9.765625E-05;57.9299998537408;5794;100 mA
197.480716501409;0.450592041015625;9.21630859374994E-05;57.9399998537156;5795;100 mA
197.490716501384;0.45068359375;9.85717773437506E-05;57.9499998536903;5796;100 mA
197.500716501359;0.45062255859375;9.64355468749997E-05;57.9599998536651;5797;100 mA
197.510716501333;0.45062255859375;9.27734375000003E-05;57.9699998536398;5798;100 mA
197.520716501308;0.450653076171875;9.85717773437506E-05;57.9799998536146;5799;100 mA
197.530716501283;0.450653076171875;9.36889648437495E-05;57.9899998535893;5800;100 mA
197.540716501258;0.45068359375;9.67407226562495E-05;57.9999998535641;5801;100 mA
197.550716501232;0.45062255859375;0.00010345458984375;58.0099998535388;5802;100 mA
197.560716501207;0.45062255859375;9.03320312499997E-05;58.0199998535136;5803;100 mA
197.570716501182;0.45068359375;9.765625E-05;58.0299998534883;5804;100 mA
197.580716501157;0.45068359375;9.03320312499997E-05;58.0399998534631;5805;100 mA
197.590716501131;0.45068359375;9.73510742187503E-05;58.0499998534378;5806;100 mA
197.600716501106;0.450653076171875;9.52148437499994E-05;58.0599998534126;5807;100 mA
197.610716501081;0.450653076171875;9.33837890624997E-05;58.0699998533873;5808;100 mA
197.620716501056;0.450653076171875;9.67407226562495E-05;58.0799998533621;5809;100 mA
197.63071650103;0.450653076171875;8.91113281249995E-05;58.0899998533368;5810;100 mA
197.640716501005;0.45062255859375;0.00010040283203125;58.0999998533116;5811;100 mA
197.65071650098;0.450653076171875;9.70458984375006E-05;58.1099998532864;5812;100 mA
197.660716500955;0.45068359375;9.21630859374994E-05;58.1199998532611;5813;100 mA
197.670716500929;0.450653076171875;9.73510742187503E-05;58.1299998532359;5814;100 mA
197.680716500904;0.450714111328125;8.78906250000006E-05;58.1399998532106;5815;100 mA
197.690716500879;0.45062255859375;9.613037109375E-05;58.1499998531854;5816;100 mA
197.700716500854;0.45062255859375;9.52148437499994E-05;58.1599998531601;5817;100 mA
197.710716500828;0.450714111328125;9.33837890624997E-05;58.1699998531349;5818;100 mA
197.720716500803;0.45068359375;0.00010101318359375;58.1799998531096;5819;100 mA
197.730716500778;0.45068359375;8.78906250000006E-05;58.1899998530844;5820;100 mA
197.740716500753;0.450653076171875;9.55200195312506E-05;58.1999998530591;5821;100 mA
197.750716500727;0.45062255859375;9.613037109375E-05;58.2099998530339;5822;100 mA
197.760716500702;0.45068359375;9.36889648437495E-05;58.2199998530086;5823;100 mA
197.770716500677;0.450592041015625;9.85717773437506E-05;58.2299998529834;5824;100 mA
197.780716500652;0.45062255859375;9.27734375000003E-05;58.2399998529581;5825;100 mA
197.790716500626;0.450714111328125;9.94873046874997E-05;58.2499998529329;5826;100 mA
197.800716500601;0.45068359375;9.52148437499994E-05;58.2599998529076;5827;100 mA
197.810716500576;0.450714111328125;9.24682617187506E-05;58.2699998528824;5828;100 mA
197.820716500551;0.450653076171875;9.85717773437506E-05;58.2799998528571;5829;100 mA
197.830716500525;0.45062255859375;8.97216796875003E-05;58.2899998528319;5830;100 mA
197.8407165005;0.45068359375;9.613037109375E-05;58.2999998528066;5831;100 mA
197.850716500475;0.450653076171875;9.79614257812497E-05;58.3099998527814;5832;100 mA
197.86071650045;0.450592041015625;9.307861328125E-05;58.3199998527562;5833;100 mA
197.870716500424;0.450714111328125;9.67407226562495E-05;58.3299998527309;5834;100 mA
197.880716500399;0.45062255859375;8.94165039062506E-05;58.3399998527057;5835;100 mA
197.890716500374;0.450653076171875;9.49096679687497E-05;58.3499998526804;5836;100 mA
197.900716500349;0.450653076171875;9.82666015624995E-05;58.3599998526552;5837;100 mA
197.910716500323;0.45062255859375;9.12475585937503E-05;58.3699998526299;5838;100 mA
197.920716500298;0.45068359375;9.70458984375006E-05;58.3799998526047;5839;100 mA
197.930716500273;0.45062255859375;8.97216796875003E-05;58.3899998525794;5840;100 mA
197.940716500248;0.450653076171875;9.82666015624995E-05;58.3999998525542;5841;100 mA
197.950716500222;0.450653076171875;0.000100097656250001;58.4099998525289;5842;100 mA
197.960716500197;0.45068359375;8.97216796875003E-05;58.4199998525037;5843;100 mA
197.970716500172;0.450592041015625;9.82666015624995E-05;58.4299998524784;5844;100 mA
197.980716500147;0.45062255859375;8.78906250000006E-05;58.4399998524532;5845;100 mA
197.990716500121;0.450653076171875;9.79614257812497E-05;58.4499998524279;5846;100 mA
198.000716500096;0.450714111328125;9.58251953125003E-05;58.4599998524027;5847;100 mA
198.010716500071;0.450653076171875;9.03320312499997E-05;58.4699998523774;5848;100 mA
198.020716500046;0.450653076171875;9.42993164062503E-05;58.4799998523522;5849;100 mA
198.030716500021;0.45068359375;8.17871093750006E-05;58.4899998523269;5850;100 mA
198.040716499995;0.450592041015625;9.82666015624995E-05;58.4999998523017;5851;100 mA
198.05071649997;0.45068359375;9.70458984375006E-05;58.5099998522765;5852;100 mA
198.060716499945;0.45062255859375;9.49096679687497E-05;58.5199998522512;5853;100 mA
198.07071649992;0.45068359375;9.88769531250003E-05;58.529999852226;5854;100 mA
198.080716499894;0.45068359375;8.81958007812503E-05;58.5399998522007;5855;100 mA
198.090716499869;0.45062255859375;9.49096679687497E-05;58.5499998521755;5856;100 mA
198.100716499844;0.45068359375;9.42993164062503E-05;58.5599998521502;5857;100 mA
198.110716499819;0.450714111328125;8.78906250000006E-05;58.569999852125;5858;100 mA
198.120716499793;0.450653076171875;9.94873046874997E-05;58.5799998520997;5859;100 mA
198.130716499768;0.45062255859375;9.002685546875E-05;58.5899998520745;5860;100 mA
198.140716499743;0.450714111328125;9.24682617187506E-05;58.5999998520492;5861;100 mA
198.150716499718;0.450592041015625;9.70458984375006E-05;58.609999852024;5862;100 mA
198.160716499692;0.450653076171875;8.78906250000006E-05;58.6199998519987;5863;100 mA
198.170716499667;0.450653076171875;9.49096679687497E-05;58.6299998519735;5864;100 mA
198.180716499642;0.45068359375;8.57543945312497E-05;58.6399998519482;5865;100 mA
198.190716499617;0.450653076171875;9.33837890624997E-05;58.649999851923;5866;100 mA
198.200716499591;0.450592041015625;9.49096679687497E-05;58.6599998518977;5867;100 mA
198.210716499566;0.450592041015625;9.27734375000003E-05;58.6699998518725;5868;100 mA
198.220716499541;0.450653076171875;9.58251953125003E-05;58.6799998518472;5869;100 mA
198.230716499516;0.45068359375;8.85009765625E-05;58.689999851822;5870;100 mA
198.24071649949;0.45062255859375;9.36889648437495E-05;58.6999998517967;5871;100 mA
198.250716499465;0.450653076171875;0.00010101318359375;58.7099998517715;5872;100 mA
198.26071649944;0.45068359375;9.09423828125006E-05;58.7199998517463;5873;100 mA
198.270716499415;0.45062255859375;9.73510742187503E-05;58.729999851721;5874;100 mA
198.280716499389;0.450653076171875;9.002685546875E-05;58.7399998516958;5875;100 mA
198.290716499364;0.450592041015625;9.70458984375006E-05;58.7499998516705;5876;100 mA
198.300716499339;0.450714111328125;9.55200195312506E-05;58.7599998516453;5877;100 mA
198.310716499314;0.45062255859375;9.27734375000003E-05;58.76999985162;5878;100 mA
198.320716499288;0.45062255859375;9.79614257812497E-05;58.7799998515948;5879;100 mA
198.330716499263;0.450653076171875;9.307861328125E-05;58.7899998515695;5880;100 mA
198.340716499238;0.450714111328125;9.39941406250006E-05;58.7999998515443;5881;100 mA
198.350716499213;0.450592041015625;9.79614257812497E-05;58.809999851519;5882;100 mA
198.360716499187;0.45068359375;9.06372070312495E-05;58.8199998514938;5883;100 mA
198.370716499162;0.45068359375;9.79614257812497E-05;58.8299998514685;5884;100 mA
198.380716499137;0.45068359375;8.75854492187494E-05;58.8399998514433;5885;100 mA
198.390716499112;0.450653076171875;9.42993164062503E-05;58.849999851418;5886;100 mA
198.400716499086;0.45062255859375;9.52148437499994E-05;58.8599998513928;5887;100 mA
198.410716499061;0.45062255859375;9.67407226562495E-05;58.8699998513675;5888;100 mA
198.420716499036;0.45068359375;9.765625E-05;58.8799998513423;5889;100 mA
198.430716499011;0.450714111328125;8.94165039062506E-05;58.889999851317;5890;100 mA
198.440716498985;0.450653076171875;9.03320312499997E-05;58.8999998512918;5891;100 mA
198.45071649896;0.45068359375;9.70458984375006E-05;58.9099998512665;5892;100 mA
198.460716498935;0.45068359375;9.39941406250006E-05;58.9199998512413;5893;100 mA
198.47071649891;0.450592041015625;9.88769531250003E-05;58.9299998512161;5894;100 mA
198.480716498884;0.45062255859375;8.85009765625E-05;58.9399998511908;5895;100 mA
198.490716498859;0.450653076171875;9.55200195312506E-05;58.9499998511656;5896;100 mA
198.500716498834;0.450653076171875;9.64355468749997E-05;58.9599998511403;5897;100 mA
198.510716498809;0.45068359375;8.66699218750003E-05;58.9699998511151;5898;100 mA
198.520716498783;0.450653076171875;9.765625E-05;58.9799998510898;5899;100 mA
198.530716498758;0.45068359375;8.697509765625E-05;58.9899998510646;5900;100 mA
198.540716498733;0.450653076171875;9.36889648437495E-05;58.9999998510393;5901;100 mA
198.550716498708;0.45062255859375;9.82666015624995E-05;59.0099998510141;5902;100 mA
198.560716498682;0.45068359375;9.002685546875E-05;59.0199998509888;5903;100 mA
198.570716498657;0.450714111328125;9.70458984375006E-05;59.0299998509636;5904;100 mA
198.580716498632;0.45068359375;8.81958007812503E-05;59.0399998509383;5905;100 mA
198.590716498607;0.450408935546875;9.002685546875E-05;59.0499998509131;5906;100 mA
198.600716498581;0.450653076171875;9.82666015624995E-05;59.0599998508878;5907;100 mA
198.610716498556;0.450592041015625;9.307861328125E-05;59.0699998508626;5908;100 mA
198.620716498531;0.45068359375;9.33837890624997E-05;59.0799998508373;5909;100 mA
198.630716498506;0.45068359375;8.30078124999995E-05;59.0899998508121;5910;100 mA
198.64071649848;0.450592041015625;9.24682617187506E-05;59.0999998507868;5911;100 mA
198.650716498455;0.45068359375;9.82666015624995E-05;59.1099998507616;5912;100 mA
198.66071649843;0.45068359375;9.03320312499997E-05;59.1199998507363;5913;100 mA
198.670716498405;0.450714111328125;9.64355468749997E-05;59.1299998507111;5914;100 mA
198.680716498379;0.45068359375;8.72802734374997E-05;59.1399998506859;5915;100 mA
198.690716498354;0.450714111328125;9.55200195312506E-05;59.1499998506606;5916;100 mA
198.700716498329;0.450592041015625;9.46044921875E-05;59.1599998506354;5917;100 mA
198.710716498304;0.450592041015625;9.06372070312495E-05;59.1699998506101;5918;100 mA
198.720716498278;0.450653076171875;9.613037109375E-05;59.1799998505849;5919;100 mA
198.730716498253;0.450714111328125;8.94165039062506E-05;59.1899998505596;5920;100 mA
198.740716498228;0.450653076171875;9.06372070312495E-05;59.1999998505344;5921;100 mA
198.750716498203;0.450714111328125;9.12475585937503E-05;59.2099998505091;5922;100 mA
198.760716498177;0.450653076171875;9.002685546875E-05;59.2199998504839;5923;100 mA
198.770716498152;0.45062255859375;9.46044921875E-05;59.2299998504586;5924;100 mA
198.780716498127;0.45068359375;9.12475585937503E-05;59.2399998504334;5925;100 mA
198.790716498102;0.45062255859375;9.765625E-05;59.2499998504081;5926;100 mA
198.800716498076;0.45068359375;9.55200195312506E-05;59.2599998503829;5927;100 mA
198.810716498051;0.45068359375;9.46044921875E-05;59.2699998503576;5928;100 mA
198.820716498026;0.450653076171875;9.79614257812497E-05;59.2799998503324;5929;100 mA
198.830716498001;0.45062255859375;8.63647460937506E-05;59.2899998503071;5930;100 mA
198.840716497975;0.45068359375;9.1552734375E-05;59.2999998502819;5931;100 mA
198.85071649795;0.450653076171875;9.49096679687497E-05;59.3099998502566;5932;100 mA
198.860716497925;0.450592041015625;9.52148437499994E-05;59.3199998502314;5933;100 mA
198.8707164979;0.450653076171875;9.46044921875E-05;59.3299998502061;5934;100 mA
198.880716497874;0.450592041015625;8.81958007812503E-05;59.3399998501809;5935;100 mA
198.890716497849;0.450714111328125;9.24682617187506E-05;59.3499998501557;5936;100 mA
198.900716497824;0.45062255859375;9.46044921875E-05;59.3599998501304;5937;100 mA
198.910716497799;0.45062255859375;9.06372070312495E-05;59.3699998501052;5938;100 mA
198.920716497773;0.4505615234375;9.97924804687494E-05;59.3799998500799;5939;100 mA
198.930716497748;0.450714111328125;9.21630859374994E-05;59.3899998500547;5940;100 mA
198.940716497723;0.45062255859375;9.67407226562495E-05;59.3999998500294;5941;100 mA
198.950716497698;0.450714111328125;9.94873046874997E-05;59.4099998500042;5942;100 mA
198.960716497672;0.450653076171875;9.18579101562497E-05;59.4199998499789;5943;100 mA
198.970716497647;0.4505615234375;9.64355468749997E-05;59.4299998499537;5944;100 mA
198.980716497622;0.45062255859375;8.57543945312497E-05;59.4399998499284;5945;100 mA
198.990716497597;0.450653076171875;9.21630859374994E-05;59.4499998499032;5946;100 mA
199.000716497571;0.450592041015625;9.307861328125E-05;59.4599998498779;5947;100 mA
199.010716497546;0.45068359375;9.24682617187506E-05;59.4699998498527;5948;100 mA
199.020716497521;0.45068359375;9.58251953125003E-05;59.4799998498274;5949;100 mA
199.030716497496;0.45062255859375;8.91113281249995E-05;59.4899998498022;5950;100 mA
199.04071649747;0.450653076171875;9.09423828125006E-05;59.4999998497769;5951;100 mA
199.050716497445;0.45062255859375;9.765625E-05;59.5099998497517;5952;100 mA
199.06071649742;0.450592041015625;9.1552734375E-05;59.5199998497264;5953;100 mA
199.070716497395;0.450592041015625;9.42993164062503E-05;59.5299998497012;5954;100 mA
199.08071649737;0.45068359375;8.78906250000006E-05;59.539999849676;5955;100 mA
199.090716497344;0.450653076171875;9.21630859374994E-05;59.5499998496507;5956;100 mA
199.100716497319;0.45068359375;9.27734375000003E-05;59.5599998496255;5957;100 mA
199.110716497294;0.450653076171875;9.09423828125006E-05;59.5699998496002;5958;100 mA
199.120716497269;0.450592041015625;0.00010040283203125;59.579999849575;5959;100 mA
199.130716497243;0.450592041015625;8.88061523437497E-05;59.5899998495497;5960;100 mA
199.140716497218;0.45062255859375;9.09423828125006E-05;59.5999998495245;5961;100 mA
199.150716497193;0.45062255859375;9.49096679687497E-05;59.6099998494992;5962;100 mA
199.160716497168;0.450653076171875;9.03320312499997E-05;59.619999849474;5963;100 mA
199.170716497142;0.45062255859375;9.70458984375006E-05;59.6299998494487;5964;100 mA
199.180716497117;0.45062255859375;8.85009765625E-05;59.6399998494235;5965;100 mA
199.190716497092;0.450653076171875;9.03320312499997E-05;59.6499998493982;5966;100 mA
199.200716497067;0.450653076171875;9.73510742187503E-05;59.659999849373;5967;100 mA
199.210716497041;0.450653076171875;9.39941406250006E-05;59.6699998493477;5968;100 mA
199.220716497016;0.450653076171875;9.79614257812497E-05;59.6799998493225;5969;100 mA
199.230716496991;0.450714111328125;8.51440429687503E-05;59.6899998492972;5970;100 mA
199.240716496966;0.45068359375;9.03320312499997E-05;59.699999849272;5971;100 mA
199.25071649694;0.45068359375;9.49096679687497E-05;59.7099998492467;5972;100 mA
199.260716496915;0.450653076171875;8.85009765625E-05;59.7199998492215;5973;100 mA
199.27071649689;0.45068359375;0.0001019287109375;59.7299998491962;5974;100 mA
199.280716496865;0.45068359375;9.06372070312495E-05;59.739999849171;5975;100 mA
199.290716496839;0.450592041015625;9.52148437499994E-05;59.7499998491458;5976;100 mA
199.300716496814;0.45062255859375;9.613037109375E-05;59.7599998491205;5977;100 mA
199.310716496789;0.450714111328125;8.91113281249995E-05;59.7699998490953;5978;100 mA
199.320716496764;0.450653076171875;9.613037109375E-05;59.77999984907;5979;100 mA
199.330716496738;0.45074462890625;8.392333984375E-05;59.7899998490448;5980;100 mA
199.340716496713;0.45062255859375;9.002685546875E-05;59.7999998490195;5981;100 mA
199.350716496688;0.45068359375;9.52148437499994E-05;59.8099998489943;5982;100 mA
199.360716496663;0.45062255859375;9.613037109375E-05;59.819999848969;5983;100 mA
199.370716496637;0.45062255859375;9.85717773437506E-05;59.8299998489438;5984;100 mA
199.380716496612;0.450714111328125;9.09423828125006E-05;59.8399998489185;5985;100 mA
199.390716496587;0.450714111328125;9.03320312499997E-05;59.8499998488933;5986;100 mA
199.400716496562;0.45068359375;9.18579101562497E-05;59.859999848868;5987;100 mA
199.410716496536;0.45062255859375;9.06372070312495E-05;59.8699998488428;5988;100 mA
199.420716496511;0.450653076171875;9.64355468749997E-05;59.8799998488175;5989;100 mA
199.430716496486;0.450714111328125;8.85009765625E-05;59.8899998487923;5990;100 mA
199.440716496461;0.4505615234375;9.21630859374994E-05;59.899999848767;5991;100 mA
199.450716496435;0.45068359375;9.06372070312495E-05;59.9099998487418;5992;100 mA
199.46071649641;0.45062255859375;9.36889648437495E-05;59.9199998487165;5993;100 mA
199.470716496385;0.450592041015625;9.82666015624995E-05;59.9299998486913;5994;100 mA
199.48071649636;0.450653076171875;8.81958007812503E-05;59.939999848666;5995;100 mA
199.490716496334;0.45068359375;8.97216796875003E-05;59.9499998486408;5996;100 mA
199.500716496309;0.45068359375;9.64355468749997E-05;59.9599998486156;5997;100 mA
199.510716496284;0.45062255859375;9.55200195312506E-05;59.9699998485903;5998;100 mA
199.520716496259;0.450592041015625;9.85717773437506E-05;59.9799998485651;5999;100 mA
199.530716496233;0.45062255859375;8.97216796875003E-05;59.9899998485398;6000;100 mA
