Time (s);WE(1).Potential (V);WE(1).Current (A);Corrected time (s);Index;Current range;Overload
47.7172908795254;-0.8294677734375;-2.34039306640625;0;1;1 A;Current overload
47.7272908795002;-0.8990478515625;-1.9940185546875;0.00999999997475243;2;1 A;
47.7372908794749;-1.0003662109375;-1.38580322265625;0.0199999999495049;3;1 A;
47.7472908794497;-1.0003662109375;-1.15814208984375;0.0299999999242573;4;1 A;
47.7572908794244;-1.00006103515625;-1.019287109375;0.0399999998990097;5;1 A;
47.7672908793992;-1.00067138671875;-0.921630859375;0.0499999998737621;6;1 A;
47.7772908793739;-0.99945068359375;-0.84808349609375;0.0599999998485146;7;1 A;
47.7872908793487;-1.00006103515625;-0.789794921875;0.069999999823267;8;1 A;
47.7972908793234;-0.999755859375;-0.74249267578125;0.0799999997980194;9;1 A;
47.8072908792982;-1.00006103515625;-0.70281982421875;0.0899999997727718;10;1 A;
47.8172908792729;-1.00006103515625;-0.66864013671875;0.0999999997475243;11;1 A;
47.8272908792477;-0.999755859375;-0.63934326171875;0.109999999722277;12;1 A;
47.8372908792225;-0.999755859375;-0.6134033203125;0.119999999697029;13;1 A;
47.8472908791972;-1.00006103515625;-0.59051513671875;0.129999999671782;14;1 A;
47.857290879172;-0.999755859375;-0.570068359375;0.139999999646534;15;1 A;
47.8672908791467;-0.999755859375;-0.5517578125;0.149999999621286;16;1 A;
47.8772908791215;-1.00006103515625;-0.53497314453125;0.159999999596039;17;1 A;
47.8872908790962;-0.99945068359375;-0.51971435546875;0.169999999570791;18;1 A;
47.897290879071;-0.999755859375;-0.50567626953125;0.179999999545544;19;1 A;
47.9072908790457;-0.9991455078125;-0.492584228515625;0.189999999520296;20;1 A;
47.9172908790205;-0.999755859375;-0.480560302734375;0.199999999495049;21;1 A;
47.9272908789952;-0.999755859375;-0.469451904296875;0.209999999469801;22;1 A;
47.93729087897;-0.99945068359375;-0.459014892578125;0.219999999444553;23;1 A;
47.9472908789447;-0.999755859375;-0.449310302734375;0.229999999419306;24;1 A;
47.9572908789195;-0.99945068359375;-0.440185546875;0.239999999394058;25;1 A;
47.9672908788942;-0.99945068359375;-0.43157958984375;0.249999999368811;26;1 A;
47.977290878869;-0.999755859375;-0.42352294921875;0.259999999343563;27;1 A;
47.9872908788437;-0.99945068359375;-0.415863037109375;0.269999999318316;28;1 A;
47.9972908788185;-0.999755859375;-0.408599853515625;0.279999999293068;29;1 A;
48.0072908787932;-0.999755859375;-0.4017333984375;0.28999999926782;30;1 A;
48.017290878768;-0.999755859375;-0.39520263671875;0.299999999242573;31;1 A;
48.0272908787427;-0.999755859375;-0.3890380859375;0.309999999217325;32;1 A;
48.0372908787175;-0.99945068359375;-0.383087158203125;0.319999999192078;33;1 A;
48.0472908786923;-1.0003662109375;-0.377410888671875;0.32999999916683;34;1 A;
48.057290878667;-0.9991455078125;-0.372039794921875;0.339999999141583;35;1 A;
48.0672908786418;-0.99945068359375;-0.3668212890625;0.349999999116335;36;1 A;
48.0772908786165;-0.999755859375;-0.361907958984375;0.359999999091087;37;1 A;
48.0872908785913;-0.9991455078125;-0.35711669921875;0.36999999906584;38;1 A;
48.097290878566;-1.00006103515625;-0.3525390625;0.379999999040592;39;1 A;
48.1072908785408;-0.99945068359375;-0.348175048828125;0.389999999015345;40;1 A;
48.1172908785155;-0.999755859375;-0.343902587890625;0.399999998990097;41;1 A;
48.1272908784903;-0.999755859375;-0.33984375;0.40999999896485;42;1 A;
48.137290878465;-0.99945068359375;-0.335906982421875;0.419999998939602;43;1 A;
48.1472908784398;-0.99945068359375;-0.33209228515625;0.429999998914354;44;1 A;
48.1572908784145;-0.999755859375;-0.32843017578125;0.439999998889107;45;1 A;
48.1672908783893;-0.99945068359375;-0.32489013671875;0.449999998863859;46;1 A;
48.177290878364;-0.9991455078125;-0.32147216796875;0.459999998838612;47;1 A;
48.1872908783388;-0.99945068359375;-0.318145751953125;0.469999998813364;48;1 A;
48.1972908783135;-1.00006103515625;-0.31494140625;0.479999998788116;49;1 A;
48.2072908782883;-0.999755859375;-0.31182861328125;0.489999998762869;50;1 A;
48.217290878263;-0.999755859375;-0.30877685546875;0.499999998737621;51;1 A;
48.2272908782378;-0.99945068359375;-0.30584716796875;0.509999998712374;52;1 A;
48.2372908782125;-0.99945068359375;-0.303009033203125;0.519999998687126;53;1 A;
48.2472908781873;-0.99945068359375;-0.30023193359375;0.529999998661879;54;1 A;
48.2572908781621;-0.99945068359375;-0.29754638671875;0.539999998636631;55;1 A;
48.2672908781368;-1.00006103515625;-0.294921875;0.549999998611383;56;1 A;
48.2772908781116;-0.99945068359375;-0.292388916015625;0.559999998586136;57;1 A;
48.2872908780863;-0.99945068359375;-0.289886474609375;0.569999998560888;58;1 A;
48.2972908780611;-0.99945068359375;-0.2874755859375;0.579999998535641;59;1 A;
48.3072908780358;-0.99945068359375;-0.285125732421875;0.589999998510393;60;1 A;
48.3172908780106;-0.99884033203125;-0.282806396484375;0.599999998485146;61;1 A;
48.3272908779853;-0.999755859375;-0.280609130859375;0.609999998459898;62;1 A;
48.3372908779601;-0.99945068359375;-0.27838134765625;0.61999999843465;63;1 A;
48.3472908779348;-1.00006103515625;-0.2762451171875;0.629999998409403;64;1 A;
48.3572908779096;-0.99945068359375;-0.274169921875;0.639999998384155;65;1 A;
48.3672908778843;-0.9991455078125;-0.272125244140625;0.649999998358908;66;1 A;
48.3772908778591;-0.99945068359375;-0.270172119140625;0.65999999833366;67;1 A;
48.3872908778338;-0.99945068359375;-0.268218994140625;0.669999998308413;68;1 A;
48.3972908778086;-0.99945068359375;-0.266326904296875;0.679999998283165;69;1 A;
48.4072908777833;-0.99945068359375;-0.26446533203125;0.689999998257917;70;1 A;
48.4172908777581;-0.99945068359375;-0.26263427734375;0.69999999823267;71;1 A;
48.4272908777328;-0.999755859375;-0.260894775390625;0.709999998207422;72;1 A;
48.4372908777076;-1.00006103515625;-0.259124755859375;0.719999998182175;73;1 A;
48.4472908776823;-0.99945068359375;-0.2574462890625;0.729999998156927;74;1 A;
48.4572908776571;-1.00006103515625;-0.255767822265625;0.73999999813168;75;1 A;
48.4672908776319;-0.99945068359375;-0.254119873046875;0.749999998106432;76;1 A;
48.4772908776066;-0.999755859375;-0.252532958984375;0.759999998081184;77;1 A;
48.4872908775814;-0.99945068359375;-0.250946044921875;0.769999998055937;78;1 A;
48.4972908775561;-1.00006103515625;-0.2493896484375;0.779999998030689;79;1 A;
48.5072908775309;-0.99945068359375;-0.247894287109375;0.789999998005442;80;1 A;
48.5172908775056;-0.999755859375;-0.24639892578125;0.799999997980194;81;1 A;
48.5272908774804;-0.99945068359375;-0.244964599609375;0.809999997954947;82;1 A;
48.5372908774551;-0.99945068359375;-0.2435302734375;0.819999997929699;83;1 A;
48.5472908774299;-1.00006103515625;-0.24212646484375;0.829999997904451;84;1 A;
48.5572908774046;-0.999755859375;-0.240753173828125;0.839999997879204;85;1 A;
48.5672908773794;-0.99945068359375;-0.2393798828125;0.849999997853956;86;1 A;
48.5772908773541;-1.00006103515625;-0.238067626953125;0.859999997828709;87;1 A;
48.5872908773289;-0.99945068359375;-0.23675537109375;0.869999997803461;88;1 A;
48.5972908773036;-0.99945068359375;-0.2354736328125;0.879999997778214;89;1 A;
48.6072908772784;-0.999755859375;-0.234222412109375;0.889999997752966;90;1 A;
48.6172908772531;-0.99945068359375;-0.23297119140625;0.899999997727718;91;1 A;
48.6272908772279;-0.99945068359375;-0.231781005859375;0.909999997702471;92;1 A;
48.6372908772026;-0.99945068359375;-0.230560302734375;0.919999997677223;93;1 A;
48.6472908771774;-0.99945068359375;-0.229400634765625;0.929999997651976;94;1 A;
48.6572908771521;-0.999755859375;-0.228240966796875;0.939999997626728;95;1 A;
48.6672908771269;-0.99945068359375;-0.227081298828125;0.949999997601481;96;1 A;
48.6772908771017;-0.999755859375;-0.225982666015625;0.959999997576233;97;1 A;
48.6872908770764;-0.999755859375;-0.224853515625;0.969999997550985;98;1 A;
48.6972908770512;-0.9991455078125;-0.223785400390625;0.979999997525738;99;1 A;
48.7072908770259;-0.99945068359375;-0.22271728515625;0.98999999750049;100;1 A;
48.7172908770007;-0.999755859375;-0.221649169921875;0.999999997475243;101;1 A;
48.7272908769754;-0.999755859375;-0.22064208984375;1.00999999745;102;1 A;
48.7372908769502;-0.99945068359375;-0.2196044921875;1.01999999742475;103;1 A;
48.7472908769249;-0.99945068359375;-0.218597412109375;1.0299999973995;104;1 A;
48.7572908768997;-0.999755859375;-0.21759033203125;1.03999999737425;105;1 A;
48.7672908768744;-0.9991455078125;-0.21661376953125;1.049999997349;106;1 A;
48.7772908768492;-1.00006103515625;-0.215667724609375;1.05999999732376;107;1 A;
48.7872908768239;-0.99945068359375;-0.214691162109375;1.06999999729851;108;1 A;
48.7972908767987;-0.999755859375;-0.2137451171875;1.07999999727326;109;1 A;
48.8072908767734;-0.999755859375;-0.21282958984375;1.08999999724801;110;1 A;
48.8172908767482;-0.999755859375;-0.2119140625;1.09999999722277;111;1 A;
48.8272908767229;-0.999755859375;-0.2110595703125;1.10999999719752;112;1 A;
48.8372908766977;-0.9991455078125;-0.21014404296875;1.11999999717227;113;1 A;
48.8472908766724;-0.99945068359375;-0.20928955078125;1.12999999714702;114;1 A;
48.8572908766472;-0.999755859375;-0.20843505859375;1.13999999712178;115;1 A;
48.867290876622;-1.0003662109375;-0.207550048828125;1.14999999709653;116;1 A;
48.8772908765967;-1.0003662109375;-0.206756591796875;1.15999999707128;117;1 A;
48.8872908765715;-1.00006103515625;-0.205902099609375;1.16999999704603;118;1 A;
48.8972908765462;-1.0003662109375;-0.205078125;1.17999999702079;119;1 A;
48.907290876521;-0.9991455078125;-0.20428466796875;1.18999999699554;120;1 A;
48.9172908764957;-0.99945068359375;-0.2034912109375;1.19999999697029;121;1 A;
48.9272908764705;-0.999755859375;-0.202728271484375;1.20999999694504;122;1 A;
48.9372908764452;-0.99945068359375;-0.201934814453125;1.2199999969198;123;1 A;
48.94729087642;-1.00006103515625;-0.201171875;1.22999999689455;124;1 A;
48.9572908763947;-0.99945068359375;-0.200439453125;1.2399999968693;125;1 A;
48.9672908763695;-0.999755859375;-0.199676513671875;1.24999999684405;126;1 A;
48.9772908763442;-0.99945068359375;-0.198944091796875;1.25999999681881;127;1 A;
48.987290876319;-0.99945068359375;-0.198211669921875;1.26999999679356;128;1 A;
48.9972908762937;-0.999755859375;-0.197479248046875;1.27999999676831;129;1 A;
49.0072908762685;-0.99945068359375;-0.19677734375;1.28999999674306;130;1 A;
49.0172908762432;-0.99945068359375;-0.196075439453125;1.29999999671782;131;1 A;
49.027290876218;-0.99945068359375;-0.195404052734375;1.30999999669257;132;1 A;
49.0372908761927;-0.999755859375;-0.1947021484375;1.31999999666732;133;1 A;
49.0472908761675;-0.99945068359375;-0.19403076171875;1.32999999664207;134;1 A;
49.0572908761422;-0.99945068359375;-0.193389892578125;1.33999999661683;135;1 A;
49.067290876117;-1.00006103515625;-0.192718505859375;1.34999999659158;136;1 A;
49.0772908760918;-1.0003662109375;-0.19207763671875;1.35999999656633;137;1 A;
49.0872908760665;-1.0003662109375;-0.19140625;1.36999999654108;138;1 A;
49.0972908760413;-1.00006103515625;-0.190765380859375;1.37999999651583;139;1 A;
49.107290876016;-0.999755859375;-0.190155029296875;1.38999999649059;140;1 A;
49.1172908759908;-0.999755859375;-0.18951416015625;1.39999999646534;141;1 A;
49.1272908759655;-0.99945068359375;-0.18890380859375;1.40999999644009;142;1 A;
49.1372908759403;-0.99945068359375;-0.18829345703125;1.41999999641484;143;1 A;
49.147290875915;-0.99945068359375;-0.18768310546875;1.4299999963896;144;1 A;
49.1572908758898;-1.0003662109375;-0.187103271484375;1.43999999636435;145;1 A;
49.1672908758645;-1.0003662109375;-0.186492919921875;1.4499999963391;146;1 A;
49.1772908758393;-0.99945068359375;-0.185943603515625;1.45999999631385;147;1 A;
49.187290875814;-0.99945068359375;-0.18536376953125;1.46999999628861;148;1 A;
49.1972908757888;-1.00006103515625;-0.184783935546875;1.47999999626336;149;1 A;
49.2072908757635;-0.99945068359375;-0.184234619140625;1.48999999623811;150;1 A;
49.2172908757383;-0.99945068359375;-0.18365478515625;1.49999999621286;151;1 A;
49.227290875713;-1.00006103515625;-0.183135986328125;1.50999999618762;152;1 A;
49.2372908756878;-0.999755859375;-0.18255615234375;1.51999999616237;153;1 A;
49.2472908756625;-1.00006103515625;-0.182037353515625;1.52999999613712;154;1 A;
49.2572908756373;-0.999755859375;-0.181488037109375;1.53999999611187;155;1 A;
49.267290875612;-0.999755859375;-0.18096923828125;1.54999999608663;156;1 A;
49.2772908755868;-0.99945068359375;-0.180450439453125;1.55999999606138;157;1 A;
49.2872908755616;-0.99945068359375;-0.179931640625;1.56999999603613;158;1 A;
49.2972908755363;-1.00006103515625;-0.179412841796875;1.57999999601088;159;1 A;
49.3072908755111;-1.00006103515625;-0.178924560546875;1.58999999598564;160;1 A;
49.3172908754858;-0.99945068359375;-0.17840576171875;1.59999999596039;161;1 A;
49.3272908754606;-0.99945068359375;-0.17791748046875;1.60999999593514;162;1 A;
49.3372908754353;-0.999755859375;-0.17742919921875;1.61999999590989;163;1 A;
49.3472908754101;-0.9991455078125;-0.17694091796875;1.62999999588465;164;1 A;
49.3572908753848;-0.99945068359375;-0.17645263671875;1.6399999958594;165;1 A;
49.3672908753596;-0.999755859375;-0.17596435546875;1.64999999583415;166;1 A;
49.3772908753343;-0.999755859375;-0.175506591796875;1.6599999958089;167;1 A;
49.3872908753091;-0.99945068359375;-0.175048828125;1.66999999578366;168;1 A;
49.3972908752838;-0.99945068359375;-0.174560546875;1.67999999575841;169;1 A;
49.4072908752586;-0.99945068359375;-0.174102783203125;1.68999999573316;170;1 A;
49.4172908752333;-0.999755859375;-0.17364501953125;1.69999999570791;171;1 A;
49.4272908752081;-1.00006103515625;-0.1732177734375;1.70999999568267;172;1 A;
49.4372908751828;-0.99945068359375;-0.172760009765625;1.71999999565742;173;1 A;
49.4472908751576;-0.999755859375;-0.172332763671875;1.72999999563217;174;1 A;
49.4572908751323;-1.00006103515625;-0.171905517578125;1.73999999560692;175;1 A;
49.4672908751071;-0.99945068359375;-0.17144775390625;1.74999999558167;176;1 A;
49.4772908750818;-0.999755859375;-0.171051025390625;1.75999999555643;177;1 A;
49.4872908750566;-1.00006103515625;-0.17059326171875;1.76999999553118;178;1 A;
49.4972908750314;-0.999755859375;-0.170196533203125;1.77999999550593;179;1 A;
49.5072908750061;-0.99945068359375;-0.169769287109375;1.78999999548068;180;1 A;
49.5172908749809;-0.999755859375;-0.169342041015625;1.79999999545544;181;1 A;
49.5272908749556;-0.999755859375;-0.168975830078125;1.80999999543019;182;1 A;
49.5372908749304;-0.999755859375;-0.16851806640625;1.81999999540494;183;1 A;
49.5472908749051;-0.999755859375;-0.168121337890625;1.82999999537969;184;1 A;
49.5572908748799;-0.99945068359375;-0.167724609375;1.83999999535445;185;1 A;
49.5672908748546;-0.99945068359375;-0.167327880859375;1.8499999953292;186;1 A;
49.5772908748294;-0.99945068359375;-0.16693115234375;1.85999999530395;187;1 A;
49.5872908748041;-0.99945068359375;-0.166534423828125;1.8699999952787;188;1 A;
49.5972908747789;-0.99945068359375;-0.1661376953125;1.87999999525346;189;1 A;
49.6072908747536;-0.9991455078125;-0.165771484375;1.88999999522821;190;1 A;
49.6172908747284;-1.00006103515625;-0.165374755859375;1.89999999520296;191;1 A;
49.6272908747031;-0.999755859375;-0.165008544921875;1.90999999517771;192;1 A;
49.6372908746779;-0.99945068359375;-0.16461181640625;1.91999999515247;193;1 A;
49.6472908746526;-0.999755859375;-0.16424560546875;1.92999999512722;194;1 A;
49.6572908746274;-0.999755859375;-0.163909912109375;1.93999999510197;195;1 A;
49.6672908746021;-1.00006103515625;-0.163543701171875;1.94999999507672;196;1 A;
49.6772908745769;-0.99945068359375;-0.163238525390625;1.95999999505148;197;1 A;
49.6872908745516;-0.999755859375;-0.162841796875;1.96999999502623;198;1 A;
49.6972908745264;-1.00006103515625;-0.162506103515625;1.97999999500098;199;1 A;
49.7072908745012;-1.00006103515625;-0.162139892578125;1.98999999497573;200;1 A;
49.7172908744759;-0.99945068359375;-0.161773681640625;1.99999999495049;201;1 A;
49.7272908744507;-0.999755859375;-0.16143798828125;2.00999999492524;202;1 A;
49.7372908744254;-0.999755859375;-0.16107177734375;2.01999999489999;203;1 A;
49.7472908744002;-0.99945068359375;-0.160736083984375;2.02999999487474;204;1 A;
49.7572908743749;-0.99945068359375;-0.160369873046875;2.0399999948495;205;1 A;
49.7672908743497;-1.00006103515625;-0.1600341796875;2.04999999482425;206;1 A;
49.7772908743244;-1.00006103515625;-0.15972900390625;2.059999994799;207;1 A;
49.7872908742992;-0.999755859375;-0.15936279296875;2.06999999477375;208;1 A;
49.7972908742739;-0.999755859375;-0.159027099609375;2.0799999947485;209;1 A;
49.8072908742487;-0.99945068359375;-0.158721923828125;2.08999999472326;210;1 A;
49.8172908742234;-1.00006103515625;-0.15838623046875;2.09999999469801;211;1 A;
49.8272908741982;-0.99945068359375;-0.1580810546875;2.10999999467276;212;1 A;
49.8372908741729;-0.99945068359375;-0.157745361328125;2.11999999464751;213;1 A;
49.8472908741477;-0.999755859375;-0.15740966796875;2.12999999462227;214;1 A;
49.8572908741224;-0.999755859375;-0.1571044921875;2.13999999459702;215;1 A;
49.8672908740972;-0.999755859375;-0.156768798828125;2.14999999457177;216;1 A;
49.8772908740719;-0.99945068359375;-0.156494140625;2.15999999454652;217;1 A;
49.8872908740467;-0.99945068359375;-0.156158447265625;2.16999999452128;218;1 A;
49.8972908740215;-0.99945068359375;-0.155853271484375;2.17999999449603;219;1 A;
49.9072908739962;-1.00006103515625;-0.15557861328125;2.18999999447078;220;1 A;
49.917290873971;-0.999755859375;-0.155242919921875;2.19999999444553;221;1 A;
49.9272908739457;-1.00006103515625;-0.15496826171875;2.20999999442029;222;1 A;
49.9372908739205;-0.999755859375;-0.1546630859375;2.21999999439504;223;1 A;
49.9472908738952;-1.00006103515625;-0.15435791015625;2.22999999436979;224;1 A;
49.95729087387;-0.99945068359375;-0.154083251953125;2.23999999434454;225;1 A;
49.9672908738447;-0.99945068359375;-0.153778076171875;2.2499999943193;226;1 A;
49.9772908738195;-0.99945068359375;-0.15350341796875;2.25999999429405;227;1 A;
49.9872908737942;-0.99945068359375;-0.1531982421875;2.2699999942688;228;1 A;
49.997290873769;-0.99945068359375;-0.15289306640625;2.27999999424355;229;1 A;
50.0072908737437;-0.999755859375;-0.15264892578125;2.28999999421831;230;1 A;
50.0172908737185;-1.00006103515625;-0.15234375;2.29999999419306;231;1 A;
50.0272908736932;-0.99945068359375;-0.152069091796875;2.30999999416781;232;1 A;
50.037290873668;-0.999755859375;-0.15179443359375;2.31999999414256;233;1 A;
50.0472908736427;-1.00006103515625;-0.1514892578125;2.32999999411732;234;1 A;
50.0572908736175;-0.99945068359375;-0.1512451171875;2.33999999409207;235;1 A;
50.0672908735922;-0.99945068359375;-0.150970458984375;2.34999999406682;236;1 A;
50.077290873567;-0.999755859375;-0.150726318359375;2.35999999404157;237;1 A;
50.0872908735417;-0.999755859375;-0.150421142578125;2.36999999401633;238;1 A;
50.0972908735165;-0.99945068359375;-0.150146484375;2.37999999399108;239;1 A;
50.1072908734913;-0.99945068359375;-0.14990234375;2.38999999396583;240;1 A;
50.117290873466;-0.99945068359375;-0.149627685546875;2.39999999394058;241;1 A;
50.1272908734408;-0.99945068359375;-0.149383544921875;2.40999999391533;242;1 A;
50.1372908734155;-0.999755859375;-0.14910888671875;2.41999999389009;243;1 A;
50.1472908733903;-0.999755859375;-0.14886474609375;2.42999999386484;244;1 A;
50.157290873365;-1.0003662109375;-0.14862060546875;2.43999999383959;245;1 A;
50.1672908733398;-0.9991455078125;-0.148345947265625;2.44999999381434;246;1 A;
50.1772908733145;-0.9991455078125;-0.14813232421875;2.4599999937891;247;1 A;
50.1872908732893;-0.9991455078125;-0.147857666015625;2.46999999376385;248;1 A;
50.197290873264;-0.99945068359375;-0.147613525390625;2.4799999937386;249;1 A;
50.2072908732388;-0.9991455078125;-0.147369384765625;2.48999999371335;250;1 A;
50.2172908732135;-0.99945068359375;-0.147125244140625;2.49999999368811;251;1 A;
50.2272908731883;-0.9991455078125;-0.146881103515625;2.50999999366286;252;1 A;
50.237290873163;-1.00006103515625;-0.146636962890625;2.51999999363761;253;1 A;
50.2472908731378;-0.999755859375;-0.146392822265625;2.52999999361236;254;1 A;
50.2572908731125;-0.999755859375;-0.146148681640625;2.53999999358712;255;1 A;
50.2672908730873;-0.999755859375;-0.145904541015625;2.54999999356187;256;1 A;
50.277290873062;-0.99945068359375;-0.14569091796875;2.55999999353662;257;1 A;
50.2872908730368;-0.99945068359375;-0.14544677734375;2.56999999351137;258;1 A;
50.2972908730115;-0.99945068359375;-0.14520263671875;2.57999999348613;259;1 A;
50.3072908729863;-0.99945068359375;-0.144989013671875;2.58999999346088;260;1 A;
50.3172908729611;-1.00006103515625;-0.144744873046875;2.59999999343563;261;1 A;
50.3272908729358;-0.99945068359375;-0.14453125;2.60999999341038;262;1 A;
50.3372908729106;-0.999755859375;-0.144287109375;2.61999999338514;263;1 A;
50.3472908728853;-0.99945068359375;-0.144073486328125;2.62999999335989;264;1 A;
50.3572908728601;-0.99945068359375;-0.14385986328125;2.63999999333464;265;1 A;
50.3672908728348;-0.999755859375;-0.14361572265625;2.64999999330939;266;1 A;
50.3772908728096;-0.99945068359375;-0.1434326171875;2.65999999328415;267;1 A;
50.3872908727843;-0.99945068359375;-0.1431884765625;2.6699999932589;268;1 A;
50.3972908727591;-0.99945068359375;-0.142974853515625;2.67999999323365;269;1 A;
50.4072908727338;-0.99945068359375;-0.14276123046875;2.6899999932084;270;1 A;
50.4172908727086;-0.999755859375;-0.14251708984375;2.69999999318316;271;1 A;
50.4272908726833;-0.9991455078125;-0.142333984375;2.70999999315791;272;1 A;
50.4372908726581;-0.99945068359375;-0.142120361328125;2.71999999313266;273;1 A;
50.4472908726328;-0.99945068359375;-0.14190673828125;2.72999999310741;274;1 A;
50.4572908726076;-0.99945068359375;-0.141693115234375;2.73999999308217;275;1 A;
50.4672908725823;-0.999755859375;-0.1414794921875;2.74999999305692;276;1 A;
50.4772908725571;-0.9991455078125;-0.14129638671875;2.75999999303167;277;1 A;
50.4872908725318;-1.0003662109375;-0.141082763671875;2.76999999300642;278;1 A;
50.4972908725066;-0.99945068359375;-0.140869140625;2.77999999298117;279;1 A;
50.5072908724813;-0.99945068359375;-0.14068603515625;2.78999999295593;280;1 A;
50.5172908724561;-0.999755859375;-0.140472412109375;2.79999999293068;281;1 A;
50.5272908724309;-0.99945068359375;-0.140289306640625;2.80999999290543;282;1 A;
50.5372908724056;-0.999755859375;-0.14007568359375;2.81999999288018;283;1 A;
50.5472908723804;-0.99945068359375;-0.139892578125;2.82999999285494;284;1 A;
50.5572908723551;-1.00006103515625;-0.13970947265625;2.83999999282969;285;1 A;
50.5672908723299;-0.999755859375;-0.139495849609375;2.84999999280444;286;1 A;
50.5772908723046;-0.99945068359375;-0.139312744140625;2.85999999277919;287;1 A;
50.5872908722794;-0.99945068359375;-0.13909912109375;2.86999999275395;288;1 A;
50.5972908722541;-1.0003662109375;-0.138916015625;2.8799999927287;289;1 A;
50.6072908722289;-0.99945068359375;-0.13873291015625;2.88999999270345;290;1 A;
50.6172908722036;-0.99945068359375;-0.138519287109375;2.8999999926782;291;1 A;
50.6272908721784;-0.99945068359375;-0.13836669921875;2.90999999265296;292;1 A;
50.6372908721531;-1.0003662109375;-0.138153076171875;2.91999999262771;293;1 A;
50.6472908721279;-0.99945068359375;-0.137969970703125;2.92999999260246;294;1 A;
50.6572908721026;-0.99945068359375;-0.1378173828125;2.93999999257721;295;1 A;
50.6672908720774;-0.99945068359375;-0.137603759765625;2.94999999255197;296;1 A;
50.6772908720521;-0.999755859375;-0.137451171875;2.95999999252672;297;1 A;
50.6872908720269;-0.99945068359375;-0.137237548828125;2.96999999250147;298;1 A;
50.6972908720016;-0.999755859375;-0.137054443359375;2.97999999247622;299;1 A;
50.7072908719764;-0.99945068359375;-0.13690185546875;2.98999999245098;300;1 A;
50.7172908719511;-0.999755859375;-0.136688232421875;2.99999999242573;301;1 A;
50.7272908719259;-0.9991455078125;-0.13653564453125;3.00999999240048;302;1 A;
50.7372908719007;-0.999755859375;-0.1363525390625;3.01999999237523;303;1 A;
50.7472908718754;-0.9991455078125;-0.13616943359375;3.02999999234999;304;1 A;
50.7572908718502;-0.999755859375;-0.136016845703125;3.03999999232474;305;1 A;
50.7672908718249;-0.99945068359375;-0.135833740234375;3.04999999229949;306;1 A;
50.7772908717997;-0.99945068359375;-0.13568115234375;3.05999999227424;307;1 A;
50.7872908717744;-0.9991455078125;-0.135498046875;3.069999992249;308;1 A;
50.7972908717492;-0.99945068359375;-0.13531494140625;3.07999999222375;309;1 A;
50.8072908717239;-0.99945068359375;-0.135162353515625;3.0899999921985;310;1 A;
50.8172908716987;-0.999755859375;-0.134979248046875;3.09999999217325;311;1 A;
50.8272908716734;-0.9991455078125;-0.13482666015625;3.109999992148;312;1 A;
50.8372908716482;-0.999755859375;-0.1346435546875;3.11999999212276;313;1 A;
50.8472908716229;-0.999755859375;-0.13446044921875;3.12999999209751;314;1 A;
50.8572908715977;-0.999755859375;-0.134307861328125;3.13999999207226;315;1 A;
50.8672908715724;-1.00006103515625;-0.134124755859375;3.14999999204701;316;1 A;
50.8772908715472;-0.9991455078125;-0.134002685546875;3.15999999202177;317;1 A;
50.8872908715219;-0.999755859375;-0.133819580078125;3.16999999199652;318;1 A;
50.8972908714967;-0.9991455078125;-0.1336669921875;3.17999999197127;319;1 A;
50.9072908714714;-0.999755859375;-0.133514404296875;3.18999999194602;320;1 A;
50.9172908714462;-0.999755859375;-0.133331298828125;3.19999999192078;321;1 A;
50.927290871421;-0.99945068359375;-0.133209228515625;3.20999999189553;322;1 A;
50.9372908713957;-0.99945068359375;-0.133026123046875;3.21999999187028;323;1 A;
50.9472908713705;-0.9991455078125;-0.13287353515625;3.22999999184503;324;1 A;
50.9572908713452;-0.999755859375;-0.132720947265625;3.23999999181979;325;1 A;
50.96729087132;-0.99945068359375;-0.132537841796875;3.24999999179454;326;1 A;
50.9772908712947;-0.99945068359375;-0.132415771484375;3.25999999176929;327;1 A;
50.9872908712695;-1.00006103515625;-0.132232666015625;3.26999999174404;328;1 A;
50.9972908712442;-0.999755859375;-0.132080078125;3.2799999917188;329;1 A;
51.007290871219;-1.00006103515625;-0.131927490234375;3.28999999169355;330;1 A;
51.0172908711937;-0.999755859375;-0.13177490234375;3.2999999916683;331;1 A;
51.0272908711685;-1.00006103515625;-0.13165283203125;3.30999999164305;332;1 A;
51.0372908711432;-0.999755859375;-0.1314697265625;3.31999999161781;333;1 A;
51.047290871118;-1.00006103515625;-0.131317138671875;3.32999999159256;334;1 A;
51.0572908710927;-0.99945068359375;-0.13116455078125;3.33999999156731;335;1 A;
51.0672908710675;-1.00006103515625;-0.131011962890625;3.34999999154206;336;1 A;
51.0772908710422;-0.99945068359375;-0.130889892578125;3.35999999151682;337;1 A;
51.087290871017;-0.999755859375;-0.130706787109375;3.36999999149157;338;1 A;
51.0972908709917;-0.999755859375;-0.130584716796875;3.37999999146632;339;1 A;
51.1072908709665;-0.999755859375;-0.13043212890625;3.38999999144107;340;1 A;
51.1172908709412;-0.999755859375;-0.130279541015625;3.39999999141583;341;1 A;
51.127290870916;-1.0003662109375;-0.130157470703125;3.40999999139058;342;1 A;
51.1372908708908;-0.999755859375;-0.129974365234375;3.41999999136533;343;1 A;
51.1472908708655;-0.999755859375;-0.12982177734375;3.42999999134008;344;1 A;
51.1572908708403;-1.00006103515625;-0.12969970703125;3.43999999131483;345;1 A;
51.167290870815;-0.999755859375;-0.129547119140625;3.44999999128959;346;1 A;
51.1772908707898;-0.99945068359375;-0.129425048828125;3.45999999126434;347;1 A;
51.1872908707645;-0.999755859375;-0.1292724609375;3.46999999123909;348;1 A;
51.1972908707393;-0.99945068359375;-0.129119873046875;3.47999999121384;349;1 A;
51.207290870714;-0.999755859375;-0.128997802734375;3.4899999911886;350;1 A;
51.2172908706888;-1.00006103515625;-0.12884521484375;3.49999999116335;351;1 A;
51.2272908706635;-0.99945068359375;-0.12872314453125;3.5099999911381;352;1 A;
51.2372908706383;-0.99945068359375;-0.128570556640625;3.51999999111285;353;1 A;
51.247290870613;-0.9991455078125;-0.12841796875;3.52999999108761;354;1 A;
51.2572908705878;-0.999755859375;-0.1282958984375;3.53999999106236;355;1 A;
51.2672908705625;-0.99945068359375;-0.128143310546875;3.54999999103711;356;1 A;
51.2772908705373;-1.00006103515625;-0.1280517578125;3.55999999101186;357;1 A;
51.287290870512;-0.99945068359375;-0.12786865234375;3.56999999098662;358;1 A;
51.2972908704868;-0.999755859375;-0.12774658203125;3.57999999096137;359;1 A;
51.3072908704615;-0.9991455078125;-0.127593994140625;3.58999999093612;360;1 A;
51.3172908704363;-1.00006103515625;-0.127471923828125;3.59999999091087;361;1 A;
51.327290870411;-0.99945068359375;-0.127349853515625;3.60999999088563;362;1 A;
51.3372908703858;-1.00006103515625;-0.127197265625;3.61999999086038;363;1 A;
51.3472908703606;-1.00006103515625;-0.1270751953125;3.62999999083513;364;1 A;
51.3572908703353;-0.99945068359375;-0.126953125;3.63999999080988;365;1 A;
51.3672908703101;-0.999755859375;-0.126800537109375;3.64999999078464;366;1 A;
51.3772908702848;-0.999755859375;-0.126708984375;3.65999999075939;367;1 A;
51.3872908702596;-0.999755859375;-0.12652587890625;3.66999999073414;368;1 A;
51.3972908702343;-0.99945068359375;-0.12640380859375;3.67999999070889;369;1 A;
51.4072908702091;-0.999755859375;-0.12628173828125;3.68999999068365;370;1 A;
51.4172908701838;-1.00006103515625;-0.126129150390625;3.6999999906584;371;1 A;
51.4272908701586;-1.0003662109375;-0.12603759765625;3.70999999063315;372;1 A;
51.4372908701333;-0.99945068359375;-0.125885009765625;3.7199999906079;373;1 A;
51.4472908701081;-1.00006103515625;-0.125762939453125;3.72999999058266;374;1 A;
51.4572908700828;-0.9991455078125;-0.125640869140625;3.73999999055741;375;1 A;
51.4672908700576;-0.999755859375;-0.12548828125;3.74999999053216;376;1 A;
51.4772908700323;-0.99945068359375;-0.125396728515625;3.75999999050691;377;1 A;
51.4872908700071;-1.00006103515625;-0.125244140625;3.76999999048167;378;1 A;
51.4972908699818;-0.999755859375;-0.1251220703125;3.77999999045642;379;1 A;
51.5072908699566;-0.999755859375;-0.125;3.78999999043117;380;1 A;
51.5172908699313;-0.99945068359375;-0.1248779296875;3.79999999040592;381;1 A;
51.5272908699061;-1.00006103515625;-0.124755859375;3.80999999038067;382;1 A;
51.5372908698808;-0.999755859375;-0.1246337890625;3.81999999035543;383;1 A;
51.5472908698556;-0.999755859375;-0.12451171875;3.82999999033018;384;1 A;
51.5572908698304;-1.00006103515625;-0.1243896484375;3.83999999030493;385;1 A;
51.5672908698051;-0.99945068359375;-0.124237060546875;3.84999999027968;386;1 A;
51.5772908697799;-0.999755859375;-0.1241455078125;3.85999999025444;387;1 A;
51.5872908697546;-0.99945068359375;-0.123992919921875;3.86999999022919;388;1 A;
51.5972908697294;-0.99945068359375;-0.123870849609375;3.87999999020394;389;1 A;
51.6072908697041;-0.999755859375;-0.123779296875;3.88999999017869;390;1 A;
51.6172908696789;-1.00006103515625;-0.123626708984375;3.89999999015345;391;1 A;
51.6272908696536;-0.9991455078125;-0.12353515625;3.9099999901282;392;1 A;
51.6372908696284;-0.99945068359375;-0.123382568359375;3.91999999010295;393;1 A;
51.6472908696031;-0.999755859375;-0.123260498046875;3.9299999900777;394;1 A;
51.6572908695779;-0.999755859375;-0.1231689453125;3.93999999005246;395;1 A;
51.6672908695526;-0.999755859375;-0.123016357421875;3.94999999002721;396;1 A;
51.6772908695274;-0.999755859375;-0.1229248046875;3.95999999000196;397;1 A;
51.6872908695021;-0.999755859375;-0.122802734375;3.96999998997671;398;1 A;
51.6972908694769;-0.99945068359375;-0.1226806640625;3.97999998995147;399;1 A;
51.7072908694516;-1.00006103515625;-0.12255859375;3.98999998992622;400;1 A;
51.7172908694264;-1.00006103515625;-0.1224365234375;3.99999998990097;401;1 A;
51.7272908694011;-0.999755859375;-0.122344970703125;4.00999998987572;402;1 A;
51.7372908693759;-0.999755859375;-0.1221923828125;4.01999998985048;403;1 A;
51.7472908693506;-1.00006103515625;-0.122100830078125;4.02999998982523;404;1 A;
51.7572908693254;-1.00006103515625;-0.121978759765625;4.03999998979998;405;1 A;
51.7672908693002;-0.9991455078125;-0.121856689453125;4.04999998977473;406;1 A;
51.7772908692749;-1.00006103515625;-0.12176513671875;4.05999998974949;407;1 A;
51.7872908692497;-0.99945068359375;-0.121612548828125;4.06999998972424;408;1 A;
51.7972908692244;-0.99945068359375;-0.12152099609375;4.07999998969899;409;1 A;
51.8072908691992;-0.99945068359375;-0.12139892578125;4.08999998967374;410;1 A;
51.8172908691739;-0.999755859375;-0.12127685546875;4.0999999896485;411;1 A;
51.8272908691487;-0.999755859375;-0.121185302734375;4.10999998962325;412;1 A;
51.8372908691234;-0.999755859375;-0.12103271484375;4.119999989598;413;1 A;
51.8472908690982;-0.999755859375;-0.120941162109375;4.12999998957275;414;1 A;
51.8572908690729;-1.00006103515625;-0.120849609375;4.1399999895475;415;1 A;
51.8672908690477;-0.9991455078125;-0.120697021484375;4.14999998952226;416;1 A;
51.8772908690224;-0.999755859375;-0.120635986328125;4.15999998949701;417;1 A;
51.8872908689972;-1.00006103515625;-0.1204833984375;4.16999998947176;418;1 A;
51.8972908689719;-0.999755859375;-0.120391845703125;4.17999998944651;419;1 A;
51.9072908689467;-0.99945068359375;-0.120269775390625;4.18999998942127;420;1 A;
51.9172908689214;-0.99945068359375;-0.120147705078125;4.19999998939602;421;1 A;
51.9272908688962;-0.99945068359375;-0.12005615234375;4.20999998937077;422;1 A;
51.9372908688709;-0.99945068359375;-0.11993408203125;4.21999998934552;423;1 A;
51.9472908688457;-0.99945068359375;-0.11981201171875;4.22999998932028;424;1 A;
51.9572908688205;-0.99945068359375;-0.119720458984375;4.23999998929503;425;1 A;
51.9672908687952;-0.99945068359375;-0.119598388671875;4.24999998926978;426;1 A;
51.97729086877;-0.999755859375;-0.1195068359375;4.25999998924453;427;1 A;
51.9872908687447;-0.9991455078125;-0.119384765625;4.26999998921929;428;1 A;
51.9972908687195;-0.99945068359375;-0.119293212890625;4.27999998919404;429;1 A;
52.0072908686942;-1.00006103515625;-0.11920166015625;4.28999998916879;430;1 A;
52.017290868669;-0.999755859375;-0.119049072265625;4.29999998914354;431;1 A;
52.0272908686437;-0.999755859375;-0.118988037109375;4.3099999891183;432;1 A;
52.0372908686185;-1.00006103515625;-0.11883544921875;4.31999998909305;433;1 A;
52.0472908685932;-0.99945068359375;-0.118743896484375;4.3299999890678;434;1 A;
52.057290868568;-0.999755859375;-0.11865234375;4.33999998904255;435;1 A;
52.0672908685427;-0.9991455078125;-0.1185302734375;4.34999998901731;436;1 A;
52.0772908685175;-0.99945068359375;-0.118438720703125;4.35999998899206;437;1 A;
52.0872908684922;-0.99945068359375;-0.118316650390625;4.36999998896681;438;1 A;
52.097290868467;-0.999755859375;-0.11822509765625;4.37999998894156;439;1 A;
52.1072908684417;-0.999755859375;-0.118133544921875;4.38999998891632;440;1 A;
52.1172908684165;-1.00006103515625;-0.118011474609375;4.39999998889107;441;1 A;
52.1272908683912;-0.9991455078125;-0.117919921875;4.40999998886582;442;1 A;
52.137290868366;-0.99945068359375;-0.1177978515625;4.41999998884057;443;1 A;
52.1472908683407;-0.9991455078125;-0.11767578125;4.42999998881533;444;1 A;
52.1572908683155;-0.999755859375;-0.117584228515625;4.43999998879008;445;1 A;
52.1672908682903;-0.999755859375;-0.117462158203125;4.44999998876483;446;1 A;
52.177290868265;-0.999755859375;-0.117401123046875;4.45999998873958;447;1 A;
52.1872908682398;-0.999755859375;-0.117279052734375;4.46999998871433;448;1 A;
52.1972908682145;-0.99945068359375;-0.1171875;4.47999998868909;449;1 A;
52.2072908681893;-0.9991455078125;-0.117095947265625;4.48999998866384;450;1 A;
52.217290868164;-0.999755859375;-0.116973876953125;4.49999998863859;451;1 A;
52.2272908681388;-0.999755859375;-0.11688232421875;4.50999998861334;452;1 A;
52.2372908681135;-1.00006103515625;-0.11676025390625;4.5199999885881;453;1 A;
52.2472908680883;-0.999755859375;-0.116668701171875;4.52999998856285;454;1 A;
52.257290868063;-0.99945068359375;-0.116607666015625;4.5399999885376;455;1 A;
52.2672908680378;-0.99945068359375;-0.116485595703125;4.54999998851235;456;1 A;
52.2772908680125;-0.999755859375;-0.11639404296875;4.55999998848711;457;1 A;
52.2872908679873;-0.99945068359375;-0.11627197265625;4.56999998846186;458;1 A;
52.297290867962;-0.9991455078125;-0.116180419921875;4.57999998843661;459;1 A;
52.3072908679368;-0.99945068359375;-0.1160888671875;4.58999998841136;460;1 A;
52.3172908679115;-0.999755859375;-0.115997314453125;4.59999998838612;461;1 A;
52.3272908678863;-0.99945068359375;-0.11590576171875;4.60999998836087;462;1 A;
52.337290867861;-1.00006103515625;-0.11578369140625;4.61999998833562;463;1 A;
52.3472908678358;-0.99945068359375;-0.115692138671875;4.62999998831037;464;1 A;
52.3572908678105;-0.99945068359375;-0.1156005859375;4.63999998828513;465;1 A;
52.3672908677853;-0.99945068359375;-0.115478515625;4.64999998825988;466;1 A;
52.3772908677601;-0.99945068359375;-0.11541748046875;4.65999998823463;467;1 A;
52.3872908677348;-0.999755859375;-0.11529541015625;4.66999998820938;468;1 A;
52.3972908677096;-0.99945068359375;-0.115203857421875;4.67999998818414;469;1 A;
52.4072908676843;-1.00006103515625;-0.1151123046875;4.68999998815889;470;1 A;
52.4172908676591;-0.999755859375;-0.115020751953125;4.69999998813364;471;1 A;
52.4272908676338;-0.999755859375;-0.11492919921875;4.70999998810839;472;1 A;
52.4372908676086;-0.9991455078125;-0.11480712890625;4.71999998808315;473;1 A;
52.4472908675833;-0.99945068359375;-0.11474609375;4.7299999880579;474;1 A;
52.4572908675581;-1.0003662109375;-0.114654541015625;4.73999998803265;475;1 A;
52.4672908675328;-0.99945068359375;-0.114532470703125;4.7499999880074;476;1 A;
52.4772908675076;-0.9991455078125;-0.114471435546875;4.75999998798216;477;1 A;
52.4872908674823;-1.00006103515625;-0.114349365234375;4.76999998795691;478;1 A;
52.4972908674571;-0.999755859375;-0.1142578125;4.77999998793166;479;1 A;
52.5072908674318;-1.00006103515625;-0.11419677734375;4.78999998790641;480;1 A;
52.5172908674066;-0.99945068359375;-0.11407470703125;4.79999998788116;481;1 A;
52.5272908673813;-1.00006103515625;-0.114013671875;4.80999998785592;482;1 A;
52.5372908673561;-0.99945068359375;-0.1138916015625;4.81999998783067;483;1 A;
52.5472908673308;-0.999755859375;-0.113800048828125;4.82999998780542;484;1 A;
52.5572908673056;-0.9991455078125;-0.113739013671875;4.83999998778017;485;1 A;
52.5672908672803;-0.999755859375;-0.113616943359375;4.84999998775493;486;1 A;
52.5772908672551;-1.00006103515625;-0.113555908203125;4.85999998772968;487;1 A;
52.5872908672299;-0.999755859375;-0.113433837890625;4.86999998770443;488;1 A;
52.5972908672046;-0.9991455078125;-0.11334228515625;4.87999998767918;489;1 A;
52.6072908671794;-0.999755859375;-0.11328125;4.88999998765394;490;1 A;
52.6172908671541;-1.00006103515625;-0.1131591796875;4.89999998762869;491;1 A;
52.6272908671289;-1.00006103515625;-0.11309814453125;4.90999998760344;492;1 A;
52.6372908671036;-1.00006103515625;-0.11297607421875;4.91999998757819;493;1 A;
52.6472908670784;-0.999755859375;-0.1129150390625;4.92999998755295;494;1 A;
52.6572908670531;-0.99945068359375;-0.112823486328125;4.9399999875277;495;1 A;
52.6672908670279;-1.00006103515625;-0.11273193359375;4.94999998750245;496;1 A;
52.6772908670026;-0.999755859375;-0.1126708984375;4.9599999874772;497;1 A;
52.6872908669774;-0.999755859375;-0.112548828125;4.96999998745196;498;1 A;
52.6972908669521;-0.999755859375;-0.112457275390625;4.97999998742671;499;1 A;
52.7072908669269;-0.999755859375;-0.112396240234375;4.98999998740146;500;1 A;
52.7172908669016;-0.999755859375;-0.1123046875;4.99999998737621;501;1 A;
52.7272908668764;-0.99945068359375;-0.11224365234375;5.00999998735097;502;1 A;
52.7372908668511;-0.999755859375;-0.112152099609375;5.01999998732572;503;1 A;
52.7472908668259;-1.00006103515625;-0.112060546875;5.02999998730047;504;1 A;
52.7572908668006;-0.99945068359375;-0.111968994140625;5.03999998727522;505;1 A;
52.7672908667754;-1.00006103515625;-0.11187744140625;5.04999998724998;506;1 A;
52.7772908667501;-0.999755859375;-0.11181640625;5.05999998722473;507;1 A;
52.7872908667249;-0.99945068359375;-0.1116943359375;5.06999998719948;508;1 A;
52.7972908666997;-0.99945068359375;-0.11163330078125;5.07999998717423;509;1 A;
52.8072908666744;-0.9991455078125;-0.111541748046875;5.08999998714899;510;1 A;
52.8172908666492;-0.999755859375;-0.1114501953125;5.09999998712374;511;1 A;
52.8272908666239;-0.99945068359375;-0.11138916015625;5.10999998709849;512;1 A;
52.8372908665987;-0.99945068359375;-0.11126708984375;5.11999998707324;513;1 A;
52.8472908665734;-0.99945068359375;-0.1112060546875;5.129999987048;514;1 A;
52.8572908665482;-1.00006103515625;-0.11114501953125;5.13999998702275;515;1 A;
52.8672908665229;-0.99945068359375;-0.111053466796875;5.1499999869975;516;1 A;
52.8772908664977;-0.99945068359375;-0.110992431640625;5.15999998697225;517;1 A;
52.8872908664724;-0.999755859375;-0.110870361328125;5.169999986947;518;1 A;
52.8972908664472;-1.00006103515625;-0.110809326171875;5.17999998692176;519;1 A;
52.9072908664219;-0.9991455078125;-0.1107177734375;5.18999998689651;520;1 A;
52.9172908663967;-0.99945068359375;-0.110626220703125;5.19999998687126;521;1 A;
52.9272908663714;-0.99945068359375;-0.110565185546875;5.20999998684601;522;1 A;
52.9372908663462;-0.99945068359375;-0.1104736328125;5.21999998682077;523;1 A;
52.9472908663209;-0.9991455078125;-0.110382080078125;5.22999998679552;524;1 A;
52.9572908662957;-0.999755859375;-0.110321044921875;5.23999998677027;525;1 A;
52.9672908662704;-0.9991455078125;-0.1102294921875;5.24999998674502;526;1 A;
52.9772908662452;-1.00006103515625;-0.11016845703125;5.25999998671978;527;1 A;
52.98729086622;-0.99945068359375;-0.110076904296875;5.26999998669453;528;1 A;
52.9972908661947;-1.00006103515625;-0.110015869140625;5.27999998666928;529;1 A;
53.0072908661695;-0.9991455078125;-0.10992431640625;5.28999998664403;530;1 A;
53.0172908661442;-0.999755859375;-0.109832763671875;5.29999998661879;531;1 A;
53.027290866119;-0.999755859375;-0.109771728515625;5.30999998659354;532;1 A;
53.0372908660937;-0.99945068359375;-0.10968017578125;5.31999998656829;533;1 A;
53.0472908660685;-1.0003662109375;-0.109619140625;5.32999998654304;534;1 A;
53.0572908660432;-1.00006103515625;-0.10955810546875;5.3399999865178;535;1 A;
53.067290866018;-0.9991455078125;-0.109466552734375;5.34999998649255;536;1 A;
53.0772908659927;-0.999755859375;-0.109405517578125;5.3599999864673;537;1 A;
53.0872908659675;-0.999755859375;-0.10931396484375;5.36999998644205;538;1 A;
53.0972908659422;-0.99945068359375;-0.1092529296875;5.37999998641681;539;1 A;
53.107290865917;-0.999755859375;-0.10919189453125;5.38999998639156;540;1 A;
53.1172908658917;-0.999755859375;-0.109100341796875;5.39999998636631;541;1 A;
53.1272908658665;-0.999755859375;-0.109039306640625;5.40999998634106;542;1 A;
53.1372908658412;-0.99945068359375;-0.10894775390625;5.41999998631582;543;1 A;
53.147290865816;-0.999755859375;-0.108856201171875;5.42999998629057;544;1 A;
53.1572908657907;-0.999755859375;-0.108795166015625;5.43999998626532;545;1 A;
53.1672908657655;-0.999755859375;-0.108734130859375;5.44999998624007;546;1 A;
53.1772908657402;-1.00006103515625;-0.108673095703125;5.45999998621483;547;1 A;
53.187290865715;-0.99945068359375;-0.10858154296875;5.46999998618958;548;1 A;
53.1972908656898;-0.99945068359375;-0.1085205078125;5.47999998616433;549;1 A;
53.2072908656645;-0.999755859375;-0.108428955078125;5.48999998613908;550;1 A;
53.2172908656393;-0.99945068359375;-0.10833740234375;5.49999998611383;551;1 A;
53.227290865614;-0.99945068359375;-0.108306884765625;5.50999998608859;552;1 A;
53.2372908655888;-1.00006103515625;-0.108184814453125;5.51999998606334;553;1 A;
53.2472908655635;-0.99945068359375;-0.108154296875;5.52999998603809;554;1 A;
53.2572908655383;-0.99945068359375;-0.10809326171875;5.53999998601284;555;1 A;
53.267290865513;-0.9991455078125;-0.108001708984375;5.5499999859876;556;1 A;
53.2772908654878;-0.999755859375;-0.107940673828125;5.55999998596235;557;1 A;
53.2872908654625;-1.0003662109375;-0.10784912109375;5.5699999859371;558;1 A;
53.2972908654373;-0.999755859375;-0.1077880859375;5.57999998591185;559;1 A;
53.307290865412;-0.999755859375;-0.10772705078125;5.58999998588661;560;1 A;
53.3172908653868;-1.0003662109375;-0.107635498046875;5.59999998586136;561;1 A;
53.3272908653615;-0.999755859375;-0.107574462890625;5.60999998583611;562;1 A;
53.3372908653363;-0.99945068359375;-0.10748291015625;5.61999998581086;563;1 A;
53.347290865311;-0.999755859375;-0.107421875;5.62999998578562;564;1 A;
53.3572908652858;-0.999755859375;-0.10736083984375;5.63999998576037;565;1 A;
53.3672908652605;-0.999755859375;-0.107269287109375;5.64999998573512;566;1 A;
53.3772908652353;-0.999755859375;-0.10723876953125;5.65999998570987;567;1 A;
53.38729086521;-0.99945068359375;-0.107147216796875;5.66999998568463;568;1 A;
53.3972908651848;-0.999755859375;-0.107086181640625;5.67999998565938;569;1 A;
53.4072908651596;-0.99945068359375;-0.107025146484375;5.68999998563413;570;1 A;
53.4172908651343;-0.999755859375;-0.10693359375;5.69999998560888;571;1 A;
53.4272908651091;-0.99945068359375;-0.106903076171875;5.70999998558364;572;1 A;
53.4372908650838;-0.99945068359375;-0.106781005859375;5.71999998555839;573;1 A;
53.4472908650586;-0.999755859375;-0.10675048828125;5.72999998553314;574;1 A;
53.4572908650333;-0.999755859375;-0.106689453125;5.73999998550789;575;1 A;
53.4672908650081;-0.999755859375;-0.106597900390625;5.74999998548265;576;1 A;
53.4772908649828;-0.999755859375;-0.1065673828125;5.7599999854574;577;1 A;
53.4872908649576;-0.99945068359375;-0.1064453125;5.76999998543215;578;1 A;
53.4972908649323;-0.99945068359375;-0.106414794921875;5.7799999854069;579;1 A;
53.5072908649071;-1.00006103515625;-0.106353759765625;5.78999998538166;580;1 A;
53.5172908648818;-0.99945068359375;-0.10626220703125;5.79999998535641;581;1 A;
53.5272908648566;-0.999755859375;-0.106201171875;5.80999998533116;582;1 A;
53.5372908648313;-0.999755859375;-0.106109619140625;5.81999998530591;583;1 A;
53.5472908648061;-0.99945068359375;-0.1060791015625;5.82999998528066;584;1 A;
53.5572908647808;-0.999755859375;-0.10601806640625;5.83999998525542;585;1 A;
53.5672908647556;-0.999755859375;-0.105926513671875;5.84999998523017;586;1 A;
53.5772908647303;-0.99945068359375;-0.10589599609375;5.85999998520492;587;1 A;
53.5872908647051;-0.9991455078125;-0.105804443359375;5.86999998517967;588;1 A;
53.5972908646798;-0.99945068359375;-0.105743408203125;5.87999998515443;589;1 A;
53.6072908646546;-0.99945068359375;-0.105682373046875;5.88999998512918;590;1 A;
53.6172908646294;-0.999755859375;-0.105621337890625;5.89999998510393;591;1 A;
53.6272908646041;-0.99945068359375;-0.105560302734375;5.90999998507868;592;1 A;
53.6372908645789;-1.00006103515625;-0.10546875;5.91999998505344;593;1 A;
53.6472908645536;-1.0003662109375;-0.10540771484375;5.92999998502819;594;1 A;
53.6572908645284;-0.999755859375;-0.105377197265625;5.93999998500294;595;1 A;
53.6672908645031;-0.999755859375;-0.10528564453125;5.94999998497769;596;1 A;
53.6772908644779;-0.999755859375;-0.105255126953125;5.95999998495245;597;1 A;
53.6872908644526;-0.999755859375;-0.105133056640625;5.9699999849272;598;1 A;
53.6972908644274;-0.9991455078125;-0.1051025390625;5.97999998490195;599;1 A;
53.7072908644021;-0.99945068359375;-0.10504150390625;5.9899999848767;600;1 A;
53.7172908643769;-0.99945068359375;-0.10498046875;5.99999998485146;601;1 A;
53.7272908643516;-0.99945068359375;-0.10491943359375;6.00999998482621;602;1 A;
53.7372908643264;-0.99945068359375;-0.1048583984375;6.01999998480096;603;1 A;
53.7472908643011;-0.999755859375;-0.10479736328125;6.02999998477571;604;1 A;
53.7572908642759;-0.99945068359375;-0.104736328125;6.03999998475047;605;1 A;
53.7672908642506;-0.99945068359375;-0.104644775390625;6.04999998472522;606;1 A;
53.7772908642254;-0.999755859375;-0.1046142578125;6.05999998469997;607;1 A;
53.7872908642001;-0.99945068359375;-0.104522705078125;6.06999998467472;608;1 A;
53.7972908641749;-0.99945068359375;-0.1044921875;6.07999998464948;609;1 A;
53.8072908641496;-0.999755859375;-0.10443115234375;6.08999998462423;610;1 A;
53.8172908641244;-1.00006103515625;-0.104339599609375;6.09999998459898;611;1 A;
53.8272908640992;-0.99945068359375;-0.10430908203125;6.10999998457373;612;1 A;
53.8372908640739;-0.99945068359375;-0.104217529296875;6.11999998454849;613;1 A;
53.8472908640487;-0.999755859375;-0.10418701171875;6.12999998452324;614;1 A;
53.8572908640234;-0.999755859375;-0.1041259765625;6.13999998449799;615;1 A;
53.8672908639982;-0.999755859375;-0.10406494140625;6.14999998447274;616;1 A;
53.8772908639729;-0.999755859375;-0.10400390625;6.1599999844475;617;1 A;
53.8872908639477;-0.99945068359375;-0.103912353515625;6.16999998442225;618;1 A;
53.8972908639224;-1.00006103515625;-0.1038818359375;6.179999984397;619;1 A;
53.9072908638972;-1.00006103515625;-0.10382080078125;6.18999998437175;620;1 A;
53.9172908638719;-0.999755859375;-0.103729248046875;6.1999999843465;621;1 A;
53.9272908638467;-0.999755859375;-0.10369873046875;6.20999998432126;622;1 A;
53.9372908638214;-1.00006103515625;-0.103607177734375;6.21999998429601;623;1 A;
53.9472908637962;-0.999755859375;-0.10357666015625;6.22999998427076;624;1 A;
53.9572908637709;-0.999755859375;-0.103515625;6.23999998424551;625;1 A;
53.9672908637457;-0.99945068359375;-0.10345458984375;6.24999998422027;626;1 A;
53.9772908637204;-0.99945068359375;-0.1033935546875;6.25999998419502;627;1 A;
53.9872908636952;-0.999755859375;-0.10333251953125;6.26999998416977;628;1 A;
53.9972908636699;-1.00006103515625;-0.103271484375;6.27999998414452;629;1 A;
54.0072908636447;-0.99945068359375;-0.103240966796875;6.28999998411928;630;1 A;
54.0172908636195;-0.99945068359375;-0.1031494140625;6.29999998409403;631;1 A;
54.0272908635942;-0.999755859375;-0.103118896484375;6.30999998406878;632;1 A;
54.037290863569;-1.0003662109375;-0.10302734375;6.31999998404353;633;1 A;
54.0472908635437;-0.999755859375;-0.102996826171875;6.32999998401829;634;1 A;
54.0572908635185;-1.00006103515625;-0.102935791015625;6.33999998399304;635;1 A;
54.0672908634932;-1.00006103515625;-0.10284423828125;6.34999998396779;636;1 A;
54.077290863468;-1.00006103515625;-0.102813720703125;6.35999998394254;637;1 A;
54.0872908634427;-0.99945068359375;-0.10272216796875;6.3699999839173;638;1 A;
54.0972908634175;-0.999755859375;-0.102691650390625;6.37999998389205;639;1 A;
54.1072908633922;-0.999755859375;-0.102630615234375;6.3899999838668;640;1 A;
54.117290863367;-1.00006103515625;-0.102569580078125;6.39999998384155;641;1 A;
54.1272908633417;-0.9991455078125;-0.102508544921875;6.40999998381631;642;1 A;
54.1372908633165;-0.999755859375;-0.102447509765625;6.41999998379106;643;1 A;
54.1472908632912;-0.99945068359375;-0.1024169921875;6.42999998376581;644;1 A;
54.157290863266;-0.99945068359375;-0.10235595703125;6.43999998374056;645;1 A;
54.1672908632407;-1.00006103515625;-0.102294921875;6.44999998371532;646;1 A;
54.1772908632155;-0.999755859375;-0.10223388671875;6.45999998369007;647;1 A;
54.1872908631902;-0.999755859375;-0.1021728515625;6.46999998366482;648;1 A;
54.197290863165;-1.00006103515625;-0.10211181640625;6.47999998363957;649;1 A;
54.2072908631397;-1.00006103515625;-0.102081298828125;6.48999998361433;650;1 A;
54.2172908631145;-0.999755859375;-0.10198974609375;6.49999998358908;651;1 A;
54.2272908630893;-1.00006103515625;-0.101959228515625;6.50999998356383;652;1 A;
54.237290863064;-0.99945068359375;-0.10186767578125;6.51999998353858;653;1 A;
54.2472908630388;-0.999755859375;-0.101837158203125;6.52999998351333;654;1 A;
54.2572908630135;-0.999755859375;-0.101776123046875;6.53999998348809;655;1 A;
54.2672908629883;-0.999755859375;-0.1016845703125;6.54999998346284;656;1 A;
54.277290862963;-0.9991455078125;-0.1016845703125;6.55999998343759;657;1 A;
54.2872908629378;-0.999755859375;-0.101593017578125;6.56999998341234;658;1 A;
54.2972908629125;-0.9991455078125;-0.1015625;6.5799999833871;659;1 A;
54.3072908628873;-0.99945068359375;-0.10150146484375;6.58999998336185;660;1 A;
54.317290862862;-0.999755859375;-0.1014404296875;6.5999999833366;661;1 A;
54.3272908628368;-0.999755859375;-0.101409912109375;6.60999998331135;662;1 A;
54.3372908628115;-0.99945068359375;-0.101318359375;6.61999998328611;663;1 A;
54.3472908627863;-0.99945068359375;-0.101287841796875;6.62999998326086;664;1 A;
54.357290862761;-1.0003662109375;-0.101226806640625;6.63999998323561;665;1 A;
54.3672908627358;-0.999755859375;-0.101165771484375;6.64999998321036;666;1 A;
54.3772908627105;-0.99945068359375;-0.10113525390625;6.65999998318512;667;1 A;
54.3872908626853;-0.999755859375;-0.101043701171875;6.66999998315987;668;1 A;
54.39729086266;-0.99945068359375;-0.100982666015625;6.67999998313462;669;1 A;
54.4072908626348;-0.99945068359375;-0.1009521484375;6.68999998310937;670;1 A;
54.4172908626095;-0.99945068359375;-0.10089111328125;6.69999998308413;671;1 A;
54.4272908625843;-0.99945068359375;-0.100860595703125;6.70999998305888;672;1 A;
54.4372908625591;-1.00006103515625;-0.10076904296875;6.71999998303363;673;1 A;
54.4472908625338;-0.99945068359375;-0.100738525390625;6.72999998300838;674;1 A;
54.4572908625086;-1.00006103515625;-0.100677490234375;6.73999998298314;675;1 A;
54.4672908624833;-0.99945068359375;-0.100616455078125;6.74999998295789;676;1 A;
54.4772908624581;-0.99945068359375;-0.1005859375;6.75999998293264;677;1 A;
54.4872908624328;-0.99945068359375;-0.100494384765625;6.76999998290739;678;1 A;
54.4972908624076;-1.00006103515625;-0.1004638671875;6.77999998288215;679;1 A;
54.5072908623823;-0.99945068359375;-0.10040283203125;6.7899999828569;680;1 A;
54.5172908623571;-0.999755859375;-0.100341796875;6.79999998283165;681;1 A;
54.5272908623318;-0.999755859375;-0.100311279296875;6.8099999828064;682;1 A;
54.5372908623066;-0.9991455078125;-0.1002197265625;6.81999998278116;683;1 A;
54.5472908622813;-1.00006103515625;-0.100189208984375;6.82999998275591;684;1 A;
54.5572908622561;-0.999755859375;-0.10015869140625;6.83999998273066;685;1 A;
54.5672908622308;-0.99945068359375;-0.10009765625;6.84999998270541;686;1 A;
54.5772908622056;-0.999755859375;-0.100067138671875;6.85999998268016;687;1 A;
54.5872908621803;-0.999755859375;-0.0999755859375;6.86999998265492;688;1 A;
54.5972908621551;-0.99945068359375;-0.099945068359375;6.87999998262967;689;1 A;
54.6072908621298;-0.999755859375;-0.09991455078125;6.88999998260442;690;1 A;
54.6172908621046;-0.99945068359375;-0.099853515625;6.89999998257917;691;1 A;
54.6272908620793;-0.9991455078125;-0.099822998046875;6.90999998255393;692;1 A;
54.6372908620541;-0.999755859375;-0.0997314453125;6.91999998252868;693;1 A;
54.6472908620289;-1.0003662109375;-0.099700927734375;6.92999998250343;694;1 A;
54.6572908620036;-0.99945068359375;-0.099639892578125;6.93999998247818;695;1 A;
54.6672908619784;-0.99945068359375;-0.099578857421875;6.94999998245294;696;1 A;
54.6772908619531;-0.999755859375;-0.09954833984375;6.95999998242769;697;1 A;
54.6872908619279;-0.999755859375;-0.099456787109375;6.96999998240244;698;1 A;
54.6972908619026;-0.999755859375;-0.09942626953125;6.97999998237719;699;1 A;
54.7072908618774;-0.999755859375;-0.099395751953125;6.98999998235195;700;1 A;
54.7172908618521;-0.9991455078125;-0.099334716796875;6.9999999823267;701;1 A;
54.7272908618269;-0.999755859375;-0.09930419921875;7.00999998230145;702;1 A;
54.7372908618016;-1.00006103515625;-0.099212646484375;7.0199999822762;703;1 A;
54.7472908617764;-1.0003662109375;-0.099212646484375;7.02999998225096;704;1 A;
54.7572908617511;-1.00006103515625;-0.099151611328125;7.03999998222571;705;1 A;
54.7672908617259;-0.999755859375;-0.099090576171875;7.04999998220046;706;1 A;
54.7772908617006;-0.9991455078125;-0.09906005859375;7.05999998217521;707;1 A;
54.7872908616754;-0.999755859375;-0.0989990234375;7.06999998214997;708;1 A;
54.7972908616501;-0.9991455078125;-0.098968505859375;7.07999998212472;709;1 A;
54.8072908616249;-0.999755859375;-0.098907470703125;7.08999998209947;710;1 A;
54.8172908615996;-1.00006103515625;-0.098846435546875;7.09999998207422;711;1 A;
54.8272908615744;-0.999755859375;-0.098846435546875;7.10999998204898;712;1 A;
54.8372908615491;-0.99945068359375;-0.0987548828125;7.11999998202373;713;1 A;
54.8472908615239;-0.999755859375;-0.098724365234375;7.12999998199848;714;1 A;
54.8572908614987;-0.999755859375;-0.09869384765625;7.13999998197323;715;1 A;
54.8672908614734;-0.99945068359375;-0.0986328125;7.14999998194799;716;1 A;
54.8772908614482;-0.99945068359375;-0.098602294921875;7.15999998192274;717;1 A;
54.8872908614229;-0.99945068359375;-0.0985107421875;7.16999998189749;718;1 A;
54.8972908613977;-0.99945068359375;-0.098480224609375;7.17999998187224;719;1 A;
54.9072908613724;-0.999755859375;-0.09844970703125;7.189999981847;720;1 A;
54.9172908613472;-1.00006103515625;-0.098388671875;7.19999998182175;721;1 A;
54.9272908613219;-0.99945068359375;-0.098358154296875;7.2099999817965;722;1 A;
54.9372908612967;-1.00006103515625;-0.098297119140625;7.21999998177125;723;1 A;
54.9472908612714;-0.99945068359375;-0.0982666015625;7.229999981746;724;1 A;
54.9572908612462;-0.99945068359375;-0.098236083984375;7.23999998172076;725;1 A;
54.9672908612209;-0.9991455078125;-0.098175048828125;7.24999998169551;726;1 A;
54.9772908611957;-0.999755859375;-0.09814453125;7.25999998167026;727;1 A;
54.9872908611704;-0.99945068359375;-0.09808349609375;7.26999998164501;728;1 A;
54.9972908611452;-0.999755859375;-0.098052978515625;7.27999998161977;729;1 A;
55.0072908611199;-0.99945068359375;-0.097991943359375;7.28999998159452;730;1 A;
55.0172908610947;-0.999755859375;-0.09796142578125;7.29999998156927;731;1 A;
55.0272908610694;-0.99945068359375;-0.097930908203125;7.30999998154402;732;1 A;
55.0372908610442;-1.00006103515625;-0.097869873046875;7.31999998151878;733;1 A;
55.047290861019;-0.99945068359375;-0.09783935546875;7.32999998149353;734;1 A;
55.0572908609937;-0.999755859375;-0.097808837890625;7.33999998146828;735;1 A;
55.0672908609685;-0.99945068359375;-0.097747802734375;7.34999998144303;736;1 A;
55.0772908609432;-0.999755859375;-0.09771728515625;7.35999998141779;737;1 A;
55.087290860918;-0.99945068359375;-0.09765625;7.36999998139254;738;1 A;
55.0972908608927;-0.999755859375;-0.097625732421875;7.37999998136729;739;1 A;
55.1072908608675;-0.9991455078125;-0.097564697265625;7.38999998134204;740;1 A;
55.1172908608422;-0.99945068359375;-0.0975341796875;7.3999999813168;741;1 A;
55.127290860817;-0.99945068359375;-0.097503662109375;7.40999998129155;742;1 A;
55.1372908607917;-1.00006103515625;-0.097412109375;7.4199999812663;743;1 A;
55.1472908607665;-0.9991455078125;-0.097412109375;7.42999998124105;744;1 A;
55.1572908607412;-0.999755859375;-0.09735107421875;7.43999998121581;745;1 A;
55.167290860716;-1.0003662109375;-0.097320556640625;7.44999998119056;746;1 A;
55.1772908606907;-1.00006103515625;-0.0972900390625;7.45999998116531;747;1 A;
55.1872908606655;-0.99945068359375;-0.09722900390625;7.46999998114006;748;1 A;
55.1972908606402;-0.999755859375;-0.097198486328125;7.47999998111482;749;1 A;
55.207290860615;-0.999755859375;-0.09716796875;7.48999998108957;750;1 A;
55.2172908605897;-1.00006103515625;-0.09710693359375;7.49999998106432;751;1 A;
55.2272908605645;-0.99945068359375;-0.097076416015625;7.50999998103907;752;1 A;
55.2372908605392;-0.999755859375;-0.097015380859375;7.51999998101383;753;1 A;
55.247290860514;-0.99945068359375;-0.09698486328125;7.52999998098858;754;1 A;
55.2572908604888;-0.99945068359375;-0.096954345703125;7.53999998096333;755;1 A;
55.2672908604635;-0.999755859375;-0.096893310546875;7.54999998093808;756;1 A;
55.2772908604383;-0.999755859375;-0.09686279296875;7.55999998091283;757;1 A;
55.287290860413;-0.99945068359375;-0.0968017578125;7.56999998088759;758;1 A;
55.2972908603878;-1.00006103515625;-0.0968017578125;7.57999998086234;759;1 A;
55.3072908603625;-0.99945068359375;-0.09674072265625;7.58999998083709;760;1 A;
55.3172908603373;-1.00006103515625;-0.096710205078125;7.59999998081184;761;1 A;
55.327290860312;-0.999755859375;-0.0966796875;7.6099999807866;762;1 A;
55.3372908602868;-1.00006103515625;-0.09661865234375;7.61999998076135;763;1 A;
55.3472908602615;-1.00006103515625;-0.096588134765625;7.6299999807361;764;1 A;
55.3572908602363;-0.999755859375;-0.0965576171875;7.63999998071085;765;1 A;
55.367290860211;-0.9991455078125;-0.09649658203125;7.64999998068561;766;1 A;
55.3772908601858;-0.999755859375;-0.09649658203125;7.65999998066036;767;1 A;
55.3872908601605;-0.99945068359375;-0.096435546875;7.66999998063511;768;1 A;
55.3972908601353;-0.99945068359375;-0.096405029296875;7.67999998060986;769;1 A;
55.40729086011;-0.999755859375;-0.09637451171875;7.68999998058462;770;1 A;
55.4172908600848;-0.99945068359375;-0.0963134765625;7.69999998055937;771;1 A;
55.4272908600595;-0.99945068359375;-0.0963134765625;7.70999998053412;772;1 A;
55.4372908600343;-0.99945068359375;-0.096221923828125;7.71999998050887;773;1 A;
55.447290860009;-0.99945068359375;-0.096221923828125;7.72999998048363;774;1 A;
55.4572908599838;-0.99884033203125;-0.096160888671875;7.73999998045838;775;1 A;
55.4672908599586;-0.99945068359375;-0.09613037109375;7.74999998043313;776;1 A;
55.4772908599333;-0.999755859375;-0.096099853515625;7.75999998040788;777;1 A;
55.4872908599081;-0.99945068359375;-0.096038818359375;7.76999998038264;778;1 A;
55.4972908598828;-0.99884033203125;-0.09600830078125;7.77999998035739;779;1 A;
55.5072908598576;-0.99945068359375;-0.095977783203125;7.78999998033214;780;1 A;
55.5172908598323;-0.999755859375;-0.095947265625;7.79999998030689;781;1 A;
55.5272908598071;-0.999755859375;-0.095916748046875;7.80999998028165;782;1 A;
55.5372908597818;-0.999755859375;-0.095855712890625;7.8199999802564;783;1 A;
55.5472908597566;-1.00006103515625;-0.095855712890625;7.82999998023115;784;1 A;
55.5572908597313;-0.99945068359375;-0.0958251953125;7.8399999802059;785;1 A;
55.5672908597061;-0.999755859375;-0.09576416015625;7.84999998018066;786;1 A;
55.5772908596808;-0.99945068359375;-0.09576416015625;7.85999998015541;787;1 A;
55.5872908596556;-0.99945068359375;-0.095672607421875;7.86999998013016;788;1 A;
55.5972908596303;-0.999755859375;-0.095672607421875;7.87999998010491;789;1 A;
55.6072908596051;-1.00006103515625;-0.095611572265625;7.88999998007966;790;1 A;
55.6172908595798;-0.9991455078125;-0.0955810546875;7.89999998005442;791;1 A;
55.6272908595546;-1.00006103515625;-0.095550537109375;7.90999998002917;792;1 A;
55.6372908595293;-0.999755859375;-0.095489501953125;7.91999998000392;793;1 A;
55.6472908595041;-0.999755859375;-0.095489501953125;7.92999997997867;794;1 A;
55.6572908594788;-0.9991455078125;-0.095458984375;7.93999997995343;795;1 A;
55.6672908594536;-0.999755859375;-0.09539794921875;7.94999997992818;796;1 A;
55.6772908594284;-1.00006103515625;-0.09539794921875;7.95999997990293;797;1 A;
55.6872908594031;-0.999755859375;-0.0953369140625;7.96999997987768;798;1 A;
55.6972908593779;-0.999755859375;-0.095306396484375;7.97999997985244;799;1 A;
55.7072908593526;-0.9991455078125;-0.095306396484375;7.98999997982719;800;1 A;
55.7172908593274;-0.999755859375;-0.095245361328125;7.99999997980194;801;1 A;
55.7272908593021;-1.00006103515625;-0.095245361328125;8.00999997977669;802;1 A;
55.7372908592769;-0.999755859375;-0.09515380859375;8.01999997975145;803;1 A;
55.7472908592516;-1.00006103515625;-0.09515380859375;8.0299999797262;804;1 A;
55.7572908592264;-0.999755859375;-0.095123291015625;8.03999997970095;805;1 A;
55.7672908592011;-1.00006103515625;-0.0950927734375;8.0499999796757;806;1 A;
55.7772908591759;-0.999755859375;-0.095062255859375;8.05999997965046;807;1 A;
55.7872908591506;-0.99945068359375;-0.095001220703125;8.06999997962521;808;1 A;
55.7972908591254;-1.00006103515625;-0.095001220703125;8.07999997959996;809;1 A;
55.8072908591001;-1.00006103515625;-0.094970703125;8.08999997957471;810;1 A;
55.8172908590749;-0.999755859375;-0.09490966796875;8.09999997954947;811;1 A;
55.8272908590496;-0.999755859375;-0.094940185546875;8.10999997952422;812;1 A;
55.8372908590244;-1.0003662109375;-0.0948486328125;8.11999997949897;813;1 A;
55.8472908589991;-0.999755859375;-0.0948486328125;8.12999997947372;814;1 A;
55.8572908589739;-1.00006103515625;-0.0948486328125;8.13999997944848;815;1 A;
55.8672908589486;-0.99945068359375;-0.09478759765625;8.14999997942323;816;1 A;
55.8772908589234;-0.999755859375;-0.09478759765625;8.15999997939798;817;1 A;
55.8872908588982;-0.999755859375;-0.0947265625;8.16999997937273;818;1 A;
55.8972908588729;-0.99945068359375;-0.0947265625;8.17999997934749;819;1 A;
55.9072908588477;-0.999755859375;-0.094696044921875;8.18999997932224;820;1 A;
55.9172908588224;-0.999755859375;-0.094635009765625;8.19999997929699;821;1 A;
55.9272908587972;-1.00006103515625;-0.094635009765625;8.20999997927174;822;1 A;
55.9372908587719;-0.999755859375;-0.094573974609375;8.2199999792465;823;1 A;
55.9472908587467;-0.999755859375;-0.094573974609375;8.22999997922125;824;1 A;
55.9572908587214;-0.99945068359375;-0.09454345703125;8.239999979196;825;1 A;
55.9672908586962;-0.999755859375;-0.094482421875;8.24999997917075;826;1 A;
55.9772908586709;-0.999755859375;-0.094482421875;8.2599999791455;827;1 A;
55.9872908586457;-0.999755859375;-0.094451904296875;8.26999997912026;828;1 A;
55.9972908586204;-0.99945068359375;-0.09442138671875;8.27999997909501;829;1 A;
56.0072908585952;-0.999755859375;-0.094390869140625;8.28999997906976;830;1 A;
56.0172908585699;-0.999755859375;-0.0943603515625;8.29999997904451;831;1 A;
56.0272908585447;-0.999755859375;-0.0943603515625;8.30999997901927;832;1 A;
56.0372908585194;-0.99945068359375;-0.09429931640625;8.31999997899402;833;1 A;
56.0472908584942;-0.999755859375;-0.09429931640625;8.32999997896877;834;1 A;
56.0572908584689;-1.00006103515625;-0.094268798828125;8.33999997894352;835;1 A;
56.0672908584437;-0.99945068359375;-0.09423828125;8.34999997891828;836;1 A;
56.0772908584185;-0.99945068359375;-0.094207763671875;8.35999997889303;837;1 A;
56.0872908583932;-1.00006103515625;-0.09417724609375;8.36999997886778;838;1 A;
56.097290858368;-0.9991455078125;-0.094146728515625;8.37999997884253;839;1 A;
56.1072908583427;-0.9991455078125;-0.0941162109375;8.38999997881729;840;1 A;
56.1172908583175;-0.99884033203125;-0.094085693359375;8.39999997879204;841;1 A;
56.1272908582922;-0.999755859375;-0.094085693359375;8.40999997876679;842;1 A;
56.137290858267;-1.00006103515625;-0.094024658203125;8.41999997874154;843;1 A;
56.1472908582417;-0.99945068359375;-0.09405517578125;8.4299999787163;844;1 A;
56.1572908582165;-0.999755859375;-0.093994140625;8.43999997869105;845;1 A;
56.1672908581912;-0.999755859375;-0.093994140625;8.4499999786658;846;1 A;
56.177290858166;-0.9991455078125;-0.093963623046875;8.45999997864055;847;1 A;
56.1872908581407;-0.99945068359375;-0.093902587890625;8.46999997861531;848;1 A;
56.1972908581155;-0.99945068359375;-0.093902587890625;8.47999997859006;849;1 A;
56.2072908580902;-0.99945068359375;-0.0938720703125;8.48999997856481;850;1 A;
56.217290858065;-0.99945068359375;-0.093841552734375;8.49999997853956;851;1 A;
56.2272908580397;-0.99945068359375;-0.09381103515625;8.50999997851432;852;1 A;
56.2372908580145;-0.999755859375;-0.09375;8.51999997848907;853;1 A;
56.2472908579892;-0.999755859375;-0.09375;8.52999997846382;854;1 A;
56.257290857964;-0.99945068359375;-0.093719482421875;8.53999997843857;855;1 A;
56.2672908579387;-0.999755859375;-0.09368896484375;8.54999997841333;856;1 A;
56.2772908579135;-1.00006103515625;-0.09368896484375;8.55999997838808;857;1 A;
56.2872908578883;-1.00006103515625;-0.0936279296875;8.56999997836283;858;1 A;
56.297290857863;-0.99945068359375;-0.0936279296875;8.57999997833758;859;1 A;
56.3072908578378;-0.999755859375;-0.093597412109375;8.58999997831233;860;1 A;
56.3172908578125;-1.00006103515625;-0.09356689453125;8.59999997828709;861;1 A;
56.3272908577873;-1.00006103515625;-0.093536376953125;8.60999997826184;862;1 A;
56.337290857762;-0.99945068359375;-0.093505859375;8.61999997823659;863;1 A;
56.3472908577368;-0.99945068359375;-0.093475341796875;8.62999997821134;864;1 A;
56.3572908577115;-0.999755859375;-0.09344482421875;8.6399999781861;865;1 A;
56.3672908576863;-0.99945068359375;-0.093414306640625;8.64999997816085;866;1 A;
56.377290857661;-0.99945068359375;-0.093414306640625;8.6599999781356;867;1 A;
56.3872908576358;-0.999755859375;-0.093353271484375;8.66999997811035;868;1 A;
56.3972908576105;-0.999755859375;-0.093353271484375;8.67999997808511;869;1 A;
56.4072908575853;-1.00006103515625;-0.09332275390625;8.68999997805986;870;1 A;
56.41729085756;-0.999755859375;-0.093292236328125;8.69999997803461;871;1 A;
56.4272908575348;-0.99945068359375;-0.09326171875;8.70999997800936;872;1 A;
56.4372908575095;-0.99945068359375;-0.093231201171875;8.71999997798412;873;1 A;
56.4472908574843;-1.00006103515625;-0.09320068359375;8.72999997795887;874;1 A;
56.457290857459;-1.00006103515625;-0.093170166015625;8.73999997793362;875;1 A;
56.4672908574338;-0.99945068359375;-0.0931396484375;8.74999997790837;876;1 A;
56.4772908574085;-0.999755859375;-0.0931396484375;8.75999997788313;877;1 A;
56.4872908573833;-0.99945068359375;-0.09307861328125;8.76999997785788;878;1 A;
56.4972908573581;-0.9991455078125;-0.09307861328125;8.77999997783263;879;1 A;
56.5072908573328;-1.00006103515625;-0.093048095703125;8.78999997780738;880;1 A;
56.5172908573076;-0.99945068359375;-0.092987060546875;8.79999997778214;881;1 A;
56.5272908572823;-0.999755859375;-0.092987060546875;8.80999997775689;882;1 A;
56.5372908572571;-0.999755859375;-0.092926025390625;8.81999997773164;883;1 A;
56.5472908572318;-0.99945068359375;-0.092926025390625;8.82999997770639;884;1 A;
56.5572908572066;-0.999755859375;-0.0928955078125;8.83999997768115;885;1 A;
56.5672908571813;-0.999755859375;-0.092864990234375;8.8499999776559;886;1 A;
56.5772908571561;-0.999755859375;-0.09283447265625;8.85999997763065;887;1 A;
56.5872908571308;-0.99945068359375;-0.0927734375;8.8699999776054;888;1 A;
56.5972908571056;-1.0003662109375;-0.0927734375;8.87999997758016;889;1 A;
56.6072908570803;-0.99945068359375;-0.092742919921875;8.88999997755491;890;1 A;
56.6172908570551;-1.00006103515625;-0.092681884765625;8.89999997752966;891;1 A;
56.6272908570298;-0.999755859375;-0.092681884765625;8.90999997750441;892;1 A;
56.6372908570046;-0.999755859375;-0.092620849609375;8.91999997747916;893;1 A;
56.6472908569793;-0.99945068359375;-0.092620849609375;8.92999997745392;894;1 A;
56.6572908569541;-0.99945068359375;-0.09259033203125;8.93999997742867;895;1 A;
56.6672908569288;-0.999755859375;-0.092559814453125;8.94999997740342;896;1 A;
56.6772908569036;-0.999755859375;-0.092529296875;8.95999997737817;897;1 A;
56.6872908568783;-0.999755859375;-0.09246826171875;8.96999997735293;898;1 A;
56.6972908568531;-0.99945068359375;-0.09246826171875;8.97999997732768;899;1 A;
56.7072908568279;-1.00006103515625;-0.092437744140625;8.98999997730243;900;1 A;
56.7172908568026;-1.00006103515625;-0.0924072265625;8.99999997727718;901;1 A;
56.7272908567774;-0.999755859375;-0.092376708984375;9.00999997725194;902;1 A;
56.7372908567521;-0.99945068359375;-0.092315673828125;9.01999997722669;903;1 A;
56.7472908567269;-0.999755859375;-0.092315673828125;9.02999997720144;904;1 A;
56.7572908567016;-0.999755859375;-0.09228515625;9.03999997717619;905;1 A;
56.7672908566764;-1.00006103515625;-0.092254638671875;9.04999997715095;906;1 A;
56.7772908566511;-1.00006103515625;-0.09222412109375;9.0599999771257;907;1 A;
56.7872908566259;-0.99945068359375;-0.0921630859375;9.06999997710045;908;1 A;
56.7972908566006;-1.00006103515625;-0.0921630859375;9.0799999770752;909;1 A;
56.8072908565754;-0.99945068359375;-0.092132568359375;9.08999997704996;910;1 A;
56.8172908565501;-0.99945068359375;-0.092071533203125;9.09999997702471;911;1 A;
56.8272908565249;-0.999755859375;-0.092071533203125;9.10999997699946;912;1 A;
56.8372908564996;-1.00006103515625;-0.092010498046875;9.11999997697421;913;1 A;
56.8472908564744;-1.0003662109375;-0.09197998046875;9.12999997694897;914;1 A;
56.8572908564491;-0.99945068359375;-0.091949462890625;9.13999997692372;915;1 A;
56.8672908564239;-1.00006103515625;-0.091888427734375;9.14999997689847;916;1 A;
56.8772908563986;-1.00006103515625;-0.091888427734375;9.15999997687322;917;1 A;
56.8872908563734;-0.999755859375;-0.091827392578125;9.16999997684798;918;1 A;
56.8972908563481;-1.00006103515625;-0.091796875;9.17999997682273;919;1 A;
56.9072908563229;-1.00006103515625;-0.091766357421875;9.18999997679748;920;1 A;
56.9172908562977;-0.99945068359375;-0.09173583984375;9.19999997677223;921;1 A;
56.9272908562724;-0.99945068359375;-0.091705322265625;9.20999997674699;922;1 A;
56.9372908562472;-0.9991455078125;-0.091644287109375;9.21999997672174;923;1 A;
56.9472908562219;-0.99945068359375;-0.091644287109375;9.22999997669649;924;1 A;
56.9572908561967;-0.999755859375;-0.091583251953125;9.23999997667124;925;1 A;
56.9672908561714;-0.99945068359375;-0.091552734375;9.249999976646;926;1 A;
56.9772908561462;-0.999755859375;-0.091522216796875;9.25999997662075;927;1 A;
56.9872908561209;-0.9991455078125;-0.091461181640625;9.2699999765955;928;1 A;
56.9972908560957;-1.00006103515625;-0.091461181640625;9.27999997657025;929;1 A;
57.0072908560704;-0.999755859375;-0.091400146484375;9.289999976545;930;1 A;
57.0172908560452;-0.9991455078125;-0.09136962890625;9.29999997651976;931;1 A;
57.0272908560199;-0.999755859375;-0.091339111328125;9.30999997649451;932;1 A;
57.0372908559947;-1.00006103515625;-0.091278076171875;9.31999997646926;933;1 A;
57.0472908559694;-0.99945068359375;-0.091278076171875;9.32999997644401;934;1 A;
57.0572908559442;-0.999755859375;-0.091217041015625;9.33999997641877;935;1 A;
57.0672908559189;-0.999755859375;-0.0911865234375;9.34999997639352;936;1 A;
57.0772908558937;-0.999755859375;-0.091156005859375;9.35999997636827;937;1 A;
57.0872908558684;-0.99945068359375;-0.091094970703125;9.36999997634302;938;1 A;
57.0972908558432;-0.999755859375;-0.091094970703125;9.37999997631778;939;1 A;
57.107290855818;-0.9991455078125;-0.091033935546875;9.38999997629253;940;1 A;
57.1172908557927;-0.999755859375;-0.09100341796875;9.39999997626728;941;1 A;
57.1272908557675;-1.00006103515625;-0.09100341796875;9.40999997624203;942;1 A;
57.1372908557422;-0.999755859375;-0.090911865234375;9.41999997621679;943;1 A;
57.147290855717;-1.00006103515625;-0.090911865234375;9.42999997619154;944;1 A;
57.1572908556917;-0.999755859375;-0.09088134765625;9.43999997616629;945;1 A;
57.1672908556665;-0.99945068359375;-0.0908203125;9.44999997614104;946;1 A;
57.1772908556412;-1.00006103515625;-0.090789794921875;9.4599999761158;947;1 A;
57.187290855616;-0.99945068359375;-0.090728759765625;9.46999997609055;948;1 A;
57.1972908555907;-0.999755859375;-0.090728759765625;9.4799999760653;949;1 A;
57.2072908555655;-1.00006103515625;-0.0906982421875;9.48999997604005;950;1 A;
57.2172908555402;-0.99945068359375;-0.09063720703125;9.49999997601481;951;1 A;
57.227290855515;-1.00006103515625;-0.090606689453125;9.50999997598956;952;1 A;
57.2372908554897;-0.999755859375;-0.090545654296875;9.51999997596431;953;1 A;
57.2472908554645;-0.99945068359375;-0.090545654296875;9.52999997593906;954;1 A;
57.2572908554392;-0.999755859375;-0.09051513671875;9.53999997591382;955;1 A;
57.267290855414;-1.0003662109375;-0.090484619140625;9.54999997588857;956;1 A;
57.2772908553887;-0.99945068359375;-0.0904541015625;9.55999997586332;957;1 A;
57.2872908553635;-0.999755859375;-0.09039306640625;9.56999997583807;958;1 A;
57.2972908553382;-1.00006103515625;-0.090362548828125;9.57999997581283;959;1 A;
57.307290855313;-0.999755859375;-0.09033203125;9.58999997578758;960;1 A;
57.3172908552878;-0.9991455078125;-0.09027099609375;9.59999997576233;961;1 A;
57.3272908552625;-0.999755859375;-0.09027099609375;9.60999997573708;962;1 A;
57.3372908552373;-1.00006103515625;-0.0902099609375;9.61999997571183;963;1 A;
57.347290855212;-0.99945068359375;-0.090179443359375;9.62999997568659;964;1 A;
57.3572908551868;-0.99945068359375;-0.09014892578125;9.63999997566134;965;1 A;
57.3672908551615;-0.999755859375;-0.090087890625;9.64999997563609;966;1 A;
57.3772908551363;-0.999755859375;-0.090087890625;9.65999997561084;967;1 A;
57.387290855111;-0.99945068359375;-0.09002685546875;9.6699999755856;968;1 A;
57.3972908550858;-0.99945068359375;-0.09002685546875;9.67999997556035;969;1 A;
57.4072908550605;-1.00006103515625;-0.0899658203125;9.6899999755351;970;1 A;
57.4172908550353;-0.99945068359375;-0.089935302734375;9.69999997550985;971;1 A;
57.42729085501;-0.999755859375;-0.08990478515625;9.70999997548461;972;1 A;
57.4372908549848;-0.9991455078125;-0.08984375;9.71999997545936;973;1 A;
57.4472908549595;-1.00006103515625;-0.089813232421875;9.72999997543411;974;1 A;
57.4572908549343;-0.999755859375;-0.08978271484375;9.73999997540886;975;1 A;
57.467290854909;-0.99945068359375;-0.089752197265625;9.74999997538362;976;1 A;
57.4772908548838;-0.99945068359375;-0.0897216796875;9.75999997535837;977;1 A;
57.4872908548585;-0.99945068359375;-0.08966064453125;9.76999997533312;978;1 A;
57.4972908548333;-1.00067138671875;-0.08966064453125;9.77999997530787;979;1 A;
57.507290854808;-0.99945068359375;-0.089630126953125;9.78999997528263;980;1 A;
57.5172908547828;-0.999755859375;-0.089599609375;9.79999997525738;981;1 A;
57.5272908547576;-0.999755859375;-0.089569091796875;9.80999997523213;982;1 A;
57.5372908547323;-0.999755859375;-0.089508056640625;9.81999997520688;983;1 A;
57.5472908547071;-0.999755859375;-0.089508056640625;9.82999997518164;984;1 A;
57.5572908546818;-0.9991455078125;-0.0894775390625;9.83999997515639;985;1 A;
57.5672908546566;-0.999755859375;-0.089447021484375;9.84999997513114;986;1 A;
57.5772908546313;-0.99945068359375;-0.08941650390625;9.85999997510589;987;1 A;
57.5872908546061;-0.999755859375;-0.08935546875;9.86999997508065;988;1 A;
57.5972908545808;-0.999755859375;-0.08935546875;9.8799999750554;989;1 A;
57.6072908545556;-0.999755859375;-0.089324951171875;9.88999997503015;990;1 A;
57.6172908545303;-0.99945068359375;-0.08929443359375;9.8999999750049;991;1 A;
57.6272908545051;-0.99945068359375;-0.089263916015625;9.90999997497966;992;1 A;
57.6372908544798;-0.99945068359375;-0.089202880859375;9.91999997495441;993;1 A;
57.6472908544546;-0.999755859375;-0.089202880859375;9.92999997492916;994;1 A;
57.6572908544293;-0.999755859375;-0.08917236328125;9.93999997490391;995;1 A;
57.6672908544041;-0.999755859375;-0.089141845703125;9.94999997487866;996;1 A;
57.6772908543788;-0.99945068359375;-0.089141845703125;9.95999997485342;997;1 A;
57.6872908543536;-0.9991455078125;-0.089080810546875;9.96999997482817;998;1 A;
57.6972908543283;-0.999755859375;-0.089080810546875;9.97999997480292;999;1 A;
57.7072908543031;-0.999755859375;-0.08905029296875;9.98999997477767;1000;1 A;
57.7172908542778;-0.99945068359375;-0.0889892578125;9.99999997475243;1001;1 A;
57.7272908542526;-0.9991455078125;-0.0889892578125;10.0099999747272;1002;1 A;
57.7372908542274;-0.999755859375;-0.08892822265625;10.0199999747019;1003;1 A;
57.7472908542021;-0.99945068359375;-0.08892822265625;10.0299999746767;1004;1 A;
57.7572908541769;-0.999755859375;-0.088897705078125;10.0399999746514;1005;1 A;
57.7672908541516;-1.00006103515625;-0.0888671875;10.0499999746262;1006;1 A;
57.7772908541264;-0.9991455078125;-0.0888671875;10.0599999746009;1007;1 A;
57.7872908541011;-0.999755859375;-0.08880615234375;10.0699999745757;1008;1 A;
57.7972908540759;-0.99945068359375;-0.088836669921875;10.0799999745504;1009;1 A;
57.8072908540506;-0.999755859375;-0.08880615234375;10.0899999745252;1010;1 A;
57.8172908540254;-0.999755859375;-0.088775634765625;10.0999999745;1011;1 A;
57.8272908540001;-0.99945068359375;-0.088775634765625;10.1099999744747;1012;1 A;
57.8372908539749;-0.99945068359375;-0.088714599609375;10.1199999744495;1013;1 A;
57.8472908539496;-0.999755859375;-0.088714599609375;10.1299999744242;1014;1 A;
57.8572908539244;-0.99945068359375;-0.08868408203125;10.139999974399;1015;1 A;
57.8672908538991;-1.00006103515625;-0.088653564453125;10.1499999743737;1016;1 A;
57.8772908538739;-0.99945068359375;-0.088653564453125;10.1599999743485;1017;1 A;
57.8872908538486;-0.9991455078125;-0.088623046875;10.1699999743232;1018;1 A;
57.8972908538234;-0.99884033203125;-0.088623046875;10.179999974298;1019;1 A;
57.9072908537981;-0.999755859375;-0.088592529296875;10.1899999742727;1020;1 A;
57.9172908537729;-1.00006103515625;-0.088592529296875;10.1999999742475;1021;1 A;
57.9272908537476;-0.999755859375;-0.088592529296875;10.2099999742222;1022;1 A;
57.9372908537224;-0.99945068359375;-0.08856201171875;10.219999974197;1023;1 A;
57.9472908536972;-0.99945068359375;-0.08856201171875;10.2299999741717;1024;1 A;
57.9572908536719;-0.999755859375;-0.08856201171875;10.2399999741465;1025;1 A;
57.9672908536467;-1.00006103515625;-0.088531494140625;10.2499999741212;1026;1 A;
57.9772908536214;-1.00006103515625;-0.088531494140625;10.259999974096;1027;1 A;
57.9872908535962;-0.99945068359375;-0.0885009765625;10.2699999740707;1028;1 A;
57.9972908535709;-0.999755859375;-0.088531494140625;10.2799999740455;1029;1 A;
58.0072908535457;-0.99945068359375;-0.0885009765625;10.2899999740202;1030;1 A;
58.0172908535204;-1.00006103515625;-0.088470458984375;10.299999973995;1031;1 A;
58.0272908534952;-0.999755859375;-0.0885009765625;10.3099999739698;1032;1 A;
58.0372908534699;-1.00006103515625;-0.088470458984375;10.3199999739445;1033;1 A;
58.0472908534447;-0.99945068359375;-0.088470458984375;10.3299999739193;1034;1 A;
58.0572908534194;-0.999755859375;-0.088470458984375;10.339999973894;1035;1 A;
58.0672908533942;-0.99945068359375;-0.088470458984375;10.3499999738688;1036;1 A;
58.0772908533689;-0.99945068359375;-0.088470458984375;10.3599999738435;1037;1 A;
58.0872908533437;-1.0003662109375;-0.08843994140625;10.3699999738183;1038;1 A;
58.0972908533184;-0.999755859375;-0.088470458984375;10.379999973793;1039;1 A;
58.1072908532932;-1.0003662109375;-0.088470458984375;10.3899999737678;1040;1 A;
58.1172908532679;-0.99945068359375;-0.08843994140625;10.3999999737425;1041;1 A;
58.1272908532427;-0.999755859375;-0.088470458984375;10.4099999737173;1042;1 A;
58.1372908532175;-0.99945068359375;-0.08843994140625;10.419999973692;1043;1 A;
58.1472908531922;-0.999755859375;-0.088470458984375;10.4299999736668;1044;1 A;
58.157290853167;-0.999755859375;-0.088470458984375;10.4399999736415;1045;1 A;
58.1672908531417;-0.9991455078125;-0.088470458984375;10.4499999736163;1046;1 A;
58.1772908531165;-1.00006103515625;-0.088470458984375;10.459999973591;1047;1 A;
58.1872908530912;-1.00006103515625;-0.08843994140625;10.4699999735658;1048;1 A;
58.197290853066;-1.00006103515625;-0.088470458984375;10.4799999735405;1049;1 A;
58.2072908530407;-0.99945068359375;-0.088470458984375;10.4899999735153;1050;1 A;
58.2172908530155;-1.00006103515625;-0.088470458984375;10.49999997349;1051;1 A;
58.2272908529902;-0.99945068359375;-0.0885009765625;10.5099999734648;1052;1 A;
58.237290852965;-0.99945068359375;-0.088470458984375;10.5199999734396;1053;1 A;
58.2472908529397;-0.99945068359375;-0.0885009765625;10.5299999734143;1054;1 A;
58.2572908529145;-0.9991455078125;-0.0885009765625;10.5399999733891;1055;1 A;
58.2672908528892;-0.99945068359375;-0.0885009765625;10.5499999733638;1056;1 A;
58.277290852864;-0.999755859375;-0.088531494140625;10.5599999733386;1057;1 A;
58.2872908528387;-0.999755859375;-0.0885009765625;10.5699999733133;1058;1 A;
58.2972908528135;-0.99945068359375;-0.088531494140625;10.5799999732881;1059;1 A;
58.3072908527882;-0.99945068359375;-0.088531494140625;10.5899999732628;1060;1 A;
58.317290852763;-0.99945068359375;-0.088531494140625;10.5999999732376;1061;1 A;
58.3272908527377;-1.00006103515625;-0.088531494140625;10.6099999732123;1062;1 A;
58.3372908527125;-0.99945068359375;-0.088531494140625;10.6199999731871;1063;1 A;
58.3472908526873;-1.00006103515625;-0.08856201171875;10.6299999731618;1064;1 A;
58.357290852662;-0.999755859375;-0.08856201171875;10.6399999731366;1065;1 A;
58.3672908526368;-0.999755859375;-0.08856201171875;10.6499999731113;1066;1 A;
58.3772908526115;-0.99945068359375;-0.08856201171875;10.6599999730861;1067;1 A;
58.3872908525863;-0.99945068359375;-0.08856201171875;10.6699999730608;1068;1 A;
58.397290852561;-0.99945068359375;-0.088592529296875;10.6799999730356;1069;1 A;
58.4072908525358;-0.999755859375;-0.088623046875;10.6899999730103;1070;1 A;
58.4172908525105;-0.999755859375;-0.088623046875;10.6999999729851;1071;1 A;
58.4272908524853;-1.00006103515625;-0.088653564453125;10.7099999729598;1072;1 A;
58.43729085246;-0.999755859375;-0.088653564453125;10.7199999729346;1073;1 A;
58.4472908524348;-0.99945068359375;-0.08868408203125;10.7299999729094;1074;1 A;
58.4572908524095;-0.999755859375;-0.08868408203125;10.7399999728841;1075;1 A;
58.4672908523843;-1.00006103515625;-0.08868408203125;10.7499999728589;1076;1 A;
58.477290852359;-0.999755859375;-0.08868408203125;10.7599999728336;1077;1 A;
58.4872908523338;-0.99945068359375;-0.08868408203125;10.7699999728084;1078;1 A;
58.4972908523085;-0.999755859375;-0.088714599609375;10.7799999727831;1079;1 A;
58.5072908522833;-0.99945068359375;-0.088714599609375;10.7899999727579;1080;1 A;
58.517290852258;-0.99945068359375;-0.088714599609375;10.7999999727326;1081;1 A;
58.5272908522328;-0.999755859375;-0.0887451171875;10.8099999727074;1082;1 A;
58.5372908522075;-0.999755859375;-0.088714599609375;10.8199999726821;1083;1 A;
58.5472908521823;-0.999755859375;-0.0887451171875;10.8299999726569;1084;1 A;
58.5572908521571;-0.999755859375;-0.0887451171875;10.8399999726316;1085;1 A;
58.5672908521318;-0.99945068359375;-0.0887451171875;10.8499999726064;1086;1 A;
58.5772908521066;-0.99945068359375;-0.08880615234375;10.8599999725811;1087;1 A;
58.5872908520813;-0.99945068359375;-0.088775634765625;10.8699999725559;1088;1 A;
58.5972908520561;-0.99945068359375;-0.08880615234375;10.8799999725306;1089;1 A;
58.6072908520308;-1.0003662109375;-0.08880615234375;10.8899999725054;1090;1 A;
58.6172908520056;-0.99945068359375;-0.08880615234375;10.8999999724801;1091;1 A;
58.6272908519803;-0.99945068359375;-0.088836669921875;10.9099999724549;1092;1 A;
58.6372908519551;-0.999755859375;-0.08880615234375;10.9199999724297;1093;1 A;
58.6472908519298;-0.99945068359375;-0.088836669921875;10.9299999724044;1094;1 A;
58.6572908519046;-0.99945068359375;-0.088836669921875;10.9399999723792;1095;1 A;
58.6672908518793;-0.99945068359375;-0.088836669921875;10.9499999723539;1096;1 A;
58.6772908518541;-0.999755859375;-0.0888671875;10.9599999723287;1097;1 A;
58.6872908518288;-1.00006103515625;-0.088836669921875;10.9699999723034;1098;1 A;
58.6972908518036;-0.9991455078125;-0.088897705078125;10.9799999722782;1099;1 A;
58.7072908517783;-0.999755859375;-0.0888671875;10.9899999722529;1100;1 A;
58.7172908517531;-1.00006103515625;-0.0888671875;10.9999999722277;1101;1 A;
58.7272908517278;-0.99945068359375;-0.088897705078125;11.0099999722024;1102;1 A;
58.7372908517026;-0.999755859375;-0.088897705078125;11.0199999721772;1103;1 A;
58.7472908516773;-0.999755859375;-0.08892822265625;11.0299999721519;1104;1 A;
58.7572908516521;-0.999755859375;-0.08892822265625;11.0399999721267;1105;1 A;
58.7672908516269;-0.9991455078125;-0.08892822265625;11.0499999721014;1106;1 A;
58.7772908516016;-0.999755859375;-0.088958740234375;11.0599999720762;1107;1 A;
58.7872908515764;-1.00006103515625;-0.08892822265625;11.0699999720509;1108;1 A;
58.7972908515511;-0.99945068359375;-0.088958740234375;11.0799999720257;1109;1 A;
58.8072908515259;-0.99945068359375;-0.088958740234375;11.0899999720004;1110;1 A;
58.8172908515006;-0.999755859375;-0.088958740234375;11.0999999719752;1111;1 A;
58.8272908514754;-0.99945068359375;-0.0889892578125;11.1099999719499;1112;1 A;
58.8372908514501;-0.99945068359375;-0.088958740234375;11.1199999719247;1113;1 A;
58.8472908514249;-1.00006103515625;-0.0889892578125;11.1299999718995;1114;1 A;
58.8572908513996;-0.999755859375;-0.0889892578125;11.1399999718742;1115;1 A;
58.8672908513744;-0.99945068359375;-0.0889892578125;11.149999971849;1116;1 A;
58.8772908513491;-0.99945068359375;-0.089019775390625;11.1599999718237;1117;1 A;
58.8872908513239;-0.999755859375;-0.0889892578125;11.1699999717985;1118;1 A;
58.8972908512986;-0.99945068359375;-0.08905029296875;11.1799999717732;1119;1 A;
58.9072908512734;-0.999755859375;-0.089019775390625;11.189999971748;1120;1 A;
58.9172908512481;-0.99945068359375;-0.08905029296875;11.1999999717227;1121;1 A;
58.9272908512229;-0.999755859375;-0.08905029296875;11.2099999716975;1122;1 A;
58.9372908511976;-0.99945068359375;-0.089019775390625;11.2199999716722;1123;1 A;
58.9472908511724;-0.99945068359375;-0.08905029296875;11.229999971647;1124;1 A;
58.9572908511471;-0.999755859375;-0.08905029296875;11.2399999716217;1125;1 A;
58.9672908511219;-0.999755859375;-0.08905029296875;11.2499999715965;1126;1 A;
58.9772908510967;-1.0003662109375;-0.08905029296875;11.2599999715712;1127;1 A;
58.9872908510714;-1.00006103515625;-0.08905029296875;11.269999971546;1128;1 A;
58.9972908510462;-0.999755859375;-0.089080810546875;11.2799999715207;1129;1 A;
59.0072908510209;-0.999755859375;-0.089080810546875;11.2899999714955;1130;1 A;
59.0172908509957;-0.99945068359375;-0.089080810546875;11.2999999714702;1131;1 A;
59.0272908509704;-0.999755859375;-0.089080810546875;11.309999971445;1132;1 A;
59.0372908509452;-0.9991455078125;-0.089080810546875;11.3199999714197;1133;1 A;
59.0472908509199;-1.00006103515625;-0.089111328125;11.3299999713945;1134;1 A;
59.0572908508947;-0.99945068359375;-0.089111328125;11.3399999713693;1135;1 A;
59.0672908508694;-0.999755859375;-0.089080810546875;11.349999971344;1136;1 A;
59.0772908508442;-0.999755859375;-0.089111328125;11.3599999713188;1137;1 A;
59.0872908508189;-0.99945068359375;-0.089080810546875;11.3699999712935;1138;1 A;
59.0972908507937;-0.99945068359375;-0.089111328125;11.3799999712683;1139;1 A;
59.1072908507684;-0.999755859375;-0.089111328125;11.389999971243;1140;1 A;
59.1172908507432;-0.99945068359375;-0.089111328125;11.3999999712178;1141;1 A;
59.1272908507179;-0.99945068359375;-0.089141845703125;11.4099999711925;1142;1 A;
59.1372908506927;-0.999755859375;-0.089111328125;11.4199999711673;1143;1 A;
59.1472908506674;-0.999755859375;-0.089141845703125;11.429999971142;1144;1 A;
59.1572908506422;-0.999755859375;-0.089141845703125;11.4399999711168;1145;1 A;
59.167290850617;-1.00006103515625;-0.089141845703125;11.4499999710915;1146;1 A;
59.1772908505917;-0.999755859375;-0.089141845703125;11.4599999710663;1147;1 A;
59.1872908505665;-0.99945068359375;-0.089141845703125;11.469999971041;1148;1 A;
59.1972908505412;-0.99945068359375;-0.08917236328125;11.4799999710158;1149;1 A;
59.207290850516;-0.9991455078125;-0.08917236328125;11.4899999709905;1150;1 A;
59.2172908504907;-0.999755859375;-0.08917236328125;11.4999999709653;1151;1 A;
59.2272908504655;-0.999755859375;-0.08917236328125;11.50999997094;1152;1 A;
59.2372908504402;-1.00006103515625;-0.089141845703125;11.5199999709148;1153;1 A;
59.247290850415;-1.00006103515625;-0.089202880859375;11.5299999708895;1154;1 A;
59.2572908503897;-1.00006103515625;-0.08917236328125;11.5399999708643;1155;1 A;
59.2672908503645;-0.99945068359375;-0.08917236328125;11.5499999708391;1156;1 A;
59.2772908503392;-0.99945068359375;-0.089202880859375;11.5599999708138;1157;1 A;
59.287290850314;-0.99945068359375;-0.08917236328125;11.5699999707886;1158;1 A;
59.2972908502887;-0.9991455078125;-0.089202880859375;11.5799999707633;1159;1 A;
59.3072908502635;-0.999755859375;-0.089202880859375;11.5899999707381;1160;1 A;
59.3172908502382;-0.99945068359375;-0.089202880859375;11.5999999707128;1161;1 A;
59.327290850213;-1.0003662109375;-0.089202880859375;11.6099999706876;1162;1 A;
59.3372908501877;-0.999755859375;-0.089202880859375;11.6199999706623;1163;1 A;
59.3472908501625;-0.999755859375;-0.0892333984375;11.6299999706371;1164;1 A;
59.3572908501372;-0.999755859375;-0.0892333984375;11.6399999706118;1165;1 A;
59.367290850112;-1.0003662109375;-0.0892333984375;11.6499999705866;1166;1 A;
59.3772908500868;-0.99945068359375;-0.0892333984375;11.6599999705613;1167;1 A;
59.3872908500615;-0.9991455078125;-0.089202880859375;11.6699999705361;1168;1 A;
59.3972908500363;-0.999755859375;-0.089263916015625;11.6799999705108;1169;1 A;
59.407290850011;-0.999755859375;-0.0892333984375;11.6899999704856;1170;1 A;
59.4172908499858;-1.00006103515625;-0.0892333984375;11.6999999704603;1171;1 A;
59.4272908499605;-1.00006103515625;-0.0892333984375;11.7099999704351;1172;1 A;
59.4372908499353;-0.999755859375;-0.0892333984375;11.7199999704098;1173;1 A;
59.44729084991;-0.9991455078125;-0.089263916015625;11.7299999703846;1174;1 A;
59.4572908498848;-0.99945068359375;-0.089263916015625;11.7399999703593;1175;1 A;
59.4672908498595;-0.99945068359375;-0.089263916015625;11.7499999703341;1176;1 A;
59.4772908498343;-0.999755859375;-0.089263916015625;11.7599999703089;1177;1 A;
59.487290849809;-0.999755859375;-0.0892333984375;11.7699999702836;1178;1 A;
59.4972908497838;-1.00006103515625;-0.089263916015625;11.7799999702584;1179;1 A;
59.5072908497585;-0.999755859375;-0.089263916015625;11.7899999702331;1180;1 A;
59.5172908497333;-1.00006103515625;-0.089263916015625;11.7999999702079;1181;1 A;
59.527290849708;-1.00006103515625;-0.089263916015625;11.8099999701826;1182;1 A;
59.5372908496828;-0.999755859375;-0.089263916015625;11.8199999701574;1183;1 A;
59.5472908496575;-0.999755859375;-0.08929443359375;11.8299999701321;1184;1 A;
59.5572908496323;-1.00006103515625;-0.089263916015625;11.8399999701069;1185;1 A;
59.567290849607;-0.99945068359375;-0.089263916015625;11.8499999700816;1186;1 A;
59.5772908495818;-0.99945068359375;-0.089263916015625;11.8599999700564;1187;1 A;
59.5872908495566;-0.99945068359375;-0.089263916015625;11.8699999700311;1188;1 A;
59.5972908495313;-1.00006103515625;-0.08929443359375;11.8799999700059;1189;1 A;
59.6072908495061;-0.99945068359375;-0.089263916015625;11.8899999699806;1190;1 A;
59.6172908494808;-0.99945068359375;-0.089263916015625;11.8999999699554;1191;1 A;
59.6272908494556;-0.9991455078125;-0.08929443359375;11.9099999699301;1192;1 A;
59.6372908494303;-1.00006103515625;-0.089263916015625;11.9199999699049;1193;1 A;
59.6472908494051;-0.99945068359375;-0.089324951171875;11.9299999698796;1194;1 A;
59.6572908493798;-0.999755859375;-0.08929443359375;11.9399999698544;1195;1 A;
59.6672908493546;-0.9991455078125;-0.08929443359375;11.9499999698292;1196;1 A;
59.6772908493293;-0.999755859375;-0.08929443359375;11.9599999698039;1197;1 A;
59.6872908493041;-0.999755859375;-0.089263916015625;11.9699999697787;1198;1 A;
59.6972908492788;-0.999755859375;-0.08929443359375;11.9799999697534;1199;1 A;
59.7072908492536;-0.999755859375;-0.089263916015625;11.9899999697282;1200;1 A;
59.7172908492283;-0.99945068359375;-0.089263916015625;11.9999999697029;1201;1 A;
59.7272908492031;-0.999755859375;-0.089263916015625;12.0099999696777;1202;1 A;
59.7372908491778;-0.999755859375;-0.089263916015625;12.0199999696524;1203;1 A;
59.7472908491526;-0.99945068359375;-0.08929443359375;12.0299999696272;1204;1 A;
59.7572908491273;-0.999755859375;-0.08929443359375;12.0399999696019;1205;1 A;
59.7672908491021;-0.999755859375;-0.089263916015625;12.0499999695767;1206;1 A;
59.7772908490768;-0.999755859375;-0.08929443359375;12.0599999695514;1207;1 A;
59.7872908490516;-0.999755859375;-0.08929443359375;12.0699999695262;1208;1 A;
59.7972908490264;-0.99945068359375;-0.089324951171875;12.0799999695009;1209;1 A;
59.8072908490011;-0.999755859375;-0.08929443359375;12.0899999694757;1210;1 A;
59.8172908489759;-0.999755859375;-0.08929443359375;12.0999999694504;1211;1 A;
59.8272908489506;-0.9991455078125;-0.08929443359375;12.1099999694252;1212;1 A;
59.8372908489254;-0.9991455078125;-0.08929443359375;12.1199999693999;1213;1 A;
59.8472908489001;-0.999755859375;-0.089324951171875;12.1299999693747;1214;1 A;
59.8572908488749;-1.00006103515625;-0.08929443359375;12.1399999693494;1215;1 A;
59.8672908488496;-1.00006103515625;-0.08929443359375;12.1499999693242;1216;1 A;
59.8772908488244;-0.999755859375;-0.08929443359375;12.159999969299;1217;1 A;
59.8872908487991;-0.99945068359375;-0.08929443359375;12.1699999692737;1218;1 A;
59.8972908487739;-0.99945068359375;-0.089324951171875;12.1799999692485;1219;1 A;
59.9072908487486;-0.99945068359375;-0.089324951171875;12.1899999692232;1220;1 A;
59.9172908487234;-0.99945068359375;-0.089324951171875;12.199999969198;1221;1 A;
59.9272908486981;-0.999755859375;-0.089324951171875;12.2099999691727;1222;1 A;
59.9372908486729;-1.00006103515625;-0.089324951171875;12.2199999691475;1223;1 A;
59.9472908486476;-0.99945068359375;-0.08935546875;12.2299999691222;1224;1 A;
59.9572908486224;-0.9991455078125;-0.089324951171875;12.239999969097;1225;1 A;
59.9672908485971;-0.9991455078125;-0.089324951171875;12.2499999690717;1226;1 A;
59.9772908485719;-0.99945068359375;-0.08935546875;12.2599999690465;1227;1 A;
59.9872908485466;-1.00006103515625;-0.089324951171875;12.2699999690212;1228;1 A;
59.9972908485214;-0.99945068359375;-0.08935546875;12.279999968996;1229;1 A;
60.0072908484962;-1.00006103515625;-0.08935546875;12.2899999689707;1230;1 A;
60.0172908484709;-0.999755859375;-0.08935546875;12.2999999689455;1231;1 A;
60.0272908484457;-0.999755859375;-0.08935546875;12.3099999689202;1232;1 A;
60.0372908484204;-0.99945068359375;-0.08935546875;12.319999968895;1233;1 A;
60.0472908483952;-0.999755859375;-0.089385986328125;12.3299999688697;1234;1 A;
60.0572908483699;-0.9991455078125;-0.089385986328125;12.3399999688445;1235;1 A;
60.0672908483447;-0.99945068359375;-0.089385986328125;12.3499999688192;1236;1 A;
60.0772908483194;-0.99945068359375;-0.089385986328125;12.359999968794;1237;1 A;
60.0872908482942;-0.999755859375;-0.089385986328125;12.3699999687688;1238;1 A;
60.0972908482689;-0.9991455078125;-0.08941650390625;12.3799999687435;1239;1 A;
60.1072908482437;-0.999755859375;-0.08941650390625;12.3899999687183;1240;1 A;
60.1172908482184;-0.999755859375;-0.08941650390625;12.399999968693;1241;1 A;
60.1272908481932;-0.999755859375;-0.089447021484375;12.4099999686678;1242;1 A;
60.1372908481679;-0.99945068359375;-0.08941650390625;12.4199999686425;1243;1 A;
60.1472908481427;-0.999755859375;-0.089447021484375;12.4299999686173;1244;1 A;
60.1572908481174;-0.99945068359375;-0.089447021484375;12.439999968592;1245;1 A;
60.1672908480922;-0.99945068359375;-0.089447021484375;12.4499999685668;1246;1 A;
60.1772908480669;-0.99945068359375;-0.089447021484375;12.4599999685415;1247;1 A;
60.1872908480417;-1.00006103515625;-0.089447021484375;12.4699999685163;1248;1 A;
60.1972908480165;-0.99945068359375;-0.0894775390625;12.479999968491;1249;1 A;
60.2072908479912;-0.99945068359375;-0.089508056640625;12.4899999684658;1250;1 A;
60.217290847966;-0.99945068359375;-0.089508056640625;12.4999999684405;1251;1 A;
60.2272908479407;-1.00006103515625;-0.08953857421875;12.5099999684153;1252;1 A;
60.2372908479155;-0.999755859375;-0.089508056640625;12.51999996839;1253;1 A;
60.2472908478902;-0.999755859375;-0.08953857421875;12.5299999683648;1254;1 A;
60.257290847865;-0.999755859375;-0.08953857421875;12.5399999683395;1255;1 A;
60.2672908478397;-1.00006103515625;-0.08953857421875;12.5499999683143;1256;1 A;
60.2772908478145;-1.00006103515625;-0.089569091796875;12.559999968289;1257;1 A;
60.2872908477892;-0.99945068359375;-0.08953857421875;12.5699999682638;1258;1 A;
60.297290847764;-0.99945068359375;-0.089569091796875;12.5799999682386;1259;1 A;
60.3072908477387;-1.00006103515625;-0.089569091796875;12.5899999682133;1260;1 A;
60.3172908477135;-1.00006103515625;-0.089569091796875;12.5999999681881;1261;1 A;
60.3272908476882;-0.99945068359375;-0.089599609375;12.6099999681628;1262;1 A;
60.337290847663;-1.00006103515625;-0.089599609375;12.6199999681376;1263;1 A;
60.3472908476377;-0.99945068359375;-0.089630126953125;12.6299999681123;1264;1 A;
60.3572908476125;-0.999755859375;-0.089630126953125;12.6399999680871;1265;1 A;
60.3672908475872;-0.99945068359375;-0.089630126953125;12.6499999680618;1266;1 A;
60.377290847562;-0.999755859375;-0.08966064453125;12.6599999680366;1267;1 A;
60.3872908475367;-0.999755859375;-0.08966064453125;12.6699999680113;1268;1 A;
60.3972908475115;-0.999755859375;-0.089691162109375;12.6799999679861;1269;1 A;
60.4072908474863;-0.99945068359375;-0.089691162109375;12.6899999679608;1270;1 A;
60.417290847461;-0.99945068359375;-0.089691162109375;12.6999999679356;1271;1 A;
60.4272908474358;-0.999755859375;-0.0897216796875;12.7099999679103;1272;1 A;
60.4372908474105;-1.0003662109375;-0.089691162109375;12.7199999678851;1273;1 A;
60.4472908473853;-0.99945068359375;-0.089752197265625;12.7299999678598;1274;1 A;
60.45729084736;-0.999755859375;-0.0897216796875;12.7399999678346;1275;1 A;
60.4672908473348;-1.00006103515625;-0.0897216796875;12.7499999678093;1276;1 A;
60.4772908473095;-0.99945068359375;-0.089752197265625;12.7599999677841;1277;1 A;
60.4872908472843;-0.999755859375;-0.089752197265625;12.7699999677588;1278;1 A;
60.497290847259;-1.00006103515625;-0.08978271484375;12.7799999677336;1279;1 A;
60.5072908472338;-0.999755859375;-0.08978271484375;12.7899999677084;1280;1 A;
60.5172908472085;-1.00006103515625;-0.089813232421875;12.7999999676831;1281;1 A;
60.5272908471833;-0.99945068359375;-0.089813232421875;12.8099999676579;1282;1 A;
60.537290847158;-0.999755859375;-0.089813232421875;12.8199999676326;1283;1 A;
60.5472908471328;-0.999755859375;-0.08984375;12.8299999676074;1284;1 A;
60.5572908471075;-0.99945068359375;-0.089813232421875;12.8399999675821;1285;1 A;
60.5672908470823;-0.999755859375;-0.08984375;12.8499999675569;1286;1 A;
60.577290847057;-1.00006103515625;-0.08984375;12.8599999675316;1287;1 A;
60.5872908470318;-0.999755859375;-0.08984375;12.8699999675064;1288;1 A;
60.5972908470065;-1.00006103515625;-0.089874267578125;12.8799999674811;1289;1 A;
60.6072908469813;-0.99945068359375;-0.089874267578125;12.8899999674559;1290;1 A;
60.6172908469561;-0.99945068359375;-0.089874267578125;12.8999999674306;1291;1 A;
60.6272908469308;-0.999755859375;-0.08990478515625;12.9099999674054;1292;1 A;
60.6372908469056;-1.00006103515625;-0.08990478515625;12.9199999673801;1293;1 A;
60.6472908468803;-0.99945068359375;-0.089935302734375;12.9299999673549;1294;1 A;
60.6572908468551;-0.99945068359375;-0.089935302734375;12.9399999673296;1295;1 A;
60.6672908468298;-0.999755859375;-0.0899658203125;12.9499999673044;1296;1 A;
60.6772908468046;-1.00006103515625;-0.0899658203125;12.9599999672791;1297;1 A;
60.6872908467793;-1.00006103515625;-0.0899658203125;12.9699999672539;1298;1 A;
60.6972908467541;-0.999755859375;-0.089996337890625;12.9799999672287;1299;1 A;
60.7072908467288;-0.999755859375;-0.089996337890625;12.9899999672034;1300;1 A;
60.7172908467036;-0.999755859375;-0.089996337890625;12.9999999671782;1301;1 A;
60.7272908466783;-0.99945068359375;-0.09002685546875;13.0099999671529;1302;1 A;
60.7372908466531;-1.00006103515625;-0.089996337890625;13.0199999671277;1303;1 A;
60.7472908466278;-0.999755859375;-0.09002685546875;13.0299999671024;1304;1 A;
60.7572908466026;-0.9991455078125;-0.09002685546875;13.0399999670772;1305;1 A;
60.7672908465773;-0.999755859375;-0.09002685546875;13.0499999670519;1306;1 A;
60.7772908465521;-0.999755859375;-0.090057373046875;13.0599999670267;1307;1 A;
60.7872908465268;-0.99945068359375;-0.090057373046875;13.0699999670014;1308;1 A;
60.7972908465016;-0.999755859375;-0.090087890625;13.0799999669762;1309;1 A;
60.8072908464763;-0.999755859375;-0.090087890625;13.0899999669509;1310;1 A;
60.8172908464511;-0.999755859375;-0.090118408203125;13.0999999669257;1311;1 A;
60.8272908464259;-0.9991455078125;-0.090118408203125;13.1099999669004;1312;1 A;
60.8372908464006;-0.99945068359375;-0.090118408203125;13.1199999668752;1313;1 A;
60.8472908463754;-1.00006103515625;-0.09014892578125;13.1299999668499;1314;1 A;
60.8572908463501;-0.999755859375;-0.090118408203125;13.1399999668247;1315;1 A;
60.8672908463249;-0.999755859375;-0.090118408203125;13.1499999667994;1316;1 A;
60.8772908462996;-0.999755859375;-0.09014892578125;13.1599999667742;1317;1 A;
60.8872908462744;-0.999755859375;-0.09014892578125;13.1699999667489;1318;1 A;
60.8972908462491;-1.00006103515625;-0.090179443359375;13.1799999667237;1319;1 A;
60.9072908462239;-1.00006103515625;-0.09014892578125;13.1899999666985;1320;1 A;
60.9172908461986;-0.99945068359375;-0.090179443359375;13.1999999666732;1321;1 A;
60.9272908461734;-0.999755859375;-0.090179443359375;13.209999966648;1322;1 A;
60.9372908461481;-1.00006103515625;-0.090179443359375;13.2199999666227;1323;1 A;
60.9472908461229;-0.99945068359375;-0.0902099609375;13.2299999665975;1324;1 A;
60.9572908460976;-0.99945068359375;-0.0902099609375;13.2399999665722;1325;1 A;
60.9672908460724;-1.00006103515625;-0.0902099609375;13.249999966547;1326;1 A;
60.9772908460471;-0.999755859375;-0.0902099609375;13.2599999665217;1327;1 A;
60.9872908460219;-1.00006103515625;-0.0902099609375;13.2699999664965;1328;1 A;
60.9972908459966;-0.99945068359375;-0.090240478515625;13.2799999664712;1329;1 A;
61.0072908459714;-0.99945068359375;-0.090240478515625;13.289999966446;1330;1 A;
61.0172908459461;-0.99945068359375;-0.090240478515625;13.2999999664207;1331;1 A;
61.0272908459209;-0.999755859375;-0.090240478515625;13.3099999663955;1332;1 A;
61.0372908458957;-0.999755859375;-0.090240478515625;13.3199999663702;1333;1 A;
61.0472908458704;-1.00006103515625;-0.09027099609375;13.329999966345;1334;1 A;
61.0572908458452;-0.999755859375;-0.09027099609375;13.3399999663197;1335;1 A;
61.0672908458199;-0.99945068359375;-0.09027099609375;13.3499999662945;1336;1 A;
61.0772908457947;-1.00006103515625;-0.09027099609375;13.3599999662692;1337;1 A;
61.0872908457694;-0.99884033203125;-0.090301513671875;13.369999966244;1338;1 A;
61.0972908457442;-0.999755859375;-0.090301513671875;13.3799999662187;1339;1 A;
61.1072908457189;-0.99945068359375;-0.090301513671875;13.3899999661935;1340;1 A;
61.1172908456937;-0.999755859375;-0.090301513671875;13.3999999661683;1341;1 A;
61.1272908456684;-0.999755859375;-0.090301513671875;13.409999966143;1342;1 A;
61.1372908456432;-0.999755859375;-0.090301513671875;13.4199999661178;1343;1 A;
61.1472908456179;-0.9991455078125;-0.09033203125;13.4299999660925;1344;1 A;
61.1572908455927;-0.999755859375;-0.09033203125;13.4399999660673;1345;1 A;
61.1672908455674;-0.999755859375;-0.09033203125;13.449999966042;1346;1 A;
61.1772908455422;-0.99945068359375;-0.090362548828125;13.4599999660168;1347;1 A;
61.1872908455169;-1.00006103515625;-0.090362548828125;13.4699999659915;1348;1 A;
61.1972908454917;-0.99945068359375;-0.090362548828125;13.4799999659663;1349;1 A;
61.2072908454664;-0.99945068359375;-0.090362548828125;13.489999965941;1350;1 A;
61.2172908454412;-0.99945068359375;-0.090362548828125;13.4999999659158;1351;1 A;
61.227290845416;-0.999755859375;-0.090362548828125;13.5099999658905;1352;1 A;
61.2372908453907;-1.00006103515625;-0.090362548828125;13.5199999658653;1353;1 A;
61.2472908453655;-0.99945068359375;-0.09039306640625;13.52999996584;1354;1 A;
61.2572908453402;-0.99945068359375;-0.09039306640625;13.5399999658148;1355;1 A;
61.267290845315;-1.00006103515625;-0.09039306640625;13.5499999657895;1356;1 A;
61.2772908452897;-0.999755859375;-0.090423583984375;13.5599999657643;1357;1 A;
61.2872908452645;-0.999755859375;-0.090423583984375;13.569999965739;1358;1 A;
61.2972908452392;-0.99945068359375;-0.0904541015625;13.5799999657138;1359;1 A;
61.307290845214;-0.999755859375;-0.0904541015625;13.5899999656885;1360;1 A;
61.3172908451887;-0.99945068359375;-0.0904541015625;13.5999999656633;1361;1 A;
61.3272908451635;-0.99945068359375;-0.0904541015625;13.6099999656381;1362;1 A;
61.3372908451382;-0.99945068359375;-0.0904541015625;13.6199999656128;1363;1 A;
61.347290845113;-0.999755859375;-0.090484619140625;13.6299999655876;1364;1 A;
61.3572908450877;-0.99945068359375;-0.0904541015625;13.6399999655623;1365;1 A;
61.3672908450625;-0.99945068359375;-0.0904541015625;13.6499999655371;1366;1 A;
61.3772908450372;-0.999755859375;-0.090484619140625;13.6599999655118;1367;1 A;
61.387290845012;-1.00006103515625;-0.090484619140625;13.6699999654866;1368;1 A;
61.3972908449867;-1.00006103515625;-0.09051513671875;13.6799999654613;1369;1 A;
61.4072908449615;-1.00006103515625;-0.09051513671875;13.6899999654361;1370;1 A;
61.4172908449362;-1.00067138671875;-0.090484619140625;13.6999999654108;1371;1 A;
61.427290844911;-1.00006103515625;-0.09051513671875;13.7099999653856;1372;1 A;
61.4372908448858;-0.999755859375;-0.09051513671875;13.7199999653603;1373;1 A;
61.4472908448605;-0.999755859375;-0.090576171875;13.7299999653351;1374;1 A;
61.4572908448353;-0.99945068359375;-0.090545654296875;13.7399999653098;1375;1 A;
61.46729084481;-1.00006103515625;-0.090545654296875;13.7499999652846;1376;1 A;
61.4772908447848;-0.99945068359375;-0.090576171875;13.7599999652593;1377;1 A;
61.4872908447595;-0.99945068359375;-0.090545654296875;13.7699999652341;1378;1 A;
61.4972908447343;-0.999755859375;-0.090576171875;13.7799999652088;1379;1 A;
61.507290844709;-1.00006103515625;-0.090545654296875;13.7899999651836;1380;1 A;
61.5172908446838;-0.999755859375;-0.090545654296875;13.7999999651583;1381;1 A;
61.5272908446585;-0.999755859375;-0.090576171875;13.8099999651331;1382;1 A;
61.5372908446333;-0.999755859375;-0.090576171875;13.8199999651079;1383;1 A;
61.547290844608;-1.00006103515625;-0.090606689453125;13.8299999650826;1384;1 A;
61.5572908445828;-0.999755859375;-0.090576171875;13.8399999650574;1385;1 A;
61.5672908445575;-0.999755859375;-0.090576171875;13.8499999650321;1386;1 A;
61.5772908445323;-1.0003662109375;-0.090606689453125;13.8599999650069;1387;1 A;
61.587290844507;-0.999755859375;-0.090576171875;13.8699999649816;1388;1 A;
61.5972908444818;-0.999755859375;-0.09063720703125;13.8799999649564;1389;1 A;
61.6072908444565;-0.999755859375;-0.090606689453125;13.8899999649311;1390;1 A;
61.6172908444313;-0.99945068359375;-0.090606689453125;13.8999999649059;1391;1 A;
61.627290844406;-1.00006103515625;-0.09063720703125;13.9099999648806;1392;1 A;
61.6372908443808;-0.999755859375;-0.090606689453125;13.9199999648554;1393;1 A;
61.6472908443556;-0.999755859375;-0.090667724609375;13.9299999648301;1394;1 A;
61.6572908443303;-1.00006103515625;-0.09063720703125;13.9399999648049;1395;1 A;
61.6672908443051;-0.99945068359375;-0.09063720703125;13.9499999647796;1396;1 A;
61.6772908442798;-1.00006103515625;-0.09063720703125;13.9599999647544;1397;1 A;
61.6872908442546;-0.999755859375;-0.09063720703125;13.9699999647291;1398;1 A;
61.6972908442293;-0.999755859375;-0.090667724609375;13.9799999647039;1399;1 A;
61.7072908442041;-0.99945068359375;-0.09063720703125;13.9899999646786;1400;1 A;
61.7172908441788;-0.99945068359375;-0.090667724609375;13.9999999646534;1401;1 A;
61.7272908441536;-1.0003662109375;-0.090667724609375;14.0099999646282;1402;1 A;
61.7372908441283;-1.0003662109375;-0.090667724609375;14.0199999646029;1403;1 A;
61.7472908441031;-0.999755859375;-0.090728759765625;14.0299999645777;1404;1 A;
61.7572908440778;-0.99945068359375;-0.0906982421875;14.0399999645524;1405;1 A;
61.7672908440526;-0.99945068359375;-0.0906982421875;14.0499999645272;1406;1 A;
61.7772908440273;-1.00006103515625;-0.090728759765625;14.0599999645019;1407;1 A;
61.7872908440021;-0.999755859375;-0.0906982421875;14.0699999644767;1408;1 A;
61.7972908439768;-0.99945068359375;-0.090728759765625;14.0799999644514;1409;1 A;
61.8072908439516;-0.999755859375;-0.0906982421875;14.0899999644262;1410;1 A;
61.8172908439263;-0.999755859375;-0.0906982421875;14.0999999644009;1411;1 A;
61.8272908439011;-0.999755859375;-0.090728759765625;14.1099999643757;1412;1 A;
61.8372908438758;-0.99945068359375;-0.0906982421875;14.1199999643504;1413;1 A;
61.8472908438506;-0.999755859375;-0.09075927734375;14.1299999643252;1414;1 A;
61.8572908438254;-0.99945068359375;-0.090728759765625;14.1399999642999;1415;1 A;
61.8672908438001;-0.99945068359375;-0.090728759765625;14.1499999642747;1416;1 A;
61.8772908437749;-0.999755859375;-0.09075927734375;14.1599999642494;1417;1 A;
61.8872908437496;-0.99945068359375;-0.090728759765625;14.1699999642242;1418;1 A;
61.8972908437244;-0.999755859375;-0.090789794921875;14.1799999641989;1419;1 A;
61.9072908436991;-0.99884033203125;-0.09075927734375;14.1899999641737;1420;1 A;
61.9172908436739;-0.999755859375;-0.09075927734375;14.1999999641484;1421;1 A;
61.9272908436486;-0.999755859375;-0.090789794921875;14.2099999641232;1422;1 A;
61.9372908436234;-0.999755859375;-0.09075927734375;14.219999964098;1423;1 A;
61.9472908435981;-1.00006103515625;-0.0908203125;14.2299999640727;1424;1 A;
61.9572908435729;-0.999755859375;-0.09075927734375;14.2399999640475;1425;1 A;
61.9672908435476;-0.99945068359375;-0.090789794921875;14.2499999640222;1426;1 A;
61.9772908435224;-0.999755859375;-0.090789794921875;14.259999963997;1427;1 A;
61.9872908434971;-0.999755859375;-0.090789794921875;14.2699999639717;1428;1 A;
61.9972908434719;-0.999755859375;-0.0908203125;14.2799999639465;1429;1 A;
62.0072908434466;-0.9991455078125;-0.090789794921875;14.2899999639212;1430;1 A;
62.0172908434214;-0.9991455078125;-0.0908203125;14.299999963896;1431;1 A;
62.0272908433961;-0.99945068359375;-0.0908203125;14.3099999638707;1432;1 A;
62.0372908433709;-1.0003662109375;-0.0908203125;14.3199999638455;1433;1 A;
62.0472908433456;-0.99945068359375;-0.090850830078125;14.3299999638202;1434;1 A;
62.0572908433204;-0.99945068359375;-0.0908203125;14.339999963795;1435;1 A;
62.0672908432952;-0.99945068359375;-0.090850830078125;14.3499999637697;1436;1 A;
62.0772908432699;-0.999755859375;-0.090850830078125;14.3599999637445;1437;1 A;
62.0872908432447;-0.999755859375;-0.0908203125;14.3699999637192;1438;1 A;
62.0972908432194;-0.9991455078125;-0.09088134765625;14.379999963694;1439;1 A;
62.1072908431942;-0.99945068359375;-0.090850830078125;14.3899999636687;1440;1 A;
62.1172908431689;-0.99945068359375;-0.090850830078125;14.3999999636435;1441;1 A;
62.1272908431437;-0.99945068359375;-0.090850830078125;14.4099999636182;1442;1 A;
62.1372908431184;-0.99945068359375;-0.090850830078125;14.419999963593;1443;1 A;
62.1472908430932;-0.999755859375;-0.09088134765625;14.4299999635678;1444;1 A;
62.1572908430679;-0.999755859375;-0.090850830078125;14.4399999635425;1445;1 A;
62.1672908430427;-0.99945068359375;-0.09088134765625;14.4499999635173;1446;1 A;
62.1772908430174;-0.9991455078125;-0.09088134765625;14.459999963492;1447;1 A;
62.1872908429922;-0.99945068359375;-0.09088134765625;14.4699999634668;1448;1 A;
62.1972908429669;-0.99945068359375;-0.090911865234375;14.4799999634415;1449;1 A;
62.2072908429417;-0.99945068359375;-0.09088134765625;14.4899999634163;1450;1 A;
62.2172908429164;-0.99945068359375;-0.09088134765625;14.499999963391;1451;1 A;
62.2272908428912;-0.999755859375;-0.09088134765625;14.5099999633658;1452;1 A;
62.2372908428659;-0.99945068359375;-0.09088134765625;14.5199999633405;1453;1 A;
62.2472908428407;-0.99945068359375;-0.090911865234375;14.5299999633153;1454;1 A;
62.2572908428155;-1.00006103515625;-0.09088134765625;14.53999996329;1455;1 A;
62.2672908427902;-0.999755859375;-0.09088134765625;14.5499999632648;1456;1 A;
62.277290842765;-0.99945068359375;-0.090911865234375;14.5599999632395;1457;1 A;
62.2872908427397;-0.999755859375;-0.090911865234375;14.5699999632143;1458;1 A;
62.2972908427145;-1.00006103515625;-0.0909423828125;14.579999963189;1459;1 A;
62.3072908426892;-0.99945068359375;-0.0909423828125;14.5899999631638;1460;1 A;
62.317290842664;-0.9991455078125;-0.0909423828125;14.5999999631385;1461;1 A;
62.3272908426387;-0.9991455078125;-0.090972900390625;14.6099999631133;1462;1 A;
62.3372908426135;-0.999755859375;-0.090972900390625;14.619999963088;1463;1 A;
62.3472908425882;-0.999755859375;-0.09100341796875;14.6299999630628;1464;1 A;
62.357290842563;-0.999755859375;-0.090972900390625;14.6399999630376;1465;1 A;
62.3672908425377;-0.99945068359375;-0.090972900390625;14.6499999630123;1466;1 A;
62.3772908425125;-1.00006103515625;-0.090972900390625;14.6599999629871;1467;1 A;
62.3872908424872;-0.999755859375;-0.090972900390625;14.6699999629618;1468;1 A;
62.397290842462;-0.9991455078125;-0.09100341796875;14.6799999629366;1469;1 A;
62.4072908424367;-0.9991455078125;-0.090972900390625;14.6899999629113;1470;1 A;
62.4172908424115;-0.99945068359375;-0.090972900390625;14.6999999628861;1471;1 A;
62.4272908423862;-0.999755859375;-0.090972900390625;14.7099999628608;1472;1 A;
62.437290842361;-0.9991455078125;-0.090972900390625;14.7199999628356;1473;1 A;
62.4472908423357;-0.999755859375;-0.09100341796875;14.7299999628103;1474;1 A;
62.4572908423105;-0.9991455078125;-0.090972900390625;14.7399999627851;1475;1 A;
62.4672908422853;-0.99945068359375;-0.09100341796875;14.7499999627598;1476;1 A;
62.47729084226;-0.999755859375;-0.09100341796875;14.7599999627346;1477;1 A;
62.4872908422348;-0.999755859375;-0.09100341796875;14.7699999627093;1478;1 A;
62.4972908422095;-1.00006103515625;-0.091033935546875;14.7799999626841;1479;1 A;
62.5072908421843;-0.99945068359375;-0.091033935546875;14.7899999626588;1480;1 A;
62.517290842159;-0.9991455078125;-0.091033935546875;14.7999999626336;1481;1 A;
62.5272908421338;-0.99945068359375;-0.091033935546875;14.8099999626083;1482;1 A;
62.5372908421085;-0.999755859375;-0.09100341796875;14.8199999625831;1483;1 A;
62.5472908420833;-0.999755859375;-0.091033935546875;14.8299999625578;1484;1 A;
62.557290842058;-0.999755859375;-0.091033935546875;14.8399999625326;1485;1 A;
62.5672908420328;-0.99945068359375;-0.091033935546875;14.8499999625074;1486;1 A;
62.5772908420075;-0.9991455078125;-0.091033935546875;14.8599999624821;1487;1 A;
62.5872908419823;-1.00006103515625;-0.091033935546875;14.8699999624569;1488;1 A;
62.597290841957;-0.9991455078125;-0.091064453125;14.8799999624316;1489;1 A;
62.6072908419318;-0.99884033203125;-0.091033935546875;14.8899999624064;1490;1 A;
62.6172908419065;-0.9991455078125;-0.091064453125;14.8999999623811;1491;1 A;
62.6272908418813;-1.00006103515625;-0.091064453125;14.9099999623559;1492;1 A;
62.637290841856;-0.999755859375;-0.091064453125;14.9199999623306;1493;1 A;
62.6472908418308;-1.00006103515625;-0.091094970703125;14.9299999623054;1494;1 A;
62.6572908418055;-1.00006103515625;-0.091094970703125;14.9399999622801;1495;1 A;
62.6672908417803;-1.00006103515625;-0.091094970703125;14.9499999622549;1496;1 A;
62.6772908417551;-0.999755859375;-0.091094970703125;14.9599999622296;1497;1 A;
62.6872908417298;-0.99945068359375;-0.091094970703125;14.9699999622044;1498;1 A;
62.6972908417046;-0.999755859375;-0.09112548828125;14.9799999621791;1499;1 A;
62.7072908416793;-0.999755859375;-0.091094970703125;14.9899999621539;1500;1 A;
