Time (s);WE(1).Potential (V);WE(1).Current (A);Corrected time (s);Index;Current range;Overload
200.391241494061;-0.80657958984375;-2.33856201171875;0;1;1 A;Current overload
200.401241494036;-0.8447265625;-2.337646484375;0.00999999997475243;2;1 A;Current overload
200.41124149401;-0.94268798828125;-2.33673095703125;0.0199999999495049;3;1 A;Current overload
200.421241493985;-0.97991943359375;-2.33642578125;0.0299999999242573;4;1 A;Current overload
200.43124149396;-1.00128173828125;-2.3358154296875;0.0399999998990097;5;1 A;Current overload
200.441241493935;-1.02935791015625;-2.335205078125;0.0499999998737621;6;1 A;Current overload
200.451241493909;-1.0650634765625;-2.3333740234375;0.0599999998485146;7;1 A;Current overload
200.461241493884;-1.10137939453125;-2.20733642578125;0.069999999823267;8;1 A;Current overload
200.471241493859;-1.09954833984375;-2.0465087890625;0.0799999997980194;9;1 A;Current overload
200.481241493834;-1.10015869140625;-1.898193359375;0.0899999997727718;10;1 A;
200.491241493808;-1.09954833984375;-1.76300048828125;0.0999999997475243;11;1 A;
200.501241493783;-1.099853515625;-1.64093017578125;0.109999999722277;12;1 A;
200.511241493758;-1.09954833984375;-1.531982421875;0.119999999697029;13;1 A;
200.521241493733;-1.099853515625;-1.43524169921875;0.129999999671782;14;1 A;
200.531241493707;-1.099853515625;-1.348876953125;0.139999999646534;15;1 A;
200.541241493682;-1.0992431640625;-1.2713623046875;0.149999999621286;16;1 A;
200.551241493657;-1.099853515625;-1.20147705078125;0.159999999596039;17;1 A;
200.561241493632;-1.099853515625;-1.13922119140625;0.169999999570791;18;1 A;
200.571241493606;-1.09954833984375;-1.0833740234375;0.179999999545544;19;1 A;
200.581241493581;-1.099853515625;-1.03240966796875;0.189999999520296;20;1 A;
200.591241493556;-1.099853515625;-0.986328125;0.199999999495049;21;1 A;
200.601241493531;-1.0992431640625;-0.9442138671875;0.209999999469801;22;1 A;
200.611241493505;-1.0992431640625;-0.90606689453125;0.219999999444553;23;1 A;
200.62124149348;-1.09954833984375;-0.87127685546875;0.229999999419306;24;1 A;
200.631241493455;-1.0992431640625;-0.8392333984375;0.239999999394058;25;1 A;
200.64124149343;-1.09954833984375;-0.80963134765625;0.249999999368811;26;1 A;
200.651241493404;-1.09954833984375;-0.78277587890625;0.259999999343563;27;1 A;
200.661241493379;-1.09954833984375;-0.75775146484375;0.269999999318316;28;1 A;
200.671241493354;-1.099853515625;-0.73455810546875;0.279999999293068;29;1 A;
200.681241493329;-1.0992431640625;-0.712890625;0.28999999926782;30;1 A;
200.691241493303;-1.09954833984375;-0.69305419921875;0.299999999242573;31;1 A;
200.701241493278;-1.09954833984375;-0.67413330078125;0.309999999217325;32;1 A;
200.711241493253;-1.09954833984375;-0.65673828125;0.319999999192078;33;1 A;
200.721241493228;-1.09954833984375;-0.6402587890625;0.32999999916683;34;1 A;
200.731241493202;-1.09954833984375;-0.62469482421875;0.339999999141583;35;1 A;
200.741241493177;-1.0992431640625;-0.6103515625;0.349999999116335;36;1 A;
200.751241493152;-1.0992431640625;-0.59661865234375;0.359999999091087;37;1 A;
200.761241493127;-1.09954833984375;-0.58380126953125;0.36999999906584;38;1 A;
200.771241493101;-1.099853515625;-0.57159423828125;0.379999999040592;39;1 A;
200.781241493076;-1.0992431640625;-0.55999755859375;0.389999999015345;40;1 A;
200.791241493051;-1.09893798828125;-0.54931640625;0.399999998990097;41;1 A;
200.801241493026;-1.09893798828125;-0.53863525390625;0.40999999896485;42;1 A;
200.811241493;-1.099853515625;-0.52886962890625;0.419999998939602;43;1 A;
200.821241492975;-1.09954833984375;-0.5194091796875;0.429999998914354;44;1 A;
200.83124149295;-1.0992431640625;-0.51055908203125;0.439999998889107;45;1 A;
200.841241492925;-1.09954833984375;-0.50201416015625;0.449999998863859;46;1 A;
200.851241492899;-1.099853515625;-0.493804931640625;0.459999998838612;47;1 A;
200.861241492874;-1.099853515625;-0.485992431640625;0.469999998813364;48;1 A;
200.871241492849;-1.09954833984375;-0.478363037109375;0.479999998788116;49;1 A;
200.881241492824;-1.09954833984375;-0.471099853515625;0.489999998762869;50;1 A;
200.891241492798;-1.0992431640625;-0.46417236328125;0.499999998737621;51;1 A;
200.901241492773;-1.099853515625;-0.457427978515625;0.509999998712374;52;1 A;
200.911241492748;-1.099853515625;-0.451141357421875;0.519999998687126;53;1 A;
200.921241492723;-1.099853515625;-0.44488525390625;0.529999998661879;54;1 A;
200.931241492697;-1.0992431640625;-0.43896484375;0.539999998636631;55;1 A;
200.941241492672;-1.0992431640625;-0.433349609375;0.549999998611383;56;1 A;
200.951241492647;-1.09954833984375;-0.427764892578125;0.559999998586136;57;1 A;
200.961241492622;-1.0992431640625;-0.422607421875;0.569999998560888;58;1 A;
200.971241492596;-1.09954833984375;-0.4173583984375;0.579999998535641;59;1 A;
200.981241492571;-1.099853515625;-0.412445068359375;0.589999998510393;60;1 A;
200.991241492546;-1.099853515625;-0.40777587890625;0.599999998485146;61;1 A;
201.001241492521;-1.09954833984375;-0.403106689453125;0.609999998459898;62;1 A;
201.011241492495;-1.09954833984375;-0.398773193359375;0.61999999843465;63;1 A;
201.02124149247;-1.099853515625;-0.39422607421875;0.629999998409403;64;1 A;
201.031241492445;-1.10015869140625;-0.39007568359375;0.639999998384155;65;1 A;
201.04124149242;-1.10015869140625;-0.38604736328125;0.649999998358908;66;1 A;
201.051241492394;-1.0992431640625;-0.38201904296875;0.65999999833366;67;1 A;
201.061241492369;-1.09954833984375;-0.37835693359375;0.669999998308413;68;1 A;
201.071241492344;-1.0992431640625;-0.374481201171875;0.679999998283165;69;1 A;
201.081241492319;-1.0992431640625;-0.37091064453125;0.689999998257917;70;1 A;
201.091241492293;-1.0992431640625;-0.367462158203125;0.69999999823267;71;1 A;
201.101241492268;-1.09954833984375;-0.364013671875;0.709999998207422;72;1 A;
201.111241492243;-1.0992431640625;-0.360809326171875;0.719999998182175;73;1 A;
201.121241492218;-1.099853515625;-0.357452392578125;0.729999998156927;74;1 A;
201.131241492192;-1.0992431640625;-0.35443115234375;0.73999999813168;75;1 A;
201.141241492167;-1.09954833984375;-0.351348876953125;0.749999998106432;76;1 A;
201.151241492142;-1.09954833984375;-0.34832763671875;0.759999998081184;77;1 A;
201.161241492117;-1.0992431640625;-0.34552001953125;0.769999998055937;78;1 A;
201.171241492091;-1.10015869140625;-0.342529296875;0.779999998030689;79;1 A;
201.181241492066;-1.09954833984375;-0.339813232421875;0.789999998005442;80;1 A;
201.191241492041;-1.0992431640625;-0.3370361328125;0.799999997980194;81;1 A;
201.201241492016;-1.0992431640625;-0.33441162109375;0.809999997954947;82;1 A;
201.21124149199;-1.0992431640625;-0.3319091796875;0.819999997929699;83;1 A;
201.221241491965;-1.09954833984375;-0.329315185546875;0.829999997904451;84;1 A;
201.23124149194;-1.09893798828125;-0.326873779296875;0.839999997879204;85;1 A;
201.241241491915;-1.0992431640625;-0.324462890625;0.849999997853956;86;1 A;
201.251241491889;-1.099853515625;-0.322113037109375;0.859999997828709;87;1 A;
201.261241491864;-1.0986328125;-0.31988525390625;0.869999997803461;88;1 A;
201.271241491839;-1.099853515625;-0.317596435546875;0.879999997778214;89;1 A;
201.281241491814;-1.099853515625;-0.31549072265625;0.889999997752966;90;1 A;
201.291241491788;-1.09954833984375;-0.313262939453125;0.899999997727718;91;1 A;
201.301241491763;-1.09954833984375;-0.311248779296875;0.909999997702471;92;1 A;
201.311241491738;-1.09954833984375;-0.30914306640625;0.919999997677223;93;1 A;
201.321241491713;-1.09954833984375;-0.30712890625;0.929999997651976;94;1 A;
201.331241491687;-1.09954833984375;-0.30511474609375;0.939999997626728;95;1 A;
201.341241491662;-1.0992431640625;-0.30316162109375;0.949999997601481;96;1 A;
201.351241491637;-1.0992431640625;-0.301239013671875;0.959999997576233;97;1 A;
201.361241491612;-1.0992431640625;-0.29937744140625;0.969999997550985;98;1 A;
201.371241491586;-1.09954833984375;-0.297515869140625;0.979999997525738;99;1 A;
201.381241491561;-1.09954833984375;-0.2957763671875;0.98999999750049;100;1 A;
201.391241491536;-1.09954833984375;-0.293914794921875;0.999999997475243;101;1 A;
201.401241491511;-1.0992431640625;-0.292266845703125;1.00999999745;102;1 A;
201.411241491485;-1.099853515625;-0.290557861328125;1.01999999742475;103;1 A;
201.42124149146;-1.0992431640625;-0.288909912109375;1.0299999973995;104;1 A;
201.431241491435;-1.0992431640625;-0.287322998046875;1.03999999737425;105;1 A;
201.44124149141;-1.09954833984375;-0.285614013671875;1.049999997349;106;1 A;
201.451241491385;-1.09954833984375;-0.28411865234375;1.05999999732376;107;1 A;
201.461241491359;-1.0986328125;-0.282470703125;1.06999999729851;108;1 A;
201.471241491334;-1.09954833984375;-0.280975341796875;1.07999999727326;109;1 A;
201.481241491309;-1.09954833984375;-0.279449462890625;1.08999999724801;110;1 A;
201.491241491284;-1.09954833984375;-0.2779541015625;1.09999999722277;111;1 A;
201.501241491258;-1.09954833984375;-0.27655029296875;1.10999999719752;112;1 A;
201.511241491233;-1.0992431640625;-0.275054931640625;1.11999999717227;113;1 A;
201.521241491208;-1.09954833984375;-0.27362060546875;1.12999999714702;114;1 A;
201.531241491183;-1.09954833984375;-0.272308349609375;1.13999999712178;115;1 A;
201.541241491157;-1.09954833984375;-0.2708740234375;1.14999999709653;116;1 A;
201.551241491132;-1.09954833984375;-0.2696533203125;1.15999999707128;117;1 A;
201.561241491107;-1.09954833984375;-0.2681884765625;1.16999999704603;118;1 A;
201.571241491082;-1.09954833984375;-0.266998291015625;1.17999999702079;119;1 A;
201.581241491056;-1.09954833984375;-0.26568603515625;1.18999999699554;120;1 A;
201.591241491031;-1.09954833984375;-0.264495849609375;1.19999999697029;121;1 A;
201.601241491006;-1.09954833984375;-0.26318359375;1.20999999694504;122;1 A;
201.611241490981;-1.0992431640625;-0.261962890625;1.2199999969198;123;1 A;
201.621241490955;-1.099853515625;-0.260772705078125;1.22999999689455;124;1 A;
201.63124149093;-1.0992431640625;-0.25958251953125;1.2399999968693;125;1 A;
201.641241490905;-1.09954833984375;-0.25836181640625;1.24999999684405;126;1 A;
201.65124149088;-1.0992431640625;-0.25726318359375;1.25999999681881;127;1 A;
201.661241490854;-1.09954833984375;-0.25604248046875;1.26999999679356;128;1 A;
201.671241490829;-1.099853515625;-0.254974365234375;1.27999999676831;129;1 A;
201.681241490804;-1.0992431640625;-0.25384521484375;1.28999999674306;130;1 A;
201.691241490779;-1.099853515625;-0.252716064453125;1.29999999671782;131;1 A;
201.701241490753;-1.09954833984375;-0.251708984375;1.30999999669257;132;1 A;
201.711241490728;-1.09954833984375;-0.25054931640625;1.31999999666732;133;1 A;
201.721241490703;-1.09954833984375;-0.24957275390625;1.32999999664207;134;1 A;
201.731241490678;-1.0992431640625;-0.24847412109375;1.33999999661683;135;1 A;
201.741241490652;-1.09954833984375;-0.247528076171875;1.34999999659158;136;1 A;
201.751241490627;-1.09954833984375;-0.2464599609375;1.35999999656633;137;1 A;
201.761241490602;-1.0992431640625;-0.2454833984375;1.36999999654108;138;1 A;
201.771241490577;-1.09954833984375;-0.244476318359375;1.37999999651583;139;1 A;
201.781241490551;-1.10015869140625;-0.24359130859375;1.38999999649059;140;1 A;
201.791241490526;-1.099853515625;-0.24261474609375;1.39999999646534;141;1 A;
201.801241490501;-1.09954833984375;-0.24169921875;1.40999999644009;142;1 A;
201.811241490476;-1.0992431640625;-0.240692138671875;1.41999999641484;143;1 A;
201.82124149045;-1.0992431640625;-0.2398681640625;1.4299999963896;144;1 A;
201.831241490425;-1.099853515625;-0.2388916015625;1.43999999636435;145;1 A;
201.8412414904;-1.09893798828125;-0.238128662109375;1.4499999963391;146;1 A;
201.851241490375;-1.099853515625;-0.237091064453125;1.45999999631385;147;1 A;
201.861241490349;-1.09954833984375;-0.23626708984375;1.46999999628861;148;1 A;
201.871241490324;-1.09954833984375;-0.235382080078125;1.47999999626336;149;1 A;
201.881241490299;-1.09954833984375;-0.234527587890625;1.48999999623811;150;1 A;
201.891241490274;-1.09954833984375;-0.23370361328125;1.49999999621286;151;1 A;
201.901241490248;-1.09954833984375;-0.23284912109375;1.50999999618762;152;1 A;
201.911241490223;-1.0986328125;-0.232025146484375;1.51999999616237;153;1 A;
201.921241490198;-1.09954833984375;-0.231201171875;1.52999999613712;154;1 A;
201.931241490173;-1.09954833984375;-0.23040771484375;1.53999999611187;155;1 A;
201.941241490147;-1.0992431640625;-0.22967529296875;1.54999999608663;156;1 A;
201.951241490122;-1.0986328125;-0.22882080078125;1.55999999606138;157;1 A;
201.961241490097;-1.099853515625;-0.228118896484375;1.56999999603613;158;1 A;
201.971241490072;-1.09893798828125;-0.227264404296875;1.57999999601088;159;1 A;
201.981241490046;-1.09954833984375;-0.22650146484375;1.58999999598564;160;1 A;
201.991241490021;-1.09954833984375;-0.225799560546875;1.59999999596039;161;1 A;
202.001241489996;-1.0992431640625;-0.2249755859375;1.60999999593514;162;1 A;
202.011241489971;-1.09954833984375;-0.224334716796875;1.61999999590989;163;1 A;
202.021241489945;-1.09954833984375;-0.22344970703125;1.62999999588465;164;1 A;
202.03124148992;-1.099853515625;-0.22283935546875;1.6399999958594;165;1 A;
202.041241489895;-1.0992431640625;-0.222015380859375;1.64999999583415;166;1 A;
202.05124148987;-1.09954833984375;-0.22137451171875;1.6599999958089;167;1 A;
202.061241489844;-1.10015869140625;-0.220703125;1.66999999578366;168;1 A;
202.071241489819;-1.0992431640625;-0.219970703125;1.67999999575841;169;1 A;
202.081241489794;-1.099853515625;-0.21929931640625;1.68999999573316;170;1 A;
202.091241489769;-1.09893798828125;-0.21868896484375;1.69999999570791;171;1 A;
202.101241489743;-1.09954833984375;-0.2178955078125;1.70999999568267;172;1 A;
202.111241489718;-1.099853515625;-0.2174072265625;1.71999999565742;173;1 A;
202.121241489693;-1.099853515625;-0.216552734375;1.72999999563217;174;1 A;
202.131241489668;-1.099853515625;-0.216033935546875;1.73999999560692;175;1 A;
202.141241489642;-1.099853515625;-0.215301513671875;1.74999999558167;176;1 A;
202.151241489617;-1.09954833984375;-0.214630126953125;1.75999999555643;177;1 A;
202.161241489592;-1.0992431640625;-0.21405029296875;1.76999999553118;178;1 A;
202.171241489567;-1.09954833984375;-0.21331787109375;1.77999999550593;179;1 A;
202.181241489541;-1.0992431640625;-0.2127685546875;1.78999999548068;180;1 A;
202.191241489516;-1.099853515625;-0.212127685546875;1.79999999545544;181;1 A;
202.201241489491;-1.09954833984375;-0.211517333984375;1.80999999543019;182;1 A;
202.211241489466;-1.09954833984375;-0.21099853515625;1.81999999540494;183;1 A;
202.22124148944;-1.099853515625;-0.210357666015625;1.82999999537969;184;1 A;
202.231241489415;-1.09954833984375;-0.20977783203125;1.83999999535445;185;1 A;
202.24124148939;-1.0992431640625;-0.209197998046875;1.8499999953292;186;1 A;
202.251241489365;-1.099853515625;-0.208526611328125;1.85999999530395;187;1 A;
202.261241489339;-1.0992431640625;-0.2081298828125;1.8699999952787;188;1 A;
202.271241489314;-1.099853515625;-0.207366943359375;1.87999999525346;189;1 A;
202.281241489289;-1.0992431640625;-0.20697021484375;1.88999999522821;190;1 A;
202.291241489264;-1.09954833984375;-0.206298828125;1.89999999520296;191;1 A;
202.301241489238;-1.09954833984375;-0.205780029296875;1.90999999517771;192;1 A;
202.311241489213;-1.099853515625;-0.205230712890625;1.91999999515247;193;1 A;
202.321241489188;-1.099853515625;-0.204681396484375;1.92999999512722;194;1 A;
202.331241489163;-1.0992431640625;-0.204132080078125;1.93999999510197;195;1 A;
202.341241489137;-1.09893798828125;-0.20367431640625;1.94999999507672;196;1 A;
202.351241489112;-1.10015869140625;-0.203033447265625;1.95999999505148;197;1 A;
202.361241489087;-1.099853515625;-0.202667236328125;1.96999999502623;198;1 A;
202.371241489062;-1.099853515625;-0.20196533203125;1.97999999500098;199;1 A;
202.381241489036;-1.09954833984375;-0.20159912109375;1.98999999497573;200;1 A;
202.391241489011;-1.0992431640625;-0.201019287109375;1.99999999495049;201;1 A;
202.401241488986;-1.099853515625;-0.20050048828125;2.00999999492524;202;1 A;
202.411241488961;-1.0992431640625;-0.2000732421875;2.01999999489999;203;1 A;
202.421241488935;-1.0992431640625;-0.19952392578125;2.02999999487474;204;1 A;
202.43124148891;-1.099853515625;-0.1990966796875;2.0399999948495;205;1 A;
202.441241488885;-1.0992431640625;-0.198577880859375;2.04999999482425;206;1 A;
202.45124148886;-1.0992431640625;-0.19805908203125;2.059999994799;207;1 A;
202.461241488835;-1.09954833984375;-0.1976318359375;2.06999999477375;208;1 A;
202.471241488809;-1.09954833984375;-0.1971435546875;2.0799999947485;209;1 A;
202.481241488784;-1.09954833984375;-0.196685791015625;2.08999999472326;210;1 A;
202.491241488759;-1.09954833984375;-0.19622802734375;2.09999999469801;211;1 A;
202.501241488734;-1.09954833984375;-0.1956787109375;2.10999999467276;212;1 A;
202.511241488708;-1.0986328125;-0.195343017578125;2.11999999464751;213;1 A;
202.521241488683;-1.0992431640625;-0.19476318359375;2.12999999462227;214;1 A;
202.531241488658;-1.09954833984375;-0.1944580078125;2.13999999459702;215;1 A;
202.541241488633;-1.09954833984375;-0.193878173828125;2.14999999457177;216;1 A;
202.551241488607;-1.09954833984375;-0.193511962890625;2.15999999454652;217;1 A;
202.561241488582;-1.09954833984375;-0.1929931640625;2.16999999452128;218;1 A;
202.571241488557;-1.09893798828125;-0.192535400390625;2.17999999449603;219;1 A;
202.581241488532;-1.099853515625;-0.192169189453125;2.18999999447078;220;1 A;
202.591241488506;-1.099853515625;-0.19171142578125;2.19999999444553;221;1 A;
202.601241488481;-1.09954833984375;-0.1912841796875;2.20999999442029;222;1 A;
202.611241488456;-1.099853515625;-0.190887451171875;2.21999999439504;223;1 A;
202.621241488431;-1.0992431640625;-0.190399169921875;2.22999999436979;224;1 A;
202.631241488405;-1.09954833984375;-0.19012451171875;2.23999999434454;225;1 A;
202.64124148838;-1.0992431640625;-0.1895751953125;2.2499999943193;226;1 A;
202.651241488355;-1.0992431640625;-0.18927001953125;2.25999999429405;227;1 A;
202.66124148833;-1.09954833984375;-0.188751220703125;2.2699999942688;228;1 A;
202.671241488304;-1.0992431640625;-0.188323974609375;2.27999999424355;229;1 A;
202.681241488279;-1.09954833984375;-0.188018798828125;2.28999999421831;230;1 A;
202.691241488254;-1.0992431640625;-0.187530517578125;2.29999999419306;231;1 A;
202.701241488229;-1.09893798828125;-0.187225341796875;2.30999999416781;232;1 A;
202.711241488203;-1.0992431640625;-0.18670654296875;2.31999999414256;233;1 A;
202.721241488178;-1.09954833984375;-0.18634033203125;2.32999999411732;234;1 A;
202.731241488153;-1.099853515625;-0.18597412109375;2.33999999409207;235;1 A;
202.741241488128;-1.09954833984375;-0.185577392578125;2.34999999406682;236;1 A;
202.751241488102;-1.0992431640625;-0.18524169921875;2.35999999404157;237;1 A;
202.761241488077;-1.09954833984375;-0.184844970703125;2.36999999401633;238;1 A;
202.771241488052;-1.099853515625;-0.1844482421875;2.37999999399108;239;1 A;
202.781241488027;-1.0992431640625;-0.18414306640625;2.38999999396583;240;1 A;
202.791241488001;-1.09954833984375;-0.1837158203125;2.39999999394058;241;1 A;
202.801241487976;-1.099853515625;-0.1834716796875;2.40999999391533;242;1 A;
202.811241487951;-1.09954833984375;-0.182952880859375;2.41999999389009;243;1 A;
202.821241487926;-1.099853515625;-0.18267822265625;2.42999999386484;244;1 A;
202.8312414879;-1.09893798828125;-0.182220458984375;2.43999999383959;245;1 A;
202.841241487875;-1.0992431640625;-0.181915283203125;2.44999999381434;246;1 A;
202.85124148785;-1.0992431640625;-0.181549072265625;2.4599999937891;247;1 A;
202.861241487825;-1.09954833984375;-0.18115234375;2.46999999376385;248;1 A;
202.871241487799;-1.09954833984375;-0.18084716796875;2.4799999937386;249;1 A;
202.881241487774;-1.0992431640625;-0.180419921875;2.48999999371335;250;1 A;
202.891241487749;-1.099853515625;-0.180145263671875;2.49999999368811;251;1 A;
202.901241487724;-1.0992431640625;-0.179840087890625;2.50999999366286;252;1 A;
202.911241487698;-1.09893798828125;-0.179534912109375;2.51999999363761;253;1 A;
202.921241487673;-1.0992431640625;-0.179229736328125;2.52999999361236;254;1 A;
202.931241487648;-1.09893798828125;-0.178802490234375;2.53999999358712;255;1 A;
202.941241487623;-1.099853515625;-0.178497314453125;2.54999999356187;256;1 A;
202.951241487597;-1.09954833984375;-0.178192138671875;2.55999999353662;257;1 A;
202.961241487572;-1.09954833984375;-0.177825927734375;2.56999999351137;258;1 A;
202.971241487547;-1.09954833984375;-0.177581787109375;2.57999999348613;259;1 A;
202.981241487522;-1.0992431640625;-0.17706298828125;2.58999999346088;260;1 A;
202.991241487496;-1.09954833984375;-0.176849365234375;2.59999999343563;261;1 A;
203.001241487471;-1.09954833984375;-0.176483154296875;2.60999999341038;262;1 A;
203.011241487446;-1.09954833984375;-0.17620849609375;2.61999999338514;263;1 A;
203.021241487421;-1.09954833984375;-0.175872802734375;2.62999999335989;264;1 A;
203.031241487395;-1.09954833984375;-0.175506591796875;2.63999999333464;265;1 A;
203.04124148737;-1.0992431640625;-0.175262451171875;2.64999999330939;266;1 A;
203.051241487345;-1.0992431640625;-0.174957275390625;2.65999999328415;267;1 A;
203.06124148732;-1.0992431640625;-0.174652099609375;2.6699999932589;268;1 A;
203.071241487294;-1.099853515625;-0.174407958984375;2.67999999323365;269;1 A;
203.081241487269;-1.10015869140625;-0.174041748046875;2.6899999932084;270;1 A;
203.091241487244;-1.0992431640625;-0.17376708984375;2.69999999318316;271;1 A;
203.101241487219;-1.0992431640625;-0.173431396484375;2.70999999315791;272;1 A;
203.111241487193;-1.0992431640625;-0.173187255859375;2.71999999313266;273;1 A;
203.121241487168;-1.0992431640625;-0.17291259765625;2.72999999310741;274;1 A;
203.131241487143;-1.09954833984375;-0.172576904296875;2.73999999308217;275;1 A;
203.141241487118;-1.0992431640625;-0.172332763671875;2.74999999305692;276;1 A;
203.151241487092;-1.09954833984375;-0.1719970703125;2.75999999303167;277;1 A;
203.161241487067;-1.099853515625;-0.171783447265625;2.76999999300642;278;1 A;
203.171241487042;-1.09954833984375;-0.17144775390625;2.77999999298117;279;1 A;
203.181241487017;-1.099853515625;-0.171234130859375;2.78999999295593;280;1 A;
203.191241486991;-1.0992431640625;-0.170928955078125;2.79999999293068;281;1 A;
203.201241486966;-1.0992431640625;-0.170623779296875;2.80999999290543;282;1 A;
203.211241486941;-1.09954833984375;-0.17034912109375;2.81999999288018;283;1 A;
203.221241486916;-1.099853515625;-0.170135498046875;2.82999999285494;284;1 A;
203.23124148689;-1.0992431640625;-0.169830322265625;2.83999999282969;285;1 A;
203.241241486865;-1.09954833984375;-0.16961669921875;2.84999999280444;286;1 A;
203.25124148684;-1.09893798828125;-0.16925048828125;2.85999999277919;287;1 A;
203.261241486815;-1.0992431640625;-0.169036865234375;2.86999999275395;288;1 A;
203.271241486789;-1.09954833984375;-0.168701171875;2.8799999927287;289;1 A;
203.281241486764;-1.09954833984375;-0.16851806640625;2.88999999270345;290;1 A;
203.291241486739;-1.09954833984375;-0.168243408203125;2.8999999926782;291;1 A;
203.301241486714;-1.099853515625;-0.167938232421875;2.90999999265296;292;1 A;
203.311241486688;-1.09954833984375;-0.167694091796875;2.91999999262771;293;1 A;
203.321241486663;-1.0992431640625;-0.16741943359375;2.92999999260246;294;1 A;
203.331241486638;-1.0992431640625;-0.167205810546875;2.93999999257721;295;1 A;
203.341241486613;-1.09954833984375;-0.166961669921875;2.94999999255197;296;1 A;
203.351241486587;-1.099853515625;-0.16668701171875;2.95999999252672;297;1 A;
203.361241486562;-1.09893798828125;-0.16644287109375;2.96999999250147;298;1 A;
203.371241486537;-1.09954833984375;-0.166168212890625;2.97999999247622;299;1 A;
203.381241486512;-1.09954833984375;-0.165924072265625;2.98999999245098;300;1 A;
203.391241486486;-1.09954833984375;-0.165771484375;2.99999999242573;301;1 A;
203.401241486461;-1.09954833984375;-0.165374755859375;3.00999999240048;302;1 A;
203.411241486436;-1.0992431640625;-0.165252685546875;3.01999999237523;303;1 A;
203.421241486411;-1.099853515625;-0.1649169921875;3.02999999234999;304;1 A;
203.431241486385;-1.0992431640625;-0.164764404296875;3.03999999232474;305;1 A;
203.44124148636;-1.0992431640625;-0.164459228515625;3.04999999229949;306;1 A;
203.451241486335;-1.099853515625;-0.164215087890625;3.05999999227424;307;1 A;
203.46124148631;-1.0992431640625;-0.16400146484375;3.069999992249;308;1 A;
203.471241486284;-1.09954833984375;-0.163787841796875;3.07999999222375;309;1 A;
203.481241486259;-1.0992431640625;-0.163543701171875;3.0899999921985;310;1 A;
203.491241486234;-1.09954833984375;-0.16339111328125;3.09999999217325;311;1 A;
203.501241486209;-1.09893798828125;-0.163055419921875;3.109999992148;312;1 A;
203.511241486184;-1.09954833984375;-0.162933349609375;3.11999999212276;313;1 A;
203.521241486158;-1.099853515625;-0.16259765625;3.12999999209751;314;1 A;
203.531241486133;-1.0992431640625;-0.162445068359375;3.13999999207226;315;1 A;
203.541241486108;-1.09893798828125;-0.162200927734375;3.14999999204701;316;1 A;
203.551241486083;-1.099853515625;-0.161865234375;3.15999999202177;317;1 A;
203.561241486057;-1.09893798828125;-0.1617431640625;3.16999999199652;318;1 A;
203.571241486032;-1.09954833984375;-0.16143798828125;3.17999999197127;319;1 A;
203.581241486007;-1.09954833984375;-0.16131591796875;3.18999999194602;320;1 A;
203.591241485982;-1.09954833984375;-0.16107177734375;3.19999999192078;321;1 A;
203.601241485956;-1.099853515625;-0.160858154296875;3.20999999189553;322;1 A;
203.611241485931;-1.09954833984375;-0.160675048828125;3.21999999187028;323;1 A;
203.621241485906;-1.10015869140625;-0.160430908203125;3.22999999184503;324;1 A;
203.631241485881;-1.09954833984375;-0.160247802734375;3.23999999181979;325;1 A;
203.641241485855;-1.09954833984375;-0.160064697265625;3.24999999179454;326;1 A;
203.65124148583;-1.0992431640625;-0.15972900390625;3.25999999176929;327;1 A;
203.661241485805;-1.099853515625;-0.15966796875;3.26999999174404;328;1 A;
203.67124148578;-1.099853515625;-0.159271240234375;3.2799999917188;329;1 A;
203.681241485754;-1.0992431640625;-0.15924072265625;3.28999999169355;330;1 A;
203.691241485729;-1.0992431640625;-0.158935546875;3.2999999916683;331;1 A;
203.701241485704;-1.09954833984375;-0.158782958984375;3.30999999164305;332;1 A;
203.711241485679;-1.09954833984375;-0.1585693359375;3.31999999161781;333;1 A;
203.721241485653;-1.099853515625;-0.1583251953125;3.32999999159256;334;1 A;
203.731241485628;-1.09954833984375;-0.158172607421875;3.33999999156731;335;1 A;
203.741241485603;-1.09954833984375;-0.15802001953125;3.34999999154206;336;1 A;
203.751241485578;-1.099853515625;-0.15777587890625;3.35999999151682;337;1 A;
203.761241485552;-1.09893798828125;-0.157623291015625;3.36999999149157;338;1 A;
203.771241485527;-1.0992431640625;-0.1573486328125;3.37999999146632;339;1 A;
203.781241485502;-1.099853515625;-0.157257080078125;3.38999999144107;340;1 A;
203.791241485477;-1.09954833984375;-0.157012939453125;3.39999999141583;341;1 A;
203.801241485451;-1.0992431640625;-0.15679931640625;3.40999999139058;342;1 A;
203.811241485426;-1.09954833984375;-0.156646728515625;3.41999999136533;343;1 A;
203.821241485401;-1.09954833984375;-0.156341552734375;3.42999999134008;344;1 A;
203.831241485376;-1.10015869140625;-0.15625;3.43999999131483;345;1 A;
203.84124148535;-1.09893798828125;-0.15594482421875;3.44999999128959;346;1 A;
203.851241485325;-1.099853515625;-0.155853271484375;3.45999999126434;347;1 A;
203.8612414853;-1.0992431640625;-0.155609130859375;3.46999999123909;348;1 A;
203.871241485275;-1.099853515625;-0.155426025390625;3.47999999121384;349;1 A;
203.881241485249;-1.0992431640625;-0.155242919921875;3.4899999911886;350;1 A;
203.891241485224;-1.0992431640625;-0.155120849609375;3.49999999116335;351;1 A;
203.901241485199;-1.0992431640625;-0.154876708984375;3.5099999911381;352;1 A;
203.911241485174;-1.099853515625;-0.15478515625;3.51999999111285;353;1 A;
203.921241485148;-1.0992431640625;-0.15447998046875;3.52999999108761;354;1 A;
203.931241485123;-1.099853515625;-0.1544189453125;3.53999999106236;355;1 A;
203.941241485098;-1.0992431640625;-0.15411376953125;3.54999999103711;356;1 A;
203.951241485073;-1.09954833984375;-0.154052734375;3.55999999101186;357;1 A;
203.961241485047;-1.0992431640625;-0.153778076171875;3.56999999098662;358;1 A;
203.971241485022;-1.099853515625;-0.15362548828125;3.57999999096137;359;1 A;
203.981241484997;-1.09954833984375;-0.153411865234375;3.58999999093612;360;1 A;
203.991241484972;-1.0992431640625;-0.15325927734375;3.59999999091087;361;1 A;
204.001241484946;-1.09954833984375;-0.153106689453125;3.60999999088563;362;1 A;
204.011241484921;-1.09893798828125;-0.1529541015625;3.61999999086038;363;1 A;
204.021241484896;-1.10015869140625;-0.152740478515625;3.62999999083513;364;1 A;
204.031241484871;-1.09893798828125;-0.152618408203125;3.63999999080988;365;1 A;
204.041241484845;-1.0992431640625;-0.15240478515625;3.64999999078464;366;1 A;
204.05124148482;-1.0992431640625;-0.152252197265625;3.65999999075939;367;1 A;
204.061241484795;-1.09954833984375;-0.152099609375;3.66999999073414;368;1 A;
204.07124148477;-1.099853515625;-0.15185546875;3.67999999070889;369;1 A;
204.081241484744;-1.0992431640625;-0.15179443359375;3.68999999068365;370;1 A;
204.091241484719;-1.099853515625;-0.1514892578125;3.6999999906584;371;1 A;
204.101241484694;-1.09954833984375;-0.15142822265625;3.70999999063315;372;1 A;
204.111241484669;-1.099853515625;-0.15118408203125;3.7199999906079;373;1 A;
204.121241484643;-1.09893798828125;-0.15106201171875;3.72999999058266;374;1 A;
204.131241484618;-1.0992431640625;-0.150848388671875;3.73999999055741;375;1 A;
204.141241484593;-1.0992431640625;-0.150726318359375;3.74999999053216;376;1 A;
204.151241484568;-1.09954833984375;-0.150543212890625;3.75999999050691;377;1 A;
204.161241484542;-1.09954833984375;-0.15045166015625;3.76999999048167;378;1 A;
204.171241484517;-1.099853515625;-0.150238037109375;3.77999999045642;379;1 A;
204.181241484492;-1.0992431640625;-0.150146484375;3.78999999043117;380;1 A;
204.191241484467;-1.0992431640625;-0.149871826171875;3.79999999040592;381;1 A;
204.201241484441;-1.10015869140625;-0.1497802734375;3.80999999038067;382;1 A;
204.211241484416;-1.09954833984375;-0.1495361328125;3.81999999035543;383;1 A;
204.221241484391;-1.09954833984375;-0.1494140625;3.82999999033018;384;1 A;
204.231241484366;-1.09954833984375;-0.149200439453125;3.83999999030493;385;1 A;
204.24124148434;-1.0992431640625;-0.149017333984375;3.84999999027968;386;1 A;
204.251241484315;-1.0992431640625;-0.148895263671875;3.85999999025444;387;1 A;
204.26124148429;-1.09954833984375;-0.14874267578125;3.86999999022919;388;1 A;
204.271241484265;-1.09954833984375;-0.148590087890625;3.87999999020394;389;1 A;
204.281241484239;-1.0992431640625;-0.148468017578125;3.88999999017869;390;1 A;
204.291241484214;-1.09954833984375;-0.1483154296875;3.89999999015345;391;1 A;
204.301241484189;-1.09954833984375;-0.148162841796875;3.9099999901282;392;1 A;
204.311241484164;-1.10015869140625;-0.148040771484375;3.91999999010295;393;1 A;
204.321241484138;-1.0992431640625;-0.14788818359375;3.9299999900777;394;1 A;
204.331241484113;-1.0992431640625;-0.14776611328125;3.93999999005246;395;1 A;
204.341241484088;-1.0992431640625;-0.147552490234375;3.94999999002721;396;1 A;
204.351241484063;-1.099853515625;-0.14739990234375;3.95999999000196;397;1 A;
204.361241484037;-1.09954833984375;-0.147186279296875;3.96999998997671;398;1 A;
204.371241484012;-1.09954833984375;-0.1470947265625;3.97999998995147;399;1 A;
204.381241483987;-1.099853515625;-0.146881103515625;3.98999998992622;400;1 A;
204.391241483962;-1.099853515625;-0.14678955078125;3.99999998990097;401;1 A;
204.401241483936;-1.09893798828125;-0.146575927734375;4.00999998987572;402;1 A;
204.411241483911;-1.0992431640625;-0.146484375;4.01999998985048;403;1 A;
204.421241483886;-1.09893798828125;-0.14630126953125;4.02999998982523;404;1 A;
204.431241483861;-1.10015869140625;-0.146240234375;4.03999998979998;405;1 A;
204.441241483835;-1.099853515625;-0.14605712890625;4.04999998977473;406;1 A;
204.45124148381;-1.099853515625;-0.14593505859375;4.05999998974949;407;1 A;
204.461241483785;-1.09954833984375;-0.145751953125;4.06999998972424;408;1 A;
204.47124148376;-1.0992431640625;-0.1456298828125;4.07999998969899;409;1 A;
204.481241483734;-1.09954833984375;-0.14544677734375;4.08999998967374;410;1 A;
204.491241483709;-1.0992431640625;-0.145355224609375;4.0999999896485;411;1 A;
204.501241483684;-1.0992431640625;-0.145172119140625;4.10999998962325;412;1 A;
204.511241483659;-1.0992431640625;-0.14501953125;4.119999989598;413;1 A;
204.521241483634;-1.099853515625;-0.14483642578125;4.12999998957275;414;1 A;
204.531241483608;-1.09954833984375;-0.144683837890625;4.1399999895475;415;1 A;
204.541241483583;-1.09893798828125;-0.144622802734375;4.14999998952226;416;1 A;
204.551241483558;-1.0992431640625;-0.144439697265625;4.15999998949701;417;1 A;
204.561241483533;-1.099853515625;-0.14434814453125;4.16999998947176;418;1 A;
204.571241483507;-1.099853515625;-0.144134521484375;4.17999998944651;419;1 A;
204.581241483482;-1.09954833984375;-0.144073486328125;4.18999998942127;420;1 A;
204.591241483457;-1.0992431640625;-0.1439208984375;4.19999998939602;421;1 A;
204.601241483432;-1.099853515625;-0.143829345703125;4.20999998937077;422;1 A;
204.611241483406;-1.0992431640625;-0.143707275390625;4.21999998934552;423;1 A;
204.621241483381;-1.099853515625;-0.1435546875;4.22999998932028;424;1 A;
204.631241483356;-1.0992431640625;-0.143402099609375;4.23999998929503;425;1 A;
204.641241483331;-1.09954833984375;-0.143310546875;4.24999998926978;426;1 A;
204.651241483305;-1.0992431640625;-0.143096923828125;4.25999998924453;427;1 A;
204.66124148328;-1.09954833984375;-0.143035888671875;4.26999998921929;428;1 A;
204.671241483255;-1.09954833984375;-0.142791748046875;4.27999998919404;429;1 A;
204.68124148323;-1.09954833984375;-0.142669677734375;4.28999998916879;430;1 A;
204.691241483204;-1.09832763671875;-0.142547607421875;4.29999998914354;431;1 A;
204.701241483179;-1.0992431640625;-0.142425537109375;4.3099999891183;432;1 A;
204.711241483154;-1.0992431640625;-0.142333984375;4.31999998909305;433;1 A;
204.721241483129;-1.099853515625;-0.14215087890625;4.3299999890678;434;1 A;
204.731241483103;-1.10015869140625;-0.14202880859375;4.33999998904255;435;1 A;
204.741241483078;-1.09893798828125;-0.14190673828125;4.34999998901731;436;1 A;
204.751241483053;-1.099853515625;-0.14178466796875;4.35999998899206;437;1 A;
204.761241483028;-1.099853515625;-0.141693115234375;4.36999998896681;438;1 A;
204.771241483002;-1.0992431640625;-0.14154052734375;4.37999998894156;439;1 A;
204.781241482977;-1.09954833984375;-0.141387939453125;4.38999998891632;440;1 A;
204.791241482952;-1.0992431640625;-0.14129638671875;4.39999998889107;441;1 A;
204.801241482927;-1.09954833984375;-0.141082763671875;4.40999998886582;442;1 A;
204.811241482901;-1.09954833984375;-0.14105224609375;4.41999998884057;443;1 A;
204.821241482876;-1.099853515625;-0.140838623046875;4.42999998881533;444;1 A;
204.831241482851;-1.099853515625;-0.1407470703125;4.43999998879008;445;1 A;
204.841241482826;-1.0992431640625;-0.140625;4.44999998876483;446;1 A;
204.8512414828;-1.099853515625;-0.1405029296875;4.45999998873958;447;1 A;
204.861241482775;-1.09954833984375;-0.140411376953125;4.46999998871433;448;1 A;
204.87124148275;-1.0992431640625;-0.140289306640625;4.47999998868909;449;1 A;
204.881241482725;-1.09954833984375;-0.140106201171875;4.48999998866384;450;1 A;
204.891241482699;-1.099853515625;-0.140045166015625;4.49999998863859;451;1 A;
204.901241482674;-1.0992431640625;-0.139862060546875;4.50999998861334;452;1 A;
204.911241482649;-1.09954833984375;-0.13983154296875;4.5199999885881;453;1 A;
204.921241482624;-1.099853515625;-0.139617919921875;4.52999998856285;454;1 A;
204.931241482598;-1.0992431640625;-0.1395263671875;4.5399999885376;455;1 A;
204.941241482573;-1.0992431640625;-0.139404296875;4.54999998851235;456;1 A;
204.951241482548;-1.099853515625;-0.13922119140625;4.55999998848711;457;1 A;
204.961241482523;-1.09954833984375;-0.139190673828125;4.56999998846186;458;1 A;
204.971241482497;-1.099853515625;-0.13897705078125;4.57999998843661;459;1 A;
204.981241482472;-1.099853515625;-0.138916015625;4.58999998841136;460;1 A;
204.991241482447;-1.09954833984375;-0.1387939453125;4.59999998838612;461;1 A;
205.001241482422;-1.099853515625;-0.138641357421875;4.60999998836087;462;1 A;
205.011241482396;-1.099853515625;-0.1385498046875;4.61999998833562;463;1 A;
205.021241482371;-1.0992431640625;-0.138427734375;4.62999998831037;464;1 A;
205.031241482346;-1.0992431640625;-0.1383056640625;4.63999998828513;465;1 A;
205.041241482321;-1.09954833984375;-0.138214111328125;4.64999998825988;466;1 A;
205.051241482295;-1.0992431640625;-0.13800048828125;4.65999998823463;467;1 A;
205.06124148227;-1.09954833984375;-0.137969970703125;4.66999998820938;468;1 A;
205.071241482245;-1.09954833984375;-0.137725830078125;4.67999998818414;469;1 A;
205.08124148222;-1.09954833984375;-0.137725830078125;4.68999998815889;470;1 A;
205.091241482194;-1.0992431640625;-0.137542724609375;4.69999998813364;471;1 A;
205.101241482169;-1.09954833984375;-0.137451171875;4.70999998810839;472;1 A;
205.111241482144;-1.0992431640625;-0.13739013671875;4.71999998808315;473;1 A;
205.121241482119;-1.099853515625;-0.13720703125;4.7299999880579;474;1 A;
205.131241482093;-1.099853515625;-0.13714599609375;4.73999998803265;475;1 A;
205.141241482068;-1.0992431640625;-0.13702392578125;4.7499999880074;476;1 A;
205.151241482043;-1.09893798828125;-0.136871337890625;4.75999998798216;477;1 A;
205.161241482018;-1.0992431640625;-0.136810302734375;4.76999998795691;478;1 A;
205.171241481992;-1.09954833984375;-0.136627197265625;4.77999998793166;479;1 A;
205.181241481967;-1.0992431640625;-0.136566162109375;4.78999998790641;480;1 A;
205.191241481942;-1.09954833984375;-0.136444091796875;4.79999998788116;481;1 A;
205.201241481917;-1.0992431640625;-0.13629150390625;4.80999998785592;482;1 A;
205.211241481891;-1.09954833984375;-0.13623046875;4.81999998783067;483;1 A;
205.221241481866;-1.099853515625;-0.13604736328125;4.82999998780542;484;1 A;
205.231241481841;-1.0992431640625;-0.13604736328125;4.83999998778017;485;1 A;
205.241241481816;-1.099853515625;-0.13580322265625;4.84999998775493;486;1 A;
205.25124148179;-1.09954833984375;-0.1357421875;4.85999998772968;487;1 A;
205.261241481765;-1.09954833984375;-0.135589599609375;4.86999998770443;488;1 A;
205.27124148174;-1.0992431640625;-0.135498046875;4.87999998767918;489;1 A;
205.281241481715;-1.0992431640625;-0.135406494140625;4.88999998765394;490;1 A;
205.291241481689;-1.099853515625;-0.13531494140625;4.89999998762869;491;1 A;
205.301241481664;-1.09954833984375;-0.135162353515625;4.90999998760344;492;1 A;
205.311241481639;-1.0992431640625;-0.135101318359375;4.91999998757819;493;1 A;
205.321241481614;-1.09954833984375;-0.134918212890625;4.92999998755295;494;1 A;
205.331241481588;-1.0992431640625;-0.1348876953125;4.9399999875277;495;1 A;
205.341241481563;-1.0992431640625;-0.134735107421875;4.94999998750245;496;1 A;
205.351241481538;-1.09954833984375;-0.134674072265625;4.9599999874772;497;1 A;
205.361241481513;-1.099853515625;-0.134490966796875;4.96999998745196;498;1 A;
205.371241481487;-1.09954833984375;-0.1343994140625;4.97999998742671;499;1 A;
205.381241481462;-1.09893798828125;-0.13433837890625;4.98999998740146;500;1 A;
205.391241481437;-1.09954833984375;-0.13421630859375;4.99999998737621;501;1 A;
205.401241481412;-1.0992431640625;-0.13409423828125;5.00999998735097;502;1 A;
205.411241481386;-1.0992431640625;-0.133941650390625;5.01999998732572;503;1 A;
205.421241481361;-1.0992431640625;-0.13385009765625;5.02999998730047;504;1 A;
205.431241481336;-1.09954833984375;-0.133758544921875;5.03999998727522;505;1 A;
205.441241481311;-1.09954833984375;-0.1336669921875;5.04999998724998;506;1 A;
205.451241481285;-1.09954833984375;-0.133575439453125;5.05999998722473;507;1 A;
205.46124148126;-1.09954833984375;-0.133453369140625;5.06999998719948;508;1 A;
205.471241481235;-1.0992431640625;-0.13330078125;5.07999998717423;509;1 A;
205.48124148121;-1.0992431640625;-0.133270263671875;5.08999998714899;510;1 A;
205.491241481184;-1.0992431640625;-0.133087158203125;5.09999998712374;511;1 A;
205.501241481159;-1.09954833984375;-0.133056640625;5.10999998709849;512;1 A;
205.511241481134;-1.09954833984375;-0.13287353515625;5.11999998707324;513;1 A;
205.521241481109;-1.099853515625;-0.132781982421875;5.129999987048;514;1 A;
205.531241481083;-1.09954833984375;-0.13262939453125;5.13999998702275;515;1 A;
205.541241481058;-1.09893798828125;-0.132598876953125;5.1499999869975;516;1 A;
205.551241481033;-1.09954833984375;-0.13250732421875;5.15999998697225;517;1 A;
205.561241481008;-1.0992431640625;-0.1324462890625;5.169999986947;518;1 A;
205.571241480983;-1.09954833984375;-0.132293701171875;5.17999998692176;519;1 A;
205.581241480957;-1.0992431640625;-0.13226318359375;5.18999998689651;520;1 A;
205.591241480932;-1.09954833984375;-0.132110595703125;5.19999998687126;521;1 A;
205.601241480907;-1.09954833984375;-0.132080078125;5.20999998684601;522;1 A;
205.611241480882;-1.0992431640625;-0.1319580078125;5.21999998682077;523;1 A;
205.621241480856;-1.0992431640625;-0.131866455078125;5.22999998679552;524;1 A;
205.631241480831;-1.0992431640625;-0.131744384765625;5.23999998677027;525;1 A;
205.641241480806;-1.09954833984375;-0.13165283203125;5.24999998674502;526;1 A;
205.651241480781;-1.099853515625;-0.131561279296875;5.25999998671978;527;1 A;
205.661241480755;-1.0992431640625;-0.1314697265625;5.26999998669453;528;1 A;
205.67124148073;-1.0992431640625;-0.131378173828125;5.27999998666928;529;1 A;
205.681241480705;-1.0992431640625;-0.131256103515625;5.28999998664403;530;1 A;
205.69124148068;-1.09954833984375;-0.131195068359375;5.29999998661879;531;1 A;
205.701241480654;-1.099853515625;-0.131072998046875;5.30999998659354;532;1 A;
205.711241480629;-1.09954833984375;-0.13104248046875;5.31999998656829;533;1 A;
205.721241480604;-1.10015869140625;-0.130859375;5.32999998654304;534;1 A;
205.731241480579;-1.09954833984375;-0.130828857421875;5.3399999865178;535;1 A;
205.741241480553;-1.099853515625;-0.13067626953125;5.34999998649255;536;1 A;
205.751241480528;-1.09893798828125;-0.13067626953125;5.3599999864673;537;1 A;
205.761241480503;-1.0992431640625;-0.13055419921875;5.36999998644205;538;1 A;
205.771241480478;-1.0992431640625;-0.130462646484375;5.37999998641681;539;1 A;
205.781241480452;-1.09954833984375;-0.13031005859375;5.38999998639156;540;1 A;
205.791241480427;-1.09954833984375;-0.130279541015625;5.39999998636631;541;1 A;
205.801241480402;-1.10015869140625;-0.130126953125;5.40999998634106;542;1 A;
205.811241480377;-1.09954833984375;-0.130126953125;5.41999998631582;543;1 A;
205.821241480351;-1.0992431640625;-0.12994384765625;5.42999998629057;544;1 A;
205.831241480326;-1.09954833984375;-0.129913330078125;5.43999998626532;545;1 A;
205.841241480301;-1.099853515625;-0.129791259765625;5.44999998624007;546;1 A;
205.851241480276;-1.0992431640625;-0.129730224609375;5.45999998621483;547;1 A;
205.86124148025;-1.09954833984375;-0.129638671875;5.46999998618958;548;1 A;
205.871241480225;-1.10015869140625;-0.1295166015625;5.47999998616433;549;1 A;
205.8812414802;-1.10015869140625;-0.12945556640625;5.48999998613908;550;1 A;
205.891241480175;-1.09954833984375;-0.12933349609375;5.49999998611383;551;1 A;
205.901241480149;-1.09954833984375;-0.1292724609375;5.50999998608859;552;1 A;
205.911241480124;-1.09954833984375;-0.129180908203125;5.51999998606334;553;1 A;
205.921241480099;-1.099853515625;-0.129058837890625;5.52999998603809;554;1 A;
205.931241480074;-1.0992431640625;-0.128997802734375;5.53999998601284;555;1 A;
205.941241480048;-1.09954833984375;-0.12890625;5.5499999859876;556;1 A;
205.951241480023;-1.099853515625;-0.128753662109375;5.55999998596235;557;1 A;
205.961241479998;-1.0992431640625;-0.128753662109375;5.5699999859371;558;1 A;
205.971241479973;-1.0992431640625;-0.128631591796875;5.57999998591185;559;1 A;
205.981241479947;-1.09954833984375;-0.128631591796875;5.58999998588661;560;1 A;
205.991241479922;-1.0992431640625;-0.128509521484375;5.59999998586136;561;1 A;
206.001241479897;-1.09954833984375;-0.12841796875;5.60999998583611;562;1 A;
206.011241479872;-1.09954833984375;-0.128326416015625;5.61999998581086;563;1 A;
206.021241479846;-1.09954833984375;-0.12823486328125;5.62999998578562;564;1 A;
206.031241479821;-1.09954833984375;-0.128143310546875;5.63999998576037;565;1 A;
206.041241479796;-1.09954833984375;-0.12811279296875;5.64999998573512;566;1 A;
206.051241479771;-1.0992431640625;-0.127899169921875;5.65999998570987;567;1 A;
206.061241479745;-1.0992431640625;-0.127899169921875;5.66999998568463;568;1 A;
206.07124147972;-1.0992431640625;-0.127716064453125;5.67999998565938;569;1 A;
206.081241479695;-1.0992431640625;-0.127716064453125;5.68999998563413;570;1 A;
206.09124147967;-1.09954833984375;-0.12762451171875;5.69999998560888;571;1 A;
206.101241479644;-1.0992431640625;-0.127532958984375;5.70999998558364;572;1 A;
206.111241479619;-1.10015869140625;-0.12750244140625;5.71999998555839;573;1 A;
206.121241479594;-1.0992431640625;-0.127410888671875;5.72999998553314;574;1 A;
206.131241479569;-1.09954833984375;-0.12738037109375;5.73999998550789;575;1 A;
206.141241479543;-1.09954833984375;-0.1273193359375;5.74999998548265;576;1 A;
206.151241479518;-1.099853515625;-0.127197265625;5.7599999854574;577;1 A;
206.161241479493;-1.0992431640625;-0.12713623046875;5.76999998543215;578;1 A;
206.171241479468;-1.09954833984375;-0.126983642578125;5.7799999854069;579;1 A;
206.181241479442;-1.10015869140625;-0.126922607421875;5.78999998538166;580;1 A;
206.191241479417;-1.0992431640625;-0.126861572265625;5.79999998535641;581;1 A;
206.201241479392;-1.09954833984375;-0.126708984375;5.80999998533116;582;1 A;
206.211241479367;-1.09954833984375;-0.126708984375;5.81999998530591;583;1 A;
206.221241479341;-1.09954833984375;-0.126556396484375;5.82999998528066;584;1 A;
206.231241479316;-1.0992431640625;-0.126556396484375;5.83999998525542;585;1 A;
206.241241479291;-1.09954833984375;-0.12646484375;5.84999998523017;586;1 A;
206.251241479266;-1.09954833984375;-0.12640380859375;5.85999998520492;587;1 A;
206.26124147924;-1.09954833984375;-0.1263427734375;5.86999998517967;588;1 A;
206.271241479215;-1.099853515625;-0.126251220703125;5.87999998515443;589;1 A;
206.28124147919;-1.0992431640625;-0.126190185546875;5.88999998512918;590;1 A;
206.291241479165;-1.0992431640625;-0.12615966796875;5.89999998510393;591;1 A;
206.301241479139;-1.09954833984375;-0.12603759765625;5.90999998507868;592;1 A;
206.311241479114;-1.09954833984375;-0.12603759765625;5.91999998505344;593;1 A;
206.321241479089;-1.0992431640625;-0.1258544921875;5.92999998502819;594;1 A;
206.331241479064;-1.0992431640625;-0.125823974609375;5.93999998500294;595;1 A;
206.341241479038;-1.099853515625;-0.125732421875;5.94999998497769;596;1 A;
206.351241479013;-1.09954833984375;-0.125640869140625;5.95999998495245;597;1 A;
206.361241478988;-1.099853515625;-0.12554931640625;5.9699999849272;598;1 A;
206.371241478963;-1.09954833984375;-0.125457763671875;5.97999998490195;599;1 A;
206.381241478937;-1.099853515625;-0.125396728515625;5.9899999848767;600;1 A;
206.391241478912;-1.10015869140625;-0.125335693359375;5.99999998485146;601;1 A;
206.401241478887;-1.09954833984375;-0.125274658203125;6.00999998482621;602;1 A;
206.411241478862;-1.0992431640625;-0.125244140625;6.01999998480096;603;1 A;
206.421241478836;-1.099853515625;-0.125152587890625;6.02999998477571;604;1 A;
206.431241478811;-1.09954833984375;-0.1251220703125;6.03999998475047;605;1 A;
206.441241478786;-1.0992431640625;-0.12506103515625;6.04999998472522;606;1 A;
206.451241478761;-1.09954833984375;-0.124969482421875;6.05999998469997;607;1 A;
206.461241478735;-1.0992431640625;-0.12493896484375;6.06999998467472;608;1 A;
206.47124147871;-1.0992431640625;-0.124786376953125;6.07999998464948;609;1 A;
206.481241478685;-1.099853515625;-0.124755859375;6.08999998462423;610;1 A;
206.49124147866;-1.0992431640625;-0.1246337890625;6.09999998459898;611;1 A;
206.501241478634;-1.0992431640625;-0.12457275390625;6.10999998457373;612;1 A;
206.511241478609;-1.10015869140625;-0.124481201171875;6.11999998454849;613;1 A;
206.521241478584;-1.09954833984375;-0.124420166015625;6.12999998452324;614;1 A;
206.531241478559;-1.09954833984375;-0.12432861328125;6.13999998449799;615;1 A;
206.541241478533;-1.09954833984375;-0.124298095703125;6.14999998447274;616;1 A;
206.551241478508;-1.09954833984375;-0.124237060546875;6.1599999844475;617;1 A;
206.561241478483;-1.09954833984375;-0.12420654296875;6.16999998442225;618;1 A;
206.571241478458;-1.0992431640625;-0.12408447265625;6.179999984397;619;1 A;
206.581241478433;-1.09954833984375;-0.12408447265625;6.18999998437175;620;1 A;
206.591241478407;-1.09954833984375;-0.123992919921875;6.1999999843465;621;1 A;
206.601241478382;-1.09954833984375;-0.123931884765625;6.20999998432126;622;1 A;
206.611241478357;-1.0992431640625;-0.123870849609375;6.21999998429601;623;1 A;
206.621241478332;-1.09954833984375;-0.123779296875;6.22999998427076;624;1 A;
206.631241478306;-1.09893798828125;-0.12371826171875;6.23999998424551;625;1 A;
206.641241478281;-1.0992431640625;-0.1236572265625;6.24999998422027;626;1 A;
206.651241478256;-1.09954833984375;-0.12359619140625;6.25999998419502;627;1 A;
206.661241478231;-1.09954833984375;-0.12353515625;6.26999998416977;628;1 A;
206.671241478205;-1.0992431640625;-0.123443603515625;6.27999998414452;629;1 A;
206.68124147818;-1.09893798828125;-0.1234130859375;6.28999998411928;630;1 A;
206.691241478155;-1.09954833984375;-0.12335205078125;6.29999998409403;631;1 A;
206.70124147813;-1.09954833984375;-0.123260498046875;6.30999998406878;632;1 A;
206.711241478104;-1.099853515625;-0.123260498046875;6.31999998404353;633;1 A;
206.721241478079;-1.09954833984375;-0.123138427734375;6.32999998401829;634;1 A;
206.731241478054;-1.0992431640625;-0.123138427734375;6.33999998399304;635;1 A;
206.741241478029;-1.09954833984375;-0.123016357421875;6.34999998396779;636;1 A;
206.751241478003;-1.0992431640625;-0.12298583984375;6.35999998394254;637;1 A;
206.761241477978;-1.09954833984375;-0.122894287109375;6.3699999839173;638;1 A;
206.771241477953;-1.09893798828125;-0.122833251953125;6.37999998389205;639;1 A;
206.781241477928;-1.09954833984375;-0.122772216796875;6.3899999838668;640;1 A;
206.791241477902;-1.09954833984375;-0.122711181640625;6.39999998384155;641;1 A;
206.801241477877;-1.10015869140625;-0.122650146484375;6.40999998381631;642;1 A;
206.811241477852;-1.099853515625;-0.12261962890625;6.41999998379106;643;1 A;
206.821241477827;-1.09954833984375;-0.12249755859375;6.42999998376581;644;1 A;
206.831241477801;-1.09954833984375;-0.122467041015625;6.43999998374056;645;1 A;
206.841241477776;-1.09954833984375;-0.1224365234375;6.44999998371532;646;1 A;
206.851241477751;-1.09954833984375;-0.122344970703125;6.45999998369007;647;1 A;
206.861241477726;-1.099853515625;-0.122314453125;6.46999998366482;648;1 A;
206.8712414777;-1.09954833984375;-0.1221923828125;6.47999998363957;649;1 A;
206.881241477675;-1.1004638671875;-0.1221923828125;6.48999998361433;650;1 A;
206.89124147765;-1.09954833984375;-0.12213134765625;6.49999998358908;651;1 A;
206.901241477625;-1.0992431640625;-0.1220703125;6.50999998356383;652;1 A;
206.911241477599;-1.0992431640625;-0.12200927734375;6.51999998353858;653;1 A;
206.921241477574;-1.09954833984375;-0.1219482421875;6.52999998351333;654;1 A;
206.931241477549;-1.09954833984375;-0.12188720703125;6.53999998348809;655;1 A;
206.941241477524;-1.0992431640625;-0.121856689453125;6.54999998346284;656;1 A;
206.951241477498;-1.09954833984375;-0.12176513671875;6.55999998343759;657;1 A;
206.961241477473;-1.09954833984375;-0.121734619140625;6.56999998341234;658;1 A;
206.971241477448;-1.09954833984375;-0.121612548828125;6.5799999833871;659;1 A;
206.981241477423;-1.09954833984375;-0.121612548828125;6.58999998336185;660;1 A;
206.991241477397;-1.099853515625;-0.121551513671875;6.5999999833366;661;1 A;
207.001241477372;-1.0992431640625;-0.121490478515625;6.60999998331135;662;1 A;
207.011241477347;-1.1004638671875;-0.1214599609375;6.61999998328611;663;1 A;
207.021241477322;-1.0992431640625;-0.12139892578125;6.62999998326086;664;1 A;
207.031241477296;-1.0992431640625;-0.121368408203125;6.63999998323561;665;1 A;
207.041241477271;-1.09954833984375;-0.121337890625;6.64999998321036;666;1 A;
207.051241477246;-1.099853515625;-0.12127685546875;6.65999998318512;667;1 A;
207.061241477221;-1.0992431640625;-0.1212158203125;6.66999998315987;668;1 A;
207.071241477195;-1.09954833984375;-0.12115478515625;6.67999998313462;669;1 A;
207.08124147717;-1.09954833984375;-0.12109375;6.68999998310937;670;1 A;
207.091241477145;-1.09893798828125;-0.121063232421875;6.69999998308413;671;1 A;
207.10124147712;-1.09954833984375;-0.1209716796875;6.70999998305888;672;1 A;
207.111241477094;-1.09954833984375;-0.121002197265625;6.71999998303363;673;1 A;
207.121241477069;-1.099853515625;-0.120849609375;6.72999998300838;674;1 A;
207.131241477044;-1.10015869140625;-0.120880126953125;6.73999998298314;675;1 A;
207.141241477019;-1.09954833984375;-0.120819091796875;6.74999998295789;676;1 A;
207.151241476993;-1.099853515625;-0.12078857421875;6.75999998293264;677;1 A;
207.161241476968;-1.09954833984375;-0.120758056640625;6.76999998290739;678;1 A;
207.171241476943;-1.0992431640625;-0.120697021484375;6.77999998288215;679;1 A;
207.181241476918;-1.0992431640625;-0.120635986328125;6.7899999828569;680;1 A;
207.191241476892;-1.09954833984375;-0.12066650390625;6.79999998283165;681;1 A;
207.201241476867;-1.09954833984375;-0.12054443359375;6.8099999828064;682;1 A;
207.211241476842;-1.0992431640625;-0.120574951171875;6.81999998278116;683;1 A;
207.221241476817;-1.09954833984375;-0.12042236328125;6.82999998275591;684;1 A;
207.231241476791;-1.099853515625;-0.120391845703125;6.83999998273066;685;1 A;
207.241241476766;-1.09954833984375;-0.120361328125;6.84999998270541;686;1 A;
207.251241476741;-1.09893798828125;-0.12030029296875;6.85999998268016;687;1 A;
207.261241476716;-1.0992431640625;-0.12030029296875;6.86999998265492;688;1 A;
207.27124147669;-1.09954833984375;-0.120208740234375;6.87999998262967;689;1 A;
207.281241476665;-1.09954833984375;-0.12017822265625;6.88999998260442;690;1 A;
207.29124147664;-1.099853515625;-0.12017822265625;6.89999998257917;691;1 A;
207.301241476615;-1.0992431640625;-0.1201171875;6.90999998255393;692;1 A;
207.311241476589;-1.099853515625;-0.1201171875;6.91999998252868;693;1 A;
207.321241476564;-1.099853515625;-0.120025634765625;6.92999998250343;694;1 A;
207.331241476539;-1.099853515625;-0.1199951171875;6.93999998247818;695;1 A;
207.341241476514;-1.09893798828125;-0.1199951171875;6.94999998245294;696;1 A;
207.351241476488;-1.09954833984375;-0.119903564453125;6.95999998242769;697;1 A;
207.361241476463;-1.09893798828125;-0.11993408203125;6.96999998240244;698;1 A;
207.371241476438;-1.099853515625;-0.11981201171875;6.97999998237719;699;1 A;
207.381241476413;-1.09893798828125;-0.119842529296875;6.98999998235195;700;1 A;
207.391241476387;-1.0992431640625;-0.1197509765625;6.9999999823267;701;1 A;
207.401241476362;-1.09954833984375;-0.1197509765625;7.00999998230145;702;1 A;
207.411241476337;-1.09954833984375;-0.119720458984375;7.0199999822762;703;1 A;
207.421241476312;-1.09954833984375;-0.119659423828125;7.02999998225096;704;1 A;
207.431241476286;-1.09893798828125;-0.119598388671875;7.03999998222571;705;1 A;
207.441241476261;-1.099853515625;-0.119598388671875;7.04999998220046;706;1 A;
207.451241476236;-1.099853515625;-0.1195068359375;7.05999998217521;707;1 A;
207.461241476211;-1.09954833984375;-0.119537353515625;7.06999998214997;708;1 A;
207.471241476185;-1.09954833984375;-0.119415283203125;7.07999998212472;709;1 A;
207.48124147616;-1.09893798828125;-0.11944580078125;7.08999998209947;710;1 A;
207.491241476135;-1.0992431640625;-0.119384765625;7.09999998207422;711;1 A;
207.50124147611;-1.099853515625;-0.119354248046875;7.10999998204898;712;1 A;
207.511241476084;-1.099853515625;-0.11932373046875;7.11999998202373;713;1 A;
207.521241476059;-1.10015869140625;-0.119232177734375;7.12999998199848;714;1 A;
207.531241476034;-1.09954833984375;-0.1192626953125;7.13999998197323;715;1 A;
207.541241476009;-1.099853515625;-0.11920166015625;7.14999998194799;716;1 A;
207.551241475983;-1.099853515625;-0.119171142578125;7.15999998192274;717;1 A;
207.561241475958;-1.09954833984375;-0.119140625;7.16999998189749;718;1 A;
207.571241475933;-1.09954833984375;-0.119049072265625;7.17999998187224;719;1 A;
207.581241475908;-1.0992431640625;-0.1190185546875;7.189999981847;720;1 A;
207.591241475882;-1.0992431640625;-0.1190185546875;7.19999998182175;721;1 A;
207.601241475857;-1.09954833984375;-0.118896484375;7.2099999817965;722;1 A;
207.611241475832;-1.0992431640625;-0.11895751953125;7.21999998177125;723;1 A;
207.621241475807;-1.09954833984375;-0.118804931640625;7.229999981746;724;1 A;
207.631241475782;-1.0992431640625;-0.11883544921875;7.23999998172076;725;1 A;
207.641241475756;-1.0992431640625;-0.118743896484375;7.24999998169551;726;1 A;
207.651241475731;-1.09954833984375;-0.1187744140625;7.25999998167026;727;1 A;
207.661241475706;-1.0986328125;-0.11871337890625;7.26999998164501;728;1 A;
207.671241475681;-1.09954833984375;-0.118682861328125;7.27999998161977;729;1 A;
207.681241475655;-1.099853515625;-0.11865234375;7.28999998159452;730;1 A;
207.69124147563;-1.0992431640625;-0.11865234375;7.29999998156927;731;1 A;
207.701241475605;-1.09954833984375;-0.1185302734375;7.30999998154402;732;1 A;
207.71124147558;-1.10015869140625;-0.118560791015625;7.31999998151878;733;1 A;
207.721241475554;-1.0992431640625;-0.118408203125;7.32999998149353;734;1 A;
207.731241475529;-1.099853515625;-0.118438720703125;7.33999998146828;735;1 A;
207.741241475504;-1.099853515625;-0.11834716796875;7.34999998144303;736;1 A;
207.751241475479;-1.099853515625;-0.1182861328125;7.35999998141779;737;1 A;
207.761241475453;-1.099853515625;-0.118255615234375;7.36999998139254;738;1 A;
207.771241475428;-1.09954833984375;-0.1181640625;7.37999998136729;739;1 A;
207.781241475403;-1.0992431640625;-0.118194580078125;7.38999998134204;740;1 A;
207.791241475378;-1.09893798828125;-0.118133544921875;7.3999999813168;741;1 A;
207.801241475352;-1.0992431640625;-0.118133544921875;7.40999998129155;742;1 A;
207.811241475327;-1.09954833984375;-0.11810302734375;7.4199999812663;743;1 A;
207.821241475302;-1.09954833984375;-0.1180419921875;7.42999998124105;744;1 A;
207.831241475277;-1.09954833984375;-0.118011474609375;7.43999998121581;745;1 A;
207.841241475251;-1.09954833984375;-0.118011474609375;7.44999998119056;746;1 A;
207.851241475226;-1.09954833984375;-0.117919921875;7.45999998116531;747;1 A;
207.861241475201;-1.0992431640625;-0.117919921875;7.46999998114006;748;1 A;
207.871241475176;-1.09954833984375;-0.117767333984375;7.47999998111482;749;1 A;
207.88124147515;-1.099853515625;-0.117828369140625;7.48999998108957;750;1 A;
207.891241475125;-1.09954833984375;-0.117706298828125;7.49999998106432;751;1 A;
207.9012414751;-1.099853515625;-0.117706298828125;7.50999998103907;752;1 A;
207.911241475075;-1.099853515625;-0.11761474609375;7.51999998101383;753;1 A;
207.921241475049;-1.09954833984375;-0.11761474609375;7.52999998098858;754;1 A;
207.931241475024;-1.0992431640625;-0.117584228515625;7.53999998096333;755;1 A;
207.941241474999;-1.09954833984375;-0.117584228515625;7.54999998093808;756;1 A;
207.951241474974;-1.099853515625;-0.11749267578125;7.55999998091283;757;1 A;
207.961241474948;-1.0992431640625;-0.117523193359375;7.56999998088759;758;1 A;
207.971241474923;-1.09893798828125;-0.117431640625;7.57999998086234;759;1 A;
207.981241474898;-1.0992431640625;-0.117431640625;7.58999998083709;760;1 A;
207.991241474873;-1.09954833984375;-0.11737060546875;7.59999998081184;761;1 A;
208.001241474847;-1.0992431640625;-0.117340087890625;7.6099999807866;762;1 A;
208.011241474822;-1.099853515625;-0.117279052734375;7.61999998076135;763;1 A;
208.021241474797;-1.0992431640625;-0.1171875;7.6299999807361;764;1 A;
208.031241474772;-1.09893798828125;-0.1171875;7.63999998071085;765;1 A;
208.041241474746;-1.0992431640625;-0.117095947265625;7.64999998068561;766;1 A;
208.051241474721;-1.099853515625;-0.1170654296875;7.65999998066036;767;1 A;
208.061241474696;-1.0992431640625;-0.11700439453125;7.66999998063511;768;1 A;
208.071241474671;-1.09954833984375;-0.116943359375;7.67999998060986;769;1 A;
208.081241474645;-1.0992431640625;-0.11688232421875;7.68999998058462;770;1 A;
208.09124147462;-1.09954833984375;-0.116943359375;7.69999998055937;771;1 A;
208.101241474595;-1.09954833984375;-0.116851806640625;7.70999998053412;772;1 A;
208.11124147457;-1.09954833984375;-0.116912841796875;7.71999998050887;773;1 A;
208.121241474544;-1.0992431640625;-0.11676025390625;7.72999998048363;774;1 A;
208.131241474519;-1.0992431640625;-0.116790771484375;7.73999998045838;775;1 A;
208.141241474494;-1.09954833984375;-0.11669921875;7.74999998043313;776;1 A;
208.151241474469;-1.09954833984375;-0.11669921875;7.75999998040788;777;1 A;
208.161241474443;-1.09954833984375;-0.116607666015625;7.76999998038264;778;1 A;
208.171241474418;-1.099853515625;-0.1165771484375;7.77999998035739;779;1 A;
208.181241474393;-1.099853515625;-0.116485595703125;7.78999998033214;780;1 A;
208.191241474368;-1.0992431640625;-0.116485595703125;7.79999998030689;781;1 A;
208.201241474342;-1.0992431640625;-0.11639404296875;7.80999998028165;782;1 A;
208.211241474317;-1.09954833984375;-0.116424560546875;7.8199999802564;783;1 A;
208.221241474292;-1.0992431640625;-0.116302490234375;7.82999998023115;784;1 A;
208.231241474267;-1.0992431640625;-0.116302490234375;7.8399999802059;785;1 A;
208.241241474241;-1.0992431640625;-0.11627197265625;7.84999998018066;786;1 A;
208.251241474216;-1.09954833984375;-0.1162109375;7.85999998015541;787;1 A;
208.261241474191;-1.09954833984375;-0.116241455078125;7.86999998013016;788;1 A;
208.271241474166;-1.099853515625;-0.116119384765625;7.87999998010491;789;1 A;
208.28124147414;-1.099853515625;-0.116119384765625;7.88999998007966;790;1 A;
208.291241474115;-1.10015869140625;-0.116058349609375;7.89999998005442;791;1 A;
208.30124147409;-1.09893798828125;-0.11602783203125;7.90999998002917;792;1 A;
208.311241474065;-1.10015869140625;-0.115966796875;7.91999998000392;793;1 A;
208.321241474039;-1.099853515625;-0.11590576171875;7.92999997997867;794;1 A;
208.331241474014;-1.0992431640625;-0.115814208984375;7.93999997995343;795;1 A;
208.341241473989;-1.0992431640625;-0.115814208984375;7.94999997992818;796;1 A;
208.351241473964;-1.0992431640625;-0.11572265625;7.95999997990293;797;1 A;
208.361241473938;-1.09954833984375;-0.11578369140625;7.96999997987768;798;1 A;
208.371241473913;-1.09954833984375;-0.115631103515625;7.97999997985244;799;1 A;
208.381241473888;-1.09954833984375;-0.11566162109375;7.98999997982719;800;1 A;
208.391241473863;-1.09954833984375;-0.115570068359375;7.99999997980194;801;1 A;
208.401241473837;-1.09954833984375;-0.1156005859375;8.00999997977669;802;1 A;
208.411241473812;-1.09954833984375;-0.11553955078125;8.01999997975145;803;1 A;
208.421241473787;-1.09954833984375;-0.115509033203125;8.0299999797262;804;1 A;
208.431241473762;-1.09954833984375;-0.115447998046875;8.03999997970095;805;1 A;
208.441241473736;-1.09954833984375;-0.11541748046875;8.0499999796757;806;1 A;
208.451241473711;-1.0992431640625;-0.1153564453125;8.05999997965046;807;1 A;
208.461241473686;-1.09954833984375;-0.115325927734375;8.06999997962521;808;1 A;
208.471241473661;-1.09954833984375;-0.115234375;8.07999997959996;809;1 A;
208.481241473635;-1.09954833984375;-0.115203857421875;8.08999997957471;810;1 A;
208.49124147361;-1.09954833984375;-0.11517333984375;8.09999997954947;811;1 A;
208.501241473585;-1.09954833984375;-0.1151123046875;8.10999997952422;812;1 A;
208.51124147356;-1.0992431640625;-0.1151123046875;8.11999997949897;813;1 A;
208.521241473534;-1.099853515625;-0.115020751953125;8.12999997947372;814;1 A;
208.531241473509;-1.09954833984375;-0.11505126953125;8.13999997944848;815;1 A;
208.541241473484;-1.09954833984375;-0.114959716796875;8.14999997942323;816;1 A;
208.551241473459;-1.09954833984375;-0.114959716796875;8.15999997939798;817;1 A;
208.561241473433;-1.09954833984375;-0.11492919921875;8.16999997937273;818;1 A;
208.571241473408;-1.0992431640625;-0.114898681640625;8.17999997934749;819;1 A;
208.581241473383;-1.09954833984375;-0.114837646484375;8.18999997932224;820;1 A;
208.591241473358;-1.099853515625;-0.114837646484375;8.19999997929699;821;1 A;
208.601241473332;-1.09954833984375;-0.11468505859375;8.20999997927174;822;1 A;
208.611241473307;-1.0992431640625;-0.11474609375;8.2199999792465;823;1 A;
208.621241473282;-1.09954833984375;-0.114593505859375;8.22999997922125;824;1 A;
208.631241473257;-1.09954833984375;-0.1146240234375;8.239999979196;825;1 A;
208.641241473232;-1.09954833984375;-0.11456298828125;8.24999997917075;826;1 A;
208.651241473206;-1.0992431640625;-0.114501953125;8.2599999791455;827;1 A;
208.661241473181;-1.09954833984375;-0.114501953125;8.26999997912026;828;1 A;
208.671241473156;-1.0992431640625;-0.11444091796875;8.27999997909501;829;1 A;
208.681241473131;-1.09954833984375;-0.114410400390625;8.28999997906976;830;1 A;
208.691241473105;-1.09893798828125;-0.114410400390625;8.29999997904451;831;1 A;
208.70124147308;-1.0992431640625;-0.11431884765625;8.30999997901927;832;1 A;
208.711241473055;-1.099853515625;-0.11431884765625;8.31999997899402;833;1 A;
208.72124147303;-1.09954833984375;-0.114227294921875;8.32999997896877;834;1 A;
208.731241473004;-1.099853515625;-0.11419677734375;8.33999997894352;835;1 A;
208.741241472979;-1.0992431640625;-0.11419677734375;8.34999997891828;836;1 A;
208.751241472954;-1.09893798828125;-0.11407470703125;8.35999997889303;837;1 A;
208.761241472929;-1.09954833984375;-0.1141357421875;8.36999997886778;838;1 A;
208.771241472903;-1.10015869140625;-0.113983154296875;8.37999997884253;839;1 A;
208.781241472878;-1.0992431640625;-0.114013671875;8.38999997881729;840;1 A;
208.791241472853;-1.099853515625;-0.113983154296875;8.39999997879204;841;1 A;
208.801241472828;-1.09893798828125;-0.113922119140625;8.40999997876679;842;1 A;
208.811241472802;-1.09893798828125;-0.1138916015625;8.41999997874154;843;1 A;
208.821241472777;-1.09954833984375;-0.11383056640625;8.4299999787163;844;1 A;
208.831241472752;-1.09954833984375;-0.113800048828125;8.43999997869105;845;1 A;
208.841241472727;-1.099853515625;-0.11383056640625;8.4499999786658;846;1 A;
208.851241472701;-1.0992431640625;-0.113677978515625;8.45999997864055;847;1 A;
208.861241472676;-1.09954833984375;-0.113739013671875;8.46999997861531;848;1 A;
208.871241472651;-1.09893798828125;-0.11358642578125;8.47999997859006;849;1 A;
208.881241472626;-1.099853515625;-0.113616943359375;8.48999997856481;850;1 A;
208.8912414726;-1.09954833984375;-0.11358642578125;8.49999997853956;851;1 A;
208.901241472575;-1.09954833984375;-0.113494873046875;8.50999997851432;852;1 A;
208.91124147255;-1.09954833984375;-0.113494873046875;8.51999997848907;853;1 A;
208.921241472525;-1.099853515625;-0.113372802734375;8.52999997846382;854;1 A;
208.931241472499;-1.0992431640625;-0.1134033203125;8.53999997843857;855;1 A;
208.941241472474;-1.09893798828125;-0.113372802734375;8.54999997841333;856;1 A;
208.951241472449;-1.09954833984375;-0.11334228515625;8.55999997838808;857;1 A;
208.961241472424;-1.09954833984375;-0.11334228515625;8.56999997836283;858;1 A;
208.971241472398;-1.09954833984375;-0.11322021484375;8.57999997833758;859;1 A;
208.981241472373;-1.0992431640625;-0.11322021484375;8.58999997831233;860;1 A;
208.991241472348;-1.09954833984375;-0.113250732421875;8.59999997828709;861;1 A;
209.001241472323;-1.0992431640625;-0.113128662109375;8.60999997826184;862;1 A;
209.011241472297;-1.09893798828125;-0.113189697265625;8.61999997823659;863;1 A;
209.021241472272;-1.09954833984375;-0.113037109375;8.62999997821134;864;1 A;
209.031241472247;-1.099853515625;-0.113128662109375;8.6399999781861;865;1 A;
209.041241472222;-1.0992431640625;-0.113067626953125;8.64999997816085;866;1 A;
209.051241472196;-1.099853515625;-0.113037109375;8.6599999781356;867;1 A;
209.061241472171;-1.0992431640625;-0.11297607421875;8.66999997811035;868;1 A;
209.071241472146;-1.09954833984375;-0.1129150390625;8.67999997808511;869;1 A;
209.081241472121;-1.099853515625;-0.112884521484375;8.68999997805986;870;1 A;
209.091241472095;-1.099853515625;-0.112884521484375;8.69999997803461;871;1 A;
209.10124147207;-1.099853515625;-0.112823486328125;8.70999997800936;872;1 A;
209.111241472045;-1.099853515625;-0.112823486328125;8.71999997798412;873;1 A;
209.12124147202;-1.09954833984375;-0.11273193359375;8.72999997795887;874;1 A;
209.131241471994;-1.09954833984375;-0.11273193359375;8.73999997793362;875;1 A;
209.141241471969;-1.0992431640625;-0.112701416015625;8.74999997790837;876;1 A;
209.151241471944;-1.0992431640625;-0.1126708984375;8.75999997788313;877;1 A;
209.161241471919;-1.09954833984375;-0.112701416015625;8.76999997785788;878;1 A;
209.171241471893;-1.09893798828125;-0.112579345703125;8.77999997783263;879;1 A;
209.181241471868;-1.099853515625;-0.112579345703125;8.78999997780738;880;1 A;
209.191241471843;-1.09954833984375;-0.112518310546875;8.79999997778214;881;1 A;
209.201241471818;-1.09954833984375;-0.112518310546875;8.80999997775689;882;1 A;
209.211241471792;-1.0992431640625;-0.112457275390625;8.81999997773164;883;1 A;
209.221241471767;-1.0992431640625;-0.1124267578125;8.82999997770639;884;1 A;
209.231241471742;-1.099853515625;-0.112335205078125;8.83999997768115;885;1 A;
209.241241471717;-1.09954833984375;-0.11236572265625;8.8499999776559;886;1 A;
209.251241471691;-1.09893798828125;-0.1123046875;8.85999997763065;887;1 A;
209.261241471666;-1.0992431640625;-0.112335205078125;8.8699999776054;888;1 A;
209.271241471641;-1.09954833984375;-0.11224365234375;8.87999997758016;889;1 A;
209.281241471616;-1.09954833984375;-0.11224365234375;8.88999997755491;890;1 A;
209.29124147159;-1.099853515625;-0.1121826171875;8.89999997752966;891;1 A;
209.301241471565;-1.09954833984375;-0.1121826171875;8.90999997750441;892;1 A;
209.31124147154;-1.0992431640625;-0.11212158203125;8.91999997747916;893;1 A;
209.321241471515;-1.09954833984375;-0.112091064453125;8.92999997745392;894;1 A;
209.331241471489;-1.09954833984375;-0.112030029296875;8.93999997742867;895;1 A;
209.341241471464;-1.09954833984375;-0.11199951171875;8.94999997740342;896;1 A;
209.351241471439;-1.09954833984375;-0.111968994140625;8.95999997737817;897;1 A;
209.361241471414;-1.0992431640625;-0.1119384765625;8.96999997735293;898;1 A;
209.371241471388;-1.0992431640625;-0.111907958984375;8.97999997732768;899;1 A;
209.381241471363;-1.0992431640625;-0.11187744140625;8.98999997730243;900;1 A;
209.391241471338;-1.099853515625;-0.11187744140625;8.99999997727718;901;1 A;
209.401241471313;-1.10015869140625;-0.11181640625;9.00999997725194;902;1 A;
209.411241471287;-1.0992431640625;-0.111846923828125;9.01999997722669;903;1 A;
209.421241471262;-1.09954833984375;-0.11175537109375;9.02999997720144;904;1 A;
209.431241471237;-1.0992431640625;-0.111785888671875;9.03999997717619;905;1 A;
209.441241471212;-1.09954833984375;-0.1116943359375;9.04999997715095;906;1 A;
209.451241471186;-1.09893798828125;-0.1116943359375;9.0599999771257;907;1 A;
209.461241471161;-1.10015869140625;-0.111602783203125;9.06999997710045;908;1 A;
209.471241471136;-1.0992431640625;-0.11163330078125;9.0799999770752;909;1 A;
209.481241471111;-1.0992431640625;-0.11151123046875;9.08999997704996;910;1 A;
209.491241471085;-1.0992431640625;-0.111541748046875;9.09999997702471;911;1 A;
209.50124147106;-1.09954833984375;-0.111480712890625;9.10999997699946;912;1 A;
209.511241471035;-1.09954833984375;-0.11151123046875;9.11999997697421;913;1 A;
209.52124147101;-1.09954833984375;-0.111419677734375;9.12999997694897;914;1 A;
209.531241470984;-1.09954833984375;-0.1114501953125;9.13999997692372;915;1 A;
209.541241470959;-1.0992431640625;-0.11138916015625;9.14999997689847;916;1 A;
209.551241470934;-1.09893798828125;-0.11138916015625;9.15999997687322;917;1 A;
209.561241470909;-1.0992431640625;-0.111328125;9.16999997684798;918;1 A;
209.571241470883;-1.1004638671875;-0.111297607421875;9.17999997682273;919;1 A;
209.581241470858;-1.09954833984375;-0.111236572265625;9.18999997679748;920;1 A;
209.591241470833;-1.0992431640625;-0.111236572265625;9.19999997677223;921;1 A;
209.601241470808;-1.0992431640625;-0.1112060546875;9.20999997674699;922;1 A;
209.611241470782;-1.09954833984375;-0.1112060546875;9.21999997672174;923;1 A;
209.621241470757;-1.099853515625;-0.111175537109375;9.22999997669649;924;1 A;
209.631241470732;-1.0992431640625;-0.11114501953125;9.23999997667124;925;1 A;
209.641241470707;-1.099853515625;-0.11114501953125;9.249999976646;926;1 A;
209.651241470681;-1.09954833984375;-0.111083984375;9.25999997662075;927;1 A;
209.661241470656;-1.09954833984375;-0.111114501953125;9.2699999765955;928;1 A;
209.671241470631;-1.0992431640625;-0.11102294921875;9.27999997657025;929;1 A;
209.681241470606;-1.10015869140625;-0.11102294921875;9.289999976545;930;1 A;
209.691241470581;-1.09954833984375;-0.110992431640625;9.29999997651976;931;1 A;
209.701241470555;-1.0992431640625;-0.1109619140625;9.30999997649451;932;1 A;
209.71124147053;-1.099853515625;-0.11090087890625;9.31999997646926;933;1 A;
209.721241470505;-1.09954833984375;-0.11090087890625;9.32999997644401;934;1 A;
209.73124147048;-1.10015869140625;-0.110809326171875;9.33999997641877;935;1 A;
209.741241470454;-1.099853515625;-0.110870361328125;9.34999997639352;936;1 A;
209.751241470429;-1.09954833984375;-0.110748291015625;9.35999997636827;937;1 A;
209.761241470404;-1.09954833984375;-0.110809326171875;9.36999997634302;938;1 A;
209.771241470379;-1.09954833984375;-0.1107177734375;9.37999997631778;939;1 A;
209.781241470353;-1.09954833984375;-0.1107177734375;9.38999997629253;940;1 A;
209.791241470328;-1.09954833984375;-0.110687255859375;9.39999997626728;941;1 A;
209.801241470303;-1.10015869140625;-0.11065673828125;9.40999997624203;942;1 A;
209.811241470278;-1.09954833984375;-0.110687255859375;9.41999997621679;943;1 A;
209.821241470252;-1.0992431640625;-0.110626220703125;9.42999997619154;944;1 A;
209.831241470227;-1.09954833984375;-0.110626220703125;9.43999997616629;945;1 A;
209.841241470202;-1.09954833984375;-0.110595703125;9.44999997614104;946;1 A;
209.851241470177;-1.09954833984375;-0.11053466796875;9.4599999761158;947;1 A;
209.861241470151;-1.09954833984375;-0.11053466796875;9.46999997609055;948;1 A;
209.871241470126;-1.0992431640625;-0.1104736328125;9.4799999760653;949;1 A;
209.881241470101;-1.0992431640625;-0.110443115234375;9.48999997604005;950;1 A;
209.891241470076;-1.10015869140625;-0.1104736328125;9.49999997601481;951;1 A;
209.90124147005;-1.099853515625;-0.110321044921875;9.50999997598956;952;1 A;
209.911241470025;-1.09954833984375;-0.110443115234375;9.51999997596431;953;1 A;
209.92124147;-1.0992431640625;-0.11029052734375;9.52999997593906;954;1 A;
209.931241469975;-1.09954833984375;-0.110382080078125;9.53999997591382;955;1 A;
209.941241469949;-1.09954833984375;-0.110321044921875;9.54999997588857;956;1 A;
209.951241469924;-1.09954833984375;-0.11029052734375;9.55999997586332;957;1 A;
209.961241469899;-1.09954833984375;-0.11029052734375;9.56999997583807;958;1 A;
209.971241469874;-1.10015869140625;-0.1102294921875;9.57999997581283;959;1 A;
209.981241469848;-1.09954833984375;-0.11016845703125;9.58999997578758;960;1 A;
209.991241469823;-1.09954833984375;-0.110198974609375;9.59999997576233;961;1 A;
210.001241469798;-1.09893798828125;-0.11004638671875;9.60999997573708;962;1 A;
210.011241469773;-1.10015869140625;-0.110107421875;9.61999997571183;963;1 A;
210.021241469747;-1.09954833984375;-0.1099853515625;9.62999997568659;964;1 A;
210.031241469722;-1.0992431640625;-0.1099853515625;9.63999997566134;965;1 A;
210.041241469697;-1.0992431640625;-0.1099853515625;9.64999997563609;966;1 A;
210.051241469672;-1.099853515625;-0.10992431640625;9.65999997561084;967;1 A;
210.061241469646;-1.099853515625;-0.1099853515625;9.6699999755856;968;1 A;
210.071241469621;-1.09954833984375;-0.10992431640625;9.67999997556035;969;1 A;
210.081241469596;-1.099853515625;-0.10992431640625;9.6899999755351;970;1 A;
210.091241469571;-1.09893798828125;-0.10992431640625;9.69999997550985;971;1 A;
210.101241469545;-1.09954833984375;-0.10986328125;9.70999997548461;972;1 A;
210.11124146952;-1.0992431640625;-0.109893798828125;9.71999997545936;973;1 A;
210.121241469495;-1.09954833984375;-0.10980224609375;9.72999997543411;974;1 A;
210.13124146947;-1.09954833984375;-0.109771728515625;9.73999997540886;975;1 A;
210.141241469444;-1.09893798828125;-0.10980224609375;9.74999997538362;976;1 A;
210.151241469419;-1.0992431640625;-0.10968017578125;9.75999997535837;977;1 A;
210.161241469394;-1.0992431640625;-0.109771728515625;9.76999997533312;978;1 A;
210.171241469369;-1.099853515625;-0.109649658203125;9.77999997530787;979;1 A;
210.181241469343;-1.09954833984375;-0.109710693359375;9.78999997528263;980;1 A;
210.191241469318;-1.09893798828125;-0.10968017578125;9.79999997525738;981;1 A;
210.201241469293;-1.09954833984375;-0.10968017578125;9.80999997523213;982;1 A;
210.211241469268;-1.099853515625;-0.10968017578125;9.81999997520688;983;1 A;
210.221241469242;-1.09954833984375;-0.109649658203125;9.82999997518164;984;1 A;
210.231241469217;-1.0992431640625;-0.109619140625;9.83999997515639;985;1 A;
210.241241469192;-1.0992431640625;-0.109649658203125;9.84999997513114;986;1 A;
210.251241469167;-1.09954833984375;-0.109527587890625;9.85999997510589;987;1 A;
210.261241469141;-1.09954833984375;-0.109619140625;9.86999997508065;988;1 A;
210.271241469116;-1.0992431640625;-0.109466552734375;9.8799999750554;989;1 A;
210.281241469091;-1.099853515625;-0.1094970703125;9.88999997503015;990;1 A;
210.291241469066;-1.0992431640625;-0.109466552734375;9.8999999750049;991;1 A;
210.30124146904;-1.1004638671875;-0.10943603515625;9.90999997497966;992;1 A;
210.311241469015;-1.0992431640625;-0.109466552734375;9.91999997495441;993;1 A;
210.32124146899;-1.09954833984375;-0.109405517578125;9.92999997492916;994;1 A;
210.331241468965;-1.09954833984375;-0.109405517578125;9.93999997490391;995;1 A;
210.341241468939;-1.0992431640625;-0.109405517578125;9.94999997487866;996;1 A;
210.351241468914;-1.09954833984375;-0.109375;9.95999997485342;997;1 A;
210.361241468889;-1.09954833984375;-0.109405517578125;9.96999997482817;998;1 A;
210.371241468864;-1.0992431640625;-0.10931396484375;9.97999997480292;999;1 A;
210.381241468838;-1.0992431640625;-0.109344482421875;9.98999997477767;1000;1 A;
210.391241468813;-1.09954833984375;-0.109344482421875;9.99999997475243;1001;1 A;
210.401241468788;-1.09954833984375;-0.1092529296875;10.0099999747272;1002;1 A;
210.411241468763;-1.099853515625;-0.109283447265625;10.0199999747019;1003;1 A;
210.421241468737;-1.0992431640625;-0.109161376953125;10.0299999746767;1004;1 A;
210.431241468712;-1.09954833984375;-0.109222412109375;10.0399999746514;1005;1 A;
210.441241468687;-1.09954833984375;-0.109161376953125;10.0499999746262;1006;1 A;
210.451241468662;-1.0992431640625;-0.109161376953125;10.0599999746009;1007;1 A;
210.461241468636;-1.0992431640625;-0.109130859375;10.0699999745757;1008;1 A;
210.471241468611;-1.099853515625;-0.109130859375;10.0799999745504;1009;1 A;
210.481241468586;-1.099853515625;-0.109100341796875;10.0899999745252;1010;1 A;
210.491241468561;-1.09954833984375;-0.109100341796875;10.0999999745;1011;1 A;
210.501241468535;-1.0992431640625;-0.10906982421875;10.1099999744747;1012;1 A;
210.51124146851;-1.099853515625;-0.10906982421875;10.1199999744495;1013;1 A;
210.521241468485;-1.099853515625;-0.1090087890625;10.1299999744242;1014;1 A;
210.53124146846;-1.0992431640625;-0.109039306640625;10.139999974399;1015;1 A;
210.541241468434;-1.0992431640625;-0.108978271484375;10.1499999743737;1016;1 A;
210.551241468409;-1.09954833984375;-0.108978271484375;10.1599999743485;1017;1 A;
210.561241468384;-1.0992431640625;-0.108978271484375;10.1699999743232;1018;1 A;
210.571241468359;-1.0992431640625;-0.108917236328125;10.179999974298;1019;1 A;
210.581241468333;-1.0992431640625;-0.10888671875;10.1899999742727;1020;1 A;
210.591241468308;-1.10015869140625;-0.108856201171875;10.1999999742475;1021;1 A;
210.601241468283;-1.0992431640625;-0.10888671875;10.2099999742222;1022;1 A;
210.611241468258;-1.0992431640625;-0.108856201171875;10.219999974197;1023;1 A;
210.621241468232;-1.09954833984375;-0.10882568359375;10.2299999741717;1024;1 A;
210.631241468207;-1.09954833984375;-0.108795166015625;10.2399999741465;1025;1 A;
210.641241468182;-1.099853515625;-0.108795166015625;10.2499999741212;1026;1 A;
210.651241468157;-1.09954833984375;-0.108795166015625;10.259999974096;1027;1 A;
210.661241468131;-1.0992431640625;-0.1087646484375;10.2699999740707;1028;1 A;
210.671241468106;-1.09954833984375;-0.108734130859375;10.2799999740455;1029;1 A;
210.681241468081;-1.099853515625;-0.108734130859375;10.2899999740202;1030;1 A;
210.691241468056;-1.09954833984375;-0.108673095703125;10.299999973995;1031;1 A;
210.701241468031;-1.09954833984375;-0.10870361328125;10.3099999739698;1032;1 A;
210.711241468005;-1.0992431640625;-0.108673095703125;10.3199999739445;1033;1 A;
210.72124146798;-1.0992431640625;-0.108642578125;10.3299999739193;1034;1 A;
210.731241467955;-1.09954833984375;-0.108642578125;10.339999973894;1035;1 A;
210.74124146793;-1.0992431640625;-0.108612060546875;10.3499999738688;1036;1 A;
210.751241467904;-1.09954833984375;-0.108612060546875;10.3599999738435;1037;1 A;
210.761241467879;-1.10015869140625;-0.108642578125;10.3699999738183;1038;1 A;
210.771241467854;-1.0992431640625;-0.108612060546875;10.379999973793;1039;1 A;
210.781241467829;-1.0992431640625;-0.108612060546875;10.3899999737678;1040;1 A;
210.791241467803;-1.0992431640625;-0.108612060546875;10.3999999737425;1041;1 A;
210.801241467778;-1.09893798828125;-0.10858154296875;10.4099999737173;1042;1 A;
210.811241467753;-1.09954833984375;-0.10858154296875;10.419999973692;1043;1 A;
210.821241467728;-1.10015869140625;-0.1085205078125;10.4299999736668;1044;1 A;
210.831241467702;-1.099853515625;-0.1085205078125;10.4399999736415;1045;1 A;
210.841241467677;-1.09954833984375;-0.108489990234375;10.4499999736163;1046;1 A;
210.851241467652;-1.0992431640625;-0.108489990234375;10.459999973591;1047;1 A;
210.861241467627;-1.0992431640625;-0.10845947265625;10.4699999735658;1048;1 A;
210.871241467601;-1.0992431640625;-0.108428955078125;10.4799999735405;1049;1 A;
210.881241467576;-1.0992431640625;-0.1083984375;10.4899999735153;1050;1 A;
210.891241467551;-1.1004638671875;-0.108428955078125;10.49999997349;1051;1 A;
210.901241467526;-1.0992431640625;-0.1083984375;10.5099999734648;1052;1 A;
210.9112414675;-1.0992431640625;-0.1083984375;10.5199999734396;1053;1 A;
210.921241467475;-1.099853515625;-0.10833740234375;10.5299999734143;1054;1 A;
210.93124146745;-1.09954833984375;-0.108367919921875;10.5399999733891;1055;1 A;
210.941241467425;-1.099853515625;-0.10833740234375;10.5499999733638;1056;1 A;
210.951241467399;-1.0992431640625;-0.10833740234375;10.5599999733386;1057;1 A;
210.961241467374;-1.099853515625;-0.1082763671875;10.5699999733133;1058;1 A;
210.971241467349;-1.0992431640625;-0.1082763671875;10.5799999732881;1059;1 A;
210.981241467324;-1.0992431640625;-0.1082763671875;10.5899999732628;1060;1 A;
210.991241467298;-1.099853515625;-0.108245849609375;10.5999999732376;1061;1 A;
211.001241467273;-1.099853515625;-0.108245849609375;10.6099999732123;1062;1 A;
211.011241467248;-1.099853515625;-0.10821533203125;10.6199999731871;1063;1 A;
211.021241467223;-1.09954833984375;-0.10821533203125;10.6299999731618;1064;1 A;
211.031241467197;-1.09954833984375;-0.108184814453125;10.6399999731366;1065;1 A;
211.041241467172;-1.09954833984375;-0.10821533203125;10.6499999731113;1066;1 A;
211.051241467147;-1.0992431640625;-0.108154296875;10.6599999730861;1067;1 A;
211.061241467122;-1.0992431640625;-0.108184814453125;10.6699999730608;1068;1 A;
211.071241467096;-1.09954833984375;-0.108123779296875;10.6799999730356;1069;1 A;
211.081241467071;-1.099853515625;-0.108123779296875;10.6899999730103;1070;1 A;
211.091241467046;-1.0992431640625;-0.108123779296875;10.6999999729851;1071;1 A;
211.101241467021;-1.09954833984375;-0.10809326171875;10.7099999729598;1072;1 A;
211.111241466995;-1.09954833984375;-0.108062744140625;10.7199999729346;1073;1 A;
211.12124146697;-1.09954833984375;-0.108062744140625;10.7299999729094;1074;1 A;
211.131241466945;-1.09954833984375;-0.108001708984375;10.7399999728841;1075;1 A;
211.14124146692;-1.099853515625;-0.108062744140625;10.7499999728589;1076;1 A;
211.151241466894;-1.09954833984375;-0.10797119140625;10.7599999728336;1077;1 A;
211.161241466869;-1.09954833984375;-0.108001708984375;10.7699999728084;1078;1 A;
211.171241466844;-1.0992431640625;-0.107940673828125;10.7799999727831;1079;1 A;
211.181241466819;-1.099853515625;-0.107940673828125;10.7899999727579;1080;1 A;
211.191241466793;-1.09954833984375;-0.10797119140625;10.7999999727326;1081;1 A;
211.201241466768;-1.09954833984375;-0.107940673828125;10.8099999727074;1082;1 A;
211.211241466743;-1.0992431640625;-0.107940673828125;10.8199999726821;1083;1 A;
211.221241466718;-1.09893798828125;-0.107879638671875;10.8299999726569;1084;1 A;
211.231241466692;-1.09954833984375;-0.107879638671875;10.8399999726316;1085;1 A;
211.241241466667;-1.0992431640625;-0.10791015625;10.8499999726064;1086;1 A;
211.251241466642;-1.09954833984375;-0.10784912109375;10.8599999725811;1087;1 A;
211.261241466617;-1.099853515625;-0.107818603515625;10.8699999725559;1088;1 A;
211.271241466591;-1.09954833984375;-0.1077880859375;10.8799999725306;1089;1 A;
211.281241466566;-1.099853515625;-0.10772705078125;10.8899999725054;1090;1 A;
211.291241466541;-1.099853515625;-0.107818603515625;10.8999999724801;1091;1 A;
211.301241466516;-1.09954833984375;-0.107696533203125;10.9099999724549;1092;1 A;
211.31124146649;-1.0992431640625;-0.107757568359375;10.9199999724297;1093;1 A;
211.321241466465;-1.099853515625;-0.107666015625;10.9299999724044;1094;1 A;
211.33124146644;-1.099853515625;-0.107666015625;10.9399999723792;1095;1 A;
211.341241466415;-1.09954833984375;-0.10772705078125;10.9499999723539;1096;1 A;
211.351241466389;-1.0992431640625;-0.107696533203125;10.9599999723287;1097;1 A;
211.361241466364;-1.099853515625;-0.107696533203125;10.9699999723034;1098;1 A;
211.371241466339;-1.099853515625;-0.107635498046875;10.9799999722782;1099;1 A;
211.381241466314;-1.099853515625;-0.10760498046875;10.9899999722529;1100;1 A;
211.391241466288;-1.099853515625;-0.107666015625;10.9999999722277;1101;1 A;
211.401241466263;-1.10015869140625;-0.107574462890625;11.0099999722024;1102;1 A;
211.411241466238;-1.09954833984375;-0.107635498046875;11.0199999721772;1103;1 A;
211.421241466213;-1.1004638671875;-0.107513427734375;11.0299999721519;1104;1 A;
211.431241466187;-1.09954833984375;-0.10748291015625;11.0399999721267;1105;1 A;
211.441241466162;-1.099853515625;-0.107513427734375;11.0499999721014;1106;1 A;
211.451241466137;-1.09954833984375;-0.107452392578125;11.0599999720762;1107;1 A;
211.461241466112;-1.09954833984375;-0.1075439453125;11.0699999720509;1108;1 A;
211.471241466086;-1.09954833984375;-0.107452392578125;11.0799999720257;1109;1 A;
211.481241466061;-1.09954833984375;-0.10748291015625;11.0899999720004;1110;1 A;
211.491241466036;-1.0992431640625;-0.10748291015625;11.0999999719752;1111;1 A;
211.501241466011;-1.0992431640625;-0.107452392578125;11.1099999719499;1112;1 A;
211.511241465985;-1.09954833984375;-0.107513427734375;11.1199999719247;1113;1 A;
211.52124146596;-1.0992431640625;-0.107452392578125;11.1299999718995;1114;1 A;
211.531241465935;-1.09954833984375;-0.107421875;11.1399999718742;1115;1 A;
211.54124146591;-1.09954833984375;-0.107452392578125;11.149999971849;1116;1 A;
211.551241465884;-1.099853515625;-0.10736083984375;11.1599999718237;1117;1 A;
211.561241465859;-1.099853515625;-0.10748291015625;11.1699999717985;1118;1 A;
211.571241465834;-1.099853515625;-0.10736083984375;11.1799999717732;1119;1 A;
211.581241465809;-1.09954833984375;-0.107421875;11.189999971748;1120;1 A;
211.591241465783;-1.0992431640625;-0.107391357421875;11.1999999717227;1121;1 A;
211.601241465758;-1.0992431640625;-0.107391357421875;11.2099999716975;1122;1 A;
211.611241465733;-1.0992431640625;-0.107452392578125;11.2199999716722;1123;1 A;
211.621241465708;-1.099853515625;-0.107421875;11.229999971647;1124;1 A;
211.631241465682;-1.0992431640625;-0.107452392578125;11.2399999716217;1125;1 A;
211.641241465657;-1.0992431640625;-0.10748291015625;11.2499999715965;1126;1 A;
211.651241465632;-1.09954833984375;-0.107421875;11.2599999715712;1127;1 A;
211.661241465607;-1.0992431640625;-0.1075439453125;11.269999971546;1128;1 A;
211.671241465581;-1.09954833984375;-0.107452392578125;11.2799999715207;1129;1 A;
211.681241465556;-1.0992431640625;-0.10748291015625;11.2899999714955;1130;1 A;
211.691241465531;-1.099853515625;-0.107513427734375;11.2999999714702;1131;1 A;
211.701241465506;-1.099853515625;-0.107452392578125;11.309999971445;1132;1 A;
211.71124146548;-1.09954833984375;-0.1075439453125;11.3199999714197;1133;1 A;
211.721241465455;-1.09954833984375;-0.10748291015625;11.3299999713945;1134;1 A;
211.73124146543;-1.0992431640625;-0.1075439453125;11.3399999713693;1135;1 A;
211.741241465405;-1.09954833984375;-0.1075439453125;11.349999971344;1136;1 A;
211.75124146538;-1.0992431640625;-0.1075439453125;11.3599999713188;1137;1 A;
211.761241465354;-1.09954833984375;-0.107574462890625;11.3699999712935;1138;1 A;
211.771241465329;-1.0992431640625;-0.10760498046875;11.3799999712683;1139;1 A;
211.781241465304;-1.09954833984375;-0.107635498046875;11.389999971243;1140;1 A;
211.791241465279;-1.09954833984375;-0.107666015625;11.3999999712178;1141;1 A;
211.801241465253;-1.10015869140625;-0.107635498046875;11.4099999711925;1142;1 A;
211.811241465228;-1.099853515625;-0.10772705078125;11.4199999711673;1143;1 A;
211.821241465203;-1.0992431640625;-0.107666015625;11.429999971142;1144;1 A;
211.831241465178;-1.099853515625;-0.10772705078125;11.4399999711168;1145;1 A;
211.841241465152;-1.0992431640625;-0.10772705078125;11.4499999710915;1146;1 A;
211.851241465127;-1.09954833984375;-0.10772705078125;11.4599999710663;1147;1 A;
211.861241465102;-1.0992431640625;-0.107757568359375;11.469999971041;1148;1 A;
211.871241465077;-1.0992431640625;-0.1077880859375;11.4799999710158;1149;1 A;
211.881241465051;-1.09954833984375;-0.107818603515625;11.4899999709905;1150;1 A;
211.891241465026;-1.0992431640625;-0.107879638671875;11.4999999709653;1151;1 A;
211.901241465001;-1.099853515625;-0.107879638671875;11.50999997094;1152;1 A;
211.911241464976;-1.099853515625;-0.10797119140625;11.5199999709148;1153;1 A;
211.92124146495;-1.0992431640625;-0.107940673828125;11.5299999708895;1154;1 A;
211.931241464925;-1.0992431640625;-0.1080322265625;11.5399999708643;1155;1 A;
211.9412414649;-1.09954833984375;-0.108062744140625;11.5499999708391;1156;1 A;
211.951241464875;-1.099853515625;-0.108062744140625;11.5599999708138;1157;1 A;
211.961241464849;-1.0992431640625;-0.108123779296875;11.5699999707886;1158;1 A;
211.971241464824;-1.0992431640625;-0.10809326171875;11.5799999707633;1159;1 A;
211.981241464799;-1.099853515625;-0.108154296875;11.5899999707381;1160;1 A;
211.991241464774;-1.09954833984375;-0.108154296875;11.5999999707128;1161;1 A;
212.001241464748;-1.09954833984375;-0.10821533203125;11.6099999706876;1162;1 A;
212.011241464723;-1.09954833984375;-0.108245849609375;11.6199999706623;1163;1 A;
212.021241464698;-1.09893798828125;-0.1082763671875;11.6299999706371;1164;1 A;
212.031241464673;-1.09954833984375;-0.10833740234375;11.6399999706118;1165;1 A;
212.041241464647;-1.0992431640625;-0.108428955078125;11.6499999705866;1166;1 A;
212.051241464622;-1.099853515625;-0.108428955078125;11.6599999705613;1167;1 A;
212.061241464597;-1.09954833984375;-0.1085205078125;11.6699999705361;1168;1 A;
212.071241464572;-1.09954833984375;-0.10845947265625;11.6799999705108;1169;1 A;
212.081241464546;-1.09954833984375;-0.10858154296875;11.6899999704856;1170;1 A;
212.091241464521;-1.0992431640625;-0.10858154296875;11.6999999704603;1171;1 A;
212.101241464496;-1.099853515625;-0.108612060546875;11.7099999704351;1172;1 A;
212.111241464471;-1.09954833984375;-0.108612060546875;11.7199999704098;1173;1 A;
212.121241464445;-1.0992431640625;-0.108642578125;11.7299999703846;1174;1 A;
212.13124146442;-1.09954833984375;-0.108673095703125;11.7399999703593;1175;1 A;
212.141241464395;-1.09893798828125;-0.108734130859375;11.7499999703341;1176;1 A;
212.15124146437;-1.0992431640625;-0.1087646484375;11.7599999703089;1177;1 A;
212.161241464344;-1.10015869140625;-0.108856201171875;11.7699999702836;1178;1 A;
212.171241464319;-1.09954833984375;-0.108856201171875;11.7799999702584;1179;1 A;
212.181241464294;-1.09893798828125;-0.10894775390625;11.7899999702331;1180;1 A;
212.191241464269;-1.09893798828125;-0.108978271484375;11.7999999702079;1181;1 A;
212.201241464243;-1.0992431640625;-0.109039306640625;11.8099999701826;1182;1 A;
212.211241464218;-1.09954833984375;-0.10906982421875;11.8199999701574;1183;1 A;
212.221241464193;-1.09954833984375;-0.10906982421875;11.8299999701321;1184;1 A;
212.231241464168;-1.0992431640625;-0.109161376953125;11.8399999701069;1185;1 A;
212.241241464142;-1.09954833984375;-0.109130859375;11.8499999700816;1186;1 A;
212.251241464117;-1.0992431640625;-0.109222412109375;11.8599999700564;1187;1 A;
212.261241464092;-1.09954833984375;-0.1092529296875;11.8699999700311;1188;1 A;
212.271241464067;-1.09954833984375;-0.109283447265625;11.8799999700059;1189;1 A;
212.281241464041;-1.0992431640625;-0.109344482421875;11.8899999699806;1190;1 A;
212.291241464016;-1.09954833984375;-0.109405517578125;11.8999999699554;1191;1 A;
212.301241463991;-1.099853515625;-0.10943603515625;11.9099999699301;1192;1 A;
212.311241463966;-1.09954833984375;-0.10955810546875;11.9199999699049;1193;1 A;
212.32124146394;-1.09954833984375;-0.1094970703125;11.9299999698796;1194;1 A;
212.331241463915;-1.09954833984375;-0.109588623046875;11.9399999698544;1195;1 A;
212.34124146389;-1.09954833984375;-0.109619140625;11.9499999698292;1196;1 A;
212.351241463865;-1.099853515625;-0.10968017578125;11.9599999698039;1197;1 A;
212.361241463839;-1.09954833984375;-0.109710693359375;11.9699999697787;1198;1 A;
212.371241463814;-1.0986328125;-0.1097412109375;11.9799999697534;1199;1 A;
212.381241463789;-1.09954833984375;-0.109710693359375;11.9899999697282;1200;1 A;
212.391241463764;-1.09954833984375;-0.109832763671875;11.9999999697029;1201;1 A;
212.401241463738;-1.099853515625;-0.10980224609375;12.0099999696777;1202;1 A;
212.411241463713;-1.099853515625;-0.109893798828125;12.0199999696524;1203;1 A;
212.421241463688;-1.09954833984375;-0.109893798828125;12.0299999696272;1204;1 A;
212.431241463663;-1.0992431640625;-0.10992431640625;12.0399999696019;1205;1 A;
212.441241463637;-1.09954833984375;-0.110015869140625;12.0499999695767;1206;1 A;
212.451241463612;-1.0992431640625;-0.11004638671875;12.0599999695514;1207;1 A;
212.461241463587;-1.09954833984375;-0.110137939453125;12.0699999695262;1208;1 A;
212.471241463562;-1.099853515625;-0.110137939453125;12.0799999695009;1209;1 A;
212.481241463536;-1.09954833984375;-0.110198974609375;12.0899999694757;1210;1 A;
212.491241463511;-1.09954833984375;-0.1102294921875;12.0999999694504;1211;1 A;
212.501241463486;-1.09954833984375;-0.110260009765625;12.1099999694252;1212;1 A;
212.511241463461;-1.09954833984375;-0.110321044921875;12.1199999693999;1213;1 A;
212.521241463435;-1.09954833984375;-0.1103515625;12.1299999693747;1214;1 A;
212.53124146341;-1.0992431640625;-0.110321044921875;12.1399999693494;1215;1 A;
212.541241463385;-1.0992431640625;-0.110443115234375;12.1499999693242;1216;1 A;
212.55124146336;-1.09954833984375;-0.110382080078125;12.159999969299;1217;1 A;
212.561241463334;-1.0992431640625;-0.11053466796875;12.1699999692737;1218;1 A;
212.571241463309;-1.09954833984375;-0.1104736328125;12.1799999692485;1219;1 A;
212.581241463284;-1.099853515625;-0.11053466796875;12.1899999692232;1220;1 A;
212.591241463259;-1.099853515625;-0.110595703125;12.199999969198;1221;1 A;
212.601241463233;-1.0992431640625;-0.110595703125;12.2099999691727;1222;1 A;
212.611241463208;-1.0992431640625;-0.110687255859375;12.2199999691475;1223;1 A;
212.621241463183;-1.0992431640625;-0.110687255859375;12.2299999691222;1224;1 A;
212.631241463158;-1.0992431640625;-0.110687255859375;12.239999969097;1225;1 A;
212.641241463132;-1.09954833984375;-0.11077880859375;12.2499999690717;1226;1 A;
212.651241463107;-1.0992431640625;-0.1107177734375;12.2599999690465;1227;1 A;
212.661241463082;-1.09893798828125;-0.11083984375;12.2699999690212;1228;1 A;
212.671241463057;-1.09954833984375;-0.11077880859375;12.279999968996;1229;1 A;
212.681241463031;-1.09954833984375;-0.11077880859375;12.2899999689707;1230;1 A;
212.691241463006;-1.10015869140625;-0.11083984375;12.2999999689455;1231;1 A;
212.701241462981;-1.0992431640625;-0.110809326171875;12.3099999689202;1232;1 A;
212.711241462956;-1.09954833984375;-0.110931396484375;12.319999968895;1233;1 A;
212.72124146293;-1.09954833984375;-0.11090087890625;12.3299999688697;1234;1 A;
212.731241462905;-1.09954833984375;-0.110931396484375;12.3399999688445;1235;1 A;
212.74124146288;-1.09954833984375;-0.110992431640625;12.3499999688192;1236;1 A;
212.751241462855;-1.0992431640625;-0.1109619140625;12.359999968794;1237;1 A;
212.76124146283;-1.0992431640625;-0.111083984375;12.3699999687688;1238;1 A;
212.771241462804;-1.09954833984375;-0.111053466796875;12.3799999687435;1239;1 A;
212.781241462779;-1.09954833984375;-0.11102294921875;12.3899999687183;1240;1 A;
212.791241462754;-1.0992431640625;-0.111114501953125;12.399999968693;1241;1 A;
212.801241462729;-1.09954833984375;-0.111053466796875;12.4099999686678;1242;1 A;
212.811241462703;-1.09893798828125;-0.111175537109375;12.4199999686425;1243;1 A;
212.821241462678;-1.099853515625;-0.111114501953125;12.4299999686173;1244;1 A;
212.831241462653;-1.099853515625;-0.11114501953125;12.439999968592;1245;1 A;
212.841241462628;-1.099853515625;-0.111175537109375;12.4499999685668;1246;1 A;
212.851241462602;-1.09893798828125;-0.11114501953125;12.4599999685415;1247;1 A;
212.861241462577;-1.09954833984375;-0.11126708984375;12.4699999685163;1248;1 A;
212.871241462552;-1.09954833984375;-0.111175537109375;12.479999968491;1249;1 A;
212.881241462527;-1.09954833984375;-0.111236572265625;12.4899999684658;1250;1 A;
212.891241462501;-1.0992431640625;-0.11126708984375;12.4999999684405;1251;1 A;
212.901241462476;-1.09954833984375;-0.1112060546875;12.5099999684153;1252;1 A;
212.911241462451;-1.09954833984375;-0.111328125;12.51999996839;1253;1 A;
212.921241462426;-1.09893798828125;-0.111236572265625;12.5299999683648;1254;1 A;
212.9312414624;-1.09954833984375;-0.111236572265625;12.5399999683395;1255;1 A;
212.941241462375;-1.099853515625;-0.111328125;12.5499999683143;1256;1 A;
212.95124146235;-1.09954833984375;-0.1112060546875;12.559999968289;1257;1 A;
212.961241462325;-1.09954833984375;-0.111358642578125;12.5699999682638;1258;1 A;
212.971241462299;-1.09893798828125;-0.111236572265625;12.5799999682386;1259;1 A;
212.981241462274;-1.09954833984375;-0.111328125;12.5899999682133;1260;1 A;
212.991241462249;-1.0992431640625;-0.111328125;12.5999999681881;1261;1 A;
213.001241462224;-1.09893798828125;-0.111297607421875;12.6099999681628;1262;1 A;
213.011241462198;-1.09954833984375;-0.11138916015625;12.6199999681376;1263;1 A;
213.021241462173;-1.0992431640625;-0.111358642578125;12.6299999681123;1264;1 A;
213.031241462148;-1.0992431640625;-0.11138916015625;12.6399999680871;1265;1 A;
213.041241462123;-1.0992431640625;-0.11138916015625;12.6499999680618;1266;1 A;
213.051241462097;-1.099853515625;-0.111358642578125;12.6599999680366;1267;1 A;
213.061241462072;-1.09893798828125;-0.1114501953125;12.6699999680113;1268;1 A;
213.071241462047;-1.09954833984375;-0.111358642578125;12.6799999679861;1269;1 A;
213.081241462022;-1.09954833984375;-0.1114501953125;12.6899999679608;1270;1 A;
213.091241461996;-1.0992431640625;-0.111419677734375;12.6999999679356;1271;1 A;
213.101241461971;-1.0992431640625;-0.11138916015625;12.7099999679103;1272;1 A;
213.111241461946;-1.0992431640625;-0.1114501953125;12.7199999678851;1273;1 A;
213.121241461921;-1.09954833984375;-0.11138916015625;12.7299999678598;1274;1 A;
213.131241461895;-1.09954833984375;-0.1114501953125;12.7399999678346;1275;1 A;
213.14124146187;-1.0992431640625;-0.11138916015625;12.7499999678093;1276;1 A;
213.151241461845;-1.09954833984375;-0.111419677734375;12.7599999677841;1277;1 A;
213.16124146182;-1.099853515625;-0.111419677734375;12.7699999677588;1278;1 A;
213.171241461794;-1.09954833984375;-0.11138916015625;12.7799999677336;1279;1 A;
213.181241461769;-1.09893798828125;-0.1114501953125;12.7899999677084;1280;1 A;
213.191241461744;-1.09893798828125;-0.1114501953125;12.7999999676831;1281;1 A;
213.201241461719;-1.099853515625;-0.111419677734375;12.8099999676579;1282;1 A;
213.211241461693;-1.0992431640625;-0.111480712890625;12.8199999676326;1283;1 A;
213.221241461668;-1.099853515625;-0.11138916015625;12.8299999676074;1284;1 A;
213.231241461643;-1.09954833984375;-0.11151123046875;12.8399999675821;1285;1 A;
213.241241461618;-1.0992431640625;-0.11138916015625;12.8499999675569;1286;1 A;
213.251241461592;-1.099853515625;-0.1114501953125;12.8599999675316;1287;1 A;
213.261241461567;-1.0992431640625;-0.111419677734375;12.8699999675064;1288;1 A;
213.271241461542;-1.099853515625;-0.11138916015625;12.8799999674811;1289;1 A;
213.281241461517;-1.10015869140625;-0.111419677734375;12.8899999674559;1290;1 A;
213.291241461491;-1.09954833984375;-0.111419677734375;12.8999999674306;1291;1 A;
213.301241461466;-1.0992431640625;-0.111419677734375;12.9099999674054;1292;1 A;
213.311241461441;-1.09954833984375;-0.111480712890625;12.9199999673801;1293;1 A;
213.321241461416;-1.0992431640625;-0.1114501953125;12.9299999673549;1294;1 A;
213.33124146139;-1.09954833984375;-0.1114501953125;12.9399999673296;1295;1 A;
213.341241461365;-1.0992431640625;-0.1114501953125;12.9499999673044;1296;1 A;
213.35124146134;-1.09954833984375;-0.1114501953125;12.9599999672791;1297;1 A;
213.361241461315;-1.09954833984375;-0.111480712890625;12.9699999672539;1298;1 A;
213.371241461289;-1.09954833984375;-0.11138916015625;12.9799999672287;1299;1 A;
213.381241461264;-1.0992431640625;-0.111480712890625;12.9899999672034;1300;1 A;
213.391241461239;-1.09954833984375;-0.11138916015625;12.9999999671782;1301;1 A;
213.401241461214;-1.09893798828125;-0.1114501953125;13.0099999671529;1302;1 A;
213.411241461188;-1.09954833984375;-0.11138916015625;13.0199999671277;1303;1 A;
213.421241461163;-1.0992431640625;-0.111419677734375;13.0299999671024;1304;1 A;
213.431241461138;-1.0992431640625;-0.11138916015625;13.0399999670772;1305;1 A;
213.441241461113;-1.09954833984375;-0.1114501953125;13.0499999670519;1306;1 A;
213.451241461087;-1.0992431640625;-0.11138916015625;13.0599999670267;1307;1 A;
213.461241461062;-1.0992431640625;-0.1114501953125;13.0699999670014;1308;1 A;
213.471241461037;-1.099853515625;-0.111358642578125;13.0799999669762;1309;1 A;
213.481241461012;-1.0986328125;-0.111419677734375;13.0899999669509;1310;1 A;
213.491241460986;-1.0992431640625;-0.111358642578125;13.0999999669257;1311;1 A;
213.501241460961;-1.09893798828125;-0.11138916015625;13.1099999669004;1312;1 A;
213.511241460936;-1.099853515625;-0.111358642578125;13.1199999668752;1313;1 A;
213.521241460911;-1.09954833984375;-0.111297607421875;13.1299999668499;1314;1 A;
213.531241460885;-1.099853515625;-0.111297607421875;13.1399999668247;1315;1 A;
213.54124146086;-1.09954833984375;-0.111297607421875;13.1499999667994;1316;1 A;
213.551241460835;-1.09954833984375;-0.111328125;13.1599999667742;1317;1 A;
213.56124146081;-1.09954833984375;-0.111297607421875;13.1699999667489;1318;1 A;
213.571241460784;-1.09954833984375;-0.111297607421875;13.1799999667237;1319;1 A;
213.581241460759;-1.10015869140625;-0.11126708984375;13.1899999666985;1320;1 A;
213.591241460734;-1.09954833984375;-0.111328125;13.1999999666732;1321;1 A;
213.601241460709;-1.09954833984375;-0.111297607421875;13.209999966648;1322;1 A;
213.611241460683;-1.099853515625;-0.111328125;13.2199999666227;1323;1 A;
213.621241460658;-1.0992431640625;-0.111236572265625;13.2299999665975;1324;1 A;
213.631241460633;-1.0992431640625;-0.11126708984375;13.2399999665722;1325;1 A;
213.641241460608;-1.099853515625;-0.1112060546875;13.249999966547;1326;1 A;
213.651241460582;-1.0992431640625;-0.111236572265625;13.2599999665217;1327;1 A;
213.661241460557;-1.0992431640625;-0.111175537109375;13.2699999664965;1328;1 A;
213.671241460532;-1.09954833984375;-0.1112060546875;13.2799999664712;1329;1 A;
213.681241460507;-1.09954833984375;-0.111083984375;13.289999966446;1330;1 A;
213.691241460481;-1.09954833984375;-0.111175537109375;13.2999999664207;1331;1 A;
213.701241460456;-1.099853515625;-0.111114501953125;13.3099999663955;1332;1 A;
213.711241460431;-1.09954833984375;-0.111175537109375;13.3199999663702;1333;1 A;
213.721241460406;-1.0992431640625;-0.11114501953125;13.329999966345;1334;1 A;
213.73124146038;-1.0992431640625;-0.111114501953125;13.3399999663197;1335;1 A;
213.741241460355;-1.0992431640625;-0.11114501953125;13.3499999662945;1336;1 A;
213.75124146033;-1.0986328125;-0.11114501953125;13.3599999662692;1337;1 A;
213.761241460305;-1.0992431640625;-0.111175537109375;13.369999966244;1338;1 A;
213.771241460279;-1.09954833984375;-0.11114501953125;13.3799999662187;1339;1 A;
213.781241460254;-1.0992431640625;-0.111053466796875;13.3899999661935;1340;1 A;
213.791241460229;-1.09954833984375;-0.111083984375;13.3999999661683;1341;1 A;
213.801241460204;-1.0992431640625;-0.111053466796875;13.409999966143;1342;1 A;
213.811241460179;-1.09954833984375;-0.111053466796875;13.4199999661178;1343;1 A;
213.821241460153;-1.09954833984375;-0.11102294921875;13.4299999660925;1344;1 A;
213.831241460128;-1.09954833984375;-0.110931396484375;13.4399999660673;1345;1 A;
213.841241460103;-1.0992431640625;-0.11102294921875;13.449999966042;1346;1 A;
213.851241460078;-1.09954833984375;-0.1109619140625;13.4599999660168;1347;1 A;
213.861241460052;-1.0992431640625;-0.111083984375;13.4699999659915;1348;1 A;
213.871241460027;-1.099853515625;-0.11102294921875;13.4799999659663;1349;1 A;
213.881241460002;-1.09954833984375;-0.11102294921875;13.489999965941;1350;1 A;
213.891241459977;-1.099853515625;-0.111053466796875;13.4999999659158;1351;1 A;
213.901241459951;-1.099853515625;-0.111053466796875;13.5099999658905;1352;1 A;
213.911241459926;-1.099853515625;-0.111053466796875;13.5199999658653;1353;1 A;
213.921241459901;-1.099853515625;-0.111053466796875;13.52999996584;1354;1 A;
213.931241459876;-1.09954833984375;-0.110931396484375;13.5399999658148;1355;1 A;
213.94124145985;-1.09954833984375;-0.11102294921875;13.5499999657895;1356;1 A;
213.951241459825;-1.0992431640625;-0.110870361328125;13.5599999657643;1357;1 A;
213.9612414598;-1.09954833984375;-0.110992431640625;13.569999965739;1358;1 A;
213.971241459775;-1.0992431640625;-0.11090087890625;13.5799999657138;1359;1 A;
213.981241459749;-1.0992431640625;-0.11090087890625;13.5899999656885;1360;1 A;
213.991241459724;-1.09954833984375;-0.110992431640625;13.5999999656633;1361;1 A;
214.001241459699;-1.0992431640625;-0.110931396484375;13.6099999656381;1362;1 A;
214.011241459674;-1.0992431640625;-0.111053466796875;13.6199999656128;1363;1 A;
214.021241459648;-1.0992431640625;-0.111053466796875;13.6299999655876;1364;1 A;
214.031241459623;-1.09893798828125;-0.111053466796875;13.6399999655623;1365;1 A;
214.041241459598;-1.09954833984375;-0.111114501953125;13.6499999655371;1366;1 A;
214.051241459573;-1.09954833984375;-0.111053466796875;13.6599999655118;1367;1 A;
214.061241459547;-1.09954833984375;-0.111114501953125;13.6699999654866;1368;1 A;
214.071241459522;-1.09954833984375;-0.111114501953125;13.6799999654613;1369;1 A;
214.081241459497;-1.09954833984375;-0.111053466796875;13.6899999654361;1370;1 A;
214.091241459472;-1.09893798828125;-0.11114501953125;13.6999999654108;1371;1 A;
214.101241459446;-1.0992431640625;-0.11102294921875;13.7099999653856;1372;1 A;
214.111241459421;-1.0992431640625;-0.111175537109375;13.7199999653603;1373;1 A;
214.121241459396;-1.09954833984375;-0.111083984375;13.7299999653351;1374;1 A;
214.131241459371;-1.09893798828125;-0.111175537109375;13.7399999653098;1375;1 A;
214.141241459345;-1.099853515625;-0.111175537109375;13.7499999652846;1376;1 A;
214.15124145932;-1.0992431640625;-0.11114501953125;13.7599999652593;1377;1 A;
214.161241459295;-1.0992431640625;-0.11126708984375;13.7699999652341;1378;1 A;
214.17124145927;-1.09954833984375;-0.11126708984375;13.7799999652088;1379;1 A;
214.181241459244;-1.0992431640625;-0.111236572265625;13.7899999651836;1380;1 A;
214.191241459219;-1.09954833984375;-0.111297607421875;13.7999999651583;1381;1 A;
214.201241459194;-1.0992431640625;-0.1112060546875;13.8099999651331;1382;1 A;
214.211241459169;-1.09954833984375;-0.111328125;13.8199999651079;1383;1 A;
214.221241459143;-1.09954833984375;-0.111236572265625;13.8299999650826;1384;1 A;
214.231241459118;-1.0992431640625;-0.11126708984375;13.8399999650574;1385;1 A;
214.241241459093;-1.099853515625;-0.111297607421875;13.8499999650321;1386;1 A;
214.251241459068;-1.09954833984375;-0.11126708984375;13.8599999650069;1387;1 A;
214.261241459042;-1.09954833984375;-0.111358642578125;13.8699999649816;1388;1 A;
214.271241459017;-1.0992431640625;-0.111328125;13.8799999649564;1389;1 A;
214.281241458992;-1.09893798828125;-0.11138916015625;13.8899999649311;1390;1 A;
214.291241458967;-1.0992431640625;-0.11138916015625;13.8999999649059;1391;1 A;
214.301241458941;-1.0992431640625;-0.11138916015625;13.9099999648806;1392;1 A;
214.311241458916;-1.0992431640625;-0.1114501953125;13.9199999648554;1393;1 A;
214.321241458891;-1.099853515625;-0.1114501953125;13.9299999648301;1394;1 A;
214.331241458866;-1.0992431640625;-0.1114501953125;13.9399999648049;1395;1 A;
214.34124145884;-1.099853515625;-0.111480712890625;13.9499999647796;1396;1 A;
214.351241458815;-1.0992431640625;-0.111419677734375;13.9599999647544;1397;1 A;
214.36124145879;-1.0992431640625;-0.111541748046875;13.9699999647291;1398;1 A;
214.371241458765;-1.09954833984375;-0.1114501953125;13.9799999647039;1399;1 A;
214.381241458739;-1.09954833984375;-0.11151123046875;13.9899999646786;1400;1 A;
214.391241458714;-1.099853515625;-0.111480712890625;13.9999999646534;1401;1 A;
214.401241458689;-1.099853515625;-0.111480712890625;14.0099999646282;1402;1 A;
214.411241458664;-1.09954833984375;-0.111541748046875;14.0199999646029;1403;1 A;
214.421241458638;-1.09954833984375;-0.11151123046875;14.0299999645777;1404;1 A;
214.431241458613;-1.09954833984375;-0.11151123046875;14.0399999645524;1405;1 A;
214.441241458588;-1.09954833984375;-0.111572265625;14.0499999645272;1406;1 A;
214.451241458563;-1.0992431640625;-0.111541748046875;14.0599999645019;1407;1 A;
214.461241458537;-1.09954833984375;-0.111602783203125;14.0699999644767;1408;1 A;
214.471241458512;-1.09954833984375;-0.111541748046875;14.0799999644514;1409;1 A;
214.481241458487;-1.0992431640625;-0.111572265625;14.0899999644262;1410;1 A;
214.491241458462;-1.099853515625;-0.111572265625;14.0999999644009;1411;1 A;
214.501241458436;-1.099853515625;-0.111541748046875;14.1099999643757;1412;1 A;
214.511241458411;-1.09954833984375;-0.111602783203125;14.1199999643504;1413;1 A;
214.521241458386;-1.099853515625;-0.11151123046875;14.1299999643252;1414;1 A;
214.531241458361;-1.0992431640625;-0.111572265625;14.1399999642999;1415;1 A;
214.541241458335;-1.09954833984375;-0.111541748046875;14.1499999642747;1416;1 A;
214.55124145831;-1.099853515625;-0.111572265625;14.1599999642494;1417;1 A;
214.561241458285;-1.09954833984375;-0.111572265625;14.1699999642242;1418;1 A;
214.57124145826;-1.09893798828125;-0.111541748046875;14.1799999641989;1419;1 A;
214.581241458234;-1.09954833984375;-0.111572265625;14.1899999641737;1420;1 A;
214.591241458209;-1.09954833984375;-0.111572265625;14.1999999641484;1421;1 A;
214.601241458184;-1.099853515625;-0.111572265625;14.2099999641232;1422;1 A;
214.611241458159;-1.09954833984375;-0.111602783203125;14.219999964098;1423;1 A;
214.621241458133;-1.09954833984375;-0.11151123046875;14.2299999640727;1424;1 A;
214.631241458108;-1.0992431640625;-0.111602783203125;14.2399999640475;1425;1 A;
214.641241458083;-1.099853515625;-0.111541748046875;14.2499999640222;1426;1 A;
214.651241458058;-1.0992431640625;-0.111541748046875;14.259999963997;1427;1 A;
214.661241458032;-1.099853515625;-0.111572265625;14.2699999639717;1428;1 A;
214.671241458007;-1.09893798828125;-0.111541748046875;14.2799999639465;1429;1 A;
214.681241457982;-1.0992431640625;-0.111541748046875;14.2899999639212;1430;1 A;
214.691241457957;-1.09954833984375;-0.111572265625;14.299999963896;1431;1 A;
214.701241457931;-1.09893798828125;-0.111572265625;14.3099999638707;1432;1 A;
214.711241457906;-1.09954833984375;-0.111602783203125;14.3199999638455;1433;1 A;
214.721241457881;-1.10015869140625;-0.111572265625;14.3299999638202;1434;1 A;
214.731241457856;-1.09954833984375;-0.111602783203125;14.339999963795;1435;1 A;
214.74124145783;-1.09954833984375;-0.111602783203125;14.3499999637697;1436;1 A;
214.751241457805;-1.09954833984375;-0.111602783203125;14.3599999637445;1437;1 A;
214.76124145778;-1.09893798828125;-0.111663818359375;14.3699999637192;1438;1 A;
214.771241457755;-1.0992431640625;-0.111602783203125;14.379999963694;1439;1 A;
214.781241457729;-1.09954833984375;-0.11163330078125;14.3899999636687;1440;1 A;
214.791241457704;-1.09954833984375;-0.111572265625;14.3999999636435;1441;1 A;
214.801241457679;-1.0992431640625;-0.111602783203125;14.4099999636182;1442;1 A;
214.811241457654;-1.0986328125;-0.111602783203125;14.419999963593;1443;1 A;
214.821241457629;-1.0992431640625;-0.111602783203125;14.4299999635678;1444;1 A;
214.831241457603;-1.09954833984375;-0.111572265625;14.4399999635425;1445;1 A;
214.841241457578;-1.0992431640625;-0.111602783203125;14.4499999635173;1446;1 A;
214.851241457553;-1.099853515625;-0.111602783203125;14.459999963492;1447;1 A;
214.861241457528;-1.09954833984375;-0.11163330078125;14.4699999634668;1448;1 A;
214.871241457502;-1.099853515625;-0.111572265625;14.4799999634415;1449;1 A;
214.881241457477;-1.0992431640625;-0.111602783203125;14.4899999634163;1450;1 A;
214.891241457452;-1.0992431640625;-0.111602783203125;14.499999963391;1451;1 A;
214.901241457427;-1.09954833984375;-0.111602783203125;14.5099999633658;1452;1 A;
214.911241457401;-1.09954833984375;-0.11163330078125;14.5199999633405;1453;1 A;
214.921241457376;-1.09954833984375;-0.111602783203125;14.5299999633153;1454;1 A;
214.931241457351;-1.099853515625;-0.111602783203125;14.53999996329;1455;1 A;
214.941241457326;-1.09954833984375;-0.111602783203125;14.5499999632648;1456;1 A;
214.9512414573;-1.099853515625;-0.111602783203125;14.5599999632395;1457;1 A;
214.961241457275;-1.0992431640625;-0.11163330078125;14.5699999632143;1458;1 A;
214.97124145725;-1.0992431640625;-0.11163330078125;14.579999963189;1459;1 A;
214.981241457225;-1.099853515625;-0.11163330078125;14.5899999631638;1460;1 A;
214.991241457199;-1.099853515625;-0.111663818359375;14.5999999631385;1461;1 A;
215.001241457174;-1.09954833984375;-0.11163330078125;14.6099999631133;1462;1 A;
215.011241457149;-1.09893798828125;-0.111663818359375;14.619999963088;1463;1 A;
215.021241457124;-1.0992431640625;-0.111663818359375;14.6299999630628;1464;1 A;
215.031241457098;-1.09954833984375;-0.11163330078125;14.6399999630376;1465;1 A;
215.041241457073;-1.09954833984375;-0.11163330078125;14.6499999630123;1466;1 A;
215.051241457048;-1.0992431640625;-0.111663818359375;14.6599999629871;1467;1 A;
215.061241457023;-1.0992431640625;-0.111663818359375;14.6699999629618;1468;1 A;
215.071241456997;-1.099853515625;-0.111663818359375;14.6799999629366;1469;1 A;
215.081241456972;-1.0992431640625;-0.111602783203125;14.6899999629113;1470;1 A;
215.091241456947;-1.099853515625;-0.11163330078125;14.6999999628861;1471;1 A;
215.101241456922;-1.09893798828125;-0.111602783203125;14.7099999628608;1472;1 A;
215.111241456896;-1.09954833984375;-0.11163330078125;14.7199999628356;1473;1 A;
215.121241456871;-1.0992431640625;-0.11163330078125;14.7299999628103;1474;1 A;
215.131241456846;-1.09954833984375;-0.111602783203125;14.7399999627851;1475;1 A;
215.141241456821;-1.09954833984375;-0.11163330078125;14.7499999627598;1476;1 A;
215.151241456795;-1.09954833984375;-0.111602783203125;14.7599999627346;1477;1 A;
215.16124145677;-1.0992431640625;-0.111663818359375;14.7699999627093;1478;1 A;
215.171241456745;-1.0992431640625;-0.111663818359375;14.7799999626841;1479;1 A;
215.18124145672;-1.09954833984375;-0.111663818359375;14.7899999626588;1480;1 A;
215.191241456694;-1.09954833984375;-0.111663818359375;14.7999999626336;1481;1 A;
215.201241456669;-1.0992431640625;-0.11163330078125;14.8099999626083;1482;1 A;
215.211241456644;-1.09954833984375;-0.1116943359375;14.8199999625831;1483;1 A;
215.221241456619;-1.09893798828125;-0.1116943359375;14.8299999625578;1484;1 A;
215.231241456593;-1.0992431640625;-0.11163330078125;14.8399999625326;1485;1 A;
215.241241456568;-1.09893798828125;-0.1116943359375;14.8499999625074;1486;1 A;
215.251241456543;-1.09893798828125;-0.11163330078125;14.8599999624821;1487;1 A;
215.261241456518;-1.09893798828125;-0.111724853515625;14.8699999624569;1488;1 A;
215.271241456492;-1.0992431640625;-0.1116943359375;14.8799999624316;1489;1 A;
215.281241456467;-1.09954833984375;-0.1116943359375;14.8899999624064;1490;1 A;
215.291241456442;-1.09954833984375;-0.1116943359375;14.8999999623811;1491;1 A;
215.301241456417;-1.09893798828125;-0.1116943359375;14.9099999623559;1492;1 A;
215.311241456391;-1.09954833984375;-0.11175537109375;14.9199999623306;1493;1 A;
215.321241456366;-1.09954833984375;-0.111724853515625;14.9299999623054;1494;1 A;
215.331241456341;-1.099853515625;-0.111724853515625;14.9399999622801;1495;1 A;
215.341241456316;-1.099853515625;-0.111785888671875;14.9499999622549;1496;1 A;
215.35124145629;-1.09954833984375;-0.1116943359375;14.9599999622296;1497;1 A;
215.361241456265;-1.0992431640625;-0.111785888671875;14.9699999622044;1498;1 A;
215.37124145624;-1.09954833984375;-0.111724853515625;14.9799999621791;1499;1 A;
215.381241456215;-1.0992431640625;-0.111724853515625;14.9899999621539;1500;1 A;
